date,cash,pending_settlement,invested,equity,positions,safe_mode
2019-01-02,100000.0,0.0,0.0,100000.0,0,False
2019-01-03,100000.0,0.0,0.0,100000.0,0,False
2019-01-04,100000.0,0.0,0.0,100000.0,0,False
2019-01-07,100000.0,0.0,0.0,100000.0,0,False
2019-01-08,100000.0,0.0,0.0,100000.0,0,False
2019-01-09,100000.0,0.0,0.0,100000.0,0,False
2019-01-10,100000.0,0.0,0.0,100000.0,0,False
2019-01-11,100000.0,0.0,0.0,100000.0,0,False
2019-01-14,100000.0,0.0,0.0,100000.0,0,False
2019-01-15,100000.0,0.0,0.0,100000.0,0,False
2019-01-16,100000.0,0.0,0.0,100000.0,0,False
2019-01-17,100000.0,0.0,0.0,100000.0,0,False
2019-01-18,100000.0,0.0,0.0,100000.0,0,False
2019-01-21,100000.0,0.0,0.0,100000.0,0,False
2019-01-22,100000.0,0.0,0.0,100000.0,0,False
2019-01-23,100000.0,0.0,0.0,100000.0,0,False
2019-01-24,100000.0,0.0,0.0,100000.0,0,False
2019-01-25,100000.0,0.0,0.0,100000.0,0,False
2019-01-28,100000.0,0.0,0.0,100000.0,0,False
2019-01-29,100000.0,0.0,0.0,100000.0,0,False
2019-01-30,100000.0,0.0,0.0,100000.0,0,False
2019-02-11,100000.0,0.0,0.0,100000.0,0,False
2019-02-12,100000.0,0.0,0.0,100000.0,0,False
2019-02-13,100000.0,0.0,0.0,100000.0,0,False
2019-02-14,100000.0,0.0,0.0,100000.0,0,False
2019-02-15,100000.0,0.0,0.0,100000.0,0,False
2019-02-18,100000.0,0.0,0.0,100000.0,0,False
2019-02-19,100000.0,0.0,0.0,100000.0,0,False
2019-02-20,100000.0,0.0,0.0,100000.0,0,False
2019-02-21,100000.0,0.0,0.0,100000.0,0,False
2019-02-22,100000.0,0.0,0.0,100000.0,0,False
2019-02-25,100000.0,0.0,0.0,100000.0,0,False
2019-02-26,100000.0,0.0,0.0,100000.0,0,False
2019-02-27,100000.0,0.0,0.0,100000.0,0,False
2019-03-04,100000.0,0.0,0.0,100000.0,0,False
2019-03-05,100000.0,0.0,0.0,100000.0,0,False
2019-03-06,100000.0,0.0,0.0,100000.0,0,False
2019-03-07,100000.0,0.0,0.0,100000.0,0,False
2019-03-08,100000.0,0.0,0.0,100000.0,0,False
2019-03-11,100000.0,0.0,0.0,100000.0,0,False
2019-03-12,100000.0,0.0,0.0,100000.0,0,False
2019-03-13,100000.0,0.0,0.0,100000.0,0,False
2019-03-14,100000.0,0.0,0.0,100000.0,0,False
2019-03-15,100000.0,0.0,0.0,100000.0,0,False
2019-03-18,100000.0,0.0,0.0,100000.0,0,False
2019-03-19,100000.0,0.0,0.0,100000.0,0,False
2019-03-20,100000.0,0.0,0.0,100000.0,0,False
2019-03-21,100000.0,0.0,0.0,100000.0,0,False
2019-03-22,100000.0,0.0,0.0,100000.0,0,False
2019-03-25,100000.0,0.0,0.0,100000.0,0,False
2019-03-26,100000.0,0.0,0.0,100000.0,0,False
2019-03-27,100000.0,0.0,0.0,100000.0,0,False
2019-03-28,100000.0,0.0,0.0,100000.0,0,False
2019-03-29,100000.0,0.0,0.0,100000.0,0,False
2019-04-01,100000.0,0.0,0.0,100000.0,0,False
2019-04-02,100000.0,0.0,0.0,100000.0,0,False
2019-04-03,100000.0,0.0,0.0,100000.0,0,False
2019-04-08,100000.0,0.0,0.0,100000.0,0,False
2019-04-09,100000.0,0.0,0.0,100000.0,0,False
2019-04-10,100000.0,0.0,0.0,100000.0,0,False
2019-04-11,100000.0,0.0,0.0,100000.0,0,False
2019-04-12,100000.0,0.0,0.0,100000.0,0,False
2019-04-15,100000.0,0.0,0.0,100000.0,0,False
2019-04-16,100000.0,0.0,0.0,100000.0,0,False
2019-04-17,100000.0,0.0,0.0,100000.0,0,False
2019-04-18,100000.0,0.0,0.0,100000.0,0,False
2019-04-19,100000.0,0.0,0.0,100000.0,0,False
2019-04-22,100000.0,0.0,0.0,100000.0,0,False
2019-04-23,100000.0,0.0,0.0,100000.0,0,False
2019-04-24,100000.0,0.0,0.0,100000.0,0,False
2019-04-25,100000.0,0.0,0.0,100000.0,0,False
2019-04-26,100000.0,0.0,0.0,100000.0,0,False
2019-04-29,100000.0,0.0,0.0,100000.0,0,False
2019-04-30,100000.0,0.0,0.0,100000.0,0,False
2019-05-02,100000.0,0.0,0.0,100000.0,0,False
2019-05-03,100000.0,0.0,0.0,100000.0,0,False
2019-05-06,100000.0,0.0,0.0,100000.0,0,False
2019-05-07,100000.0,0.0,0.0,100000.0,0,False
2019-05-08,100000.0,0.0,0.0,100000.0,0,False
2019-05-09,100000.0,0.0,0.0,100000.0,0,False
2019-05-10,100000.0,0.0,0.0,100000.0,0,False
2019-05-13,100000.0,0.0,0.0,100000.0,0,False
2019-05-14,100000.0,0.0,0.0,100000.0,0,False
2019-05-15,100000.0,0.0,0.0,100000.0,0,False
2019-05-16,100000.0,0.0,0.0,100000.0,0,False
2019-05-17,100000.0,0.0,0.0,100000.0,0,False
2019-05-20,100000.0,0.0,0.0,100000.0,0,False
2019-05-21,100000.0,0.0,0.0,100000.0,0,False
2019-05-22,100000.0,0.0,0.0,100000.0,0,False
2019-05-23,100000.0,0.0,0.0,100000.0,0,False
2019-05-24,100000.0,0.0,0.0,100000.0,0,False
2019-05-27,100000.0,0.0,0.0,100000.0,0,False
2019-05-28,100000.0,0.0,0.0,100000.0,0,False
2019-05-29,100000.0,0.0,0.0,100000.0,0,False
2019-05-30,100000.0,0.0,0.0,100000.0,0,False
2019-05-31,100000.0,0.0,0.0,100000.0,0,False
2019-06-03,100000.0,0.0,0.0,100000.0,0,False
2019-06-04,100000.0,0.0,0.0,100000.0,0,False
2019-06-05,100000.0,0.0,0.0,100000.0,0,False
2019-06-06,100000.0,0.0,0.0,100000.0,0,False
2019-06-10,100000.0,0.0,0.0,100000.0,0,False
2019-06-11,100000.0,0.0,0.0,100000.0,0,False
2019-06-12,100000.0,0.0,0.0,100000.0,0,False
2019-06-13,100000.0,0.0,0.0,100000.0,0,False
2019-06-14,100000.0,0.0,0.0,100000.0,0,False
2019-06-17,100000.0,0.0,0.0,100000.0,0,False
2019-06-18,100000.0,0.0,0.0,100000.0,0,False
2019-06-19,100000.0,0.0,0.0,100000.0,0,False
2019-06-20,100000.0,0.0,0.0,100000.0,0,False
2019-06-21,100000.0,0.0,0.0,100000.0,0,False
2019-06-24,100000.0,0.0,0.0,100000.0,0,False
2019-06-25,100000.0,0.0,0.0,100000.0,0,False
2019-06-26,100000.0,0.0,0.0,100000.0,0,False
2019-06-27,100000.0,0.0,0.0,100000.0,0,False
2019-06-28,100000.0,0.0,0.0,100000.0,0,False
2019-07-01,100000.0,0.0,0.0,100000.0,0,False
2019-07-02,100000.0,0.0,0.0,100000.0,0,False
2019-07-03,100000.0,0.0,0.0,100000.0,0,False
2019-07-04,100000.0,0.0,0.0,100000.0,0,False
2019-07-05,100000.0,0.0,0.0,100000.0,0,False
2019-07-08,100000.0,0.0,0.0,100000.0,0,False
2019-07-09,100000.0,0.0,0.0,100000.0,0,False
2019-07-10,100000.0,0.0,0.0,100000.0,0,False
2019-07-11,100000.0,0.0,0.0,100000.0,0,False
2019-07-12,100000.0,0.0,0.0,100000.0,0,False
2019-07-15,100000.0,0.0,0.0,100000.0,0,False
2019-07-16,100000.0,0.0,0.0,100000.0,0,False
2019-07-17,100000.0,0.0,0.0,100000.0,0,False
2019-07-18,100000.0,0.0,0.0,100000.0,0,False
2019-07-19,100000.0,0.0,0.0,100000.0,0,False
2019-07-22,100000.0,0.0,0.0,100000.0,0,False
2019-07-23,100000.0,0.0,0.0,100000.0,0,False
2019-07-24,100000.0,0.0,0.0,100000.0,0,False
2019-07-25,100000.0,0.0,0.0,100000.0,0,False
2019-07-26,100000.0,0.0,0.0,100000.0,0,False
2019-07-29,100000.0,0.0,0.0,100000.0,0,False
2019-07-30,100000.0,0.0,0.0,100000.0,0,False
2019-07-31,100000.0,0.0,0.0,100000.0,0,False
2019-08-01,100000.0,0.0,0.0,100000.0,0,False
2019-08-02,100000.0,0.0,0.0,100000.0,0,False
2019-08-05,100000.0,0.0,0.0,100000.0,0,False
2019-08-06,100000.0,0.0,0.0,100000.0,0,False
2019-08-07,100000.0,0.0,0.0,100000.0,0,False
2019-08-08,100000.0,0.0,0.0,100000.0,0,False
2019-08-12,100000.0,0.0,0.0,100000.0,0,False
2019-08-13,100000.0,0.0,0.0,100000.0,0,False
2019-08-14,100000.0,0.0,0.0,100000.0,0,False
2019-08-15,100000.0,0.0,0.0,100000.0,0,False
2019-08-16,100000.0,0.0,0.0,100000.0,0,False
2019-08-19,100000.0,0.0,0.0,100000.0,0,False
2019-08-20,100000.0,0.0,0.0,100000.0,0,False
2019-08-21,100000.0,0.0,0.0,100000.0,0,False
2019-08-22,100000.0,0.0,0.0,100000.0,0,False
2019-08-23,100000.0,0.0,0.0,100000.0,0,False
2019-08-26,100000.0,0.0,0.0,100000.0,0,False
2019-08-27,100000.0,0.0,0.0,100000.0,0,False
2019-08-28,100000.0,0.0,0.0,100000.0,0,False
2019-08-29,100000.0,0.0,0.0,100000.0,0,False
2019-08-30,100000.0,0.0,0.0,100000.0,0,False
2019-09-02,100000.0,0.0,0.0,100000.0,0,False
2019-09-03,100000.0,0.0,0.0,100000.0,0,False
2019-09-04,100000.0,0.0,0.0,100000.0,0,False
2019-09-05,100000.0,0.0,0.0,100000.0,0,False
2019-09-06,100000.0,0.0,0.0,100000.0,0,False
2019-09-10,100000.0,0.0,0.0,100000.0,0,False
2019-09-11,100000.0,0.0,0.0,100000.0,0,False
2019-09-12,100000.0,0.0,0.0,100000.0,0,False
2019-09-16,100000.0,0.0,0.0,100000.0,0,False
2019-09-17,100000.0,0.0,0.0,100000.0,0,False
2019-09-18,100000.0,0.0,0.0,100000.0,0,False
2019-09-19,100000.0,0.0,0.0,100000.0,0,False
2019-09-20,100000.0,0.0,0.0,100000.0,0,False
2019-09-23,100000.0,0.0,0.0,100000.0,0,False
2019-09-24,100000.0,0.0,0.0,100000.0,0,False
2019-09-25,100000.0,0.0,0.0,100000.0,0,False
2019-09-26,100000.0,0.0,0.0,100000.0,0,False
2019-09-27,100000.0,0.0,0.0,100000.0,0,False
2019-10-01,100000.0,0.0,0.0,100000.0,0,False
2019-10-02,100000.0,0.0,0.0,100000.0,0,False
2019-10-03,100000.0,0.0,0.0,100000.0,0,False
2019-10-04,100000.0,0.0,0.0,100000.0,0,False
2019-10-07,100000.0,0.0,0.0,100000.0,0,False
2019-10-08,100000.0,0.0,0.0,100000.0,0,False
2019-10-09,100000.0,0.0,0.0,100000.0,0,False
2019-10-14,100000.0,0.0,0.0,100000.0,0,False
2019-10-15,100000.0,0.0,0.0,100000.0,0,False
2019-10-16,100000.0,0.0,0.0,100000.0,0,False
2019-10-17,100000.0,0.0,0.0,100000.0,0,False
2019-10-18,100000.0,0.0,0.0,100000.0,0,False
2019-10-21,100000.0,0.0,0.0,100000.0,0,False
2019-10-22,100000.0,0.0,0.0,100000.0,0,False
2019-10-23,100000.0,0.0,0.0,100000.0,0,False
2019-10-24,100000.0,0.0,0.0,100000.0,0,False
2019-10-25,100000.0,0.0,0.0,100000.0,0,False
2019-10-28,100000.0,0.0,0.0,100000.0,0,False
2019-10-29,100000.0,0.0,0.0,100000.0,0,False
2019-10-30,100000.0,0.0,0.0,100000.0,0,False
2019-10-31,100000.0,0.0,0.0,100000.0,0,False
2019-11-01,100000.0,0.0,0.0,100000.0,0,False
2019-11-04,100000.0,0.0,0.0,100000.0,0,False
2019-11-05,100000.0,0.0,0.0,100000.0,0,False
2019-11-06,100000.0,0.0,0.0,100000.0,0,False
2019-11-07,100000.0,0.0,0.0,100000.0,0,False
2019-11-08,100000.0,0.0,0.0,100000.0,0,False
2019-11-11,100000.0,0.0,0.0,100000.0,0,False
2019-11-12,100000.0,0.0,0.0,100000.0,0,False
2019-11-13,100000.0,0.0,0.0,100000.0,0,False
2019-11-14,100000.0,0.0,0.0,100000.0,0,False
2019-11-15,100000.0,0.0,0.0,100000.0,0,False
2019-11-18,100000.0,0.0,0.0,100000.0,0,False
2019-11-19,100000.0,0.0,0.0,100000.0,0,False
2019-11-20,100000.0,0.0,0.0,100000.0,0,False
2019-11-21,100000.0,0.0,0.0,100000.0,0,False
2019-11-22,100000.0,0.0,0.0,100000.0,0,False
2019-11-25,100000.0,0.0,0.0,100000.0,0,False
2019-11-26,100000.0,0.0,0.0,100000.0,0,False
2019-11-27,100000.0,0.0,0.0,100000.0,0,False
2019-11-28,100000.0,0.0,0.0,100000.0,0,False
2019-11-29,100000.0,0.0,0.0,100000.0,0,False
2019-12-02,100000.0,0.0,0.0,100000.0,0,False
2019-12-03,100000.0,0.0,0.0,100000.0,0,False
2019-12-04,100000.0,0.0,0.0,100000.0,0,False
2019-12-05,100000.0,0.0,0.0,100000.0,0,False
2019-12-06,100000.0,0.0,0.0,100000.0,0,False
2019-12-09,100000.0,0.0,0.0,100000.0,0,False
2019-12-10,100000.0,0.0,0.0,100000.0,0,False
2019-12-11,100000.0,0.0,0.0,100000.0,0,False
2019-12-12,100000.0,0.0,0.0,100000.0,0,False
2019-12-13,100000.0,0.0,0.0,100000.0,0,False
2019-12-16,100000.0,0.0,0.0,100000.0,0,False
2019-12-17,100000.0,0.0,0.0,100000.0,0,False
2019-12-18,100000.0,0.0,0.0,100000.0,0,False
2019-12-19,100000.0,0.0,0.0,100000.0,0,False
2019-12-20,100000.0,0.0,0.0,100000.0,0,False
2019-12-23,100000.0,0.0,0.0,100000.0,0,False
2019-12-24,100000.0,0.0,0.0,100000.0,0,False
2019-12-25,100000.0,0.0,0.0,100000.0,0,False
2019-12-26,100000.0,0.0,0.0,100000.0,0,False
2019-12-27,100000.0,0.0,0.0,100000.0,0,False
2019-12-30,100000.0,0.0,0.0,100000.0,0,False
2019-12-31,100000.0,0.0,0.0,100000.0,0,False
2020-01-02,100000.0,0.0,0.0,100000.0,0,False
2020-01-03,100000.0,0.0,0.0,100000.0,0,False
2020-01-06,100000.0,0.0,0.0,100000.0,0,False
2020-01-07,100000.0,0.0,0.0,100000.0,0,False
2020-01-08,100000.0,0.0,0.0,100000.0,0,False
2020-01-09,100000.0,0.0,0.0,100000.0,0,False
2020-01-10,100000.0,0.0,0.0,100000.0,0,False
2020-01-13,100000.0,0.0,0.0,100000.0,0,False
2020-01-14,100000.0,0.0,0.0,100000.0,0,False
2020-01-15,100000.0,0.0,0.0,100000.0,0,False
2020-01-16,100000.0,0.0,0.0,100000.0,0,False
2020-01-17,100000.0,0.0,0.0,100000.0,0,False
2020-01-20,100000.0,0.0,0.0,100000.0,0,False
2020-01-30,100000.0,0.0,0.0,100000.0,0,False
2020-01-31,100000.0,0.0,0.0,100000.0,0,False
2020-02-03,100000.0,0.0,0.0,100000.0,0,False
2020-02-04,100000.0,0.0,0.0,100000.0,0,False
2020-02-05,100000.0,0.0,0.0,100000.0,0,False
2020-02-06,100000.0,0.0,0.0,100000.0,0,False
2020-02-07,100000.0,0.0,0.0,100000.0,0,False
2020-02-10,100000.0,0.0,0.0,100000.0,0,False
2020-02-11,100000.0,0.0,0.0,100000.0,0,False
2020-02-12,100000.0,0.0,0.0,100000.0,0,False
2020-02-13,100000.0,0.0,0.0,100000.0,0,False
2020-02-14,100000.0,0.0,0.0,100000.0,0,False
2020-02-17,100000.0,0.0,0.0,100000.0,0,False
2020-02-18,100000.0,0.0,0.0,100000.0,0,False
2020-02-19,100000.0,0.0,0.0,100000.0,0,False
2020-02-20,100000.0,0.0,0.0,100000.0,0,False
2020-02-21,100000.0,0.0,0.0,100000.0,0,False
2020-02-24,100000.0,0.0,0.0,100000.0,0,False
2020-02-25,100000.0,0.0,0.0,100000.0,0,False
2020-02-26,100000.0,0.0,0.0,100000.0,0,False
2020-02-27,100000.0,0.0,0.0,100000.0,0,False
2020-03-02,100000.0,0.0,0.0,100000.0,0,False
2020-03-03,100000.0,0.0,0.0,100000.0,0,False
2020-03-04,100000.0,0.0,0.0,100000.0,0,False
2020-03-05,100000.0,0.0,0.0,100000.0,0,False
2020-03-06,100000.0,0.0,0.0,100000.0,0,False
2020-03-09,100000.0,0.0,0.0,100000.0,0,False
2020-03-10,100000.0,0.0,0.0,100000.0,0,False
2020-03-11,100000.0,0.0,0.0,100000.0,0,False
2020-03-12,100000.0,0.0,0.0,100000.0,0,False
2020-03-13,100000.0,0.0,0.0,100000.0,0,False
2020-03-16,100000.0,0.0,0.0,100000.0,0,False
2020-03-17,100000.0,0.0,0.0,100000.0,0,False
2020-03-18,100000.0,0.0,0.0,100000.0,0,False
2020-03-19,100000.0,0.0,0.0,100000.0,0,False
2020-03-20,100000.0,0.0,0.0,100000.0,0,False
2020-03-23,100000.0,0.0,0.0,100000.0,0,False
2020-03-24,100000.0,0.0,0.0,100000.0,0,False
2020-03-25,100000.0,0.0,0.0,100000.0,0,False
2020-03-26,100000.0,0.0,0.0,100000.0,0,False
2020-03-27,100000.0,0.0,0.0,100000.0,0,False
2020-03-30,100000.0,0.0,0.0,100000.0,0,False
2020-03-31,100000.0,0.0,0.0,100000.0,0,False
2020-04-01,100000.0,0.0,0.0,100000.0,0,False
2020-04-06,100000.0,0.0,0.0,100000.0,0,False
2020-04-07,100000.0,0.0,0.0,100000.0,0,False
2020-04-08,100000.0,0.0,0.0,100000.0,0,False
2020-04-09,100000.0,0.0,0.0,100000.0,0,False
2020-04-10,100000.0,0.0,0.0,100000.0,0,False
2020-04-13,100000.0,0.0,0.0,100000.0,0,False
2020-04-14,100000.0,0.0,0.0,100000.0,0,False
2020-04-15,100000.0,0.0,0.0,100000.0,0,False
2020-04-16,100000.0,0.0,0.0,100000.0,0,False
2020-04-17,100000.0,0.0,0.0,100000.0,0,False
2020-04-20,100000.0,0.0,0.0,100000.0,0,False
2020-04-21,100000.0,0.0,0.0,100000.0,0,False
2020-04-22,100000.0,0.0,0.0,100000.0,0,False
2020-04-23,100000.0,0.0,0.0,100000.0,0,False
2020-04-24,100000.0,0.0,0.0,100000.0,0,False
2020-04-27,100000.0,0.0,0.0,100000.0,0,False
2020-04-28,100000.0,0.0,0.0,100000.0,0,False
2020-04-29,100000.0,0.0,0.0,100000.0,0,False
2020-04-30,100000.0,0.0,0.0,100000.0,0,False
2020-05-04,100000.0,0.0,0.0,100000.0,0,False
2020-05-05,100000.0,0.0,0.0,100000.0,0,False
2020-05-06,100000.0,0.0,0.0,100000.0,0,False
2020-05-07,100000.0,0.0,0.0,100000.0,0,False
2020-05-08,100000.0,0.0,0.0,100000.0,0,False
2020-05-11,100000.0,0.0,0.0,100000.0,0,False
2020-05-12,100000.0,0.0,0.0,100000.0,0,False
2020-05-13,100000.0,0.0,0.0,100000.0,0,False
2020-05-14,100000.0,0.0,0.0,100000.0,0,False
2020-05-15,100000.0,0.0,0.0,100000.0,0,False
2020-05-18,100000.0,0.0,0.0,100000.0,0,False
2020-05-19,100000.0,0.0,0.0,100000.0,0,False
2020-05-20,100000.0,0.0,0.0,100000.0,0,False
2020-05-21,100000.0,0.0,0.0,100000.0,0,False
2020-05-22,100000.0,0.0,0.0,100000.0,0,False
2020-05-25,100000.0,0.0,0.0,100000.0,0,False
2020-05-26,100000.0,0.0,0.0,100000.0,0,False
2020-05-27,100000.0,0.0,0.0,100000.0,0,False
2020-05-28,100000.0,0.0,0.0,100000.0,0,False
2020-05-29,100000.0,0.0,0.0,100000.0,0,False
2020-06-01,100000.0,0.0,0.0,100000.0,0,False
2020-06-02,100000.0,0.0,0.0,100000.0,0,False
2020-06-03,100000.0,0.0,0.0,100000.0,0,False
2020-06-04,100000.0,0.0,0.0,100000.0,0,False
2020-06-05,100000.0,0.0,0.0,100000.0,0,False
2020-06-08,100000.0,0.0,0.0,100000.0,0,False
2020-06-09,100000.0,0.0,0.0,100000.0,0,False
2020-06-10,100000.0,0.0,0.0,100000.0,0,False
2020-06-11,100000.0,0.0,0.0,100000.0,0,False
2020-06-12,100000.0,0.0,0.0,100000.0,0,False
2020-06-15,100000.0,0.0,0.0,100000.0,0,False
2020-06-16,100000.0,0.0,0.0,100000.0,0,False
2020-06-17,100000.0,0.0,0.0,100000.0,0,False
2020-06-18,100000.0,0.0,0.0,100000.0,0,False
2020-06-19,100000.0,0.0,0.0,100000.0,0,False
2020-06-22,100000.0,0.0,0.0,100000.0,0,False
2020-06-23,100000.0,0.0,0.0,100000.0,0,False
2020-06-24,100000.0,0.0,0.0,100000.0,0,False
2020-06-29,100000.0,0.0,0.0,100000.0,0,False
2020-06-30,100000.0,0.0,0.0,100000.0,0,False
2020-07-01,100000.0,0.0,0.0,100000.0,0,False
2020-07-02,100000.0,0.0,0.0,100000.0,0,False
2020-07-03,100000.0,0.0,0.0,100000.0,0,False
2020-07-06,100000.0,0.0,0.0,100000.0,0,False
2020-07-07,100000.0,0.0,0.0,100000.0,0,False
2020-07-08,100000.0,0.0,0.0,100000.0,0,False
2020-07-09,100000.0,0.0,0.0,100000.0,0,False
2020-07-10,100000.0,0.0,0.0,100000.0,0,False
2020-07-13,100000.0,0.0,0.0,100000.0,0,False
2020-07-14,100000.0,0.0,0.0,100000.0,0,False
2020-07-15,100000.0,0.0,0.0,100000.0,0,False
2020-07-16,100000.0,0.0,0.0,100000.0,0,False
2020-07-17,100000.0,0.0,0.0,100000.0,0,False
2020-07-20,100000.0,0.0,0.0,100000.0,0,False
2020-07-21,100000.0,0.0,0.0,100000.0,0,False
2020-07-22,100000.0,0.0,0.0,100000.0,0,False
2020-07-23,100000.0,0.0,0.0,100000.0,0,False
2020-07-24,100000.0,0.0,0.0,100000.0,0,False
2020-07-27,100000.0,0.0,0.0,100000.0,0,False
2020-07-28,100000.0,0.0,0.0,100000.0,0,False
2020-07-29,100000.0,0.0,0.0,100000.0,0,False
2020-07-30,100000.0,0.0,0.0,100000.0,0,False
2020-07-31,100000.0,0.0,0.0,100000.0,0,False
2020-08-03,100000.0,0.0,0.0,100000.0,0,False
2020-08-04,100000.0,0.0,0.0,100000.0,0,False
2020-08-05,100000.0,0.0,0.0,100000.0,0,False
2020-08-06,100000.0,0.0,0.0,100000.0,0,False
2020-08-07,100000.0,0.0,0.0,100000.0,0,False
2020-08-10,100000.0,0.0,0.0,100000.0,0,False
2020-08-11,100000.0,0.0,0.0,100000.0,0,False
2020-08-12,100000.0,0.0,0.0,100000.0,0,False
2020-08-13,100000.0,0.0,0.0,100000.0,0,False
2020-08-14,100000.0,0.0,0.0,100000.0,0,False
2020-08-17,100000.0,0.0,0.0,100000.0,0,False
2020-08-18,100000.0,0.0,0.0,100000.0,0,False
2020-08-19,100000.0,0.0,0.0,100000.0,0,False
2020-08-20,100000.0,0.0,0.0,100000.0,0,False
2020-08-21,100000.0,0.0,0.0,100000.0,0,False
2020-08-24,100000.0,0.0,0.0,100000.0,0,False
2020-08-25,100000.0,0.0,0.0,100000.0,0,False
2020-08-26,100000.0,0.0,0.0,100000.0,0,False
2020-08-27,100000.0,0.0,0.0,100000.0,0,False
2020-08-28,100000.0,0.0,0.0,100000.0,0,False
2020-08-31,100000.0,0.0,0.0,100000.0,0,False
2020-09-01,100000.0,0.0,0.0,100000.0,0,False
2020-09-02,100000.0,0.0,0.0,100000.0,0,False
2020-09-03,100000.0,0.0,0.0,100000.0,0,False
2020-09-04,100000.0,0.0,0.0,100000.0,0,False
2020-09-07,100000.0,0.0,0.0,100000.0,0,False
2020-09-08,100000.0,0.0,0.0,100000.0,0,False
2020-09-09,100000.0,0.0,0.0,100000.0,0,False
2020-09-10,100000.0,0.0,0.0,100000.0,0,False
2020-09-11,100000.0,0.0,0.0,100000.0,0,False
2020-09-14,100000.0,0.0,0.0,100000.0,0,False
2020-09-15,100000.0,0.0,0.0,100000.0,0,False
2020-09-16,100000.0,0.0,0.0,100000.0,0,False
2020-09-17,100000.0,0.0,0.0,100000.0,0,False
2020-09-18,100000.0,0.0,0.0,100000.0,0,False
2020-09-21,100000.0,0.0,0.0,100000.0,0,False
2020-09-22,100000.0,0.0,0.0,100000.0,0,False
2020-09-23,100000.0,0.0,0.0,100000.0,0,False
2020-09-24,100000.0,0.0,0.0,100000.0,0,False
2020-09-25,100000.0,0.0,0.0,100000.0,0,False
2020-09-28,100000.0,0.0,0.0,100000.0,0,False
2020-09-29,100000.0,0.0,0.0,100000.0,0,False
2020-09-30,100000.0,0.0,0.0,100000.0,0,False
2020-10-05,100000.0,0.0,0.0,100000.0,0,False
2020-10-06,100000.0,0.0,0.0,100000.0,0,False
2020-10-07,100000.0,0.0,0.0,100000.0,0,False
2020-10-08,100000.0,0.0,0.0,100000.0,0,False
2020-10-12,100000.0,0.0,0.0,100000.0,0,False
2020-10-13,100000.0,0.0,0.0,100000.0,0,False
2020-10-14,100000.0,0.0,0.0,100000.0,0,False
2020-10-15,100000.0,0.0,0.0,100000.0,0,False
2020-10-16,100000.0,0.0,0.0,100000.0,0,False
2020-10-19,100000.0,0.0,0.0,100000.0,0,False
2020-10-20,100000.0,0.0,0.0,100000.0,0,False
2020-10-21,100000.0,0.0,0.0,100000.0,0,False
2020-10-22,100000.0,0.0,0.0,100000.0,0,False
2020-10-23,100000.0,0.0,0.0,100000.0,0,False
2020-10-26,100000.0,0.0,0.0,100000.0,0,False
2020-10-27,100000.0,0.0,0.0,100000.0,0,False
2020-10-28,100000.0,0.0,0.0,100000.0,0,False
2020-10-29,100000.0,0.0,0.0,100000.0,0,False
2020-10-30,100000.0,0.0,0.0,100000.0,0,False
2020-11-02,100000.0,0.0,0.0,100000.0,0,False
2020-11-03,100000.0,0.0,0.0,100000.0,0,False
2020-11-04,100000.0,0.0,0.0,100000.0,0,False
2020-11-05,100000.0,0.0,0.0,100000.0,0,False
2020-11-06,100000.0,0.0,0.0,100000.0,0,False
2020-11-09,100000.0,0.0,0.0,100000.0,0,False
2020-11-10,100000.0,0.0,0.0,100000.0,0,False
2020-11-11,100000.0,0.0,0.0,100000.0,0,False
2020-11-12,100000.0,0.0,0.0,100000.0,0,False
2020-11-13,100000.0,0.0,0.0,100000.0,0,False
2020-11-16,100000.0,0.0,0.0,100000.0,0,False
2020-11-17,100000.0,0.0,0.0,100000.0,0,False
2020-11-18,100000.0,0.0,0.0,100000.0,0,False
2020-11-19,100000.0,0.0,0.0,100000.0,0,False
2020-11-20,100000.0,0.0,0.0,100000.0,0,False
2020-11-23,100000.0,0.0,0.0,100000.0,0,False
2020-11-24,100000.0,0.0,0.0,100000.0,0,False
2020-11-25,100000.0,0.0,0.0,100000.0,0,False
2020-11-26,100000.0,0.0,0.0,100000.0,0,False
2020-11-27,100000.0,0.0,0.0,100000.0,0,False
2020-11-30,100000.0,0.0,0.0,100000.0,0,False
2020-12-01,100000.0,0.0,0.0,100000.0,0,False
2020-12-02,100000.0,0.0,0.0,100000.0,0,False
2020-12-03,100000.0,0.0,0.0,100000.0,0,False
2020-12-04,100000.0,0.0,0.0,100000.0,0,False
2020-12-07,100000.0,0.0,0.0,100000.0,0,False
2020-12-08,100000.0,0.0,0.0,100000.0,0,False
2020-12-09,100000.0,0.0,0.0,100000.0,0,False
2020-12-10,100000.0,0.0,0.0,100000.0,0,False
2020-12-11,100000.0,0.0,0.0,100000.0,0,False
2020-12-14,100000.0,0.0,0.0,100000.0,0,False
2020-12-15,100000.0,0.0,0.0,100000.0,0,False
2020-12-16,100000.0,0.0,0.0,100000.0,0,False
2020-12-17,100000.0,0.0,0.0,100000.0,0,False
2020-12-18,100000.0,0.0,0.0,100000.0,0,False
2020-12-21,100000.0,0.0,0.0,100000.0,0,False
2020-12-22,100000.0,0.0,0.0,100000.0,0,False
2020-12-23,100000.0,0.0,0.0,100000.0,0,False
2020-12-24,100000.0,0.0,0.0,100000.0,0,False
2020-12-25,100000.0,0.0,0.0,100000.0,0,False
2020-12-28,100000.0,0.0,0.0,100000.0,0,False
2020-12-29,100000.0,0.0,0.0,100000.0,0,False
2020-12-30,100000.0,0.0,0.0,100000.0,0,False
2020-12-31,100000.0,0.0,0.0,100000.0,0,False
2021-01-04,100000.0,0.0,0.0,100000.0,0,False
2021-01-05,100000.0,0.0,0.0,100000.0,0,False
2021-01-06,100000.0,0.0,0.0,100000.0,0,False
2021-01-07,100000.0,0.0,0.0,100000.0,0,False
2021-01-08,100000.0,0.0,0.0,100000.0,0,False
2021-01-11,100000.0,0.0,0.0,100000.0,0,False
2021-01-12,100000.0,0.0,0.0,100000.0,0,False
2021-01-13,100000.0,0.0,0.0,100000.0,0,False
2021-01-14,100000.0,0.0,0.0,100000.0,0,False
2021-01-15,100000.0,0.0,0.0,100000.0,0,False
2021-01-18,100000.0,0.0,0.0,100000.0,0,False
2021-01-19,100000.0,0.0,0.0,100000.0,0,False
2021-01-20,100000.0,0.0,0.0,100000.0,0,False
2021-01-21,100000.0,0.0,0.0,100000.0,0,False
2021-01-22,100000.0,0.0,0.0,100000.0,0,False
2021-01-25,100000.0,0.0,0.0,100000.0,0,False
2021-01-26,100000.0,0.0,0.0,100000.0,0,False
2021-01-27,100000.0,0.0,0.0,100000.0,0,False
2021-01-28,100000.0,0.0,0.0,100000.0,0,False
2021-01-29,100000.0,0.0,0.0,100000.0,0,False
2021-02-01,100000.0,0.0,0.0,100000.0,0,False
2021-02-02,100000.0,0.0,0.0,100000.0,0,False
2021-02-03,100000.0,0.0,0.0,100000.0,0,False
2021-02-04,100000.0,0.0,0.0,100000.0,0,False
2021-02-05,100000.0,0.0,0.0,100000.0,0,False
2021-02-17,100000.0,0.0,0.0,100000.0,0,False
2021-02-18,100000.0,0.0,0.0,100000.0,0,False
2021-02-19,100000.0,0.0,0.0,100000.0,0,False
2021-02-22,100000.0,0.0,0.0,100000.0,0,False
2021-02-23,100000.0,0.0,0.0,100000.0,0,False
2021-02-24,100000.0,0.0,0.0,100000.0,0,False
2021-02-25,100000.0,0.0,0.0,100000.0,0,False
2021-02-26,100000.0,0.0,0.0,100000.0,0,False
2021-03-02,100000.0,0.0,0.0,100000.0,0,False
2021-03-03,100000.0,0.0,0.0,100000.0,0,False
2021-03-04,100000.0,0.0,0.0,100000.0,0,False
2021-03-05,100000.0,0.0,0.0,100000.0,0,False
2021-03-08,100000.0,0.0,0.0,100000.0,0,False
2021-03-09,100000.0,0.0,0.0,100000.0,0,False
2021-03-10,100000.0,0.0,0.0,100000.0,0,False
2021-03-11,100000.0,0.0,0.0,100000.0,0,False
2021-03-12,100000.0,0.0,0.0,100000.0,0,False
2021-03-15,100000.0,0.0,0.0,100000.0,0,False
2021-03-16,100000.0,0.0,0.0,100000.0,0,False
2021-03-17,100000.0,0.0,0.0,100000.0,0,False
2021-03-18,100000.0,0.0,0.0,100000.0,0,False
2021-03-19,100000.0,0.0,0.0,100000.0,0,False
2021-03-22,100000.0,0.0,0.0,100000.0,0,False
2021-03-23,100000.0,0.0,0.0,100000.0,0,False
2021-03-24,100000.0,0.0,0.0,100000.0,0,False
2021-03-25,100000.0,0.0,0.0,100000.0,0,False
2021-03-26,100000.0,0.0,0.0,100000.0,0,False
2021-03-29,100000.0,0.0,0.0,100000.0,0,False
2021-03-30,100000.0,0.0,0.0,100000.0,0,False
2021-03-31,100000.0,0.0,0.0,100000.0,0,False
2021-04-01,100000.0,0.0,0.0,100000.0,0,False
2021-04-07,100000.0,0.0,0.0,100000.0,0,False
2021-04-08,100000.0,0.0,0.0,100000.0,0,False
2021-04-09,100000.0,0.0,0.0,100000.0,0,False
2021-04-12,100000.0,0.0,0.0,100000.0,0,False
2021-04-13,100000.0,0.0,0.0,100000.0,0,False
2021-04-14,100000.0,0.0,0.0,100000.0,0,False
2021-04-15,100000.0,0.0,0.0,100000.0,0,False
2021-04-16,100000.0,0.0,0.0,100000.0,0,False
2021-04-19,100000.0,0.0,0.0,100000.0,0,False
2021-04-20,100000.0,0.0,0.0,100000.0,0,False
2021-04-21,100000.0,0.0,0.0,100000.0,0,False
2021-04-22,100000.0,0.0,0.0,100000.0,0,False
2021-04-23,100000.0,0.0,0.0,100000.0,0,False
2021-04-26,100000.0,0.0,0.0,100000.0,0,False
2021-04-27,100000.0,0.0,0.0,100000.0,0,False
2021-04-28,100000.0,0.0,0.0,100000.0,0,False
2021-04-29,100000.0,0.0,0.0,100000.0,0,False
2021-05-03,100000.0,0.0,0.0,100000.0,0,False
2021-05-04,100000.0,0.0,0.0,100000.0,0,False
2021-05-05,100000.0,0.0,0.0,100000.0,0,False
2021-05-06,100000.0,0.0,0.0,100000.0,0,False
2021-05-07,100000.0,0.0,0.0,100000.0,0,False
2021-05-10,100000.0,0.0,0.0,100000.0,0,False
2021-05-11,100000.0,0.0,0.0,100000.0,0,False
2021-05-12,100000.0,0.0,0.0,100000.0,0,False
2021-05-13,100000.0,0.0,0.0,100000.0,0,False
2021-05-14,100000.0,0.0,0.0,100000.0,0,False
2021-05-17,100000.0,0.0,0.0,100000.0,0,False
2021-05-18,88840.9890369,0.0,11799.0,100639.9890369,1,False
2021-05-19,88840.9890369,0.0,11373.5,100214.4890369,1,False
2021-05-20,88840.9890369,0.0,10580.0,99420.9890369,1,False
2021-05-21,88840.9890369,0.0,10821.5,99662.4890369,1,False
2021-05-24,88840.9890369,0.0,11212.5,100053.4890369,1,False
2021-05-25,88840.9890369,0.0,11293.0,100133.9890369,1,False
2021-05-26,88840.9890369,0.0,11201.0,100041.9890369,1,False
2021-05-27,88840.9890369,0.0,11396.5,100237.4890369,1,False
2021-05-28,88840.9890369,0.0,11615.0,100455.9890369,1,False
2021-05-31,88840.9890369,0.0,12282.0,101122.9890369,1,False
2021-06-01,88840.9890369,0.0,11868.0,100708.9890369,1,False
2021-06-02,88840.9890369,0.0,11454.0,100294.9890369,1,False
2021-06-03,88840.9890369,0.0,11615.0,100455.9890369,1,False
2021-06-04,88840.9890369,0.0,11500.0,100340.9890369,1,False
2021-06-07,88840.9890369,0.0,11937.0,100777.9890369,1,False
2021-06-08,88840.9890369,0.0,11776.0,100616.9890369,1,False
2021-06-09,88840.9890369,0.0,11799.0,100639.9890369,1,False
2021-06-10,88840.9890369,0.0,11845.0,100685.9890369,1,False
2021-06-11,88840.9890369,0.0,11638.0,100478.9890369,1,False
2021-06-15,88840.9890369,0.0,12006.0,100846.9890369,1,False
2021-06-16,88840.9890369,0.0,11730.0,100570.9890369,1,False
2021-06-17,88840.9890369,0.0,11707.0,100547.9890369,1,False
2021-06-18,88840.9890369,0.0,11569.0,100409.9890369,1,False
2021-06-21,88840.9890369,0.0,11109.0,99949.9890369,1,False
2021-06-22,88840.9890369,0.0,10959.5,99800.4890369,1,False
2021-06-23,88840.9890369,0.0,11270.0,100110.9890369,1,False
2021-06-24,88840.9890369,0.0,11431.0,100271.9890369,1,False
2021-06-25,88840.9890369,0.0,11247.0,100087.9890369,1,False
2021-06-28,88840.9890369,0.0,11419.5,100260.4890369,1,False
2021-06-29,88840.9890369,0.0,11212.5,100053.4890369,1,False
2021-06-30,88840.9890369,0.0,11477.0,100317.9890369,1,False
2021-07-01,88840.9890369,0.0,11569.0,100409.9890369,1,False
2021-07-02,88840.9890369,0.0,11350.5,100191.4890369,1,False
2021-07-05,88840.9890369,0.0,11592.0,100432.9890369,1,False
2021-07-06,88840.9890369,0.0,11500.0,100340.9890369,1,False
2021-07-07,88840.9890369,0.0,11362.0,100202.9890369,1,False
2021-07-08,88840.9890369,0.0,11638.0,100478.9890369,1,False
2021-07-09,88840.9890369,0.0,11327.5,100168.4890369,1,False
2021-07-12,88840.9890369,0.0,11500.0,100340.9890369,1,False
2021-07-13,88840.9890369,0.0,11385.0,100225.9890369,1,False
2021-07-14,88840.9890369,0.0,11281.5,100122.4890369,1,False
2021-07-15,88840.9890369,0.0,11488.5,100329.4890369,1,False
2021-07-16,88840.9890369,0.0,11488.5,100329.4890369,1,False
2021-07-19,88840.9890369,0.0,11569.0,100409.9890369,1,False
2021-07-20,88840.9890369,0.0,11109.0,99949.9890369,1,False
2021-07-21,88840.9890369,0.0,11005.5,99846.4890369,1,False
2021-07-22,88840.9890369,0.0,11442.5,100283.4890369,1,False
2021-07-23,88840.9890369,0.0,11247.0,100087.9890369,1,False
2021-07-26,88840.9890369,0.0,11316.0,100156.9890369,1,False
2021-07-27,88840.9890369,0.0,12006.0,100846.9890369,1,False
2021-07-28,88840.9890369,0.0,11270.0,100110.9890369,1,False
2021-07-29,88840.9890369,0.0,11569.0,100409.9890369,1,False
2021-07-30,88840.9890369,0.0,11753.0,100593.9890369,1,False
2021-08-02,88840.9890369,12745.139289847963,0.0,101586.12832674797,0,False
2021-08-03,88840.9890369,12745.139289847963,0.0,101586.12832674797,0,False
2021-08-04,101586.12832674797,0.0,0.0,101586.12832674797,0,False
2021-08-05,101586.12832674797,0.0,0.0,101586.12832674797,0,False
2021-08-06,101586.12832674797,0.0,0.0,101586.12832674797,0,False
2021-08-09,101586.12832674797,0.0,0.0,101586.12832674797,0,False
2021-08-10,101586.12832674797,0.0,0.0,101586.12832674797,0,False
2021-08-11,101586.12832674797,0.0,0.0,101586.12832674797,0,False
2021-08-12,101586.12832674797,0.0,0.0,101586.12832674797,0,False
2021-08-13,101586.12832674797,0.0,0.0,101586.12832674797,0,False
2021-08-16,101586.12832674797,0.0,0.0,101586.12832674797,0,False
2021-08-17,101586.12832674797,0.0,0.0,101586.12832674797,0,False
2021-08-18,101586.12832674797,0.0,0.0,101586.12832674797,0,False
2021-08-19,101586.12832674797,0.0,0.0,101586.12832674797,0,False
2021-08-20,90588.50801807297,0.0,10810.0,101398.50801807297,1,False
2021-08-23,90588.50801807297,0.0,11051.5,101640.00801807297,1,False
2021-08-24,90588.50801807297,0.0,10603.0,101191.50801807297,1,False
2021-08-25,90588.50801807297,0.0,10787.0,101375.50801807297,1,False
2021-08-26,90588.50801807297,0.0,10568.5,101157.00801807297,1,False
2021-08-27,90588.50801807297,0.0,10258.0,100846.50801807297,1,False
2021-08-30,90588.50801807297,0.0,10453.5,101042.00801807297,1,False
2021-08-31,90588.50801807297,0.0,10327.0,100915.50801807297,1,False
2021-09-01,90588.50801807297,0.0,10649.0,101237.50801807297,1,False
2021-09-02,90588.50801807297,0.0,10499.5,101088.00801807297,1,False
2021-09-03,90588.50801807297,0.0,10499.5,101088.00801807297,1,False
2021-09-06,90588.50801807297,0.0,9890.0,100478.50801807297,1,False
2021-09-07,90588.50801807297,0.0,9913.0,100501.50801807297,1,False
2021-09-08,90588.50801807297,0.0,9786.5,100375.00801807297,1,False
2021-09-09,90588.50801807297,0.0,9970.5,100559.00801807297,1,False
2021-09-10,90588.50801807297,0.0,10442.0,101030.50801807297,1,False
2021-09-13,90588.50801807297,0.0,10212.0,100800.50801807297,1,False
2021-09-14,90588.50801807297,0.0,10120.0,100708.50801807297,1,False
2021-09-15,90588.50801807297,0.0,9913.0,100501.50801807297,1,False
2021-09-16,90588.50801807297,0.0,9867.0,100455.50801807297,1,False
2021-09-17,90588.50801807297,0.0,9855.5,100444.00801807297,1,False
2021-09-22,90588.50801807297,0.0,9706.0,100294.50801807297,1,False
2021-09-23,90588.50801807297,0.0,9809.5,100398.00801807297,1,False
2021-09-24,90588.50801807297,0.0,9798.0,100386.50801807297,1,False
2021-09-27,90588.50801807297,0.0,9993.5,100582.00801807297,1,False
2021-09-28,90588.50801807297,0.0,9752.0,100340.50801807297,1,False
2021-09-29,90588.50801807297,0.0,9349.5,99938.00801807297,1,False
2021-09-30,90588.50801807297,0.0,9430.0,100018.50801807297,1,False
2021-10-01,90588.50801807297,0.0,9303.5,99892.00801807297,1,False
2021-10-04,90588.50801807297,0.0,9188.5,99777.00801807297,1,False
2021-10-05,90588.50801807297,0.0,9142.5,99731.00801807297,1,False
2021-10-06,90588.50801807297,0.0,8993.0,99581.50801807297,1,False
2021-10-07,90588.50801807297,0.0,9108.0,99696.50801807297,1,False
2021-10-08,90588.50801807297,0.0,8947.0,99535.50801807297,1,False
2021-10-12,90588.50801807297,0.0,8556.0,99144.50801807297,1,False
2021-10-13,90588.50801807297,0.0,8544.5,99133.00801807297,1,False
2021-10-14,90588.50801807297,0.0,8556.0,99144.50801807297,1,False
2021-10-15,90588.50801807297,0.0,8981.5,99570.00801807297,1,False
2021-10-18,90588.50801807297,0.0,8901.0,99489.50801807297,1,False
2021-10-19,90588.50801807297,0.0,9223.0,99811.50801807297,1,False
2021-10-20,90588.50801807297,0.0,9177.0,99765.50801807297,1,False
2021-10-21,90588.50801807297,0.0,9096.5,99685.00801807297,1,False
2021-10-22,90588.50801807297,0.0,9315.0,99903.50801807297,1,False
2021-10-25,90588.50801807297,0.0,9200.0,99788.50801807297,1,False
2021-10-26,90588.50801807297,0.0,9407.0,99995.50801807297,1,False
2021-10-27,90588.50801807297,0.0,9395.5,99984.00801807297,1,False
2021-10-28,90588.50801807297,0.0,9441.5,100030.00801807297,1,False
2021-10-29,90588.50801807297,0.0,9556.5,100145.00801807297,1,False
2021-11-01,90588.50801807297,0.0,9625.5,100214.00801807297,1,False
2021-11-02,90588.50801807297,0.0,9326.5,99915.00801807297,1,False
2021-11-03,90588.50801807297,0.0,9510.5,100099.00801807297,1,False
2021-11-04,90588.50801807297,0.0,9372.5,99961.00801807297,1,False
2021-11-05,90588.50801807297,0.0,10304.0,100892.50801807297,1,False
2021-11-08,90588.50801807297,0.0,10499.5,101088.00801807297,1,False
2021-11-09,90588.50801807297,0.0,10603.0,101191.50801807297,1,False
2021-11-10,90588.50801807297,0.0,10396.0,100984.50801807297,1,False
2021-11-11,90588.50801807297,0.0,10189.0,100777.50801807297,1,False
2021-11-12,90588.50801807297,0.0,10384.5,100973.00801807297,1,False
2021-11-15,90588.50801807297,0.0,10810.0,101398.50801807297,1,False
2021-11-16,90588.50801807297,0.0,10810.0,101398.50801807297,1,False
2021-11-17,90588.50801807297,0.0,11281.5,101870.00801807297,1,False
2021-11-18,90588.50801807297,0.0,11350.5,101939.00801807297,1,False
2021-11-19,90588.50801807297,0.0,11109.0,101697.50801807297,1,False
2021-11-22,90588.50801807297,0.0,11258.5,101847.00801807297,1,False
2021-11-23,90588.50801807297,0.0,11166.5,101755.00801807297,1,False
2021-11-24,90588.50801807297,0.0,11051.5,101640.00801807297,1,False
2021-11-25,90588.50801807297,0.0,10879.0,101467.50801807297,1,False
2021-11-26,90588.50801807297,0.0,10637.5,101226.00801807297,1,False
2021-11-29,90588.50801807297,0.0,10810.0,101398.50801807297,1,False
2021-11-30,90588.50801807297,0.0,10706.5,101295.00801807297,1,False
2021-12-01,90588.50801807297,0.0,11097.5,101686.00801807297,1,False
2021-12-02,90588.50801807297,0.0,11178.0,101766.50801807297,1,False
2021-12-03,90588.50801807297,0.0,11339.0,101927.50801807297,1,False
2021-12-06,90588.50801807297,0.0,11615.0,102203.50801807297,1,False
2021-12-07,90588.50801807297,0.0,11799.0,102387.50801807297,1,False
2021-12-08,90588.50801807297,0.0,11937.0,102525.50801807297,1,False
2021-12-09,90588.50801807297,0.0,11776.0,102364.50801807297,1,False
2021-12-10,90588.50801807297,0.0,11684.0,102272.50801807297,1,False
2021-12-13,90588.50801807297,0.0,11960.0,102548.50801807297,1,False
2021-12-14,90588.50801807297,0.0,11546.0,102134.50801807297,1,False
2021-12-15,90588.50801807297,0.0,11776.0,102364.50801807297,1,False
2021-12-16,90588.50801807297,0.0,12282.0,102870.50801807297,1,False
2021-12-17,90588.50801807297,0.0,12213.0,102801.50801807297,1,False
2021-12-20,90588.50801807297,0.0,12144.0,102732.50801807297,1,False
2021-12-21,90588.50801807297,0.0,12305.0,102893.50801807297,1,False
2021-12-22,90588.50801807297,0.0,12236.0,102824.50801807297,1,False
2021-12-23,90588.50801807297,0.0,12374.0,102962.50801807297,1,False
2021-12-24,90588.50801807297,0.0,12190.0,102778.50801807297,1,False
2021-12-27,90588.50801807297,0.0,12213.0,102801.50801807297,1,False
2021-12-28,90588.50801807297,0.0,12351.0,102939.50801807297,1,False
2021-12-29,90588.50801807297,12329.801131725002,0.0,102918.30914979798,0,False
2021-12-30,90588.50801807297,12329.801131725002,0.0,102918.30914979798,0,False
2022-01-03,102918.30914979798,0.0,0.0,102918.30914979798,0,False
2022-01-04,102918.30914979798,0.0,0.0,102918.30914979798,0,False
2022-01-05,102918.30914979798,0.0,0.0,102918.30914979798,0,False
2022-01-06,102918.30914979798,0.0,0.0,102918.30914979798,0,False
2022-01-07,102918.30914979798,0.0,0.0,102918.30914979798,0,False
2022-01-10,102918.30914979798,0.0,0.0,102918.30914979798,0,False
2022-01-11,102918.30914979798,0.0,0.0,102918.30914979798,0,False
2022-01-12,102918.30914979798,0.0,0.0,102918.30914979798,0,False
2022-01-13,102918.30914979798,0.0,0.0,102918.30914979798,0,False
2022-01-14,102918.30914979798,0.0,0.0,102918.30914979798,0,False
2022-01-17,102918.30914979798,0.0,0.0,102918.30914979798,0,False
2022-01-18,102918.30914979798,0.0,0.0,102918.30914979798,0,False
2022-01-19,102918.30914979798,0.0,0.0,102918.30914979798,0,False
2022-01-20,102918.30914979798,0.0,0.0,102918.30914979798,0,False
2022-01-21,102918.30914979798,0.0,0.0,102918.30914979798,0,False
2022-01-24,102918.30914979798,0.0,0.0,102918.30914979798,0,False
2022-01-25,102918.30914979798,0.0,0.0,102918.30914979798,0,False
2022-01-26,102918.30914979798,0.0,0.0,102918.30914979798,0,False
2022-02-07,102918.30914979798,0.0,0.0,102918.30914979798,0,False
2022-02-08,102918.30914979798,0.0,0.0,102918.30914979798,0,False
2022-02-09,91440.52658354798,0.0,11550.0,102990.52658354798,1,False
2022-02-10,91440.52658354798,0.0,11675.0,103115.52658354798,1,False
2022-02-11,91440.52658354798,0.0,11700.0,103140.52658354798,1,False
2022-02-14,91440.52658354798,0.0,11362.5,102803.02658354798,1,False
2022-02-15,91440.52658354798,0.0,11325.0,102765.52658354798,1,False
2022-02-16,91440.52658354798,0.0,11400.0,102840.52658354798,1,False
2022-02-17,91440.52658354798,0.0,11262.5,102703.02658354798,1,False
2022-02-18,91440.52658354798,0.0,11162.5,102603.02658354798,1,False
2022-02-21,91440.52658354798,0.0,11337.5,102778.02658354798,1,False
2022-02-22,91440.52658354798,0.0,11300.0,102740.52658354798,1,False
2022-02-23,91440.52658354798,0.0,11587.5,103028.02658354798,1,False
2022-02-24,91440.52658354798,0.0,11400.0,102840.52658354798,1,False
2022-02-25,91440.52658354798,0.0,11412.5,102853.02658354798,1,False
2022-03-01,91440.52658354798,0.0,12025.0,103465.52658354798,1,False
2022-03-02,91440.52658354798,0.0,11925.0,103365.52658354798,1,False
2022-03-03,91440.52658354798,0.0,12000.0,103440.52658354798,1,False
2022-03-04,91440.52658354798,0.0,11850.0,103290.52658354798,1,False
2022-03-07,91440.52658354798,0.0,11412.5,102853.02658354798,1,False
2022-03-08,91440.52658354798,0.0,11312.5,102753.02658354798,1,False
2022-03-09,91440.52658354798,0.0,11312.5,102753.02658354798,1,False
2022-03-10,91440.52658354798,0.0,11700.0,103140.52658354798,1,False
2022-03-11,91440.52658354798,0.0,11662.5,103103.02658354798,1,False
2022-03-14,91440.52658354798,0.0,11575.0,103015.52658354798,1,False
2022-03-15,91440.52658354798,0.0,11287.5,102728.02658354798,1,False
2022-03-16,91440.52658354798,0.0,11312.5,102753.02658354798,1,False
2022-03-17,91440.52658354798,0.0,11675.0,103115.52658354798,1,False
2022-03-18,91440.52658354798,0.0,11412.5,102853.02658354798,1,False
2022-03-21,91440.52658354798,0.0,11262.5,102703.02658354798,1,False
2022-03-22,91440.52658354798,0.0,10862.5,102303.02658354798,1,False
2022-03-23,91440.52658354798,0.0,11125.0,102565.52658354798,1,False
2022-03-24,91440.52658354798,0.0,10862.5,102303.02658354798,1,False
2022-03-25,91440.52658354798,0.0,10887.5,102328.02658354798,1,False
2022-03-28,91440.52658354798,0.0,10625.0,102065.52658354798,1,False
2022-03-29,91440.52658354798,0.0,10512.5,101953.02658354798,1,False
2022-03-30,91440.52658354798,0.0,10612.5,102053.02658354798,1,False
2022-03-31,91440.52658354798,0.0,10662.5,102103.02658354798,1,False
2022-04-01,91440.52658354798,0.0,10687.5,102128.02658354798,1,False
2022-04-06,91440.52658354798,0.0,10375.0,101815.52658354798,1,False
2022-04-07,91440.52658354798,0.0,10000.0,101440.52658354798,1,False
2022-04-08,91440.52658354798,0.0,10075.0,101515.52658354798,1,False
2022-04-11,91440.52658354798,0.0,9762.5,101203.02658354798,1,False
2022-04-12,91440.52658354798,0.0,9950.0,101390.52658354798,1,False
2022-04-13,91440.52658354798,0.0,10250.0,101690.52658354798,1,False
2022-04-14,91440.52658354798,0.0,10350.0,101790.52658354798,1,False
2022-04-15,91440.52658354798,0.0,10000.0,101440.52658354798,1,False
2022-04-18,91440.52658354798,0.0,10137.5,101578.02658354798,1,False
2022-04-19,91440.52658354798,0.0,10050.0,101490.52658354798,1,False
2022-04-20,91440.52658354798,0.0,10137.5,101578.02658354798,1,False
2022-04-21,91440.52658354798,0.0,10037.5,101478.02658354798,1,False
2022-04-22,91440.52658354798,0.0,9675.0,101115.52658354798,1,False
2022-04-25,91440.52658354798,0.0,9362.5,100803.02658354798,1,False
2022-04-26,91440.52658354798,0.0,9400.0,100840.52658354798,1,False
2022-04-27,91440.52658354798,0.0,9087.5,100528.02658354798,1,False
2022-04-28,91440.52658354798,0.0,9562.5,101003.02658354798,1,False
2022-04-29,91440.52658354798,0.0,9962.5,101403.02658354798,1,False
2022-05-03,91440.52658354798,0.0,10087.5,101528.02658354798,1,False
2022-05-04,91440.52658354798,0.0,9875.0,101315.52658354798,1,False
2022-05-05,91440.52658354798,0.0,10025.0,101465.52658354798,1,False
2022-05-06,91440.52658354798,0.0,9775.0,101215.52658354798,1,False
2022-05-09,91440.52658354798,0.0,9450.0,100890.52658354798,1,False
2022-05-10,91440.52658354798,0.0,9762.5,101203.02658354798,1,False
2022-05-11,91440.52658354798,0.0,9787.5,101228.02658354798,1,False
2022-05-12,91440.52658354798,0.0,9712.5,101153.02658354798,1,False
2022-05-13,91440.52658354798,0.0,9975.0,101415.52658354798,1,False
2022-05-16,91440.52658354798,0.0,9787.5,101228.02658354798,1,False
2022-05-17,91440.52658354798,0.0,9862.5,101303.02658354798,1,False
2022-05-18,91440.52658354798,0.0,9875.0,101315.52658354798,1,False
2022-05-19,91440.52658354798,0.0,10062.5,101503.02658354798,1,False
2022-05-20,91440.52658354798,0.0,10037.5,101478.02658354798,1,False
2022-05-23,91440.52658354798,0.0,9825.0,101265.52658354798,1,False
2022-05-24,91440.52658354798,0.0,9612.5,101053.02658354798,1,False
2022-05-25,91440.52658354798,0.0,9725.0,101165.52658354798,1,False
2022-05-26,91440.52658354798,0.0,9687.5,101128.02658354798,1,False
2022-05-27,91440.52658354798,0.0,10000.0,101440.52658354798,1,False
2022-05-30,91440.52658354798,0.0,10100.0,101540.52658354798,1,False
2022-05-31,91440.52658354798,0.0,10150.0,101590.52658354798,1,False
2022-06-01,91440.52658354798,0.0,10250.0,101690.52658354798,1,False
2022-06-02,91440.52658354798,0.0,10025.0,101465.52658354798,1,False
2022-06-06,91440.52658354798,0.0,10162.5,101603.02658354798,1,False
2022-06-07,91440.52658354798,0.0,10025.0,101465.52658354798,1,False
2022-06-08,91440.52658354798,0.0,10125.0,101565.52658354798,1,False
2022-06-09,91440.52658354798,0.0,9962.5,101403.02658354798,1,False
2022-06-10,91440.52658354798,0.0,9825.0,101265.52658354798,1,False
2022-06-13,91440.52658354798,0.0,9487.5,100928.02658354798,1,False
2022-06-14,91440.52658354798,0.0,9475.0,100915.52658354798,1,False
2022-06-15,91440.52658354798,0.0,9312.5,100753.02658354798,1,False
2022-06-16,91440.52658354798,0.0,9162.5,100603.02658354798,1,False
2022-06-17,91440.52658354798,0.0,8800.0,100240.52658354798,1,False
2022-06-20,91440.52658354798,0.0,8537.5,99978.02658354798,1,False
2022-06-21,91440.52658354798,0.0,8650.0,100090.52658354798,1,False
2022-06-22,91440.52658354798,8466.357355312499,0.0,99906.88393886048,0,False
2022-06-23,91440.52658354798,8466.357355312499,0.0,99906.88393886048,0,False
2022-06-24,99906.88393886048,0.0,0.0,99906.88393886048,0,False
2022-06-27,99906.88393886048,0.0,0.0,99906.88393886048,0,False
2022-06-28,99906.88393886048,0.0,0.0,99906.88393886048,0,False
2022-06-29,99906.88393886048,0.0,0.0,99906.88393886048,0,False
2022-06-30,99906.88393886048,0.0,0.0,99906.88393886048,0,False
2022-07-01,99906.88393886048,0.0,0.0,99906.88393886048,0,False
2022-07-04,99906.88393886048,0.0,0.0,99906.88393886048,0,False
2022-07-05,99906.88393886048,0.0,0.0,99906.88393886048,0,False
2022-07-06,99906.88393886048,0.0,0.0,99906.88393886048,0,False
2022-07-07,99906.88393886048,0.0,0.0,99906.88393886048,0,False
2022-07-08,99906.88393886048,0.0,0.0,99906.88393886048,0,False
2022-07-11,99906.88393886048,0.0,0.0,99906.88393886048,0,False
2022-07-12,99906.88393886048,0.0,0.0,99906.88393886048,0,False
2022-07-13,99906.88393886048,0.0,0.0,99906.88393886048,0,False
2022-07-14,99906.88393886048,0.0,0.0,99906.88393886048,0,False
2022-07-15,99906.88393886048,0.0,0.0,99906.88393886048,0,False
2022-07-18,99906.88393886048,0.0,0.0,99906.88393886048,0,False
2022-07-19,99906.88393886048,0.0,0.0,99906.88393886048,0,False
2022-07-20,99906.88393886048,0.0,0.0,99906.88393886048,0,False
2022-07-21,99906.88393886048,0.0,0.0,99906.88393886048,0,False
2022-07-22,99906.88393886048,0.0,0.0,99906.88393886048,0,False
2022-07-25,99906.88393886048,0.0,0.0,99906.88393886048,0,False
2022-07-26,99906.88393886048,0.0,0.0,99906.88393886048,0,False
2022-07-27,99906.88393886048,0.0,0.0,99906.88393886048,0,False
2022-07-28,99906.88393886048,0.0,0.0,99906.88393886048,0,False
2022-07-29,99906.88393886048,0.0,0.0,99906.88393886048,0,False
2022-08-01,99906.88393886048,0.0,0.0,99906.88393886048,0,False
2022-08-02,99906.88393886048,0.0,0.0,99906.88393886048,0,False
2022-08-03,99906.88393886048,0.0,0.0,99906.88393886048,0,False
2022-08-04,99906.88393886048,0.0,0.0,99906.88393886048,0,False
2022-08-05,99906.88393886048,0.0,0.0,99906.88393886048,0,False
2022-08-08,99906.88393886048,0.0,0.0,99906.88393886048,0,False
2022-08-09,99906.88393886048,0.0,0.0,99906.88393886048,0,False
2022-08-10,99906.88393886048,0.0,0.0,99906.88393886048,0,False
2022-08-11,99906.88393886048,0.0,0.0,99906.88393886048,0,False
2022-08-12,99906.88393886048,0.0,0.0,99906.88393886048,0,False
2022-08-15,99906.88393886048,0.0,0.0,99906.88393886048,0,False
2022-08-16,99906.88393886048,0.0,0.0,99906.88393886048,0,False
2022-08-17,99906.88393886048,0.0,0.0,99906.88393886048,0,False
2022-08-18,99906.88393886048,0.0,0.0,99906.88393886048,0,False
2022-08-19,99906.88393886048,0.0,0.0,99906.88393886048,0,False
2022-08-22,99906.88393886048,0.0,0.0,99906.88393886048,0,False
2022-08-23,99906.88393886048,0.0,0.0,99906.88393886048,0,False
2022-08-24,99906.88393886048,0.0,0.0,99906.88393886048,0,False
2022-08-25,99906.88393886048,0.0,0.0,99906.88393886048,0,False
2022-08-26,99906.88393886048,0.0,0.0,99906.88393886048,0,False
2022-08-29,99906.88393886048,0.0,0.0,99906.88393886048,0,False
2022-08-30,99906.88393886048,0.0,0.0,99906.88393886048,0,False
2022-08-31,99906.88393886048,0.0,0.0,99906.88393886048,0,False
2022-09-01,99906.88393886048,0.0,0.0,99906.88393886048,0,False
2022-09-02,99906.88393886048,0.0,0.0,99906.88393886048,0,False
2022-09-05,99906.88393886048,0.0,0.0,99906.88393886048,0,False
2022-09-06,99906.88393886048,0.0,0.0,99906.88393886048,0,False
2022-09-07,99906.88393886048,0.0,0.0,99906.88393886048,0,False
2022-09-08,99906.88393886048,0.0,0.0,99906.88393886048,0,False
2022-09-12,99906.88393886048,0.0,0.0,99906.88393886048,0,False
2022-09-13,99906.88393886048,0.0,0.0,99906.88393886048,0,False
2022-09-14,99906.88393886048,0.0,0.0,99906.88393886048,0,False
2022-09-15,99906.88393886048,0.0,0.0,99906.88393886048,0,False
2022-09-16,99906.88393886048,0.0,0.0,99906.88393886048,0,False
2022-09-19,99906.88393886048,0.0,0.0,99906.88393886048,0,False
2022-09-20,99906.88393886048,0.0,0.0,99906.88393886048,0,False
2022-09-21,99906.88393886048,0.0,0.0,99906.88393886048,0,False
2022-09-22,99906.88393886048,0.0,0.0,99906.88393886048,0,False
2022-09-23,99906.88393886048,0.0,0.0,99906.88393886048,0,False
2022-09-26,99906.88393886048,0.0,0.0,99906.88393886048,0,False
2022-09-27,99906.88393886048,0.0,0.0,99906.88393886048,0,False
2022-09-28,99906.88393886048,0.0,0.0,99906.88393886048,0,False
2022-09-29,99906.88393886048,0.0,0.0,99906.88393886048,0,False
2022-09-30,99906.88393886048,0.0,0.0,99906.88393886048,0,False
2022-10-03,99906.88393886048,0.0,0.0,99906.88393886048,0,False
2022-10-04,99906.88393886048,0.0,0.0,99906.88393886048,0,False
2022-10-05,99906.88393886048,0.0,0.0,99906.88393886048,0,False
2022-10-06,99906.88393886048,0.0,0.0,99906.88393886048,0,False
2022-10-07,99906.88393886048,0.0,0.0,99906.88393886048,0,False
2022-10-11,99906.88393886048,0.0,0.0,99906.88393886048,0,False
2022-10-12,99906.88393886048,0.0,0.0,99906.88393886048,0,False
2022-10-13,99906.88393886048,0.0,0.0,99906.88393886048,0,False
2022-10-14,99906.88393886048,0.0,0.0,99906.88393886048,0,False
2022-10-17,99906.88393886048,0.0,0.0,99906.88393886048,0,False
2022-10-18,99906.88393886048,0.0,0.0,99906.88393886048,0,False
2022-10-19,99906.88393886048,0.0,0.0,99906.88393886048,0,False
2022-10-20,99906.88393886048,0.0,0.0,99906.88393886048,0,False
2022-10-21,99906.88393886048,0.0,0.0,99906.88393886048,0,False
2022-10-24,99906.88393886048,0.0,0.0,99906.88393886048,0,False
2022-10-25,99906.88393886048,0.0,0.0,99906.88393886048,0,False
2022-10-26,99906.88393886048,0.0,0.0,99906.88393886048,0,False
2022-10-27,99906.88393886048,0.0,0.0,99906.88393886048,0,False
2022-10-28,99906.88393886048,0.0,0.0,99906.88393886048,0,False
2022-10-31,99906.88393886048,0.0,0.0,99906.88393886048,0,False
2022-11-01,99906.88393886048,0.0,0.0,99906.88393886048,0,False
2022-11-02,99906.88393886048,0.0,0.0,99906.88393886048,0,False
2022-11-03,99906.88393886048,0.0,0.0,99906.88393886048,0,False
2022-11-04,99906.88393886048,0.0,0.0,99906.88393886048,0,False
2022-11-07,99906.88393886048,0.0,0.0,99906.88393886048,0,False
2022-11-08,99906.88393886048,0.0,0.0,99906.88393886048,0,False
2022-11-09,99906.88393886048,0.0,0.0,99906.88393886048,0,False
2022-11-10,99906.88393886048,0.0,0.0,99906.88393886048,0,False
2022-11-11,99906.88393886048,0.0,0.0,99906.88393886048,0,False
2022-11-14,99906.88393886048,0.0,0.0,99906.88393886048,0,False
2022-11-15,99906.88393886048,0.0,0.0,99906.88393886048,0,False
2022-11-16,99906.88393886048,0.0,0.0,99906.88393886048,0,False
2022-11-17,99906.88393886048,0.0,0.0,99906.88393886048,0,False
2022-11-18,99906.88393886048,0.0,0.0,99906.88393886048,0,False
2022-11-21,99906.88393886048,0.0,0.0,99906.88393886048,0,False
2022-11-22,99906.88393886048,0.0,0.0,99906.88393886048,0,False
2022-11-23,99906.88393886048,0.0,0.0,99906.88393886048,0,False
2022-11-24,99906.88393886048,0.0,0.0,99906.88393886048,0,False
2022-11-25,99906.88393886048,0.0,0.0,99906.88393886048,0,False
2022-11-28,99906.88393886048,0.0,0.0,99906.88393886048,0,False
2022-11-29,99906.88393886048,0.0,0.0,99906.88393886048,0,False
2022-11-30,99906.88393886048,0.0,0.0,99906.88393886048,0,False
2022-12-01,99906.88393886048,0.0,0.0,99906.88393886048,0,False
2022-12-02,99906.88393886048,0.0,0.0,99906.88393886048,0,False
2022-12-05,99906.88393886048,0.0,0.0,99906.88393886048,0,False
2022-12-06,99906.88393886048,0.0,0.0,99906.88393886048,0,False
2022-12-07,99906.88393886048,0.0,0.0,99906.88393886048,0,False
2022-12-08,99906.88393886048,0.0,0.0,99906.88393886048,0,False
2022-12-09,99906.88393886048,0.0,0.0,99906.88393886048,0,False
2022-12-12,99906.88393886048,0.0,0.0,99906.88393886048,0,False
2022-12-13,99906.88393886048,0.0,0.0,99906.88393886048,0,False
2022-12-14,99906.88393886048,0.0,0.0,99906.88393886048,0,False
2022-12-15,99906.88393886048,0.0,0.0,99906.88393886048,0,False
2022-12-16,99906.88393886048,0.0,0.0,99906.88393886048,0,False
2022-12-19,99906.88393886048,0.0,0.0,99906.88393886048,0,False
2022-12-20,99906.88393886048,0.0,0.0,99906.88393886048,0,False
2022-12-21,99906.88393886048,0.0,0.0,99906.88393886048,0,False
2022-12-22,99906.88393886048,0.0,0.0,99906.88393886048,0,False
2022-12-23,99906.88393886048,0.0,0.0,99906.88393886048,0,False
2022-12-26,99906.88393886048,0.0,0.0,99906.88393886048,0,False
2022-12-27,99906.88393886048,0.0,0.0,99906.88393886048,0,False
2022-12-28,99906.88393886048,0.0,0.0,99906.88393886048,0,False
2022-12-29,99906.88393886048,0.0,0.0,99906.88393886048,0,False
2022-12-30,99906.88393886048,0.0,0.0,99906.88393886048,0,False
2023-01-03,99906.88393886048,0.0,0.0,99906.88393886048,0,False
2023-01-04,99906.88393886048,0.0,0.0,99906.88393886048,0,False
2023-01-05,99906.88393886048,0.0,0.0,99906.88393886048,0,False
2023-01-06,99906.88393886048,0.0,0.0,99906.88393886048,0,False
2023-01-09,99906.88393886048,0.0,0.0,99906.88393886048,0,False
2023-01-10,99906.88393886048,0.0,0.0,99906.88393886048,0,False
2023-01-11,99906.88393886048,0.0,0.0,99906.88393886048,0,False
2023-01-12,99906.88393886048,0.0,0.0,99906.88393886048,0,False
2023-01-13,99906.88393886048,0.0,0.0,99906.88393886048,0,False
2023-01-16,99906.88393886048,0.0,0.0,99906.88393886048,0,False
2023-01-17,99906.88393886048,0.0,0.0,99906.88393886048,0,False
2023-01-30,99906.88393886048,0.0,0.0,99906.88393886048,0,False
2023-01-31,99906.88393886048,0.0,0.0,99906.88393886048,0,False
2023-02-01,99906.88393886048,0.0,0.0,99906.88393886048,0,False
2023-02-02,99906.88393886048,0.0,0.0,99906.88393886048,0,False
2023-02-03,99906.88393886048,0.0,0.0,99906.88393886048,0,False
2023-02-06,99906.88393886048,0.0,0.0,99906.88393886048,0,False
2023-02-07,99906.88393886048,0.0,0.0,99906.88393886048,0,False
2023-02-08,99906.88393886048,0.0,0.0,99906.88393886048,0,False
2023-02-09,99906.88393886048,0.0,0.0,99906.88393886048,0,False
2023-02-10,99906.88393886048,0.0,0.0,99906.88393886048,0,False
2023-02-13,99906.88393886048,0.0,0.0,99906.88393886048,0,False
2023-02-14,99906.88393886048,0.0,0.0,99906.88393886048,0,False
2023-02-15,99906.88393886048,0.0,0.0,99906.88393886048,0,False
2023-02-16,99906.88393886048,0.0,0.0,99906.88393886048,0,False
2023-02-17,99906.88393886048,0.0,0.0,99906.88393886048,0,False
2023-02-20,99906.88393886048,0.0,0.0,99906.88393886048,0,False
2023-02-21,99906.88393886048,0.0,0.0,99906.88393886048,0,False
2023-02-22,99906.88393886048,0.0,0.0,99906.88393886048,0,False
2023-02-23,99906.88393886048,0.0,0.0,99906.88393886048,0,False
2023-02-24,99906.88393886048,0.0,0.0,99906.88393886048,0,False
2023-03-01,99906.88393886048,0.0,0.0,99906.88393886048,0,False
2023-03-02,99906.88393886048,0.0,0.0,99906.88393886048,0,False
2023-03-03,99906.88393886048,0.0,0.0,99906.88393886048,0,False
2023-03-06,99906.88393886048,0.0,0.0,99906.88393886048,0,False
2023-03-07,99906.88393886048,0.0,0.0,99906.88393886048,0,False
2023-03-08,99906.88393886048,0.0,0.0,99906.88393886048,0,False
2023-03-09,99906.88393886048,0.0,0.0,99906.88393886048,0,False
2023-03-10,99906.88393886048,0.0,0.0,99906.88393886048,0,False
2023-03-13,99906.88393886048,0.0,0.0,99906.88393886048,0,False
2023-03-14,99906.88393886048,0.0,0.0,99906.88393886048,0,False
2023-03-15,99906.88393886048,0.0,0.0,99906.88393886048,0,False
2023-03-16,99906.88393886048,0.0,0.0,99906.88393886048,0,False
2023-03-17,99906.88393886048,0.0,0.0,99906.88393886048,0,False
2023-03-20,99906.88393886048,0.0,0.0,99906.88393886048,0,False
2023-03-21,99906.88393886048,0.0,0.0,99906.88393886048,0,False
2023-03-22,99906.88393886048,0.0,0.0,99906.88393886048,0,False
2023-03-23,99906.88393886048,0.0,0.0,99906.88393886048,0,False
2023-03-24,99906.88393886048,0.0,0.0,99906.88393886048,0,False
2023-03-27,99906.88393886048,0.0,0.0,99906.88393886048,0,False
2023-03-28,99906.88393886048,0.0,0.0,99906.88393886048,0,False
2023-03-29,99906.88393886048,0.0,0.0,99906.88393886048,0,False
2023-03-30,99906.88393886048,0.0,0.0,99906.88393886048,0,False
2023-03-31,99906.88393886048,0.0,0.0,99906.88393886048,0,False
2023-04-06,99906.88393886048,0.0,0.0,99906.88393886048,0,False
2023-04-07,99906.88393886048,0.0,0.0,99906.88393886048,0,False
2023-04-10,99906.88393886048,0.0,0.0,99906.88393886048,0,False
2023-04-11,99906.88393886048,0.0,0.0,99906.88393886048,0,False
2023-04-12,99906.88393886048,0.0,0.0,99906.88393886048,0,False
2023-04-13,99906.88393886048,0.0,0.0,99906.88393886048,0,False
2023-04-14,99906.88393886048,0.0,0.0,99906.88393886048,0,False
2023-04-17,99906.88393886048,0.0,0.0,99906.88393886048,0,False
2023-04-18,99906.88393886048,0.0,0.0,99906.88393886048,0,False
2023-04-19,99906.88393886048,0.0,0.0,99906.88393886048,0,False
2023-04-20,99906.88393886048,0.0,0.0,99906.88393886048,0,False
2023-04-21,99906.88393886048,0.0,0.0,99906.88393886048,0,False
2023-04-24,99906.88393886048,0.0,0.0,99906.88393886048,0,False
2023-04-25,99906.88393886048,0.0,0.0,99906.88393886048,0,False
2023-04-26,99906.88393886048,0.0,0.0,99906.88393886048,0,False
2023-04-27,99906.88393886048,0.0,0.0,99906.88393886048,0,False
2023-04-28,99906.88393886048,0.0,0.0,99906.88393886048,0,False
2023-05-02,99906.88393886048,0.0,0.0,99906.88393886048,0,False
2023-05-03,99906.88393886048,0.0,0.0,99906.88393886048,0,False
2023-05-04,99906.88393886048,0.0,0.0,99906.88393886048,0,False
2023-05-05,99906.88393886048,0.0,0.0,99906.88393886048,0,False
2023-05-08,99906.88393886048,0.0,0.0,99906.88393886048,0,False
2023-05-09,99906.88393886048,0.0,0.0,99906.88393886048,0,False
2023-05-10,99906.88393886048,0.0,0.0,99906.88393886048,0,False
2023-05-11,99906.88393886048,0.0,0.0,99906.88393886048,0,False
2023-05-12,99906.88393886048,0.0,0.0,99906.88393886048,0,False
2023-05-15,99906.88393886048,0.0,0.0,99906.88393886048,0,False
2023-05-16,99906.88393886048,0.0,0.0,99906.88393886048,0,False
2023-05-17,99906.88393886048,0.0,0.0,99906.88393886048,0,False
2023-05-18,99906.88393886048,0.0,0.0,99906.88393886048,0,False
2023-05-19,99906.88393886048,0.0,0.0,99906.88393886048,0,False
2023-05-22,99906.88393886048,0.0,0.0,99906.88393886048,0,False
2023-05-23,99906.88393886048,0.0,0.0,99906.88393886048,0,False
2023-05-24,99906.88393886048,0.0,0.0,99906.88393886048,0,False
2023-05-25,99906.88393886048,0.0,0.0,99906.88393886048,0,False
2023-05-26,99906.88393886048,0.0,0.0,99906.88393886048,0,False
2023-05-29,99906.88393886048,0.0,0.0,99906.88393886048,0,False
2023-05-30,99906.88393886048,0.0,0.0,99906.88393886048,0,False
2023-05-31,99906.88393886048,0.0,0.0,99906.88393886048,0,False
2023-06-01,99906.88393886048,0.0,0.0,99906.88393886048,0,False
2023-06-02,99906.88393886048,0.0,0.0,99906.88393886048,0,False
2023-06-05,99906.88393886048,0.0,0.0,99906.88393886048,0,False
2023-06-06,99906.88393886048,0.0,0.0,99906.88393886048,0,False
2023-06-07,99906.88393886048,0.0,0.0,99906.88393886048,0,False
2023-06-08,99906.88393886048,0.0,0.0,99906.88393886048,0,False
2023-06-09,99906.88393886048,0.0,0.0,99906.88393886048,0,False
2023-06-12,99906.88393886048,0.0,0.0,99906.88393886048,0,False
2023-06-13,99906.88393886048,0.0,0.0,99906.88393886048,0,False
2023-06-14,99906.88393886048,0.0,0.0,99906.88393886048,0,False
2023-06-15,99906.88393886048,0.0,0.0,99906.88393886048,0,False
2023-06-16,99906.88393886048,0.0,0.0,99906.88393886048,0,False
2023-06-19,99906.88393886048,0.0,0.0,99906.88393886048,0,False
2023-06-20,99906.88393886048,0.0,0.0,99906.88393886048,0,False
2023-06-21,99906.88393886048,0.0,0.0,99906.88393886048,0,False
2023-06-26,99906.88393886048,0.0,0.0,99906.88393886048,0,False
2023-06-27,99906.88393886048,0.0,0.0,99906.88393886048,0,False
2023-06-28,99906.88393886048,0.0,0.0,99906.88393886048,0,False
2023-06-29,99906.88393886048,0.0,0.0,99906.88393886048,0,False
2023-06-30,99906.88393886048,0.0,0.0,99906.88393886048,0,False
2023-07-03,99906.88393886048,0.0,0.0,99906.88393886048,0,False
2023-07-04,99906.88393886048,0.0,0.0,99906.88393886048,0,False
2023-07-05,99906.88393886048,0.0,0.0,99906.88393886048,0,False
2023-07-06,99906.88393886048,0.0,0.0,99906.88393886048,0,False
2023-07-07,99906.88393886048,0.0,0.0,99906.88393886048,0,False
2023-07-10,99906.88393886048,0.0,0.0,99906.88393886048,0,False
2023-07-11,99906.88393886048,0.0,0.0,99906.88393886048,0,False
2023-07-12,99906.88393886048,0.0,0.0,99906.88393886048,0,False
2023-07-13,99906.88393886048,0.0,0.0,99906.88393886048,0,False
2023-07-14,99906.88393886048,0.0,0.0,99906.88393886048,0,False
2023-07-17,99906.88393886048,0.0,0.0,99906.88393886048,0,False
2023-07-18,99906.88393886048,0.0,0.0,99906.88393886048,0,False
2023-07-19,99906.88393886048,0.0,0.0,99906.88393886048,0,False
2023-07-20,99906.88393886048,0.0,0.0,99906.88393886048,0,False
2023-07-21,99906.88393886048,0.0,0.0,99906.88393886048,0,False
2023-07-24,99906.88393886048,0.0,0.0,99906.88393886048,0,False
2023-07-25,99906.88393886048,0.0,0.0,99906.88393886048,0,False
2023-07-26,99906.88393886048,0.0,0.0,99906.88393886048,0,False
2023-07-27,99906.88393886048,0.0,0.0,99906.88393886048,0,False
2023-07-28,99906.88393886048,0.0,0.0,99906.88393886048,0,False
2023-07-31,99906.88393886048,0.0,0.0,99906.88393886048,0,False
2023-08-01,99906.88393886048,0.0,0.0,99906.88393886048,0,False
2023-08-02,99906.88393886048,0.0,0.0,99906.88393886048,0,False
2023-08-04,99906.88393886048,0.0,0.0,99906.88393886048,0,False
2023-08-07,99906.88393886048,0.0,0.0,99906.88393886048,0,False
2023-08-08,99906.88393886048,0.0,0.0,99906.88393886048,0,False
2023-08-09,99906.88393886048,0.0,0.0,99906.88393886048,0,False
2023-08-10,99906.88393886048,0.0,0.0,99906.88393886048,0,False
2023-08-11,99906.88393886048,0.0,0.0,99906.88393886048,0,False
2023-08-14,99906.88393886048,0.0,0.0,99906.88393886048,0,False
2023-08-15,99906.88393886048,0.0,0.0,99906.88393886048,0,False
2023-08-16,99906.88393886048,0.0,0.0,99906.88393886048,0,False
2023-08-17,99906.88393886048,0.0,0.0,99906.88393886048,0,False
2023-08-18,99906.88393886048,0.0,0.0,99906.88393886048,0,False
2023-08-21,99906.88393886048,0.0,0.0,99906.88393886048,0,False
2023-08-22,99906.88393886048,0.0,0.0,99906.88393886048,0,False
2023-08-23,99906.88393886048,0.0,0.0,99906.88393886048,0,False
2023-08-24,99906.88393886048,0.0,0.0,99906.88393886048,0,False
2023-08-25,99906.88393886048,0.0,0.0,99906.88393886048,0,False
2023-08-28,99906.88393886048,0.0,0.0,99906.88393886048,0,False
2023-08-29,99906.88393886048,0.0,0.0,99906.88393886048,0,False
2023-08-30,99906.88393886048,0.0,0.0,99906.88393886048,0,False
2023-08-31,99906.88393886048,0.0,0.0,99906.88393886048,0,False
2023-09-01,99906.88393886048,0.0,0.0,99906.88393886048,0,False
2023-09-04,99906.88393886048,0.0,0.0,99906.88393886048,0,False
2023-09-05,99906.88393886048,0.0,0.0,99906.88393886048,0,False
2023-09-06,99906.88393886048,0.0,0.0,99906.88393886048,0,False
2023-09-07,99906.88393886048,0.0,0.0,99906.88393886048,0,False
2023-09-08,99906.88393886048,0.0,0.0,99906.88393886048,0,False
2023-09-11,99906.88393886048,0.0,0.0,99906.88393886048,0,False
2023-09-12,99906.88393886048,0.0,0.0,99906.88393886048,0,False
2023-09-13,99906.88393886048,0.0,0.0,99906.88393886048,0,False
2023-09-14,99906.88393886048,0.0,0.0,99906.88393886048,0,False
2023-09-15,99906.88393886048,0.0,0.0,99906.88393886048,0,False
2023-09-18,99906.88393886048,0.0,0.0,99906.88393886048,0,False
2023-09-19,99906.88393886048,0.0,0.0,99906.88393886048,0,False
2023-09-20,99906.88393886048,0.0,0.0,99906.88393886048,0,False
2023-09-21,99906.88393886048,0.0,0.0,99906.88393886048,0,False
2023-09-22,99906.88393886048,0.0,0.0,99906.88393886048,0,False
2023-09-25,99906.88393886048,0.0,0.0,99906.88393886048,0,False
2023-09-26,99906.88393886048,0.0,0.0,99906.88393886048,0,False
2023-09-27,99906.88393886048,0.0,0.0,99906.88393886048,0,False
2023-09-28,99906.88393886048,0.0,0.0,99906.88393886048,0,False
2023-10-02,99906.88393886048,0.0,0.0,99906.88393886048,0,False
2023-10-03,99906.88393886048,0.0,0.0,99906.88393886048,0,False
2023-10-04,99906.88393886048,0.0,0.0,99906.88393886048,0,False
2023-10-05,99906.88393886048,0.0,0.0,99906.88393886048,0,False
2023-10-06,99906.88393886048,0.0,0.0,99906.88393886048,0,False
2023-10-11,99906.88393886048,0.0,0.0,99906.88393886048,0,False
2023-10-12,99906.88393886048,0.0,0.0,99906.88393886048,0,False
2023-10-13,99906.88393886048,0.0,0.0,99906.88393886048,0,False
2023-10-16,99906.88393886048,0.0,0.0,99906.88393886048,0,False
2023-10-17,99906.88393886048,0.0,0.0,99906.88393886048,0,False
2023-10-18,99906.88393886048,0.0,0.0,99906.88393886048,0,False
2023-10-19,99906.88393886048,0.0,0.0,99906.88393886048,0,False
2023-10-20,99906.88393886048,0.0,0.0,99906.88393886048,0,False
2023-10-23,99906.88393886048,0.0,0.0,99906.88393886048,0,False
2023-10-24,99906.88393886048,0.0,0.0,99906.88393886048,0,False
2023-10-25,99906.88393886048,0.0,0.0,99906.88393886048,0,False
2023-10-26,99906.88393886048,0.0,0.0,99906.88393886048,0,False
2023-10-27,99906.88393886048,0.0,0.0,99906.88393886048,0,False
2023-10-30,99906.88393886048,0.0,0.0,99906.88393886048,0,False
2023-10-31,99906.88393886048,0.0,0.0,99906.88393886048,0,False
2023-11-01,99906.88393886048,0.0,0.0,99906.88393886048,0,False
2023-11-02,99906.88393886048,0.0,0.0,99906.88393886048,0,False
2023-11-03,99906.88393886048,0.0,0.0,99906.88393886048,0,False
2023-11-06,99906.88393886048,0.0,0.0,99906.88393886048,0,False
2023-11-07,99906.88393886048,0.0,0.0,99906.88393886048,0,False
2023-11-08,99906.88393886048,0.0,0.0,99906.88393886048,0,False
2023-11-09,99906.88393886048,0.0,0.0,99906.88393886048,0,False
2023-11-10,99906.88393886048,0.0,0.0,99906.88393886048,0,False
2023-11-13,99906.88393886048,0.0,0.0,99906.88393886048,0,False
2023-11-14,99906.88393886048,0.0,0.0,99906.88393886048,0,False
2023-11-15,99906.88393886048,0.0,0.0,99906.88393886048,0,False
2023-11-16,99906.88393886048,0.0,0.0,99906.88393886048,0,False
2023-11-17,99906.88393886048,0.0,0.0,99906.88393886048,0,False
2023-11-20,99906.88393886048,0.0,0.0,99906.88393886048,0,False
2023-11-21,99906.88393886048,0.0,0.0,99906.88393886048,0,False
2023-11-22,99906.88393886048,0.0,0.0,99906.88393886048,0,False
2023-11-23,99906.88393886048,0.0,0.0,99906.88393886048,0,False
2023-11-24,99906.88393886048,0.0,0.0,99906.88393886048,0,False
2023-11-27,99906.88393886048,0.0,0.0,99906.88393886048,0,False
2023-11-28,99906.88393886048,0.0,0.0,99906.88393886048,0,False
2023-11-29,99906.88393886048,0.0,0.0,99906.88393886048,0,False
2023-11-30,99906.88393886048,0.0,0.0,99906.88393886048,0,False
2023-12-01,99906.88393886048,0.0,0.0,99906.88393886048,0,False
2023-12-04,99906.88393886048,0.0,0.0,99906.88393886048,0,False
2023-12-05,99906.88393886048,0.0,0.0,99906.88393886048,0,False
2023-12-06,99906.88393886048,0.0,0.0,99906.88393886048,0,False
2023-12-07,99906.88393886048,0.0,0.0,99906.88393886048,0,False
2023-12-08,99906.88393886048,0.0,0.0,99906.88393886048,0,False
2023-12-11,99906.88393886048,0.0,0.0,99906.88393886048,0,False
2023-12-12,99906.88393886048,0.0,0.0,99906.88393886048,0,False
2023-12-13,99906.88393886048,0.0,0.0,99906.88393886048,0,False
2023-12-14,99906.88393886048,0.0,0.0,99906.88393886048,0,False
2023-12-15,99906.88393886048,0.0,0.0,99906.88393886048,0,False
2023-12-18,99906.88393886048,0.0,0.0,99906.88393886048,0,False
2023-12-19,99906.88393886048,0.0,0.0,99906.88393886048,0,False
2023-12-20,99906.88393886048,0.0,0.0,99906.88393886048,0,False
2023-12-21,99906.88393886048,0.0,0.0,99906.88393886048,0,False
2023-12-22,99906.88393886048,0.0,0.0,99906.88393886048,0,False
2023-12-25,99906.88393886048,0.0,0.0,99906.88393886048,0,False
2023-12-26,99906.88393886048,0.0,0.0,99906.88393886048,0,False
2023-12-27,99906.88393886048,0.0,0.0,99906.88393886048,0,False
2023-12-28,99906.88393886048,0.0,0.0,99906.88393886048,0,False
2023-12-29,99906.88393886048,0.0,0.0,99906.88393886048,0,False
2024-01-02,99906.88393886048,0.0,0.0,99906.88393886048,0,False
2024-01-03,99906.88393886048,0.0,0.0,99906.88393886048,0,False
2024-01-04,99906.88393886048,0.0,0.0,99906.88393886048,0,False
2024-01-05,99906.88393886048,0.0,0.0,99906.88393886048,0,False
2024-01-08,99906.88393886048,0.0,0.0,99906.88393886048,0,False
2024-01-09,99906.88393886048,0.0,0.0,99906.88393886048,0,False
2024-01-10,99906.88393886048,0.0,0.0,99906.88393886048,0,False
2024-01-11,99906.88393886048,0.0,0.0,99906.88393886048,0,False
2024-01-12,99906.88393886048,0.0,0.0,99906.88393886048,0,False
2024-01-15,99906.88393886048,0.0,0.0,99906.88393886048,0,False
2024-01-16,99906.88393886048,0.0,0.0,99906.88393886048,0,False
2024-01-17,99906.88393886048,0.0,0.0,99906.88393886048,0,False
2024-01-18,99906.88393886048,0.0,0.0,99906.88393886048,0,False
2024-01-19,99906.88393886048,0.0,0.0,99906.88393886048,0,False
2024-01-22,99906.88393886048,0.0,0.0,99906.88393886048,0,False
2024-01-23,99906.88393886048,0.0,0.0,99906.88393886048,0,False
2024-01-24,99906.88393886048,0.0,0.0,99906.88393886048,0,False
2024-01-25,99906.88393886048,0.0,0.0,99906.88393886048,0,False
2024-01-26,99906.88393886048,0.0,0.0,99906.88393886048,0,False
2024-01-29,99906.88393886048,0.0,0.0,99906.88393886048,0,False
2024-01-30,99906.88393886048,0.0,0.0,99906.88393886048,0,False
2024-01-31,99906.88393886048,0.0,0.0,99906.88393886048,0,False
2024-02-01,99906.88393886048,0.0,0.0,99906.88393886048,0,False
2024-02-02,99906.88393886048,0.0,0.0,99906.88393886048,0,False
2024-02-05,99906.88393886048,0.0,0.0,99906.88393886048,0,False
2024-02-15,99906.88393886048,0.0,0.0,99906.88393886048,0,False
2024-02-16,99906.88393886048,0.0,0.0,99906.88393886048,0,False
2024-02-19,99906.88393886048,0.0,0.0,99906.88393886048,0,False
2024-02-20,99906.88393886048,0.0,0.0,99906.88393886048,0,False
2024-02-21,99906.88393886048,0.0,0.0,99906.88393886048,0,False
2024-02-22,99906.88393886048,0.0,0.0,99906.88393886048,0,False
2024-02-23,99906.88393886048,0.0,0.0,99906.88393886048,0,False
2024-02-26,99906.88393886048,0.0,0.0,99906.88393886048,0,False
2024-02-27,99906.88393886048,0.0,0.0,99906.88393886048,0,False
2024-02-29,99906.88393886048,0.0,0.0,99906.88393886048,0,False
2024-03-01,99906.88393886048,0.0,0.0,99906.88393886048,0,False
2024-03-04,99906.88393886048,0.0,0.0,99906.88393886048,0,False
2024-03-05,99906.88393886048,0.0,0.0,99906.88393886048,0,False
2024-03-06,99906.88393886048,0.0,0.0,99906.88393886048,0,False
2024-03-07,99906.88393886048,0.0,0.0,99906.88393886048,0,False
2024-03-08,99906.88393886048,0.0,0.0,99906.88393886048,0,False
2024-03-11,99906.88393886048,0.0,0.0,99906.88393886048,0,False
2024-03-12,99906.88393886048,0.0,0.0,99906.88393886048,0,False
2024-03-13,99906.88393886048,0.0,0.0,99906.88393886048,0,False
2024-03-14,99906.88393886048,0.0,0.0,99906.88393886048,0,False
2024-03-15,99906.88393886048,0.0,0.0,99906.88393886048,0,False
2024-03-18,99906.88393886048,0.0,0.0,99906.88393886048,0,False
2024-03-19,99906.88393886048,0.0,0.0,99906.88393886048,0,False
2024-03-20,99906.88393886048,0.0,0.0,99906.88393886048,0,False
2024-03-21,99906.88393886048,0.0,0.0,99906.88393886048,0,False
2024-03-22,99906.88393886048,0.0,0.0,99906.88393886048,0,False
2024-03-25,99906.88393886048,0.0,0.0,99906.88393886048,0,False
2024-03-26,99906.88393886048,0.0,0.0,99906.88393886048,0,False
2024-03-27,99906.88393886048,0.0,0.0,99906.88393886048,0,False
2024-03-28,99906.88393886048,0.0,0.0,99906.88393886048,0,False
2024-03-29,99906.88393886048,0.0,0.0,99906.88393886048,0,False
2024-04-01,99906.88393886048,0.0,0.0,99906.88393886048,0,False
2024-04-02,99906.88393886048,0.0,0.0,99906.88393886048,0,False
2024-04-03,99906.88393886048,0.0,0.0,99906.88393886048,0,False
2024-04-08,99906.88393886048,0.0,0.0,99906.88393886048,0,False
2024-04-09,99906.88393886048,0.0,0.0,99906.88393886048,0,False
2024-04-10,99906.88393886048,0.0,0.0,99906.88393886048,0,False
2024-04-11,99906.88393886048,0.0,0.0,99906.88393886048,0,False
2024-04-12,99906.88393886048,0.0,0.0,99906.88393886048,0,False
2024-04-15,99906.88393886048,0.0,0.0,99906.88393886048,0,False
2024-04-16,99906.88393886048,0.0,0.0,99906.88393886048,0,False
2024-04-17,99906.88393886048,0.0,0.0,99906.88393886048,0,False
2024-04-18,99906.88393886048,0.0,0.0,99906.88393886048,0,False
2024-04-19,99906.88393886048,0.0,0.0,99906.88393886048,0,False
2024-04-22,99906.88393886048,0.0,0.0,99906.88393886048,0,False
2024-04-23,99906.88393886048,0.0,0.0,99906.88393886048,0,False
2024-04-24,99906.88393886048,0.0,0.0,99906.88393886048,0,False
2024-04-25,99906.88393886048,0.0,0.0,99906.88393886048,0,False
2024-04-26,99906.88393886048,0.0,0.0,99906.88393886048,0,False
2024-04-29,99906.88393886048,0.0,0.0,99906.88393886048,0,False
2024-04-30,99906.88393886048,0.0,0.0,99906.88393886048,0,False
2024-05-02,99906.88393886048,0.0,0.0,99906.88393886048,0,False
2024-05-03,99906.88393886048,0.0,0.0,99906.88393886048,0,False
2024-05-06,99906.88393886048,0.0,0.0,99906.88393886048,0,False
2024-05-07,99906.88393886048,0.0,0.0,99906.88393886048,0,False
2024-05-08,99906.88393886048,0.0,0.0,99906.88393886048,0,False
2024-05-09,99906.88393886048,0.0,0.0,99906.88393886048,0,False
2024-05-10,99906.88393886048,0.0,0.0,99906.88393886048,0,False
2024-05-13,99906.88393886048,0.0,0.0,99906.88393886048,0,False
2024-05-14,99906.88393886048,0.0,0.0,99906.88393886048,0,False
2024-05-15,99906.88393886048,0.0,0.0,99906.88393886048,0,False
2024-05-16,99906.88393886048,0.0,0.0,99906.88393886048,0,False
2024-05-17,99906.88393886048,0.0,0.0,99906.88393886048,0,False
2024-05-20,99906.88393886048,0.0,0.0,99906.88393886048,0,False
2024-05-21,99906.88393886048,0.0,0.0,99906.88393886048,0,False
2024-05-22,99906.88393886048,0.0,0.0,99906.88393886048,0,False
2024-05-23,99906.88393886048,0.0,0.0,99906.88393886048,0,False
2024-05-24,99906.88393886048,0.0,0.0,99906.88393886048,0,False
2024-05-27,99906.88393886048,0.0,0.0,99906.88393886048,0,False
2024-05-28,99906.88393886048,0.0,0.0,99906.88393886048,0,False
2024-05-29,99906.88393886048,0.0,0.0,99906.88393886048,0,False
2024-05-30,99906.88393886048,0.0,0.0,99906.88393886048,0,False
2024-05-31,99906.88393886048,0.0,0.0,99906.88393886048,0,False
2024-06-03,99906.88393886048,0.0,0.0,99906.88393886048,0,False
2024-06-04,99906.88393886048,0.0,0.0,99906.88393886048,0,False
2024-06-05,99906.88393886048,0.0,0.0,99906.88393886048,0,False
2024-06-06,99906.88393886048,0.0,0.0,99906.88393886048,0,False
2024-06-07,99906.88393886048,0.0,0.0,99906.88393886048,0,False
2024-06-11,99906.88393886048,0.0,0.0,99906.88393886048,0,False
2024-06-12,99906.88393886048,0.0,0.0,99906.88393886048,0,False
2024-06-13,99906.88393886048,0.0,0.0,99906.88393886048,0,False
2024-06-14,99906.88393886048,0.0,0.0,99906.88393886048,0,False
2024-06-17,99906.88393886048,0.0,0.0,99906.88393886048,0,False
2024-06-18,99906.88393886048,0.0,0.0,99906.88393886048,0,False
2024-06-19,99906.88393886048,0.0,0.0,99906.88393886048,0,False
2024-06-20,99906.88393886048,0.0,0.0,99906.88393886048,0,False
2024-06-21,99906.88393886048,0.0,0.0,99906.88393886048,0,False
2024-06-24,99906.88393886048,0.0,0.0,99906.88393886048,0,False
2024-06-25,99906.88393886048,0.0,0.0,99906.88393886048,0,False
2024-06-26,99906.88393886048,0.0,0.0,99906.88393886048,0,False
2024-06-27,99906.88393886048,0.0,0.0,99906.88393886048,0,False
2024-06-28,99906.88393886048,0.0,0.0,99906.88393886048,0,False
2024-07-01,99906.88393886048,0.0,0.0,99906.88393886048,0,False
2024-07-02,99906.88393886048,0.0,0.0,99906.88393886048,0,False
2024-07-03,99906.88393886048,0.0,0.0,99906.88393886048,0,False
2024-07-04,99906.88393886048,0.0,0.0,99906.88393886048,0,False
2024-07-05,99906.88393886048,0.0,0.0,99906.88393886048,0,False
2024-07-08,99906.88393886048,0.0,0.0,99906.88393886048,0,False
2024-07-09,99906.88393886048,0.0,0.0,99906.88393886048,0,False
2024-07-10,99906.88393886048,0.0,0.0,99906.88393886048,0,False
2024-07-11,99906.88393886048,0.0,0.0,99906.88393886048,0,False
2024-07-12,99906.88393886048,0.0,0.0,99906.88393886048,0,False
2024-07-15,99906.88393886048,0.0,0.0,99906.88393886048,0,False
2024-07-16,99906.88393886048,0.0,0.0,99906.88393886048,0,False
2024-07-17,99906.88393886048,0.0,0.0,99906.88393886048,0,False
2024-07-18,99906.88393886048,0.0,0.0,99906.88393886048,0,False
2024-07-19,99906.88393886048,0.0,0.0,99906.88393886048,0,False
2024-07-22,99906.88393886048,0.0,0.0,99906.88393886048,0,False
2024-07-23,99906.88393886048,0.0,0.0,99906.88393886048,0,False
2024-07-26,99906.88393886048,0.0,0.0,99906.88393886048,0,False
2024-07-29,99906.88393886048,0.0,0.0,99906.88393886048,0,False
2024-07-30,99906.88393886048,0.0,0.0,99906.88393886048,0,False
2024-07-31,99906.88393886048,0.0,0.0,99906.88393886048,0,False
2024-08-01,99906.88393886048,0.0,0.0,99906.88393886048,0,False
2024-08-02,99906.88393886048,0.0,0.0,99906.88393886048,0,False
2024-08-05,99906.88393886048,0.0,0.0,99906.88393886048,0,False
2024-08-06,99906.88393886048,0.0,0.0,99906.88393886048,0,False
2024-08-07,99906.88393886048,0.0,0.0,99906.88393886048,0,False
2024-08-08,99906.88393886048,0.0,0.0,99906.88393886048,0,False
2024-08-09,99906.88393886048,0.0,0.0,99906.88393886048,0,False
2024-08-12,99906.88393886048,0.0,0.0,99906.88393886048,0,False
2024-08-13,99906.88393886048,0.0,0.0,99906.88393886048,0,False
2024-08-14,99906.88393886048,0.0,0.0,99906.88393886048,0,False
2024-08-15,99906.88393886048,0.0,0.0,99906.88393886048,0,False
2024-08-16,99906.88393886048,0.0,0.0,99906.88393886048,0,False
2024-08-19,99906.88393886048,0.0,0.0,99906.88393886048,0,False
2024-08-20,99906.88393886048,0.0,0.0,99906.88393886048,0,False
2024-08-21,99906.88393886048,0.0,0.0,99906.88393886048,0,False
2024-08-22,99906.88393886048,0.0,0.0,99906.88393886048,0,False
2024-08-23,99906.88393886048,0.0,0.0,99906.88393886048,0,False
2024-08-26,99906.88393886048,0.0,0.0,99906.88393886048,0,False
2024-08-27,99906.88393886048,0.0,0.0,99906.88393886048,0,False
2024-08-28,99906.88393886048,0.0,0.0,99906.88393886048,0,False
2024-08-29,99906.88393886048,0.0,0.0,99906.88393886048,0,False
2024-08-30,99906.88393886048,0.0,0.0,99906.88393886048,0,False
2024-09-02,99906.88393886048,0.0,0.0,99906.88393886048,0,False
2024-09-03,99906.88393886048,0.0,0.0,99906.88393886048,0,False
2024-09-04,99906.88393886048,0.0,0.0,99906.88393886048,0,False
2024-09-05,99906.88393886048,0.0,0.0,99906.88393886048,0,False
2024-09-06,99906.88393886048,0.0,0.0,99906.88393886048,0,False
2024-09-09,99906.88393886048,0.0,0.0,99906.88393886048,0,False
2024-09-10,99906.88393886048,0.0,0.0,99906.88393886048,0,False
2024-09-11,99906.88393886048,0.0,0.0,99906.88393886048,0,False
2024-09-12,99906.88393886048,0.0,0.0,99906.88393886048,0,False
2024-09-13,99906.88393886048,0.0,0.0,99906.88393886048,0,False
2024-09-16,99906.88393886048,0.0,0.0,99906.88393886048,0,False
2024-09-18,99906.88393886048,0.0,0.0,99906.88393886048,0,False
2024-09-19,99906.88393886048,0.0,0.0,99906.88393886048,0,False
2024-09-20,99906.88393886048,0.0,0.0,99906.88393886048,0,False
2024-09-23,99906.88393886048,0.0,0.0,99906.88393886048,0,False
2024-09-24,99906.88393886048,0.0,0.0,99906.88393886048,0,False
2024-09-25,99906.88393886048,0.0,0.0,99906.88393886048,0,False
2024-09-26,99906.88393886048,0.0,0.0,99906.88393886048,0,False
2024-09-27,99906.88393886048,0.0,0.0,99906.88393886048,0,False
2024-09-30,99906.88393886048,0.0,0.0,99906.88393886048,0,False
2024-10-01,99906.88393886048,0.0,0.0,99906.88393886048,0,False
2024-10-04,99906.88393886048,0.0,0.0,99906.88393886048,0,False
2024-10-07,99906.88393886048,0.0,0.0,99906.88393886048,0,False
2024-10-08,99906.88393886048,0.0,0.0,99906.88393886048,0,False
2024-10-09,99906.88393886048,0.0,0.0,99906.88393886048,0,False
2024-10-11,99906.88393886048,0.0,0.0,99906.88393886048,0,False
2024-10-14,99906.88393886048,0.0,0.0,99906.88393886048,0,False
2024-10-15,99906.88393886048,0.0,0.0,99906.88393886048,0,False
2024-10-16,99906.88393886048,0.0,0.0,99906.88393886048,0,False
2024-10-17,99906.88393886048,0.0,0.0,99906.88393886048,0,False
2024-10-18,99906.88393886048,0.0,0.0,99906.88393886048,0,False
2024-10-21,99906.88393886048,0.0,0.0,99906.88393886048,0,False
2024-10-22,99906.88393886048,0.0,0.0,99906.88393886048,0,False
2024-10-23,99906.88393886048,0.0,0.0,99906.88393886048,0,False
2024-10-24,99906.88393886048,0.0,0.0,99906.88393886048,0,False
2024-10-25,99906.88393886048,0.0,0.0,99906.88393886048,0,False
2024-10-28,99906.88393886048,0.0,0.0,99906.88393886048,0,False
2024-10-29,99906.88393886048,0.0,0.0,99906.88393886048,0,False
2024-10-30,99906.88393886048,0.0,0.0,99906.88393886048,0,False
2024-11-01,99906.88393886048,0.0,0.0,99906.88393886048,0,False
2024-11-04,99906.88393886048,0.0,0.0,99906.88393886048,0,False
2024-11-05,99906.88393886048,0.0,0.0,99906.88393886048,0,False
2024-11-06,99906.88393886048,0.0,0.0,99906.88393886048,0,False
2024-11-07,99906.88393886048,0.0,0.0,99906.88393886048,0,False
2024-11-08,99906.88393886048,0.0,0.0,99906.88393886048,0,False
2024-11-11,99906.88393886048,0.0,0.0,99906.88393886048,0,False
2024-11-12,99906.88393886048,0.0,0.0,99906.88393886048,0,False
2024-11-13,99906.88393886048,0.0,0.0,99906.88393886048,0,False
2024-11-14,99906.88393886048,0.0,0.0,99906.88393886048,0,False
2024-11-15,99906.88393886048,0.0,0.0,99906.88393886048,0,False
2024-11-18,99906.88393886048,0.0,0.0,99906.88393886048,0,False
2024-11-19,99906.88393886048,0.0,0.0,99906.88393886048,0,False
2024-11-20,99906.88393886048,0.0,0.0,99906.88393886048,0,False
2024-11-21,99906.88393886048,0.0,0.0,99906.88393886048,0,False
2024-11-22,99906.88393886048,0.0,0.0,99906.88393886048,0,False
2024-11-25,99906.88393886048,0.0,0.0,99906.88393886048,0,False
2024-11-26,99906.88393886048,0.0,0.0,99906.88393886048,0,False
2024-11-27,99906.88393886048,0.0,0.0,99906.88393886048,0,False
2024-11-28,99906.88393886048,0.0,0.0,99906.88393886048,0,False
2024-11-29,99906.88393886048,0.0,0.0,99906.88393886048,0,False
2024-12-02,99906.88393886048,0.0,0.0,99906.88393886048,0,False
2024-12-03,99906.88393886048,0.0,0.0,99906.88393886048,0,False
2024-12-04,99906.88393886048,0.0,0.0,99906.88393886048,0,False
2024-12-05,99906.88393886048,0.0,0.0,99906.88393886048,0,False
2024-12-06,99906.88393886048,0.0,0.0,99906.88393886048,0,False
2024-12-09,99906.88393886048,0.0,0.0,99906.88393886048,0,False
2024-12-10,99906.88393886048,0.0,0.0,99906.88393886048,0,False
2024-12-11,99906.88393886048,0.0,0.0,99906.88393886048,0,False
2024-12-12,99906.88393886048,0.0,0.0,99906.88393886048,0,False
2024-12-13,99906.88393886048,0.0,0.0,99906.88393886048,0,False
2024-12-16,99906.88393886048,0.0,0.0,99906.88393886048,0,False
2024-12-17,99906.88393886048,0.0,0.0,99906.88393886048,0,False
2024-12-18,99906.88393886048,0.0,0.0,99906.88393886048,0,False
2024-12-19,99906.88393886048,0.0,0.0,99906.88393886048,0,False
2024-12-20,99906.88393886048,0.0,0.0,99906.88393886048,0,False
2024-12-23,99906.88393886048,0.0,0.0,99906.88393886048,0,False
2024-12-24,99906.88393886048,0.0,0.0,99906.88393886048,0,False
2024-12-25,99906.88393886048,0.0,0.0,99906.88393886048,0,False
2024-12-26,99906.88393886048,0.0,0.0,99906.88393886048,0,False
2024-12-27,99906.88393886048,0.0,0.0,99906.88393886048,0,False
2024-12-30,99906.88393886048,0.0,0.0,99906.88393886048,0,False
2024-12-31,99906.88393886048,0.0,0.0,99906.88393886048,0,False
2025-01-02,99906.88393886048,0.0,0.0,99906.88393886048,0,False
2025-01-03,99906.88393886048,0.0,0.0,99906.88393886048,0,False
2025-01-06,99906.88393886048,0.0,0.0,99906.88393886048,0,False
2025-01-07,99906.88393886048,0.0,0.0,99906.88393886048,0,False
2025-01-08,99906.88393886048,0.0,0.0,99906.88393886048,0,False
2025-01-09,99906.88393886048,0.0,0.0,99906.88393886048,0,False
2025-01-10,99906.88393886048,0.0,0.0,99906.88393886048,0,False
2025-01-13,99906.88393886048,0.0,0.0,99906.88393886048,0,False
2025-01-14,99906.88393886048,0.0,0.0,99906.88393886048,0,False
2025-01-15,99906.88393886048,0.0,0.0,99906.88393886048,0,False
2025-01-16,99906.88393886048,0.0,0.0,99906.88393886048,0,False
2025-01-17,99906.88393886048,0.0,0.0,99906.88393886048,0,False
2025-01-20,99906.88393886048,0.0,0.0,99906.88393886048,0,False
2025-01-21,99906.88393886048,0.0,0.0,99906.88393886048,0,False
2025-01-22,99906.88393886048,0.0,0.0,99906.88393886048,0,False
2025-02-03,99906.88393886048,0.0,0.0,99906.88393886048,0,False
2025-02-04,99906.88393886048,0.0,0.0,99906.88393886048,0,False
2025-02-05,99906.88393886048,0.0,0.0,99906.88393886048,0,False
2025-02-06,99906.88393886048,0.0,0.0,99906.88393886048,0,False
2025-02-07,99906.88393886048,0.0,0.0,99906.88393886048,0,False
2025-02-10,99906.88393886048,0.0,0.0,99906.88393886048,0,False
2025-02-11,99906.88393886048,0.0,0.0,99906.88393886048,0,False
2025-02-12,99906.88393886048,0.0,0.0,99906.88393886048,0,False
2025-02-13,99906.88393886048,0.0,0.0,99906.88393886048,0,False
2025-02-14,99906.88393886048,0.0,0.0,99906.88393886048,0,False
2025-02-17,99906.88393886048,0.0,0.0,99906.88393886048,0,False
2025-02-18,99906.88393886048,0.0,0.0,99906.88393886048,0,False
2025-02-19,99906.88393886048,0.0,0.0,99906.88393886048,0,False
2025-02-20,99906.88393886048,0.0,0.0,99906.88393886048,0,False
2025-02-21,99906.88393886048,0.0,0.0,99906.88393886048,0,False
2025-02-24,99906.88393886048,0.0,0.0,99906.88393886048,0,False
2025-02-25,99906.88393886048,0.0,0.0,99906.88393886048,0,False
2025-02-26,99906.88393886048,0.0,0.0,99906.88393886048,0,False
2025-02-27,99906.88393886048,0.0,0.0,99906.88393886048,0,False
2025-03-03,99906.88393886048,0.0,0.0,99906.88393886048,0,False
2025-03-04,99906.88393886048,0.0,0.0,99906.88393886048,0,False
2025-03-05,88889.21510168549,0.0,10976.5,99865.71510168549,1,False
2025-03-06,88889.21510168549,0.0,11121.5,100010.71510168549,1,False
2025-03-07,88889.21510168549,0.0,10875.0,99764.21510168549,1,False
2025-03-10,88889.21510168549,0.0,10889.5,99778.71510168549,1,False
2025-03-11,88889.21510168549,0.0,10744.5,99633.71510168549,1,False
2025-03-12,88889.21510168549,0.0,11237.5,100126.71510168549,1,False
2025-03-13,88889.21510168549,0.0,11266.5,100155.71510168549,1,False
2025-03-14,88889.21510168549,0.0,10976.5,99865.71510168549,1,False
2025-03-17,88889.21510168549,0.0,11426.0,100315.21510168549,1,False
2025-03-18,88889.21510168549,0.0,11600.0,100489.21510168549,1,False
2025-03-19,88889.21510168549,0.0,11324.5,100213.71510168549,1,False
2025-03-20,88889.21510168549,0.0,11411.5,100300.71510168549,1,False
2025-03-21,88889.21510168549,0.0,11484.0,100373.21510168549,1,False
2025-03-24,88889.21510168549,0.0,11368.0,100257.21510168549,1,False
2025-03-25,88889.21510168549,0.0,11368.0,100257.21510168549,1,False
2025-03-26,88889.21510168549,0.0,11571.0,100460.21510168549,1,False
2025-03-27,88889.21510168549,0.0,11368.0,100257.21510168549,1,False
2025-03-28,88889.21510168549,0.0,10918.5,99807.71510168549,1,False
2025-03-31,88889.21510168549,0.0,10440.0,99329.21510168549,1,False
2025-04-01,88889.21510168549,0.0,10759.0,99648.21510168549,1,False
2025-04-02,88889.21510168549,0.0,10715.5,99604.71510168549,1,False
2025-04-07,88889.21510168549,0.0,9657.0,98546.21510168549,1,False
2025-04-08,88889.21510168549,0.0,8845.0,97734.21510168549,1,False
2025-04-09,88889.21510168549,0.0,8134.5,97023.71510168549,1,False
2025-04-10,88889.21510168549,0.0,8946.5,97835.71510168549,1,False
2025-04-11,88889.21510168549,0.0,9715.0,98604.21510168549,1,False
2025-04-14,88889.21510168549,0.0,9570.0,98459.21510168549,1,False
2025-04-15,88889.21510168549,0.0,9584.5,98473.71510168549,1,False
2025-04-16,88889.21510168549,0.0,9294.5,98183.71510168549,1,False
2025-04-17,88889.21510168549,0.0,9149.5,98038.71510168549,1,False
2025-04-18,88889.21510168549,0.0,9265.5,98154.71510168549,1,False
2025-04-21,88889.21510168549,0.0,9048.0,97937.21510168549,1,False
2025-04-22,88889.21510168549,0.0,8990.0,97879.21510168549,1,False
2025-04-23,88889.21510168549,0.0,9555.5,98444.71510168549,1,False
2025-04-24,88889.21510168549,0.0,9468.5,98357.71510168549,1,False
2025-04-25,88889.21510168549,0.0,9584.5,98473.71510168549,1,False
2025-04-28,88889.21510168549,0.0,9874.5,98763.71510168549,1,False
2025-04-29,88889.21510168549,0.0,9860.0,98749.21510168549,1,False
2025-04-30,88889.21510168549,0.0,9671.5,98560.71510168549,1,False
2025-05-02,88889.21510168549,0.0,10266.0,99155.21510168549,1,False
2025-05-05,88889.21510168549,0.0,10382.0,99271.21510168549,1,False
2025-05-06,88889.21510168549,0.0,10411.0,99300.21510168549,1,False
2025-05-07,88889.21510168549,0.0,10541.5,99430.71510168549,1,False
2025-05-08,88889.21510168549,0.0,10788.0,99677.21510168549,1,False
2025-05-09,88889.21510168549,0.0,10846.0,99735.21510168549,1,False
2025-05-12,88889.21510168549,0.0,10730.0,99619.21510168549,1,False
2025-05-13,88889.21510168549,0.0,10672.0,99561.21510168549,1,False
2025-05-14,88889.21510168549,0.0,10788.0,99677.21510168549,1,False
2025-05-15,88889.21510168549,0.0,10744.5,99633.71510168549,1,False
2025-05-16,88889.21510168549,0.0,10759.0,99648.21510168549,1,False
2025-05-19,88889.21510168549,0.0,10527.0,99416.21510168549,1,False
2025-05-20,88889.21510168549,0.0,10599.5,99488.71510168549,1,False
2025-05-21,88889.21510168549,0.0,10976.5,99865.71510168549,1,False
2025-05-22,88889.21510168549,0.0,10962.0,99851.21510168549,1,False
2025-05-23,88889.21510168549,0.0,10831.5,99720.71510168549,1,False
2025-05-26,88889.21510168549,0.0,10744.5,99633.71510168549,1,False
2025-05-27,88889.21510168549,0.0,10657.5,99546.71510168549,1,False
2025-05-28,88889.21510168549,0.0,10730.0,99619.21510168549,1,False
2025-05-29,88889.21510168549,0.0,10846.0,99735.21510168549,1,False
2025-06-02,88889.21510168549,0.0,10657.5,99546.71510168549,1,False
2025-06-03,88889.21510168549,0.0,11005.5,99894.71510168549,1,False
2025-06-04,88889.21510168549,0.0,11281.0,100170.21510168549,1,False
2025-06-05,88889.21510168549,0.0,11542.0,100431.21510168549,1,False
2025-06-06,88889.21510168549,0.0,11484.0,100373.21510168549,1,False
2025-06-09,88889.21510168549,0.0,11527.5,100416.71510168549,1,False
2025-06-10,88889.21510168549,0.0,11658.0,100547.21510168549,1,False
2025-06-11,88889.21510168549,0.0,11658.0,100547.21510168549,1,False
2025-06-12,88889.21510168549,0.0,11585.5,100474.71510168549,1,False
2025-06-13,88889.21510168549,0.0,11542.0,100431.21510168549,1,False
2025-06-16,88889.21510168549,0.0,11614.5,100503.71510168549,1,False
2025-06-17,88889.21510168549,0.0,11455.0,100344.21510168549,1,False
2025-06-18,88889.21510168549,0.0,11614.5,100503.71510168549,1,False
2025-06-19,88889.21510168549,0.0,11716.0,100605.21510168549,1,False
2025-06-20,88889.21510168549,0.0,11600.0,100489.21510168549,1,False
2025-06-23,88889.21510168549,0.0,11600.0,100489.21510168549,1,False
2025-06-24,88889.21510168549,0.0,12093.0,100982.21510168549,1,False
2025-06-25,88889.21510168549,0.0,12281.5,101170.71510168549,1,False
2025-06-26,88889.21510168549,0.0,12180.0,101069.21510168549,1,False
2025-06-27,88889.21510168549,0.0,12296.0,101185.21510168549,1,False
2025-06-30,88889.21510168549,0.0,11977.0,100866.21510168549,1,False
2025-07-01,88889.21510168549,0.0,12412.0,101301.21510168549,1,False
2025-07-02,88889.21510168549,0.0,12455.5,101344.71510168549,1,False
2025-07-03,88889.21510168549,12583.70696503045,0.0,101472.92206671594,0,False
2025-07-04,88889.21510168549,12583.70696503045,0.0,101472.92206671594,0,False
2025-07-07,101472.92206671594,0.0,0.0,101472.92206671594,0,False
2025-07-08,101472.92206671594,0.0,0.0,101472.92206671594,0,False
2025-07-09,101472.92206671594,0.0,0.0,101472.92206671594,0,False
2025-07-10,101472.92206671594,0.0,0.0,101472.92206671594,0,False
2025-07-11,101472.92206671594,0.0,0.0,101472.92206671594,0,False
2025-07-14,101472.92206671594,0.0,0.0,101472.92206671594,0,False
2025-07-15,101472.92206671594,0.0,0.0,101472.92206671594,0,False
2025-07-16,101472.92206671594,0.0,0.0,101472.92206671594,0,False
2025-07-17,101472.92206671594,0.0,0.0,101472.92206671594,0,False
2025-07-18,101472.92206671594,0.0,0.0,101472.92206671594,0,False
2025-07-21,101472.92206671594,0.0,0.0,101472.92206671594,0,False
2025-07-22,101472.92206671594,0.0,0.0,101472.92206671594,0,False
2025-07-23,101472.92206671594,0.0,0.0,101472.92206671594,0,False
2025-07-24,101472.92206671594,0.0,0.0,101472.92206671594,0,False
2025-07-25,101472.92206671594,0.0,0.0,101472.92206671594,0,False
2025-07-28,101472.92206671594,0.0,0.0,101472.92206671594,0,False
2025-07-29,101472.92206671594,0.0,0.0,101472.92206671594,0,False
2025-07-30,101472.92206671594,0.0,0.0,101472.92206671594,0,False
2025-07-31,101472.92206671594,0.0,0.0,101472.92206671594,0,False
2025-08-04,101472.92206671594,0.0,0.0,101472.92206671594,0,False
2025-08-05,101472.92206671594,0.0,0.0,101472.92206671594,0,False
2025-08-06,101472.92206671594,0.0,0.0,101472.92206671594,0,False
2025-08-07,101472.92206671594,0.0,0.0,101472.92206671594,0,False
2025-08-08,101472.92206671594,0.0,0.0,101472.92206671594,0,False
2025-08-11,101472.92206671594,0.0,0.0,101472.92206671594,0,False
2025-08-12,101472.92206671594,0.0,0.0,101472.92206671594,0,False
2025-08-13,101472.92206671594,0.0,0.0,101472.92206671594,0,False
2025-08-14,101472.92206671594,0.0,0.0,101472.92206671594,0,False
2025-08-15,101472.92206671594,0.0,0.0,101472.92206671594,0,False
2025-08-18,101472.92206671594,0.0,0.0,101472.92206671594,0,False
2025-08-19,101472.92206671594,0.0,0.0,101472.92206671594,0,False
2025-08-20,101472.92206671594,0.0,0.0,101472.92206671594,0,False
2025-08-21,101472.92206671594,0.0,0.0,101472.92206671594,0,False
2025-08-22,101472.92206671594,0.0,0.0,101472.92206671594,0,False
2025-08-25,101472.92206671594,0.0,0.0,101472.92206671594,0,False
2025-08-26,101472.92206671594,0.0,0.0,101472.92206671594,0,False
2025-08-27,101472.92206671594,0.0,0.0,101472.92206671594,0,False
2025-08-28,101472.92206671594,0.0,0.0,101472.92206671594,0,False
2025-08-29,101472.92206671594,0.0,0.0,101472.92206671594,0,False
2025-09-01,101472.92206671594,0.0,0.0,101472.92206671594,0,False
2025-09-02,101472.92206671594,0.0,0.0,101472.92206671594,0,False
2025-09-03,101472.92206671594,0.0,0.0,101472.92206671594,0,False
2025-09-04,101472.92206671594,0.0,0.0,101472.92206671594,0,False
2025-09-05,101472.92206671594,0.0,0.0,101472.92206671594,0,False
2025-09-08,101472.92206671594,0.0,0.0,101472.92206671594,0,False
2025-09-09,101472.92206671594,0.0,0.0,101472.92206671594,0,False
2025-09-10,101472.92206671594,0.0,0.0,101472.92206671594,0,False
2025-09-11,101472.92206671594,0.0,0.0,101472.92206671594,0,False
2025-09-12,101472.92206671594,0.0,0.0,101472.92206671594,0,False
2025-09-15,101472.92206671594,0.0,0.0,101472.92206671594,0,False
2025-09-16,101472.92206671594,0.0,0.0,101472.92206671594,0,False
2025-09-17,101472.92206671594,0.0,0.0,101472.92206671594,0,False
2025-09-18,101472.92206671594,0.0,0.0,101472.92206671594,0,False
2025-09-19,101472.92206671594,0.0,0.0,101472.92206671594,0,False
2025-09-22,101472.92206671594,0.0,0.0,101472.92206671594,0,False
2025-09-23,101472.92206671594,0.0,0.0,101472.92206671594,0,False
2025-09-24,101472.92206671594,0.0,0.0,101472.92206671594,0,False
2025-09-25,101472.92206671594,0.0,0.0,101472.92206671594,0,False
2025-09-26,101472.92206671594,0.0,0.0,101472.92206671594,0,False
2025-09-30,101472.92206671594,0.0,0.0,101472.92206671594,0,False
2025-10-01,101472.92206671594,0.0,0.0,101472.92206671594,0,False
2025-10-02,101472.92206671594,0.0,0.0,101472.92206671594,0,False
2025-10-03,101472.92206671594,0.0,0.0,101472.92206671594,0,False
2025-10-07,101472.92206671594,0.0,0.0,101472.92206671594,0,False
2025-10-08,101472.92206671594,0.0,0.0,101472.92206671594,0,False
2025-10-09,101472.92206671594,0.0,0.0,101472.92206671594,0,False
2025-10-13,101472.92206671594,0.0,0.0,101472.92206671594,0,False
2025-10-14,101472.92206671594,0.0,0.0,101472.92206671594,0,False
2025-10-15,101472.92206671594,0.0,0.0,101472.92206671594,0,False
2025-10-16,101472.92206671594,0.0,0.0,101472.92206671594,0,False
2025-10-17,101472.92206671594,0.0,0.0,101472.92206671594,0,False
2025-10-20,101472.92206671594,0.0,0.0,101472.92206671594,0,False
2025-10-21,101472.92206671594,0.0,0.0,101472.92206671594,0,False
2025-10-22,101472.92206671594,0.0,0.0,101472.92206671594,0,False
2025-10-23,101472.92206671594,0.0,0.0,101472.92206671594,0,False
2025-10-27,101472.92206671594,0.0,0.0,101472.92206671594,0,False
2025-10-28,101472.92206671594,0.0,0.0,101472.92206671594,0,False
2025-10-29,101472.92206671594,0.0,0.0,101472.92206671594,0,False
2025-10-30,101472.92206671594,0.0,0.0,101472.92206671594,0,False
2025-10-31,101472.92206671594,0.0,0.0,101472.92206671594,0,False
2025-11-03,101472.92206671594,0.0,0.0,101472.92206671594,0,False
2025-11-04,101472.92206671594,0.0,0.0,101472.92206671594,0,False
2025-11-05,101472.92206671594,0.0,0.0,101472.92206671594,0,False
2025-11-06,101472.92206671594,0.0,0.0,101472.92206671594,0,False
2025-11-07,101472.92206671594,0.0,0.0,101472.92206671594,0,False
2025-11-10,101472.92206671594,0.0,0.0,101472.92206671594,0,False
2025-11-11,101472.92206671594,0.0,0.0,101472.92206671594,0,False
2025-11-12,101472.92206671594,0.0,0.0,101472.92206671594,0,False
2025-11-13,101472.92206671594,0.0,0.0,101472.92206671594,0,False
2025-11-14,101472.92206671594,0.0,0.0,101472.92206671594,0,False
2025-11-17,101472.92206671594,0.0,0.0,101472.92206671594,0,False
2025-11-18,101472.92206671594,0.0,0.0,101472.92206671594,0,False
2025-11-19,101472.92206671594,0.0,0.0,101472.92206671594,0,False
2025-11-20,101472.92206671594,0.0,0.0,101472.92206671594,0,False
2025-11-21,101472.92206671594,0.0,0.0,101472.92206671594,0,False
2025-11-24,101472.92206671594,0.0,0.0,101472.92206671594,0,False
2025-11-25,101472.92206671594,0.0,0.0,101472.92206671594,0,False
2025-11-26,101472.92206671594,0.0,0.0,101472.92206671594,0,False
2025-11-27,101472.92206671594,0.0,0.0,101472.92206671594,0,False
2025-11-28,101472.92206671594,0.0,0.0,101472.92206671594,0,False
2025-12-01,101472.92206671594,0.0,0.0,101472.92206671594,0,False
2025-12-02,101472.92206671594,0.0,0.0,101472.92206671594,0,False
2025-12-03,101472.92206671594,0.0,0.0,101472.92206671594,0,False
2025-12-04,101472.92206671594,0.0,0.0,101472.92206671594,0,False
2025-12-05,101472.92206671594,0.0,0.0,101472.92206671594,0,False
2025-12-08,101472.92206671594,0.0,0.0,101472.92206671594,0,False
2025-12-09,101472.92206671594,0.0,0.0,101472.92206671594,0,False
2025-12-10,101472.92206671594,0.0,0.0,101472.92206671594,0,False
2025-12-11,101472.92206671594,0.0,0.0,101472.92206671594,0,False
2025-12-12,101472.92206671594,0.0,0.0,101472.92206671594,0,False
2025-12-15,101472.92206671594,0.0,0.0,101472.92206671594,0,False
2025-12-16,101472.92206671594,0.0,0.0,101472.92206671594,0,False
2025-12-17,101472.92206671594,0.0,0.0,101472.92206671594,0,False
2025-12-18,101472.92206671594,0.0,0.0,101472.92206671594,0,False
2025-12-19,101472.92206671594,0.0,0.0,101472.92206671594,0,False
2025-12-22,101472.92206671594,0.0,0.0,101472.92206671594,0,False
2025-12-23,101472.92206671594,0.0,0.0,101472.92206671594,0,False
2025-12-24,101472.92206671594,0.0,0.0,101472.92206671594,0,False
2025-12-26,101472.92206671594,0.0,0.0,101472.92206671594,0,False
2025-12-29,101472.92206671594,0.0,0.0,101472.92206671594,0,False
2025-12-30,101472.92206671594,0.0,0.0,101472.92206671594,0,False
2025-12-31,101472.92206671594,0.0,0.0,101472.92206671594,0,False
2026-01-02,101472.92206671594,0.0,0.0,101472.92206671594,0,False
2026-01-05,101472.92206671594,0.0,0.0,101472.92206671594,0,False
2026-01-06,101472.92206671594,0.0,0.0,101472.92206671594,0,False
2026-01-07,101472.92206671594,0.0,0.0,101472.92206671594,0,False
2026-01-08,101472.92206671594,0.0,0.0,101472.92206671594,0,False
2026-01-09,101472.92206671594,0.0,0.0,101472.92206671594,0,False
2026-01-12,101472.92206671594,0.0,0.0,101472.92206671594,0,False
2026-01-13,101472.92206671594,0.0,0.0,101472.92206671594,0,False
2026-01-14,101472.92206671594,0.0,0.0,101472.92206671594,0,False
2026-01-15,101472.92206671594,0.0,0.0,101472.92206671594,0,False
2026-01-16,101472.92206671594,0.0,0.0,101472.92206671594,0,False
2026-01-19,101472.92206671594,0.0,0.0,101472.92206671594,0,False
2026-01-20,101472.92206671594,0.0,0.0,101472.92206671594,0,False
2026-01-21,101472.92206671594,0.0,0.0,101472.92206671594,0,False
2026-01-22,101472.92206671594,0.0,0.0,101472.92206671594,0,False
2026-01-23,101472.92206671594,0.0,0.0,101472.92206671594,0,False
2026-01-26,101472.92206671594,0.0,0.0,101472.92206671594,0,False
2026-01-27,101472.92206671594,0.0,0.0,101472.92206671594,0,False
2026-01-28,101472.92206671594,0.0,0.0,101472.92206671594,0,False
2026-01-29,101472.92206671594,0.0,0.0,101472.92206671594,0,False
2026-01-30,101472.92206671594,0.0,0.0,101472.92206671594,0,False
2026-02-02,101472.92206671594,0.0,0.0,101472.92206671594,0,False
2026-02-03,101472.92206671594,0.0,0.0,101472.92206671594,0,False
2026-02-04,101472.92206671594,0.0,0.0,101472.92206671594,0,False
2026-02-05,101472.92206671594,0.0,0.0,101472.92206671594,0,False
2026-02-06,101472.92206671594,0.0,0.0,101472.92206671594,0,False
2026-02-09,101472.92206671594,0.0,0.0,101472.92206671594,0,False
2026-02-10,101472.92206671594,0.0,0.0,101472.92206671594,0,False
2026-02-11,101472.92206671594,0.0,0.0,101472.92206671594,0,False
2026-02-23,101472.92206671594,0.0,0.0,101472.92206671594,0,False
2026-02-24,101472.92206671594,0.0,0.0,101472.92206671594,0,False
2026-02-25,101472.92206671594,0.0,0.0,101472.92206671594,0,False
2026-02-26,101472.92206671594,0.0,0.0,101472.92206671594,0,False
2026-03-02,101472.92206671594,0.0,0.0,101472.92206671594,0,False
2026-03-03,101472.92206671594,0.0,0.0,101472.92206671594,0,False
2026-03-04,101472.92206671594,0.0,0.0,101472.92206671594,0,False
2026-03-05,101472.92206671594,0.0,0.0,101472.92206671594,0,False
2026-03-06,101472.92206671594,0.0,0.0,101472.92206671594,0,False
2026-03-09,101472.92206671594,0.0,0.0,101472.92206671594,0,False
2026-03-10,101472.92206671594,0.0,0.0,101472.92206671594,0,False
2026-03-11,101472.92206671594,0.0,0.0,101472.92206671594,0,False
2026-03-12,101472.92206671594,0.0,0.0,101472.92206671594,0,False
2026-03-13,101472.92206671594,0.0,0.0,101472.92206671594,0,False
2026-03-16,101472.92206671594,0.0,0.0,101472.92206671594,0,False
2026-03-17,101472.92206671594,0.0,0.0,101472.92206671594,0,False
2026-03-18,101472.92206671594,0.0,0.0,101472.92206671594,0,False
2026-03-19,101472.92206671594,0.0,0.0,101472.92206671594,0,False
2026-03-20,101472.92206671594,0.0,0.0,101472.92206671594,0,False
2026-03-23,101472.92206671594,0.0,0.0,101472.92206671594,0,False
2026-03-24,101472.92206671594,0.0,0.0,101472.92206671594,0,False
2026-03-25,101472.92206671594,0.0,0.0,101472.92206671594,0,False
2026-03-26,101472.92206671594,0.0,0.0,101472.92206671594,0,False
2026-03-27,101472.92206671594,0.0,0.0,101472.92206671594,0,False
2026-03-30,101472.92206671594,0.0,0.0,101472.92206671594,0,False
2026-03-31,101472.92206671594,0.0,0.0,101472.92206671594,0,False
2026-04-01,101472.92206671594,0.0,0.0,101472.92206671594,0,False
2026-04-02,101472.92206671594,0.0,0.0,101472.92206671594,0,False
2026-04-07,101472.92206671594,0.0,0.0,101472.92206671594,0,False
2026-04-08,101472.92206671594,0.0,0.0,101472.92206671594,0,False
2026-04-09,101472.92206671594,0.0,0.0,101472.92206671594,0,False
2026-04-10,101472.92206671594,0.0,0.0,101472.92206671594,0,False
2026-04-13,101472.92206671594,0.0,0.0,101472.92206671594,0,False
2026-04-14,101472.92206671594,0.0,0.0,101472.92206671594,0,False
2026-04-15,101472.92206671594,0.0,0.0,101472.92206671594,0,False
2026-04-16,101472.92206671594,0.0,0.0,101472.92206671594,0,False
2026-04-17,101472.92206671594,0.0,0.0,101472.92206671594,0,False
2026-04-20,101472.92206671594,0.0,0.0,101472.92206671594,0,False
2026-04-21,101472.92206671594,0.0,0.0,101472.92206671594,0,False
2026-04-22,101472.92206671594,0.0,0.0,101472.92206671594,0,False
2026-04-23,101472.92206671594,0.0,0.0,101472.92206671594,0,False
2026-04-24,101472.92206671594,0.0,0.0,101472.92206671594,0,False
2026-04-27,101472.92206671594,0.0,0.0,101472.92206671594,0,False
2026-04-28,101472.92206671594,0.0,0.0,101472.92206671594,0,False
2026-04-29,101472.92206671594,0.0,0.0,101472.92206671594,0,False
2026-04-30,101472.92206671594,0.0,0.0,101472.92206671594,0,False
2026-05-04,101472.92206671594,0.0,0.0,101472.92206671594,0,False
2026-05-05,101472.92206671594,0.0,0.0,101472.92206671594,0,False
2026-05-06,101472.92206671594,0.0,0.0,101472.92206671594,0,False
2026-05-07,101472.92206671594,0.0,0.0,101472.92206671594,0,False
2026-05-08,101472.92206671594,0.0,0.0,101472.92206671594,0,False
2026-05-11,101472.92206671594,0.0,0.0,101472.92206671594,0,False
2026-05-12,101472.92206671594,0.0,0.0,101472.92206671594,0,False
2026-05-13,101472.92206671594,0.0,0.0,101472.92206671594,0,False
2026-05-14,101472.92206671594,0.0,0.0,101472.92206671594,0,False
2026-05-15,101472.92206671594,0.0,0.0,101472.92206671594,0,False
2026-05-18,101472.92206671594,0.0,0.0,101472.92206671594,0,False
2026-05-19,101472.92206671594,0.0,0.0,101472.92206671594,0,False
2026-05-20,101472.92206671594,0.0,0.0,101472.92206671594,0,False
2026-05-21,90053.5308397222,0.0,11391.75,101445.2808397222,1,False
2026-05-22,90053.5308397222,0.0,11267.25,101320.7808397222,1,False
2026-05-25,90053.5308397222,0.0,11155.199810028076,101208.73064975027,1,False
2026-05-26,90053.5308397222,0.0,11142.75,101196.2808397222,1,False
2026-05-27,90053.5308397222,0.0,11317.050189971924,101370.58102969412,1,False
2026-05-28,90053.5308397222,0.0,11217.449810028076,101270.98064975027,1,False
2026-05-29,90053.5308397222,0.0,11815.050189971924,101868.58102969412,1,False
2026-06-01,90053.5308397222,0.0,12450.0,102503.5308397222,1,False
2026-06-02,90053.5308397222,0.0,12674.100379943848,102727.63121966604,1,False
2026-06-03,90053.5308397222,13042.529689644765,0.0,103096.06052936697,0,False
2026-06-04,90053.5308397222,13042.529689644765,0.0,103096.06052936697,0,False
2026-06-05,103096.06052936697,0.0,0.0,103096.06052936697,0,False
2026-06-08,103096.06052936697,0.0,0.0,103096.06052936697,0,False
2026-06-09,103096.06052936697,0.0,0.0,103096.06052936697,0,False
2026-06-10,103096.06052936697,0.0,0.0,103096.06052936697,0,False
2026-06-11,91524.04948147581,0.0,11387.999801635742,102912.04928311156,1,False
2026-06-12,91524.04948147581,0.0,11765.0,103289.04948147581,1,False
2026-06-15,91524.04948147581,0.0,12285.0,103809.04948147581,1,False
2026-06-16,91524.04948147581,0.0,12155.0,103679.04948147581,1,False
2026-06-17,91524.04948147581,0.0,12467.000198364258,103991.04967984007,1,False
2026-06-18,91524.04948147581,13216.842707363012,0.0,104740.89218883883,0,False
2026-06-22,104740.89218883883,0.0,0.0,104740.89218883883,0,False
2026-06-23,104740.89218883883,0.0,0.0,104740.89218883883,0,False
2026-06-24,104740.89218883883,0.0,0.0,104740.89218883883,0,False
2026-06-25,104740.89218883883,0.0,0.0,104740.89218883883,0,False
2026-06-26,104740.89218883883,0.0,0.0,104740.89218883883,0,False
2026-06-29,104740.89218883883,0.0,0.0,104740.89218883883,0,False
2026-06-30,104740.89218883883,0.0,0.0,104740.89218883883,0,False
2026-07-01,104740.89218883883,0.0,0.0,104740.89218883883,0,False
2026-07-02,104740.89218883883,0.0,0.0,104740.89218883883,0,False
2026-07-03,104740.89218883883,0.0,0.0,104740.89218883883,0,False
2026-07-06,104740.89218883883,0.0,0.0,104740.89218883883,0,False
2026-07-07,104740.89218883883,0.0,0.0,104740.89218883883,0,False
2026-07-08,104740.89218883883,0.0,0.0,104740.89218883883,0,False
2026-07-09,104740.89218883883,0.0,0.0,104740.89218883883,0,False
2026-07-10,104740.89218883883,0.0,0.0,104740.89218883883,0,False
2026-07-13,104740.89218883883,0.0,0.0,104740.89218883883,0,False
2026-07-14,104740.89218883883,0.0,0.0,104740.89218883883,0,False
2026-07-15,104740.89218883883,0.0,0.0,104740.89218883883,0,False
2026-07-16,104740.89218883883,0.0,0.0,104740.89218883883,0,False
2026-07-17,104740.89218883883,0.0,0.0,104740.89218883883,0,False
2026-07-20,104740.89218883883,0.0,0.0,104740.89218883883,0,False
2026-07-21,104740.89218883883,0.0,0.0,104740.89218883883,0,False
2026-07-22,104740.89218883883,0.0,0.0,104740.89218883883,0,False
2026-07-23,104740.89218883883,0.0,0.0,104740.89218883883,0,False
2026-07-24,104740.89218883883,0.0,0.0,104740.89218883883,0,False
2026-07-27,104740.89218883883,0.0,0.0,104740.89218883883,0,False
2026-07-28,104740.89218883883,0.0,0.0,104740.89218883883,0,False
2026-07-29,104740.89218883883,0.0,0.0,104740.89218883883,0,False
2026-07-30,104740.89218883883,0.0,0.0,104740.89218883883,0,False
2026-07-31,104740.89218883883,0.0,0.0,104740.89218883883,0,False
2026-08-03,104740.89218883883,0.0,0.0,104740.89218883883,0,False
2026-08-04,104740.89218883883,0.0,0.0,104740.89218883883,0,False
2026-08-05,104740.89218883883,0.0,0.0,104740.89218883883,0,False
2026-08-06,104740.89218883883,0.0,0.0,104740.89218883883,0,False
2026-08-07,104740.89218883883,0.0,0.0,104740.89218883883,0,False
2026-08-10,104740.89218883883,0.0,0.0,104740.89218883883,0,False
2026-08-11,104740.89218883883,0.0,0.0,104740.89218883883,0,False
2026-08-12,104740.89218883883,0.0,0.0,104740.89218883883,0,False
2026-08-13,104740.89218883883,0.0,0.0,104740.89218883883,0,False
2026-08-14,104740.89218883883,0.0,0.0,104740.89218883883,0,False
2026-08-17,104740.89218883883,0.0,0.0,104740.89218883883,0,False
2026-08-18,104740.89218883883,0.0,0.0,104740.89218883883,0,False
2026-08-19,104740.89218883883,0.0,0.0,104740.89218883883,0,False
2026-08-20,104740.89218883883,0.0,0.0,104740.89218883883,0,False
