symbol,exchange,date,source,open,high,low,close,volume,reason,resolution
0050,BENCHMARK,2026-07-10,PROCESSED_PRE_V3_UNKNOWN,105.80000305175781,105.80000305175781,105.80000305175781,105.80000305175781,0.0,C_PROVIDER_SYNTHETIC_NONTRADING_BAR,REMOVE_CONFIRMED_ERROR
0050,BENCHMARK,2026-08-20,PROCESSED_PRE_V3_UNKNOWN,104.19999694824219,104.25,102.94999694824219,103.80000305175781,43210474.0,A_TRADING_CALENDAR_MISSING_LEGAL_SESSION,ADD_VERIFIED_OFFICIAL_SESSION
1101,TWSE,2026-07-10,PROCESSED_PRE_V3_UNKNOWN,22.700000762939453,22.700000762939453,22.700000762939453,22.700000762939453,0.0,C_PROVIDER_SYNTHETIC_NONTRADING_BAR,REMOVE_CONFIRMED_ERROR
1102,TWSE,2026-07-10,PROCESSED_PRE_V3_UNKNOWN,35.70000076293945,35.70000076293945,35.70000076293945,35.70000076293945,0.0,C_PROVIDER_SYNTHETIC_NONTRADING_BAR,REMOVE_CONFIRMED_ERROR
1103,TWSE,2026-07-10,PROCESSED_PRE_V3_UNKNOWN,13.399999618530273,13.399999618530273,13.399999618530273,13.399999618530273,0.0,C_PROVIDER_SYNTHETIC_NONTRADING_BAR,REMOVE_CONFIRMED_ERROR
1104,TWSE,2026-07-10,PROCESSED_PRE_V3_UNKNOWN,27.100000381469727,27.100000381469727,27.100000381469727,27.100000381469727,0.0,C_PROVIDER_SYNTHETIC_NONTRADING_BAR,REMOVE_CONFIRMED_ERROR
1108,TWSE,2026-07-10,PROCESSED_PRE_V3_UNKNOWN,13.649999618530273,13.649999618530273,13.649999618530273,13.649999618530273,0.0,C_PROVIDER_SYNTHETIC_NONTRADING_BAR,REMOVE_CONFIRMED_ERROR
1109,TWSE,2026-07-10,PROCESSED_PRE_V3_UNKNOWN,14.699999809265137,14.699999809265137,14.699999809265137,14.699999809265137,0.0,C_PROVIDER_SYNTHETIC_NONTRADING_BAR,REMOVE_CONFIRMED_ERROR
1110,TWSE,2026-07-10,PROCESSED_PRE_V3_UNKNOWN,15.600000381469727,15.600000381469727,15.600000381469727,15.600000381469727,0.0,C_PROVIDER_SYNTHETIC_NONTRADING_BAR,REMOVE_CONFIRMED_ERROR
1201,TWSE,2026-07-10,PROCESSED_PRE_V3_UNKNOWN,12.449999809265137,12.449999809265137,12.449999809265137,12.449999809265137,0.0,C_PROVIDER_SYNTHETIC_NONTRADING_BAR,REMOVE_CONFIRMED_ERROR
1203,TWSE,2026-07-10,PROCESSED_PRE_V3_UNKNOWN,43.150001525878906,43.150001525878906,43.150001525878906,43.150001525878906,0.0,C_PROVIDER_SYNTHETIC_NONTRADING_BAR,REMOVE_CONFIRMED_ERROR
1210,TWSE,2026-07-10,PROCESSED_PRE_V3_UNKNOWN,57.0,57.0,57.0,57.0,0.0,C_PROVIDER_SYNTHETIC_NONTRADING_BAR,REMOVE_CONFIRMED_ERROR
1213,TWSE,2026-07-10,PROCESSED_PRE_V3_UNKNOWN,7.53000020980835,7.53000020980835,7.53000020980835,7.53000020980835,0.0,C_PROVIDER_SYNTHETIC_NONTRADING_BAR,REMOVE_CONFIRMED_ERROR
1215,TWSE,2026-07-10,PROCESSED_PRE_V3_UNKNOWN,112.0,112.0,112.0,112.0,0.0,C_PROVIDER_SYNTHETIC_NONTRADING_BAR,REMOVE_CONFIRMED_ERROR
1216,TWSE,2026-07-10,PROCESSED_PRE_V3_UNKNOWN,78.4000015258789,78.4000015258789,78.4000015258789,78.4000015258789,0.0,C_PROVIDER_SYNTHETIC_NONTRADING_BAR,REMOVE_CONFIRMED_ERROR
1217,TWSE,2026-07-10,PROCESSED_PRE_V3_UNKNOWN,9.989999771118164,9.989999771118164,9.989999771118164,9.989999771118164,0.0,C_PROVIDER_SYNTHETIC_NONTRADING_BAR,REMOVE_CONFIRMED_ERROR
1218,TWSE,2026-07-10,PROCESSED_PRE_V3_UNKNOWN,16.850000381469727,16.850000381469727,16.850000381469727,16.850000381469727,0.0,C_PROVIDER_SYNTHETIC_NONTRADING_BAR,REMOVE_CONFIRMED_ERROR
1219,TWSE,2026-07-10,PROCESSED_PRE_V3_UNKNOWN,12.199999809265137,12.199999809265137,12.199999809265137,12.199999809265137,0.0,C_PROVIDER_SYNTHETIC_NONTRADING_BAR,REMOVE_CONFIRMED_ERROR
1220,TWSE,2026-07-10,PROCESSED_PRE_V3_UNKNOWN,11.550000190734863,11.550000190734863,11.550000190734863,11.550000190734863,0.0,C_PROVIDER_SYNTHETIC_NONTRADING_BAR,REMOVE_CONFIRMED_ERROR
1225,TWSE,2026-07-10,PROCESSED_PRE_V3_UNKNOWN,28.100000381469727,28.100000381469727,28.100000381469727,28.100000381469727,0.0,C_PROVIDER_SYNTHETIC_NONTRADING_BAR,REMOVE_CONFIRMED_ERROR
1227,TWSE,2026-07-10,PROCESSED_PRE_V3_UNKNOWN,29.75,29.75,29.75,29.75,0.0,C_PROVIDER_SYNTHETIC_NONTRADING_BAR,REMOVE_CONFIRMED_ERROR
1229,TWSE,2026-07-10,PROCESSED_PRE_V3_UNKNOWN,40.099998474121094,40.099998474121094,40.099998474121094,40.099998474121094,0.0,C_PROVIDER_SYNTHETIC_NONTRADING_BAR,REMOVE_CONFIRMED_ERROR
1231,TWSE,2026-07-10,PROCESSED_PRE_V3_UNKNOWN,78.54545593261719,78.54545593261719,78.54545593261719,78.54545593261719,0.0,C_PROVIDER_SYNTHETIC_NONTRADING_BAR,REMOVE_CONFIRMED_ERROR
1232,TWSE,2026-07-10,PROCESSED_PRE_V3_UNKNOWN,145.5,145.5,145.5,145.5,0.0,C_PROVIDER_SYNTHETIC_NONTRADING_BAR,REMOVE_CONFIRMED_ERROR
1233,TWSE,2026-07-10,PROCESSED_PRE_V3_UNKNOWN,27.899999618530273,27.899999618530273,27.899999618530273,27.899999618530273,0.0,C_PROVIDER_SYNTHETIC_NONTRADING_BAR,REMOVE_CONFIRMED_ERROR
1234,TWSE,2026-07-10,PROCESSED_PRE_V3_UNKNOWN,33.20000076293945,33.20000076293945,33.20000076293945,33.20000076293945,0.0,C_PROVIDER_SYNTHETIC_NONTRADING_BAR,REMOVE_CONFIRMED_ERROR
1235,TWSE,2026-07-10,PROCESSED_PRE_V3_UNKNOWN,36.0,36.0,36.0,36.0,0.0,C_PROVIDER_SYNTHETIC_NONTRADING_BAR,REMOVE_CONFIRMED_ERROR
1236,TWSE,2026-07-10,PROCESSED_PRE_V3_UNKNOWN,24.549999237060547,24.549999237060547,24.549999237060547,24.549999237060547,0.0,C_PROVIDER_SYNTHETIC_NONTRADING_BAR,REMOVE_CONFIRMED_ERROR
1256,TWSE,2026-07-10,PROCESSED_PRE_V3_UNKNOWN,197.5,197.5,197.5,197.5,0.0,C_PROVIDER_SYNTHETIC_NONTRADING_BAR,REMOVE_CONFIRMED_ERROR
1262,TWSE,2018-03-31,PROCESSED_PRE_V3_UNKNOWN,48.65,49.25,48.55,48.55,331520.0,A_TRADING_CALENDAR_MISSING_LEGAL_SESSION,ADD_VERIFIED_OFFICIAL_SESSION
1262,TWSE,2018-12-22,PROCESSED_PRE_V3_UNKNOWN,35.2,35.6,35.1,35.1,237100.0,A_TRADING_CALENDAR_MISSING_LEGAL_SESSION,ADD_VERIFIED_OFFICIAL_SESSION
1262,TWSE,2019-09-09,PROCESSED_PRE_V3_UNKNOWN,39.7,39.75,39.7,39.75,302108.0,A_TRADING_CALENDAR_MISSING_LEGAL_SESSION,ADD_VERIFIED_OFFICIAL_SESSION
1301,TWSE,2026-07-10,PROCESSED_PRE_V3_UNKNOWN,54.79999923706055,54.79999923706055,54.79999923706055,54.79999923706055,0.0,C_PROVIDER_SYNTHETIC_NONTRADING_BAR,REMOVE_CONFIRMED_ERROR
1303,TWSE,2026-07-10,PROCESSED_PRE_V3_UNKNOWN,181.5,181.5,181.5,181.5,0.0,C_PROVIDER_SYNTHETIC_NONTRADING_BAR,REMOVE_CONFIRMED_ERROR
1304,TWSE,2026-07-10,PROCESSED_PRE_V3_UNKNOWN,13.399999618530273,13.399999618530273,13.399999618530273,13.399999618530273,0.0,C_PROVIDER_SYNTHETIC_NONTRADING_BAR,REMOVE_CONFIRMED_ERROR
1305,TWSE,2026-07-10,PROCESSED_PRE_V3_UNKNOWN,12.800000190734863,12.800000190734863,12.800000190734863,12.800000190734863,0.0,C_PROVIDER_SYNTHETIC_NONTRADING_BAR,REMOVE_CONFIRMED_ERROR
1307,TWSE,2026-07-10,PROCESSED_PRE_V3_UNKNOWN,32.150001525878906,32.150001525878906,32.150001525878906,32.150001525878906,0.0,C_PROVIDER_SYNTHETIC_NONTRADING_BAR,REMOVE_CONFIRMED_ERROR
1308,TWSE,2026-07-10,PROCESSED_PRE_V3_UNKNOWN,14.649999618530273,14.649999618530273,14.649999618530273,14.649999618530273,0.0,C_PROVIDER_SYNTHETIC_NONTRADING_BAR,REMOVE_CONFIRMED_ERROR
1309,TWSE,2026-07-10,PROCESSED_PRE_V3_UNKNOWN,14.550000190734863,14.550000190734863,14.550000190734863,14.550000190734863,0.0,C_PROVIDER_SYNTHETIC_NONTRADING_BAR,REMOVE_CONFIRMED_ERROR
1310,TWSE,2026-07-10,PROCESSED_PRE_V3_UNKNOWN,10.350000381469727,10.350000381469727,10.350000381469727,10.350000381469727,0.0,C_PROVIDER_SYNTHETIC_NONTRADING_BAR,REMOVE_CONFIRMED_ERROR
1312,TWSE,2026-07-10,PROCESSED_PRE_V3_UNKNOWN,13.5,13.5,13.5,13.5,0.0,C_PROVIDER_SYNTHETIC_NONTRADING_BAR,REMOVE_CONFIRMED_ERROR
1313,TWSE,2026-07-10,PROCESSED_PRE_V3_UNKNOWN,12.5,12.5,12.5,12.5,0.0,C_PROVIDER_SYNTHETIC_NONTRADING_BAR,REMOVE_CONFIRMED_ERROR
1314,TWSE,2026-07-10,PROCESSED_PRE_V3_UNKNOWN,8.899999618530273,8.899999618530273,8.899999618530273,8.899999618530273,0.0,C_PROVIDER_SYNTHETIC_NONTRADING_BAR,REMOVE_CONFIRMED_ERROR
1315,TWSE,2026-07-10,PROCESSED_PRE_V3_UNKNOWN,63.599998474121094,63.599998474121094,63.599998474121094,63.599998474121094,0.0,C_PROVIDER_SYNTHETIC_NONTRADING_BAR,REMOVE_CONFIRMED_ERROR
1316,TWSE,2026-07-10,PROCESSED_PRE_V3_UNKNOWN,10.350000381469727,10.350000381469727,10.350000381469727,10.350000381469727,0.0,C_PROVIDER_SYNTHETIC_NONTRADING_BAR,REMOVE_CONFIRMED_ERROR
1319,TWSE,2026-07-10,PROCESSED_PRE_V3_UNKNOWN,75.80000305175781,75.80000305175781,75.80000305175781,75.80000305175781,0.0,C_PROVIDER_SYNTHETIC_NONTRADING_BAR,REMOVE_CONFIRMED_ERROR
1321,TWSE,2026-07-10,PROCESSED_PRE_V3_UNKNOWN,31.450000762939453,31.450000762939453,31.450000762939453,31.450000762939453,0.0,C_PROVIDER_SYNTHETIC_NONTRADING_BAR,REMOVE_CONFIRMED_ERROR
1323,TWSE,2026-07-10,PROCESSED_PRE_V3_UNKNOWN,20.399999618530273,20.399999618530273,20.399999618530273,20.399999618530273,0.0,C_PROVIDER_SYNTHETIC_NONTRADING_BAR,REMOVE_CONFIRMED_ERROR
1324,TWSE,2026-07-10,PROCESSED_PRE_V3_UNKNOWN,10.449999809265137,10.449999809265137,10.449999809265137,10.449999809265137,0.0,C_PROVIDER_SYNTHETIC_NONTRADING_BAR,REMOVE_CONFIRMED_ERROR
1325,TWSE,2026-07-10,PROCESSED_PRE_V3_UNKNOWN,24.450000762939453,24.450000762939453,24.450000762939453,24.450000762939453,0.0,C_PROVIDER_SYNTHETIC_NONTRADING_BAR,REMOVE_CONFIRMED_ERROR
1326,TWSE,2026-07-10,PROCESSED_PRE_V3_UNKNOWN,60.0,60.0,60.0,60.0,0.0,C_PROVIDER_SYNTHETIC_NONTRADING_BAR,REMOVE_CONFIRMED_ERROR
1337,TWSE,2026-07-10,PROCESSED_PRE_V3_UNKNOWN,5.130000114440918,5.130000114440918,5.130000114440918,5.130000114440918,0.0,C_PROVIDER_SYNTHETIC_NONTRADING_BAR,REMOVE_CONFIRMED_ERROR
1338,TWSE,2026-07-10,PROCESSED_PRE_V3_UNKNOWN,16.899999618530273,16.899999618530273,16.899999618530273,16.899999618530273,0.0,C_PROVIDER_SYNTHETIC_NONTRADING_BAR,REMOVE_CONFIRMED_ERROR
1339,TWSE,2026-07-10,PROCESSED_PRE_V3_UNKNOWN,44.79999923706055,44.79999923706055,44.79999923706055,44.79999923706055,0.0,C_PROVIDER_SYNTHETIC_NONTRADING_BAR,REMOVE_CONFIRMED_ERROR
1340,TWSE,2026-07-10,PROCESSED_PRE_V3_UNKNOWN,5.5,5.5,5.5,5.5,0.0,C_PROVIDER_SYNTHETIC_NONTRADING_BAR,REMOVE_CONFIRMED_ERROR
1341,TWSE,2026-07-10,PROCESSED_PRE_V3_UNKNOWN,58.20000076293945,58.20000076293945,58.20000076293945,58.20000076293945,0.0,C_PROVIDER_SYNTHETIC_NONTRADING_BAR,REMOVE_CONFIRMED_ERROR
1342,TWSE,2026-07-10,PROCESSED_PRE_V3_UNKNOWN,110.5,110.5,110.5,110.5,0.0,C_PROVIDER_SYNTHETIC_NONTRADING_BAR,REMOVE_CONFIRMED_ERROR
1402,TWSE,2026-07-10,PROCESSED_PRE_V3_UNKNOWN,27.450000762939453,27.450000762939453,27.450000762939453,27.450000762939453,0.0,C_PROVIDER_SYNTHETIC_NONTRADING_BAR,REMOVE_CONFIRMED_ERROR
1409,TWSE,2026-07-10,PROCESSED_PRE_V3_UNKNOWN,26.549999237060547,26.549999237060547,26.549999237060547,26.549999237060547,0.0,C_PROVIDER_SYNTHETIC_NONTRADING_BAR,REMOVE_CONFIRMED_ERROR
1410,TWSE,2026-07-10,PROCESSED_PRE_V3_UNKNOWN,26.25,26.25,26.25,26.25,0.0,C_PROVIDER_SYNTHETIC_NONTRADING_BAR,REMOVE_CONFIRMED_ERROR
1413,TWSE,2026-07-10,PROCESSED_PRE_V3_UNKNOWN,9.390000343322754,9.390000343322754,9.390000343322754,9.390000343322754,0.0,C_PROVIDER_SYNTHETIC_NONTRADING_BAR,REMOVE_CONFIRMED_ERROR
1414,TWSE,2026-07-10,PROCESSED_PRE_V3_UNKNOWN,19.399999618530273,19.399999618530273,19.399999618530273,19.399999618530273,0.0,C_PROVIDER_SYNTHETIC_NONTRADING_BAR,REMOVE_CONFIRMED_ERROR
1416,TWSE,2026-07-10,PROCESSED_PRE_V3_UNKNOWN,11.050000190734863,11.050000190734863,11.050000190734863,11.050000190734863,0.0,C_PROVIDER_SYNTHETIC_NONTRADING_BAR,REMOVE_CONFIRMED_ERROR
1417,TWSE,2026-07-10,PROCESSED_PRE_V3_UNKNOWN,8.84000015258789,8.84000015258789,8.84000015258789,8.84000015258789,0.0,C_PROVIDER_SYNTHETIC_NONTRADING_BAR,REMOVE_CONFIRMED_ERROR
1418,TWSE,2026-07-10,PROCESSED_PRE_V3_UNKNOWN,19.200000762939453,19.200000762939453,19.200000762939453,19.200000762939453,0.0,C_PROVIDER_SYNTHETIC_NONTRADING_BAR,REMOVE_CONFIRMED_ERROR
1419,TWSE,2026-07-10,PROCESSED_PRE_V3_UNKNOWN,66.69999694824219,66.69999694824219,66.69999694824219,66.69999694824219,0.0,C_PROVIDER_SYNTHETIC_NONTRADING_BAR,REMOVE_CONFIRMED_ERROR
1423,TWSE,2026-07-10,PROCESSED_PRE_V3_UNKNOWN,36.900001525878906,36.900001525878906,36.900001525878906,36.900001525878906,0.0,C_PROVIDER_SYNTHETIC_NONTRADING_BAR,REMOVE_CONFIRMED_ERROR
1432,TWSE,2026-07-10,PROCESSED_PRE_V3_UNKNOWN,15.199999809265137,15.199999809265137,15.199999809265137,15.199999809265137,0.0,C_PROVIDER_SYNTHETIC_NONTRADING_BAR,REMOVE_CONFIRMED_ERROR
1434,TWSE,2026-07-10,PROCESSED_PRE_V3_UNKNOWN,17.700000762939453,17.700000762939453,17.700000762939453,17.700000762939453,0.0,C_PROVIDER_SYNTHETIC_NONTRADING_BAR,REMOVE_CONFIRMED_ERROR
1435,TWSE,2026-07-10,PROCESSED_PRE_V3_UNKNOWN,29.200000762939453,29.200000762939453,29.200000762939453,29.200000762939453,0.0,C_PROVIDER_SYNTHETIC_NONTRADING_BAR,REMOVE_CONFIRMED_ERROR
1436,TWSE,2026-07-10,PROCESSED_PRE_V3_UNKNOWN,44.900001525878906,44.900001525878906,44.900001525878906,44.900001525878906,0.0,C_PROVIDER_SYNTHETIC_NONTRADING_BAR,REMOVE_CONFIRMED_ERROR
1437,TWSE,2026-07-10,PROCESSED_PRE_V3_UNKNOWN,30.799999237060547,30.799999237060547,30.799999237060547,30.799999237060547,0.0,C_PROVIDER_SYNTHETIC_NONTRADING_BAR,REMOVE_CONFIRMED_ERROR
1438,TWSE,2026-07-10,PROCESSED_PRE_V3_UNKNOWN,21.950000762939453,21.950000762939453,21.950000762939453,21.950000762939453,0.0,C_PROVIDER_SYNTHETIC_NONTRADING_BAR,REMOVE_CONFIRMED_ERROR
1439,TWSE,2026-07-10,PROCESSED_PRE_V3_UNKNOWN,23.5,23.5,23.5,23.5,0.0,C_PROVIDER_SYNTHETIC_NONTRADING_BAR,REMOVE_CONFIRMED_ERROR
1440,TWSE,2026-07-10,PROCESSED_PRE_V3_UNKNOWN,13.350000381469727,13.350000381469727,13.350000381469727,13.350000381469727,0.0,C_PROVIDER_SYNTHETIC_NONTRADING_BAR,REMOVE_CONFIRMED_ERROR
1441,TWSE,2026-07-10,PROCESSED_PRE_V3_UNKNOWN,9.359999656677246,9.359999656677246,9.359999656677246,9.359999656677246,0.0,C_PROVIDER_SYNTHETIC_NONTRADING_BAR,REMOVE_CONFIRMED_ERROR
1442,TWSE,2026-07-10,PROCESSED_PRE_V3_UNKNOWN,28.450000762939453,28.450000762939453,28.450000762939453,28.450000762939453,0.0,C_PROVIDER_SYNTHETIC_NONTRADING_BAR,REMOVE_CONFIRMED_ERROR
1443,TWSE,2026-07-10,PROCESSED_PRE_V3_UNKNOWN,26.100000381469727,26.100000381469727,26.100000381469727,26.100000381469727,0.0,C_PROVIDER_SYNTHETIC_NONTRADING_BAR,REMOVE_CONFIRMED_ERROR
1444,TWSE,2026-07-10,PROCESSED_PRE_V3_UNKNOWN,8.229999542236328,8.229999542236328,8.229999542236328,8.229999542236328,0.0,C_PROVIDER_SYNTHETIC_NONTRADING_BAR,REMOVE_CONFIRMED_ERROR
1445,TWSE,2026-07-10,PROCESSED_PRE_V3_UNKNOWN,11.25,11.25,11.25,11.25,0.0,C_PROVIDER_SYNTHETIC_NONTRADING_BAR,REMOVE_CONFIRMED_ERROR
1446,TWSE,2026-07-10,PROCESSED_PRE_V3_UNKNOWN,15.0,15.0,15.0,15.0,0.0,C_PROVIDER_SYNTHETIC_NONTRADING_BAR,REMOVE_CONFIRMED_ERROR
1447,TWSE,2026-07-10,PROCESSED_PRE_V3_UNKNOWN,8.380000114440918,8.380000114440918,8.380000114440918,8.380000114440918,0.0,C_PROVIDER_SYNTHETIC_NONTRADING_BAR,REMOVE_CONFIRMED_ERROR
1449,TWSE,2026-07-10,PROCESSED_PRE_V3_UNKNOWN,13.850000381469727,13.850000381469727,13.850000381469727,13.850000381469727,0.0,C_PROVIDER_SYNTHETIC_NONTRADING_BAR,REMOVE_CONFIRMED_ERROR
1451,TWSE,2026-07-10,PROCESSED_PRE_V3_UNKNOWN,17.299999237060547,17.299999237060547,17.299999237060547,17.299999237060547,0.0,C_PROVIDER_SYNTHETIC_NONTRADING_BAR,REMOVE_CONFIRMED_ERROR
1452,TWSE,2026-07-10,PROCESSED_PRE_V3_UNKNOWN,11.649999618530273,11.649999618530273,11.649999618530273,11.649999618530273,0.0,C_PROVIDER_SYNTHETIC_NONTRADING_BAR,REMOVE_CONFIRMED_ERROR
1453,TWSE,2026-07-10,PROCESSED_PRE_V3_UNKNOWN,11.149999618530273,11.149999618530273,11.149999618530273,11.149999618530273,0.0,C_PROVIDER_SYNTHETIC_NONTRADING_BAR,REMOVE_CONFIRMED_ERROR
1454,TWSE,2026-07-10,PROCESSED_PRE_V3_UNKNOWN,12.800000190734863,12.800000190734863,12.800000190734863,12.800000190734863,0.0,C_PROVIDER_SYNTHETIC_NONTRADING_BAR,REMOVE_CONFIRMED_ERROR
1455,TWSE,2026-07-10,PROCESSED_PRE_V3_UNKNOWN,9.300000190734863,9.300000190734863,9.300000190734863,9.300000190734863,0.0,C_PROVIDER_SYNTHETIC_NONTRADING_BAR,REMOVE_CONFIRMED_ERROR
1456,TWSE,2026-07-10,PROCESSED_PRE_V3_UNKNOWN,13.350000381469727,13.350000381469727,13.350000381469727,13.350000381469727,0.0,C_PROVIDER_SYNTHETIC_NONTRADING_BAR,REMOVE_CONFIRMED_ERROR
1457,TWSE,2026-07-10,PROCESSED_PRE_V3_UNKNOWN,14.149999618530273,14.149999618530273,14.149999618530273,14.149999618530273,0.0,C_PROVIDER_SYNTHETIC_NONTRADING_BAR,REMOVE_CONFIRMED_ERROR
1459,TWSE,2026-07-10,PROCESSED_PRE_V3_UNKNOWN,15.533332824707031,15.533332824707031,15.533332824707031,15.533332824707031,0.0,C_PROVIDER_SYNTHETIC_NONTRADING_BAR,REMOVE_CONFIRMED_ERROR
1460,TWSE,2026-07-10,PROCESSED_PRE_V3_UNKNOWN,7.170000076293945,7.170000076293945,7.170000076293945,7.170000076293945,0.0,C_PROVIDER_SYNTHETIC_NONTRADING_BAR,REMOVE_CONFIRMED_ERROR
1463,TWSE,2026-07-10,PROCESSED_PRE_V3_UNKNOWN,18.0,18.0,18.0,18.0,0.0,C_PROVIDER_SYNTHETIC_NONTRADING_BAR,REMOVE_CONFIRMED_ERROR
1464,TWSE,2026-07-10,PROCESSED_PRE_V3_UNKNOWN,10.550000190734863,10.550000190734863,10.550000190734863,10.550000190734863,0.0,C_PROVIDER_SYNTHETIC_NONTRADING_BAR,REMOVE_CONFIRMED_ERROR
1465,TWSE,2026-07-10,PROCESSED_PRE_V3_UNKNOWN,12.75,12.75,12.75,12.75,0.0,C_PROVIDER_SYNTHETIC_NONTRADING_BAR,REMOVE_CONFIRMED_ERROR
1466,TWSE,2026-07-10,PROCESSED_PRE_V3_UNKNOWN,16.850000381469727,16.850000381469727,16.850000381469727,16.850000381469727,0.0,C_PROVIDER_SYNTHETIC_NONTRADING_BAR,REMOVE_CONFIRMED_ERROR
1467,TWSE,2026-07-10,PROCESSED_PRE_V3_UNKNOWN,8.40999984741211,8.40999984741211,8.40999984741211,8.40999984741211,0.0,C_PROVIDER_SYNTHETIC_NONTRADING_BAR,REMOVE_CONFIRMED_ERROR
1468,TWSE,2026-07-10,PROCESSED_PRE_V3_UNKNOWN,12.199999809265137,12.199999809265137,12.199999809265137,12.199999809265137,0.0,C_PROVIDER_SYNTHETIC_NONTRADING_BAR,REMOVE_CONFIRMED_ERROR
1469,TWSE,2018-03-31,PROCESSED_PRE_V3_UNKNOWN,13.9,13.95,13.9,13.9,8000.0,A_TRADING_CALENDAR_MISSING_LEGAL_SESSION,ADD_VERIFIED_OFFICIAL_SESSION
1470,TWSE,2026-07-10,PROCESSED_PRE_V3_UNKNOWN,21.5,21.5,21.5,21.5,0.0,C_PROVIDER_SYNTHETIC_NONTRADING_BAR,REMOVE_CONFIRMED_ERROR
1471,TWSE,2026-07-10,PROCESSED_PRE_V3_UNKNOWN,10.399999618530273,10.399999618530273,10.399999618530273,10.399999618530273,0.0,C_PROVIDER_SYNTHETIC_NONTRADING_BAR,REMOVE_CONFIRMED_ERROR
1472,TWSE,2026-07-10,PROCESSED_PRE_V3_UNKNOWN,88.5,88.5,88.5,88.5,0.0,C_PROVIDER_SYNTHETIC_NONTRADING_BAR,REMOVE_CONFIRMED_ERROR
1473,TWSE,2026-07-10,PROCESSED_PRE_V3_UNKNOWN,20.200000762939453,20.200000762939453,20.200000762939453,20.200000762939453,0.0,C_PROVIDER_SYNTHETIC_NONTRADING_BAR,REMOVE_CONFIRMED_ERROR
1474,TWSE,2026-07-10,PROCESSED_PRE_V3_UNKNOWN,10.5,10.5,10.5,10.5,0.0,C_PROVIDER_SYNTHETIC_NONTRADING_BAR,REMOVE_CONFIRMED_ERROR
1475,TWSE,2026-07-10,PROCESSED_PRE_V3_UNKNOWN,27.299999237060547,27.299999237060547,27.299999237060547,27.299999237060547,0.0,C_PROVIDER_SYNTHETIC_NONTRADING_BAR,REMOVE_CONFIRMED_ERROR
1476,TWSE,2026-07-10,PROCESSED_PRE_V3_UNKNOWN,335.0,335.0,335.0,335.0,0.0,C_PROVIDER_SYNTHETIC_NONTRADING_BAR,REMOVE_CONFIRMED_ERROR
1477,TWSE,2026-07-10,PROCESSED_PRE_V3_UNKNOWN,222.5,222.5,222.5,222.5,0.0,C_PROVIDER_SYNTHETIC_NONTRADING_BAR,REMOVE_CONFIRMED_ERROR
1503,TWSE,2026-07-10,PROCESSED_PRE_V3_UNKNOWN,221.5,221.5,221.5,221.5,0.0,C_PROVIDER_SYNTHETIC_NONTRADING_BAR,REMOVE_CONFIRMED_ERROR
1504,TWSE,2026-07-10,PROCESSED_PRE_V3_UNKNOWN,67.5,67.5,67.5,67.5,0.0,C_PROVIDER_SYNTHETIC_NONTRADING_BAR,REMOVE_CONFIRMED_ERROR
1506,TWSE,2026-07-10,PROCESSED_PRE_V3_UNKNOWN,10.550000190734863,10.550000190734863,10.550000190734863,10.550000190734863,0.0,C_PROVIDER_SYNTHETIC_NONTRADING_BAR,REMOVE_CONFIRMED_ERROR
1507,TWSE,2018-03-31,PROCESSED_PRE_V3_UNKNOWN,55.6,56.6,55.6,56.4,119530.0,A_TRADING_CALENDAR_MISSING_LEGAL_SESSION,ADD_VERIFIED_OFFICIAL_SESSION
1507,TWSE,2018-12-22,PROCESSED_PRE_V3_UNKNOWN,59.1,59.3,59.0,59.2,55241.0,A_TRADING_CALENDAR_MISSING_LEGAL_SESSION,ADD_VERIFIED_OFFICIAL_SESSION
1507,TWSE,2019-09-09,PROCESSED_PRE_V3_UNKNOWN,64.5,64.5,64.4,64.5,6755.0,A_TRADING_CALENDAR_MISSING_LEGAL_SESSION,ADD_VERIFIED_OFFICIAL_SESSION
1507,TWSE,2021-04-06,PROCESSED_PRE_V3_UNKNOWN,60.1,60.5,60.1,60.5,111765.0,A_TRADING_CALENDAR_MISSING_LEGAL_SESSION,ADD_VERIFIED_OFFICIAL_SESSION
1512,TWSE,2026-07-10,PROCESSED_PRE_V3_UNKNOWN,7.079999923706055,7.079999923706055,7.079999923706055,7.079999923706055,0.0,C_PROVIDER_SYNTHETIC_NONTRADING_BAR,REMOVE_CONFIRMED_ERROR
1513,TWSE,2026-07-10,PROCESSED_PRE_V3_UNKNOWN,168.5,168.5,168.5,168.5,0.0,C_PROVIDER_SYNTHETIC_NONTRADING_BAR,REMOVE_CONFIRMED_ERROR
1514,TWSE,2026-07-10,PROCESSED_PRE_V3_UNKNOWN,120.09803771972656,120.09803771972656,120.09803771972656,120.09803771972656,0.0,C_PROVIDER_SYNTHETIC_NONTRADING_BAR,REMOVE_CONFIRMED_ERROR
1515,TWSE,2026-07-10,PROCESSED_PRE_V3_UNKNOWN,40.150001525878906,40.150001525878906,40.150001525878906,40.150001525878906,0.0,C_PROVIDER_SYNTHETIC_NONTRADING_BAR,REMOVE_CONFIRMED_ERROR
1516,TWSE,2026-07-10,PROCESSED_PRE_V3_UNKNOWN,18.200000762939453,18.200000762939453,18.200000762939453,18.200000762939453,0.0,C_PROVIDER_SYNTHETIC_NONTRADING_BAR,REMOVE_CONFIRMED_ERROR
1517,TWSE,2026-07-10,PROCESSED_PRE_V3_UNKNOWN,10.699999809265137,10.699999809265137,10.699999809265137,10.699999809265137,0.0,C_PROVIDER_SYNTHETIC_NONTRADING_BAR,REMOVE_CONFIRMED_ERROR
1519,TWSE,2026-07-10,PROCESSED_PRE_V3_UNKNOWN,655.4545288085938,655.4545288085938,655.4545288085938,655.4545288085938,0.0,C_PROVIDER_SYNTHETIC_NONTRADING_BAR,REMOVE_CONFIRMED_ERROR
1521,TWSE,2026-07-10,PROCESSED_PRE_V3_UNKNOWN,25.799999237060547,25.799999237060547,25.799999237060547,25.799999237060547,0.0,C_PROVIDER_SYNTHETIC_NONTRADING_BAR,REMOVE_CONFIRMED_ERROR
1522,TWSE,2026-07-10,PROCESSED_PRE_V3_UNKNOWN,30.0,30.0,30.0,30.0,0.0,C_PROVIDER_SYNTHETIC_NONTRADING_BAR,REMOVE_CONFIRMED_ERROR
1524,TWSE,2018-03-31,PROCESSED_PRE_V3_UNKNOWN,10.5,10.8,10.5,10.6,360105.0,A_TRADING_CALENDAR_MISSING_LEGAL_SESSION,ADD_VERIFIED_OFFICIAL_SESSION
1524,TWSE,2018-12-22,PROCESSED_PRE_V3_UNKNOWN,10.0,10.05,10.0,10.05,99220.0,A_TRADING_CALENDAR_MISSING_LEGAL_SESSION,ADD_VERIFIED_OFFICIAL_SESSION
1524,TWSE,2019-09-09,PROCESSED_PRE_V3_UNKNOWN,10.0,10.0,9.93,9.95,158001.0,A_TRADING_CALENDAR_MISSING_LEGAL_SESSION,ADD_VERIFIED_OFFICIAL_SESSION
1524,TWSE,2021-04-06,PROCESSED_PRE_V3_UNKNOWN,11.5,11.5,11.3,11.35,1285729.0,A_TRADING_CALENDAR_MISSING_LEGAL_SESSION,ADD_VERIFIED_OFFICIAL_SESSION
1524,TWSE,2026-08-20,PROCESSED_PRE_V3_UNKNOWN,27.4,27.55,27.2,27.25,356875.0,A_TRADING_CALENDAR_MISSING_LEGAL_SESSION,ADD_VERIFIED_OFFICIAL_SESSION
1525,TWSE,2026-07-10,PROCESSED_PRE_V3_UNKNOWN,66.9000015258789,66.9000015258789,66.9000015258789,66.9000015258789,0.0,C_PROVIDER_SYNTHETIC_NONTRADING_BAR,REMOVE_CONFIRMED_ERROR
1526,TWSE,2026-07-10,PROCESSED_PRE_V3_UNKNOWN,14.399999618530273,14.399999618530273,14.399999618530273,14.399999618530273,0.0,C_PROVIDER_SYNTHETIC_NONTRADING_BAR,REMOVE_CONFIRMED_ERROR
1527,TWSE,2026-07-10,PROCESSED_PRE_V3_UNKNOWN,33.5,33.5,33.5,33.5,0.0,C_PROVIDER_SYNTHETIC_NONTRADING_BAR,REMOVE_CONFIRMED_ERROR
1528,TWSE,2026-07-10,PROCESSED_PRE_V3_UNKNOWN,22.600000381469727,22.600000381469727,22.600000381469727,22.600000381469727,0.0,C_PROVIDER_SYNTHETIC_NONTRADING_BAR,REMOVE_CONFIRMED_ERROR
1529,TWSE,2026-07-10,PROCESSED_PRE_V3_UNKNOWN,19.82557487487793,19.82557487487793,19.82557487487793,19.82557487487793,0.0,C_PROVIDER_SYNTHETIC_NONTRADING_BAR,REMOVE_CONFIRMED_ERROR
1530,TWSE,2026-07-10,PROCESSED_PRE_V3_UNKNOWN,26.37614631652832,26.37614631652832,26.37614631652832,26.37614631652832,0.0,C_PROVIDER_SYNTHETIC_NONTRADING_BAR,REMOVE_CONFIRMED_ERROR
1531,TWSE,2026-07-10,PROCESSED_PRE_V3_UNKNOWN,13.0,13.0,13.0,13.0,0.0,C_PROVIDER_SYNTHETIC_NONTRADING_BAR,REMOVE_CONFIRMED_ERROR
1532,TWSE,2026-07-10,PROCESSED_PRE_V3_UNKNOWN,23.049999237060547,23.049999237060547,23.049999237060547,23.049999237060547,0.0,C_PROVIDER_SYNTHETIC_NONTRADING_BAR,REMOVE_CONFIRMED_ERROR
1533,TWSE,2026-07-10,PROCESSED_PRE_V3_UNKNOWN,36.849998474121094,36.849998474121094,36.849998474121094,36.849998474121094,0.0,C_PROVIDER_SYNTHETIC_NONTRADING_BAR,REMOVE_CONFIRMED_ERROR
1535,TWSE,2026-07-10,PROCESSED_PRE_V3_UNKNOWN,49.900001525878906,49.900001525878906,49.900001525878906,49.900001525878906,0.0,C_PROVIDER_SYNTHETIC_NONTRADING_BAR,REMOVE_CONFIRMED_ERROR
1536,TWSE,2026-07-10,PROCESSED_PRE_V3_UNKNOWN,55.0,55.0,55.0,55.0,0.0,C_PROVIDER_SYNTHETIC_NONTRADING_BAR,REMOVE_CONFIRMED_ERROR
1537,TWSE,2026-07-10,PROCESSED_PRE_V3_UNKNOWN,126.0,126.0,126.0,126.0,0.0,C_PROVIDER_SYNTHETIC_NONTRADING_BAR,REMOVE_CONFIRMED_ERROR
1538,TWSE,2026-07-10,PROCESSED_PRE_V3_UNKNOWN,10.0,10.0,10.0,10.0,0.0,C_PROVIDER_SYNTHETIC_NONTRADING_BAR,REMOVE_CONFIRMED_ERROR
1539,TWSE,2026-07-10,PROCESSED_PRE_V3_UNKNOWN,15.850000381469727,15.850000381469727,15.850000381469727,15.850000381469727,0.0,C_PROVIDER_SYNTHETIC_NONTRADING_BAR,REMOVE_CONFIRMED_ERROR
1540,TWSE,2026-07-10,PROCESSED_PRE_V3_UNKNOWN,22.549999237060547,22.549999237060547,22.549999237060547,22.549999237060547,0.0,C_PROVIDER_SYNTHETIC_NONTRADING_BAR,REMOVE_CONFIRMED_ERROR
1541,TWSE,2026-07-10,PROCESSED_PRE_V3_UNKNOWN,21.399999618530273,21.399999618530273,21.399999618530273,21.399999618530273,0.0,C_PROVIDER_SYNTHETIC_NONTRADING_BAR,REMOVE_CONFIRMED_ERROR
1558,TWSE,2026-07-10,PROCESSED_PRE_V3_UNKNOWN,92.4000015258789,92.4000015258789,92.4000015258789,92.4000015258789,0.0,C_PROVIDER_SYNTHETIC_NONTRADING_BAR,REMOVE_CONFIRMED_ERROR
1560,TWSE,2026-07-10,PROCESSED_PRE_V3_UNKNOWN,709.0,709.0,709.0,709.0,0.0,C_PROVIDER_SYNTHETIC_NONTRADING_BAR,REMOVE_CONFIRMED_ERROR
1563,TWSE,2026-07-10,PROCESSED_PRE_V3_UNKNOWN,67.69999694824219,67.69999694824219,67.69999694824219,67.69999694824219,0.0,C_PROVIDER_SYNTHETIC_NONTRADING_BAR,REMOVE_CONFIRMED_ERROR
1568,TWSE,2026-07-10,PROCESSED_PRE_V3_UNKNOWN,32.900001525878906,32.900001525878906,32.900001525878906,32.900001525878906,0.0,C_PROVIDER_SYNTHETIC_NONTRADING_BAR,REMOVE_CONFIRMED_ERROR
1582,TWSE,2026-07-10,PROCESSED_PRE_V3_UNKNOWN,79.19999694824219,79.19999694824219,79.19999694824219,79.19999694824219,0.0,C_PROVIDER_SYNTHETIC_NONTRADING_BAR,REMOVE_CONFIRMED_ERROR
1583,TWSE,2026-07-10,PROCESSED_PRE_V3_UNKNOWN,48.54999923706055,48.54999923706055,48.54999923706055,48.54999923706055,0.0,C_PROVIDER_SYNTHETIC_NONTRADING_BAR,REMOVE_CONFIRMED_ERROR
1587,TWSE,2026-07-10,PROCESSED_PRE_V3_UNKNOWN,26.600000381469727,26.600000381469727,26.600000381469727,26.600000381469727,0.0,C_PROVIDER_SYNTHETIC_NONTRADING_BAR,REMOVE_CONFIRMED_ERROR
1589,TWSE,2026-07-10,PROCESSED_PRE_V3_UNKNOWN,5.539999961853027,5.539999961853027,5.539999961853027,5.539999961853027,0.0,C_PROVIDER_SYNTHETIC_NONTRADING_BAR,REMOVE_CONFIRMED_ERROR
1590,TWSE,2026-07-10,PROCESSED_PRE_V3_UNKNOWN,1280.0,1280.0,1280.0,1280.0,0.0,C_PROVIDER_SYNTHETIC_NONTRADING_BAR,REMOVE_CONFIRMED_ERROR
1592,TWSE,2018-03-31,PROCESSED_PRE_V3_UNKNOWN,32.0,32.0,31.45,31.95,109000.0,A_TRADING_CALENDAR_MISSING_LEGAL_SESSION,ADD_VERIFIED_OFFICIAL_SESSION
1592,TWSE,2018-12-22,PROCESSED_PRE_V3_UNKNOWN,25.8,26.5,25.7,26.2,81200.0,A_TRADING_CALENDAR_MISSING_LEGAL_SESSION,ADD_VERIFIED_OFFICIAL_SESSION
1592,TWSE,2019-09-09,PROCESSED_PRE_V3_UNKNOWN,19.25,19.3,19.1,19.2,270000.0,A_TRADING_CALENDAR_MISSING_LEGAL_SESSION,ADD_VERIFIED_OFFICIAL_SESSION
1592,TWSE,2021-04-06,PROCESSED_PRE_V3_UNKNOWN,2.24,2.3,2.16,2.16,5728872.0,A_TRADING_CALENDAR_MISSING_LEGAL_SESSION,ADD_VERIFIED_OFFICIAL_SESSION
1598,TWSE,2026-07-10,PROCESSED_PRE_V3_UNKNOWN,19.100000381469727,19.100000381469727,19.100000381469727,19.100000381469727,0.0,C_PROVIDER_SYNTHETIC_NONTRADING_BAR,REMOVE_CONFIRMED_ERROR
1603,TWSE,2026-07-10,PROCESSED_PRE_V3_UNKNOWN,32.0,32.0,32.0,32.0,0.0,C_PROVIDER_SYNTHETIC_NONTRADING_BAR,REMOVE_CONFIRMED_ERROR
1604,TWSE,2026-07-10,PROCESSED_PRE_V3_UNKNOWN,23.399999618530273,23.399999618530273,23.399999618530273,23.399999618530273,0.0,C_PROVIDER_SYNTHETIC_NONTRADING_BAR,REMOVE_CONFIRMED_ERROR
1605,TWSE,2026-07-10,PROCESSED_PRE_V3_UNKNOWN,34.400001525878906,34.400001525878906,34.400001525878906,34.400001525878906,0.0,C_PROVIDER_SYNTHETIC_NONTRADING_BAR,REMOVE_CONFIRMED_ERROR
1608,TWSE,2026-07-10,PROCESSED_PRE_V3_UNKNOWN,34.04999923706055,34.04999923706055,34.04999923706055,34.04999923706055,0.0,C_PROVIDER_SYNTHETIC_NONTRADING_BAR,REMOVE_CONFIRMED_ERROR
1609,TWSE,2026-07-10,PROCESSED_PRE_V3_UNKNOWN,39.099998474121094,39.099998474121094,39.099998474121094,39.099998474121094,0.0,C_PROVIDER_SYNTHETIC_NONTRADING_BAR,REMOVE_CONFIRMED_ERROR
1611,TWSE,2026-07-10,PROCESSED_PRE_V3_UNKNOWN,13.149999618530273,13.149999618530273,13.149999618530273,13.149999618530273,0.0,C_PROVIDER_SYNTHETIC_NONTRADING_BAR,REMOVE_CONFIRMED_ERROR
1612,TWSE,2026-07-10,PROCESSED_PRE_V3_UNKNOWN,33.54999923706055,33.54999923706055,33.54999923706055,33.54999923706055,0.0,C_PROVIDER_SYNTHETIC_NONTRADING_BAR,REMOVE_CONFIRMED_ERROR
1614,TWSE,2026-07-10,PROCESSED_PRE_V3_UNKNOWN,32.099998474121094,32.099998474121094,32.099998474121094,32.099998474121094,0.0,C_PROVIDER_SYNTHETIC_NONTRADING_BAR,REMOVE_CONFIRMED_ERROR
1615,TWSE,2026-07-10,PROCESSED_PRE_V3_UNKNOWN,45.94059371948242,45.94059371948242,45.94059371948242,45.94059371948242,0.0,C_PROVIDER_SYNTHETIC_NONTRADING_BAR,REMOVE_CONFIRMED_ERROR
1616,TWSE,2026-07-10,PROCESSED_PRE_V3_UNKNOWN,21.799999237060547,21.799999237060547,21.799999237060547,21.799999237060547,0.0,C_PROVIDER_SYNTHETIC_NONTRADING_BAR,REMOVE_CONFIRMED_ERROR
1617,TWSE,2026-07-10,PROCESSED_PRE_V3_UNKNOWN,23.5,23.5,23.5,23.5,0.0,C_PROVIDER_SYNTHETIC_NONTRADING_BAR,REMOVE_CONFIRMED_ERROR
1618,TWSE,2026-07-10,PROCESSED_PRE_V3_UNKNOWN,38.79999923706055,38.79999923706055,38.79999923706055,38.79999923706055,0.0,C_PROVIDER_SYNTHETIC_NONTRADING_BAR,REMOVE_CONFIRMED_ERROR
1623,TWSE,2026-07-10,PROCESSED_PRE_V3_UNKNOWN,226.5,226.5,226.5,226.5,0.0,C_PROVIDER_SYNTHETIC_NONTRADING_BAR,REMOVE_CONFIRMED_ERROR
1626,TWSE,2026-07-10,PROCESSED_PRE_V3_UNKNOWN,10.899999618530273,10.899999618530273,10.899999618530273,10.899999618530273,0.0,C_PROVIDER_SYNTHETIC_NONTRADING_BAR,REMOVE_CONFIRMED_ERROR
1701,TWSE,2018-03-31,PROCESSED_PRE_V3_UNKNOWN,19.55,19.7,19.5,19.55,670971.0,A_TRADING_CALENDAR_MISSING_LEGAL_SESSION,ADD_VERIFIED_OFFICIAL_SESSION
1701,TWSE,2018-12-22,PROCESSED_PRE_V3_UNKNOWN,18.15,18.3,18.15,18.2,479010.0,A_TRADING_CALENDAR_MISSING_LEGAL_SESSION,ADD_VERIFIED_OFFICIAL_SESSION
1701,TWSE,2019-09-09,PROCESSED_PRE_V3_UNKNOWN,18.55,18.7,18.55,18.65,335799.0,A_TRADING_CALENDAR_MISSING_LEGAL_SESSION,ADD_VERIFIED_OFFICIAL_SESSION
1701,TWSE,2021-04-06,PROCESSED_PRE_V3_UNKNOWN,23.05,23.1,22.95,23.0,742855.0,A_TRADING_CALENDAR_MISSING_LEGAL_SESSION,ADD_VERIFIED_OFFICIAL_SESSION
1702,TWSE,2026-07-10,PROCESSED_PRE_V3_UNKNOWN,32.599998474121094,32.599998474121094,32.599998474121094,32.599998474121094,0.0,C_PROVIDER_SYNTHETIC_NONTRADING_BAR,REMOVE_CONFIRMED_ERROR
1704,TWSE,2018-03-31,PROCESSED_PRE_V3_UNKNOWN,44.45,44.5,44.3,44.3,378100.0,A_TRADING_CALENDAR_MISSING_LEGAL_SESSION,ADD_VERIFIED_OFFICIAL_SESSION
1704,TWSE,2018-12-22,PROCESSED_PRE_V3_UNKNOWN,52.8,52.8,52.7,52.7,335204.0,A_TRADING_CALENDAR_MISSING_LEGAL_SESSION,ADD_VERIFIED_OFFICIAL_SESSION
1707,TWSE,2026-07-10,PROCESSED_PRE_V3_UNKNOWN,91.5999984741211,91.5999984741211,91.5999984741211,91.5999984741211,0.0,C_PROVIDER_SYNTHETIC_NONTRADING_BAR,REMOVE_CONFIRMED_ERROR
1708,TWSE,2026-07-10,PROCESSED_PRE_V3_UNKNOWN,58.79999923706055,58.79999923706055,58.79999923706055,58.79999923706055,0.0,C_PROVIDER_SYNTHETIC_NONTRADING_BAR,REMOVE_CONFIRMED_ERROR
1709,TWSE,2026-07-10,PROCESSED_PRE_V3_UNKNOWN,24.399999618530273,24.399999618530273,24.399999618530273,24.399999618530273,0.0,C_PROVIDER_SYNTHETIC_NONTRADING_BAR,REMOVE_CONFIRMED_ERROR
1710,TWSE,2026-07-10,PROCESSED_PRE_V3_UNKNOWN,16.399999618530273,16.399999618530273,16.399999618530273,16.399999618530273,0.0,C_PROVIDER_SYNTHETIC_NONTRADING_BAR,REMOVE_CONFIRMED_ERROR
1711,TWSE,2026-07-10,PROCESSED_PRE_V3_UNKNOWN,42.79999923706055,42.79999923706055,42.79999923706055,42.79999923706055,0.0,C_PROVIDER_SYNTHETIC_NONTRADING_BAR,REMOVE_CONFIRMED_ERROR
1712,TWSE,2026-07-10,PROCESSED_PRE_V3_UNKNOWN,39.599998474121094,39.599998474121094,39.599998474121094,39.599998474121094,0.0,C_PROVIDER_SYNTHETIC_NONTRADING_BAR,REMOVE_CONFIRMED_ERROR
1713,TWSE,2026-07-10,PROCESSED_PRE_V3_UNKNOWN,47.849998474121094,47.849998474121094,47.849998474121094,47.849998474121094,0.0,C_PROVIDER_SYNTHETIC_NONTRADING_BAR,REMOVE_CONFIRMED_ERROR
1714,TWSE,2026-07-10,PROCESSED_PRE_V3_UNKNOWN,17.25,17.25,17.25,17.25,0.0,C_PROVIDER_SYNTHETIC_NONTRADING_BAR,REMOVE_CONFIRMED_ERROR
1717,TWSE,2026-07-10,PROCESSED_PRE_V3_UNKNOWN,73.80000305175781,73.80000305175781,73.80000305175781,73.80000305175781,0.0,C_PROVIDER_SYNTHETIC_NONTRADING_BAR,REMOVE_CONFIRMED_ERROR
1718,TWSE,2026-07-10,PROCESSED_PRE_V3_UNKNOWN,14.199999809265137,14.199999809265137,14.199999809265137,14.199999809265137,0.0,C_PROVIDER_SYNTHETIC_NONTRADING_BAR,REMOVE_CONFIRMED_ERROR
1720,TWSE,2026-07-10,PROCESSED_PRE_V3_UNKNOWN,58.09090805053711,58.09090805053711,58.09090805053711,58.09090805053711,0.0,C_PROVIDER_SYNTHETIC_NONTRADING_BAR,REMOVE_CONFIRMED_ERROR
1721,TWSE,2026-07-10,PROCESSED_PRE_V3_UNKNOWN,23.850000381469727,23.850000381469727,23.850000381469727,23.850000381469727,0.0,C_PROVIDER_SYNTHETIC_NONTRADING_BAR,REMOVE_CONFIRMED_ERROR
1722,TWSE,2026-07-10,PROCESSED_PRE_V3_UNKNOWN,47.54999923706055,47.54999923706055,47.54999923706055,47.54999923706055,0.0,C_PROVIDER_SYNTHETIC_NONTRADING_BAR,REMOVE_CONFIRMED_ERROR
1723,TWSE,2026-07-10,PROCESSED_PRE_V3_UNKNOWN,84.4000015258789,84.4000015258789,84.4000015258789,84.4000015258789,0.0,C_PROVIDER_SYNTHETIC_NONTRADING_BAR,REMOVE_CONFIRMED_ERROR
1724,TWSE,2018-03-31,PROCESSED_PRE_V3_UNKNOWN,14.1,14.4,14.1,14.2,29600.0,A_TRADING_CALENDAR_MISSING_LEGAL_SESSION,ADD_VERIFIED_OFFICIAL_SESSION
1724,TWSE,2018-12-22,PROCESSED_PRE_V3_UNKNOWN,13.0,13.0,13.0,13.0,20001.0,A_TRADING_CALENDAR_MISSING_LEGAL_SESSION,ADD_VERIFIED_OFFICIAL_SESSION
1724,TWSE,2019-09-09,PROCESSED_PRE_V3_UNKNOWN,13.0,13.0,12.95,12.95,34500.0,A_TRADING_CALENDAR_MISSING_LEGAL_SESSION,ADD_VERIFIED_OFFICIAL_SESSION
1724,TWSE,2021-04-06,PROCESSED_PRE_V3_UNKNOWN,15.75,16.0,15.7,15.85,4076785.0,A_TRADING_CALENDAR_MISSING_LEGAL_SESSION,ADD_VERIFIED_OFFICIAL_SESSION
1725,TWSE,2026-07-10,PROCESSED_PRE_V3_UNKNOWN,31.600000381469727,31.600000381469727,31.600000381469727,31.600000381469727,0.0,C_PROVIDER_SYNTHETIC_NONTRADING_BAR,REMOVE_CONFIRMED_ERROR
1726,TWSE,2026-07-10,PROCESSED_PRE_V3_UNKNOWN,78.80000305175781,78.80000305175781,78.80000305175781,78.80000305175781,0.0,C_PROVIDER_SYNTHETIC_NONTRADING_BAR,REMOVE_CONFIRMED_ERROR
1727,TWSE,2026-07-10,PROCESSED_PRE_V3_UNKNOWN,90.9000015258789,90.9000015258789,90.9000015258789,90.9000015258789,0.0,C_PROVIDER_SYNTHETIC_NONTRADING_BAR,REMOVE_CONFIRMED_ERROR
1730,TWSE,2026-07-10,PROCESSED_PRE_V3_UNKNOWN,51.29999923706055,51.29999923706055,51.29999923706055,51.29999923706055,0.0,C_PROVIDER_SYNTHETIC_NONTRADING_BAR,REMOVE_CONFIRMED_ERROR
1731,TWSE,2026-07-10,PROCESSED_PRE_V3_UNKNOWN,20.649999618530273,20.649999618530273,20.649999618530273,20.649999618530273,0.0,C_PROVIDER_SYNTHETIC_NONTRADING_BAR,REMOVE_CONFIRMED_ERROR
1732,TWSE,2026-07-10,PROCESSED_PRE_V3_UNKNOWN,27.0,27.0,27.0,27.0,0.0,C_PROVIDER_SYNTHETIC_NONTRADING_BAR,REMOVE_CONFIRMED_ERROR
1733,TWSE,2026-07-10,PROCESSED_PRE_V3_UNKNOWN,30.299999237060547,30.299999237060547,30.299999237060547,30.299999237060547,0.0,C_PROVIDER_SYNTHETIC_NONTRADING_BAR,REMOVE_CONFIRMED_ERROR
1734,TWSE,2026-07-10,PROCESSED_PRE_V3_UNKNOWN,31.226415634155273,31.226415634155273,31.226415634155273,31.226415634155273,0.0,C_PROVIDER_SYNTHETIC_NONTRADING_BAR,REMOVE_CONFIRMED_ERROR
1735,TWSE,2026-07-10,PROCESSED_PRE_V3_UNKNOWN,22.0,22.0,22.0,22.0,0.0,C_PROVIDER_SYNTHETIC_NONTRADING_BAR,REMOVE_CONFIRMED_ERROR
1736,TWSE,2026-07-10,PROCESSED_PRE_V3_UNKNOWN,131.5,131.5,131.5,131.5,0.0,C_PROVIDER_SYNTHETIC_NONTRADING_BAR,REMOVE_CONFIRMED_ERROR
1737,TWSE,2026-07-10,PROCESSED_PRE_V3_UNKNOWN,31.899999618530273,31.899999618530273,31.899999618530273,31.899999618530273,0.0,C_PROVIDER_SYNTHETIC_NONTRADING_BAR,REMOVE_CONFIRMED_ERROR
1760,TWSE,2026-07-10,PROCESSED_PRE_V3_UNKNOWN,62.20000076293945,62.20000076293945,62.20000076293945,62.20000076293945,0.0,C_PROVIDER_SYNTHETIC_NONTRADING_BAR,REMOVE_CONFIRMED_ERROR
1762,TWSE,2026-07-10,PROCESSED_PRE_V3_UNKNOWN,38.150001525878906,38.150001525878906,38.150001525878906,38.150001525878906,0.0,C_PROVIDER_SYNTHETIC_NONTRADING_BAR,REMOVE_CONFIRMED_ERROR
1773,TWSE,2026-07-10,PROCESSED_PRE_V3_UNKNOWN,174.5,174.5,174.5,174.5,0.0,C_PROVIDER_SYNTHETIC_NONTRADING_BAR,REMOVE_CONFIRMED_ERROR
1776,TWSE,2026-07-10,PROCESSED_PRE_V3_UNKNOWN,19.549999237060547,19.549999237060547,19.549999237060547,19.549999237060547,0.0,C_PROVIDER_SYNTHETIC_NONTRADING_BAR,REMOVE_CONFIRMED_ERROR
1783,TWSE,2026-07-10,PROCESSED_PRE_V3_UNKNOWN,40.349998474121094,40.349998474121094,40.349998474121094,40.349998474121094,0.0,C_PROVIDER_SYNTHETIC_NONTRADING_BAR,REMOVE_CONFIRMED_ERROR
1786,TWSE,2026-07-10,PROCESSED_PRE_V3_UNKNOWN,56.0,56.0,56.0,56.0,0.0,C_PROVIDER_SYNTHETIC_NONTRADING_BAR,REMOVE_CONFIRMED_ERROR
1789,TWSE,2026-07-10,PROCESSED_PRE_V3_UNKNOWN,20.549999237060547,20.549999237060547,20.549999237060547,20.549999237060547,0.0,C_PROVIDER_SYNTHETIC_NONTRADING_BAR,REMOVE_CONFIRMED_ERROR
1802,TWSE,2026-07-10,PROCESSED_PRE_V3_UNKNOWN,65.0,65.0,65.0,65.0,0.0,C_PROVIDER_SYNTHETIC_NONTRADING_BAR,REMOVE_CONFIRMED_ERROR
1805,TWSE,2026-07-10,PROCESSED_PRE_V3_UNKNOWN,10.100000381469727,10.100000381469727,10.100000381469727,10.100000381469727,0.0,C_PROVIDER_SYNTHETIC_NONTRADING_BAR,REMOVE_CONFIRMED_ERROR
1806,TWSE,2026-07-10,PROCESSED_PRE_V3_UNKNOWN,8.40999984741211,8.40999984741211,8.40999984741211,8.40999984741211,0.0,C_PROVIDER_SYNTHETIC_NONTRADING_BAR,REMOVE_CONFIRMED_ERROR
1808,TWSE,2026-07-10,PROCESSED_PRE_V3_UNKNOWN,30.100000381469727,30.100000381469727,30.100000381469727,30.100000381469727,0.0,C_PROVIDER_SYNTHETIC_NONTRADING_BAR,REMOVE_CONFIRMED_ERROR
1809,TWSE,2026-07-10,PROCESSED_PRE_V3_UNKNOWN,48.599998474121094,48.599998474121094,48.599998474121094,48.599998474121094,0.0,C_PROVIDER_SYNTHETIC_NONTRADING_BAR,REMOVE_CONFIRMED_ERROR
1810,TWSE,2026-07-10,PROCESSED_PRE_V3_UNKNOWN,23.850000381469727,23.850000381469727,23.850000381469727,23.850000381469727,0.0,C_PROVIDER_SYNTHETIC_NONTRADING_BAR,REMOVE_CONFIRMED_ERROR
1817,TWSE,2018-03-31,PROCESSED_PRE_V3_UNKNOWN,42.3,42.65,42.25,42.55,69120.0,A_TRADING_CALENDAR_MISSING_LEGAL_SESSION,ADD_VERIFIED_OFFICIAL_SESSION
1817,TWSE,2018-12-22,PROCESSED_PRE_V3_UNKNOWN,37.3,37.3,37.0,37.1,3000.0,A_TRADING_CALENDAR_MISSING_LEGAL_SESSION,ADD_VERIFIED_OFFICIAL_SESSION
1817,TWSE,2019-09-09,PROCESSED_PRE_V3_UNKNOWN,35.95,36.3,35.95,36.2,131259.0,A_TRADING_CALENDAR_MISSING_LEGAL_SESSION,ADD_VERIFIED_OFFICIAL_SESSION
1817,TWSE,2021-04-06,PROCESSED_PRE_V3_UNKNOWN,35.55,35.7,35.45,35.65,162708.0,A_TRADING_CALENDAR_MISSING_LEGAL_SESSION,ADD_VERIFIED_OFFICIAL_SESSION
1817,TWSE,2026-08-20,PROCESSED_PRE_V3_UNKNOWN,40.0,40.2,39.85,40.05,63252.0,A_TRADING_CALENDAR_MISSING_LEGAL_SESSION,ADD_VERIFIED_OFFICIAL_SESSION
1902,TWSE,2018-03-31,PROCESSED_PRE_V3_UNKNOWN,18.35,18.4,18.3,18.4,122636.0,A_TRADING_CALENDAR_MISSING_LEGAL_SESSION,ADD_VERIFIED_OFFICIAL_SESSION
1902,TWSE,2018-12-22,PROCESSED_PRE_V3_UNKNOWN,18.0,18.2,18.0,18.05,128172.0,A_TRADING_CALENDAR_MISSING_LEGAL_SESSION,ADD_VERIFIED_OFFICIAL_SESSION
1902,TWSE,2019-09-09,PROCESSED_PRE_V3_UNKNOWN,20.35,22.15,20.35,21.85,6930489.0,A_TRADING_CALENDAR_MISSING_LEGAL_SESSION,ADD_VERIFIED_OFFICIAL_SESSION
1903,TWSE,2026-07-10,PROCESSED_PRE_V3_UNKNOWN,48.95000076293945,48.95000076293945,48.95000076293945,48.95000076293945,0.0,C_PROVIDER_SYNTHETIC_NONTRADING_BAR,REMOVE_CONFIRMED_ERROR
1904,TWSE,2026-07-10,PROCESSED_PRE_V3_UNKNOWN,23.399999618530273,23.399999618530273,23.399999618530273,23.399999618530273,0.0,C_PROVIDER_SYNTHETIC_NONTRADING_BAR,REMOVE_CONFIRMED_ERROR
1905,TWSE,2026-07-10,PROCESSED_PRE_V3_UNKNOWN,15.75,15.75,15.75,15.75,0.0,C_PROVIDER_SYNTHETIC_NONTRADING_BAR,REMOVE_CONFIRMED_ERROR
1906,TWSE,2026-07-10,PROCESSED_PRE_V3_UNKNOWN,11.300000190734863,11.300000190734863,11.300000190734863,11.300000190734863,0.0,C_PROVIDER_SYNTHETIC_NONTRADING_BAR,REMOVE_CONFIRMED_ERROR
1907,TWSE,2026-07-10,PROCESSED_PRE_V3_UNKNOWN,27.75,27.75,27.75,27.75,0.0,C_PROVIDER_SYNTHETIC_NONTRADING_BAR,REMOVE_CONFIRMED_ERROR
1909,TWSE,2026-07-10,PROCESSED_PRE_V3_UNKNOWN,10.300000190734863,10.300000190734863,10.300000190734863,10.300000190734863,0.0,C_PROVIDER_SYNTHETIC_NONTRADING_BAR,REMOVE_CONFIRMED_ERROR
2002,TWSE,2026-07-10,PROCESSED_PRE_V3_UNKNOWN,18.549999237060547,18.549999237060547,18.549999237060547,18.549999237060547,0.0,C_PROVIDER_SYNTHETIC_NONTRADING_BAR,REMOVE_CONFIRMED_ERROR
2006,TWSE,2026-07-10,PROCESSED_PRE_V3_UNKNOWN,70.19999694824219,70.19999694824219,70.19999694824219,70.19999694824219,0.0,C_PROVIDER_SYNTHETIC_NONTRADING_BAR,REMOVE_CONFIRMED_ERROR
2007,TWSE,2026-07-10,PROCESSED_PRE_V3_UNKNOWN,7.309999942779541,7.309999942779541,7.309999942779541,7.309999942779541,0.0,C_PROVIDER_SYNTHETIC_NONTRADING_BAR,REMOVE_CONFIRMED_ERROR
2008,TWSE,2026-07-10,PROCESSED_PRE_V3_UNKNOWN,29.850000381469727,29.850000381469727,29.850000381469727,29.850000381469727,0.0,C_PROVIDER_SYNTHETIC_NONTRADING_BAR,REMOVE_CONFIRMED_ERROR
2009,TWSE,2026-07-10,PROCESSED_PRE_V3_UNKNOWN,38.099998474121094,38.099998474121094,38.099998474121094,38.099998474121094,0.0,C_PROVIDER_SYNTHETIC_NONTRADING_BAR,REMOVE_CONFIRMED_ERROR
2010,TWSE,2026-07-10,PROCESSED_PRE_V3_UNKNOWN,21.350000381469727,21.350000381469727,21.350000381469727,21.350000381469727,0.0,C_PROVIDER_SYNTHETIC_NONTRADING_BAR,REMOVE_CONFIRMED_ERROR
2012,TWSE,2026-07-10,PROCESSED_PRE_V3_UNKNOWN,15.699999809265137,15.699999809265137,15.699999809265137,15.699999809265137,0.0,C_PROVIDER_SYNTHETIC_NONTRADING_BAR,REMOVE_CONFIRMED_ERROR
2013,TWSE,2026-07-10,PROCESSED_PRE_V3_UNKNOWN,41.400001525878906,41.400001525878906,41.400001525878906,41.400001525878906,0.0,C_PROVIDER_SYNTHETIC_NONTRADING_BAR,REMOVE_CONFIRMED_ERROR
2014,TWSE,2026-07-10,PROCESSED_PRE_V3_UNKNOWN,17.149999618530273,17.149999618530273,17.149999618530273,17.149999618530273,0.0,C_PROVIDER_SYNTHETIC_NONTRADING_BAR,REMOVE_CONFIRMED_ERROR
2015,TWSE,2026-07-10,PROCESSED_PRE_V3_UNKNOWN,61.5,61.5,61.5,61.5,0.0,C_PROVIDER_SYNTHETIC_NONTRADING_BAR,REMOVE_CONFIRMED_ERROR
2017,TWSE,2026-07-10,PROCESSED_PRE_V3_UNKNOWN,9.119999885559082,9.119999885559082,9.119999885559082,9.119999885559082,0.0,C_PROVIDER_SYNTHETIC_NONTRADING_BAR,REMOVE_CONFIRMED_ERROR
2020,TWSE,2026-07-10,PROCESSED_PRE_V3_UNKNOWN,21.450000762939453,21.450000762939453,21.450000762939453,21.450000762939453,0.0,C_PROVIDER_SYNTHETIC_NONTRADING_BAR,REMOVE_CONFIRMED_ERROR
2022,TWSE,2026-07-10,PROCESSED_PRE_V3_UNKNOWN,8.069999694824219,8.069999694824219,8.069999694824219,8.069999694824219,0.0,C_PROVIDER_SYNTHETIC_NONTRADING_BAR,REMOVE_CONFIRMED_ERROR
2023,TWSE,2026-07-10,PROCESSED_PRE_V3_UNKNOWN,13.899999618530273,13.899999618530273,13.899999618530273,13.899999618530273,0.0,C_PROVIDER_SYNTHETIC_NONTRADING_BAR,REMOVE_CONFIRMED_ERROR
2024,TWSE,2026-07-10,PROCESSED_PRE_V3_UNKNOWN,13.600000381469727,13.600000381469727,13.600000381469727,13.600000381469727,0.0,C_PROVIDER_SYNTHETIC_NONTRADING_BAR,REMOVE_CONFIRMED_ERROR
2025,TWSE,2026-07-10,PROCESSED_PRE_V3_UNKNOWN,12.100000381469727,12.100000381469727,12.100000381469727,12.100000381469727,0.0,C_PROVIDER_SYNTHETIC_NONTRADING_BAR,REMOVE_CONFIRMED_ERROR
2027,TWSE,2026-07-10,PROCESSED_PRE_V3_UNKNOWN,40.0,40.0,40.0,40.0,0.0,C_PROVIDER_SYNTHETIC_NONTRADING_BAR,REMOVE_CONFIRMED_ERROR
2028,TWSE,2026-07-10,PROCESSED_PRE_V3_UNKNOWN,15.899999618530273,15.899999618530273,15.899999618530273,15.899999618530273,0.0,C_PROVIDER_SYNTHETIC_NONTRADING_BAR,REMOVE_CONFIRMED_ERROR
2029,TWSE,2026-07-10,PROCESSED_PRE_V3_UNKNOWN,20.799999237060547,20.799999237060547,20.799999237060547,20.799999237060547,0.0,C_PROVIDER_SYNTHETIC_NONTRADING_BAR,REMOVE_CONFIRMED_ERROR
2030,TWSE,2026-07-10,PROCESSED_PRE_V3_UNKNOWN,17.799999237060547,17.799999237060547,17.799999237060547,17.799999237060547,0.0,C_PROVIDER_SYNTHETIC_NONTRADING_BAR,REMOVE_CONFIRMED_ERROR
2031,TWSE,2026-07-10,PROCESSED_PRE_V3_UNKNOWN,38.349998474121094,38.349998474121094,38.349998474121094,38.349998474121094,0.0,C_PROVIDER_SYNTHETIC_NONTRADING_BAR,REMOVE_CONFIRMED_ERROR
2032,TWSE,2026-07-10,PROCESSED_PRE_V3_UNKNOWN,16.399999618530273,16.399999618530273,16.399999618530273,16.399999618530273,0.0,C_PROVIDER_SYNTHETIC_NONTRADING_BAR,REMOVE_CONFIRMED_ERROR
2033,TWSE,2026-07-10,PROCESSED_PRE_V3_UNKNOWN,15.800000190734863,15.800000190734863,15.800000190734863,15.800000190734863,0.0,C_PROVIDER_SYNTHETIC_NONTRADING_BAR,REMOVE_CONFIRMED_ERROR
2034,TWSE,2026-07-10,PROCESSED_PRE_V3_UNKNOWN,20.549999237060547,20.549999237060547,20.549999237060547,20.549999237060547,0.0,C_PROVIDER_SYNTHETIC_NONTRADING_BAR,REMOVE_CONFIRMED_ERROR
2038,TWSE,2026-07-10,PROCESSED_PRE_V3_UNKNOWN,13.199999809265137,13.199999809265137,13.199999809265137,13.199999809265137,0.0,C_PROVIDER_SYNTHETIC_NONTRADING_BAR,REMOVE_CONFIRMED_ERROR
2049,TWSE,2026-07-10,PROCESSED_PRE_V3_UNKNOWN,331.5,331.5,331.5,331.5,0.0,C_PROVIDER_SYNTHETIC_NONTRADING_BAR,REMOVE_CONFIRMED_ERROR
2059,TWSE,2026-07-10,PROCESSED_PRE_V3_UNKNOWN,8250.0,8250.0,8250.0,8250.0,0.0,C_PROVIDER_SYNTHETIC_NONTRADING_BAR,REMOVE_CONFIRMED_ERROR
2062,TWSE,2026-07-10,PROCESSED_PRE_V3_UNKNOWN,19.299999237060547,19.299999237060547,19.299999237060547,19.299999237060547,0.0,C_PROVIDER_SYNTHETIC_NONTRADING_BAR,REMOVE_CONFIRMED_ERROR
2069,TWSE,2026-07-10,PROCESSED_PRE_V3_UNKNOWN,18.200000762939453,18.200000762939453,18.200000762939453,18.200000762939453,0.0,C_PROVIDER_SYNTHETIC_NONTRADING_BAR,REMOVE_CONFIRMED_ERROR
2072,TWSE,2026-08-20,PROCESSED_PRE_V3_UNKNOWN,151.0,152.0,150.0,151.0,161534.0,A_TRADING_CALENDAR_MISSING_LEGAL_SESSION,ADD_VERIFIED_OFFICIAL_SESSION
2101,TWSE,2026-07-10,PROCESSED_PRE_V3_UNKNOWN,34.0,34.0,34.0,34.0,0.0,C_PROVIDER_SYNTHETIC_NONTRADING_BAR,REMOVE_CONFIRMED_ERROR
2102,TWSE,2026-07-10,PROCESSED_PRE_V3_UNKNOWN,19.049999237060547,19.049999237060547,19.049999237060547,19.049999237060547,0.0,C_PROVIDER_SYNTHETIC_NONTRADING_BAR,REMOVE_CONFIRMED_ERROR
2103,TWSE,2026-07-10,PROCESSED_PRE_V3_UNKNOWN,23.049999237060547,23.049999237060547,23.049999237060547,23.049999237060547,0.0,C_PROVIDER_SYNTHETIC_NONTRADING_BAR,REMOVE_CONFIRMED_ERROR
2104,TWSE,2026-07-10,PROCESSED_PRE_V3_UNKNOWN,10.449999809265137,10.449999809265137,10.449999809265137,10.449999809265137,0.0,C_PROVIDER_SYNTHETIC_NONTRADING_BAR,REMOVE_CONFIRMED_ERROR
2105,TWSE,2026-07-10,PROCESSED_PRE_V3_UNKNOWN,32.400001525878906,32.400001525878906,32.400001525878906,32.400001525878906,0.0,C_PROVIDER_SYNTHETIC_NONTRADING_BAR,REMOVE_CONFIRMED_ERROR
2106,TWSE,2026-07-10,PROCESSED_PRE_V3_UNKNOWN,17.399999618530273,17.399999618530273,17.399999618530273,17.399999618530273,0.0,C_PROVIDER_SYNTHETIC_NONTRADING_BAR,REMOVE_CONFIRMED_ERROR
2107,TWSE,2026-07-10,PROCESSED_PRE_V3_UNKNOWN,25.600000381469727,25.600000381469727,25.600000381469727,25.600000381469727,0.0,C_PROVIDER_SYNTHETIC_NONTRADING_BAR,REMOVE_CONFIRMED_ERROR
2108,TWSE,2026-07-10,PROCESSED_PRE_V3_UNKNOWN,28.850000381469727,28.850000381469727,28.850000381469727,28.850000381469727,0.0,C_PROVIDER_SYNTHETIC_NONTRADING_BAR,REMOVE_CONFIRMED_ERROR
2109,TWSE,2026-07-10,PROCESSED_PRE_V3_UNKNOWN,14.800000190734863,14.800000190734863,14.800000190734863,14.800000190734863,0.0,C_PROVIDER_SYNTHETIC_NONTRADING_BAR,REMOVE_CONFIRMED_ERROR
2114,TWSE,2026-07-10,PROCESSED_PRE_V3_UNKNOWN,89.69999694824219,89.69999694824219,89.69999694824219,89.69999694824219,0.0,C_PROVIDER_SYNTHETIC_NONTRADING_BAR,REMOVE_CONFIRMED_ERROR
2115,TWSE,2026-07-10,PROCESSED_PRE_V3_UNKNOWN,21.399999618530273,21.399999618530273,21.399999618530273,21.399999618530273,0.0,C_PROVIDER_SYNTHETIC_NONTRADING_BAR,REMOVE_CONFIRMED_ERROR
2201,TWSE,2026-07-10,PROCESSED_PRE_V3_UNKNOWN,28.450000762939453,28.450000762939453,28.450000762939453,28.450000762939453,0.0,C_PROVIDER_SYNTHETIC_NONTRADING_BAR,REMOVE_CONFIRMED_ERROR
2204,TWSE,2026-07-10,PROCESSED_PRE_V3_UNKNOWN,57.0,57.0,57.0,57.0,0.0,C_PROVIDER_SYNTHETIC_NONTRADING_BAR,REMOVE_CONFIRMED_ERROR
2206,TWSE,2026-07-10,PROCESSED_PRE_V3_UNKNOWN,64.19999694824219,64.19999694824219,64.19999694824219,64.19999694824219,0.0,C_PROVIDER_SYNTHETIC_NONTRADING_BAR,REMOVE_CONFIRMED_ERROR
2207,TWSE,2026-07-10,PROCESSED_PRE_V3_UNKNOWN,476.5,476.5,476.5,476.5,0.0,C_PROVIDER_SYNTHETIC_NONTRADING_BAR,REMOVE_CONFIRMED_ERROR
2208,TWSE,2026-07-10,PROCESSED_PRE_V3_UNKNOWN,19.75,19.75,19.75,19.75,0.0,C_PROVIDER_SYNTHETIC_NONTRADING_BAR,REMOVE_CONFIRMED_ERROR
2211,TWSE,2026-08-20,PROCESSED_PRE_V3_UNKNOWN,82.5,83.7,82.2,83.5,644336.0,A_TRADING_CALENDAR_MISSING_LEGAL_SESSION,ADD_VERIFIED_OFFICIAL_SESSION
2227,TWSE,2026-07-10,PROCESSED_PRE_V3_UNKNOWN,49.95000076293945,49.95000076293945,49.95000076293945,49.95000076293945,0.0,C_PROVIDER_SYNTHETIC_NONTRADING_BAR,REMOVE_CONFIRMED_ERROR
2228,TWSE,2026-07-10,PROCESSED_PRE_V3_UNKNOWN,85.4000015258789,85.4000015258789,85.4000015258789,85.4000015258789,0.0,C_PROVIDER_SYNTHETIC_NONTRADING_BAR,REMOVE_CONFIRMED_ERROR
2231,TWSE,2026-07-10,PROCESSED_PRE_V3_UNKNOWN,111.0,111.0,111.0,111.0,0.0,C_PROVIDER_SYNTHETIC_NONTRADING_BAR,REMOVE_CONFIRMED_ERROR
2236,TWSE,2026-07-10,PROCESSED_PRE_V3_UNKNOWN,176.0,176.0,176.0,176.0,0.0,C_PROVIDER_SYNTHETIC_NONTRADING_BAR,REMOVE_CONFIRMED_ERROR
2237,TWSE,2026-07-10,PROCESSED_PRE_V3_UNKNOWN,41.900001525878906,41.900001525878906,41.900001525878906,41.900001525878906,0.0,C_PROVIDER_SYNTHETIC_NONTRADING_BAR,REMOVE_CONFIRMED_ERROR
2239,TWSE,2026-07-10,PROCESSED_PRE_V3_UNKNOWN,21.549999237060547,21.549999237060547,21.549999237060547,21.549999237060547,0.0,C_PROVIDER_SYNTHETIC_NONTRADING_BAR,REMOVE_CONFIRMED_ERROR
2241,TWSE,2026-07-10,PROCESSED_PRE_V3_UNKNOWN,42.95000076293945,42.95000076293945,42.95000076293945,42.95000076293945,0.0,C_PROVIDER_SYNTHETIC_NONTRADING_BAR,REMOVE_CONFIRMED_ERROR
2243,TWSE,2026-07-10,PROCESSED_PRE_V3_UNKNOWN,51.0,51.0,51.0,51.0,0.0,C_PROVIDER_SYNTHETIC_NONTRADING_BAR,REMOVE_CONFIRMED_ERROR
2247,TWSE,2026-07-10,PROCESSED_PRE_V3_UNKNOWN,233.0,233.0,233.0,233.0,0.0,C_PROVIDER_SYNTHETIC_NONTRADING_BAR,REMOVE_CONFIRMED_ERROR
2248,TWSE,2026-07-10,PROCESSED_PRE_V3_UNKNOWN,59.0,59.0,59.0,59.0,0.0,C_PROVIDER_SYNTHETIC_NONTRADING_BAR,REMOVE_CONFIRMED_ERROR
2250,TWSE,2026-08-20,PROCESSED_PRE_V3_UNKNOWN,61.0,61.5,60.0,60.2,50315.0,A_TRADING_CALENDAR_MISSING_LEGAL_SESSION,ADD_VERIFIED_OFFICIAL_SESSION
2254,TWSE,2026-07-10,PROCESSED_PRE_V3_UNKNOWN,59.400001525878906,59.400001525878906,59.400001525878906,59.400001525878906,0.0,C_PROVIDER_SYNTHETIC_NONTRADING_BAR,REMOVE_CONFIRMED_ERROR
2258,TWSE,2026-07-10,PROCESSED_PRE_V3_UNKNOWN,31.799999237060547,31.799999237060547,31.799999237060547,31.799999237060547,0.0,C_PROVIDER_SYNTHETIC_NONTRADING_BAR,REMOVE_CONFIRMED_ERROR
2301,TWSE,2026-07-10,PROCESSED_PRE_V3_UNKNOWN,213.5,213.5,213.5,213.5,0.0,C_PROVIDER_SYNTHETIC_NONTRADING_BAR,REMOVE_CONFIRMED_ERROR
2302,TWSE,2018-03-31,PROCESSED_PRE_V3_UNKNOWN,6.62,6.77,6.58,6.64,599751.0,A_TRADING_CALENDAR_MISSING_LEGAL_SESSION,ADD_VERIFIED_OFFICIAL_SESSION
2302,TWSE,2018-12-22,PROCESSED_PRE_V3_UNKNOWN,7.43,7.54,7.42,7.42,47000.0,A_TRADING_CALENDAR_MISSING_LEGAL_SESSION,ADD_VERIFIED_OFFICIAL_SESSION
2302,TWSE,2019-09-09,PROCESSED_PRE_V3_UNKNOWN,8.13,8.13,8.03,8.03,141061.0,A_TRADING_CALENDAR_MISSING_LEGAL_SESSION,ADD_VERIFIED_OFFICIAL_SESSION
2302,TWSE,2021-04-06,PROCESSED_PRE_V3_UNKNOWN,22.3,22.35,21.9,22.05,1136028.0,A_TRADING_CALENDAR_MISSING_LEGAL_SESSION,ADD_VERIFIED_OFFICIAL_SESSION
2302,TWSE,2026-08-20,PROCESSED_PRE_V3_UNKNOWN,46.0,46.3,42.4,43.25,5523703.0,A_TRADING_CALENDAR_MISSING_LEGAL_SESSION,ADD_VERIFIED_OFFICIAL_SESSION
2303,TWSE,2026-07-10,PROCESSED_PRE_V3_UNKNOWN,156.0,156.0,156.0,156.0,0.0,C_PROVIDER_SYNTHETIC_NONTRADING_BAR,REMOVE_CONFIRMED_ERROR
2305,TWSE,2026-07-10,PROCESSED_PRE_V3_UNKNOWN,36.0,36.0,36.0,36.0,0.0,C_PROVIDER_SYNTHETIC_NONTRADING_BAR,REMOVE_CONFIRMED_ERROR
2308,TWSE,2026-07-10,PROCESSED_PRE_V3_UNKNOWN,1880.0,1880.0,1880.0,1880.0,0.0,C_PROVIDER_SYNTHETIC_NONTRADING_BAR,REMOVE_CONFIRMED_ERROR
2311,TWSE,2018-03-31,PROCESSED_PRE_V3_UNKNOWN,42.25,42.3,41.95,42.0,5725439.0,A_TRADING_CALENDAR_MISSING_LEGAL_SESSION,ADD_VERIFIED_OFFICIAL_SESSION
2312,TWSE,2026-07-10,PROCESSED_PRE_V3_UNKNOWN,34.0,34.0,34.0,34.0,0.0,C_PROVIDER_SYNTHETIC_NONTRADING_BAR,REMOVE_CONFIRMED_ERROR
2313,TWSE,2026-07-10,PROCESSED_PRE_V3_UNKNOWN,223.0,223.0,223.0,223.0,0.0,C_PROVIDER_SYNTHETIC_NONTRADING_BAR,REMOVE_CONFIRMED_ERROR
2314,TWSE,2026-07-10,PROCESSED_PRE_V3_UNKNOWN,13.850000381469727,13.850000381469727,13.850000381469727,13.850000381469727,0.0,C_PROVIDER_SYNTHETIC_NONTRADING_BAR,REMOVE_CONFIRMED_ERROR
2316,TWSE,2026-07-10,PROCESSED_PRE_V3_UNKNOWN,208.0,208.0,208.0,208.0,0.0,C_PROVIDER_SYNTHETIC_NONTRADING_BAR,REMOVE_CONFIRMED_ERROR
2317,TWSE,2026-07-10,PROCESSED_PRE_V3_UNKNOWN,237.5,237.5,237.5,237.5,0.0,C_PROVIDER_SYNTHETIC_NONTRADING_BAR,REMOVE_CONFIRMED_ERROR
2321,TWSE,2026-07-10,PROCESSED_PRE_V3_UNKNOWN,13.850000381469727,13.850000381469727,13.850000381469727,13.850000381469727,0.0,C_PROVIDER_SYNTHETIC_NONTRADING_BAR,REMOVE_CONFIRMED_ERROR
2323,TWSE,2026-07-10,PROCESSED_PRE_V3_UNKNOWN,11.149999618530273,11.149999618530273,11.149999618530273,11.149999618530273,0.0,C_PROVIDER_SYNTHETIC_NONTRADING_BAR,REMOVE_CONFIRMED_ERROR
2324,TWSE,2026-07-10,PROCESSED_PRE_V3_UNKNOWN,36.599998474121094,36.599998474121094,36.599998474121094,36.599998474121094,0.0,C_PROVIDER_SYNTHETIC_NONTRADING_BAR,REMOVE_CONFIRMED_ERROR
2325,TWSE,2018-03-31,PROCESSED_PRE_V3_UNKNOWN,50.8,50.9,50.8,50.8,758548.0,A_TRADING_CALENDAR_MISSING_LEGAL_SESSION,ADD_VERIFIED_OFFICIAL_SESSION
2327,TWSE,2026-07-10,PROCESSED_PRE_V3_UNKNOWN,900.0,900.0,900.0,900.0,0.0,C_PROVIDER_SYNTHETIC_NONTRADING_BAR,REMOVE_CONFIRMED_ERROR
2328,TWSE,2026-07-10,PROCESSED_PRE_V3_UNKNOWN,48.5,48.5,48.5,48.5,0.0,C_PROVIDER_SYNTHETIC_NONTRADING_BAR,REMOVE_CONFIRMED_ERROR
2329,TWSE,2026-07-10,PROCESSED_PRE_V3_UNKNOWN,51.400001525878906,51.400001525878906,51.400001525878906,51.400001525878906,0.0,C_PROVIDER_SYNTHETIC_NONTRADING_BAR,REMOVE_CONFIRMED_ERROR
2330,TWSE,2026-07-10,PROCESSED_PRE_V3_UNKNOWN,2415.0,2415.0,2415.0,2415.0,0.0,C_PROVIDER_SYNTHETIC_NONTRADING_BAR,REMOVE_CONFIRMED_ERROR
2331,TWSE,2026-07-10,PROCESSED_PRE_V3_UNKNOWN,20.549999237060547,20.549999237060547,20.549999237060547,20.549999237060547,0.0,C_PROVIDER_SYNTHETIC_NONTRADING_BAR,REMOVE_CONFIRMED_ERROR
2332,TWSE,2026-07-10,PROCESSED_PRE_V3_UNKNOWN,24.049999237060547,24.049999237060547,24.049999237060547,24.049999237060547,0.0,C_PROVIDER_SYNTHETIC_NONTRADING_BAR,REMOVE_CONFIRMED_ERROR
2337,TWSE,2026-07-10,PROCESSED_PRE_V3_UNKNOWN,143.5,143.5,143.5,143.5,0.0,C_PROVIDER_SYNTHETIC_NONTRADING_BAR,REMOVE_CONFIRMED_ERROR
2338,TWSE,2026-07-10,PROCESSED_PRE_V3_UNKNOWN,47.70000076293945,47.70000076293945,47.70000076293945,47.70000076293945,0.0,C_PROVIDER_SYNTHETIC_NONTRADING_BAR,REMOVE_CONFIRMED_ERROR
2340,TWSE,2026-07-10,PROCESSED_PRE_V3_UNKNOWN,36.5,36.5,36.5,36.5,0.0,C_PROVIDER_SYNTHETIC_NONTRADING_BAR,REMOVE_CONFIRMED_ERROR
2342,TWSE,2026-07-10,PROCESSED_PRE_V3_UNKNOWN,49.0,49.0,49.0,49.0,0.0,C_PROVIDER_SYNTHETIC_NONTRADING_BAR,REMOVE_CONFIRMED_ERROR
2344,TWSE,2026-07-10,PROCESSED_PRE_V3_UNKNOWN,176.5,176.5,176.5,176.5,0.0,C_PROVIDER_SYNTHETIC_NONTRADING_BAR,REMOVE_CONFIRMED_ERROR
2345,TWSE,2026-07-10,PROCESSED_PRE_V3_UNKNOWN,2470.0,2470.0,2470.0,2470.0,0.0,C_PROVIDER_SYNTHETIC_NONTRADING_BAR,REMOVE_CONFIRMED_ERROR
2347,TWSE,2026-07-10,PROCESSED_PRE_V3_UNKNOWN,88.5,88.5,88.5,88.5,0.0,C_PROVIDER_SYNTHETIC_NONTRADING_BAR,REMOVE_CONFIRMED_ERROR
2348,TWSE,2026-07-10,PROCESSED_PRE_V3_UNKNOWN,72.28571319580078,72.28571319580078,72.28571319580078,72.28571319580078,0.0,C_PROVIDER_SYNTHETIC_NONTRADING_BAR,REMOVE_CONFIRMED_ERROR
2349,TWSE,2026-07-10,PROCESSED_PRE_V3_UNKNOWN,12.850000381469727,12.850000381469727,12.850000381469727,12.850000381469727,0.0,C_PROVIDER_SYNTHETIC_NONTRADING_BAR,REMOVE_CONFIRMED_ERROR
2351,TWSE,2018-03-31,PROCESSED_PRE_V3_UNKNOWN,88.0,88.0,84.3,84.8,1350612.0,A_TRADING_CALENDAR_MISSING_LEGAL_SESSION,ADD_VERIFIED_OFFICIAL_SESSION
2351,TWSE,2018-12-22,PROCESSED_PRE_V3_UNKNOWN,70.9,72.4,70.2,70.2,481674.0,A_TRADING_CALENDAR_MISSING_LEGAL_SESSION,ADD_VERIFIED_OFFICIAL_SESSION
2351,TWSE,2019-09-09,PROCESSED_PRE_V3_UNKNOWN,66.2,66.7,66.0,66.4,936479.0,A_TRADING_CALENDAR_MISSING_LEGAL_SESSION,ADD_VERIFIED_OFFICIAL_SESSION
2351,TWSE,2021-04-06,PROCESSED_PRE_V3_UNKNOWN,81.3,82.5,80.8,81.2,1879684.0,A_TRADING_CALENDAR_MISSING_LEGAL_SESSION,ADD_VERIFIED_OFFICIAL_SESSION
2351,TWSE,2026-08-20,PROCESSED_PRE_V3_UNKNOWN,185.0,187.5,174.0,183.5,6630011.0,A_TRADING_CALENDAR_MISSING_LEGAL_SESSION,ADD_VERIFIED_OFFICIAL_SESSION
2352,TWSE,2026-07-10,PROCESSED_PRE_V3_UNKNOWN,33.0,33.0,33.0,33.0,0.0,C_PROVIDER_SYNTHETIC_NONTRADING_BAR,REMOVE_CONFIRMED_ERROR
2353,TWSE,2026-07-10,PROCESSED_PRE_V3_UNKNOWN,32.5,32.5,32.5,32.5,0.0,C_PROVIDER_SYNTHETIC_NONTRADING_BAR,REMOVE_CONFIRMED_ERROR
2354,TWSE,2026-07-10,PROCESSED_PRE_V3_UNKNOWN,57.0,57.0,57.0,57.0,0.0,C_PROVIDER_SYNTHETIC_NONTRADING_BAR,REMOVE_CONFIRMED_ERROR
2355,TWSE,2026-07-10,PROCESSED_PRE_V3_UNKNOWN,50.70000076293945,50.70000076293945,50.70000076293945,50.70000076293945,0.0,C_PROVIDER_SYNTHETIC_NONTRADING_BAR,REMOVE_CONFIRMED_ERROR
2356,TWSE,2026-07-10,PROCESSED_PRE_V3_UNKNOWN,69.80000305175781,69.80000305175781,69.80000305175781,69.80000305175781,0.0,C_PROVIDER_SYNTHETIC_NONTRADING_BAR,REMOVE_CONFIRMED_ERROR
2357,TWSE,2026-07-10,PROCESSED_PRE_V3_UNKNOWN,684.0,684.0,684.0,684.0,0.0,C_PROVIDER_SYNTHETIC_NONTRADING_BAR,REMOVE_CONFIRMED_ERROR
2358,TWSE,2018-03-31,PROCESSED_PRE_V3_UNKNOWN,21.7,21.95,21.7,21.8,209396.0,A_TRADING_CALENDAR_MISSING_LEGAL_SESSION,ADD_VERIFIED_OFFICIAL_SESSION
2358,TWSE,2018-12-22,PROCESSED_PRE_V3_UNKNOWN,17.75,17.75,17.4,17.5,79105.0,A_TRADING_CALENDAR_MISSING_LEGAL_SESSION,ADD_VERIFIED_OFFICIAL_SESSION
2358,TWSE,2019-09-09,PROCESSED_PRE_V3_UNKNOWN,16.0,16.2,15.4,16.2,2560729.0,A_TRADING_CALENDAR_MISSING_LEGAL_SESSION,ADD_VERIFIED_OFFICIAL_SESSION
2358,TWSE,2021-04-06,PROCESSED_PRE_V3_UNKNOWN,14.0,14.0,13.85,14.0,171239.0,A_TRADING_CALENDAR_MISSING_LEGAL_SESSION,ADD_VERIFIED_OFFICIAL_SESSION
2359,TWSE,2026-07-10,PROCESSED_PRE_V3_UNKNOWN,139.0,139.0,139.0,139.0,0.0,C_PROVIDER_SYNTHETIC_NONTRADING_BAR,REMOVE_CONFIRMED_ERROR
2360,TWSE,2026-07-10,PROCESSED_PRE_V3_UNKNOWN,1820.0,1820.0,1820.0,1820.0,0.0,C_PROVIDER_SYNTHETIC_NONTRADING_BAR,REMOVE_CONFIRMED_ERROR
2362,TWSE,2026-07-10,PROCESSED_PRE_V3_UNKNOWN,43.400001525878906,43.400001525878906,43.400001525878906,43.400001525878906,0.0,C_PROVIDER_SYNTHETIC_NONTRADING_BAR,REMOVE_CONFIRMED_ERROR
2363,TWSE,2026-07-10,PROCESSED_PRE_V3_UNKNOWN,65.5999984741211,65.5999984741211,65.5999984741211,65.5999984741211,0.0,C_PROVIDER_SYNTHETIC_NONTRADING_BAR,REMOVE_CONFIRMED_ERROR
2364,TWSE,2026-07-10,PROCESSED_PRE_V3_UNKNOWN,68.0,68.0,68.0,68.0,0.0,C_PROVIDER_SYNTHETIC_NONTRADING_BAR,REMOVE_CONFIRMED_ERROR
2365,TWSE,2026-07-10,PROCESSED_PRE_V3_UNKNOWN,32.5,32.5,32.5,32.5,0.0,C_PROVIDER_SYNTHETIC_NONTRADING_BAR,REMOVE_CONFIRMED_ERROR
2367,TWSE,2026-07-10,PROCESSED_PRE_V3_UNKNOWN,51.5,51.5,51.5,51.5,0.0,C_PROVIDER_SYNTHETIC_NONTRADING_BAR,REMOVE_CONFIRMED_ERROR
2368,TWSE,2026-07-10,PROCESSED_PRE_V3_UNKNOWN,1075.0,1075.0,1075.0,1075.0,0.0,C_PROVIDER_SYNTHETIC_NONTRADING_BAR,REMOVE_CONFIRMED_ERROR
2369,TWSE,2026-07-10,PROCESSED_PRE_V3_UNKNOWN,42.5,42.5,42.5,42.5,0.0,C_PROVIDER_SYNTHETIC_NONTRADING_BAR,REMOVE_CONFIRMED_ERROR
2371,TWSE,2026-07-10,PROCESSED_PRE_V3_UNKNOWN,27.700000762939453,27.700000762939453,27.700000762939453,27.700000762939453,0.0,C_PROVIDER_SYNTHETIC_NONTRADING_BAR,REMOVE_CONFIRMED_ERROR
2373,TWSE,2026-07-10,PROCESSED_PRE_V3_UNKNOWN,53.900001525878906,53.900001525878906,53.900001525878906,53.900001525878906,0.0,C_PROVIDER_SYNTHETIC_NONTRADING_BAR,REMOVE_CONFIRMED_ERROR
2374,TWSE,2026-07-10,PROCESSED_PRE_V3_UNKNOWN,75.0,75.0,75.0,75.0,0.0,C_PROVIDER_SYNTHETIC_NONTRADING_BAR,REMOVE_CONFIRMED_ERROR
2375,TWSE,2026-07-10,PROCESSED_PRE_V3_UNKNOWN,188.5,188.5,188.5,188.5,0.0,C_PROVIDER_SYNTHETIC_NONTRADING_BAR,REMOVE_CONFIRMED_ERROR
2376,TWSE,2026-07-10,PROCESSED_PRE_V3_UNKNOWN,336.5,336.5,336.5,336.5,0.0,C_PROVIDER_SYNTHETIC_NONTRADING_BAR,REMOVE_CONFIRMED_ERROR
2377,TWSE,2026-07-10,PROCESSED_PRE_V3_UNKNOWN,145.0,145.0,145.0,145.0,0.0,C_PROVIDER_SYNTHETIC_NONTRADING_BAR,REMOVE_CONFIRMED_ERROR
2379,TWSE,2026-07-10,PROCESSED_PRE_V3_UNKNOWN,840.0,840.0,840.0,840.0,0.0,C_PROVIDER_SYNTHETIC_NONTRADING_BAR,REMOVE_CONFIRMED_ERROR
2380,TWSE,2026-07-10,PROCESSED_PRE_V3_UNKNOWN,20.0,20.0,20.0,20.0,0.0,C_PROVIDER_SYNTHETIC_NONTRADING_BAR,REMOVE_CONFIRMED_ERROR
2382,TWSE,2026-07-10,PROCESSED_PRE_V3_UNKNOWN,373.5,373.5,373.5,373.5,0.0,C_PROVIDER_SYNTHETIC_NONTRADING_BAR,REMOVE_CONFIRMED_ERROR
2383,TWSE,2026-07-10,PROCESSED_PRE_V3_UNKNOWN,5295.0,5295.0,5295.0,5295.0,0.0,C_PROVIDER_SYNTHETIC_NONTRADING_BAR,REMOVE_CONFIRMED_ERROR
2385,TWSE,2026-07-10,PROCESSED_PRE_V3_UNKNOWN,107.0,107.0,107.0,107.0,0.0,C_PROVIDER_SYNTHETIC_NONTRADING_BAR,REMOVE_CONFIRMED_ERROR
2387,TWSE,2026-07-10,PROCESSED_PRE_V3_UNKNOWN,39.849998474121094,39.849998474121094,39.849998474121094,39.849998474121094,0.0,C_PROVIDER_SYNTHETIC_NONTRADING_BAR,REMOVE_CONFIRMED_ERROR
2388,TWSE,2026-07-10,PROCESSED_PRE_V3_UNKNOWN,73.0999984741211,73.0999984741211,73.0999984741211,73.0999984741211,0.0,C_PROVIDER_SYNTHETIC_NONTRADING_BAR,REMOVE_CONFIRMED_ERROR
2390,TWSE,2026-07-10,PROCESSED_PRE_V3_UNKNOWN,12.899999618530273,12.899999618530273,12.899999618530273,12.899999618530273,0.0,C_PROVIDER_SYNTHETIC_NONTRADING_BAR,REMOVE_CONFIRMED_ERROR
2392,TWSE,2026-07-10,PROCESSED_PRE_V3_UNKNOWN,37.04999923706055,37.04999923706055,37.04999923706055,37.04999923706055,0.0,C_PROVIDER_SYNTHETIC_NONTRADING_BAR,REMOVE_CONFIRMED_ERROR
2393,TWSE,2026-07-10,PROCESSED_PRE_V3_UNKNOWN,71.0,71.0,71.0,71.0,0.0,C_PROVIDER_SYNTHETIC_NONTRADING_BAR,REMOVE_CONFIRMED_ERROR
2395,TWSE,2026-07-10,PROCESSED_PRE_V3_UNKNOWN,540.0,540.0,540.0,540.0,0.0,C_PROVIDER_SYNTHETIC_NONTRADING_BAR,REMOVE_CONFIRMED_ERROR
2397,TWSE,2026-07-10,PROCESSED_PRE_V3_UNKNOWN,58.5,58.5,58.5,58.5,0.0,C_PROVIDER_SYNTHETIC_NONTRADING_BAR,REMOVE_CONFIRMED_ERROR
2399,TWSE,2026-07-10,PROCESSED_PRE_V3_UNKNOWN,48.849998474121094,48.849998474121094,48.849998474121094,48.849998474121094,0.0,C_PROVIDER_SYNTHETIC_NONTRADING_BAR,REMOVE_CONFIRMED_ERROR
2401,TWSE,2026-07-10,PROCESSED_PRE_V3_UNKNOWN,33.0,33.0,33.0,33.0,0.0,C_PROVIDER_SYNTHETIC_NONTRADING_BAR,REMOVE_CONFIRMED_ERROR
2402,TWSE,2026-07-10,PROCESSED_PRE_V3_UNKNOWN,64.4000015258789,64.4000015258789,64.4000015258789,64.4000015258789,0.0,C_PROVIDER_SYNTHETIC_NONTRADING_BAR,REMOVE_CONFIRMED_ERROR
2404,TWSE,2026-07-10,PROCESSED_PRE_V3_UNKNOWN,1215.0,1215.0,1215.0,1215.0,0.0,C_PROVIDER_SYNTHETIC_NONTRADING_BAR,REMOVE_CONFIRMED_ERROR
2405,TWSE,2026-07-10,PROCESSED_PRE_V3_UNKNOWN,17.5,17.5,17.5,17.5,0.0,C_PROVIDER_SYNTHETIC_NONTRADING_BAR,REMOVE_CONFIRMED_ERROR
2406,TWSE,2026-07-10,PROCESSED_PRE_V3_UNKNOWN,38.5,38.5,38.5,38.5,0.0,C_PROVIDER_SYNTHETIC_NONTRADING_BAR,REMOVE_CONFIRMED_ERROR
2408,TWSE,2026-07-10,PROCESSED_PRE_V3_UNKNOWN,435.5,435.5,435.5,435.5,0.0,C_PROVIDER_SYNTHETIC_NONTRADING_BAR,REMOVE_CONFIRMED_ERROR
2409,TWSE,2026-07-10,PROCESSED_PRE_V3_UNKNOWN,31.450000762939453,31.450000762939453,31.450000762939453,31.450000762939453,0.0,C_PROVIDER_SYNTHETIC_NONTRADING_BAR,REMOVE_CONFIRMED_ERROR
2412,TWSE,2026-07-10,PROCESSED_PRE_V3_UNKNOWN,133.5,133.5,133.5,133.5,0.0,C_PROVIDER_SYNTHETIC_NONTRADING_BAR,REMOVE_CONFIRMED_ERROR
2413,TWSE,2026-07-10,PROCESSED_PRE_V3_UNKNOWN,45.29999923706055,45.29999923706055,45.29999923706055,45.29999923706055,0.0,C_PROVIDER_SYNTHETIC_NONTRADING_BAR,REMOVE_CONFIRMED_ERROR
2414,TWSE,2026-07-10,PROCESSED_PRE_V3_UNKNOWN,61.599998474121094,61.599998474121094,61.599998474121094,61.599998474121094,0.0,C_PROVIDER_SYNTHETIC_NONTRADING_BAR,REMOVE_CONFIRMED_ERROR
2415,TWSE,2026-07-10,PROCESSED_PRE_V3_UNKNOWN,38.29999923706055,38.29999923706055,38.29999923706055,38.29999923706055,0.0,C_PROVIDER_SYNTHETIC_NONTRADING_BAR,REMOVE_CONFIRMED_ERROR
2417,TWSE,2026-07-10,PROCESSED_PRE_V3_UNKNOWN,45.04999923706055,45.04999923706055,45.04999923706055,45.04999923706055,0.0,C_PROVIDER_SYNTHETIC_NONTRADING_BAR,REMOVE_CONFIRMED_ERROR
2419,TWSE,2026-07-10,PROCESSED_PRE_V3_UNKNOWN,27.899999618530273,27.899999618530273,27.899999618530273,27.899999618530273,0.0,C_PROVIDER_SYNTHETIC_NONTRADING_BAR,REMOVE_CONFIRMED_ERROR
2420,TWSE,2026-07-10,PROCESSED_PRE_V3_UNKNOWN,60.79999923706055,60.79999923706055,60.79999923706055,60.79999923706055,0.0,C_PROVIDER_SYNTHETIC_NONTRADING_BAR,REMOVE_CONFIRMED_ERROR
2421,TWSE,2026-07-10,PROCESSED_PRE_V3_UNKNOWN,142.5,142.5,142.5,142.5,0.0,C_PROVIDER_SYNTHETIC_NONTRADING_BAR,REMOVE_CONFIRMED_ERROR
2423,TWSE,2026-07-10,PROCESSED_PRE_V3_UNKNOWN,79.69999694824219,79.69999694824219,79.69999694824219,79.69999694824219,0.0,C_PROVIDER_SYNTHETIC_NONTRADING_BAR,REMOVE_CONFIRMED_ERROR
2424,TWSE,2026-07-10,PROCESSED_PRE_V3_UNKNOWN,10.100000381469727,10.100000381469727,10.100000381469727,10.100000381469727,0.0,C_PROVIDER_SYNTHETIC_NONTRADING_BAR,REMOVE_CONFIRMED_ERROR
2425,TWSE,2026-07-10,PROCESSED_PRE_V3_UNKNOWN,40.04999923706055,40.04999923706055,40.04999923706055,40.04999923706055,0.0,C_PROVIDER_SYNTHETIC_NONTRADING_BAR,REMOVE_CONFIRMED_ERROR
2426,TWSE,2026-07-10,PROCESSED_PRE_V3_UNKNOWN,72.0,72.0,72.0,72.0,0.0,C_PROVIDER_SYNTHETIC_NONTRADING_BAR,REMOVE_CONFIRMED_ERROR
2427,TWSE,2026-07-10,PROCESSED_PRE_V3_UNKNOWN,25.25,25.25,25.25,25.25,0.0,C_PROVIDER_SYNTHETIC_NONTRADING_BAR,REMOVE_CONFIRMED_ERROR
2428,TWSE,2026-07-10,PROCESSED_PRE_V3_UNKNOWN,325.0,325.0,325.0,325.0,0.0,C_PROVIDER_SYNTHETIC_NONTRADING_BAR,REMOVE_CONFIRMED_ERROR
2429,TWSE,2026-07-10,PROCESSED_PRE_V3_UNKNOWN,43.20000076293945,43.20000076293945,43.20000076293945,43.20000076293945,0.0,C_PROVIDER_SYNTHETIC_NONTRADING_BAR,REMOVE_CONFIRMED_ERROR
2430,TWSE,2026-07-10,PROCESSED_PRE_V3_UNKNOWN,18.0,18.0,18.0,18.0,0.0,C_PROVIDER_SYNTHETIC_NONTRADING_BAR,REMOVE_CONFIRMED_ERROR
2431,TWSE,2026-07-10,PROCESSED_PRE_V3_UNKNOWN,11.449999809265137,11.449999809265137,11.449999809265137,11.449999809265137,0.0,C_PROVIDER_SYNTHETIC_NONTRADING_BAR,REMOVE_CONFIRMED_ERROR
2432,TWSE,2026-07-10,PROCESSED_PRE_V3_UNKNOWN,28.200000762939453,28.200000762939453,28.200000762939453,28.200000762939453,0.0,C_PROVIDER_SYNTHETIC_NONTRADING_BAR,REMOVE_CONFIRMED_ERROR
2433,TWSE,2026-07-10,PROCESSED_PRE_V3_UNKNOWN,42.0,42.0,42.0,42.0,0.0,C_PROVIDER_SYNTHETIC_NONTRADING_BAR,REMOVE_CONFIRMED_ERROR
2434,TWSE,2026-07-10,PROCESSED_PRE_V3_UNKNOWN,62.099998474121094,62.099998474121094,62.099998474121094,62.099998474121094,0.0,C_PROVIDER_SYNTHETIC_NONTRADING_BAR,REMOVE_CONFIRMED_ERROR
2436,TWSE,2026-07-10,PROCESSED_PRE_V3_UNKNOWN,67.19999694824219,67.19999694824219,67.19999694824219,67.19999694824219,0.0,C_PROVIDER_SYNTHETIC_NONTRADING_BAR,REMOVE_CONFIRMED_ERROR
2438,TWSE,2026-07-10,PROCESSED_PRE_V3_UNKNOWN,20.25,20.25,20.25,20.25,0.0,C_PROVIDER_SYNTHETIC_NONTRADING_BAR,REMOVE_CONFIRMED_ERROR
2439,TWSE,2026-07-10,PROCESSED_PRE_V3_UNKNOWN,88.9000015258789,88.9000015258789,88.9000015258789,88.9000015258789,0.0,C_PROVIDER_SYNTHETIC_NONTRADING_BAR,REMOVE_CONFIRMED_ERROR
2440,TWSE,2026-07-10,PROCESSED_PRE_V3_UNKNOWN,16.649999618530273,16.649999618530273,16.649999618530273,16.649999618530273,0.0,C_PROVIDER_SYNTHETIC_NONTRADING_BAR,REMOVE_CONFIRMED_ERROR
2441,TWSE,2026-07-10,PROCESSED_PRE_V3_UNKNOWN,144.5,144.5,144.5,144.5,0.0,C_PROVIDER_SYNTHETIC_NONTRADING_BAR,REMOVE_CONFIRMED_ERROR
2442,TWSE,2026-07-10,PROCESSED_PRE_V3_UNKNOWN,19.25,19.25,19.25,19.25,0.0,C_PROVIDER_SYNTHETIC_NONTRADING_BAR,REMOVE_CONFIRMED_ERROR
2443,TWSE,2018-03-31,PROCESSED_PRE_V3_UNKNOWN,5.77,5.83,5.76,5.82,211232.0,A_TRADING_CALENDAR_MISSING_LEGAL_SESSION,ADD_VERIFIED_OFFICIAL_SESSION
2443,TWSE,2018-12-22,PROCESSED_PRE_V3_UNKNOWN,4.58,4.62,4.58,4.61,54348.0,A_TRADING_CALENDAR_MISSING_LEGAL_SESSION,ADD_VERIFIED_OFFICIAL_SESSION
2443,TWSE,2019-09-09,PROCESSED_PRE_V3_UNKNOWN,3.02,3.02,2.99,2.99,42035.0,A_TRADING_CALENDAR_MISSING_LEGAL_SESSION,ADD_VERIFIED_OFFICIAL_SESSION
2443,TWSE,2021-04-06,PROCESSED_PRE_V3_UNKNOWN,2.16,2.16,2.16,2.16,293660.0,A_TRADING_CALENDAR_MISSING_LEGAL_SESSION,ADD_VERIFIED_OFFICIAL_SESSION
2444,TWSE,2026-07-10,PROCESSED_PRE_V3_UNKNOWN,12.399999618530273,12.399999618530273,12.399999618530273,12.399999618530273,0.0,C_PROVIDER_SYNTHETIC_NONTRADING_BAR,REMOVE_CONFIRMED_ERROR
2448,TWSE,2018-03-31,PROCESSED_PRE_V3_UNKNOWN,43.0,43.6,42.65,42.7,11487960.0,A_TRADING_CALENDAR_MISSING_LEGAL_SESSION,ADD_VERIFIED_OFFICIAL_SESSION
2448,TWSE,2018-12-22,PROCESSED_PRE_V3_UNKNOWN,25.25,25.6,25.0,25.5,4213913.0,A_TRADING_CALENDAR_MISSING_LEGAL_SESSION,ADD_VERIFIED_OFFICIAL_SESSION
2448,TWSE,2019-09-09,PROCESSED_PRE_V3_UNKNOWN,24.0,24.2,23.7,24.05,7774085.0,A_TRADING_CALENDAR_MISSING_LEGAL_SESSION,ADD_VERIFIED_OFFICIAL_SESSION
2449,TWSE,2026-07-10,PROCESSED_PRE_V3_UNKNOWN,293.80950927734375,293.80950927734375,293.80950927734375,293.80950927734375,0.0,C_PROVIDER_SYNTHETIC_NONTRADING_BAR,REMOVE_CONFIRMED_ERROR
2450,TWSE,2026-07-10,PROCESSED_PRE_V3_UNKNOWN,28.75,28.75,28.75,28.75,0.0,C_PROVIDER_SYNTHETIC_NONTRADING_BAR,REMOVE_CONFIRMED_ERROR
2451,TWSE,2026-07-10,PROCESSED_PRE_V3_UNKNOWN,253.5,253.5,253.5,253.5,0.0,C_PROVIDER_SYNTHETIC_NONTRADING_BAR,REMOVE_CONFIRMED_ERROR
2453,TWSE,2026-07-10,PROCESSED_PRE_V3_UNKNOWN,53.70000076293945,53.70000076293945,53.70000076293945,53.70000076293945,0.0,C_PROVIDER_SYNTHETIC_NONTRADING_BAR,REMOVE_CONFIRMED_ERROR
2454,TWSE,2026-07-10,PROCESSED_PRE_V3_UNKNOWN,3925.0,3925.0,3925.0,3925.0,0.0,C_PROVIDER_SYNTHETIC_NONTRADING_BAR,REMOVE_CONFIRMED_ERROR
2455,TWSE,2026-07-10,PROCESSED_PRE_V3_UNKNOWN,330.5,330.5,330.5,330.5,0.0,C_PROVIDER_SYNTHETIC_NONTRADING_BAR,REMOVE_CONFIRMED_ERROR
2456,TWSE,2018-03-31,PROCESSED_PRE_V3_UNKNOWN,110.0,113.5,110.0,112.5,10158589.0,A_TRADING_CALENDAR_MISSING_LEGAL_SESSION,ADD_VERIFIED_OFFICIAL_SESSION
2456,TWSE,2018-12-22,PROCESSED_PRE_V3_UNKNOWN,83.1,84.6,83.0,83.7,2289412.0,A_TRADING_CALENDAR_MISSING_LEGAL_SESSION,ADD_VERIFIED_OFFICIAL_SESSION
2456,TWSE,2019-09-09,PROCESSED_PRE_V3_UNKNOWN,82.4,83.4,81.3,82.6,8630820.0,A_TRADING_CALENDAR_MISSING_LEGAL_SESSION,ADD_VERIFIED_OFFICIAL_SESSION
2456,TWSE,2021-04-06,PROCESSED_PRE_V3_UNKNOWN,109.0,110.0,108.0,109.5,3452024.0,A_TRADING_CALENDAR_MISSING_LEGAL_SESSION,ADD_VERIFIED_OFFICIAL_SESSION
2457,TWSE,2026-07-10,PROCESSED_PRE_V3_UNKNOWN,27.850000381469727,27.850000381469727,27.850000381469727,27.850000381469727,0.0,C_PROVIDER_SYNTHETIC_NONTRADING_BAR,REMOVE_CONFIRMED_ERROR
2458,TWSE,2026-07-10,PROCESSED_PRE_V3_UNKNOWN,183.5,183.5,183.5,183.5,0.0,C_PROVIDER_SYNTHETIC_NONTRADING_BAR,REMOVE_CONFIRMED_ERROR
2459,TWSE,2026-07-10,PROCESSED_PRE_V3_UNKNOWN,63.70000076293945,63.70000076293945,63.70000076293945,63.70000076293945,0.0,C_PROVIDER_SYNTHETIC_NONTRADING_BAR,REMOVE_CONFIRMED_ERROR
2460,TWSE,2026-07-10,PROCESSED_PRE_V3_UNKNOWN,34.29999923706055,34.29999923706055,34.29999923706055,34.29999923706055,0.0,C_PROVIDER_SYNTHETIC_NONTRADING_BAR,REMOVE_CONFIRMED_ERROR
2461,TWSE,2026-07-10,PROCESSED_PRE_V3_UNKNOWN,17.299999237060547,17.299999237060547,17.299999237060547,17.299999237060547,0.0,C_PROVIDER_SYNTHETIC_NONTRADING_BAR,REMOVE_CONFIRMED_ERROR
2462,TWSE,2026-07-10,PROCESSED_PRE_V3_UNKNOWN,22.850000381469727,22.850000381469727,22.850000381469727,22.850000381469727,0.0,C_PROVIDER_SYNTHETIC_NONTRADING_BAR,REMOVE_CONFIRMED_ERROR
2464,TWSE,2026-07-10,PROCESSED_PRE_V3_UNKNOWN,161.5,161.5,161.5,161.5,0.0,C_PROVIDER_SYNTHETIC_NONTRADING_BAR,REMOVE_CONFIRMED_ERROR
2465,TWSE,2026-07-10,PROCESSED_PRE_V3_UNKNOWN,89.5,89.5,89.5,89.5,0.0,C_PROVIDER_SYNTHETIC_NONTRADING_BAR,REMOVE_CONFIRMED_ERROR
2466,TWSE,2026-07-10,PROCESSED_PRE_V3_UNKNOWN,98.5,98.5,98.5,98.5,0.0,C_PROVIDER_SYNTHETIC_NONTRADING_BAR,REMOVE_CONFIRMED_ERROR
2467,TWSE,2026-07-10,PROCESSED_PRE_V3_UNKNOWN,556.0,556.0,556.0,556.0,0.0,C_PROVIDER_SYNTHETIC_NONTRADING_BAR,REMOVE_CONFIRMED_ERROR
2468,TWSE,2018-03-31,PROCESSED_PRE_V3_UNKNOWN,13.3,13.3,12.85,12.85,82000.0,A_TRADING_CALENDAR_MISSING_LEGAL_SESSION,ADD_VERIFIED_OFFICIAL_SESSION
2468,TWSE,2018-12-22,PROCESSED_PRE_V3_UNKNOWN,11.0,11.15,10.95,11.1,63000.0,A_TRADING_CALENDAR_MISSING_LEGAL_SESSION,ADD_VERIFIED_OFFICIAL_SESSION
2468,TWSE,2019-09-09,PROCESSED_PRE_V3_UNKNOWN,12.4,12.55,12.4,12.55,35341.0,A_TRADING_CALENDAR_MISSING_LEGAL_SESSION,ADD_VERIFIED_OFFICIAL_SESSION
2468,TWSE,2021-04-06,PROCESSED_PRE_V3_UNKNOWN,13.7,13.75,13.55,13.6,135000.0,A_TRADING_CALENDAR_MISSING_LEGAL_SESSION,ADD_VERIFIED_OFFICIAL_SESSION
2468,TWSE,2026-08-20,PROCESSED_PRE_V3_UNKNOWN,35.0,35.1,34.35,34.95,168950.0,A_TRADING_CALENDAR_MISSING_LEGAL_SESSION,ADD_VERIFIED_OFFICIAL_SESSION
2471,TWSE,2026-07-10,PROCESSED_PRE_V3_UNKNOWN,53.20000076293945,53.20000076293945,53.20000076293945,53.20000076293945,0.0,C_PROVIDER_SYNTHETIC_NONTRADING_BAR,REMOVE_CONFIRMED_ERROR
2472,TWSE,2026-07-10,PROCESSED_PRE_V3_UNKNOWN,376.0,376.0,376.0,376.0,0.0,C_PROVIDER_SYNTHETIC_NONTRADING_BAR,REMOVE_CONFIRMED_ERROR
2474,TWSE,2026-07-10,PROCESSED_PRE_V3_UNKNOWN,195.5,195.5,195.5,195.5,0.0,C_PROVIDER_SYNTHETIC_NONTRADING_BAR,REMOVE_CONFIRMED_ERROR
2475,TWSE,2018-03-31,PROCESSED_PRE_V3_UNKNOWN,2.28,2.3,2.28,2.28,2718782.0,A_TRADING_CALENDAR_MISSING_LEGAL_SESSION,ADD_VERIFIED_OFFICIAL_SESSION
2475,TWSE,2018-12-22,PROCESSED_PRE_V3_UNKNOWN,0.65,0.72,0.65,0.71,66072924.0,A_TRADING_CALENDAR_MISSING_LEGAL_SESSION,ADD_VERIFIED_OFFICIAL_SESSION
2476,TWSE,2026-07-10,PROCESSED_PRE_V3_UNKNOWN,129.0,129.0,129.0,129.0,0.0,C_PROVIDER_SYNTHETIC_NONTRADING_BAR,REMOVE_CONFIRMED_ERROR
2477,TWSE,2026-07-10,PROCESSED_PRE_V3_UNKNOWN,21.299999237060547,21.299999237060547,21.299999237060547,21.299999237060547,0.0,C_PROVIDER_SYNTHETIC_NONTRADING_BAR,REMOVE_CONFIRMED_ERROR
2478,TWSE,2026-07-10,PROCESSED_PRE_V3_UNKNOWN,174.0,174.0,174.0,174.0,0.0,C_PROVIDER_SYNTHETIC_NONTRADING_BAR,REMOVE_CONFIRMED_ERROR
2480,TWSE,2026-07-10,PROCESSED_PRE_V3_UNKNOWN,160.5,160.5,160.5,160.5,0.0,C_PROVIDER_SYNTHETIC_NONTRADING_BAR,REMOVE_CONFIRMED_ERROR
2481,TWSE,2026-07-10,PROCESSED_PRE_V3_UNKNOWN,213.0,213.0,213.0,213.0,0.0,C_PROVIDER_SYNTHETIC_NONTRADING_BAR,REMOVE_CONFIRMED_ERROR
2482,TWSE,2026-07-10,PROCESSED_PRE_V3_UNKNOWN,17.649999618530273,17.649999618530273,17.649999618530273,17.649999618530273,0.0,C_PROVIDER_SYNTHETIC_NONTRADING_BAR,REMOVE_CONFIRMED_ERROR
2483,TWSE,2026-07-10,PROCESSED_PRE_V3_UNKNOWN,68.0,68.0,68.0,68.0,0.0,C_PROVIDER_SYNTHETIC_NONTRADING_BAR,REMOVE_CONFIRMED_ERROR
2484,TWSE,2026-07-10,PROCESSED_PRE_V3_UNKNOWN,90.69999694824219,90.69999694824219,90.69999694824219,90.69999694824219,0.0,C_PROVIDER_SYNTHETIC_NONTRADING_BAR,REMOVE_CONFIRMED_ERROR
2485,TWSE,2026-07-10,PROCESSED_PRE_V3_UNKNOWN,49.900001525878906,49.900001525878906,49.900001525878906,49.900001525878906,0.0,C_PROVIDER_SYNTHETIC_NONTRADING_BAR,REMOVE_CONFIRMED_ERROR
2486,TWSE,2026-07-10,PROCESSED_PRE_V3_UNKNOWN,259.0,259.0,259.0,259.0,0.0,C_PROVIDER_SYNTHETIC_NONTRADING_BAR,REMOVE_CONFIRMED_ERROR
2488,TWSE,2026-07-10,PROCESSED_PRE_V3_UNKNOWN,48.400001525878906,48.400001525878906,48.400001525878906,48.400001525878906,0.0,C_PROVIDER_SYNTHETIC_NONTRADING_BAR,REMOVE_CONFIRMED_ERROR
2489,TWSE,2026-07-10,PROCESSED_PRE_V3_UNKNOWN,38.400001525878906,38.400001525878906,38.400001525878906,38.400001525878906,0.0,C_PROVIDER_SYNTHETIC_NONTRADING_BAR,REMOVE_CONFIRMED_ERROR
2491,TWSE,2026-07-10,PROCESSED_PRE_V3_UNKNOWN,36.650001525878906,36.650001525878906,36.650001525878906,36.650001525878906,0.0,C_PROVIDER_SYNTHETIC_NONTRADING_BAR,REMOVE_CONFIRMED_ERROR
2492,TWSE,2026-07-10,PROCESSED_PRE_V3_UNKNOWN,465.5,465.5,465.5,465.5,0.0,C_PROVIDER_SYNTHETIC_NONTRADING_BAR,REMOVE_CONFIRMED_ERROR
2493,TWSE,2026-07-10,PROCESSED_PRE_V3_UNKNOWN,274.0,274.0,274.0,274.0,0.0,C_PROVIDER_SYNTHETIC_NONTRADING_BAR,REMOVE_CONFIRMED_ERROR
2495,TWSE,2026-07-10,PROCESSED_PRE_V3_UNKNOWN,52.5,52.5,52.5,52.5,0.0,C_PROVIDER_SYNTHETIC_NONTRADING_BAR,REMOVE_CONFIRMED_ERROR
2496,TWSE,2026-07-10,PROCESSED_PRE_V3_UNKNOWN,58.666664123535156,58.666664123535156,58.666664123535156,58.666664123535156,0.0,C_PROVIDER_SYNTHETIC_NONTRADING_BAR,REMOVE_CONFIRMED_ERROR
2497,TWSE,2026-07-10,PROCESSED_PRE_V3_UNKNOWN,60.79999923706055,60.79999923706055,60.79999923706055,60.79999923706055,0.0,C_PROVIDER_SYNTHETIC_NONTRADING_BAR,REMOVE_CONFIRMED_ERROR
2498,TWSE,2026-07-10,PROCESSED_PRE_V3_UNKNOWN,45.150001525878906,45.150001525878906,45.150001525878906,45.150001525878906,0.0,C_PROVIDER_SYNTHETIC_NONTRADING_BAR,REMOVE_CONFIRMED_ERROR
2499,TWSE,2018-03-31,PROCESSED_PRE_V3_UNKNOWN,9.8,9.83,9.72,9.8,595427.0,A_TRADING_CALENDAR_MISSING_LEGAL_SESSION,ADD_VERIFIED_OFFICIAL_SESSION
2499,TWSE,2018-12-22,PROCESSED_PRE_V3_UNKNOWN,8.85,8.86,8.8,8.85,316400.0,A_TRADING_CALENDAR_MISSING_LEGAL_SESSION,ADD_VERIFIED_OFFICIAL_SESSION
2499,TWSE,2019-09-09,PROCESSED_PRE_V3_UNKNOWN,8.25,8.28,8.17,8.22,449808.0,A_TRADING_CALENDAR_MISSING_LEGAL_SESSION,ADD_VERIFIED_OFFICIAL_SESSION
2501,TWSE,2026-07-10,PROCESSED_PRE_V3_UNKNOWN,23.899999618530273,23.899999618530273,23.899999618530273,23.899999618530273,0.0,C_PROVIDER_SYNTHETIC_NONTRADING_BAR,REMOVE_CONFIRMED_ERROR
2504,TWSE,2026-07-10,PROCESSED_PRE_V3_UNKNOWN,32.099998474121094,32.099998474121094,32.099998474121094,32.099998474121094,0.0,C_PROVIDER_SYNTHETIC_NONTRADING_BAR,REMOVE_CONFIRMED_ERROR
2505,TWSE,2026-07-10,PROCESSED_PRE_V3_UNKNOWN,17.950000762939453,17.950000762939453,17.950000762939453,17.950000762939453,0.0,C_PROVIDER_SYNTHETIC_NONTRADING_BAR,REMOVE_CONFIRMED_ERROR
2506,TWSE,2026-07-10,PROCESSED_PRE_V3_UNKNOWN,8.899999618530273,8.899999618530273,8.899999618530273,8.899999618530273,0.0,C_PROVIDER_SYNTHETIC_NONTRADING_BAR,REMOVE_CONFIRMED_ERROR
2509,TWSE,2026-07-10,PROCESSED_PRE_V3_UNKNOWN,13.100000381469727,13.100000381469727,13.100000381469727,13.100000381469727,0.0,C_PROVIDER_SYNTHETIC_NONTRADING_BAR,REMOVE_CONFIRMED_ERROR
2511,TWSE,2026-07-10,PROCESSED_PRE_V3_UNKNOWN,8.489999771118164,8.489999771118164,8.489999771118164,8.489999771118164,0.0,C_PROVIDER_SYNTHETIC_NONTRADING_BAR,REMOVE_CONFIRMED_ERROR
2514,TWSE,2026-07-10,PROCESSED_PRE_V3_UNKNOWN,12.949999809265137,12.949999809265137,12.949999809265137,12.949999809265137,0.0,C_PROVIDER_SYNTHETIC_NONTRADING_BAR,REMOVE_CONFIRMED_ERROR
2515,TWSE,2026-07-10,PROCESSED_PRE_V3_UNKNOWN,13.236833572387695,13.236833572387695,13.236833572387695,13.236833572387695,0.0,C_PROVIDER_SYNTHETIC_NONTRADING_BAR,REMOVE_CONFIRMED_ERROR
2516,TWSE,2026-07-10,PROCESSED_PRE_V3_UNKNOWN,13.649999618530273,13.649999618530273,13.649999618530273,13.649999618530273,0.0,C_PROVIDER_SYNTHETIC_NONTRADING_BAR,REMOVE_CONFIRMED_ERROR
2520,TWSE,2026-07-10,PROCESSED_PRE_V3_UNKNOWN,35.099998474121094,35.099998474121094,35.099998474121094,35.099998474121094,0.0,C_PROVIDER_SYNTHETIC_NONTRADING_BAR,REMOVE_CONFIRMED_ERROR
2524,TWSE,2026-07-10,PROCESSED_PRE_V3_UNKNOWN,35.5,35.5,35.5,35.5,0.0,C_PROVIDER_SYNTHETIC_NONTRADING_BAR,REMOVE_CONFIRMED_ERROR
2527,TWSE,2026-07-10,PROCESSED_PRE_V3_UNKNOWN,42.599998474121094,42.599998474121094,42.599998474121094,42.599998474121094,0.0,C_PROVIDER_SYNTHETIC_NONTRADING_BAR,REMOVE_CONFIRMED_ERROR
2528,TWSE,2026-07-10,PROCESSED_PRE_V3_UNKNOWN,19.521738052368164,19.521738052368164,19.521738052368164,19.521738052368164,0.0,C_PROVIDER_SYNTHETIC_NONTRADING_BAR,REMOVE_CONFIRMED_ERROR
2530,TWSE,2026-07-10,PROCESSED_PRE_V3_UNKNOWN,19.75,19.75,19.75,19.75,0.0,C_PROVIDER_SYNTHETIC_NONTRADING_BAR,REMOVE_CONFIRMED_ERROR
2534,TWSE,2026-07-10,PROCESSED_PRE_V3_UNKNOWN,16.5,16.5,16.5,16.5,0.0,C_PROVIDER_SYNTHETIC_NONTRADING_BAR,REMOVE_CONFIRMED_ERROR
2535,TWSE,2026-07-10,PROCESSED_PRE_V3_UNKNOWN,88.5,88.5,88.5,88.5,0.0,C_PROVIDER_SYNTHETIC_NONTRADING_BAR,REMOVE_CONFIRMED_ERROR
2536,TWSE,2026-07-10,PROCESSED_PRE_V3_UNKNOWN,19.549999237060547,19.549999237060547,19.549999237060547,19.549999237060547,0.0,C_PROVIDER_SYNTHETIC_NONTRADING_BAR,REMOVE_CONFIRMED_ERROR
2537,TWSE,2026-07-10,PROCESSED_PRE_V3_UNKNOWN,11.199999809265137,11.199999809265137,11.199999809265137,11.199999809265137,0.0,C_PROVIDER_SYNTHETIC_NONTRADING_BAR,REMOVE_CONFIRMED_ERROR
2538,TWSE,2026-07-10,PROCESSED_PRE_V3_UNKNOWN,9.90999984741211,9.90999984741211,9.90999984741211,9.90999984741211,0.0,C_PROVIDER_SYNTHETIC_NONTRADING_BAR,REMOVE_CONFIRMED_ERROR
2539,TWSE,2026-07-10,PROCESSED_PRE_V3_UNKNOWN,32.21311569213867,32.21311569213867,32.21311569213867,32.21311569213867,0.0,C_PROVIDER_SYNTHETIC_NONTRADING_BAR,REMOVE_CONFIRMED_ERROR
2540,TWSE,2026-07-10,PROCESSED_PRE_V3_UNKNOWN,52.79999923706055,52.79999923706055,52.79999923706055,52.79999923706055,0.0,C_PROVIDER_SYNTHETIC_NONTRADING_BAR,REMOVE_CONFIRMED_ERROR
2542,TWSE,2026-07-10,PROCESSED_PRE_V3_UNKNOWN,43.599998474121094,43.599998474121094,43.599998474121094,43.599998474121094,0.0,C_PROVIDER_SYNTHETIC_NONTRADING_BAR,REMOVE_CONFIRMED_ERROR
2543,TWSE,2026-07-10,PROCESSED_PRE_V3_UNKNOWN,38.79999923706055,38.79999923706055,38.79999923706055,38.79999923706055,0.0,C_PROVIDER_SYNTHETIC_NONTRADING_BAR,REMOVE_CONFIRMED_ERROR
2545,TWSE,2026-07-10,PROCESSED_PRE_V3_UNKNOWN,34.79999923706055,34.79999923706055,34.79999923706055,34.79999923706055,0.0,C_PROVIDER_SYNTHETIC_NONTRADING_BAR,REMOVE_CONFIRMED_ERROR
2546,TWSE,2026-07-10,PROCESSED_PRE_V3_UNKNOWN,82.32142639160156,82.32142639160156,82.32142639160156,82.32142639160156,0.0,C_PROVIDER_SYNTHETIC_NONTRADING_BAR,REMOVE_CONFIRMED_ERROR
2547,TWSE,2026-07-10,PROCESSED_PRE_V3_UNKNOWN,11.449999809265137,11.449999809265137,11.449999809265137,11.449999809265137,0.0,C_PROVIDER_SYNTHETIC_NONTRADING_BAR,REMOVE_CONFIRMED_ERROR
2548,TWSE,2026-07-10,PROCESSED_PRE_V3_UNKNOWN,96.19047546386719,96.19047546386719,96.19047546386719,96.19047546386719,0.0,C_PROVIDER_SYNTHETIC_NONTRADING_BAR,REMOVE_CONFIRMED_ERROR
2597,TWSE,2026-07-10,PROCESSED_PRE_V3_UNKNOWN,168.5,168.5,168.5,168.5,0.0,C_PROVIDER_SYNTHETIC_NONTRADING_BAR,REMOVE_CONFIRMED_ERROR
2601,TWSE,2026-07-10,PROCESSED_PRE_V3_UNKNOWN,7.980000019073486,7.980000019073486,7.980000019073486,7.980000019073486,0.0,C_PROVIDER_SYNTHETIC_NONTRADING_BAR,REMOVE_CONFIRMED_ERROR
2603,TWSE,2026-07-10,PROCESSED_PRE_V3_UNKNOWN,194.5,194.5,194.5,194.5,0.0,C_PROVIDER_SYNTHETIC_NONTRADING_BAR,REMOVE_CONFIRMED_ERROR
2605,TWSE,2026-07-10,PROCESSED_PRE_V3_UNKNOWN,30.450000762939453,30.450000762939453,30.450000762939453,30.450000762939453,0.0,C_PROVIDER_SYNTHETIC_NONTRADING_BAR,REMOVE_CONFIRMED_ERROR
2606,TWSE,2026-07-10,PROCESSED_PRE_V3_UNKNOWN,63.099998474121094,63.099998474121094,63.099998474121094,63.099998474121094,0.0,C_PROVIDER_SYNTHETIC_NONTRADING_BAR,REMOVE_CONFIRMED_ERROR
2607,TWSE,2026-07-10,PROCESSED_PRE_V3_UNKNOWN,46.349998474121094,46.349998474121094,46.349998474121094,46.349998474121094,0.0,C_PROVIDER_SYNTHETIC_NONTRADING_BAR,REMOVE_CONFIRMED_ERROR
2608,TWSE,2026-07-10,PROCESSED_PRE_V3_UNKNOWN,29.450000762939453,29.450000762939453,29.450000762939453,29.450000762939453,0.0,C_PROVIDER_SYNTHETIC_NONTRADING_BAR,REMOVE_CONFIRMED_ERROR
2609,TWSE,2026-07-10,PROCESSED_PRE_V3_UNKNOWN,51.599998474121094,51.599998474121094,51.599998474121094,51.599998474121094,0.0,C_PROVIDER_SYNTHETIC_NONTRADING_BAR,REMOVE_CONFIRMED_ERROR
2610,TWSE,2026-07-10,PROCESSED_PRE_V3_UNKNOWN,21.399999618530273,21.399999618530273,21.399999618530273,21.399999618530273,0.0,C_PROVIDER_SYNTHETIC_NONTRADING_BAR,REMOVE_CONFIRMED_ERROR
2611,TWSE,2026-07-10,PROCESSED_PRE_V3_UNKNOWN,14.600000381469727,14.600000381469727,14.600000381469727,14.600000381469727,0.0,C_PROVIDER_SYNTHETIC_NONTRADING_BAR,REMOVE_CONFIRMED_ERROR
2612,TWSE,2026-07-10,PROCESSED_PRE_V3_UNKNOWN,54.400001525878906,54.400001525878906,54.400001525878906,54.400001525878906,0.0,C_PROVIDER_SYNTHETIC_NONTRADING_BAR,REMOVE_CONFIRMED_ERROR
2613,TWSE,2026-07-10,PROCESSED_PRE_V3_UNKNOWN,21.75,21.75,21.75,21.75,0.0,C_PROVIDER_SYNTHETIC_NONTRADING_BAR,REMOVE_CONFIRMED_ERROR
2614,TWSE,2026-07-10,PROCESSED_PRE_V3_UNKNOWN,18.200000762939453,18.200000762939453,18.200000762939453,18.200000762939453,0.0,C_PROVIDER_SYNTHETIC_NONTRADING_BAR,REMOVE_CONFIRMED_ERROR
2615,TWSE,2026-07-10,PROCESSED_PRE_V3_UNKNOWN,80.4000015258789,80.4000015258789,80.4000015258789,80.4000015258789,0.0,C_PROVIDER_SYNTHETIC_NONTRADING_BAR,REMOVE_CONFIRMED_ERROR
2616,TWSE,2026-07-10,PROCESSED_PRE_V3_UNKNOWN,13.649999618530273,13.649999618530273,13.649999618530273,13.649999618530273,0.0,C_PROVIDER_SYNTHETIC_NONTRADING_BAR,REMOVE_CONFIRMED_ERROR
2617,TWSE,2026-07-10,PROCESSED_PRE_V3_UNKNOWN,30.5,30.5,30.5,30.5,0.0,C_PROVIDER_SYNTHETIC_NONTRADING_BAR,REMOVE_CONFIRMED_ERROR
2618,TWSE,2026-07-10,PROCESSED_PRE_V3_UNKNOWN,39.599998474121094,39.599998474121094,39.599998474121094,39.599998474121094,0.0,C_PROVIDER_SYNTHETIC_NONTRADING_BAR,REMOVE_CONFIRMED_ERROR
2630,TWSE,2026-07-10,PROCESSED_PRE_V3_UNKNOWN,53.900001525878906,53.900001525878906,53.900001525878906,53.900001525878906,0.0,C_PROVIDER_SYNTHETIC_NONTRADING_BAR,REMOVE_CONFIRMED_ERROR
2633,TWSE,2026-07-10,PROCESSED_PRE_V3_UNKNOWN,26.700000762939453,26.700000762939453,26.700000762939453,26.700000762939453,0.0,C_PROVIDER_SYNTHETIC_NONTRADING_BAR,REMOVE_CONFIRMED_ERROR
2634,TWSE,2026-07-10,PROCESSED_PRE_V3_UNKNOWN,58.0,58.0,58.0,58.0,0.0,C_PROVIDER_SYNTHETIC_NONTRADING_BAR,REMOVE_CONFIRMED_ERROR
2636,TWSE,2026-07-10,PROCESSED_PRE_V3_UNKNOWN,70.5,70.5,70.5,70.5,0.0,C_PROVIDER_SYNTHETIC_NONTRADING_BAR,REMOVE_CONFIRMED_ERROR
2637,TWSE,2026-07-10,PROCESSED_PRE_V3_UNKNOWN,83.0,83.0,83.0,83.0,0.0,C_PROVIDER_SYNTHETIC_NONTRADING_BAR,REMOVE_CONFIRMED_ERROR
2642,TWSE,2026-07-10,PROCESSED_PRE_V3_UNKNOWN,20.850000381469727,20.850000381469727,20.850000381469727,20.850000381469727,0.0,C_PROVIDER_SYNTHETIC_NONTRADING_BAR,REMOVE_CONFIRMED_ERROR
2645,TWSE,2026-07-10,PROCESSED_PRE_V3_UNKNOWN,240.0,240.0,240.0,240.0,0.0,C_PROVIDER_SYNTHETIC_NONTRADING_BAR,REMOVE_CONFIRMED_ERROR
2646,TWSE,2026-07-10,PROCESSED_PRE_V3_UNKNOWN,21.149999618530273,21.149999618530273,21.149999618530273,21.149999618530273,0.0,C_PROVIDER_SYNTHETIC_NONTRADING_BAR,REMOVE_CONFIRMED_ERROR
2701,TWSE,2026-07-10,PROCESSED_PRE_V3_UNKNOWN,10.800000190734863,10.800000190734863,10.800000190734863,10.800000190734863,0.0,C_PROVIDER_SYNTHETIC_NONTRADING_BAR,REMOVE_CONFIRMED_ERROR
2702,TWSE,2026-07-10,PROCESSED_PRE_V3_UNKNOWN,13.25,13.25,13.25,13.25,0.0,C_PROVIDER_SYNTHETIC_NONTRADING_BAR,REMOVE_CONFIRMED_ERROR
2704,TWSE,2026-07-10,PROCESSED_PRE_V3_UNKNOWN,45.400001525878906,45.400001525878906,45.400001525878906,45.400001525878906,0.0,C_PROVIDER_SYNTHETIC_NONTRADING_BAR,REMOVE_CONFIRMED_ERROR
2705,TWSE,2026-07-10,PROCESSED_PRE_V3_UNKNOWN,16.149999618530273,16.149999618530273,16.149999618530273,16.149999618530273,0.0,C_PROVIDER_SYNTHETIC_NONTRADING_BAR,REMOVE_CONFIRMED_ERROR
2706,TWSE,2026-07-10,PROCESSED_PRE_V3_UNKNOWN,12.550000190734863,12.550000190734863,12.550000190734863,12.550000190734863,0.0,C_PROVIDER_SYNTHETIC_NONTRADING_BAR,REMOVE_CONFIRMED_ERROR
2707,TWSE,2026-07-10,PROCESSED_PRE_V3_UNKNOWN,180.0,180.0,180.0,180.0,0.0,C_PROVIDER_SYNTHETIC_NONTRADING_BAR,REMOVE_CONFIRMED_ERROR
2712,TWSE,2026-07-10,PROCESSED_PRE_V3_UNKNOWN,14.75,14.75,14.75,14.75,0.0,C_PROVIDER_SYNTHETIC_NONTRADING_BAR,REMOVE_CONFIRMED_ERROR
2722,TWSE,2026-07-10,PROCESSED_PRE_V3_UNKNOWN,22.700000762939453,22.700000762939453,22.700000762939453,22.700000762939453,0.0,C_PROVIDER_SYNTHETIC_NONTRADING_BAR,REMOVE_CONFIRMED_ERROR
2723,TWSE,2026-07-10,PROCESSED_PRE_V3_UNKNOWN,66.9000015258789,66.9000015258789,66.9000015258789,66.9000015258789,0.0,C_PROVIDER_SYNTHETIC_NONTRADING_BAR,REMOVE_CONFIRMED_ERROR
2727,TWSE,2026-07-10,PROCESSED_PRE_V3_UNKNOWN,240.5,240.5,240.5,240.5,0.0,C_PROVIDER_SYNTHETIC_NONTRADING_BAR,REMOVE_CONFIRMED_ERROR
2731,TWSE,2026-07-10,PROCESSED_PRE_V3_UNKNOWN,145.5,145.5,145.5,145.5,0.0,C_PROVIDER_SYNTHETIC_NONTRADING_BAR,REMOVE_CONFIRMED_ERROR
2739,TWSE,2026-07-10,PROCESSED_PRE_V3_UNKNOWN,34.25,34.25,34.25,34.25,0.0,C_PROVIDER_SYNTHETIC_NONTRADING_BAR,REMOVE_CONFIRMED_ERROR
2748,TWSE,2026-07-10,PROCESSED_PRE_V3_UNKNOWN,39.54999923706055,39.54999923706055,39.54999923706055,39.54999923706055,0.0,C_PROVIDER_SYNTHETIC_NONTRADING_BAR,REMOVE_CONFIRMED_ERROR
2753,TWSE,2026-07-10,PROCESSED_PRE_V3_UNKNOWN,176.0,176.0,176.0,176.0,0.0,C_PROVIDER_SYNTHETIC_NONTRADING_BAR,REMOVE_CONFIRMED_ERROR
2762,TWSE,2026-07-10,PROCESSED_PRE_V3_UNKNOWN,82.4000015258789,82.4000015258789,82.4000015258789,82.4000015258789,0.0,C_PROVIDER_SYNTHETIC_NONTRADING_BAR,REMOVE_CONFIRMED_ERROR
2801,TWSE,2026-07-10,PROCESSED_PRE_V3_UNKNOWN,23.46341323852539,23.46341323852539,23.46341323852539,23.46341323852539,0.0,C_PROVIDER_SYNTHETIC_NONTRADING_BAR,REMOVE_CONFIRMED_ERROR
2809,TWSE,2018-03-31,PROCESSED_PRE_V3_UNKNOWN,36.95,37.2,36.8,37.0,139155.0,A_TRADING_CALENDAR_MISSING_LEGAL_SESSION,ADD_VERIFIED_OFFICIAL_SESSION
2809,TWSE,2018-12-22,PROCESSED_PRE_V3_UNKNOWN,29.15,29.15,28.9,29.05,332684.0,A_TRADING_CALENDAR_MISSING_LEGAL_SESSION,ADD_VERIFIED_OFFICIAL_SESSION
2809,TWSE,2019-09-09,PROCESSED_PRE_V3_UNKNOWN,30.9,31.1,30.85,30.85,1658825.0,A_TRADING_CALENDAR_MISSING_LEGAL_SESSION,ADD_VERIFIED_OFFICIAL_SESSION
2809,TWSE,2021-04-06,PROCESSED_PRE_V3_UNKNOWN,39.6,39.7,39.4,39.65,1785934.0,A_TRADING_CALENDAR_MISSING_LEGAL_SESSION,ADD_VERIFIED_OFFICIAL_SESSION
2812,TWSE,2026-07-10,PROCESSED_PRE_V3_UNKNOWN,19.30646514892578,19.30646514892578,19.30646514892578,19.30646514892578,0.0,C_PROVIDER_SYNTHETIC_NONTRADING_BAR,REMOVE_CONFIRMED_ERROR
2816,TWSE,2026-07-10,PROCESSED_PRE_V3_UNKNOWN,34.349998474121094,34.349998474121094,34.349998474121094,34.349998474121094,0.0,C_PROVIDER_SYNTHETIC_NONTRADING_BAR,REMOVE_CONFIRMED_ERROR
2820,TWSE,2026-07-10,PROCESSED_PRE_V3_UNKNOWN,17.049999237060547,17.049999237060547,17.049999237060547,17.049999237060547,0.0,C_PROVIDER_SYNTHETIC_NONTRADING_BAR,REMOVE_CONFIRMED_ERROR
2823,TWSE,2018-03-31,PROCESSED_PRE_V3_UNKNOWN,30.05,30.2,30.05,30.05,716710.0,A_TRADING_CALENDAR_MISSING_LEGAL_SESSION,ADD_VERIFIED_OFFICIAL_SESSION
2823,TWSE,2018-12-22,PROCESSED_PRE_V3_UNKNOWN,28.5,28.5,28.35,28.4,437086.0,A_TRADING_CALENDAR_MISSING_LEGAL_SESSION,ADD_VERIFIED_OFFICIAL_SESSION
2823,TWSE,2019-09-09,PROCESSED_PRE_V3_UNKNOWN,24.7,25.2,24.7,25.1,4245131.0,A_TRADING_CALENDAR_MISSING_LEGAL_SESSION,ADD_VERIFIED_OFFICIAL_SESSION
2823,TWSE,2021-04-06,PROCESSED_PRE_V3_UNKNOWN,25.5,25.6,25.4,25.55,4312418.0,A_TRADING_CALENDAR_MISSING_LEGAL_SESSION,ADD_VERIFIED_OFFICIAL_SESSION
2832,TWSE,2026-07-10,PROCESSED_PRE_V3_UNKNOWN,56.29999923706055,56.29999923706055,56.29999923706055,56.29999923706055,0.0,C_PROVIDER_SYNTHETIC_NONTRADING_BAR,REMOVE_CONFIRMED_ERROR
2834,TWSE,2026-07-10,PROCESSED_PRE_V3_UNKNOWN,16.775699615478516,16.775699615478516,16.775699615478516,16.775699615478516,0.0,C_PROVIDER_SYNTHETIC_NONTRADING_BAR,REMOVE_CONFIRMED_ERROR
2836,TWSE,2026-07-10,PROCESSED_PRE_V3_UNKNOWN,12.38805866241455,12.38805866241455,12.38805866241455,12.38805866241455,0.0,C_PROVIDER_SYNTHETIC_NONTRADING_BAR,REMOVE_CONFIRMED_ERROR
2838,TWSE,2026-07-10,PROCESSED_PRE_V3_UNKNOWN,22.452829360961914,22.452829360961914,22.452829360961914,22.452829360961914,0.0,C_PROVIDER_SYNTHETIC_NONTRADING_BAR,REMOVE_CONFIRMED_ERROR
2841,TWSE,2018-03-31,PROCESSED_PRE_V3_UNKNOWN,9.88,9.97,9.88,9.92,3196090.0,A_TRADING_CALENDAR_MISSING_LEGAL_SESSION,ADD_VERIFIED_OFFICIAL_SESSION
2841,TWSE,2018-12-22,PROCESSED_PRE_V3_UNKNOWN,8.15,8.15,8.08,8.13,627603.0,A_TRADING_CALENDAR_MISSING_LEGAL_SESSION,ADD_VERIFIED_OFFICIAL_SESSION
2841,TWSE,2019-09-09,PROCESSED_PRE_V3_UNKNOWN,8.6,8.62,8.56,8.59,1086593.0,A_TRADING_CALENDAR_MISSING_LEGAL_SESSION,ADD_VERIFIED_OFFICIAL_SESSION
2841,TWSE,2021-04-06,PROCESSED_PRE_V3_UNKNOWN,5.87,5.87,5.87,5.87,17704871.0,A_TRADING_CALENDAR_MISSING_LEGAL_SESSION,ADD_VERIFIED_OFFICIAL_SESSION
2845,TWSE,2026-07-10,PROCESSED_PRE_V3_UNKNOWN,13.199999809265137,13.199999809265137,13.199999809265137,13.199999809265137,0.0,C_PROVIDER_SYNTHETIC_NONTRADING_BAR,REMOVE_CONFIRMED_ERROR
2849,TWSE,2026-07-10,PROCESSED_PRE_V3_UNKNOWN,14.600000381469727,14.600000381469727,14.600000381469727,14.600000381469727,0.0,C_PROVIDER_SYNTHETIC_NONTRADING_BAR,REMOVE_CONFIRMED_ERROR
2850,TWSE,2026-07-10,PROCESSED_PRE_V3_UNKNOWN,143.5,143.5,143.5,143.5,0.0,C_PROVIDER_SYNTHETIC_NONTRADING_BAR,REMOVE_CONFIRMED_ERROR
2851,TWSE,2026-07-10,PROCESSED_PRE_V3_UNKNOWN,37.849998474121094,37.849998474121094,37.849998474121094,37.849998474121094,0.0,C_PROVIDER_SYNTHETIC_NONTRADING_BAR,REMOVE_CONFIRMED_ERROR
2852,TWSE,2026-07-10,PROCESSED_PRE_V3_UNKNOWN,26.799999237060547,26.799999237060547,26.799999237060547,26.799999237060547,0.0,C_PROVIDER_SYNTHETIC_NONTRADING_BAR,REMOVE_CONFIRMED_ERROR
2855,TWSE,2026-07-10,PROCESSED_PRE_V3_UNKNOWN,50.400001525878906,50.400001525878906,50.400001525878906,50.400001525878906,0.0,C_PROVIDER_SYNTHETIC_NONTRADING_BAR,REMOVE_CONFIRMED_ERROR
2856,TWSE,2018-03-31,PROCESSED_PRE_V3_UNKNOWN,9.2,9.23,9.19,9.2,909406.0,A_TRADING_CALENDAR_MISSING_LEGAL_SESSION,ADD_VERIFIED_OFFICIAL_SESSION
2867,TWSE,2026-07-10,PROCESSED_PRE_V3_UNKNOWN,8.859999656677246,8.859999656677246,8.859999656677246,8.859999656677246,0.0,C_PROVIDER_SYNTHETIC_NONTRADING_BAR,REMOVE_CONFIRMED_ERROR
2880,TWSE,2026-07-10,PROCESSED_PRE_V3_UNKNOWN,38.46534729003906,38.46534729003906,38.46534729003906,38.46534729003906,0.0,C_PROVIDER_SYNTHETIC_NONTRADING_BAR,REMOVE_CONFIRMED_ERROR
2881,TWSE,2026-07-10,PROCESSED_PRE_V3_UNKNOWN,124.5,124.5,124.5,124.5,0.0,C_PROVIDER_SYNTHETIC_NONTRADING_BAR,REMOVE_CONFIRMED_ERROR
2881,TWSE,2026-08-20,PROCESSED_PRE_V3_UNKNOWN,128.5,130.0,125.5,128.0,18653518.0,A_TRADING_CALENDAR_MISSING_LEGAL_SESSION,ADD_VERIFIED_OFFICIAL_SESSION
2882,TWSE,2026-07-10,PROCESSED_PRE_V3_UNKNOWN,96.30000305175781,96.30000305175781,96.30000305175781,96.30000305175781,0.0,C_PROVIDER_SYNTHETIC_NONTRADING_BAR,REMOVE_CONFIRMED_ERROR
2882,TWSE,2026-08-20,PROCESSED_PRE_V3_UNKNOWN,98.5,98.80000305175781,97.0,97.69999694824219,17029530.0,A_TRADING_CALENDAR_MISSING_LEGAL_SESSION,ADD_VERIFIED_OFFICIAL_SESSION
2883,TWSE,2026-07-10,PROCESSED_PRE_V3_UNKNOWN,30.049999237060547,30.049999237060547,30.049999237060547,30.049999237060547,0.0,C_PROVIDER_SYNTHETIC_NONTRADING_BAR,REMOVE_CONFIRMED_ERROR
2884,TWSE,2026-07-10,PROCESSED_PRE_V3_UNKNOWN,34.75,34.75,34.75,34.75,0.0,C_PROVIDER_SYNTHETIC_NONTRADING_BAR,REMOVE_CONFIRMED_ERROR
2885,TWSE,2026-07-10,PROCESSED_PRE_V3_UNKNOWN,65.6730728149414,65.6730728149414,65.6730728149414,65.6730728149414,0.0,C_PROVIDER_SYNTHETIC_NONTRADING_BAR,REMOVE_CONFIRMED_ERROR
2886,TWSE,2026-07-10,PROCESSED_PRE_V3_UNKNOWN,46.70000076293945,46.70000076293945,46.70000076293945,46.70000076293945,0.0,C_PROVIDER_SYNTHETIC_NONTRADING_BAR,REMOVE_CONFIRMED_ERROR
2887,TWSE,2026-07-10,PROCESSED_PRE_V3_UNKNOWN,36.48514938354492,36.48514938354492,36.48514938354492,36.48514938354492,0.0,C_PROVIDER_SYNTHETIC_NONTRADING_BAR,REMOVE_CONFIRMED_ERROR
2888,TWSE,2018-03-31,PROCESSED_PRE_V3_UNKNOWN,11.6,11.65,11.5,11.55,18010870.0,A_TRADING_CALENDAR_MISSING_LEGAL_SESSION,ADD_VERIFIED_OFFICIAL_SESSION
2888,TWSE,2018-12-22,PROCESSED_PRE_V3_UNKNOWN,8.98,9.1,8.96,9.05,16604897.0,A_TRADING_CALENDAR_MISSING_LEGAL_SESSION,ADD_VERIFIED_OFFICIAL_SESSION
2888,TWSE,2019-09-09,PROCESSED_PRE_V3_UNKNOWN,9.39,9.86,9.39,9.78,150280879.0,A_TRADING_CALENDAR_MISSING_LEGAL_SESSION,ADD_VERIFIED_OFFICIAL_SESSION
2888,TWSE,2021-04-06,PROCESSED_PRE_V3_UNKNOWN,9.13,9.14,9.04,9.05,51852879.0,A_TRADING_CALENDAR_MISSING_LEGAL_SESSION,ADD_VERIFIED_OFFICIAL_SESSION
2889,TWSE,2026-07-10,PROCESSED_PRE_V3_UNKNOWN,15.800000190734863,15.800000190734863,15.800000190734863,15.800000190734863,0.0,C_PROVIDER_SYNTHETIC_NONTRADING_BAR,REMOVE_CONFIRMED_ERROR
2890,TWSE,2026-07-10,PROCESSED_PRE_V3_UNKNOWN,39.6568603515625,39.6568603515625,39.6568603515625,39.6568603515625,0.0,C_PROVIDER_SYNTHETIC_NONTRADING_BAR,REMOVE_CONFIRMED_ERROR
2891,TWSE,2026-07-10,PROCESSED_PRE_V3_UNKNOWN,69.9000015258789,69.9000015258789,69.9000015258789,69.9000015258789,0.0,C_PROVIDER_SYNTHETIC_NONTRADING_BAR,REMOVE_CONFIRMED_ERROR
2892,TWSE,2026-07-10,PROCESSED_PRE_V3_UNKNOWN,33.599998474121094,33.599998474121094,33.599998474121094,33.599998474121094,0.0,C_PROVIDER_SYNTHETIC_NONTRADING_BAR,REMOVE_CONFIRMED_ERROR
2897,TWSE,2026-07-10,PROCESSED_PRE_V3_UNKNOWN,10.550000190734863,10.550000190734863,10.550000190734863,10.550000190734863,0.0,C_PROVIDER_SYNTHETIC_NONTRADING_BAR,REMOVE_CONFIRMED_ERROR
2901,TWSE,2026-07-10,PROCESSED_PRE_V3_UNKNOWN,23.799999237060547,23.799999237060547,23.799999237060547,23.799999237060547,0.0,C_PROVIDER_SYNTHETIC_NONTRADING_BAR,REMOVE_CONFIRMED_ERROR
2903,TWSE,2026-07-10,PROCESSED_PRE_V3_UNKNOWN,22.25,22.25,22.25,22.25,0.0,C_PROVIDER_SYNTHETIC_NONTRADING_BAR,REMOVE_CONFIRMED_ERROR
2904,TWSE,2026-07-10,PROCESSED_PRE_V3_UNKNOWN,14.0,14.0,14.0,14.0,0.0,C_PROVIDER_SYNTHETIC_NONTRADING_BAR,REMOVE_CONFIRMED_ERROR
2905,TWSE,2026-07-10,PROCESSED_PRE_V3_UNKNOWN,15.399999618530273,15.399999618530273,15.399999618530273,15.399999618530273,0.0,C_PROVIDER_SYNTHETIC_NONTRADING_BAR,REMOVE_CONFIRMED_ERROR
2906,TWSE,2018-03-31,PROCESSED_PRE_V3_UNKNOWN,11.0,11.0,10.9,11.0,22060.0,A_TRADING_CALENDAR_MISSING_LEGAL_SESSION,ADD_VERIFIED_OFFICIAL_SESSION
2906,TWSE,2018-12-22,PROCESSED_PRE_V3_UNKNOWN,9.49,9.56,9.49,9.56,29000.0,A_TRADING_CALENDAR_MISSING_LEGAL_SESSION,ADD_VERIFIED_OFFICIAL_SESSION
2906,TWSE,2019-09-09,PROCESSED_PRE_V3_UNKNOWN,11.4,11.45,11.4,11.45,92954.0,A_TRADING_CALENDAR_MISSING_LEGAL_SESSION,ADD_VERIFIED_OFFICIAL_SESSION
2906,TWSE,2021-04-06,PROCESSED_PRE_V3_UNKNOWN,16.2,16.2,15.9,15.95,931010.0,A_TRADING_CALENDAR_MISSING_LEGAL_SESSION,ADD_VERIFIED_OFFICIAL_SESSION
2906,TWSE,2026-08-20,PROCESSED_PRE_V3_UNKNOWN,13.65,13.75,13.65,13.65,547458.0,A_TRADING_CALENDAR_MISSING_LEGAL_SESSION,ADD_VERIFIED_OFFICIAL_SESSION
2908,TWSE,2026-07-10,PROCESSED_PRE_V3_UNKNOWN,21.850000381469727,21.850000381469727,21.850000381469727,21.850000381469727,0.0,C_PROVIDER_SYNTHETIC_NONTRADING_BAR,REMOVE_CONFIRMED_ERROR
2910,TWSE,2026-07-10,PROCESSED_PRE_V3_UNKNOWN,22.350000381469727,22.350000381469727,22.350000381469727,22.350000381469727,0.0,C_PROVIDER_SYNTHETIC_NONTRADING_BAR,REMOVE_CONFIRMED_ERROR
2911,TWSE,2026-07-10,PROCESSED_PRE_V3_UNKNOWN,7.840000152587891,7.840000152587891,7.840000152587891,7.840000152587891,0.0,C_PROVIDER_SYNTHETIC_NONTRADING_BAR,REMOVE_CONFIRMED_ERROR
2912,TWSE,2026-07-10,PROCESSED_PRE_V3_UNKNOWN,241.0,241.0,241.0,241.0,0.0,C_PROVIDER_SYNTHETIC_NONTRADING_BAR,REMOVE_CONFIRMED_ERROR
2913,TWSE,2026-07-10,PROCESSED_PRE_V3_UNKNOWN,11.75,11.75,11.75,11.75,0.0,C_PROVIDER_SYNTHETIC_NONTRADING_BAR,REMOVE_CONFIRMED_ERROR
2915,TWSE,2026-07-10,PROCESSED_PRE_V3_UNKNOWN,52.0,52.0,52.0,52.0,0.0,C_PROVIDER_SYNTHETIC_NONTRADING_BAR,REMOVE_CONFIRMED_ERROR
2923,TWSE,2026-07-10,PROCESSED_PRE_V3_UNKNOWN,27.149999618530273,27.149999618530273,27.149999618530273,27.149999618530273,0.0,C_PROVIDER_SYNTHETIC_NONTRADING_BAR,REMOVE_CONFIRMED_ERROR
2929,TWSE,2026-07-10,PROCESSED_PRE_V3_UNKNOWN,5.789999961853027,5.789999961853027,5.789999961853027,5.789999961853027,0.0,C_PROVIDER_SYNTHETIC_NONTRADING_BAR,REMOVE_CONFIRMED_ERROR
2936,TWSE,2018-03-31,PROCESSED_PRE_V3_UNKNOWN,27.0,27.3,26.9,27.2,47112.0,A_TRADING_CALENDAR_MISSING_LEGAL_SESSION,ADD_VERIFIED_OFFICIAL_SESSION
2936,TWSE,2018-12-22,PROCESSED_PRE_V3_UNKNOWN,26.15,27.15,26.15,27.0,8000.0,A_TRADING_CALENDAR_MISSING_LEGAL_SESSION,ADD_VERIFIED_OFFICIAL_SESSION
2936,TWSE,2019-09-09,PROCESSED_PRE_V3_UNKNOWN,22.75,22.8,22.6,22.8,9000.0,A_TRADING_CALENDAR_MISSING_LEGAL_SESSION,ADD_VERIFIED_OFFICIAL_SESSION
2936,TWSE,2021-04-06,PROCESSED_PRE_V3_UNKNOWN,29.05,29.05,26.4,26.7,563119.0,A_TRADING_CALENDAR_MISSING_LEGAL_SESSION,ADD_VERIFIED_OFFICIAL_SESSION
2939,TWSE,2026-07-10,PROCESSED_PRE_V3_UNKNOWN,19.450000762939453,19.450000762939453,19.450000762939453,19.450000762939453,0.0,C_PROVIDER_SYNTHETIC_NONTRADING_BAR,REMOVE_CONFIRMED_ERROR
2945,TWSE,2026-07-10,PROCESSED_PRE_V3_UNKNOWN,41.29999923706055,41.29999923706055,41.29999923706055,41.29999923706055,0.0,C_PROVIDER_SYNTHETIC_NONTRADING_BAR,REMOVE_CONFIRMED_ERROR
3002,TWSE,2026-07-10,PROCESSED_PRE_V3_UNKNOWN,20.450000762939453,20.450000762939453,20.450000762939453,20.450000762939453,0.0,C_PROVIDER_SYNTHETIC_NONTRADING_BAR,REMOVE_CONFIRMED_ERROR
3003,TWSE,2026-07-10,PROCESSED_PRE_V3_UNKNOWN,66.0999984741211,66.0999984741211,66.0999984741211,66.0999984741211,0.0,C_PROVIDER_SYNTHETIC_NONTRADING_BAR,REMOVE_CONFIRMED_ERROR
3004,TWSE,2026-07-10,PROCESSED_PRE_V3_UNKNOWN,153.5,153.5,153.5,153.5,0.0,C_PROVIDER_SYNTHETIC_NONTRADING_BAR,REMOVE_CONFIRMED_ERROR
3005,TWSE,2026-07-10,PROCESSED_PRE_V3_UNKNOWN,112.0,112.0,112.0,112.0,0.0,C_PROVIDER_SYNTHETIC_NONTRADING_BAR,REMOVE_CONFIRMED_ERROR
3006,TWSE,2026-07-10,PROCESSED_PRE_V3_UNKNOWN,237.0,237.0,237.0,237.0,0.0,C_PROVIDER_SYNTHETIC_NONTRADING_BAR,REMOVE_CONFIRMED_ERROR
3008,TWSE,2026-07-10,PROCESSED_PRE_V3_UNKNOWN,3950.0,3950.0,3950.0,3950.0,0.0,C_PROVIDER_SYNTHETIC_NONTRADING_BAR,REMOVE_CONFIRMED_ERROR
3010,TWSE,2026-07-10,PROCESSED_PRE_V3_UNKNOWN,117.5,117.5,117.5,117.5,0.0,C_PROVIDER_SYNTHETIC_NONTRADING_BAR,REMOVE_CONFIRMED_ERROR
3011,TWSE,2026-07-10,PROCESSED_PRE_V3_UNKNOWN,13.100000381469727,13.100000381469727,13.100000381469727,13.100000381469727,0.0,C_PROVIDER_SYNTHETIC_NONTRADING_BAR,REMOVE_CONFIRMED_ERROR
3013,TWSE,2026-07-10,PROCESSED_PRE_V3_UNKNOWN,102.0,102.0,102.0,102.0,0.0,C_PROVIDER_SYNTHETIC_NONTRADING_BAR,REMOVE_CONFIRMED_ERROR
3014,TWSE,2026-07-10,PROCESSED_PRE_V3_UNKNOWN,139.5,139.5,139.5,139.5,0.0,C_PROVIDER_SYNTHETIC_NONTRADING_BAR,REMOVE_CONFIRMED_ERROR
3015,TWSE,2026-07-10,PROCESSED_PRE_V3_UNKNOWN,64.19999694824219,64.19999694824219,64.19999694824219,64.19999694824219,0.0,C_PROVIDER_SYNTHETIC_NONTRADING_BAR,REMOVE_CONFIRMED_ERROR
3016,TWSE,2026-07-10,PROCESSED_PRE_V3_UNKNOWN,121.5,121.5,121.5,121.5,0.0,C_PROVIDER_SYNTHETIC_NONTRADING_BAR,REMOVE_CONFIRMED_ERROR
3017,TWSE,2026-07-10,PROCESSED_PRE_V3_UNKNOWN,2350.0,2350.0,2350.0,2350.0,0.0,C_PROVIDER_SYNTHETIC_NONTRADING_BAR,REMOVE_CONFIRMED_ERROR
3018,TWSE,2026-07-10,PROCESSED_PRE_V3_UNKNOWN,12.050000190734863,12.050000190734863,12.050000190734863,12.050000190734863,0.0,C_PROVIDER_SYNTHETIC_NONTRADING_BAR,REMOVE_CONFIRMED_ERROR
3019,TWSE,2026-07-10,PROCESSED_PRE_V3_UNKNOWN,143.5,143.5,143.5,143.5,0.0,C_PROVIDER_SYNTHETIC_NONTRADING_BAR,REMOVE_CONFIRMED_ERROR
3021,TWSE,2026-07-10,PROCESSED_PRE_V3_UNKNOWN,26.5,26.5,26.5,26.5,0.0,C_PROVIDER_SYNTHETIC_NONTRADING_BAR,REMOVE_CONFIRMED_ERROR
3022,TWSE,2026-07-10,PROCESSED_PRE_V3_UNKNOWN,89.0,89.0,89.0,89.0,0.0,C_PROVIDER_SYNTHETIC_NONTRADING_BAR,REMOVE_CONFIRMED_ERROR
3023,TWSE,2026-07-10,PROCESSED_PRE_V3_UNKNOWN,326.0,326.0,326.0,326.0,0.0,C_PROVIDER_SYNTHETIC_NONTRADING_BAR,REMOVE_CONFIRMED_ERROR
3024,TWSE,2026-07-10,PROCESSED_PRE_V3_UNKNOWN,12.399999618530273,12.399999618530273,12.399999618530273,12.399999618530273,0.0,C_PROVIDER_SYNTHETIC_NONTRADING_BAR,REMOVE_CONFIRMED_ERROR
3025,TWSE,2026-07-10,PROCESSED_PRE_V3_UNKNOWN,59.79999923706055,59.79999923706055,59.79999923706055,59.79999923706055,0.0,C_PROVIDER_SYNTHETIC_NONTRADING_BAR,REMOVE_CONFIRMED_ERROR
3026,TWSE,2026-07-10,PROCESSED_PRE_V3_UNKNOWN,1005.0,1005.0,1005.0,1005.0,0.0,C_PROVIDER_SYNTHETIC_NONTRADING_BAR,REMOVE_CONFIRMED_ERROR
3027,TWSE,2026-07-10,PROCESSED_PRE_V3_UNKNOWN,20.399999618530273,20.399999618530273,20.399999618530273,20.399999618530273,0.0,C_PROVIDER_SYNTHETIC_NONTRADING_BAR,REMOVE_CONFIRMED_ERROR
3028,TWSE,2026-07-10,PROCESSED_PRE_V3_UNKNOWN,74.04935455322266,74.04935455322266,74.04935455322266,74.04935455322266,0.0,C_PROVIDER_SYNTHETIC_NONTRADING_BAR,REMOVE_CONFIRMED_ERROR
3029,TWSE,2026-07-10,PROCESSED_PRE_V3_UNKNOWN,103.0,103.0,103.0,103.0,0.0,C_PROVIDER_SYNTHETIC_NONTRADING_BAR,REMOVE_CONFIRMED_ERROR
3030,TWSE,2026-07-10,PROCESSED_PRE_V3_UNKNOWN,299.0,299.0,299.0,299.0,0.0,C_PROVIDER_SYNTHETIC_NONTRADING_BAR,REMOVE_CONFIRMED_ERROR
3031,TWSE,2026-07-10,PROCESSED_PRE_V3_UNKNOWN,30.850000381469727,30.850000381469727,30.850000381469727,30.850000381469727,0.0,C_PROVIDER_SYNTHETIC_NONTRADING_BAR,REMOVE_CONFIRMED_ERROR
3032,TWSE,2026-07-10,PROCESSED_PRE_V3_UNKNOWN,81.4000015258789,81.4000015258789,81.4000015258789,81.4000015258789,0.0,C_PROVIDER_SYNTHETIC_NONTRADING_BAR,REMOVE_CONFIRMED_ERROR
3033,TWSE,2026-07-10,PROCESSED_PRE_V3_UNKNOWN,49.599998474121094,49.599998474121094,49.599998474121094,49.599998474121094,0.0,C_PROVIDER_SYNTHETIC_NONTRADING_BAR,REMOVE_CONFIRMED_ERROR
3034,TWSE,2026-07-10,PROCESSED_PRE_V3_UNKNOWN,542.0,542.0,542.0,542.0,0.0,C_PROVIDER_SYNTHETIC_NONTRADING_BAR,REMOVE_CONFIRMED_ERROR
3034,TWSE,2026-08-20,PROCESSED_PRE_V3_UNKNOWN,545.0,553.0,520.0,527.0,4166116.0,A_TRADING_CALENDAR_MISSING_LEGAL_SESSION,ADD_VERIFIED_OFFICIAL_SESSION
3035,TWSE,2026-07-10,PROCESSED_PRE_V3_UNKNOWN,216.0,216.0,216.0,216.0,0.0,C_PROVIDER_SYNTHETIC_NONTRADING_BAR,REMOVE_CONFIRMED_ERROR
3036,TWSE,2026-07-10,PROCESSED_PRE_V3_UNKNOWN,211.5,211.5,211.5,211.5,0.0,C_PROVIDER_SYNTHETIC_NONTRADING_BAR,REMOVE_CONFIRMED_ERROR
3037,TWSE,2026-07-10,PROCESSED_PRE_V3_UNKNOWN,875.0,875.0,875.0,875.0,0.0,C_PROVIDER_SYNTHETIC_NONTRADING_BAR,REMOVE_CONFIRMED_ERROR
3038,TWSE,2026-07-10,PROCESSED_PRE_V3_UNKNOWN,21.850000381469727,21.850000381469727,21.850000381469727,21.850000381469727,0.0,C_PROVIDER_SYNTHETIC_NONTRADING_BAR,REMOVE_CONFIRMED_ERROR
3040,TWSE,2026-07-10,PROCESSED_PRE_V3_UNKNOWN,37.5,37.5,37.5,37.5,0.0,C_PROVIDER_SYNTHETIC_NONTRADING_BAR,REMOVE_CONFIRMED_ERROR
3041,TWSE,2026-07-10,PROCESSED_PRE_V3_UNKNOWN,26.450000762939453,26.450000762939453,26.450000762939453,26.450000762939453,0.0,C_PROVIDER_SYNTHETIC_NONTRADING_BAR,REMOVE_CONFIRMED_ERROR
3042,TWSE,2026-07-10,PROCESSED_PRE_V3_UNKNOWN,200.0,200.0,200.0,200.0,0.0,C_PROVIDER_SYNTHETIC_NONTRADING_BAR,REMOVE_CONFIRMED_ERROR
3043,TWSE,2026-07-10,PROCESSED_PRE_V3_UNKNOWN,21.649999618530273,21.649999618530273,21.649999618530273,21.649999618530273,0.0,C_PROVIDER_SYNTHETIC_NONTRADING_BAR,REMOVE_CONFIRMED_ERROR
3044,TWSE,2026-07-10,PROCESSED_PRE_V3_UNKNOWN,448.5,448.5,448.5,448.5,0.0,C_PROVIDER_SYNTHETIC_NONTRADING_BAR,REMOVE_CONFIRMED_ERROR
3045,TWSE,2026-07-10,PROCESSED_PRE_V3_UNKNOWN,108.5,108.5,108.5,108.5,0.0,C_PROVIDER_SYNTHETIC_NONTRADING_BAR,REMOVE_CONFIRMED_ERROR
3046,TWSE,2026-07-10,PROCESSED_PRE_V3_UNKNOWN,55.599998474121094,55.599998474121094,55.599998474121094,55.599998474121094,0.0,C_PROVIDER_SYNTHETIC_NONTRADING_BAR,REMOVE_CONFIRMED_ERROR
3047,TWSE,2026-07-10,PROCESSED_PRE_V3_UNKNOWN,16.649999618530273,16.649999618530273,16.649999618530273,16.649999618530273,0.0,C_PROVIDER_SYNTHETIC_NONTRADING_BAR,REMOVE_CONFIRMED_ERROR
3048,TWSE,2026-07-10,PROCESSED_PRE_V3_UNKNOWN,60.0,60.0,60.0,60.0,0.0,C_PROVIDER_SYNTHETIC_NONTRADING_BAR,REMOVE_CONFIRMED_ERROR
3049,TWSE,2026-07-10,PROCESSED_PRE_V3_UNKNOWN,12.649999618530273,12.649999618530273,12.649999618530273,12.649999618530273,0.0,C_PROVIDER_SYNTHETIC_NONTRADING_BAR,REMOVE_CONFIRMED_ERROR
3050,TWSE,2026-07-10,PROCESSED_PRE_V3_UNKNOWN,12.449999809265137,12.449999809265137,12.449999809265137,12.449999809265137,0.0,C_PROVIDER_SYNTHETIC_NONTRADING_BAR,REMOVE_CONFIRMED_ERROR
3051,TWSE,2026-07-10,PROCESSED_PRE_V3_UNKNOWN,25.200000762939453,25.200000762939453,25.200000762939453,25.200000762939453,0.0,C_PROVIDER_SYNTHETIC_NONTRADING_BAR,REMOVE_CONFIRMED_ERROR
3052,TWSE,2026-07-10,PROCESSED_PRE_V3_UNKNOWN,10.899999618530273,10.899999618530273,10.899999618530273,10.899999618530273,0.0,C_PROVIDER_SYNTHETIC_NONTRADING_BAR,REMOVE_CONFIRMED_ERROR
3054,TWSE,2026-07-10,PROCESSED_PRE_V3_UNKNOWN,63.400001525878906,63.400001525878906,63.400001525878906,63.400001525878906,0.0,C_PROVIDER_SYNTHETIC_NONTRADING_BAR,REMOVE_CONFIRMED_ERROR
3055,TWSE,2026-07-10,PROCESSED_PRE_V3_UNKNOWN,158.0,158.0,158.0,158.0,0.0,C_PROVIDER_SYNTHETIC_NONTRADING_BAR,REMOVE_CONFIRMED_ERROR
3056,TWSE,2026-07-10,PROCESSED_PRE_V3_UNKNOWN,14.850000381469727,14.850000381469727,14.850000381469727,14.850000381469727,0.0,C_PROVIDER_SYNTHETIC_NONTRADING_BAR,REMOVE_CONFIRMED_ERROR
3057,TWSE,2026-07-10,PROCESSED_PRE_V3_UNKNOWN,19.0,19.0,19.0,19.0,0.0,C_PROVIDER_SYNTHETIC_NONTRADING_BAR,REMOVE_CONFIRMED_ERROR
3058,TWSE,2026-07-10,PROCESSED_PRE_V3_UNKNOWN,9.5,9.5,9.5,9.5,0.0,C_PROVIDER_SYNTHETIC_NONTRADING_BAR,REMOVE_CONFIRMED_ERROR
3059,TWSE,2026-07-10,PROCESSED_PRE_V3_UNKNOWN,46.5,46.5,46.5,46.5,0.0,C_PROVIDER_SYNTHETIC_NONTRADING_BAR,REMOVE_CONFIRMED_ERROR
3060,TWSE,2026-07-10,PROCESSED_PRE_V3_UNKNOWN,37.150001525878906,37.150001525878906,37.150001525878906,37.150001525878906,0.0,C_PROVIDER_SYNTHETIC_NONTRADING_BAR,REMOVE_CONFIRMED_ERROR
3062,TWSE,2026-07-10,PROCESSED_PRE_V3_UNKNOWN,24.0,24.0,24.0,24.0,0.0,C_PROVIDER_SYNTHETIC_NONTRADING_BAR,REMOVE_CONFIRMED_ERROR
3090,TWSE,2026-07-10,PROCESSED_PRE_V3_UNKNOWN,286.5,286.5,286.5,286.5,0.0,C_PROVIDER_SYNTHETIC_NONTRADING_BAR,REMOVE_CONFIRMED_ERROR
3094,TWSE,2026-07-10,PROCESSED_PRE_V3_UNKNOWN,40.349998474121094,40.349998474121094,40.349998474121094,40.349998474121094,0.0,C_PROVIDER_SYNTHETIC_NONTRADING_BAR,REMOVE_CONFIRMED_ERROR
3130,TWSE,2026-07-10,PROCESSED_PRE_V3_UNKNOWN,220.5,220.5,220.5,220.5,0.0,C_PROVIDER_SYNTHETIC_NONTRADING_BAR,REMOVE_CONFIRMED_ERROR
3135,TWSE,2026-08-20,PROCESSED_PRE_V3_UNKNOWN,156.0,168.0,153.5,168.0,2150806.0,A_TRADING_CALENDAR_MISSING_LEGAL_SESSION,ADD_VERIFIED_OFFICIAL_SESSION
3138,TWSE,2026-07-10,PROCESSED_PRE_V3_UNKNOWN,115.0,115.0,115.0,115.0,0.0,C_PROVIDER_SYNTHETIC_NONTRADING_BAR,REMOVE_CONFIRMED_ERROR
3149,TWSE,2026-07-10,PROCESSED_PRE_V3_UNKNOWN,84.05477905273438,84.05477905273438,84.05477905273438,84.05477905273438,0.0,C_PROVIDER_SYNTHETIC_NONTRADING_BAR,REMOVE_CONFIRMED_ERROR
3150,TWSE,2026-07-10,PROCESSED_PRE_V3_UNKNOWN,18.299999237060547,18.299999237060547,18.299999237060547,18.299999237060547,0.0,C_PROVIDER_SYNTHETIC_NONTRADING_BAR,REMOVE_CONFIRMED_ERROR
3164,TWSE,2026-07-10,PROCESSED_PRE_V3_UNKNOWN,16.450000762939453,16.450000762939453,16.450000762939453,16.450000762939453,0.0,C_PROVIDER_SYNTHETIC_NONTRADING_BAR,REMOVE_CONFIRMED_ERROR
3167,TWSE,2026-07-10,PROCESSED_PRE_V3_UNKNOWN,775.0,775.0,775.0,775.0,0.0,C_PROVIDER_SYNTHETIC_NONTRADING_BAR,REMOVE_CONFIRMED_ERROR
3168,TWSE,2026-07-10,PROCESSED_PRE_V3_UNKNOWN,44.150001525878906,44.150001525878906,44.150001525878906,44.150001525878906,0.0,C_PROVIDER_SYNTHETIC_NONTRADING_BAR,REMOVE_CONFIRMED_ERROR
3189,TWSE,2026-07-10,PROCESSED_PRE_V3_UNKNOWN,795.0,795.0,795.0,795.0,0.0,C_PROVIDER_SYNTHETIC_NONTRADING_BAR,REMOVE_CONFIRMED_ERROR
3209,TWSE,2026-07-10,PROCESSED_PRE_V3_UNKNOWN,58.79999923706055,58.79999923706055,58.79999923706055,58.79999923706055,0.0,C_PROVIDER_SYNTHETIC_NONTRADING_BAR,REMOVE_CONFIRMED_ERROR
3229,TWSE,2026-07-10,PROCESSED_PRE_V3_UNKNOWN,38.75,38.75,38.75,38.75,0.0,C_PROVIDER_SYNTHETIC_NONTRADING_BAR,REMOVE_CONFIRMED_ERROR
3231,TWSE,2026-07-10,PROCESSED_PRE_V3_UNKNOWN,144.5,144.5,144.5,144.5,0.0,C_PROVIDER_SYNTHETIC_NONTRADING_BAR,REMOVE_CONFIRMED_ERROR
3257,TWSE,2026-07-10,PROCESSED_PRE_V3_UNKNOWN,64.19999694824219,64.19999694824219,64.19999694824219,64.19999694824219,0.0,C_PROVIDER_SYNTHETIC_NONTRADING_BAR,REMOVE_CONFIRMED_ERROR
3266,TWSE,2026-07-10,PROCESSED_PRE_V3_UNKNOWN,13.449999809265137,13.449999809265137,13.449999809265137,13.449999809265137,0.0,C_PROVIDER_SYNTHETIC_NONTRADING_BAR,REMOVE_CONFIRMED_ERROR
3296,TWSE,2026-07-10,PROCESSED_PRE_V3_UNKNOWN,28.0,28.0,28.0,28.0,0.0,C_PROVIDER_SYNTHETIC_NONTRADING_BAR,REMOVE_CONFIRMED_ERROR
3305,TWSE,2026-07-10,PROCESSED_PRE_V3_UNKNOWN,127.5,127.5,127.5,127.5,0.0,C_PROVIDER_SYNTHETIC_NONTRADING_BAR,REMOVE_CONFIRMED_ERROR
3308,TWSE,2026-07-10,PROCESSED_PRE_V3_UNKNOWN,21.600000381469727,21.600000381469727,21.600000381469727,21.600000381469727,0.0,C_PROVIDER_SYNTHETIC_NONTRADING_BAR,REMOVE_CONFIRMED_ERROR
3311,TWSE,2026-07-10,PROCESSED_PRE_V3_UNKNOWN,36.599998474121094,36.599998474121094,36.599998474121094,36.599998474121094,0.0,C_PROVIDER_SYNTHETIC_NONTRADING_BAR,REMOVE_CONFIRMED_ERROR
3312,TWSE,2026-07-10,PROCESSED_PRE_V3_UNKNOWN,55.599998474121094,55.599998474121094,55.599998474121094,55.599998474121094,0.0,C_PROVIDER_SYNTHETIC_NONTRADING_BAR,REMOVE_CONFIRMED_ERROR
3321,TWSE,2026-07-10,PROCESSED_PRE_V3_UNKNOWN,21.799999237060547,21.799999237060547,21.799999237060547,21.799999237060547,0.0,C_PROVIDER_SYNTHETIC_NONTRADING_BAR,REMOVE_CONFIRMED_ERROR
3338,TWSE,2026-07-10,PROCESSED_PRE_V3_UNKNOWN,69.5,69.5,69.5,69.5,0.0,C_PROVIDER_SYNTHETIC_NONTRADING_BAR,REMOVE_CONFIRMED_ERROR
3346,TWSE,2026-07-10,PROCESSED_PRE_V3_UNKNOWN,26.350000381469727,26.350000381469727,26.350000381469727,26.350000381469727,0.0,C_PROVIDER_SYNTHETIC_NONTRADING_BAR,REMOVE_CONFIRMED_ERROR
3356,TWSE,2026-07-10,PROCESSED_PRE_V3_UNKNOWN,59.79999923706055,59.79999923706055,59.79999923706055,59.79999923706055,0.0,C_PROVIDER_SYNTHETIC_NONTRADING_BAR,REMOVE_CONFIRMED_ERROR
3376,TWSE,2026-07-10,PROCESSED_PRE_V3_UNKNOWN,194.0,194.0,194.0,194.0,0.0,C_PROVIDER_SYNTHETIC_NONTRADING_BAR,REMOVE_CONFIRMED_ERROR
3380,TWSE,2026-07-10,PROCESSED_PRE_V3_UNKNOWN,33.75,33.75,33.75,33.75,0.0,C_PROVIDER_SYNTHETIC_NONTRADING_BAR,REMOVE_CONFIRMED_ERROR
3383,TWSE,2018-03-31,PROCESSED_PRE_V3_UNKNOWN,3.28,3.33,3.21,3.29,77000.0,A_TRADING_CALENDAR_MISSING_LEGAL_SESSION,ADD_VERIFIED_OFFICIAL_SESSION
3383,TWSE,2018-12-22,PROCESSED_PRE_V3_UNKNOWN,1.66,1.73,1.66,1.69,192000.0,A_TRADING_CALENDAR_MISSING_LEGAL_SESSION,ADD_VERIFIED_OFFICIAL_SESSION
3383,TWSE,2019-09-09,PROCESSED_PRE_V3_UNKNOWN,1.02,1.02,1.02,1.02,2894.0,A_TRADING_CALENDAR_MISSING_LEGAL_SESSION,ADD_VERIFIED_OFFICIAL_SESSION
3383,TWSE,2021-04-06,PROCESSED_PRE_V3_UNKNOWN,5.4,5.5,4.91,4.91,300197.0,A_TRADING_CALENDAR_MISSING_LEGAL_SESSION,ADD_VERIFIED_OFFICIAL_SESSION
3406,TWSE,2026-07-10,PROCESSED_PRE_V3_UNKNOWN,616.0,616.0,616.0,616.0,0.0,C_PROVIDER_SYNTHETIC_NONTRADING_BAR,REMOVE_CONFIRMED_ERROR
3413,TWSE,2026-07-10,PROCESSED_PRE_V3_UNKNOWN,334.5,334.5,334.5,334.5,0.0,C_PROVIDER_SYNTHETIC_NONTRADING_BAR,REMOVE_CONFIRMED_ERROR
3416,TWSE,2026-07-10,PROCESSED_PRE_V3_UNKNOWN,181.5,181.5,181.5,181.5,0.0,C_PROVIDER_SYNTHETIC_NONTRADING_BAR,REMOVE_CONFIRMED_ERROR
3419,TWSE,2026-07-10,PROCESSED_PRE_V3_UNKNOWN,13.699999809265137,13.699999809265137,13.699999809265137,13.699999809265137,0.0,C_PROVIDER_SYNTHETIC_NONTRADING_BAR,REMOVE_CONFIRMED_ERROR
3432,TWSE,2026-07-10,PROCESSED_PRE_V3_UNKNOWN,18.100000381469727,18.100000381469727,18.100000381469727,18.100000381469727,0.0,C_PROVIDER_SYNTHETIC_NONTRADING_BAR,REMOVE_CONFIRMED_ERROR
3437,TWSE,2018-03-31,PROCESSED_PRE_V3_UNKNOWN,34.4,35.25,34.4,34.65,1044418.0,A_TRADING_CALENDAR_MISSING_LEGAL_SESSION,ADD_VERIFIED_OFFICIAL_SESSION
3437,TWSE,2018-12-22,PROCESSED_PRE_V3_UNKNOWN,16.1,16.35,16.1,16.25,182000.0,A_TRADING_CALENDAR_MISSING_LEGAL_SESSION,ADD_VERIFIED_OFFICIAL_SESSION
3437,TWSE,2019-09-09,PROCESSED_PRE_V3_UNKNOWN,16.0,16.0,15.65,15.65,244446.0,A_TRADING_CALENDAR_MISSING_LEGAL_SESSION,ADD_VERIFIED_OFFICIAL_SESSION
3437,TWSE,2021-04-06,PROCESSED_PRE_V3_UNKNOWN,38.8,39.5,38.25,38.85,7271991.0,A_TRADING_CALENDAR_MISSING_LEGAL_SESSION,ADD_VERIFIED_OFFICIAL_SESSION
3437,TWSE,2026-08-20,PROCESSED_PRE_V3_UNKNOWN,16.9,17.3,16.8,17.2,368750.0,A_TRADING_CALENDAR_MISSING_LEGAL_SESSION,ADD_VERIFIED_OFFICIAL_SESSION
3443,TWSE,2026-07-10,PROCESSED_PRE_V3_UNKNOWN,4340.0,4340.0,4340.0,4340.0,0.0,C_PROVIDER_SYNTHETIC_NONTRADING_BAR,REMOVE_CONFIRMED_ERROR
3447,TWSE,2026-07-10,PROCESSED_PRE_V3_UNKNOWN,37.04999923706055,37.04999923706055,37.04999923706055,37.04999923706055,0.0,C_PROVIDER_SYNTHETIC_NONTRADING_BAR,REMOVE_CONFIRMED_ERROR
3450,TWSE,2026-07-10,PROCESSED_PRE_V3_UNKNOWN,502.0,502.0,502.0,502.0,0.0,C_PROVIDER_SYNTHETIC_NONTRADING_BAR,REMOVE_CONFIRMED_ERROR
3454,TWSE,2018-03-31,PROCESSED_PRE_V3_UNKNOWN,88.2,92.0,87.5,88.5,191576.0,A_TRADING_CALENDAR_MISSING_LEGAL_SESSION,ADD_VERIFIED_OFFICIAL_SESSION
3454,TWSE,2018-12-22,PROCESSED_PRE_V3_UNKNOWN,92.9,95.2,92.9,94.8,316461.0,A_TRADING_CALENDAR_MISSING_LEGAL_SESSION,ADD_VERIFIED_OFFICIAL_SESSION
3454,TWSE,2019-09-09,PROCESSED_PRE_V3_UNKNOWN,107.5,107.5,104.5,104.5,245988.0,A_TRADING_CALENDAR_MISSING_LEGAL_SESSION,ADD_VERIFIED_OFFICIAL_SESSION
3454,TWSE,2021-04-06,PROCESSED_PRE_V3_UNKNOWN,85.8,86.9,85.8,86.4,100584.0,A_TRADING_CALENDAR_MISSING_LEGAL_SESSION,ADD_VERIFIED_OFFICIAL_SESSION
3481,TWSE,2026-07-10,PROCESSED_PRE_V3_UNKNOWN,65.30000305175781,65.30000305175781,65.30000305175781,65.30000305175781,0.0,C_PROVIDER_SYNTHETIC_NONTRADING_BAR,REMOVE_CONFIRMED_ERROR
3494,TWSE,2026-07-10,PROCESSED_PRE_V3_UNKNOWN,7.78000020980835,7.78000020980835,7.78000020980835,7.78000020980835,0.0,C_PROVIDER_SYNTHETIC_NONTRADING_BAR,REMOVE_CONFIRMED_ERROR
3501,TWSE,2026-07-10,PROCESSED_PRE_V3_UNKNOWN,40.5,40.5,40.5,40.5,0.0,C_PROVIDER_SYNTHETIC_NONTRADING_BAR,REMOVE_CONFIRMED_ERROR
3504,TWSE,2026-07-10,PROCESSED_PRE_V3_UNKNOWN,81.80000305175781,81.80000305175781,81.80000305175781,81.80000305175781,0.0,C_PROVIDER_SYNTHETIC_NONTRADING_BAR,REMOVE_CONFIRMED_ERROR
3514,TWSE,2018-03-31,PROCESSED_PRE_V3_UNKNOWN,15.7,15.75,15.6,15.65,418410.0,A_TRADING_CALENDAR_MISSING_LEGAL_SESSION,ADD_VERIFIED_OFFICIAL_SESSION
3515,TWSE,2026-07-10,PROCESSED_PRE_V3_UNKNOWN,211.0,211.0,211.0,211.0,0.0,C_PROVIDER_SYNTHETIC_NONTRADING_BAR,REMOVE_CONFIRMED_ERROR
3518,TWSE,2026-07-10,PROCESSED_PRE_V3_UNKNOWN,29.850000381469727,29.850000381469727,29.850000381469727,29.850000381469727,0.0,C_PROVIDER_SYNTHETIC_NONTRADING_BAR,REMOVE_CONFIRMED_ERROR
3519,TWSE,2018-03-31,PROCESSED_PRE_V3_UNKNOWN,15.9,15.9,15.4,15.5,1678055.0,A_TRADING_CALENDAR_MISSING_LEGAL_SESSION,ADD_VERIFIED_OFFICIAL_SESSION
3519,TWSE,2018-12-22,PROCESSED_PRE_V3_UNKNOWN,3.47,3.48,3.29,3.3,2134172.0,A_TRADING_CALENDAR_MISSING_LEGAL_SESSION,ADD_VERIFIED_OFFICIAL_SESSION
3528,TWSE,2026-07-10,PROCESSED_PRE_V3_UNKNOWN,99.30000305175781,99.30000305175781,99.30000305175781,99.30000305175781,0.0,C_PROVIDER_SYNTHETIC_NONTRADING_BAR,REMOVE_CONFIRMED_ERROR
3530,TWSE,2026-07-10,PROCESSED_PRE_V3_UNKNOWN,65.19999694824219,65.19999694824219,65.19999694824219,65.19999694824219,0.0,C_PROVIDER_SYNTHETIC_NONTRADING_BAR,REMOVE_CONFIRMED_ERROR
3532,TWSE,2026-07-10,PROCESSED_PRE_V3_UNKNOWN,423.5,423.5,423.5,423.5,0.0,C_PROVIDER_SYNTHETIC_NONTRADING_BAR,REMOVE_CONFIRMED_ERROR
3533,TWSE,2026-07-10,PROCESSED_PRE_V3_UNKNOWN,1955.0,1955.0,1955.0,1955.0,0.0,C_PROVIDER_SYNTHETIC_NONTRADING_BAR,REMOVE_CONFIRMED_ERROR
3535,TWSE,2026-07-10,PROCESSED_PRE_V3_UNKNOWN,104.5,104.5,104.5,104.5,0.0,C_PROVIDER_SYNTHETIC_NONTRADING_BAR,REMOVE_CONFIRMED_ERROR
3536,TWSE,2018-03-31,PROCESSED_PRE_V3_UNKNOWN,14.0,14.0,13.1,13.15,1077691.0,A_TRADING_CALENDAR_MISSING_LEGAL_SESSION,ADD_VERIFIED_OFFICIAL_SESSION
3536,TWSE,2018-12-22,PROCESSED_PRE_V3_UNKNOWN,8.4,8.49,8.27,8.4,15000.0,A_TRADING_CALENDAR_MISSING_LEGAL_SESSION,ADD_VERIFIED_OFFICIAL_SESSION
3536,TWSE,2019-09-09,PROCESSED_PRE_V3_UNKNOWN,6.2,6.25,6.2,6.24,34703.0,A_TRADING_CALENDAR_MISSING_LEGAL_SESSION,ADD_VERIFIED_OFFICIAL_SESSION
3536,TWSE,2021-04-06,PROCESSED_PRE_V3_UNKNOWN,4.46,5.0,4.46,4.46,504401.0,A_TRADING_CALENDAR_MISSING_LEGAL_SESSION,ADD_VERIFIED_OFFICIAL_SESSION
3543,TWSE,2026-07-10,PROCESSED_PRE_V3_UNKNOWN,33.400001525878906,33.400001525878906,33.400001525878906,33.400001525878906,0.0,C_PROVIDER_SYNTHETIC_NONTRADING_BAR,REMOVE_CONFIRMED_ERROR
3545,TWSE,2026-07-10,PROCESSED_PRE_V3_UNKNOWN,57.599998474121094,57.599998474121094,57.599998474121094,57.599998474121094,0.0,C_PROVIDER_SYNTHETIC_NONTRADING_BAR,REMOVE_CONFIRMED_ERROR
3550,TWSE,2026-07-10,PROCESSED_PRE_V3_UNKNOWN,28.200000762939453,28.200000762939453,28.200000762939453,28.200000762939453,0.0,C_PROVIDER_SYNTHETIC_NONTRADING_BAR,REMOVE_CONFIRMED_ERROR
3557,TWSE,2026-07-10,PROCESSED_PRE_V3_UNKNOWN,25.600000381469727,25.600000381469727,25.600000381469727,25.600000381469727,0.0,C_PROVIDER_SYNTHETIC_NONTRADING_BAR,REMOVE_CONFIRMED_ERROR
3561,TWSE,2018-03-31,PROCESSED_PRE_V3_UNKNOWN,13.55,13.55,13.45,13.45,335744.0,A_TRADING_CALENDAR_MISSING_LEGAL_SESSION,ADD_VERIFIED_OFFICIAL_SESSION
3576,TWSE,2026-07-10,PROCESSED_PRE_V3_UNKNOWN,16.399999618530273,16.399999618530273,16.399999618530273,16.399999618530273,0.0,C_PROVIDER_SYNTHETIC_NONTRADING_BAR,REMOVE_CONFIRMED_ERROR
3579,TWSE,2018-03-31,PROCESSED_PRE_V3_UNKNOWN,14.95,14.95,14.6,14.6,41010.0,A_TRADING_CALENDAR_MISSING_LEGAL_SESSION,ADD_VERIFIED_OFFICIAL_SESSION
3579,TWSE,2018-12-22,PROCESSED_PRE_V3_UNKNOWN,6.67,6.74,6.53,6.6,221442.0,A_TRADING_CALENDAR_MISSING_LEGAL_SESSION,ADD_VERIFIED_OFFICIAL_SESSION
3583,TWSE,2026-07-10,PROCESSED_PRE_V3_UNKNOWN,817.0,817.0,817.0,817.0,0.0,C_PROVIDER_SYNTHETIC_NONTRADING_BAR,REMOVE_CONFIRMED_ERROR
3588,TWSE,2026-07-10,PROCESSED_PRE_V3_UNKNOWN,66.80000305175781,66.80000305175781,66.80000305175781,66.80000305175781,0.0,C_PROVIDER_SYNTHETIC_NONTRADING_BAR,REMOVE_CONFIRMED_ERROR
3591,TWSE,2026-07-10,PROCESSED_PRE_V3_UNKNOWN,25.549999237060547,25.549999237060547,25.549999237060547,25.549999237060547,0.0,C_PROVIDER_SYNTHETIC_NONTRADING_BAR,REMOVE_CONFIRMED_ERROR
3592,TWSE,2026-07-10,PROCESSED_PRE_V3_UNKNOWN,272.5,272.5,272.5,272.5,0.0,C_PROVIDER_SYNTHETIC_NONTRADING_BAR,REMOVE_CONFIRMED_ERROR
3593,TWSE,2026-07-10,PROCESSED_PRE_V3_UNKNOWN,15.949999809265137,15.949999809265137,15.949999809265137,15.949999809265137,0.0,C_PROVIDER_SYNTHETIC_NONTRADING_BAR,REMOVE_CONFIRMED_ERROR
3596,TWSE,2026-07-10,PROCESSED_PRE_V3_UNKNOWN,194.0,194.0,194.0,194.0,0.0,C_PROVIDER_SYNTHETIC_NONTRADING_BAR,REMOVE_CONFIRMED_ERROR
3605,TWSE,2026-07-10,PROCESSED_PRE_V3_UNKNOWN,91.19999694824219,91.19999694824219,91.19999694824219,91.19999694824219,0.0,C_PROVIDER_SYNTHETIC_NONTRADING_BAR,REMOVE_CONFIRMED_ERROR
3607,TWSE,2026-07-10,PROCESSED_PRE_V3_UNKNOWN,16.149999618530273,16.149999618530273,16.149999618530273,16.149999618530273,0.0,C_PROVIDER_SYNTHETIC_NONTRADING_BAR,REMOVE_CONFIRMED_ERROR
3617,TWSE,2026-07-10,PROCESSED_PRE_V3_UNKNOWN,242.0,242.0,242.0,242.0,0.0,C_PROVIDER_SYNTHETIC_NONTRADING_BAR,REMOVE_CONFIRMED_ERROR
3622,TWSE,2026-07-10,PROCESSED_PRE_V3_UNKNOWN,55.900001525878906,55.900001525878906,55.900001525878906,55.900001525878906,0.0,C_PROVIDER_SYNTHETIC_NONTRADING_BAR,REMOVE_CONFIRMED_ERROR
3645,TWSE,2026-07-10,PROCESSED_PRE_V3_UNKNOWN,82.9000015258789,82.9000015258789,82.9000015258789,82.9000015258789,0.0,C_PROVIDER_SYNTHETIC_NONTRADING_BAR,REMOVE_CONFIRMED_ERROR
3653,TWSE,2026-07-10,PROCESSED_PRE_V3_UNKNOWN,3205.0,3205.0,3205.0,3205.0,0.0,C_PROVIDER_SYNTHETIC_NONTRADING_BAR,REMOVE_CONFIRMED_ERROR
3661,TWSE,2026-07-10,PROCESSED_PRE_V3_UNKNOWN,4210.0,4210.0,4210.0,4210.0,0.0,C_PROVIDER_SYNTHETIC_NONTRADING_BAR,REMOVE_CONFIRMED_ERROR
3665,TWSE,2026-07-10,PROCESSED_PRE_V3_UNKNOWN,1865.0,1865.0,1865.0,1865.0,0.0,C_PROVIDER_SYNTHETIC_NONTRADING_BAR,REMOVE_CONFIRMED_ERROR
3669,TWSE,2026-07-10,PROCESSED_PRE_V3_UNKNOWN,34.900001525878906,34.900001525878906,34.900001525878906,34.900001525878906,0.0,C_PROVIDER_SYNTHETIC_NONTRADING_BAR,REMOVE_CONFIRMED_ERROR
3673,TWSE,2026-07-10,PROCESSED_PRE_V3_UNKNOWN,77.80000305175781,77.80000305175781,77.80000305175781,77.80000305175781,0.0,C_PROVIDER_SYNTHETIC_NONTRADING_BAR,REMOVE_CONFIRMED_ERROR
3679,TWSE,2026-07-10,PROCESSED_PRE_V3_UNKNOWN,110.0,110.0,110.0,110.0,0.0,C_PROVIDER_SYNTHETIC_NONTRADING_BAR,REMOVE_CONFIRMED_ERROR
3682,TWSE,2018-03-31,PROCESSED_PRE_V3_UNKNOWN,9.12,9.3,9.11,9.14,5129802.0,A_TRADING_CALENDAR_MISSING_LEGAL_SESSION,ADD_VERIFIED_OFFICIAL_SESSION
3682,TWSE,2018-12-22,PROCESSED_PRE_V3_UNKNOWN,7.36,7.4,7.33,7.35,1718400.0,A_TRADING_CALENDAR_MISSING_LEGAL_SESSION,ADD_VERIFIED_OFFICIAL_SESSION
3682,TWSE,2019-09-09,PROCESSED_PRE_V3_UNKNOWN,6.23,6.33,6.22,6.28,6481521.0,A_TRADING_CALENDAR_MISSING_LEGAL_SESSION,ADD_VERIFIED_OFFICIAL_SESSION
3682,TWSE,2021-04-06,PROCESSED_PRE_V3_UNKNOWN,9.6,9.65,9.55,9.55,5346232.0,A_TRADING_CALENDAR_MISSING_LEGAL_SESSION,ADD_VERIFIED_OFFICIAL_SESSION
3686,TWSE,2026-07-10,PROCESSED_PRE_V3_UNKNOWN,16.450000762939453,16.450000762939453,16.450000762939453,16.450000762939453,0.0,C_PROVIDER_SYNTHETIC_NONTRADING_BAR,REMOVE_CONFIRMED_ERROR
3694,TWSE,2026-07-10,PROCESSED_PRE_V3_UNKNOWN,65.0,65.0,65.0,65.0,0.0,C_PROVIDER_SYNTHETIC_NONTRADING_BAR,REMOVE_CONFIRMED_ERROR
3698,TWSE,2018-03-31,PROCESSED_PRE_V3_UNKNOWN,21.1,21.2,20.85,20.9,964502.0,A_TRADING_CALENDAR_MISSING_LEGAL_SESSION,ADD_VERIFIED_OFFICIAL_SESSION
3698,TWSE,2018-12-22,PROCESSED_PRE_V3_UNKNOWN,17.7,17.9,17.65,17.7,863052.0,A_TRADING_CALENDAR_MISSING_LEGAL_SESSION,ADD_VERIFIED_OFFICIAL_SESSION
3698,TWSE,2019-09-09,PROCESSED_PRE_V3_UNKNOWN,16.4,16.4,16.15,16.2,754679.0,A_TRADING_CALENDAR_MISSING_LEGAL_SESSION,ADD_VERIFIED_OFFICIAL_SESSION
3701,TWSE,2026-07-10,PROCESSED_PRE_V3_UNKNOWN,41.650001525878906,41.650001525878906,41.650001525878906,41.650001525878906,0.0,C_PROVIDER_SYNTHETIC_NONTRADING_BAR,REMOVE_CONFIRMED_ERROR
3702,TWSE,2026-07-10,PROCESSED_PRE_V3_UNKNOWN,106.5,106.5,106.5,106.5,0.0,C_PROVIDER_SYNTHETIC_NONTRADING_BAR,REMOVE_CONFIRMED_ERROR
3703,TWSE,2026-07-10,PROCESSED_PRE_V3_UNKNOWN,20.600000381469727,20.600000381469727,20.600000381469727,20.600000381469727,0.0,C_PROVIDER_SYNTHETIC_NONTRADING_BAR,REMOVE_CONFIRMED_ERROR
3704,TWSE,2026-07-10,PROCESSED_PRE_V3_UNKNOWN,45.349998474121094,45.349998474121094,45.349998474121094,45.349998474121094,0.0,C_PROVIDER_SYNTHETIC_NONTRADING_BAR,REMOVE_CONFIRMED_ERROR
3705,TWSE,2026-07-10,PROCESSED_PRE_V3_UNKNOWN,54.599998474121094,54.599998474121094,54.599998474121094,54.599998474121094,0.0,C_PROVIDER_SYNTHETIC_NONTRADING_BAR,REMOVE_CONFIRMED_ERROR
3706,TWSE,2026-07-10,PROCESSED_PRE_V3_UNKNOWN,88.69999694824219,88.69999694824219,88.69999694824219,88.69999694824219,0.0,C_PROVIDER_SYNTHETIC_NONTRADING_BAR,REMOVE_CONFIRMED_ERROR
3708,TWSE,2026-07-10,PROCESSED_PRE_V3_UNKNOWN,106.5,106.5,106.5,106.5,0.0,C_PROVIDER_SYNTHETIC_NONTRADING_BAR,REMOVE_CONFIRMED_ERROR
3711,TWSE,2026-07-10,PROCESSED_PRE_V3_UNKNOWN,677.0,677.0,677.0,677.0,0.0,C_PROVIDER_SYNTHETIC_NONTRADING_BAR,REMOVE_CONFIRMED_ERROR
3712,TWSE,2026-07-10,PROCESSED_PRE_V3_UNKNOWN,17.200000762939453,17.200000762939453,17.200000762939453,17.200000762939453,0.0,C_PROVIDER_SYNTHETIC_NONTRADING_BAR,REMOVE_CONFIRMED_ERROR
3714,TWSE,2026-07-10,PROCESSED_PRE_V3_UNKNOWN,63.70000076293945,63.70000076293945,63.70000076293945,63.70000076293945,0.0,C_PROVIDER_SYNTHETIC_NONTRADING_BAR,REMOVE_CONFIRMED_ERROR
3715,TWSE,2026-07-10,PROCESSED_PRE_V3_UNKNOWN,151.0,151.0,151.0,151.0,0.0,C_PROVIDER_SYNTHETIC_NONTRADING_BAR,REMOVE_CONFIRMED_ERROR
3716,TWSE,2026-07-10,PROCESSED_PRE_V3_UNKNOWN,35.20000076293945,35.20000076293945,35.20000076293945,35.20000076293945,0.0,C_PROVIDER_SYNTHETIC_NONTRADING_BAR,REMOVE_CONFIRMED_ERROR
3717,TWSE,2026-07-10,PROCESSED_PRE_V3_UNKNOWN,25.450000762939453,25.450000762939453,25.450000762939453,25.450000762939453,0.0,C_PROVIDER_SYNTHETIC_NONTRADING_BAR,REMOVE_CONFIRMED_ERROR
4104,TWSE,2026-07-10,PROCESSED_PRE_V3_UNKNOWN,69.80000305175781,69.80000305175781,69.80000305175781,69.80000305175781,0.0,C_PROVIDER_SYNTHETIC_NONTRADING_BAR,REMOVE_CONFIRMED_ERROR
4106,TWSE,2026-07-10,PROCESSED_PRE_V3_UNKNOWN,23.549999237060547,23.549999237060547,23.549999237060547,23.549999237060547,0.0,C_PROVIDER_SYNTHETIC_NONTRADING_BAR,REMOVE_CONFIRMED_ERROR
4108,TWSE,2026-07-10,PROCESSED_PRE_V3_UNKNOWN,12.0,12.0,12.0,12.0,0.0,C_PROVIDER_SYNTHETIC_NONTRADING_BAR,REMOVE_CONFIRMED_ERROR
4119,TWSE,2026-07-10,PROCESSED_PRE_V3_UNKNOWN,45.5,45.5,45.5,45.5,0.0,C_PROVIDER_SYNTHETIC_NONTRADING_BAR,REMOVE_CONFIRMED_ERROR
4133,TWSE,2026-07-10,PROCESSED_PRE_V3_UNKNOWN,20.799999237060547,20.799999237060547,20.799999237060547,20.799999237060547,0.0,C_PROVIDER_SYNTHETIC_NONTRADING_BAR,REMOVE_CONFIRMED_ERROR
4137,TWSE,2026-07-10,PROCESSED_PRE_V3_UNKNOWN,96.69999694824219,96.69999694824219,96.69999694824219,96.69999694824219,0.0,C_PROVIDER_SYNTHETIC_NONTRADING_BAR,REMOVE_CONFIRMED_ERROR
4141,TWSE,2018-03-31,PROCESSED_PRE_V3_UNKNOWN,27.75,27.9,27.45,27.5,267640.0,A_TRADING_CALENDAR_MISSING_LEGAL_SESSION,ADD_VERIFIED_OFFICIAL_SESSION
4141,TWSE,2018-12-22,PROCESSED_PRE_V3_UNKNOWN,18.65,19.35,18.35,18.45,574208.0,A_TRADING_CALENDAR_MISSING_LEGAL_SESSION,ADD_VERIFIED_OFFICIAL_SESSION
4141,TWSE,2019-09-09,PROCESSED_PRE_V3_UNKNOWN,17.05,17.05,16.9,16.95,41185.0,A_TRADING_CALENDAR_MISSING_LEGAL_SESSION,ADD_VERIFIED_OFFICIAL_SESSION
4141,TWSE,2021-04-06,PROCESSED_PRE_V3_UNKNOWN,11.8,11.9,11.75,11.85,148438.0,A_TRADING_CALENDAR_MISSING_LEGAL_SESSION,ADD_VERIFIED_OFFICIAL_SESSION
4142,TWSE,2026-07-10,PROCESSED_PRE_V3_UNKNOWN,17.649999618530273,17.649999618530273,17.649999618530273,17.649999618530273,0.0,C_PROVIDER_SYNTHETIC_NONTRADING_BAR,REMOVE_CONFIRMED_ERROR
4144,TWSE,2018-03-31,PROCESSED_PRE_V3_UNKNOWN,46.35,50.3,46.35,50.3,3617800.0,A_TRADING_CALENDAR_MISSING_LEGAL_SESSION,ADD_VERIFIED_OFFICIAL_SESSION
4144,TWSE,2018-12-22,PROCESSED_PRE_V3_UNKNOWN,26.5,27.3,26.45,27.3,29150.0,A_TRADING_CALENDAR_MISSING_LEGAL_SESSION,ADD_VERIFIED_OFFICIAL_SESSION
4144,TWSE,2019-09-09,PROCESSED_PRE_V3_UNKNOWN,29.75,29.95,29.6,29.95,125065.0,A_TRADING_CALENDAR_MISSING_LEGAL_SESSION,ADD_VERIFIED_OFFICIAL_SESSION
4148,TWSE,2026-07-10,PROCESSED_PRE_V3_UNKNOWN,30.0,30.0,30.0,30.0,0.0,C_PROVIDER_SYNTHETIC_NONTRADING_BAR,REMOVE_CONFIRMED_ERROR
4155,TWSE,2026-07-10,PROCESSED_PRE_V3_UNKNOWN,15.600000381469727,15.600000381469727,15.600000381469727,15.600000381469727,0.0,C_PROVIDER_SYNTHETIC_NONTRADING_BAR,REMOVE_CONFIRMED_ERROR
4164,TWSE,2026-07-10,PROCESSED_PRE_V3_UNKNOWN,29.0,29.0,29.0,29.0,0.0,C_PROVIDER_SYNTHETIC_NONTRADING_BAR,REMOVE_CONFIRMED_ERROR
4169,TWSE,2026-07-10,PROCESSED_PRE_V3_UNKNOWN,270.0,270.0,270.0,270.0,0.0,C_PROVIDER_SYNTHETIC_NONTRADING_BAR,REMOVE_CONFIRMED_ERROR
4178,TWSE,2026-07-10,PROCESSED_PRE_V3_UNKNOWN,19.0,19.0,19.0,19.0,0.0,C_PROVIDER_SYNTHETIC_NONTRADING_BAR,REMOVE_CONFIRMED_ERROR
4190,TWSE,2026-07-10,PROCESSED_PRE_V3_UNKNOWN,25.799999237060547,25.799999237060547,25.799999237060547,25.799999237060547,0.0,C_PROVIDER_SYNTHETIC_NONTRADING_BAR,REMOVE_CONFIRMED_ERROR
4195,TWSE,2026-07-10,PROCESSED_PRE_V3_UNKNOWN,17.850000381469727,17.850000381469727,17.850000381469727,17.850000381469727,0.0,C_PROVIDER_SYNTHETIC_NONTRADING_BAR,REMOVE_CONFIRMED_ERROR
4306,TWSE,2026-07-10,PROCESSED_PRE_V3_UNKNOWN,15.5,15.5,15.5,15.5,0.0,C_PROVIDER_SYNTHETIC_NONTRADING_BAR,REMOVE_CONFIRMED_ERROR
4414,TWSE,2026-07-10,PROCESSED_PRE_V3_UNKNOWN,8.729999542236328,8.729999542236328,8.729999542236328,8.729999542236328,0.0,C_PROVIDER_SYNTHETIC_NONTRADING_BAR,REMOVE_CONFIRMED_ERROR
4426,TWSE,2026-07-10,PROCESSED_PRE_V3_UNKNOWN,8.260000228881836,8.260000228881836,8.260000228881836,8.260000228881836,0.0,C_PROVIDER_SYNTHETIC_NONTRADING_BAR,REMOVE_CONFIRMED_ERROR
4438,TWSE,2026-07-10,PROCESSED_PRE_V3_UNKNOWN,61.5,61.5,61.5,61.5,0.0,C_PROVIDER_SYNTHETIC_NONTRADING_BAR,REMOVE_CONFIRMED_ERROR
4439,TWSE,2026-07-10,PROCESSED_PRE_V3_UNKNOWN,101.0,101.0,101.0,101.0,0.0,C_PROVIDER_SYNTHETIC_NONTRADING_BAR,REMOVE_CONFIRMED_ERROR
4440,TWSE,2026-07-10,PROCESSED_PRE_V3_UNKNOWN,18.049999237060547,18.049999237060547,18.049999237060547,18.049999237060547,0.0,C_PROVIDER_SYNTHETIC_NONTRADING_BAR,REMOVE_CONFIRMED_ERROR
4441,TWSE,2026-07-10,PROCESSED_PRE_V3_UNKNOWN,190.0,190.0,190.0,190.0,0.0,C_PROVIDER_SYNTHETIC_NONTRADING_BAR,REMOVE_CONFIRMED_ERROR
4526,TWSE,2018-03-31,PROCESSED_PRE_V3_UNKNOWN,19.55,19.6,19.5,19.55,83519.0,A_TRADING_CALENDAR_MISSING_LEGAL_SESSION,ADD_VERIFIED_OFFICIAL_SESSION
4526,TWSE,2018-12-22,PROCESSED_PRE_V3_UNKNOWN,17.7,17.7,17.5,17.6,82000.0,A_TRADING_CALENDAR_MISSING_LEGAL_SESSION,ADD_VERIFIED_OFFICIAL_SESSION
4526,TWSE,2019-09-09,PROCESSED_PRE_V3_UNKNOWN,17.15,17.15,17.0,17.05,67686.0,A_TRADING_CALENDAR_MISSING_LEGAL_SESSION,ADD_VERIFIED_OFFICIAL_SESSION
4526,TWSE,2021-04-06,PROCESSED_PRE_V3_UNKNOWN,15.45,15.5,15.3,15.4,489814.0,A_TRADING_CALENDAR_MISSING_LEGAL_SESSION,ADD_VERIFIED_OFFICIAL_SESSION
4526,TWSE,2026-08-20,PROCESSED_PRE_V3_UNKNOWN,30.1,30.45,29.7,29.9,752883.0,A_TRADING_CALENDAR_MISSING_LEGAL_SESSION,ADD_VERIFIED_OFFICIAL_SESSION
4532,TWSE,2026-07-10,PROCESSED_PRE_V3_UNKNOWN,26.049999237060547,26.049999237060547,26.049999237060547,26.049999237060547,0.0,C_PROVIDER_SYNTHETIC_NONTRADING_BAR,REMOVE_CONFIRMED_ERROR
4536,TWSE,2026-07-10,PROCESSED_PRE_V3_UNKNOWN,171.5,171.5,171.5,171.5,0.0,C_PROVIDER_SYNTHETIC_NONTRADING_BAR,REMOVE_CONFIRMED_ERROR
4540,TWSE,2026-07-10,PROCESSED_PRE_V3_UNKNOWN,59.29999923706055,59.29999923706055,59.29999923706055,59.29999923706055,0.0,C_PROVIDER_SYNTHETIC_NONTRADING_BAR,REMOVE_CONFIRMED_ERROR
4545,TWSE,2026-07-10,PROCESSED_PRE_V3_UNKNOWN,38.29999923706055,38.29999923706055,38.29999923706055,38.29999923706055,0.0,C_PROVIDER_SYNTHETIC_NONTRADING_BAR,REMOVE_CONFIRMED_ERROR
4551,TWSE,2026-07-10,PROCESSED_PRE_V3_UNKNOWN,229.5,229.5,229.5,229.5,0.0,C_PROVIDER_SYNTHETIC_NONTRADING_BAR,REMOVE_CONFIRMED_ERROR
4552,TWSE,2026-07-10,PROCESSED_PRE_V3_UNKNOWN,19.649999618530273,19.649999618530273,19.649999618530273,19.649999618530273,0.0,C_PROVIDER_SYNTHETIC_NONTRADING_BAR,REMOVE_CONFIRMED_ERROR
4555,TWSE,2026-07-10,PROCESSED_PRE_V3_UNKNOWN,48.70000076293945,48.70000076293945,48.70000076293945,48.70000076293945,0.0,C_PROVIDER_SYNTHETIC_NONTRADING_BAR,REMOVE_CONFIRMED_ERROR
4557,TWSE,2026-07-10,PROCESSED_PRE_V3_UNKNOWN,49.599998474121094,49.599998474121094,49.599998474121094,49.599998474121094,0.0,C_PROVIDER_SYNTHETIC_NONTRADING_BAR,REMOVE_CONFIRMED_ERROR
4560,TWSE,2026-07-10,PROCESSED_PRE_V3_UNKNOWN,34.29999923706055,34.29999923706055,34.29999923706055,34.29999923706055,0.0,C_PROVIDER_SYNTHETIC_NONTRADING_BAR,REMOVE_CONFIRMED_ERROR
4562,TWSE,2026-07-10,PROCESSED_PRE_V3_UNKNOWN,34.0,34.0,34.0,34.0,0.0,C_PROVIDER_SYNTHETIC_NONTRADING_BAR,REMOVE_CONFIRMED_ERROR
4564,TWSE,2026-07-10,PROCESSED_PRE_V3_UNKNOWN,19.299999237060547,19.299999237060547,19.299999237060547,19.299999237060547,0.0,C_PROVIDER_SYNTHETIC_NONTRADING_BAR,REMOVE_CONFIRMED_ERROR
4566,TWSE,2026-07-10,PROCESSED_PRE_V3_UNKNOWN,62.099998474121094,62.099998474121094,62.099998474121094,62.099998474121094,0.0,C_PROVIDER_SYNTHETIC_NONTRADING_BAR,REMOVE_CONFIRMED_ERROR
4569,TWSE,2026-07-10,PROCESSED_PRE_V3_UNKNOWN,168.0,168.0,168.0,168.0,0.0,C_PROVIDER_SYNTHETIC_NONTRADING_BAR,REMOVE_CONFIRMED_ERROR
4571,TWSE,2026-07-10,PROCESSED_PRE_V3_UNKNOWN,165.5,165.5,165.5,165.5,0.0,C_PROVIDER_SYNTHETIC_NONTRADING_BAR,REMOVE_CONFIRMED_ERROR
4572,TWSE,2026-07-10,PROCESSED_PRE_V3_UNKNOWN,147.5,147.5,147.5,147.5,0.0,C_PROVIDER_SYNTHETIC_NONTRADING_BAR,REMOVE_CONFIRMED_ERROR
4576,TWSE,2026-07-10,PROCESSED_PRE_V3_UNKNOWN,218.0,218.0,218.0,218.0,0.0,C_PROVIDER_SYNTHETIC_NONTRADING_BAR,REMOVE_CONFIRMED_ERROR
4581,TWSE,2026-07-10,PROCESSED_PRE_V3_UNKNOWN,50.5,50.5,50.5,50.5,0.0,C_PROVIDER_SYNTHETIC_NONTRADING_BAR,REMOVE_CONFIRMED_ERROR
4582,TWSE,2026-07-10,PROCESSED_PRE_V3_UNKNOWN,26.299999237060547,26.299999237060547,26.299999237060547,26.299999237060547,0.0,C_PROVIDER_SYNTHETIC_NONTRADING_BAR,REMOVE_CONFIRMED_ERROR
4583,TWSE,2026-07-10,PROCESSED_PRE_V3_UNKNOWN,606.0,606.0,606.0,606.0,0.0,C_PROVIDER_SYNTHETIC_NONTRADING_BAR,REMOVE_CONFIRMED_ERROR
4585,TWSE,2026-07-10,PROCESSED_PRE_V3_UNKNOWN,318.0,318.0,318.0,318.0,0.0,C_PROVIDER_SYNTHETIC_NONTRADING_BAR,REMOVE_CONFIRMED_ERROR
4588,TWSE,2026-07-10,PROCESSED_PRE_V3_UNKNOWN,57.5,57.5,57.5,57.5,0.0,C_PROVIDER_SYNTHETIC_NONTRADING_BAR,REMOVE_CONFIRMED_ERROR
4590,TWSE,2026-07-10,PROCESSED_PRE_V3_UNKNOWN,90.4000015258789,90.4000015258789,90.4000015258789,90.4000015258789,0.0,C_PROVIDER_SYNTHETIC_NONTRADING_BAR,REMOVE_CONFIRMED_ERROR
4720,TWSE,2026-07-10,PROCESSED_PRE_V3_UNKNOWN,23.549999237060547,23.549999237060547,23.549999237060547,23.549999237060547,0.0,C_PROVIDER_SYNTHETIC_NONTRADING_BAR,REMOVE_CONFIRMED_ERROR
4722,TWSE,2026-07-10,PROCESSED_PRE_V3_UNKNOWN,256.5,256.5,256.5,256.5,0.0,C_PROVIDER_SYNTHETIC_NONTRADING_BAR,REMOVE_CONFIRMED_ERROR
4725,TWSE,2018-03-31,PROCESSED_PRE_V3_UNKNOWN,22.6,22.6,22.0,22.15,1326100.0,A_TRADING_CALENDAR_MISSING_LEGAL_SESSION,ADD_VERIFIED_OFFICIAL_SESSION
4725,TWSE,2018-12-22,PROCESSED_PRE_V3_UNKNOWN,22.75,23.2,22.35,22.65,805000.0,A_TRADING_CALENDAR_MISSING_LEGAL_SESSION,ADD_VERIFIED_OFFICIAL_SESSION
4725,TWSE,2019-09-09,PROCESSED_PRE_V3_UNKNOWN,17.65,17.8,17.6,17.65,188000.0,A_TRADING_CALENDAR_MISSING_LEGAL_SESSION,ADD_VERIFIED_OFFICIAL_SESSION
4737,TWSE,2026-07-10,PROCESSED_PRE_V3_UNKNOWN,57.900001525878906,57.900001525878906,57.900001525878906,57.900001525878906,0.0,C_PROVIDER_SYNTHETIC_NONTRADING_BAR,REMOVE_CONFIRMED_ERROR
4739,TWSE,2026-07-10,PROCESSED_PRE_V3_UNKNOWN,99.0,99.0,99.0,99.0,0.0,C_PROVIDER_SYNTHETIC_NONTRADING_BAR,REMOVE_CONFIRMED_ERROR
4746,TWSE,2026-07-10,PROCESSED_PRE_V3_UNKNOWN,54.79999923706055,54.79999923706055,54.79999923706055,54.79999923706055,0.0,C_PROVIDER_SYNTHETIC_NONTRADING_BAR,REMOVE_CONFIRMED_ERROR
4755,TWSE,2026-07-10,PROCESSED_PRE_V3_UNKNOWN,131.5,131.5,131.5,131.5,0.0,C_PROVIDER_SYNTHETIC_NONTRADING_BAR,REMOVE_CONFIRMED_ERROR
4763,TWSE,2026-07-10,PROCESSED_PRE_V3_UNKNOWN,47.599998474121094,47.599998474121094,47.599998474121094,47.599998474121094,0.0,C_PROVIDER_SYNTHETIC_NONTRADING_BAR,REMOVE_CONFIRMED_ERROR
4764,TWSE,2026-07-10,PROCESSED_PRE_V3_UNKNOWN,336.0,336.0,336.0,336.0,0.0,C_PROVIDER_SYNTHETIC_NONTRADING_BAR,REMOVE_CONFIRMED_ERROR
4766,TWSE,2026-07-10,PROCESSED_PRE_V3_UNKNOWN,339.5,339.5,339.5,339.5,0.0,C_PROVIDER_SYNTHETIC_NONTRADING_BAR,REMOVE_CONFIRMED_ERROR
4770,TWSE,2026-07-10,PROCESSED_PRE_V3_UNKNOWN,217.5,217.5,217.5,217.5,0.0,C_PROVIDER_SYNTHETIC_NONTRADING_BAR,REMOVE_CONFIRMED_ERROR
4771,TWSE,2026-07-10,PROCESSED_PRE_V3_UNKNOWN,213.0,213.0,213.0,213.0,0.0,C_PROVIDER_SYNTHETIC_NONTRADING_BAR,REMOVE_CONFIRMED_ERROR
4807,TWSE,2026-07-10,PROCESSED_PRE_V3_UNKNOWN,37.650001525878906,37.650001525878906,37.650001525878906,37.650001525878906,0.0,C_PROVIDER_SYNTHETIC_NONTRADING_BAR,REMOVE_CONFIRMED_ERROR
4904,TWSE,2026-07-10,PROCESSED_PRE_V3_UNKNOWN,95.0,95.0,95.0,95.0,0.0,C_PROVIDER_SYNTHETIC_NONTRADING_BAR,REMOVE_CONFIRMED_ERROR
4906,TWSE,2026-07-10,PROCESSED_PRE_V3_UNKNOWN,39.900001525878906,39.900001525878906,39.900001525878906,39.900001525878906,0.0,C_PROVIDER_SYNTHETIC_NONTRADING_BAR,REMOVE_CONFIRMED_ERROR
4912,TWSE,2026-07-10,PROCESSED_PRE_V3_UNKNOWN,86.5,86.5,86.5,86.5,0.0,C_PROVIDER_SYNTHETIC_NONTRADING_BAR,REMOVE_CONFIRMED_ERROR
4915,TWSE,2026-07-10,PROCESSED_PRE_V3_UNKNOWN,68.80000305175781,68.80000305175781,68.80000305175781,68.80000305175781,0.0,C_PROVIDER_SYNTHETIC_NONTRADING_BAR,REMOVE_CONFIRMED_ERROR
4916,TWSE,2026-07-10,PROCESSED_PRE_V3_UNKNOWN,108.0,108.0,108.0,108.0,0.0,C_PROVIDER_SYNTHETIC_NONTRADING_BAR,REMOVE_CONFIRMED_ERROR
4919,TWSE,2026-07-10,PROCESSED_PRE_V3_UNKNOWN,162.5,162.5,162.5,162.5,0.0,C_PROVIDER_SYNTHETIC_NONTRADING_BAR,REMOVE_CONFIRMED_ERROR
4927,TWSE,2026-07-10,PROCESSED_PRE_V3_UNKNOWN,40.849998474121094,40.849998474121094,40.849998474121094,40.849998474121094,0.0,C_PROVIDER_SYNTHETIC_NONTRADING_BAR,REMOVE_CONFIRMED_ERROR
4930,TWSE,2026-07-10,PROCESSED_PRE_V3_UNKNOWN,16.899999618530273,16.899999618530273,16.899999618530273,16.899999618530273,0.0,C_PROVIDER_SYNTHETIC_NONTRADING_BAR,REMOVE_CONFIRMED_ERROR
4934,TWSE,2026-07-10,PROCESSED_PRE_V3_UNKNOWN,17.25,17.25,17.25,17.25,0.0,C_PROVIDER_SYNTHETIC_NONTRADING_BAR,REMOVE_CONFIRMED_ERROR
4935,TWSE,2026-07-10,PROCESSED_PRE_V3_UNKNOWN,36.150001525878906,36.150001525878906,36.150001525878906,36.150001525878906,0.0,C_PROVIDER_SYNTHETIC_NONTRADING_BAR,REMOVE_CONFIRMED_ERROR
4938,TWSE,2026-07-10,PROCESSED_PRE_V3_UNKNOWN,82.69999694824219,82.69999694824219,82.69999694824219,82.69999694824219,0.0,C_PROVIDER_SYNTHETIC_NONTRADING_BAR,REMOVE_CONFIRMED_ERROR
4942,TWSE,2026-07-10,PROCESSED_PRE_V3_UNKNOWN,37.29999923706055,37.29999923706055,37.29999923706055,37.29999923706055,0.0,C_PROVIDER_SYNTHETIC_NONTRADING_BAR,REMOVE_CONFIRMED_ERROR
4943,TWSE,2026-07-10,PROCESSED_PRE_V3_UNKNOWN,8.600000381469727,8.600000381469727,8.600000381469727,8.600000381469727,0.0,C_PROVIDER_SYNTHETIC_NONTRADING_BAR,REMOVE_CONFIRMED_ERROR
4949,TWSE,2026-07-10,PROCESSED_PRE_V3_UNKNOWN,79.0,79.0,79.0,79.0,0.0,C_PROVIDER_SYNTHETIC_NONTRADING_BAR,REMOVE_CONFIRMED_ERROR
4952,TWSE,2026-07-10,PROCESSED_PRE_V3_UNKNOWN,57.79999923706055,57.79999923706055,57.79999923706055,57.79999923706055,0.0,C_PROVIDER_SYNTHETIC_NONTRADING_BAR,REMOVE_CONFIRMED_ERROR
4956,TWSE,2026-07-10,PROCESSED_PRE_V3_UNKNOWN,36.599998474121094,36.599998474121094,36.599998474121094,36.599998474121094,0.0,C_PROVIDER_SYNTHETIC_NONTRADING_BAR,REMOVE_CONFIRMED_ERROR
4958,TWSE,2026-07-10,PROCESSED_PRE_V3_UNKNOWN,588.0,588.0,588.0,588.0,0.0,C_PROVIDER_SYNTHETIC_NONTRADING_BAR,REMOVE_CONFIRMED_ERROR
4960,TWSE,2026-07-10,PROCESSED_PRE_V3_UNKNOWN,23.649999618530273,23.649999618530273,23.649999618530273,23.649999618530273,0.0,C_PROVIDER_SYNTHETIC_NONTRADING_BAR,REMOVE_CONFIRMED_ERROR
4961,TWSE,2026-07-10,PROCESSED_PRE_V3_UNKNOWN,176.0,176.0,176.0,176.0,0.0,C_PROVIDER_SYNTHETIC_NONTRADING_BAR,REMOVE_CONFIRMED_ERROR
4967,TWSE,2026-07-10,PROCESSED_PRE_V3_UNKNOWN,233.0,233.0,233.0,233.0,0.0,C_PROVIDER_SYNTHETIC_NONTRADING_BAR,REMOVE_CONFIRMED_ERROR
4968,TWSE,2026-07-10,PROCESSED_PRE_V3_UNKNOWN,111.5,111.5,111.5,111.5,0.0,C_PROVIDER_SYNTHETIC_NONTRADING_BAR,REMOVE_CONFIRMED_ERROR
4976,TWSE,2026-07-10,PROCESSED_PRE_V3_UNKNOWN,38.29999923706055,38.29999923706055,38.29999923706055,38.29999923706055,0.0,C_PROVIDER_SYNTHETIC_NONTRADING_BAR,REMOVE_CONFIRMED_ERROR
4977,TWSE,2026-07-10,PROCESSED_PRE_V3_UNKNOWN,152.5,152.5,152.5,152.5,0.0,C_PROVIDER_SYNTHETIC_NONTRADING_BAR,REMOVE_CONFIRMED_ERROR
4984,TWSE,2018-03-31,PROCESSED_PRE_V3_UNKNOWN,50.1,50.2,49.95,50.0,7066033.0,A_TRADING_CALENDAR_MISSING_LEGAL_SESSION,ADD_VERIFIED_OFFICIAL_SESSION
4989,TWSE,2026-07-10,PROCESSED_PRE_V3_UNKNOWN,91.80000305175781,91.80000305175781,91.80000305175781,91.80000305175781,0.0,C_PROVIDER_SYNTHETIC_NONTRADING_BAR,REMOVE_CONFIRMED_ERROR
4994,TWSE,2026-07-10,PROCESSED_PRE_V3_UNKNOWN,91.0,91.0,91.0,91.0,0.0,C_PROVIDER_SYNTHETIC_NONTRADING_BAR,REMOVE_CONFIRMED_ERROR
4999,TWSE,2026-07-10,PROCESSED_PRE_V3_UNKNOWN,20.049999237060547,20.049999237060547,20.049999237060547,20.049999237060547,0.0,C_PROVIDER_SYNTHETIC_NONTRADING_BAR,REMOVE_CONFIRMED_ERROR
5007,TWSE,2018-03-31,PROCESSED_PRE_V3_UNKNOWN,58.9,59.0,57.9,59.0,332080.0,A_TRADING_CALENDAR_MISSING_LEGAL_SESSION,ADD_VERIFIED_OFFICIAL_SESSION
5007,TWSE,2018-12-22,PROCESSED_PRE_V3_UNKNOWN,50.2,50.7,50.0,50.4,30000.0,A_TRADING_CALENDAR_MISSING_LEGAL_SESSION,ADD_VERIFIED_OFFICIAL_SESSION
5007,TWSE,2019-09-09,PROCESSED_PRE_V3_UNKNOWN,52.3,52.3,52.0,52.0,98413.0,A_TRADING_CALENDAR_MISSING_LEGAL_SESSION,ADD_VERIFIED_OFFICIAL_SESSION
5007,TWSE,2021-04-06,PROCESSED_PRE_V3_UNKNOWN,61.5,61.8,61.4,61.8,135260.0,A_TRADING_CALENDAR_MISSING_LEGAL_SESSION,ADD_VERIFIED_OFFICIAL_SESSION
5007,TWSE,2026-08-20,PROCESSED_PRE_V3_UNKNOWN,55.7,56.3,55.7,56.3,12001.0,A_TRADING_CALENDAR_MISSING_LEGAL_SESSION,ADD_VERIFIED_OFFICIAL_SESSION
5203,TWSE,2026-07-10,PROCESSED_PRE_V3_UNKNOWN,68.19999694824219,68.19999694824219,68.19999694824219,68.19999694824219,0.0,C_PROVIDER_SYNTHETIC_NONTRADING_BAR,REMOVE_CONFIRMED_ERROR
5215,TWSE,2026-07-10,PROCESSED_PRE_V3_UNKNOWN,42.04999923706055,42.04999923706055,42.04999923706055,42.04999923706055,0.0,C_PROVIDER_SYNTHETIC_NONTRADING_BAR,REMOVE_CONFIRMED_ERROR
5222,TWSE,2026-07-10,PROCESSED_PRE_V3_UNKNOWN,111.82157135009766,111.82157135009766,111.82157135009766,111.82157135009766,0.0,C_PROVIDER_SYNTHETIC_NONTRADING_BAR,REMOVE_CONFIRMED_ERROR
5225,TWSE,2026-07-10,PROCESSED_PRE_V3_UNKNOWN,73.9000015258789,73.9000015258789,73.9000015258789,73.9000015258789,0.0,C_PROVIDER_SYNTHETIC_NONTRADING_BAR,REMOVE_CONFIRMED_ERROR
5234,TWSE,2026-07-10,PROCESSED_PRE_V3_UNKNOWN,380.5,380.5,380.5,380.5,0.0,C_PROVIDER_SYNTHETIC_NONTRADING_BAR,REMOVE_CONFIRMED_ERROR
5243,TWSE,2026-07-10,PROCESSED_PRE_V3_UNKNOWN,97.80000305175781,97.80000305175781,97.80000305175781,97.80000305175781,0.0,C_PROVIDER_SYNTHETIC_NONTRADING_BAR,REMOVE_CONFIRMED_ERROR
5244,TWSE,2026-07-10,PROCESSED_PRE_V3_UNKNOWN,34.099998474121094,34.099998474121094,34.099998474121094,34.099998474121094,0.0,C_PROVIDER_SYNTHETIC_NONTRADING_BAR,REMOVE_CONFIRMED_ERROR
5258,TWSE,2026-07-10,PROCESSED_PRE_V3_UNKNOWN,52.79999923706055,52.79999923706055,52.79999923706055,52.79999923706055,0.0,C_PROVIDER_SYNTHETIC_NONTRADING_BAR,REMOVE_CONFIRMED_ERROR
5259,TWSE,2018-03-31,PROCESSED_PRE_V3_UNKNOWN,9.56,10.0,9.56,10.0,8191.0,A_TRADING_CALENDAR_MISSING_LEGAL_SESSION,ADD_VERIFIED_OFFICIAL_SESSION
5259,TWSE,2018-12-22,PROCESSED_PRE_V3_UNKNOWN,10.0,10.0,9.9,9.9,66190.0,A_TRADING_CALENDAR_MISSING_LEGAL_SESSION,ADD_VERIFIED_OFFICIAL_SESSION
5264,TWSE,2018-03-31,PROCESSED_PRE_V3_UNKNOWN,87.0,87.0,86.1,86.2,544529.0,A_TRADING_CALENDAR_MISSING_LEGAL_SESSION,ADD_VERIFIED_OFFICIAL_SESSION
5264,TWSE,2018-12-22,PROCESSED_PRE_V3_UNKNOWN,37.0,38.95,37.0,38.25,2280190.0,A_TRADING_CALENDAR_MISSING_LEGAL_SESSION,ADD_VERIFIED_OFFICIAL_SESSION
5264,TWSE,2019-09-09,PROCESSED_PRE_V3_UNKNOWN,53.0,53.0,51.5,51.8,1271375.0,A_TRADING_CALENDAR_MISSING_LEGAL_SESSION,ADD_VERIFIED_OFFICIAL_SESSION
5269,TWSE,2026-07-10,PROCESSED_PRE_V3_UNKNOWN,1480.0,1480.0,1480.0,1480.0,0.0,C_PROVIDER_SYNTHETIC_NONTRADING_BAR,REMOVE_CONFIRMED_ERROR
5283,TWSE,2026-07-10,PROCESSED_PRE_V3_UNKNOWN,53.0,53.0,53.0,53.0,0.0,C_PROVIDER_SYNTHETIC_NONTRADING_BAR,REMOVE_CONFIRMED_ERROR
5284,TWSE,2026-07-10,PROCESSED_PRE_V3_UNKNOWN,330.0,330.0,330.0,330.0,0.0,C_PROVIDER_SYNTHETIC_NONTRADING_BAR,REMOVE_CONFIRMED_ERROR
5285,TWSE,2026-07-10,PROCESSED_PRE_V3_UNKNOWN,96.0,96.0,96.0,96.0,0.0,C_PROVIDER_SYNTHETIC_NONTRADING_BAR,REMOVE_CONFIRMED_ERROR
5288,TWSE,2026-07-10,PROCESSED_PRE_V3_UNKNOWN,190.0,190.0,190.0,190.0,0.0,C_PROVIDER_SYNTHETIC_NONTRADING_BAR,REMOVE_CONFIRMED_ERROR
5292,TWSE,2026-07-10,PROCESSED_PRE_V3_UNKNOWN,192.5,192.5,192.5,192.5,0.0,C_PROVIDER_SYNTHETIC_NONTRADING_BAR,REMOVE_CONFIRMED_ERROR
5305,TWSE,2018-03-31,PROCESSED_PRE_V3_UNKNOWN,41.7,41.9,40.5,40.5,3217473.0,A_TRADING_CALENDAR_MISSING_LEGAL_SESSION,ADD_VERIFIED_OFFICIAL_SESSION
5305,TWSE,2018-12-22,PROCESSED_PRE_V3_UNKNOWN,26.35,26.8,26.25,26.6,149010.0,A_TRADING_CALENDAR_MISSING_LEGAL_SESSION,ADD_VERIFIED_OFFICIAL_SESSION
5305,TWSE,2019-09-09,PROCESSED_PRE_V3_UNKNOWN,41.05,41.1,41.0,41.1,779406.0,A_TRADING_CALENDAR_MISSING_LEGAL_SESSION,ADD_VERIFIED_OFFICIAL_SESSION
5388,TWSE,2018-03-31,PROCESSED_PRE_V3_UNKNOWN,80.2,82.4,80.1,82.1,1011406.0,A_TRADING_CALENDAR_MISSING_LEGAL_SESSION,ADD_VERIFIED_OFFICIAL_SESSION
5388,TWSE,2018-12-22,PROCESSED_PRE_V3_UNKNOWN,61.4,62.3,61.3,61.9,858401.0,A_TRADING_CALENDAR_MISSING_LEGAL_SESSION,ADD_VERIFIED_OFFICIAL_SESSION
5388,TWSE,2019-09-09,PROCESSED_PRE_V3_UNKNOWN,80.5,80.5,76.6,77.2,10058565.0,A_TRADING_CALENDAR_MISSING_LEGAL_SESSION,ADD_VERIFIED_OFFICIAL_SESSION
5388,TWSE,2021-04-06,PROCESSED_PRE_V3_UNKNOWN,76.2,76.3,75.1,75.7,3878958.0,A_TRADING_CALENDAR_MISSING_LEGAL_SESSION,ADD_VERIFIED_OFFICIAL_SESSION
5388,TWSE,2026-08-20,PROCESSED_PRE_V3_UNKNOWN,79.4,79.4,77.3,77.6,4463556.0,A_TRADING_CALENDAR_MISSING_LEGAL_SESSION,ADD_VERIFIED_OFFICIAL_SESSION
5434,TWSE,2026-07-10,PROCESSED_PRE_V3_UNKNOWN,509.0,509.0,509.0,509.0,0.0,C_PROVIDER_SYNTHETIC_NONTRADING_BAR,REMOVE_CONFIRMED_ERROR
5469,TWSE,2026-07-10,PROCESSED_PRE_V3_UNKNOWN,80.5999984741211,80.5999984741211,80.5999984741211,80.5999984741211,0.0,C_PROVIDER_SYNTHETIC_NONTRADING_BAR,REMOVE_CONFIRMED_ERROR
5471,TWSE,2026-07-10,PROCESSED_PRE_V3_UNKNOWN,67.5999984741211,67.5999984741211,67.5999984741211,67.5999984741211,0.0,C_PROVIDER_SYNTHETIC_NONTRADING_BAR,REMOVE_CONFIRMED_ERROR
5484,TWSE,2026-07-10,PROCESSED_PRE_V3_UNKNOWN,49.29999923706055,49.29999923706055,49.29999923706055,49.29999923706055,0.0,C_PROVIDER_SYNTHETIC_NONTRADING_BAR,REMOVE_CONFIRMED_ERROR
5515,TWSE,2026-07-10,PROCESSED_PRE_V3_UNKNOWN,41.20000076293945,41.20000076293945,41.20000076293945,41.20000076293945,0.0,C_PROVIDER_SYNTHETIC_NONTRADING_BAR,REMOVE_CONFIRMED_ERROR
5519,TWSE,2026-07-10,PROCESSED_PRE_V3_UNKNOWN,32.80952453613281,32.80952453613281,32.80952453613281,32.80952453613281,0.0,C_PROVIDER_SYNTHETIC_NONTRADING_BAR,REMOVE_CONFIRMED_ERROR
5521,TWSE,2026-07-10,PROCESSED_PRE_V3_UNKNOWN,10.600000381469727,10.600000381469727,10.600000381469727,10.600000381469727,0.0,C_PROVIDER_SYNTHETIC_NONTRADING_BAR,REMOVE_CONFIRMED_ERROR
5522,TWSE,2026-07-10,PROCESSED_PRE_V3_UNKNOWN,64.69999694824219,64.69999694824219,64.69999694824219,64.69999694824219,0.0,C_PROVIDER_SYNTHETIC_NONTRADING_BAR,REMOVE_CONFIRMED_ERROR
5525,TWSE,2026-07-10,PROCESSED_PRE_V3_UNKNOWN,21.850000381469727,21.850000381469727,21.850000381469727,21.850000381469727,0.0,C_PROVIDER_SYNTHETIC_NONTRADING_BAR,REMOVE_CONFIRMED_ERROR
5531,TWSE,2026-07-10,PROCESSED_PRE_V3_UNKNOWN,7.949999809265137,7.949999809265137,7.949999809265137,7.949999809265137,0.0,C_PROVIDER_SYNTHETIC_NONTRADING_BAR,REMOVE_CONFIRMED_ERROR
5533,TWSE,2026-07-10,PROCESSED_PRE_V3_UNKNOWN,13.550000190734863,13.550000190734863,13.550000190734863,13.550000190734863,0.0,C_PROVIDER_SYNTHETIC_NONTRADING_BAR,REMOVE_CONFIRMED_ERROR
5534,TWSE,2026-07-10,PROCESSED_PRE_V3_UNKNOWN,79.19999694824219,79.19999694824219,79.19999694824219,79.19999694824219,0.0,C_PROVIDER_SYNTHETIC_NONTRADING_BAR,REMOVE_CONFIRMED_ERROR
5538,TWSE,2026-07-10,PROCESSED_PRE_V3_UNKNOWN,32.95000076293945,32.95000076293945,32.95000076293945,32.95000076293945,0.0,C_PROVIDER_SYNTHETIC_NONTRADING_BAR,REMOVE_CONFIRMED_ERROR
5546,TWSE,2021-04-06,PROCESSED_PRE_V3_UNKNOWN,81.8,81.8,80.0,81.6,459372.0,A_TRADING_CALENDAR_MISSING_LEGAL_SESSION,ADD_VERIFIED_OFFICIAL_SESSION
5546,TWSE,2026-08-20,PROCESSED_PRE_V3_UNKNOWN,13.8,13.8,13.4,13.6,47224.0,A_TRADING_CALENDAR_MISSING_LEGAL_SESSION,ADD_VERIFIED_OFFICIAL_SESSION
5607,TWSE,2026-07-10,PROCESSED_PRE_V3_UNKNOWN,51.400001525878906,51.400001525878906,51.400001525878906,51.400001525878906,0.0,C_PROVIDER_SYNTHETIC_NONTRADING_BAR,REMOVE_CONFIRMED_ERROR
5608,TWSE,2026-07-10,PROCESSED_PRE_V3_UNKNOWN,14.600000381469727,14.600000381469727,14.600000381469727,14.600000381469727,0.0,C_PROVIDER_SYNTHETIC_NONTRADING_BAR,REMOVE_CONFIRMED_ERROR
5706,TWSE,2026-07-10,PROCESSED_PRE_V3_UNKNOWN,47.20000076293945,47.20000076293945,47.20000076293945,47.20000076293945,0.0,C_PROVIDER_SYNTHETIC_NONTRADING_BAR,REMOVE_CONFIRMED_ERROR
5871,TWSE,2026-07-10,PROCESSED_PRE_V3_UNKNOWN,112.25489807128906,112.25489807128906,112.25489807128906,112.25489807128906,0.0,C_PROVIDER_SYNTHETIC_NONTRADING_BAR,REMOVE_CONFIRMED_ERROR
5876,TWSE,2026-07-10,PROCESSED_PRE_V3_UNKNOWN,42.37623596191406,42.37623596191406,42.37623596191406,42.37623596191406,0.0,C_PROVIDER_SYNTHETIC_NONTRADING_BAR,REMOVE_CONFIRMED_ERROR
5880,TWSE,2026-07-10,PROCESSED_PRE_V3_UNKNOWN,24.536584854125977,24.536584854125977,24.536584854125977,24.536584854125977,0.0,C_PROVIDER_SYNTHETIC_NONTRADING_BAR,REMOVE_CONFIRMED_ERROR
5906,TWSE,2026-07-10,PROCESSED_PRE_V3_UNKNOWN,36.79999923706055,36.79999923706055,36.79999923706055,36.79999923706055,0.0,C_PROVIDER_SYNTHETIC_NONTRADING_BAR,REMOVE_CONFIRMED_ERROR
5907,TWSE,2026-07-10,PROCESSED_PRE_V3_UNKNOWN,5.0,5.0,5.0,5.0,0.0,C_PROVIDER_SYNTHETIC_NONTRADING_BAR,REMOVE_CONFIRMED_ERROR
6005,TWSE,2026-07-10,PROCESSED_PRE_V3_UNKNOWN,32.18390655517578,32.18390655517578,32.18390655517578,32.18390655517578,0.0,C_PROVIDER_SYNTHETIC_NONTRADING_BAR,REMOVE_CONFIRMED_ERROR
6024,TWSE,2026-07-10,PROCESSED_PRE_V3_UNKNOWN,60.449859619140625,60.449859619140625,60.449859619140625,60.449859619140625,0.0,C_PROVIDER_SYNTHETIC_NONTRADING_BAR,REMOVE_CONFIRMED_ERROR
6108,TWSE,2026-07-10,PROCESSED_PRE_V3_UNKNOWN,18.600000381469727,18.600000381469727,18.600000381469727,18.600000381469727,0.0,C_PROVIDER_SYNTHETIC_NONTRADING_BAR,REMOVE_CONFIRMED_ERROR
6112,TWSE,2026-07-10,PROCESSED_PRE_V3_UNKNOWN,44.349998474121094,44.349998474121094,44.349998474121094,44.349998474121094,0.0,C_PROVIDER_SYNTHETIC_NONTRADING_BAR,REMOVE_CONFIRMED_ERROR
6115,TWSE,2026-07-10,PROCESSED_PRE_V3_UNKNOWN,46.0,46.0,46.0,46.0,0.0,C_PROVIDER_SYNTHETIC_NONTRADING_BAR,REMOVE_CONFIRMED_ERROR
6116,TWSE,2026-07-10,PROCESSED_PRE_V3_UNKNOWN,17.200000762939453,17.200000762939453,17.200000762939453,17.200000762939453,0.0,C_PROVIDER_SYNTHETIC_NONTRADING_BAR,REMOVE_CONFIRMED_ERROR
6117,TWSE,2026-07-10,PROCESSED_PRE_V3_UNKNOWN,72.4000015258789,72.4000015258789,72.4000015258789,72.4000015258789,0.0,C_PROVIDER_SYNTHETIC_NONTRADING_BAR,REMOVE_CONFIRMED_ERROR
6120,TWSE,2026-07-10,PROCESSED_PRE_V3_UNKNOWN,14.399999618530273,14.399999618530273,14.399999618530273,14.399999618530273,0.0,C_PROVIDER_SYNTHETIC_NONTRADING_BAR,REMOVE_CONFIRMED_ERROR
6128,TWSE,2026-07-10,PROCESSED_PRE_V3_UNKNOWN,20.350000381469727,20.350000381469727,20.350000381469727,20.350000381469727,0.0,C_PROVIDER_SYNTHETIC_NONTRADING_BAR,REMOVE_CONFIRMED_ERROR
6131,TWSE,2018-03-31,PROCESSED_PRE_V3_UNKNOWN,18.95,19.0,18.7,19.0,1103476.0,A_TRADING_CALENDAR_MISSING_LEGAL_SESSION,ADD_VERIFIED_OFFICIAL_SESSION
6131,TWSE,2019-09-09,PROCESSED_PRE_V3_UNKNOWN,2.38,2.6,2.38,2.6,517128.0,A_TRADING_CALENDAR_MISSING_LEGAL_SESSION,ADD_VERIFIED_OFFICIAL_SESSION
6133,TWSE,2026-07-10,PROCESSED_PRE_V3_UNKNOWN,24.649999618530273,24.649999618530273,24.649999618530273,24.649999618530273,0.0,C_PROVIDER_SYNTHETIC_NONTRADING_BAR,REMOVE_CONFIRMED_ERROR
6136,TWSE,2026-07-10,PROCESSED_PRE_V3_UNKNOWN,24.100000381469727,24.100000381469727,24.100000381469727,24.100000381469727,0.0,C_PROVIDER_SYNTHETIC_NONTRADING_BAR,REMOVE_CONFIRMED_ERROR
6139,TWSE,2026-07-10,PROCESSED_PRE_V3_UNKNOWN,875.0,875.0,875.0,875.0,0.0,C_PROVIDER_SYNTHETIC_NONTRADING_BAR,REMOVE_CONFIRMED_ERROR
6141,TWSE,2026-07-10,PROCESSED_PRE_V3_UNKNOWN,39.04999923706055,39.04999923706055,39.04999923706055,39.04999923706055,0.0,C_PROVIDER_SYNTHETIC_NONTRADING_BAR,REMOVE_CONFIRMED_ERROR
6142,TWSE,2026-07-10,PROCESSED_PRE_V3_UNKNOWN,11.25,11.25,11.25,11.25,0.0,C_PROVIDER_SYNTHETIC_NONTRADING_BAR,REMOVE_CONFIRMED_ERROR
6145,TWSE,2018-03-31,PROCESSED_PRE_V3_UNKNOWN,9.35,9.54,9.23,9.49,2586200.0,A_TRADING_CALENDAR_MISSING_LEGAL_SESSION,ADD_VERIFIED_OFFICIAL_SESSION
6152,TWSE,2026-07-10,PROCESSED_PRE_V3_UNKNOWN,13.449999809265137,13.449999809265137,13.449999809265137,13.449999809265137,0.0,C_PROVIDER_SYNTHETIC_NONTRADING_BAR,REMOVE_CONFIRMED_ERROR
6153,TWSE,2026-07-10,PROCESSED_PRE_V3_UNKNOWN,19.700000762939453,19.700000762939453,19.700000762939453,19.700000762939453,0.0,C_PROVIDER_SYNTHETIC_NONTRADING_BAR,REMOVE_CONFIRMED_ERROR
6155,TWSE,2026-07-10,PROCESSED_PRE_V3_UNKNOWN,73.19999694824219,73.19999694824219,73.19999694824219,73.19999694824219,0.0,C_PROVIDER_SYNTHETIC_NONTRADING_BAR,REMOVE_CONFIRMED_ERROR
6164,TWSE,2026-07-10,PROCESSED_PRE_V3_UNKNOWN,14.949999809265137,14.949999809265137,14.949999809265137,14.949999809265137,0.0,C_PROVIDER_SYNTHETIC_NONTRADING_BAR,REMOVE_CONFIRMED_ERROR
6165,TWSE,2026-07-10,PROCESSED_PRE_V3_UNKNOWN,50.099998474121094,50.099998474121094,50.099998474121094,50.099998474121094,0.0,C_PROVIDER_SYNTHETIC_NONTRADING_BAR,REMOVE_CONFIRMED_ERROR
6166,TWSE,2026-07-10,PROCESSED_PRE_V3_UNKNOWN,134.5,134.5,134.5,134.5,0.0,C_PROVIDER_SYNTHETIC_NONTRADING_BAR,REMOVE_CONFIRMED_ERROR
6168,TWSE,2026-07-10,PROCESSED_PRE_V3_UNKNOWN,28.850000381469727,28.850000381469727,28.850000381469727,28.850000381469727,0.0,C_PROVIDER_SYNTHETIC_NONTRADING_BAR,REMOVE_CONFIRMED_ERROR
6172,TWSE,2018-03-31,PROCESSED_PRE_V3_UNKNOWN,12.55,13.45,12.55,13.4,6000.0,A_TRADING_CALENDAR_MISSING_LEGAL_SESSION,ADD_VERIFIED_OFFICIAL_SESSION
6172,TWSE,2018-12-22,PROCESSED_PRE_V3_UNKNOWN,15.3,15.3,14.0,14.0,9000.0,A_TRADING_CALENDAR_MISSING_LEGAL_SESSION,ADD_VERIFIED_OFFICIAL_SESSION
6172,TWSE,2019-09-09,PROCESSED_PRE_V3_UNKNOWN,18.1,18.1,17.5,17.8,100813.0,A_TRADING_CALENDAR_MISSING_LEGAL_SESSION,ADD_VERIFIED_OFFICIAL_SESSION
6172,TWSE,2021-04-06,PROCESSED_PRE_V3_UNKNOWN,34.05,35.0,34.05,34.1,12312.0,A_TRADING_CALENDAR_MISSING_LEGAL_SESSION,ADD_VERIFIED_OFFICIAL_SESSION
6176,TWSE,2026-07-10,PROCESSED_PRE_V3_UNKNOWN,120.80000305175781,120.80000305175781,120.80000305175781,120.80000305175781,0.0,C_PROVIDER_SYNTHETIC_NONTRADING_BAR,REMOVE_CONFIRMED_ERROR
6177,TWSE,2026-07-10,PROCESSED_PRE_V3_UNKNOWN,45.29999923706055,45.29999923706055,45.29999923706055,45.29999923706055,0.0,C_PROVIDER_SYNTHETIC_NONTRADING_BAR,REMOVE_CONFIRMED_ERROR
6183,TWSE,2026-07-10,PROCESSED_PRE_V3_UNKNOWN,90.19999694824219,90.19999694824219,90.19999694824219,90.19999694824219,0.0,C_PROVIDER_SYNTHETIC_NONTRADING_BAR,REMOVE_CONFIRMED_ERROR
6184,TWSE,2026-07-10,PROCESSED_PRE_V3_UNKNOWN,42.95000076293945,42.95000076293945,42.95000076293945,42.95000076293945,0.0,C_PROVIDER_SYNTHETIC_NONTRADING_BAR,REMOVE_CONFIRMED_ERROR
6189,TWSE,2026-07-10,PROCESSED_PRE_V3_UNKNOWN,50.400001525878906,50.400001525878906,50.400001525878906,50.400001525878906,0.0,C_PROVIDER_SYNTHETIC_NONTRADING_BAR,REMOVE_CONFIRMED_ERROR
6191,TWSE,2026-07-10,PROCESSED_PRE_V3_UNKNOWN,101.0,101.0,101.0,101.0,0.0,C_PROVIDER_SYNTHETIC_NONTRADING_BAR,REMOVE_CONFIRMED_ERROR
6192,TWSE,2026-07-10,PROCESSED_PRE_V3_UNKNOWN,120.0,120.0,120.0,120.0,0.0,C_PROVIDER_SYNTHETIC_NONTRADING_BAR,REMOVE_CONFIRMED_ERROR
6196,TWSE,2026-07-10,PROCESSED_PRE_V3_UNKNOWN,549.0,549.0,549.0,549.0,0.0,C_PROVIDER_SYNTHETIC_NONTRADING_BAR,REMOVE_CONFIRMED_ERROR
6197,TWSE,2026-07-10,PROCESSED_PRE_V3_UNKNOWN,358.5,358.5,358.5,358.5,0.0,C_PROVIDER_SYNTHETIC_NONTRADING_BAR,REMOVE_CONFIRMED_ERROR
6201,TWSE,2026-07-10,PROCESSED_PRE_V3_UNKNOWN,48.20000076293945,48.20000076293945,48.20000076293945,48.20000076293945,0.0,C_PROVIDER_SYNTHETIC_NONTRADING_BAR,REMOVE_CONFIRMED_ERROR
6202,TWSE,2026-07-10,PROCESSED_PRE_V3_UNKNOWN,73.30000305175781,73.30000305175781,73.30000305175781,73.30000305175781,0.0,C_PROVIDER_SYNTHETIC_NONTRADING_BAR,REMOVE_CONFIRMED_ERROR
6205,TWSE,2026-07-10,PROCESSED_PRE_V3_UNKNOWN,69.5,69.5,69.5,69.5,0.0,C_PROVIDER_SYNTHETIC_NONTRADING_BAR,REMOVE_CONFIRMED_ERROR
6206,TWSE,2026-07-10,PROCESSED_PRE_V3_UNKNOWN,131.5,131.5,131.5,131.5,0.0,C_PROVIDER_SYNTHETIC_NONTRADING_BAR,REMOVE_CONFIRMED_ERROR
6209,TWSE,2026-07-10,PROCESSED_PRE_V3_UNKNOWN,80.80000305175781,80.80000305175781,80.80000305175781,80.80000305175781,0.0,C_PROVIDER_SYNTHETIC_NONTRADING_BAR,REMOVE_CONFIRMED_ERROR
6213,TWSE,2026-07-10,PROCESSED_PRE_V3_UNKNOWN,385.0,385.0,385.0,385.0,0.0,C_PROVIDER_SYNTHETIC_NONTRADING_BAR,REMOVE_CONFIRMED_ERROR
6214,TWSE,2026-07-10,PROCESSED_PRE_V3_UNKNOWN,143.5,143.5,143.5,143.5,0.0,C_PROVIDER_SYNTHETIC_NONTRADING_BAR,REMOVE_CONFIRMED_ERROR
6215,TWSE,2026-07-10,PROCESSED_PRE_V3_UNKNOWN,113.5,113.5,113.5,113.5,0.0,C_PROVIDER_SYNTHETIC_NONTRADING_BAR,REMOVE_CONFIRMED_ERROR
6216,TWSE,2026-07-10,PROCESSED_PRE_V3_UNKNOWN,23.149999618530273,23.149999618530273,23.149999618530273,23.149999618530273,0.0,C_PROVIDER_SYNTHETIC_NONTRADING_BAR,REMOVE_CONFIRMED_ERROR
6224,TWSE,2026-07-10,PROCESSED_PRE_V3_UNKNOWN,74.5,74.5,74.5,74.5,0.0,C_PROVIDER_SYNTHETIC_NONTRADING_BAR,REMOVE_CONFIRMED_ERROR
6225,TWSE,2026-07-10,PROCESSED_PRE_V3_UNKNOWN,23.299999237060547,23.299999237060547,23.299999237060547,23.299999237060547,0.0,C_PROVIDER_SYNTHETIC_NONTRADING_BAR,REMOVE_CONFIRMED_ERROR
6226,TWSE,2026-07-10,PROCESSED_PRE_V3_UNKNOWN,26.600000381469727,26.600000381469727,26.600000381469727,26.600000381469727,0.0,C_PROVIDER_SYNTHETIC_NONTRADING_BAR,REMOVE_CONFIRMED_ERROR
6230,TWSE,2026-07-10,PROCESSED_PRE_V3_UNKNOWN,124.0,124.0,124.0,124.0,0.0,C_PROVIDER_SYNTHETIC_NONTRADING_BAR,REMOVE_CONFIRMED_ERROR
6235,TWSE,2026-07-10,PROCESSED_PRE_V3_UNKNOWN,42.400001525878906,42.400001525878906,42.400001525878906,42.400001525878906,0.0,C_PROVIDER_SYNTHETIC_NONTRADING_BAR,REMOVE_CONFIRMED_ERROR
6239,TWSE,2026-07-10,PROCESSED_PRE_V3_UNKNOWN,320.0,320.0,320.0,320.0,0.0,C_PROVIDER_SYNTHETIC_NONTRADING_BAR,REMOVE_CONFIRMED_ERROR
6243,TWSE,2026-07-10,PROCESSED_PRE_V3_UNKNOWN,39.54999923706055,39.54999923706055,39.54999923706055,39.54999923706055,0.0,C_PROVIDER_SYNTHETIC_NONTRADING_BAR,REMOVE_CONFIRMED_ERROR
6251,TWSE,2018-03-31,PROCESSED_PRE_V3_UNKNOWN,9.87,10.0,9.86,9.92,324220.0,A_TRADING_CALENDAR_MISSING_LEGAL_SESSION,ADD_VERIFIED_OFFICIAL_SESSION
6251,TWSE,2018-12-22,PROCESSED_PRE_V3_UNKNOWN,9.17,9.28,9.09,9.25,163236.0,A_TRADING_CALENDAR_MISSING_LEGAL_SESSION,ADD_VERIFIED_OFFICIAL_SESSION
6251,TWSE,2019-09-09,PROCESSED_PRE_V3_UNKNOWN,13.05,13.15,12.5,12.65,7348937.0,A_TRADING_CALENDAR_MISSING_LEGAL_SESSION,ADD_VERIFIED_OFFICIAL_SESSION
6251,TWSE,2021-04-06,PROCESSED_PRE_V3_UNKNOWN,21.0,21.0,20.55,20.6,4239250.0,A_TRADING_CALENDAR_MISSING_LEGAL_SESSION,ADD_VERIFIED_OFFICIAL_SESSION
6257,TWSE,2026-07-10,PROCESSED_PRE_V3_UNKNOWN,244.5,244.5,244.5,244.5,0.0,C_PROVIDER_SYNTHETIC_NONTRADING_BAR,REMOVE_CONFIRMED_ERROR
6269,TWSE,2026-07-10,PROCESSED_PRE_V3_UNKNOWN,62.5,62.5,62.5,62.5,0.0,C_PROVIDER_SYNTHETIC_NONTRADING_BAR,REMOVE_CONFIRMED_ERROR
6271,TWSE,2026-07-10,PROCESSED_PRE_V3_UNKNOWN,252.0,252.0,252.0,252.0,0.0,C_PROVIDER_SYNTHETIC_NONTRADING_BAR,REMOVE_CONFIRMED_ERROR
6272,TWSE,2026-07-10,PROCESSED_PRE_V3_UNKNOWN,31.450000762939453,31.450000762939453,31.450000762939453,31.450000762939453,0.0,C_PROVIDER_SYNTHETIC_NONTRADING_BAR,REMOVE_CONFIRMED_ERROR
6277,TWSE,2026-07-10,PROCESSED_PRE_V3_UNKNOWN,70.69999694824219,70.69999694824219,70.69999694824219,70.69999694824219,0.0,C_PROVIDER_SYNTHETIC_NONTRADING_BAR,REMOVE_CONFIRMED_ERROR
6278,TWSE,2026-07-10,PROCESSED_PRE_V3_UNKNOWN,199.5,199.5,199.5,199.5,0.0,C_PROVIDER_SYNTHETIC_NONTRADING_BAR,REMOVE_CONFIRMED_ERROR
6281,TWSE,2026-07-10,PROCESSED_PRE_V3_UNKNOWN,52.0,52.0,52.0,52.0,0.0,C_PROVIDER_SYNTHETIC_NONTRADING_BAR,REMOVE_CONFIRMED_ERROR
6282,TWSE,2026-07-10,PROCESSED_PRE_V3_UNKNOWN,57.599998474121094,57.599998474121094,57.599998474121094,57.599998474121094,0.0,C_PROVIDER_SYNTHETIC_NONTRADING_BAR,REMOVE_CONFIRMED_ERROR
6283,TWSE,2026-07-10,PROCESSED_PRE_V3_UNKNOWN,23.200000762939453,23.200000762939453,23.200000762939453,23.200000762939453,0.0,C_PROVIDER_SYNTHETIC_NONTRADING_BAR,REMOVE_CONFIRMED_ERROR
6285,TWSE,2026-07-10,PROCESSED_PRE_V3_UNKNOWN,260.5,260.5,260.5,260.5,0.0,C_PROVIDER_SYNTHETIC_NONTRADING_BAR,REMOVE_CONFIRMED_ERROR
6288,TWSE,2018-12-22,PROCESSED_PRE_V3_UNKNOWN,17.55,18.4,17.25,18.35,1496100.0,A_TRADING_CALENDAR_MISSING_LEGAL_SESSION,ADD_VERIFIED_OFFICIAL_SESSION
6288,TWSE,2019-09-09,PROCESSED_PRE_V3_UNKNOWN,21.15,21.45,21.0,21.15,1714269.0,A_TRADING_CALENDAR_MISSING_LEGAL_SESSION,ADD_VERIFIED_OFFICIAL_SESSION
6288,TWSE,2021-04-06,PROCESSED_PRE_V3_UNKNOWN,31.15,31.4,31.05,31.1,1116742.0,A_TRADING_CALENDAR_MISSING_LEGAL_SESSION,ADD_VERIFIED_OFFICIAL_SESSION
6289,TWSE,2018-03-31,PROCESSED_PRE_V3_UNKNOWN,2.05,2.07,2.02,2.07,47549.0,A_TRADING_CALENDAR_MISSING_LEGAL_SESSION,ADD_VERIFIED_OFFICIAL_SESSION
6289,TWSE,2018-12-22,PROCESSED_PRE_V3_UNKNOWN,1.1,1.11,1.1,1.11,99462.0,A_TRADING_CALENDAR_MISSING_LEGAL_SESSION,ADD_VERIFIED_OFFICIAL_SESSION
6289,TWSE,2019-09-09,PROCESSED_PRE_V3_UNKNOWN,0.53,0.57,0.53,0.57,227022.0,A_TRADING_CALENDAR_MISSING_LEGAL_SESSION,ADD_VERIFIED_OFFICIAL_SESSION
6289,TWSE,2021-04-06,PROCESSED_PRE_V3_UNKNOWN,2.9,2.94,2.89,2.94,82363.0,A_TRADING_CALENDAR_MISSING_LEGAL_SESSION,ADD_VERIFIED_OFFICIAL_SESSION
6405,TWSE,2026-07-10,PROCESSED_PRE_V3_UNKNOWN,55.70000076293945,55.70000076293945,55.70000076293945,55.70000076293945,0.0,C_PROVIDER_SYNTHETIC_NONTRADING_BAR,REMOVE_CONFIRMED_ERROR
6409,TWSE,2026-07-10,PROCESSED_PRE_V3_UNKNOWN,1105.0,1105.0,1105.0,1105.0,0.0,C_PROVIDER_SYNTHETIC_NONTRADING_BAR,REMOVE_CONFIRMED_ERROR
6412,TWSE,2026-07-10,PROCESSED_PRE_V3_UNKNOWN,88.80000305175781,88.80000305175781,88.80000305175781,88.80000305175781,0.0,C_PROVIDER_SYNTHETIC_NONTRADING_BAR,REMOVE_CONFIRMED_ERROR
6414,TWSE,2026-07-10,PROCESSED_PRE_V3_UNKNOWN,394.0,394.0,394.0,394.0,0.0,C_PROVIDER_SYNTHETIC_NONTRADING_BAR,REMOVE_CONFIRMED_ERROR
6415,TWSE,2026-07-10,PROCESSED_PRE_V3_UNKNOWN,523.0,523.0,523.0,523.0,0.0,C_PROVIDER_SYNTHETIC_NONTRADING_BAR,REMOVE_CONFIRMED_ERROR
6416,TWSE,2026-07-10,PROCESSED_PRE_V3_UNKNOWN,98.4000015258789,98.4000015258789,98.4000015258789,98.4000015258789,0.0,C_PROVIDER_SYNTHETIC_NONTRADING_BAR,REMOVE_CONFIRMED_ERROR
6422,TWSE,2018-03-31,PROCESSED_PRE_V3_UNKNOWN,64.0,64.1,63.3,64.1,187455.0,A_TRADING_CALENDAR_MISSING_LEGAL_SESSION,ADD_VERIFIED_OFFICIAL_SESSION
6431,TWSE,2026-07-10,PROCESSED_PRE_V3_UNKNOWN,18.25,18.25,18.25,18.25,0.0,C_PROVIDER_SYNTHETIC_NONTRADING_BAR,REMOVE_CONFIRMED_ERROR
6442,TWSE,2026-07-10,PROCESSED_PRE_V3_UNKNOWN,1480.0,1480.0,1480.0,1480.0,0.0,C_PROVIDER_SYNTHETIC_NONTRADING_BAR,REMOVE_CONFIRMED_ERROR
6443,TWSE,2026-07-10,PROCESSED_PRE_V3_UNKNOWN,31.25,31.25,31.25,31.25,0.0,C_PROVIDER_SYNTHETIC_NONTRADING_BAR,REMOVE_CONFIRMED_ERROR
6449,TWSE,2026-07-10,PROCESSED_PRE_V3_UNKNOWN,352.0,352.0,352.0,352.0,0.0,C_PROVIDER_SYNTHETIC_NONTRADING_BAR,REMOVE_CONFIRMED_ERROR
6451,TWSE,2026-07-10,PROCESSED_PRE_V3_UNKNOWN,518.0,518.0,518.0,518.0,0.0,C_PROVIDER_SYNTHETIC_NONTRADING_BAR,REMOVE_CONFIRMED_ERROR
6452,TWSE,2018-03-31,PROCESSED_PRE_V3_UNKNOWN,376.0,382.0,375.0,379.5,97767.0,A_TRADING_CALENDAR_MISSING_LEGAL_SESSION,ADD_VERIFIED_OFFICIAL_SESSION
6452,TWSE,2018-12-22,PROCESSED_PRE_V3_UNKNOWN,153.5,159.0,153.0,158.5,618695.0,A_TRADING_CALENDAR_MISSING_LEGAL_SESSION,ADD_VERIFIED_OFFICIAL_SESSION
6452,TWSE,2019-09-09,PROCESSED_PRE_V3_UNKNOWN,216.5,219.0,216.0,217.0,184100.0,A_TRADING_CALENDAR_MISSING_LEGAL_SESSION,ADD_VERIFIED_OFFICIAL_SESSION
6456,TWSE,2026-07-10,PROCESSED_PRE_V3_UNKNOWN,70.69999694824219,70.69999694824219,70.69999694824219,70.69999694824219,0.0,C_PROVIDER_SYNTHETIC_NONTRADING_BAR,REMOVE_CONFIRMED_ERROR
6464,TWSE,2026-07-10,PROCESSED_PRE_V3_UNKNOWN,74.61538696289062,74.61538696289062,74.61538696289062,74.61538696289062,0.0,C_PROVIDER_SYNTHETIC_NONTRADING_BAR,REMOVE_CONFIRMED_ERROR
6477,TWSE,2026-07-10,PROCESSED_PRE_V3_UNKNOWN,39.849998474121094,39.849998474121094,39.849998474121094,39.849998474121094,0.0,C_PROVIDER_SYNTHETIC_NONTRADING_BAR,REMOVE_CONFIRMED_ERROR
6491,TWSE,2026-07-10,PROCESSED_PRE_V3_UNKNOWN,375.0,375.0,375.0,375.0,0.0,C_PROVIDER_SYNTHETIC_NONTRADING_BAR,REMOVE_CONFIRMED_ERROR
6504,TWSE,2026-07-10,PROCESSED_PRE_V3_UNKNOWN,36.0,36.0,36.0,36.0,0.0,C_PROVIDER_SYNTHETIC_NONTRADING_BAR,REMOVE_CONFIRMED_ERROR
6505,TWSE,2026-07-10,PROCESSED_PRE_V3_UNKNOWN,58.79999923706055,58.79999923706055,58.79999923706055,58.79999923706055,0.0,C_PROVIDER_SYNTHETIC_NONTRADING_BAR,REMOVE_CONFIRMED_ERROR
6515,TWSE,2026-07-10,PROCESSED_PRE_V3_UNKNOWN,7765.0,7765.0,7765.0,7765.0,0.0,C_PROVIDER_SYNTHETIC_NONTRADING_BAR,REMOVE_CONFIRMED_ERROR
6525,TWSE,2026-07-10,PROCESSED_PRE_V3_UNKNOWN,199.5,199.5,199.5,199.5,0.0,C_PROVIDER_SYNTHETIC_NONTRADING_BAR,REMOVE_CONFIRMED_ERROR
6526,TWSE,2026-07-10,PROCESSED_PRE_V3_UNKNOWN,652.0,652.0,652.0,652.0,0.0,C_PROVIDER_SYNTHETIC_NONTRADING_BAR,REMOVE_CONFIRMED_ERROR
6531,TWSE,2026-07-10,PROCESSED_PRE_V3_UNKNOWN,922.0,922.0,922.0,922.0,0.0,C_PROVIDER_SYNTHETIC_NONTRADING_BAR,REMOVE_CONFIRMED_ERROR
6533,TWSE,2026-07-10,PROCESSED_PRE_V3_UNKNOWN,191.5,191.5,191.5,191.5,0.0,C_PROVIDER_SYNTHETIC_NONTRADING_BAR,REMOVE_CONFIRMED_ERROR
6534,TWSE,2026-07-10,PROCESSED_PRE_V3_UNKNOWN,93.0,93.0,93.0,93.0,0.0,C_PROVIDER_SYNTHETIC_NONTRADING_BAR,REMOVE_CONFIRMED_ERROR
6541,TWSE,2026-07-10,PROCESSED_PRE_V3_UNKNOWN,40.79999923706055,40.79999923706055,40.79999923706055,40.79999923706055,0.0,C_PROVIDER_SYNTHETIC_NONTRADING_BAR,REMOVE_CONFIRMED_ERROR
6550,TWSE,2026-07-10,PROCESSED_PRE_V3_UNKNOWN,13.0,13.0,13.0,13.0,0.0,C_PROVIDER_SYNTHETIC_NONTRADING_BAR,REMOVE_CONFIRMED_ERROR
6552,TWSE,2026-07-10,PROCESSED_PRE_V3_UNKNOWN,29.450000762939453,29.450000762939453,29.450000762939453,29.450000762939453,0.0,C_PROVIDER_SYNTHETIC_NONTRADING_BAR,REMOVE_CONFIRMED_ERROR
6558,TWSE,2026-07-10,PROCESSED_PRE_V3_UNKNOWN,29.799999237060547,29.799999237060547,29.799999237060547,29.799999237060547,0.0,C_PROVIDER_SYNTHETIC_NONTRADING_BAR,REMOVE_CONFIRMED_ERROR
6573,TWSE,2026-07-10,PROCESSED_PRE_V3_UNKNOWN,27.950000762939453,27.950000762939453,27.950000762939453,27.950000762939453,0.0,C_PROVIDER_SYNTHETIC_NONTRADING_BAR,REMOVE_CONFIRMED_ERROR
6579,TWSE,2026-07-10,PROCESSED_PRE_V3_UNKNOWN,168.0,168.0,168.0,168.0,0.0,C_PROVIDER_SYNTHETIC_NONTRADING_BAR,REMOVE_CONFIRMED_ERROR
6581,TWSE,2026-07-10,PROCESSED_PRE_V3_UNKNOWN,106.5,106.5,106.5,106.5,0.0,C_PROVIDER_SYNTHETIC_NONTRADING_BAR,REMOVE_CONFIRMED_ERROR
6582,TWSE,2026-07-10,PROCESSED_PRE_V3_UNKNOWN,32.79999923706055,32.79999923706055,32.79999923706055,32.79999923706055,0.0,C_PROVIDER_SYNTHETIC_NONTRADING_BAR,REMOVE_CONFIRMED_ERROR
6585,TWSE,2026-08-20,PROCESSED_PRE_V3_UNKNOWN,115.0,116.0,113.0,116.0,209407.0,A_TRADING_CALENDAR_MISSING_LEGAL_SESSION,ADD_VERIFIED_OFFICIAL_SESSION
6591,TWSE,2026-07-10,PROCESSED_PRE_V3_UNKNOWN,49.400001525878906,49.400001525878906,49.400001525878906,49.400001525878906,0.0,C_PROVIDER_SYNTHETIC_NONTRADING_BAR,REMOVE_CONFIRMED_ERROR
6592,TWSE,2026-07-10,PROCESSED_PRE_V3_UNKNOWN,59.400001525878906,59.400001525878906,59.400001525878906,59.400001525878906,0.0,C_PROVIDER_SYNTHETIC_NONTRADING_BAR,REMOVE_CONFIRMED_ERROR
6598,TWSE,2026-07-10,PROCESSED_PRE_V3_UNKNOWN,22.850000381469727,22.850000381469727,22.850000381469727,22.850000381469727,0.0,C_PROVIDER_SYNTHETIC_NONTRADING_BAR,REMOVE_CONFIRMED_ERROR
6605,TWSE,2026-07-10,PROCESSED_PRE_V3_UNKNOWN,126.0,126.0,126.0,126.0,0.0,C_PROVIDER_SYNTHETIC_NONTRADING_BAR,REMOVE_CONFIRMED_ERROR
6606,TWSE,2026-08-20,PROCESSED_PRE_V3_UNKNOWN,26.25,26.45,25.95,26.0,130550.0,A_TRADING_CALENDAR_MISSING_LEGAL_SESSION,ADD_VERIFIED_OFFICIAL_SESSION
6614,TWSE,2026-07-10,PROCESSED_PRE_V3_UNKNOWN,40.0,40.0,40.0,40.0,0.0,C_PROVIDER_SYNTHETIC_NONTRADING_BAR,REMOVE_CONFIRMED_ERROR
6625,TWSE,2026-07-10,PROCESSED_PRE_V3_UNKNOWN,78.9000015258789,78.9000015258789,78.9000015258789,78.9000015258789,0.0,C_PROVIDER_SYNTHETIC_NONTRADING_BAR,REMOVE_CONFIRMED_ERROR
6641,TWSE,2026-07-10,PROCESSED_PRE_V3_UNKNOWN,18.549999237060547,18.549999237060547,18.549999237060547,18.549999237060547,0.0,C_PROVIDER_SYNTHETIC_NONTRADING_BAR,REMOVE_CONFIRMED_ERROR
6645,TWSE,2026-07-10,PROCESSED_PRE_V3_UNKNOWN,15.800000190734863,15.800000190734863,15.800000190734863,15.800000190734863,0.0,C_PROVIDER_SYNTHETIC_NONTRADING_BAR,REMOVE_CONFIRMED_ERROR
6655,TWSE,2026-07-10,PROCESSED_PRE_V3_UNKNOWN,118.0,118.0,118.0,118.0,0.0,C_PROVIDER_SYNTHETIC_NONTRADING_BAR,REMOVE_CONFIRMED_ERROR
6657,TWSE,2026-07-10,PROCESSED_PRE_V3_UNKNOWN,35.29999923706055,35.29999923706055,35.29999923706055,35.29999923706055,0.0,C_PROVIDER_SYNTHETIC_NONTRADING_BAR,REMOVE_CONFIRMED_ERROR
6658,TWSE,2026-07-10,PROCESSED_PRE_V3_UNKNOWN,179.5,179.5,179.5,179.5,0.0,C_PROVIDER_SYNTHETIC_NONTRADING_BAR,REMOVE_CONFIRMED_ERROR
6666,TWSE,2026-07-10,PROCESSED_PRE_V3_UNKNOWN,44.45000076293945,44.45000076293945,44.45000076293945,44.45000076293945,0.0,C_PROVIDER_SYNTHETIC_NONTRADING_BAR,REMOVE_CONFIRMED_ERROR
6668,TWSE,2026-07-10,PROCESSED_PRE_V3_UNKNOWN,37.900001525878906,37.900001525878906,37.900001525878906,37.900001525878906,0.0,C_PROVIDER_SYNTHETIC_NONTRADING_BAR,REMOVE_CONFIRMED_ERROR
6669,TWSE,2026-07-10,PROCESSED_PRE_V3_UNKNOWN,5040.0,5040.0,5040.0,5040.0,0.0,C_PROVIDER_SYNTHETIC_NONTRADING_BAR,REMOVE_CONFIRMED_ERROR
6670,TWSE,2026-07-10,PROCESSED_PRE_V3_UNKNOWN,261.5,261.5,261.5,261.5,0.0,C_PROVIDER_SYNTHETIC_NONTRADING_BAR,REMOVE_CONFIRMED_ERROR
6671,TWSE,2026-07-10,PROCESSED_PRE_V3_UNKNOWN,24.600000381469727,24.600000381469727,24.600000381469727,24.600000381469727,0.0,C_PROVIDER_SYNTHETIC_NONTRADING_BAR,REMOVE_CONFIRMED_ERROR
6672,TWSE,2026-07-10,PROCESSED_PRE_V3_UNKNOWN,298.0,298.0,298.0,298.0,0.0,C_PROVIDER_SYNTHETIC_NONTRADING_BAR,REMOVE_CONFIRMED_ERROR
6674,TWSE,2026-07-10,PROCESSED_PRE_V3_UNKNOWN,16.799999237060547,16.799999237060547,16.799999237060547,16.799999237060547,0.0,C_PROVIDER_SYNTHETIC_NONTRADING_BAR,REMOVE_CONFIRMED_ERROR
6689,TWSE,2026-08-20,PROCESSED_PRE_V3_UNKNOWN,60.8,61.2,60.4,61.2,29646.0,A_TRADING_CALENDAR_MISSING_LEGAL_SESSION,ADD_VERIFIED_OFFICIAL_SESSION
6691,TWSE,2026-07-10,PROCESSED_PRE_V3_UNKNOWN,643.6363525390625,643.6363525390625,643.6363525390625,643.6363525390625,0.0,C_PROVIDER_SYNTHETIC_NONTRADING_BAR,REMOVE_CONFIRMED_ERROR
6695,TWSE,2026-07-10,PROCESSED_PRE_V3_UNKNOWN,53.70000076293945,53.70000076293945,53.70000076293945,53.70000076293945,0.0,C_PROVIDER_SYNTHETIC_NONTRADING_BAR,REMOVE_CONFIRMED_ERROR
6698,TWSE,2026-07-10,PROCESSED_PRE_V3_UNKNOWN,40.04999923706055,40.04999923706055,40.04999923706055,40.04999923706055,0.0,C_PROVIDER_SYNTHETIC_NONTRADING_BAR,REMOVE_CONFIRMED_ERROR
6706,TWSE,2026-07-10,PROCESSED_PRE_V3_UNKNOWN,139.0,139.0,139.0,139.0,0.0,C_PROVIDER_SYNTHETIC_NONTRADING_BAR,REMOVE_CONFIRMED_ERROR
6715,TWSE,2026-07-10,PROCESSED_PRE_V3_UNKNOWN,391.5,391.5,391.5,391.5,0.0,C_PROVIDER_SYNTHETIC_NONTRADING_BAR,REMOVE_CONFIRMED_ERROR
6719,TWSE,2026-07-10,PROCESSED_PRE_V3_UNKNOWN,266.5,266.5,266.5,266.5,0.0,C_PROVIDER_SYNTHETIC_NONTRADING_BAR,REMOVE_CONFIRMED_ERROR
6722,TWSE,2026-07-10,PROCESSED_PRE_V3_UNKNOWN,35.45000076293945,35.45000076293945,35.45000076293945,35.45000076293945,0.0,C_PROVIDER_SYNTHETIC_NONTRADING_BAR,REMOVE_CONFIRMED_ERROR
6742,TWSE,2026-07-10,PROCESSED_PRE_V3_UNKNOWN,57.0,57.0,57.0,57.0,0.0,C_PROVIDER_SYNTHETIC_NONTRADING_BAR,REMOVE_CONFIRMED_ERROR
6743,TWSE,2026-07-10,PROCESSED_PRE_V3_UNKNOWN,30.899999618530273,30.899999618530273,30.899999618530273,30.899999618530273,0.0,C_PROVIDER_SYNTHETIC_NONTRADING_BAR,REMOVE_CONFIRMED_ERROR
6753,TWSE,2026-07-10,PROCESSED_PRE_V3_UNKNOWN,148.0,148.0,148.0,148.0,0.0,C_PROVIDER_SYNTHETIC_NONTRADING_BAR,REMOVE_CONFIRMED_ERROR
6754,TWSE,2026-07-10,PROCESSED_PRE_V3_UNKNOWN,41.5,41.5,41.5,41.5,0.0,C_PROVIDER_SYNTHETIC_NONTRADING_BAR,REMOVE_CONFIRMED_ERROR
6756,TWSE,2026-07-10,PROCESSED_PRE_V3_UNKNOWN,99.69999694824219,99.69999694824219,99.69999694824219,99.69999694824219,0.0,C_PROVIDER_SYNTHETIC_NONTRADING_BAR,REMOVE_CONFIRMED_ERROR
6757,TWSE,2026-08-20,PROCESSED_PRE_V3_UNKNOWN,57.4,57.4,56.3,56.3,838844.0,A_TRADING_CALENDAR_MISSING_LEGAL_SESSION,ADD_VERIFIED_OFFICIAL_SESSION
6768,TWSE,2026-07-10,PROCESSED_PRE_V3_UNKNOWN,71.19999694824219,71.19999694824219,71.19999694824219,71.19999694824219,0.0,C_PROVIDER_SYNTHETIC_NONTRADING_BAR,REMOVE_CONFIRMED_ERROR
6770,TWSE,2026-07-10,PROCESSED_PRE_V3_UNKNOWN,71.0999984741211,71.0999984741211,71.0999984741211,71.0999984741211,0.0,C_PROVIDER_SYNTHETIC_NONTRADING_BAR,REMOVE_CONFIRMED_ERROR
6771,TWSE,2026-08-20,PROCESSED_PRE_V3_UNKNOWN,41.9,42.15,41.5,41.9,104300.0,A_TRADING_CALENDAR_MISSING_LEGAL_SESSION,ADD_VERIFIED_OFFICIAL_SESSION
6776,TWSE,2026-07-10,PROCESSED_PRE_V3_UNKNOWN,55.70000076293945,55.70000076293945,55.70000076293945,55.70000076293945,0.0,C_PROVIDER_SYNTHETIC_NONTRADING_BAR,REMOVE_CONFIRMED_ERROR
6781,TWSE,2026-07-10,PROCESSED_PRE_V3_UNKNOWN,1130.0,1130.0,1130.0,1130.0,0.0,C_PROVIDER_SYNTHETIC_NONTRADING_BAR,REMOVE_CONFIRMED_ERROR
6782,TWSE,2026-07-10,PROCESSED_PRE_V3_UNKNOWN,208.0,208.0,208.0,208.0,0.0,C_PROVIDER_SYNTHETIC_NONTRADING_BAR,REMOVE_CONFIRMED_ERROR
6789,TWSE,2026-07-10,PROCESSED_PRE_V3_UNKNOWN,515.0,515.0,515.0,515.0,0.0,C_PROVIDER_SYNTHETIC_NONTRADING_BAR,REMOVE_CONFIRMED_ERROR
6790,TWSE,2026-07-10,PROCESSED_PRE_V3_UNKNOWN,40.599998474121094,40.599998474121094,40.599998474121094,40.599998474121094,0.0,C_PROVIDER_SYNTHETIC_NONTRADING_BAR,REMOVE_CONFIRMED_ERROR
6792,TWSE,2026-08-20,PROCESSED_PRE_V3_UNKNOWN,57.6,59.5,57.5,59.0,52045.0,A_TRADING_CALENDAR_MISSING_LEGAL_SESSION,ADD_VERIFIED_OFFICIAL_SESSION
6794,TWSE,2026-07-10,PROCESSED_PRE_V3_UNKNOWN,82.4000015258789,82.4000015258789,82.4000015258789,82.4000015258789,0.0,C_PROVIDER_SYNTHETIC_NONTRADING_BAR,REMOVE_CONFIRMED_ERROR
6796,TWSE,2026-07-10,PROCESSED_PRE_V3_UNKNOWN,59.20000076293945,59.20000076293945,59.20000076293945,59.20000076293945,0.0,C_PROVIDER_SYNTHETIC_NONTRADING_BAR,REMOVE_CONFIRMED_ERROR
6799,TWSE,2026-07-10,PROCESSED_PRE_V3_UNKNOWN,98.5999984741211,98.5999984741211,98.5999984741211,98.5999984741211,0.0,C_PROVIDER_SYNTHETIC_NONTRADING_BAR,REMOVE_CONFIRMED_ERROR
6805,TWSE,2026-07-10,PROCESSED_PRE_V3_UNKNOWN,1460.0,1460.0,1460.0,1460.0,0.0,C_PROVIDER_SYNTHETIC_NONTRADING_BAR,REMOVE_CONFIRMED_ERROR
6807,TWSE,2026-07-10,PROCESSED_PRE_V3_UNKNOWN,33.349998474121094,33.349998474121094,33.349998474121094,33.349998474121094,0.0,C_PROVIDER_SYNTHETIC_NONTRADING_BAR,REMOVE_CONFIRMED_ERROR
6830,TWSE,2026-07-10,PROCESSED_PRE_V3_UNKNOWN,416.5,416.5,416.5,416.5,0.0,C_PROVIDER_SYNTHETIC_NONTRADING_BAR,REMOVE_CONFIRMED_ERROR
6831,TWSE,2026-07-10,PROCESSED_PRE_V3_UNKNOWN,782.0,782.0,782.0,782.0,0.0,C_PROVIDER_SYNTHETIC_NONTRADING_BAR,REMOVE_CONFIRMED_ERROR
6834,TWSE,2026-07-10,PROCESSED_PRE_V3_UNKNOWN,130.0,130.0,130.0,130.0,0.0,C_PROVIDER_SYNTHETIC_NONTRADING_BAR,REMOVE_CONFIRMED_ERROR
6835,TWSE,2026-07-10,PROCESSED_PRE_V3_UNKNOWN,34.349998474121094,34.349998474121094,34.349998474121094,34.349998474121094,0.0,C_PROVIDER_SYNTHETIC_NONTRADING_BAR,REMOVE_CONFIRMED_ERROR
6838,TWSE,2026-07-10,PROCESSED_PRE_V3_UNKNOWN,24.299999237060547,24.299999237060547,24.299999237060547,24.299999237060547,0.0,C_PROVIDER_SYNTHETIC_NONTRADING_BAR,REMOVE_CONFIRMED_ERROR
6854,TWSE,2026-07-10,PROCESSED_PRE_V3_UNKNOWN,113.5,113.5,113.5,113.5,0.0,C_PROVIDER_SYNTHETIC_NONTRADING_BAR,REMOVE_CONFIRMED_ERROR
6861,TWSE,2026-07-10,PROCESSED_PRE_V3_UNKNOWN,292.0,292.0,292.0,292.0,0.0,C_PROVIDER_SYNTHETIC_NONTRADING_BAR,REMOVE_CONFIRMED_ERROR
6862,TWSE,2026-07-10,PROCESSED_PRE_V3_UNKNOWN,181.5,181.5,181.5,181.5,0.0,C_PROVIDER_SYNTHETIC_NONTRADING_BAR,REMOVE_CONFIRMED_ERROR
6863,TWSE,2026-07-10,PROCESSED_PRE_V3_UNKNOWN,92.80000305175781,92.80000305175781,92.80000305175781,92.80000305175781,0.0,C_PROVIDER_SYNTHETIC_NONTRADING_BAR,REMOVE_CONFIRMED_ERROR
6869,TWSE,2026-07-10,PROCESSED_PRE_V3_UNKNOWN,71.19999694824219,71.19999694824219,71.19999694824219,71.19999694824219,0.0,C_PROVIDER_SYNTHETIC_NONTRADING_BAR,REMOVE_CONFIRMED_ERROR
6873,TWSE,2026-07-10,PROCESSED_PRE_V3_UNKNOWN,86.5999984741211,86.5999984741211,86.5999984741211,86.5999984741211,0.0,C_PROVIDER_SYNTHETIC_NONTRADING_BAR,REMOVE_CONFIRMED_ERROR
6885,TWSE,2026-07-10,PROCESSED_PRE_V3_UNKNOWN,21.850000381469727,21.850000381469727,21.850000381469727,21.850000381469727,0.0,C_PROVIDER_SYNTHETIC_NONTRADING_BAR,REMOVE_CONFIRMED_ERROR
6887,TWSE,2026-07-10,PROCESSED_PRE_V3_UNKNOWN,33.79999923706055,33.79999923706055,33.79999923706055,33.79999923706055,0.0,C_PROVIDER_SYNTHETIC_NONTRADING_BAR,REMOVE_CONFIRMED_ERROR
6890,TWSE,2026-07-10,PROCESSED_PRE_V3_UNKNOWN,206.0,206.0,206.0,206.0,0.0,C_PROVIDER_SYNTHETIC_NONTRADING_BAR,REMOVE_CONFIRMED_ERROR
6901,TWSE,2026-07-10,PROCESSED_PRE_V3_UNKNOWN,20.75,20.75,20.75,20.75,0.0,C_PROVIDER_SYNTHETIC_NONTRADING_BAR,REMOVE_CONFIRMED_ERROR
6902,TWSE,2026-07-10,PROCESSED_PRE_V3_UNKNOWN,137.5,137.5,137.5,137.5,0.0,C_PROVIDER_SYNTHETIC_NONTRADING_BAR,REMOVE_CONFIRMED_ERROR
6906,TWSE,2026-07-10,PROCESSED_PRE_V3_UNKNOWN,82.0,82.0,82.0,82.0,0.0,C_PROVIDER_SYNTHETIC_NONTRADING_BAR,REMOVE_CONFIRMED_ERROR
6908,TWSE,2026-07-10,PROCESSED_PRE_V3_UNKNOWN,36.599998474121094,36.599998474121094,36.599998474121094,36.599998474121094,0.0,C_PROVIDER_SYNTHETIC_NONTRADING_BAR,REMOVE_CONFIRMED_ERROR
6909,TWSE,2026-07-10,PROCESSED_PRE_V3_UNKNOWN,51.29999923706055,51.29999923706055,51.29999923706055,51.29999923706055,0.0,C_PROVIDER_SYNTHETIC_NONTRADING_BAR,REMOVE_CONFIRMED_ERROR
6914,TWSE,2026-07-10,PROCESSED_PRE_V3_UNKNOWN,142.5,142.5,142.5,142.5,0.0,C_PROVIDER_SYNTHETIC_NONTRADING_BAR,REMOVE_CONFIRMED_ERROR
6916,TWSE,2026-07-10,PROCESSED_PRE_V3_UNKNOWN,20.149999618530273,20.149999618530273,20.149999618530273,20.149999618530273,0.0,C_PROVIDER_SYNTHETIC_NONTRADING_BAR,REMOVE_CONFIRMED_ERROR
6918,TWSE,2026-07-10,PROCESSED_PRE_V3_UNKNOWN,74.0999984741211,74.0999984741211,74.0999984741211,74.0999984741211,0.0,C_PROVIDER_SYNTHETIC_NONTRADING_BAR,REMOVE_CONFIRMED_ERROR
6919,TWSE,2026-08-20,PROCESSED_PRE_V3_UNKNOWN,106.5,109.5,104.5,109.0,6035299.0,A_TRADING_CALENDAR_MISSING_LEGAL_SESSION,ADD_VERIFIED_OFFICIAL_SESSION
6921,TWSE,2026-07-10,PROCESSED_PRE_V3_UNKNOWN,68.0,68.0,68.0,68.0,0.0,C_PROVIDER_SYNTHETIC_NONTRADING_BAR,REMOVE_CONFIRMED_ERROR
6923,TWSE,2026-07-10,PROCESSED_PRE_V3_UNKNOWN,75.4000015258789,75.4000015258789,75.4000015258789,75.4000015258789,0.0,C_PROVIDER_SYNTHETIC_NONTRADING_BAR,REMOVE_CONFIRMED_ERROR
6924,TWSE,2026-07-10,PROCESSED_PRE_V3_UNKNOWN,130.0,130.0,130.0,130.0,0.0,C_PROVIDER_SYNTHETIC_NONTRADING_BAR,REMOVE_CONFIRMED_ERROR
6928,TWSE,2026-07-10,PROCESSED_PRE_V3_UNKNOWN,53.29999923706055,53.29999923706055,53.29999923706055,53.29999923706055,0.0,C_PROVIDER_SYNTHETIC_NONTRADING_BAR,REMOVE_CONFIRMED_ERROR
6931,TWSE,2026-07-10,PROCESSED_PRE_V3_UNKNOWN,39.75,39.75,39.75,39.75,0.0,C_PROVIDER_SYNTHETIC_NONTRADING_BAR,REMOVE_CONFIRMED_ERROR
6933,TWSE,2026-07-10,PROCESSED_PRE_V3_UNKNOWN,157.5,157.5,157.5,157.5,0.0,C_PROVIDER_SYNTHETIC_NONTRADING_BAR,REMOVE_CONFIRMED_ERROR
6934,TWSE,2026-07-10,PROCESSED_PRE_V3_UNKNOWN,79.69999694824219,79.69999694824219,79.69999694824219,79.69999694824219,0.0,C_PROVIDER_SYNTHETIC_NONTRADING_BAR,REMOVE_CONFIRMED_ERROR
6936,TWSE,2026-07-10,PROCESSED_PRE_V3_UNKNOWN,32.650001525878906,32.650001525878906,32.650001525878906,32.650001525878906,0.0,C_PROVIDER_SYNTHETIC_NONTRADING_BAR,REMOVE_CONFIRMED_ERROR
6937,TWSE,2026-07-10,PROCESSED_PRE_V3_UNKNOWN,258.5,258.5,258.5,258.5,0.0,C_PROVIDER_SYNTHETIC_NONTRADING_BAR,REMOVE_CONFIRMED_ERROR
6944,TWSE,2026-07-10,PROCESSED_PRE_V3_UNKNOWN,767.6923217773438,767.6923217773438,767.6923217773438,767.6923217773438,0.0,C_PROVIDER_SYNTHETIC_NONTRADING_BAR,REMOVE_CONFIRMED_ERROR
6947,TWSE,2026-07-10,PROCESSED_PRE_V3_UNKNOWN,82.69999694824219,82.69999694824219,82.69999694824219,82.69999694824219,0.0,C_PROVIDER_SYNTHETIC_NONTRADING_BAR,REMOVE_CONFIRMED_ERROR
6949,TWSE,2026-07-10,PROCESSED_PRE_V3_UNKNOWN,925.0,925.0,925.0,925.0,0.0,C_PROVIDER_SYNTHETIC_NONTRADING_BAR,REMOVE_CONFIRMED_ERROR
6951,TWSE,2026-07-10,PROCESSED_PRE_V3_UNKNOWN,69.61923217773438,69.61923217773438,69.61923217773438,69.61923217773438,0.0,C_PROVIDER_SYNTHETIC_NONTRADING_BAR,REMOVE_CONFIRMED_ERROR
6952,TWSE,2026-08-20,PROCESSED_PRE_V3_UNKNOWN,36.2,37.6,36.2,37.15,11050.0,A_TRADING_CALENDAR_MISSING_LEGAL_SESSION,ADD_VERIFIED_OFFICIAL_SESSION
6955,TWSE,2026-07-10,PROCESSED_PRE_V3_UNKNOWN,117.0,117.0,117.0,117.0,0.0,C_PROVIDER_SYNTHETIC_NONTRADING_BAR,REMOVE_CONFIRMED_ERROR
6957,TWSE,2026-07-10,PROCESSED_PRE_V3_UNKNOWN,209.5,209.5,209.5,209.5,0.0,C_PROVIDER_SYNTHETIC_NONTRADING_BAR,REMOVE_CONFIRMED_ERROR
6958,TWSE,2026-07-10,PROCESSED_PRE_V3_UNKNOWN,16.043811798095703,16.043811798095703,16.043811798095703,16.043811798095703,0.0,C_PROVIDER_SYNTHETIC_NONTRADING_BAR,REMOVE_CONFIRMED_ERROR
6962,TWSE,2026-07-10,PROCESSED_PRE_V3_UNKNOWN,35.95000076293945,35.95000076293945,35.95000076293945,35.95000076293945,0.0,C_PROVIDER_SYNTHETIC_NONTRADING_BAR,REMOVE_CONFIRMED_ERROR
6965,TWSE,2026-07-10,PROCESSED_PRE_V3_UNKNOWN,80.0,80.0,80.0,80.0,0.0,C_PROVIDER_SYNTHETIC_NONTRADING_BAR,REMOVE_CONFIRMED_ERROR
6969,TWSE,2026-07-10,PROCESSED_PRE_V3_UNKNOWN,26.0,26.0,26.0,26.0,0.0,C_PROVIDER_SYNTHETIC_NONTRADING_BAR,REMOVE_CONFIRMED_ERROR
6988,TWSE,2026-07-10,PROCESSED_PRE_V3_UNKNOWN,13.600000381469727,13.600000381469727,13.600000381469727,13.600000381469727,0.0,C_PROVIDER_SYNTHETIC_NONTRADING_BAR,REMOVE_CONFIRMED_ERROR
6994,TWSE,2026-07-10,PROCESSED_PRE_V3_UNKNOWN,41.400001525878906,41.400001525878906,41.400001525878906,41.400001525878906,0.0,C_PROVIDER_SYNTHETIC_NONTRADING_BAR,REMOVE_CONFIRMED_ERROR
7610,TWSE,2026-08-20,PROCESSED_PRE_V3_UNKNOWN,1670.0,1690.0,1515.0,1535.0,743581.0,A_TRADING_CALENDAR_MISSING_LEGAL_SESSION,ADD_VERIFIED_OFFICIAL_SESSION
7631,TWSE,2026-07-10,PROCESSED_PRE_V3_UNKNOWN,153.5,153.5,153.5,153.5,0.0,C_PROVIDER_SYNTHETIC_NONTRADING_BAR,REMOVE_CONFIRMED_ERROR
7689,TWSE,2026-07-10,PROCESSED_PRE_V3_UNKNOWN,248.0,248.0,248.0,248.0,0.0,C_PROVIDER_SYNTHETIC_NONTRADING_BAR,REMOVE_CONFIRMED_ERROR
7705,TWSE,2026-07-10,PROCESSED_PRE_V3_UNKNOWN,30.5,30.5,30.5,30.5,0.0,C_PROVIDER_SYNTHETIC_NONTRADING_BAR,REMOVE_CONFIRMED_ERROR
7711,TWSE,2026-07-10,PROCESSED_PRE_V3_UNKNOWN,307.5,307.5,307.5,307.5,0.0,C_PROVIDER_SYNTHETIC_NONTRADING_BAR,REMOVE_CONFIRMED_ERROR
7721,TWSE,2026-07-10,PROCESSED_PRE_V3_UNKNOWN,71.0,71.0,71.0,71.0,0.0,C_PROVIDER_SYNTHETIC_NONTRADING_BAR,REMOVE_CONFIRMED_ERROR
7722,TWSE,2026-08-20,PROCESSED_PRE_V3_UNKNOWN,276.0,283.0,274.0,281.5,82215.0,A_TRADING_CALENDAR_MISSING_LEGAL_SESSION,ADD_VERIFIED_OFFICIAL_SESSION
7730,TWSE,2026-07-10,PROCESSED_PRE_V3_UNKNOWN,183.0,183.0,183.0,183.0,0.0,C_PROVIDER_SYNTHETIC_NONTRADING_BAR,REMOVE_CONFIRMED_ERROR
7732,TWSE,2026-07-10,PROCESSED_PRE_V3_UNKNOWN,35.70000076293945,35.70000076293945,35.70000076293945,35.70000076293945,0.0,C_PROVIDER_SYNTHETIC_NONTRADING_BAR,REMOVE_CONFIRMED_ERROR
7736,TWSE,2026-08-20,PROCESSED_PRE_V3_UNKNOWN,70.3,71.0,70.3,70.8,24375.0,A_TRADING_CALENDAR_MISSING_LEGAL_SESSION,ADD_VERIFIED_OFFICIAL_SESSION
7740,TWSE,2026-07-10,PROCESSED_PRE_V3_UNKNOWN,130.78334045410156,130.78334045410156,130.78334045410156,130.78334045410156,0.0,C_PROVIDER_SYNTHETIC_NONTRADING_BAR,REMOVE_CONFIRMED_ERROR
7749,TWSE,2026-07-10,PROCESSED_PRE_V3_UNKNOWN,404.0,404.0,404.0,404.0,0.0,C_PROVIDER_SYNTHETIC_NONTRADING_BAR,REMOVE_CONFIRMED_ERROR
7750,TWSE,2026-07-10,PROCESSED_PRE_V3_UNKNOWN,2065.0,2065.0,2065.0,2065.0,0.0,C_PROVIDER_SYNTHETIC_NONTRADING_BAR,REMOVE_CONFIRMED_ERROR
7760,TWSE,2026-07-10,PROCESSED_PRE_V3_UNKNOWN,35.599998474121094,35.599998474121094,35.599998474121094,35.599998474121094,0.0,C_PROVIDER_SYNTHETIC_NONTRADING_BAR,REMOVE_CONFIRMED_ERROR
7765,TWSE,2026-07-10,PROCESSED_PRE_V3_UNKNOWN,221.5,221.5,221.5,221.5,0.0,C_PROVIDER_SYNTHETIC_NONTRADING_BAR,REMOVE_CONFIRMED_ERROR
7768,TWSE,2026-07-10,PROCESSED_PRE_V3_UNKNOWN,350.5,350.5,350.5,350.5,0.0,C_PROVIDER_SYNTHETIC_NONTRADING_BAR,REMOVE_CONFIRMED_ERROR
7769,TWSE,2026-07-10,PROCESSED_PRE_V3_UNKNOWN,6660.0,6660.0,6660.0,6660.0,0.0,C_PROVIDER_SYNTHETIC_NONTRADING_BAR,REMOVE_CONFIRMED_ERROR
7780,TWSE,2026-07-10,PROCESSED_PRE_V3_UNKNOWN,17.899999618530273,17.899999618530273,17.899999618530273,17.899999618530273,0.0,C_PROVIDER_SYNTHETIC_NONTRADING_BAR,REMOVE_CONFIRMED_ERROR
7786,TWSE,2026-07-10,PROCESSED_PRE_V3_UNKNOWN,132.5,132.5,132.5,132.5,0.0,C_PROVIDER_SYNTHETIC_NONTRADING_BAR,REMOVE_CONFIRMED_ERROR
7788,TWSE,2026-07-10,PROCESSED_PRE_V3_UNKNOWN,250.5,250.5,250.5,250.5,0.0,C_PROVIDER_SYNTHETIC_NONTRADING_BAR,REMOVE_CONFIRMED_ERROR
7791,TWSE,2026-07-10,PROCESSED_PRE_V3_UNKNOWN,62.29999923706055,62.29999923706055,62.29999923706055,62.29999923706055,0.0,C_PROVIDER_SYNTHETIC_NONTRADING_BAR,REMOVE_CONFIRMED_ERROR
7795,TWSE,2026-07-10,PROCESSED_PRE_V3_UNKNOWN,552.0,552.0,552.0,552.0,0.0,C_PROVIDER_SYNTHETIC_NONTRADING_BAR,REMOVE_CONFIRMED_ERROR
7799,TWSE,2026-07-10,PROCESSED_PRE_V3_UNKNOWN,435.5,435.5,435.5,435.5,0.0,C_PROVIDER_SYNTHETIC_NONTRADING_BAR,REMOVE_CONFIRMED_ERROR
7803,TWSE,2026-07-10,PROCESSED_PRE_V3_UNKNOWN,22.700000762939453,22.700000762939453,22.700000762939453,22.700000762939453,0.0,C_PROVIDER_SYNTHETIC_NONTRADING_BAR,REMOVE_CONFIRMED_ERROR
7818,TWSE,2026-07-10,PROCESSED_PRE_V3_UNKNOWN,70.19999694824219,70.19999694824219,70.19999694824219,70.19999694824219,0.0,C_PROVIDER_SYNTHETIC_NONTRADING_BAR,REMOVE_CONFIRMED_ERROR
7821,TWSE,2026-07-10,PROCESSED_PRE_V3_UNKNOWN,41.0,41.0,41.0,41.0,0.0,C_PROVIDER_SYNTHETIC_NONTRADING_BAR,REMOVE_CONFIRMED_ERROR
7822,TWSE,2026-07-10,PROCESSED_PRE_V3_UNKNOWN,998.0,998.0,998.0,998.0,0.0,C_PROVIDER_SYNTHETIC_NONTRADING_BAR,REMOVE_CONFIRMED_ERROR
7823,TWSE,2026-07-10,PROCESSED_PRE_V3_UNKNOWN,88.80000305175781,88.80000305175781,88.80000305175781,88.80000305175781,0.0,C_PROVIDER_SYNTHETIC_NONTRADING_BAR,REMOVE_CONFIRMED_ERROR
7827,TWSE,2026-08-20,PROCESSED_PRE_V3_UNKNOWN,155.0,159.5,155.0,159.5,342667.0,A_TRADING_CALENDAR_MISSING_LEGAL_SESSION,ADD_VERIFIED_OFFICIAL_SESSION
7855,TWSE,2026-08-20,PROCESSED_PRE_V3_UNKNOWN,43.29999923706055,43.400001525878906,43.25,43.349998474121094,987094.0,A_TRADING_CALENDAR_MISSING_LEGAL_SESSION,ADD_VERIFIED_OFFICIAL_SESSION
8011,TWSE,2026-07-10,PROCESSED_PRE_V3_UNKNOWN,17.5,17.5,17.5,17.5,0.0,C_PROVIDER_SYNTHETIC_NONTRADING_BAR,REMOVE_CONFIRMED_ERROR
8016,TWSE,2026-07-10,PROCESSED_PRE_V3_UNKNOWN,363.0,363.0,363.0,363.0,0.0,C_PROVIDER_SYNTHETIC_NONTRADING_BAR,REMOVE_CONFIRMED_ERROR
8021,TWSE,2026-07-10,PROCESSED_PRE_V3_UNKNOWN,521.0,521.0,521.0,521.0,0.0,C_PROVIDER_SYNTHETIC_NONTRADING_BAR,REMOVE_CONFIRMED_ERROR
8028,TWSE,2026-07-10,PROCESSED_PRE_V3_UNKNOWN,312.5,312.5,312.5,312.5,0.0,C_PROVIDER_SYNTHETIC_NONTRADING_BAR,REMOVE_CONFIRMED_ERROR
8033,TWSE,2026-07-10,PROCESSED_PRE_V3_UNKNOWN,227.0,227.0,227.0,227.0,0.0,C_PROVIDER_SYNTHETIC_NONTRADING_BAR,REMOVE_CONFIRMED_ERROR
8039,TWSE,2026-07-10,PROCESSED_PRE_V3_UNKNOWN,154.0,154.0,154.0,154.0,0.0,C_PROVIDER_SYNTHETIC_NONTRADING_BAR,REMOVE_CONFIRMED_ERROR
8045,TWSE,2026-07-10,PROCESSED_PRE_V3_UNKNOWN,58.400001525878906,58.400001525878906,58.400001525878906,58.400001525878906,0.0,C_PROVIDER_SYNTHETIC_NONTRADING_BAR,REMOVE_CONFIRMED_ERROR
8046,TWSE,2026-07-10,PROCESSED_PRE_V3_UNKNOWN,1215.0,1215.0,1215.0,1215.0,0.0,C_PROVIDER_SYNTHETIC_NONTRADING_BAR,REMOVE_CONFIRMED_ERROR
8070,TWSE,2026-07-10,PROCESSED_PRE_V3_UNKNOWN,52.70000076293945,52.70000076293945,52.70000076293945,52.70000076293945,0.0,C_PROVIDER_SYNTHETIC_NONTRADING_BAR,REMOVE_CONFIRMED_ERROR
8072,TWSE,2026-07-10,PROCESSED_PRE_V3_UNKNOWN,29.100000381469727,29.100000381469727,29.100000381469727,29.100000381469727,0.0,C_PROVIDER_SYNTHETIC_NONTRADING_BAR,REMOVE_CONFIRMED_ERROR
8081,TWSE,2026-07-10,PROCESSED_PRE_V3_UNKNOWN,283.0,283.0,283.0,283.0,0.0,C_PROVIDER_SYNTHETIC_NONTRADING_BAR,REMOVE_CONFIRMED_ERROR
8101,TWSE,2026-07-10,PROCESSED_PRE_V3_UNKNOWN,13.100000381469727,13.100000381469727,13.100000381469727,13.100000381469727,0.0,C_PROVIDER_SYNTHETIC_NONTRADING_BAR,REMOVE_CONFIRMED_ERROR
8103,TWSE,2026-07-10,PROCESSED_PRE_V3_UNKNOWN,92.0,92.0,92.0,92.0,0.0,C_PROVIDER_SYNTHETIC_NONTRADING_BAR,REMOVE_CONFIRMED_ERROR
8104,TWSE,2026-07-10,PROCESSED_PRE_V3_UNKNOWN,41.150001525878906,41.150001525878906,41.150001525878906,41.150001525878906,0.0,C_PROVIDER_SYNTHETIC_NONTRADING_BAR,REMOVE_CONFIRMED_ERROR
8105,TWSE,2026-07-10,PROCESSED_PRE_V3_UNKNOWN,20.25,20.25,20.25,20.25,0.0,C_PROVIDER_SYNTHETIC_NONTRADING_BAR,REMOVE_CONFIRMED_ERROR
8110,TWSE,2026-07-10,PROCESSED_PRE_V3_UNKNOWN,50.599998474121094,50.599998474121094,50.599998474121094,50.599998474121094,0.0,C_PROVIDER_SYNTHETIC_NONTRADING_BAR,REMOVE_CONFIRMED_ERROR
8112,TWSE,2026-07-10,PROCESSED_PRE_V3_UNKNOWN,85.0,85.0,85.0,85.0,0.0,C_PROVIDER_SYNTHETIC_NONTRADING_BAR,REMOVE_CONFIRMED_ERROR
8114,TWSE,2026-07-10,PROCESSED_PRE_V3_UNKNOWN,204.0,204.0,204.0,204.0,0.0,C_PROVIDER_SYNTHETIC_NONTRADING_BAR,REMOVE_CONFIRMED_ERROR
8131,TWSE,2026-07-10,PROCESSED_PRE_V3_UNKNOWN,76.0,76.0,76.0,76.0,0.0,C_PROVIDER_SYNTHETIC_NONTRADING_BAR,REMOVE_CONFIRMED_ERROR
8150,TWSE,2026-07-10,PROCESSED_PRE_V3_UNKNOWN,117.0,117.0,117.0,117.0,0.0,C_PROVIDER_SYNTHETIC_NONTRADING_BAR,REMOVE_CONFIRMED_ERROR
8162,TWSE,2026-07-10,PROCESSED_PRE_V3_UNKNOWN,78.0999984741211,78.0999984741211,78.0999984741211,78.0999984741211,0.0,C_PROVIDER_SYNTHETIC_NONTRADING_BAR,REMOVE_CONFIRMED_ERROR
8163,TWSE,2026-07-10,PROCESSED_PRE_V3_UNKNOWN,37.150001525878906,37.150001525878906,37.150001525878906,37.150001525878906,0.0,C_PROVIDER_SYNTHETIC_NONTRADING_BAR,REMOVE_CONFIRMED_ERROR
8201,TWSE,2026-07-10,PROCESSED_PRE_V3_UNKNOWN,12.649999618530273,12.649999618530273,12.649999618530273,12.649999618530273,0.0,C_PROVIDER_SYNTHETIC_NONTRADING_BAR,REMOVE_CONFIRMED_ERROR
8210,TWSE,2026-07-10,PROCESSED_PRE_V3_UNKNOWN,1175.0,1175.0,1175.0,1175.0,0.0,C_PROVIDER_SYNTHETIC_NONTRADING_BAR,REMOVE_CONFIRMED_ERROR
8213,TWSE,2026-07-10,PROCESSED_PRE_V3_UNKNOWN,34.099998474121094,34.099998474121094,34.099998474121094,34.099998474121094,0.0,C_PROVIDER_SYNTHETIC_NONTRADING_BAR,REMOVE_CONFIRMED_ERROR
8215,TWSE,2026-07-10,PROCESSED_PRE_V3_UNKNOWN,28.299999237060547,28.299999237060547,28.299999237060547,28.299999237060547,0.0,C_PROVIDER_SYNTHETIC_NONTRADING_BAR,REMOVE_CONFIRMED_ERROR
8222,TWSE,2026-07-10,PROCESSED_PRE_V3_UNKNOWN,40.0,40.0,40.0,40.0,0.0,C_PROVIDER_SYNTHETIC_NONTRADING_BAR,REMOVE_CONFIRMED_ERROR
8249,TWSE,2026-07-10,PROCESSED_PRE_V3_UNKNOWN,47.0,47.0,47.0,47.0,0.0,C_PROVIDER_SYNTHETIC_NONTRADING_BAR,REMOVE_CONFIRMED_ERROR
8261,TWSE,2026-07-10,PROCESSED_PRE_V3_UNKNOWN,325.0,325.0,325.0,325.0,0.0,C_PROVIDER_SYNTHETIC_NONTRADING_BAR,REMOVE_CONFIRMED_ERROR
8271,TWSE,2026-07-10,PROCESSED_PRE_V3_UNKNOWN,181.0,181.0,181.0,181.0,0.0,C_PROVIDER_SYNTHETIC_NONTRADING_BAR,REMOVE_CONFIRMED_ERROR
8341,TWSE,2026-07-10,PROCESSED_PRE_V3_UNKNOWN,76.5999984741211,76.5999984741211,76.5999984741211,76.5999984741211,0.0,C_PROVIDER_SYNTHETIC_NONTRADING_BAR,REMOVE_CONFIRMED_ERROR
8367,TWSE,2026-07-10,PROCESSED_PRE_V3_UNKNOWN,40.599998474121094,40.599998474121094,40.599998474121094,40.599998474121094,0.0,C_PROVIDER_SYNTHETIC_NONTRADING_BAR,REMOVE_CONFIRMED_ERROR
8374,TWSE,2026-07-10,PROCESSED_PRE_V3_UNKNOWN,85.80000305175781,85.80000305175781,85.80000305175781,85.80000305175781,0.0,C_PROVIDER_SYNTHETIC_NONTRADING_BAR,REMOVE_CONFIRMED_ERROR
8404,TWSE,2026-07-10,PROCESSED_PRE_V3_UNKNOWN,16.799999237060547,16.799999237060547,16.799999237060547,16.799999237060547,0.0,C_PROVIDER_SYNTHETIC_NONTRADING_BAR,REMOVE_CONFIRMED_ERROR
8411,TWSE,2026-07-10,PROCESSED_PRE_V3_UNKNOWN,12.399999618530273,12.399999618530273,12.399999618530273,12.399999618530273,0.0,C_PROVIDER_SYNTHETIC_NONTRADING_BAR,REMOVE_CONFIRMED_ERROR
8422,TWSE,2026-07-10,PROCESSED_PRE_V3_UNKNOWN,27.0,27.0,27.0,27.0,0.0,C_PROVIDER_SYNTHETIC_NONTRADING_BAR,REMOVE_CONFIRMED_ERROR
8427,TWSE,2018-03-31,PROCESSED_PRE_V3_UNKNOWN,39.8,40.3,39.8,40.2,11000.0,A_TRADING_CALENDAR_MISSING_LEGAL_SESSION,ADD_VERIFIED_OFFICIAL_SESSION
8427,TWSE,2018-12-22,PROCESSED_PRE_V3_UNKNOWN,39.9,40.4,39.9,40.25,7000.0,A_TRADING_CALENDAR_MISSING_LEGAL_SESSION,ADD_VERIFIED_OFFICIAL_SESSION
8427,TWSE,2019-09-09,PROCESSED_PRE_V3_UNKNOWN,38.05,38.05,37.5,37.85,8000.0,A_TRADING_CALENDAR_MISSING_LEGAL_SESSION,ADD_VERIFIED_OFFICIAL_SESSION
8427,TWSE,2021-04-06,PROCESSED_PRE_V3_UNKNOWN,50.0,50.0,49.7,50.0,15000.0,A_TRADING_CALENDAR_MISSING_LEGAL_SESSION,ADD_VERIFIED_OFFICIAL_SESSION
8429,TWSE,2026-07-10,PROCESSED_PRE_V3_UNKNOWN,6.25,6.25,6.25,6.25,0.0,C_PROVIDER_SYNTHETIC_NONTRADING_BAR,REMOVE_CONFIRMED_ERROR
8438,TWSE,2026-07-10,PROCESSED_PRE_V3_UNKNOWN,93.80000305175781,93.80000305175781,93.80000305175781,93.80000305175781,0.0,C_PROVIDER_SYNTHETIC_NONTRADING_BAR,REMOVE_CONFIRMED_ERROR
8442,TWSE,2026-07-10,PROCESSED_PRE_V3_UNKNOWN,45.5,45.5,45.5,45.5,0.0,C_PROVIDER_SYNTHETIC_NONTRADING_BAR,REMOVE_CONFIRMED_ERROR
8443,TWSE,2026-07-10,PROCESSED_PRE_V3_UNKNOWN,11.399999618530273,11.399999618530273,11.399999618530273,11.399999618530273,0.0,C_PROVIDER_SYNTHETIC_NONTRADING_BAR,REMOVE_CONFIRMED_ERROR
8454,TWSE,2026-07-10,PROCESSED_PRE_V3_UNKNOWN,268.0,268.0,268.0,268.0,0.0,C_PROVIDER_SYNTHETIC_NONTRADING_BAR,REMOVE_CONFIRMED_ERROR
8463,TWSE,2026-07-10,PROCESSED_PRE_V3_UNKNOWN,21.399999618530273,21.399999618530273,21.399999618530273,21.399999618530273,0.0,C_PROVIDER_SYNTHETIC_NONTRADING_BAR,REMOVE_CONFIRMED_ERROR
8464,TWSE,2026-07-10,PROCESSED_PRE_V3_UNKNOWN,360.0,360.0,360.0,360.0,0.0,C_PROVIDER_SYNTHETIC_NONTRADING_BAR,REMOVE_CONFIRMED_ERROR
8466,TWSE,2026-07-10,PROCESSED_PRE_V3_UNKNOWN,17.450000762939453,17.450000762939453,17.450000762939453,17.450000762939453,0.0,C_PROVIDER_SYNTHETIC_NONTRADING_BAR,REMOVE_CONFIRMED_ERROR
8467,TWSE,2026-07-10,PROCESSED_PRE_V3_UNKNOWN,114.5,114.5,114.5,114.5,0.0,C_PROVIDER_SYNTHETIC_NONTRADING_BAR,REMOVE_CONFIRMED_ERROR
8473,TWSE,2026-07-10,PROCESSED_PRE_V3_UNKNOWN,45.599998474121094,45.599998474121094,45.599998474121094,45.599998474121094,0.0,C_PROVIDER_SYNTHETIC_NONTRADING_BAR,REMOVE_CONFIRMED_ERROR
8478,TWSE,2026-07-10,PROCESSED_PRE_V3_UNKNOWN,154.0,154.0,154.0,154.0,0.0,C_PROVIDER_SYNTHETIC_NONTRADING_BAR,REMOVE_CONFIRMED_ERROR
8480,TWSE,2018-03-31,PROCESSED_PRE_V3_UNKNOWN,149.0,162.0,147.5,153.0,420164.0,A_TRADING_CALENDAR_MISSING_LEGAL_SESSION,ADD_VERIFIED_OFFICIAL_SESSION
8480,TWSE,2018-12-22,PROCESSED_PRE_V3_UNKNOWN,128.0,128.0,128.0,128.0,1020.0,A_TRADING_CALENDAR_MISSING_LEGAL_SESSION,ADD_VERIFIED_OFFICIAL_SESSION
8480,TWSE,2019-09-09,PROCESSED_PRE_V3_UNKNOWN,130.0,130.5,128.5,130.0,44000.0,A_TRADING_CALENDAR_MISSING_LEGAL_SESSION,ADD_VERIFIED_OFFICIAL_SESSION
8480,TWSE,2021-04-06,PROCESSED_PRE_V3_UNKNOWN,120.0,120.0,118.5,118.5,37471.0,A_TRADING_CALENDAR_MISSING_LEGAL_SESSION,ADD_VERIFIED_OFFICIAL_SESSION
8481,TWSE,2026-07-10,PROCESSED_PRE_V3_UNKNOWN,42.20000076293945,42.20000076293945,42.20000076293945,42.20000076293945,0.0,C_PROVIDER_SYNTHETIC_NONTRADING_BAR,REMOVE_CONFIRMED_ERROR
8482,TWSE,2018-12-22,PROCESSED_PRE_V3_UNKNOWN,115.0,116.5,115.0,116.5,135000.0,A_TRADING_CALENDAR_MISSING_LEGAL_SESSION,ADD_VERIFIED_OFFICIAL_SESSION
8482,TWSE,2019-09-09,PROCESSED_PRE_V3_UNKNOWN,138.0,140.5,135.0,135.0,298000.0,A_TRADING_CALENDAR_MISSING_LEGAL_SESSION,ADD_VERIFIED_OFFICIAL_SESSION
8482,TWSE,2021-04-06,PROCESSED_PRE_V3_UNKNOWN,80.1,81.0,79.8,80.3,199050.0,A_TRADING_CALENDAR_MISSING_LEGAL_SESSION,ADD_VERIFIED_OFFICIAL_SESSION
8482,TWSE,2026-08-20,PROCESSED_PRE_V3_UNKNOWN,48.65,48.7,48.65,48.7,2070.0,A_TRADING_CALENDAR_MISSING_LEGAL_SESSION,ADD_VERIFIED_OFFICIAL_SESSION
8487,TWSE,2026-07-10,PROCESSED_PRE_V3_UNKNOWN,78.5999984741211,78.5999984741211,78.5999984741211,78.5999984741211,0.0,C_PROVIDER_SYNTHETIC_NONTRADING_BAR,REMOVE_CONFIRMED_ERROR
8488,TWSE,2026-07-10,PROCESSED_PRE_V3_UNKNOWN,10.050000190734863,10.050000190734863,10.050000190734863,10.050000190734863,0.0,C_PROVIDER_SYNTHETIC_NONTRADING_BAR,REMOVE_CONFIRMED_ERROR
8497,TWSE,2018-03-31,PROCESSED_PRE_V3_UNKNOWN,47.15,47.5,47.05,47.05,144000.0,A_TRADING_CALENDAR_MISSING_LEGAL_SESSION,ADD_VERIFIED_OFFICIAL_SESSION
8497,TWSE,2018-12-22,PROCESSED_PRE_V3_UNKNOWN,47.9,48.45,47.5,47.8,71000.0,A_TRADING_CALENDAR_MISSING_LEGAL_SESSION,ADD_VERIFIED_OFFICIAL_SESSION
8497,TWSE,2019-09-09,PROCESSED_PRE_V3_UNKNOWN,51.4,51.4,50.0,50.0,2000.0,A_TRADING_CALENDAR_MISSING_LEGAL_SESSION,ADD_VERIFIED_OFFICIAL_SESSION
8499,TWSE,2026-07-10,PROCESSED_PRE_V3_UNKNOWN,296.5,296.5,296.5,296.5,0.0,C_PROVIDER_SYNTHETIC_NONTRADING_BAR,REMOVE_CONFIRMED_ERROR
8926,TWSE,2026-07-10,PROCESSED_PRE_V3_UNKNOWN,76.0,76.0,76.0,76.0,0.0,C_PROVIDER_SYNTHETIC_NONTRADING_BAR,REMOVE_CONFIRMED_ERROR
8940,TWSE,2026-07-10,PROCESSED_PRE_V3_UNKNOWN,16.350000381469727,16.350000381469727,16.350000381469727,16.350000381469727,0.0,C_PROVIDER_SYNTHETIC_NONTRADING_BAR,REMOVE_CONFIRMED_ERROR
8996,TWSE,2026-07-10,PROCESSED_PRE_V3_UNKNOWN,1230.0,1230.0,1230.0,1230.0,0.0,C_PROVIDER_SYNTHETIC_NONTRADING_BAR,REMOVE_CONFIRMED_ERROR
9103,TWSE,2026-07-10,PROCESSED_PRE_V3_UNKNOWN,5.050000190734863,5.050000190734863,5.050000190734863,5.050000190734863,0.0,C_PROVIDER_SYNTHETIC_NONTRADING_BAR,REMOVE_CONFIRMED_ERROR
9105,TWSE,2026-07-10,PROCESSED_PRE_V3_UNKNOWN,8.640000343322754,8.640000343322754,8.640000343322754,8.640000343322754,0.0,C_PROVIDER_SYNTHETIC_NONTRADING_BAR,REMOVE_CONFIRMED_ERROR
9110,TWSE,2026-07-10,PROCESSED_PRE_V3_UNKNOWN,3.0,3.0,3.0,3.0,0.0,C_PROVIDER_SYNTHETIC_NONTRADING_BAR,REMOVE_CONFIRMED_ERROR
9136,TWSE,2026-07-10,PROCESSED_PRE_V3_UNKNOWN,12.550000190734863,12.550000190734863,12.550000190734863,12.550000190734863,0.0,C_PROVIDER_SYNTHETIC_NONTRADING_BAR,REMOVE_CONFIRMED_ERROR
9157,TWSE,2018-03-31,PROCESSED_PRE_V3_UNKNOWN,1.34,1.35,1.34,1.35,3000.0,A_TRADING_CALENDAR_MISSING_LEGAL_SESSION,ADD_VERIFIED_OFFICIAL_SESSION
9157,TWSE,2018-12-22,PROCESSED_PRE_V3_UNKNOWN,0.74,0.84,0.72,0.77,118314.0,A_TRADING_CALENDAR_MISSING_LEGAL_SESSION,ADD_VERIFIED_OFFICIAL_SESSION
9157,TWSE,2019-09-09,PROCESSED_PRE_V3_UNKNOWN,0.57,0.58,0.53,0.58,39000.0,A_TRADING_CALENDAR_MISSING_LEGAL_SESSION,ADD_VERIFIED_OFFICIAL_SESSION
9188,TWSE,2018-12-22,PROCESSED_PRE_V3_UNKNOWN,4.46,4.46,4.46,4.46,2000.0,A_TRADING_CALENDAR_MISSING_LEGAL_SESSION,ADD_VERIFIED_OFFICIAL_SESSION
9188,TWSE,2019-09-09,PROCESSED_PRE_V3_UNKNOWN,3.79,3.79,3.73,3.73,260000.0,A_TRADING_CALENDAR_MISSING_LEGAL_SESSION,ADD_VERIFIED_OFFICIAL_SESSION
9188,TWSE,2021-04-06,PROCESSED_PRE_V3_UNKNOWN,3.0,3.02,2.95,2.96,546000.0,A_TRADING_CALENDAR_MISSING_LEGAL_SESSION,ADD_VERIFIED_OFFICIAL_SESSION
9802,TWSE,2026-07-10,PROCESSED_PRE_V3_UNKNOWN,75.0,75.0,75.0,75.0,0.0,C_PROVIDER_SYNTHETIC_NONTRADING_BAR,REMOVE_CONFIRMED_ERROR
9902,TWSE,2026-07-10,PROCESSED_PRE_V3_UNKNOWN,13.899999618530273,13.899999618530273,13.899999618530273,13.899999618530273,0.0,C_PROVIDER_SYNTHETIC_NONTRADING_BAR,REMOVE_CONFIRMED_ERROR
9904,TWSE,2026-07-10,PROCESSED_PRE_V3_UNKNOWN,24.25,24.25,24.25,24.25,0.0,C_PROVIDER_SYNTHETIC_NONTRADING_BAR,REMOVE_CONFIRMED_ERROR
9905,TWSE,2026-07-10,PROCESSED_PRE_V3_UNKNOWN,20.299999237060547,20.299999237060547,20.299999237060547,20.299999237060547,0.0,C_PROVIDER_SYNTHETIC_NONTRADING_BAR,REMOVE_CONFIRMED_ERROR
9906,TWSE,2026-07-10,PROCESSED_PRE_V3_UNKNOWN,40.5,40.5,40.5,40.5,0.0,C_PROVIDER_SYNTHETIC_NONTRADING_BAR,REMOVE_CONFIRMED_ERROR
9907,TWSE,2026-07-10,PROCESSED_PRE_V3_UNKNOWN,15.100000381469727,15.100000381469727,15.100000381469727,15.100000381469727,0.0,C_PROVIDER_SYNTHETIC_NONTRADING_BAR,REMOVE_CONFIRMED_ERROR
9908,TWSE,2026-07-10,PROCESSED_PRE_V3_UNKNOWN,29.75,29.75,29.75,29.75,0.0,C_PROVIDER_SYNTHETIC_NONTRADING_BAR,REMOVE_CONFIRMED_ERROR
9910,TWSE,2026-07-10,PROCESSED_PRE_V3_UNKNOWN,67.5,67.5,67.5,67.5,0.0,C_PROVIDER_SYNTHETIC_NONTRADING_BAR,REMOVE_CONFIRMED_ERROR
9911,TWSE,2026-07-10,PROCESSED_PRE_V3_UNKNOWN,83.5,83.5,83.5,83.5,0.0,C_PROVIDER_SYNTHETIC_NONTRADING_BAR,REMOVE_CONFIRMED_ERROR
9912,TWSE,2026-07-10,PROCESSED_PRE_V3_UNKNOWN,12.75,12.75,12.75,12.75,0.0,C_PROVIDER_SYNTHETIC_NONTRADING_BAR,REMOVE_CONFIRMED_ERROR
9914,TWSE,2026-07-10,PROCESSED_PRE_V3_UNKNOWN,72.80000305175781,72.80000305175781,72.80000305175781,72.80000305175781,0.0,C_PROVIDER_SYNTHETIC_NONTRADING_BAR,REMOVE_CONFIRMED_ERROR
9917,TWSE,2026-07-10,PROCESSED_PRE_V3_UNKNOWN,107.5,107.5,107.5,107.5,0.0,C_PROVIDER_SYNTHETIC_NONTRADING_BAR,REMOVE_CONFIRMED_ERROR
9918,TWSE,2026-07-10,PROCESSED_PRE_V3_UNKNOWN,43.75,43.75,43.75,43.75,0.0,C_PROVIDER_SYNTHETIC_NONTRADING_BAR,REMOVE_CONFIRMED_ERROR
9919,TWSE,2026-07-10,PROCESSED_PRE_V3_UNKNOWN,13.800000190734863,13.800000190734863,13.800000190734863,13.800000190734863,0.0,C_PROVIDER_SYNTHETIC_NONTRADING_BAR,REMOVE_CONFIRMED_ERROR
9921,TWSE,2026-07-10,PROCESSED_PRE_V3_UNKNOWN,72.69999694824219,72.69999694824219,72.69999694824219,72.69999694824219,0.0,C_PROVIDER_SYNTHETIC_NONTRADING_BAR,REMOVE_CONFIRMED_ERROR
9924,TWSE,2026-07-10,PROCESSED_PRE_V3_UNKNOWN,39.900001525878906,39.900001525878906,39.900001525878906,39.900001525878906,0.0,C_PROVIDER_SYNTHETIC_NONTRADING_BAR,REMOVE_CONFIRMED_ERROR
9925,TWSE,2026-07-10,PROCESSED_PRE_V3_UNKNOWN,41.29999923706055,41.29999923706055,41.29999923706055,41.29999923706055,0.0,C_PROVIDER_SYNTHETIC_NONTRADING_BAR,REMOVE_CONFIRMED_ERROR
9926,TWSE,2026-07-10,PROCESSED_PRE_V3_UNKNOWN,49.650001525878906,49.650001525878906,49.650001525878906,49.650001525878906,0.0,C_PROVIDER_SYNTHETIC_NONTRADING_BAR,REMOVE_CONFIRMED_ERROR
9927,TWSE,2026-07-10,PROCESSED_PRE_V3_UNKNOWN,68.30000305175781,68.30000305175781,68.30000305175781,68.30000305175781,0.0,C_PROVIDER_SYNTHETIC_NONTRADING_BAR,REMOVE_CONFIRMED_ERROR
9928,TWSE,2026-07-10,PROCESSED_PRE_V3_UNKNOWN,18.649999618530273,18.649999618530273,18.649999618530273,18.649999618530273,0.0,C_PROVIDER_SYNTHETIC_NONTRADING_BAR,REMOVE_CONFIRMED_ERROR
9929,TWSE,2026-07-10,PROCESSED_PRE_V3_UNKNOWN,10.949999809265137,10.949999809265137,10.949999809265137,10.949999809265137,0.0,C_PROVIDER_SYNTHETIC_NONTRADING_BAR,REMOVE_CONFIRMED_ERROR
9930,TWSE,2026-07-10,PROCESSED_PRE_V3_UNKNOWN,63.400001525878906,63.400001525878906,63.400001525878906,63.400001525878906,0.0,C_PROVIDER_SYNTHETIC_NONTRADING_BAR,REMOVE_CONFIRMED_ERROR
9931,TWSE,2026-07-10,PROCESSED_PRE_V3_UNKNOWN,33.29999923706055,33.29999923706055,33.29999923706055,33.29999923706055,0.0,C_PROVIDER_SYNTHETIC_NONTRADING_BAR,REMOVE_CONFIRMED_ERROR
9933,TWSE,2026-07-10,PROCESSED_PRE_V3_UNKNOWN,41.099998474121094,41.099998474121094,41.099998474121094,41.099998474121094,0.0,C_PROVIDER_SYNTHETIC_NONTRADING_BAR,REMOVE_CONFIRMED_ERROR
9934,TWSE,2026-07-10,PROCESSED_PRE_V3_UNKNOWN,10.300000190734863,10.300000190734863,10.300000190734863,10.300000190734863,0.0,C_PROVIDER_SYNTHETIC_NONTRADING_BAR,REMOVE_CONFIRMED_ERROR
9935,TWSE,2026-07-10,PROCESSED_PRE_V3_UNKNOWN,18.299999237060547,18.299999237060547,18.299999237060547,18.299999237060547,0.0,C_PROVIDER_SYNTHETIC_NONTRADING_BAR,REMOVE_CONFIRMED_ERROR
9937,TWSE,2026-07-10,PROCESSED_PRE_V3_UNKNOWN,55.400001525878906,55.400001525878906,55.400001525878906,55.400001525878906,0.0,C_PROVIDER_SYNTHETIC_NONTRADING_BAR,REMOVE_CONFIRMED_ERROR
9938,TWSE,2026-07-10,PROCESSED_PRE_V3_UNKNOWN,46.150001525878906,46.150001525878906,46.150001525878906,46.150001525878906,0.0,C_PROVIDER_SYNTHETIC_NONTRADING_BAR,REMOVE_CONFIRMED_ERROR
9939,TWSE,2026-07-10,PROCESSED_PRE_V3_UNKNOWN,122.5,122.5,122.5,122.5,0.0,C_PROVIDER_SYNTHETIC_NONTRADING_BAR,REMOVE_CONFIRMED_ERROR
9940,TWSE,2026-07-10,PROCESSED_PRE_V3_UNKNOWN,19.700000762939453,19.700000762939453,19.700000762939453,19.700000762939453,0.0,C_PROVIDER_SYNTHETIC_NONTRADING_BAR,REMOVE_CONFIRMED_ERROR
9941,TWSE,2026-07-10,PROCESSED_PRE_V3_UNKNOWN,81.0,81.0,81.0,81.0,0.0,C_PROVIDER_SYNTHETIC_NONTRADING_BAR,REMOVE_CONFIRMED_ERROR
9942,TWSE,2026-07-10,PROCESSED_PRE_V3_UNKNOWN,120.0,120.0,120.0,120.0,0.0,C_PROVIDER_SYNTHETIC_NONTRADING_BAR,REMOVE_CONFIRMED_ERROR
9943,TWSE,2026-07-10,PROCESSED_PRE_V3_UNKNOWN,53.29999923706055,53.29999923706055,53.29999923706055,53.29999923706055,0.0,C_PROVIDER_SYNTHETIC_NONTRADING_BAR,REMOVE_CONFIRMED_ERROR
9944,TWSE,2026-07-10,PROCESSED_PRE_V3_UNKNOWN,17.75,17.75,17.75,17.75,0.0,C_PROVIDER_SYNTHETIC_NONTRADING_BAR,REMOVE_CONFIRMED_ERROR
9945,TWSE,2018-03-31,PROCESSED_PRE_V3_UNKNOWN,34.3,34.45,34.1,34.1,2393759.0,A_TRADING_CALENDAR_MISSING_LEGAL_SESSION,ADD_VERIFIED_OFFICIAL_SESSION
9945,TWSE,2018-12-22,PROCESSED_PRE_V3_UNKNOWN,45.3,45.3,45.1,45.1,592205.0,A_TRADING_CALENDAR_MISSING_LEGAL_SESSION,ADD_VERIFIED_OFFICIAL_SESSION
9945,TWSE,2019-09-09,PROCESSED_PRE_V3_UNKNOWN,43.1,43.15,42.85,42.95,707492.0,A_TRADING_CALENDAR_MISSING_LEGAL_SESSION,ADD_VERIFIED_OFFICIAL_SESSION
9945,TWSE,2021-04-06,PROCESSED_PRE_V3_UNKNOWN,49.7,50.3,49.65,50.0,9683271.0,A_TRADING_CALENDAR_MISSING_LEGAL_SESSION,ADD_VERIFIED_OFFICIAL_SESSION
9945,TWSE,2026-08-20,PROCESSED_PRE_V3_UNKNOWN,29.95,30.2,29.7,29.85,4993004.0,A_TRADING_CALENDAR_MISSING_LEGAL_SESSION,ADD_VERIFIED_OFFICIAL_SESSION
9946,TWSE,2026-07-10,PROCESSED_PRE_V3_UNKNOWN,19.899999618530273,19.899999618530273,19.899999618530273,19.899999618530273,0.0,C_PROVIDER_SYNTHETIC_NONTRADING_BAR,REMOVE_CONFIRMED_ERROR
9955,TWSE,2026-07-10,PROCESSED_PRE_V3_UNKNOWN,26.200000762939453,26.200000762939453,26.200000762939453,26.200000762939453,0.0,C_PROVIDER_SYNTHETIC_NONTRADING_BAR,REMOVE_CONFIRMED_ERROR
9958,TWSE,2018-03-31,PROCESSED_PRE_V3_UNKNOWN,83.4,83.4,79.0,80.5,39474506.0,A_TRADING_CALENDAR_MISSING_LEGAL_SESSION,ADD_VERIFIED_OFFICIAL_SESSION
9958,TWSE,2018-12-22,PROCESSED_PRE_V3_UNKNOWN,63.3,65.0,62.6,65.0,8666430.0,A_TRADING_CALENDAR_MISSING_LEGAL_SESSION,ADD_VERIFIED_OFFICIAL_SESSION
9958,TWSE,2019-09-09,PROCESSED_PRE_V3_UNKNOWN,76.4,76.9,75.1,75.2,2587195.0,A_TRADING_CALENDAR_MISSING_LEGAL_SESSION,ADD_VERIFIED_OFFICIAL_SESSION
9958,TWSE,2021-04-06,PROCESSED_PRE_V3_UNKNOWN,106.5,107.5,105.0,106.5,1966203.0,A_TRADING_CALENDAR_MISSING_LEGAL_SESSION,ADD_VERIFIED_OFFICIAL_SESSION
9958,TWSE,2026-08-20,PROCESSED_PRE_V3_UNKNOWN,100.0,101.5,99.9,101.0,1454551.0,A_TRADING_CALENDAR_MISSING_LEGAL_SESSION,ADD_VERIFIED_OFFICIAL_SESSION
