symbol,exchange,date,open,high,low,close,volume,resolution,evidence
1109,TWSE,2018-10-11,15.526320457458496,15.526320457458496,15.526320457458496,15.526320457458496,0.0,REMOVE_PROVIDER_FORWARD_FILL_OFFICIAL_NO_QUOTE,data/official_daily/TWSE_*.parquet
1109,TWSE,2018-10-12,15.526320457458496,15.526320457458496,15.526320457458496,15.526320457458496,0.0,REMOVE_PROVIDER_FORWARD_FILL_OFFICIAL_NO_QUOTE,data/official_daily/TWSE_*.parquet
1109,TWSE,2018-10-15,15.526320457458496,15.526320457458496,15.526320457458496,15.526320457458496,0.0,REMOVE_PROVIDER_FORWARD_FILL_OFFICIAL_NO_QUOTE,data/official_daily/TWSE_*.parquet
1109,TWSE,2018-10-16,15.526320457458496,15.526320457458496,15.526320457458496,15.526320457458496,0.0,REMOVE_PROVIDER_FORWARD_FILL_OFFICIAL_NO_QUOTE,data/official_daily/TWSE_*.parquet
1109,TWSE,2018-10-17,15.526320457458496,15.526320457458496,15.526320457458496,15.526320457458496,0.0,REMOVE_PROVIDER_FORWARD_FILL_OFFICIAL_NO_QUOTE,data/official_daily/TWSE_*.parquet
1109,TWSE,2018-10-18,15.526320457458496,15.526320457458496,15.526320457458496,15.526320457458496,0.0,REMOVE_PROVIDER_FORWARD_FILL_OFFICIAL_NO_QUOTE,data/official_daily/TWSE_*.parquet
1109,TWSE,2018-10-19,15.526320457458496,15.526320457458496,15.526320457458496,15.526320457458496,0.0,REMOVE_PROVIDER_FORWARD_FILL_OFFICIAL_NO_QUOTE,data/official_daily/TWSE_*.parquet
1213,TWSE,2019-04-08,8.75,8.75,8.75,8.75,0.0,REMOVE_PROVIDER_FORWARD_FILL_OFFICIAL_NO_QUOTE,data/official_daily/TWSE_*.parquet
1213,TWSE,2019-04-09,8.75,8.75,8.75,8.75,0.0,REMOVE_PROVIDER_FORWARD_FILL_OFFICIAL_NO_QUOTE,data/official_daily/TWSE_*.parquet
1213,TWSE,2019-04-10,8.75,8.75,8.75,8.75,0.0,REMOVE_PROVIDER_FORWARD_FILL_OFFICIAL_NO_QUOTE,data/official_daily/TWSE_*.parquet
1213,TWSE,2019-04-11,8.75,8.75,8.75,8.75,0.0,REMOVE_PROVIDER_FORWARD_FILL_OFFICIAL_NO_QUOTE,data/official_daily/TWSE_*.parquet
1213,TWSE,2019-04-12,8.75,8.75,8.75,8.75,0.0,REMOVE_PROVIDER_FORWARD_FILL_OFFICIAL_NO_QUOTE,data/official_daily/TWSE_*.parquet
1213,TWSE,2019-04-15,8.75,8.75,8.75,8.75,0.0,REMOVE_PROVIDER_FORWARD_FILL_OFFICIAL_NO_QUOTE,data/official_daily/TWSE_*.parquet
1213,TWSE,2019-04-16,8.75,8.75,8.75,8.75,0.0,REMOVE_PROVIDER_FORWARD_FILL_OFFICIAL_NO_QUOTE,data/official_daily/TWSE_*.parquet
1213,TWSE,2019-04-17,8.75,8.75,8.75,8.75,0.0,REMOVE_PROVIDER_FORWARD_FILL_OFFICIAL_NO_QUOTE,data/official_daily/TWSE_*.parquet
1213,TWSE,2019-04-18,8.75,8.75,8.75,8.75,0.0,REMOVE_PROVIDER_FORWARD_FILL_OFFICIAL_NO_QUOTE,data/official_daily/TWSE_*.parquet
1213,TWSE,2019-04-19,8.75,8.75,8.75,8.75,0.0,REMOVE_PROVIDER_FORWARD_FILL_OFFICIAL_NO_QUOTE,data/official_daily/TWSE_*.parquet
1213,TWSE,2019-04-22,8.75,8.75,8.75,8.75,0.0,REMOVE_PROVIDER_FORWARD_FILL_OFFICIAL_NO_QUOTE,data/official_daily/TWSE_*.parquet
1213,TWSE,2019-04-23,8.75,8.75,8.75,8.75,0.0,REMOVE_PROVIDER_FORWARD_FILL_OFFICIAL_NO_QUOTE,data/official_daily/TWSE_*.parquet
1213,TWSE,2019-04-24,8.75,8.75,8.75,8.75,0.0,REMOVE_PROVIDER_FORWARD_FILL_OFFICIAL_NO_QUOTE,data/official_daily/TWSE_*.parquet
1213,TWSE,2019-04-25,8.75,8.75,8.75,8.75,0.0,REMOVE_PROVIDER_FORWARD_FILL_OFFICIAL_NO_QUOTE,data/official_daily/TWSE_*.parquet
1213,TWSE,2019-04-26,8.75,8.75,8.75,8.75,0.0,REMOVE_PROVIDER_FORWARD_FILL_OFFICIAL_NO_QUOTE,data/official_daily/TWSE_*.parquet
1213,TWSE,2019-04-29,8.75,8.75,8.75,8.75,0.0,REMOVE_PROVIDER_FORWARD_FILL_OFFICIAL_NO_QUOTE,data/official_daily/TWSE_*.parquet
1213,TWSE,2019-04-30,8.75,8.75,8.75,8.75,0.0,REMOVE_PROVIDER_FORWARD_FILL_OFFICIAL_NO_QUOTE,data/official_daily/TWSE_*.parquet
1213,TWSE,2019-05-02,8.75,8.75,8.75,8.75,0.0,REMOVE_PROVIDER_FORWARD_FILL_OFFICIAL_NO_QUOTE,data/official_daily/TWSE_*.parquet
1213,TWSE,2019-05-03,8.75,8.75,8.75,8.75,0.0,REMOVE_PROVIDER_FORWARD_FILL_OFFICIAL_NO_QUOTE,data/official_daily/TWSE_*.parquet
1213,TWSE,2019-05-06,8.75,8.75,8.75,8.75,0.0,REMOVE_PROVIDER_FORWARD_FILL_OFFICIAL_NO_QUOTE,data/official_daily/TWSE_*.parquet
1213,TWSE,2019-05-07,8.75,8.75,8.75,8.75,0.0,REMOVE_PROVIDER_FORWARD_FILL_OFFICIAL_NO_QUOTE,data/official_daily/TWSE_*.parquet
1213,TWSE,2019-05-08,8.75,8.75,8.75,8.75,0.0,REMOVE_PROVIDER_FORWARD_FILL_OFFICIAL_NO_QUOTE,data/official_daily/TWSE_*.parquet
1213,TWSE,2019-05-09,8.75,8.75,8.75,8.75,0.0,REMOVE_PROVIDER_FORWARD_FILL_OFFICIAL_NO_QUOTE,data/official_daily/TWSE_*.parquet
1213,TWSE,2019-05-10,8.75,8.75,8.75,8.75,0.0,REMOVE_PROVIDER_FORWARD_FILL_OFFICIAL_NO_QUOTE,data/official_daily/TWSE_*.parquet
1213,TWSE,2019-05-13,8.75,8.75,8.75,8.75,0.0,REMOVE_PROVIDER_FORWARD_FILL_OFFICIAL_NO_QUOTE,data/official_daily/TWSE_*.parquet
1213,TWSE,2019-05-14,8.75,8.75,8.75,8.75,0.0,REMOVE_PROVIDER_FORWARD_FILL_OFFICIAL_NO_QUOTE,data/official_daily/TWSE_*.parquet
1213,TWSE,2019-05-15,8.75,8.75,8.75,8.75,0.0,REMOVE_PROVIDER_FORWARD_FILL_OFFICIAL_NO_QUOTE,data/official_daily/TWSE_*.parquet
1213,TWSE,2019-05-16,8.75,8.75,8.75,8.75,0.0,REMOVE_PROVIDER_FORWARD_FILL_OFFICIAL_NO_QUOTE,data/official_daily/TWSE_*.parquet
1213,TWSE,2019-05-17,8.75,8.75,8.75,8.75,0.0,REMOVE_PROVIDER_FORWARD_FILL_OFFICIAL_NO_QUOTE,data/official_daily/TWSE_*.parquet
1213,TWSE,2019-05-20,8.75,8.75,8.75,8.75,0.0,REMOVE_PROVIDER_FORWARD_FILL_OFFICIAL_NO_QUOTE,data/official_daily/TWSE_*.parquet
1213,TWSE,2019-05-21,8.75,8.75,8.75,8.75,0.0,REMOVE_PROVIDER_FORWARD_FILL_OFFICIAL_NO_QUOTE,data/official_daily/TWSE_*.parquet
1213,TWSE,2019-05-22,8.75,8.75,8.75,8.75,0.0,REMOVE_PROVIDER_FORWARD_FILL_OFFICIAL_NO_QUOTE,data/official_daily/TWSE_*.parquet
1213,TWSE,2019-05-23,8.75,8.75,8.75,8.75,0.0,REMOVE_PROVIDER_FORWARD_FILL_OFFICIAL_NO_QUOTE,data/official_daily/TWSE_*.parquet
1213,TWSE,2019-05-24,8.75,8.75,8.75,8.75,0.0,REMOVE_PROVIDER_FORWARD_FILL_OFFICIAL_NO_QUOTE,data/official_daily/TWSE_*.parquet
1213,TWSE,2019-05-27,8.75,8.75,8.75,8.75,0.0,REMOVE_PROVIDER_FORWARD_FILL_OFFICIAL_NO_QUOTE,data/official_daily/TWSE_*.parquet
1213,TWSE,2019-05-28,8.75,8.75,8.75,8.75,0.0,REMOVE_PROVIDER_FORWARD_FILL_OFFICIAL_NO_QUOTE,data/official_daily/TWSE_*.parquet
1213,TWSE,2019-05-29,8.75,8.75,8.75,8.75,0.0,REMOVE_PROVIDER_FORWARD_FILL_OFFICIAL_NO_QUOTE,data/official_daily/TWSE_*.parquet
1213,TWSE,2019-05-30,8.75,8.75,8.75,8.75,0.0,REMOVE_PROVIDER_FORWARD_FILL_OFFICIAL_NO_QUOTE,data/official_daily/TWSE_*.parquet
1213,TWSE,2019-05-31,8.75,8.75,8.75,8.75,0.0,REMOVE_PROVIDER_FORWARD_FILL_OFFICIAL_NO_QUOTE,data/official_daily/TWSE_*.parquet
1213,TWSE,2019-06-03,8.75,8.75,8.75,8.75,0.0,REMOVE_PROVIDER_FORWARD_FILL_OFFICIAL_NO_QUOTE,data/official_daily/TWSE_*.parquet
1213,TWSE,2019-06-04,8.75,8.75,8.75,8.75,0.0,REMOVE_PROVIDER_FORWARD_FILL_OFFICIAL_NO_QUOTE,data/official_daily/TWSE_*.parquet
1213,TWSE,2019-06-05,8.75,8.75,8.75,8.75,0.0,REMOVE_PROVIDER_FORWARD_FILL_OFFICIAL_NO_QUOTE,data/official_daily/TWSE_*.parquet
1213,TWSE,2019-06-06,8.75,8.75,8.75,8.75,0.0,REMOVE_PROVIDER_FORWARD_FILL_OFFICIAL_NO_QUOTE,data/official_daily/TWSE_*.parquet
1213,TWSE,2019-06-10,8.75,8.75,8.75,8.75,0.0,REMOVE_PROVIDER_FORWARD_FILL_OFFICIAL_NO_QUOTE,data/official_daily/TWSE_*.parquet
1213,TWSE,2019-06-11,8.75,8.75,8.75,8.75,0.0,REMOVE_PROVIDER_FORWARD_FILL_OFFICIAL_NO_QUOTE,data/official_daily/TWSE_*.parquet
1213,TWSE,2019-06-12,8.75,8.75,8.75,8.75,0.0,REMOVE_PROVIDER_FORWARD_FILL_OFFICIAL_NO_QUOTE,data/official_daily/TWSE_*.parquet
1213,TWSE,2019-06-13,8.75,8.75,8.75,8.75,0.0,REMOVE_PROVIDER_FORWARD_FILL_OFFICIAL_NO_QUOTE,data/official_daily/TWSE_*.parquet
1213,TWSE,2019-06-14,8.75,8.75,8.75,8.75,0.0,REMOVE_PROVIDER_FORWARD_FILL_OFFICIAL_NO_QUOTE,data/official_daily/TWSE_*.parquet
1213,TWSE,2019-06-17,8.75,8.75,8.75,8.75,0.0,REMOVE_PROVIDER_FORWARD_FILL_OFFICIAL_NO_QUOTE,data/official_daily/TWSE_*.parquet
1213,TWSE,2019-06-18,8.75,8.75,8.75,8.75,0.0,REMOVE_PROVIDER_FORWARD_FILL_OFFICIAL_NO_QUOTE,data/official_daily/TWSE_*.parquet
1213,TWSE,2019-06-19,8.75,8.75,8.75,8.75,0.0,REMOVE_PROVIDER_FORWARD_FILL_OFFICIAL_NO_QUOTE,data/official_daily/TWSE_*.parquet
1213,TWSE,2019-06-20,8.75,8.75,8.75,8.75,0.0,REMOVE_PROVIDER_FORWARD_FILL_OFFICIAL_NO_QUOTE,data/official_daily/TWSE_*.parquet
1213,TWSE,2019-06-21,8.75,8.75,8.75,8.75,0.0,REMOVE_PROVIDER_FORWARD_FILL_OFFICIAL_NO_QUOTE,data/official_daily/TWSE_*.parquet
1213,TWSE,2019-06-24,8.75,8.75,8.75,8.75,0.0,REMOVE_PROVIDER_FORWARD_FILL_OFFICIAL_NO_QUOTE,data/official_daily/TWSE_*.parquet
1213,TWSE,2019-06-25,8.75,8.75,8.75,8.75,0.0,REMOVE_PROVIDER_FORWARD_FILL_OFFICIAL_NO_QUOTE,data/official_daily/TWSE_*.parquet
1213,TWSE,2019-06-26,8.75,8.75,8.75,8.75,0.0,REMOVE_PROVIDER_FORWARD_FILL_OFFICIAL_NO_QUOTE,data/official_daily/TWSE_*.parquet
1213,TWSE,2019-06-27,8.75,8.75,8.75,8.75,0.0,REMOVE_PROVIDER_FORWARD_FILL_OFFICIAL_NO_QUOTE,data/official_daily/TWSE_*.parquet
1213,TWSE,2019-06-28,8.75,8.75,8.75,8.75,0.0,REMOVE_PROVIDER_FORWARD_FILL_OFFICIAL_NO_QUOTE,data/official_daily/TWSE_*.parquet
1213,TWSE,2019-07-01,8.75,8.75,8.75,8.75,0.0,REMOVE_PROVIDER_FORWARD_FILL_OFFICIAL_NO_QUOTE,data/official_daily/TWSE_*.parquet
1213,TWSE,2019-07-02,8.75,8.75,8.75,8.75,0.0,REMOVE_PROVIDER_FORWARD_FILL_OFFICIAL_NO_QUOTE,data/official_daily/TWSE_*.parquet
1213,TWSE,2019-07-03,8.75,8.75,8.75,8.75,0.0,REMOVE_PROVIDER_FORWARD_FILL_OFFICIAL_NO_QUOTE,data/official_daily/TWSE_*.parquet
1213,TWSE,2019-07-04,8.75,8.75,8.75,8.75,0.0,REMOVE_PROVIDER_FORWARD_FILL_OFFICIAL_NO_QUOTE,data/official_daily/TWSE_*.parquet
1213,TWSE,2019-07-05,8.75,8.75,8.75,8.75,0.0,REMOVE_PROVIDER_FORWARD_FILL_OFFICIAL_NO_QUOTE,data/official_daily/TWSE_*.parquet
1213,TWSE,2019-07-08,8.75,8.75,8.75,8.75,0.0,REMOVE_PROVIDER_FORWARD_FILL_OFFICIAL_NO_QUOTE,data/official_daily/TWSE_*.parquet
1213,TWSE,2019-07-09,8.75,8.75,8.75,8.75,0.0,REMOVE_PROVIDER_FORWARD_FILL_OFFICIAL_NO_QUOTE,data/official_daily/TWSE_*.parquet
1213,TWSE,2019-07-10,8.75,8.75,8.75,8.75,0.0,REMOVE_PROVIDER_FORWARD_FILL_OFFICIAL_NO_QUOTE,data/official_daily/TWSE_*.parquet
1213,TWSE,2019-07-11,8.75,8.75,8.75,8.75,0.0,REMOVE_PROVIDER_FORWARD_FILL_OFFICIAL_NO_QUOTE,data/official_daily/TWSE_*.parquet
1213,TWSE,2019-07-12,8.75,8.75,8.75,8.75,0.0,REMOVE_PROVIDER_FORWARD_FILL_OFFICIAL_NO_QUOTE,data/official_daily/TWSE_*.parquet
1213,TWSE,2019-07-15,8.75,8.75,8.75,8.75,0.0,REMOVE_PROVIDER_FORWARD_FILL_OFFICIAL_NO_QUOTE,data/official_daily/TWSE_*.parquet
1213,TWSE,2019-07-16,8.75,8.75,8.75,8.75,0.0,REMOVE_PROVIDER_FORWARD_FILL_OFFICIAL_NO_QUOTE,data/official_daily/TWSE_*.parquet
1213,TWSE,2019-07-17,8.75,8.75,8.75,8.75,0.0,REMOVE_PROVIDER_FORWARD_FILL_OFFICIAL_NO_QUOTE,data/official_daily/TWSE_*.parquet
1213,TWSE,2019-07-18,8.75,8.75,8.75,8.75,0.0,REMOVE_PROVIDER_FORWARD_FILL_OFFICIAL_NO_QUOTE,data/official_daily/TWSE_*.parquet
1213,TWSE,2019-07-19,8.75,8.75,8.75,8.75,0.0,REMOVE_PROVIDER_FORWARD_FILL_OFFICIAL_NO_QUOTE,data/official_daily/TWSE_*.parquet
1213,TWSE,2019-07-22,8.75,8.75,8.75,8.75,0.0,REMOVE_PROVIDER_FORWARD_FILL_OFFICIAL_NO_QUOTE,data/official_daily/TWSE_*.parquet
1213,TWSE,2019-07-23,8.75,8.75,8.75,8.75,0.0,REMOVE_PROVIDER_FORWARD_FILL_OFFICIAL_NO_QUOTE,data/official_daily/TWSE_*.parquet
1213,TWSE,2019-07-24,8.75,8.75,8.75,8.75,0.0,REMOVE_PROVIDER_FORWARD_FILL_OFFICIAL_NO_QUOTE,data/official_daily/TWSE_*.parquet
1213,TWSE,2019-07-25,8.75,8.75,8.75,8.75,0.0,REMOVE_PROVIDER_FORWARD_FILL_OFFICIAL_NO_QUOTE,data/official_daily/TWSE_*.parquet
1213,TWSE,2019-07-26,8.75,8.75,8.75,8.75,0.0,REMOVE_PROVIDER_FORWARD_FILL_OFFICIAL_NO_QUOTE,data/official_daily/TWSE_*.parquet
1213,TWSE,2019-08-01,8.75,8.75,8.75,8.75,0.0,REMOVE_PROVIDER_FORWARD_FILL_OFFICIAL_NO_QUOTE,data/official_daily/TWSE_*.parquet
1423,TWSE,2018-10-18,17.88194465637207,17.88194465637207,17.88194465637207,17.88194465637207,0.0,REMOVE_PROVIDER_FORWARD_FILL_OFFICIAL_NO_QUOTE,data/official_daily/TWSE_*.parquet
1423,TWSE,2018-10-19,17.88194465637207,17.88194465637207,17.88194465637207,17.88194465637207,0.0,REMOVE_PROVIDER_FORWARD_FILL_OFFICIAL_NO_QUOTE,data/official_daily/TWSE_*.parquet
1423,TWSE,2018-10-22,17.88194465637207,17.88194465637207,17.88194465637207,17.88194465637207,0.0,REMOVE_PROVIDER_FORWARD_FILL_OFFICIAL_NO_QUOTE,data/official_daily/TWSE_*.parquet
1423,TWSE,2018-10-23,17.88194465637207,17.88194465637207,17.88194465637207,17.88194465637207,0.0,REMOVE_PROVIDER_FORWARD_FILL_OFFICIAL_NO_QUOTE,data/official_daily/TWSE_*.parquet
1423,TWSE,2018-10-24,17.88194465637207,17.88194465637207,17.88194465637207,17.88194465637207,0.0,REMOVE_PROVIDER_FORWARD_FILL_OFFICIAL_NO_QUOTE,data/official_daily/TWSE_*.parquet
1423,TWSE,2018-10-25,17.88194465637207,17.88194465637207,17.88194465637207,17.88194465637207,0.0,REMOVE_PROVIDER_FORWARD_FILL_OFFICIAL_NO_QUOTE,data/official_daily/TWSE_*.parquet
1423,TWSE,2018-10-26,17.88194465637207,17.88194465637207,17.88194465637207,17.88194465637207,0.0,REMOVE_PROVIDER_FORWARD_FILL_OFFICIAL_NO_QUOTE,data/official_daily/TWSE_*.parquet
1471,TWSE,2018-01-11,5.730000019073486,5.730000019073486,5.730000019073486,5.730000019073486,0.0,REMOVE_PROVIDER_FORWARD_FILL_OFFICIAL_NO_QUOTE,data/official_daily/TWSE_*.parquet
1471,TWSE,2018-01-12,5.730000019073486,5.730000019073486,5.730000019073486,5.730000019073486,0.0,REMOVE_PROVIDER_FORWARD_FILL_OFFICIAL_NO_QUOTE,data/official_daily/TWSE_*.parquet
1471,TWSE,2018-01-15,5.730000019073486,5.730000019073486,5.730000019073486,5.730000019073486,0.0,REMOVE_PROVIDER_FORWARD_FILL_OFFICIAL_NO_QUOTE,data/official_daily/TWSE_*.parquet
1471,TWSE,2018-01-16,5.730000019073486,5.730000019073486,5.730000019073486,5.730000019073486,0.0,REMOVE_PROVIDER_FORWARD_FILL_OFFICIAL_NO_QUOTE,data/official_daily/TWSE_*.parquet
1471,TWSE,2018-01-17,5.730000019073486,5.730000019073486,5.730000019073486,5.730000019073486,0.0,REMOVE_PROVIDER_FORWARD_FILL_OFFICIAL_NO_QUOTE,data/official_daily/TWSE_*.parquet
1471,TWSE,2018-01-18,5.730000019073486,5.730000019073486,5.730000019073486,5.730000019073486,0.0,REMOVE_PROVIDER_FORWARD_FILL_OFFICIAL_NO_QUOTE,data/official_daily/TWSE_*.parquet
1471,TWSE,2018-01-19,5.730000019073486,5.730000019073486,5.730000019073486,5.730000019073486,0.0,REMOVE_PROVIDER_FORWARD_FILL_OFFICIAL_NO_QUOTE,data/official_daily/TWSE_*.parquet
1529,TWSE,2018-12-13,14.412740707397461,14.412740707397461,14.412740707397461,14.412740707397461,0.0,REMOVE_PROVIDER_FORWARD_FILL_OFFICIAL_NO_QUOTE,data/official_daily/TWSE_*.parquet
1529,TWSE,2018-12-14,14.412740707397461,14.412740707397461,14.412740707397461,14.412740707397461,0.0,REMOVE_PROVIDER_FORWARD_FILL_OFFICIAL_NO_QUOTE,data/official_daily/TWSE_*.parquet
1529,TWSE,2018-12-17,14.412740707397461,14.412740707397461,14.412740707397461,14.412740707397461,0.0,REMOVE_PROVIDER_FORWARD_FILL_OFFICIAL_NO_QUOTE,data/official_daily/TWSE_*.parquet
1529,TWSE,2018-12-18,14.412740707397461,14.412740707397461,14.412740707397461,14.412740707397461,0.0,REMOVE_PROVIDER_FORWARD_FILL_OFFICIAL_NO_QUOTE,data/official_daily/TWSE_*.parquet
1529,TWSE,2018-12-19,14.412740707397461,14.412740707397461,14.412740707397461,14.412740707397461,0.0,REMOVE_PROVIDER_FORWARD_FILL_OFFICIAL_NO_QUOTE,data/official_daily/TWSE_*.parquet
1529,TWSE,2018-12-20,14.412740707397461,14.412740707397461,14.412740707397461,14.412740707397461,0.0,REMOVE_PROVIDER_FORWARD_FILL_OFFICIAL_NO_QUOTE,data/official_daily/TWSE_*.parquet
1529,TWSE,2018-12-21,14.412740707397461,14.412740707397461,14.412740707397461,14.412740707397461,0.0,REMOVE_PROVIDER_FORWARD_FILL_OFFICIAL_NO_QUOTE,data/official_daily/TWSE_*.parquet
1538,TWSE,2018-09-04,36.55902862548828,36.55902862548828,36.55902862548828,36.55902862548828,0.0,REMOVE_PROVIDER_FORWARD_FILL_OFFICIAL_NO_QUOTE,data/official_daily/TWSE_*.parquet
1538,TWSE,2018-09-05,36.55902862548828,36.55902862548828,36.55902862548828,36.55902862548828,0.0,REMOVE_PROVIDER_FORWARD_FILL_OFFICIAL_NO_QUOTE,data/official_daily/TWSE_*.parquet
1538,TWSE,2018-09-06,36.55902862548828,36.55902862548828,36.55902862548828,36.55902862548828,0.0,REMOVE_PROVIDER_FORWARD_FILL_OFFICIAL_NO_QUOTE,data/official_daily/TWSE_*.parquet
1538,TWSE,2018-09-07,36.55902862548828,36.55902862548828,36.55902862548828,36.55902862548828,0.0,REMOVE_PROVIDER_FORWARD_FILL_OFFICIAL_NO_QUOTE,data/official_daily/TWSE_*.parquet
1538,TWSE,2018-09-10,36.55902862548828,36.55902862548828,36.55902862548828,36.55902862548828,0.0,REMOVE_PROVIDER_FORWARD_FILL_OFFICIAL_NO_QUOTE,data/official_daily/TWSE_*.parquet
1563,TWSE,2018-02-09,61.18181610107422,61.18181610107422,61.18181610107422,61.18181610107422,0.0,REMOVE_PROVIDER_FORWARD_FILL_OFFICIAL_NO_QUOTE,data/official_daily/TWSE_*.parquet
1563,TWSE,2018-03-05,59.98181915283203,59.98181915283203,59.98181915283203,59.98181915283203,0.0,REMOVE_PROVIDER_FORWARD_FILL_OFFICIAL_NO_QUOTE,data/official_daily/TWSE_*.parquet
1582,TWSE,2018-10-25,68.4000015258789,68.4000015258789,68.4000015258789,68.4000015258789,0.0,REMOVE_PROVIDER_FORWARD_FILL_OFFICIAL_NO_QUOTE,data/official_daily/TWSE_*.parquet
1582,TWSE,2018-10-26,68.4000015258789,68.4000015258789,68.4000015258789,68.4000015258789,0.0,REMOVE_PROVIDER_FORWARD_FILL_OFFICIAL_NO_QUOTE,data/official_daily/TWSE_*.parquet
1582,TWSE,2018-10-29,68.4000015258789,68.4000015258789,68.4000015258789,68.4000015258789,0.0,REMOVE_PROVIDER_FORWARD_FILL_OFFICIAL_NO_QUOTE,data/official_daily/TWSE_*.parquet
1582,TWSE,2018-10-30,68.4000015258789,68.4000015258789,68.4000015258789,68.4000015258789,0.0,REMOVE_PROVIDER_FORWARD_FILL_OFFICIAL_NO_QUOTE,data/official_daily/TWSE_*.parquet
1582,TWSE,2018-10-31,68.4000015258789,68.4000015258789,68.4000015258789,68.4000015258789,0.0,REMOVE_PROVIDER_FORWARD_FILL_OFFICIAL_NO_QUOTE,data/official_daily/TWSE_*.parquet
1582,TWSE,2018-11-01,68.4000015258789,68.4000015258789,68.4000015258789,68.4000015258789,0.0,REMOVE_PROVIDER_FORWARD_FILL_OFFICIAL_NO_QUOTE,data/official_daily/TWSE_*.parquet
1582,TWSE,2018-11-02,68.4000015258789,68.4000015258789,68.4000015258789,68.4000015258789,0.0,REMOVE_PROVIDER_FORWARD_FILL_OFFICIAL_NO_QUOTE,data/official_daily/TWSE_*.parquet
1587,TWSE,2018-01-24,23.04520606994629,23.04520606994629,23.04520606994629,23.04520606994629,0.0,REMOVE_PROVIDER_FORWARD_FILL_OFFICIAL_NO_QUOTE,data/official_daily/TWSE_*.parquet
1587,TWSE,2018-03-05,20.449064254760742,20.449064254760742,20.449064254760742,20.449064254760742,0.0,REMOVE_PROVIDER_FORWARD_FILL_OFFICIAL_NO_QUOTE,data/official_daily/TWSE_*.parquet
1603,TWSE,2019-04-08,20.75,20.75,20.75,20.75,0.0,REMOVE_PROVIDER_FORWARD_FILL_OFFICIAL_NO_QUOTE,data/official_daily/TWSE_*.parquet
1603,TWSE,2019-04-09,20.75,20.75,20.75,20.75,0.0,REMOVE_PROVIDER_FORWARD_FILL_OFFICIAL_NO_QUOTE,data/official_daily/TWSE_*.parquet
1603,TWSE,2019-04-10,20.75,20.75,20.75,20.75,0.0,REMOVE_PROVIDER_FORWARD_FILL_OFFICIAL_NO_QUOTE,data/official_daily/TWSE_*.parquet
1603,TWSE,2019-04-11,20.75,20.75,20.75,20.75,0.0,REMOVE_PROVIDER_FORWARD_FILL_OFFICIAL_NO_QUOTE,data/official_daily/TWSE_*.parquet
1603,TWSE,2019-04-12,20.75,20.75,20.75,20.75,0.0,REMOVE_PROVIDER_FORWARD_FILL_OFFICIAL_NO_QUOTE,data/official_daily/TWSE_*.parquet
1603,TWSE,2019-04-15,20.75,20.75,20.75,20.75,0.0,REMOVE_PROVIDER_FORWARD_FILL_OFFICIAL_NO_QUOTE,data/official_daily/TWSE_*.parquet
1603,TWSE,2019-04-16,20.75,20.75,20.75,20.75,0.0,REMOVE_PROVIDER_FORWARD_FILL_OFFICIAL_NO_QUOTE,data/official_daily/TWSE_*.parquet
1603,TWSE,2019-04-17,20.75,20.75,20.75,20.75,0.0,REMOVE_PROVIDER_FORWARD_FILL_OFFICIAL_NO_QUOTE,data/official_daily/TWSE_*.parquet
1603,TWSE,2019-04-18,20.75,20.75,20.75,20.75,0.0,REMOVE_PROVIDER_FORWARD_FILL_OFFICIAL_NO_QUOTE,data/official_daily/TWSE_*.parquet
1603,TWSE,2019-04-19,20.75,20.75,20.75,20.75,0.0,REMOVE_PROVIDER_FORWARD_FILL_OFFICIAL_NO_QUOTE,data/official_daily/TWSE_*.parquet
1603,TWSE,2019-04-22,20.75,20.75,20.75,20.75,0.0,REMOVE_PROVIDER_FORWARD_FILL_OFFICIAL_NO_QUOTE,data/official_daily/TWSE_*.parquet
1603,TWSE,2019-04-23,20.75,20.75,20.75,20.75,0.0,REMOVE_PROVIDER_FORWARD_FILL_OFFICIAL_NO_QUOTE,data/official_daily/TWSE_*.parquet
1603,TWSE,2019-04-24,20.75,20.75,20.75,20.75,0.0,REMOVE_PROVIDER_FORWARD_FILL_OFFICIAL_NO_QUOTE,data/official_daily/TWSE_*.parquet
1603,TWSE,2019-04-25,20.75,20.75,20.75,20.75,0.0,REMOVE_PROVIDER_FORWARD_FILL_OFFICIAL_NO_QUOTE,data/official_daily/TWSE_*.parquet
1603,TWSE,2019-04-26,20.75,20.75,20.75,20.75,0.0,REMOVE_PROVIDER_FORWARD_FILL_OFFICIAL_NO_QUOTE,data/official_daily/TWSE_*.parquet
1603,TWSE,2019-04-29,20.75,20.75,20.75,20.75,0.0,REMOVE_PROVIDER_FORWARD_FILL_OFFICIAL_NO_QUOTE,data/official_daily/TWSE_*.parquet
1603,TWSE,2019-04-30,20.75,20.75,20.75,20.75,0.0,REMOVE_PROVIDER_FORWARD_FILL_OFFICIAL_NO_QUOTE,data/official_daily/TWSE_*.parquet
1603,TWSE,2019-05-02,20.75,20.75,20.75,20.75,0.0,REMOVE_PROVIDER_FORWARD_FILL_OFFICIAL_NO_QUOTE,data/official_daily/TWSE_*.parquet
1603,TWSE,2019-05-03,20.75,20.75,20.75,20.75,0.0,REMOVE_PROVIDER_FORWARD_FILL_OFFICIAL_NO_QUOTE,data/official_daily/TWSE_*.parquet
1603,TWSE,2019-05-06,20.75,20.75,20.75,20.75,0.0,REMOVE_PROVIDER_FORWARD_FILL_OFFICIAL_NO_QUOTE,data/official_daily/TWSE_*.parquet
1603,TWSE,2019-05-07,20.75,20.75,20.75,20.75,0.0,REMOVE_PROVIDER_FORWARD_FILL_OFFICIAL_NO_QUOTE,data/official_daily/TWSE_*.parquet
1603,TWSE,2019-05-08,20.75,20.75,20.75,20.75,0.0,REMOVE_PROVIDER_FORWARD_FILL_OFFICIAL_NO_QUOTE,data/official_daily/TWSE_*.parquet
1603,TWSE,2019-05-09,20.75,20.75,20.75,20.75,0.0,REMOVE_PROVIDER_FORWARD_FILL_OFFICIAL_NO_QUOTE,data/official_daily/TWSE_*.parquet
1603,TWSE,2019-05-10,20.75,20.75,20.75,20.75,0.0,REMOVE_PROVIDER_FORWARD_FILL_OFFICIAL_NO_QUOTE,data/official_daily/TWSE_*.parquet
1603,TWSE,2019-05-13,20.75,20.75,20.75,20.75,0.0,REMOVE_PROVIDER_FORWARD_FILL_OFFICIAL_NO_QUOTE,data/official_daily/TWSE_*.parquet
1603,TWSE,2019-05-14,20.75,20.75,20.75,20.75,0.0,REMOVE_PROVIDER_FORWARD_FILL_OFFICIAL_NO_QUOTE,data/official_daily/TWSE_*.parquet
1603,TWSE,2019-05-15,20.75,20.75,20.75,20.75,0.0,REMOVE_PROVIDER_FORWARD_FILL_OFFICIAL_NO_QUOTE,data/official_daily/TWSE_*.parquet
1603,TWSE,2019-05-16,20.75,20.75,20.75,20.75,0.0,REMOVE_PROVIDER_FORWARD_FILL_OFFICIAL_NO_QUOTE,data/official_daily/TWSE_*.parquet
1603,TWSE,2019-05-17,20.75,20.75,20.75,20.75,0.0,REMOVE_PROVIDER_FORWARD_FILL_OFFICIAL_NO_QUOTE,data/official_daily/TWSE_*.parquet
1603,TWSE,2019-05-20,20.75,20.75,20.75,20.75,0.0,REMOVE_PROVIDER_FORWARD_FILL_OFFICIAL_NO_QUOTE,data/official_daily/TWSE_*.parquet
1603,TWSE,2019-05-21,20.75,20.75,20.75,20.75,0.0,REMOVE_PROVIDER_FORWARD_FILL_OFFICIAL_NO_QUOTE,data/official_daily/TWSE_*.parquet
1603,TWSE,2019-05-22,20.75,20.75,20.75,20.75,0.0,REMOVE_PROVIDER_FORWARD_FILL_OFFICIAL_NO_QUOTE,data/official_daily/TWSE_*.parquet
1603,TWSE,2019-05-23,20.75,20.75,20.75,20.75,0.0,REMOVE_PROVIDER_FORWARD_FILL_OFFICIAL_NO_QUOTE,data/official_daily/TWSE_*.parquet
1603,TWSE,2019-05-24,20.75,20.75,20.75,20.75,0.0,REMOVE_PROVIDER_FORWARD_FILL_OFFICIAL_NO_QUOTE,data/official_daily/TWSE_*.parquet
1603,TWSE,2019-05-27,20.75,20.75,20.75,20.75,0.0,REMOVE_PROVIDER_FORWARD_FILL_OFFICIAL_NO_QUOTE,data/official_daily/TWSE_*.parquet
1603,TWSE,2019-05-28,20.75,20.75,20.75,20.75,0.0,REMOVE_PROVIDER_FORWARD_FILL_OFFICIAL_NO_QUOTE,data/official_daily/TWSE_*.parquet
1603,TWSE,2019-05-29,20.75,20.75,20.75,20.75,0.0,REMOVE_PROVIDER_FORWARD_FILL_OFFICIAL_NO_QUOTE,data/official_daily/TWSE_*.parquet
1603,TWSE,2019-05-30,20.75,20.75,20.75,20.75,0.0,REMOVE_PROVIDER_FORWARD_FILL_OFFICIAL_NO_QUOTE,data/official_daily/TWSE_*.parquet
1603,TWSE,2019-05-31,20.75,20.75,20.75,20.75,0.0,REMOVE_PROVIDER_FORWARD_FILL_OFFICIAL_NO_QUOTE,data/official_daily/TWSE_*.parquet
1603,TWSE,2019-06-03,20.75,20.75,20.75,20.75,0.0,REMOVE_PROVIDER_FORWARD_FILL_OFFICIAL_NO_QUOTE,data/official_daily/TWSE_*.parquet
1603,TWSE,2019-06-04,20.75,20.75,20.75,20.75,0.0,REMOVE_PROVIDER_FORWARD_FILL_OFFICIAL_NO_QUOTE,data/official_daily/TWSE_*.parquet
1603,TWSE,2019-06-05,20.75,20.75,20.75,20.75,0.0,REMOVE_PROVIDER_FORWARD_FILL_OFFICIAL_NO_QUOTE,data/official_daily/TWSE_*.parquet
1603,TWSE,2019-06-06,20.75,20.75,20.75,20.75,0.0,REMOVE_PROVIDER_FORWARD_FILL_OFFICIAL_NO_QUOTE,data/official_daily/TWSE_*.parquet
1603,TWSE,2019-06-10,20.75,20.75,20.75,20.75,0.0,REMOVE_PROVIDER_FORWARD_FILL_OFFICIAL_NO_QUOTE,data/official_daily/TWSE_*.parquet
1603,TWSE,2019-06-11,20.75,20.75,20.75,20.75,0.0,REMOVE_PROVIDER_FORWARD_FILL_OFFICIAL_NO_QUOTE,data/official_daily/TWSE_*.parquet
1603,TWSE,2019-06-12,20.75,20.75,20.75,20.75,0.0,REMOVE_PROVIDER_FORWARD_FILL_OFFICIAL_NO_QUOTE,data/official_daily/TWSE_*.parquet
1603,TWSE,2019-06-13,20.75,20.75,20.75,20.75,0.0,REMOVE_PROVIDER_FORWARD_FILL_OFFICIAL_NO_QUOTE,data/official_daily/TWSE_*.parquet
1603,TWSE,2019-06-14,20.75,20.75,20.75,20.75,0.0,REMOVE_PROVIDER_FORWARD_FILL_OFFICIAL_NO_QUOTE,data/official_daily/TWSE_*.parquet
1603,TWSE,2019-06-17,20.75,20.75,20.75,20.75,0.0,REMOVE_PROVIDER_FORWARD_FILL_OFFICIAL_NO_QUOTE,data/official_daily/TWSE_*.parquet
1603,TWSE,2019-06-18,20.75,20.75,20.75,20.75,0.0,REMOVE_PROVIDER_FORWARD_FILL_OFFICIAL_NO_QUOTE,data/official_daily/TWSE_*.parquet
1603,TWSE,2019-06-19,20.75,20.75,20.75,20.75,0.0,REMOVE_PROVIDER_FORWARD_FILL_OFFICIAL_NO_QUOTE,data/official_daily/TWSE_*.parquet
1603,TWSE,2019-06-20,20.75,20.75,20.75,20.75,0.0,REMOVE_PROVIDER_FORWARD_FILL_OFFICIAL_NO_QUOTE,data/official_daily/TWSE_*.parquet
1603,TWSE,2019-06-21,20.75,20.75,20.75,20.75,0.0,REMOVE_PROVIDER_FORWARD_FILL_OFFICIAL_NO_QUOTE,data/official_daily/TWSE_*.parquet
1603,TWSE,2019-06-24,20.75,20.75,20.75,20.75,0.0,REMOVE_PROVIDER_FORWARD_FILL_OFFICIAL_NO_QUOTE,data/official_daily/TWSE_*.parquet
1603,TWSE,2019-06-25,20.75,20.75,20.75,20.75,0.0,REMOVE_PROVIDER_FORWARD_FILL_OFFICIAL_NO_QUOTE,data/official_daily/TWSE_*.parquet
1603,TWSE,2019-06-26,20.75,20.75,20.75,20.75,0.0,REMOVE_PROVIDER_FORWARD_FILL_OFFICIAL_NO_QUOTE,data/official_daily/TWSE_*.parquet
1603,TWSE,2019-06-27,20.75,20.75,20.75,20.75,0.0,REMOVE_PROVIDER_FORWARD_FILL_OFFICIAL_NO_QUOTE,data/official_daily/TWSE_*.parquet
1603,TWSE,2019-06-28,20.75,20.75,20.75,20.75,0.0,REMOVE_PROVIDER_FORWARD_FILL_OFFICIAL_NO_QUOTE,data/official_daily/TWSE_*.parquet
1603,TWSE,2019-07-01,20.75,20.75,20.75,20.75,0.0,REMOVE_PROVIDER_FORWARD_FILL_OFFICIAL_NO_QUOTE,data/official_daily/TWSE_*.parquet
1603,TWSE,2019-07-02,20.75,20.75,20.75,20.75,0.0,REMOVE_PROVIDER_FORWARD_FILL_OFFICIAL_NO_QUOTE,data/official_daily/TWSE_*.parquet
1603,TWSE,2019-07-03,20.75,20.75,20.75,20.75,0.0,REMOVE_PROVIDER_FORWARD_FILL_OFFICIAL_NO_QUOTE,data/official_daily/TWSE_*.parquet
1603,TWSE,2019-07-04,20.75,20.75,20.75,20.75,0.0,REMOVE_PROVIDER_FORWARD_FILL_OFFICIAL_NO_QUOTE,data/official_daily/TWSE_*.parquet
1603,TWSE,2019-07-05,20.75,20.75,20.75,20.75,0.0,REMOVE_PROVIDER_FORWARD_FILL_OFFICIAL_NO_QUOTE,data/official_daily/TWSE_*.parquet
1603,TWSE,2019-07-08,20.75,20.75,20.75,20.75,0.0,REMOVE_PROVIDER_FORWARD_FILL_OFFICIAL_NO_QUOTE,data/official_daily/TWSE_*.parquet
1603,TWSE,2019-07-09,20.75,20.75,20.75,20.75,0.0,REMOVE_PROVIDER_FORWARD_FILL_OFFICIAL_NO_QUOTE,data/official_daily/TWSE_*.parquet
1603,TWSE,2019-07-10,20.75,20.75,20.75,20.75,0.0,REMOVE_PROVIDER_FORWARD_FILL_OFFICIAL_NO_QUOTE,data/official_daily/TWSE_*.parquet
1603,TWSE,2019-07-11,20.75,20.75,20.75,20.75,0.0,REMOVE_PROVIDER_FORWARD_FILL_OFFICIAL_NO_QUOTE,data/official_daily/TWSE_*.parquet
1603,TWSE,2019-07-12,20.75,20.75,20.75,20.75,0.0,REMOVE_PROVIDER_FORWARD_FILL_OFFICIAL_NO_QUOTE,data/official_daily/TWSE_*.parquet
1603,TWSE,2019-07-15,20.75,20.75,20.75,20.75,0.0,REMOVE_PROVIDER_FORWARD_FILL_OFFICIAL_NO_QUOTE,data/official_daily/TWSE_*.parquet
1603,TWSE,2019-07-16,20.75,20.75,20.75,20.75,0.0,REMOVE_PROVIDER_FORWARD_FILL_OFFICIAL_NO_QUOTE,data/official_daily/TWSE_*.parquet
1603,TWSE,2019-07-17,20.75,20.75,20.75,20.75,0.0,REMOVE_PROVIDER_FORWARD_FILL_OFFICIAL_NO_QUOTE,data/official_daily/TWSE_*.parquet
1603,TWSE,2019-07-18,20.75,20.75,20.75,20.75,0.0,REMOVE_PROVIDER_FORWARD_FILL_OFFICIAL_NO_QUOTE,data/official_daily/TWSE_*.parquet
1603,TWSE,2019-07-19,20.75,20.75,20.75,20.75,0.0,REMOVE_PROVIDER_FORWARD_FILL_OFFICIAL_NO_QUOTE,data/official_daily/TWSE_*.parquet
1603,TWSE,2019-07-22,20.75,20.75,20.75,20.75,0.0,REMOVE_PROVIDER_FORWARD_FILL_OFFICIAL_NO_QUOTE,data/official_daily/TWSE_*.parquet
1603,TWSE,2019-07-23,20.75,20.75,20.75,20.75,0.0,REMOVE_PROVIDER_FORWARD_FILL_OFFICIAL_NO_QUOTE,data/official_daily/TWSE_*.parquet
1603,TWSE,2019-07-24,20.75,20.75,20.75,20.75,0.0,REMOVE_PROVIDER_FORWARD_FILL_OFFICIAL_NO_QUOTE,data/official_daily/TWSE_*.parquet
1603,TWSE,2019-07-25,20.75,20.75,20.75,20.75,0.0,REMOVE_PROVIDER_FORWARD_FILL_OFFICIAL_NO_QUOTE,data/official_daily/TWSE_*.parquet
1603,TWSE,2019-07-26,20.75,20.75,20.75,20.75,0.0,REMOVE_PROVIDER_FORWARD_FILL_OFFICIAL_NO_QUOTE,data/official_daily/TWSE_*.parquet
1603,TWSE,2019-08-01,20.75,20.75,20.75,20.75,0.0,REMOVE_PROVIDER_FORWARD_FILL_OFFICIAL_NO_QUOTE,data/official_daily/TWSE_*.parquet
1604,TWSE,2018-12-04,13.199999809265137,13.199999809265137,13.199999809265137,13.199999809265137,0.0,REMOVE_PROVIDER_FORWARD_FILL_OFFICIAL_NO_QUOTE,data/official_daily/TWSE_*.parquet
1604,TWSE,2018-12-05,13.199999809265137,13.199999809265137,13.199999809265137,13.199999809265137,0.0,REMOVE_PROVIDER_FORWARD_FILL_OFFICIAL_NO_QUOTE,data/official_daily/TWSE_*.parquet
1604,TWSE,2018-12-06,13.199999809265137,13.199999809265137,13.199999809265137,13.199999809265137,0.0,REMOVE_PROVIDER_FORWARD_FILL_OFFICIAL_NO_QUOTE,data/official_daily/TWSE_*.parquet
1604,TWSE,2018-12-07,13.199999809265137,13.199999809265137,13.199999809265137,13.199999809265137,0.0,REMOVE_PROVIDER_FORWARD_FILL_OFFICIAL_NO_QUOTE,data/official_daily/TWSE_*.parquet
1604,TWSE,2018-12-10,13.199999809265137,13.199999809265137,13.199999809265137,13.199999809265137,0.0,REMOVE_PROVIDER_FORWARD_FILL_OFFICIAL_NO_QUOTE,data/official_daily/TWSE_*.parquet
2022,TWSE,2018-08-16,12.9813871383667,12.9813871383667,12.9813871383667,12.9813871383667,0.0,REMOVE_PROVIDER_FORWARD_FILL_OFFICIAL_NO_QUOTE,data/official_daily/TWSE_*.parquet
2022,TWSE,2018-08-17,12.9813871383667,12.9813871383667,12.9813871383667,12.9813871383667,0.0,REMOVE_PROVIDER_FORWARD_FILL_OFFICIAL_NO_QUOTE,data/official_daily/TWSE_*.parquet
2022,TWSE,2018-08-20,12.9813871383667,12.9813871383667,12.9813871383667,12.9813871383667,0.0,REMOVE_PROVIDER_FORWARD_FILL_OFFICIAL_NO_QUOTE,data/official_daily/TWSE_*.parquet
2022,TWSE,2018-08-21,12.9813871383667,12.9813871383667,12.9813871383667,12.9813871383667,0.0,REMOVE_PROVIDER_FORWARD_FILL_OFFICIAL_NO_QUOTE,data/official_daily/TWSE_*.parquet
2022,TWSE,2018-08-22,12.9813871383667,12.9813871383667,12.9813871383667,12.9813871383667,0.0,REMOVE_PROVIDER_FORWARD_FILL_OFFICIAL_NO_QUOTE,data/official_daily/TWSE_*.parquet
2022,TWSE,2018-08-23,12.9813871383667,12.9813871383667,12.9813871383667,12.9813871383667,0.0,REMOVE_PROVIDER_FORWARD_FILL_OFFICIAL_NO_QUOTE,data/official_daily/TWSE_*.parquet
2022,TWSE,2018-08-24,12.9813871383667,12.9813871383667,12.9813871383667,12.9813871383667,0.0,REMOVE_PROVIDER_FORWARD_FILL_OFFICIAL_NO_QUOTE,data/official_daily/TWSE_*.parquet
2025,TWSE,2018-09-12,3.5011448860168457,3.5011448860168457,3.5011448860168457,3.5011448860168457,0.0,REMOVE_PROVIDER_FORWARD_FILL_OFFICIAL_NO_QUOTE,data/official_daily/TWSE_*.parquet
2025,TWSE,2018-09-13,3.5011448860168457,3.5011448860168457,3.5011448860168457,3.5011448860168457,0.0,REMOVE_PROVIDER_FORWARD_FILL_OFFICIAL_NO_QUOTE,data/official_daily/TWSE_*.parquet
2025,TWSE,2018-09-14,3.5011448860168457,3.5011448860168457,3.5011448860168457,3.5011448860168457,0.0,REMOVE_PROVIDER_FORWARD_FILL_OFFICIAL_NO_QUOTE,data/official_daily/TWSE_*.parquet
2025,TWSE,2018-09-17,3.5011448860168457,3.5011448860168457,3.5011448860168457,3.5011448860168457,0.0,REMOVE_PROVIDER_FORWARD_FILL_OFFICIAL_NO_QUOTE,data/official_daily/TWSE_*.parquet
2025,TWSE,2018-09-18,3.5011448860168457,3.5011448860168457,3.5011448860168457,3.5011448860168457,0.0,REMOVE_PROVIDER_FORWARD_FILL_OFFICIAL_NO_QUOTE,data/official_daily/TWSE_*.parquet
2025,TWSE,2018-09-19,3.5011448860168457,3.5011448860168457,3.5011448860168457,3.5011448860168457,0.0,REMOVE_PROVIDER_FORWARD_FILL_OFFICIAL_NO_QUOTE,data/official_daily/TWSE_*.parquet
2025,TWSE,2018-09-20,3.5011448860168457,3.5011448860168457,3.5011448860168457,3.5011448860168457,0.0,REMOVE_PROVIDER_FORWARD_FILL_OFFICIAL_NO_QUOTE,data/official_daily/TWSE_*.parquet
2025,TWSE,2018-09-21,3.5011448860168457,3.5011448860168457,3.5011448860168457,3.5011448860168457,0.0,REMOVE_PROVIDER_FORWARD_FILL_OFFICIAL_NO_QUOTE,data/official_daily/TWSE_*.parquet
2025,TWSE,2018-09-25,3.5011448860168457,3.5011448860168457,3.5011448860168457,3.5011448860168457,0.0,REMOVE_PROVIDER_FORWARD_FILL_OFFICIAL_NO_QUOTE,data/official_daily/TWSE_*.parquet
2025,TWSE,2018-09-26,3.5011448860168457,3.5011448860168457,3.5011448860168457,3.5011448860168457,0.0,REMOVE_PROVIDER_FORWARD_FILL_OFFICIAL_NO_QUOTE,data/official_daily/TWSE_*.parquet
2025,TWSE,2018-09-27,3.5011448860168457,3.5011448860168457,3.5011448860168457,3.5011448860168457,0.0,REMOVE_PROVIDER_FORWARD_FILL_OFFICIAL_NO_QUOTE,data/official_daily/TWSE_*.parquet
2025,TWSE,2018-09-28,3.5011448860168457,3.5011448860168457,3.5011448860168457,3.5011448860168457,0.0,REMOVE_PROVIDER_FORWARD_FILL_OFFICIAL_NO_QUOTE,data/official_daily/TWSE_*.parquet
2025,TWSE,2018-10-01,3.5011448860168457,3.5011448860168457,3.5011448860168457,3.5011448860168457,0.0,REMOVE_PROVIDER_FORWARD_FILL_OFFICIAL_NO_QUOTE,data/official_daily/TWSE_*.parquet
2025,TWSE,2018-10-02,3.5011448860168457,3.5011448860168457,3.5011448860168457,3.5011448860168457,0.0,REMOVE_PROVIDER_FORWARD_FILL_OFFICIAL_NO_QUOTE,data/official_daily/TWSE_*.parquet
2025,TWSE,2018-10-03,3.5011448860168457,3.5011448860168457,3.5011448860168457,3.5011448860168457,0.0,REMOVE_PROVIDER_FORWARD_FILL_OFFICIAL_NO_QUOTE,data/official_daily/TWSE_*.parquet
2025,TWSE,2018-10-04,3.5011448860168457,3.5011448860168457,3.5011448860168457,3.5011448860168457,0.0,REMOVE_PROVIDER_FORWARD_FILL_OFFICIAL_NO_QUOTE,data/official_daily/TWSE_*.parquet
2025,TWSE,2018-10-05,3.5011448860168457,3.5011448860168457,3.5011448860168457,3.5011448860168457,0.0,REMOVE_PROVIDER_FORWARD_FILL_OFFICIAL_NO_QUOTE,data/official_daily/TWSE_*.parquet
2025,TWSE,2018-10-08,3.5011448860168457,3.5011448860168457,3.5011448860168457,3.5011448860168457,0.0,REMOVE_PROVIDER_FORWARD_FILL_OFFICIAL_NO_QUOTE,data/official_daily/TWSE_*.parquet
2025,TWSE,2018-10-09,3.5011448860168457,3.5011448860168457,3.5011448860168457,3.5011448860168457,0.0,REMOVE_PROVIDER_FORWARD_FILL_OFFICIAL_NO_QUOTE,data/official_daily/TWSE_*.parquet
2025,TWSE,2018-10-11,3.5011448860168457,3.5011448860168457,3.5011448860168457,3.5011448860168457,0.0,REMOVE_PROVIDER_FORWARD_FILL_OFFICIAL_NO_QUOTE,data/official_daily/TWSE_*.parquet
2025,TWSE,2018-10-12,3.5011448860168457,3.5011448860168457,3.5011448860168457,3.5011448860168457,0.0,REMOVE_PROVIDER_FORWARD_FILL_OFFICIAL_NO_QUOTE,data/official_daily/TWSE_*.parquet
2025,TWSE,2018-10-15,3.5011448860168457,3.5011448860168457,3.5011448860168457,3.5011448860168457,0.0,REMOVE_PROVIDER_FORWARD_FILL_OFFICIAL_NO_QUOTE,data/official_daily/TWSE_*.parquet
2025,TWSE,2018-10-16,3.5011448860168457,3.5011448860168457,3.5011448860168457,3.5011448860168457,0.0,REMOVE_PROVIDER_FORWARD_FILL_OFFICIAL_NO_QUOTE,data/official_daily/TWSE_*.parquet
2025,TWSE,2018-10-17,3.5011448860168457,3.5011448860168457,3.5011448860168457,3.5011448860168457,0.0,REMOVE_PROVIDER_FORWARD_FILL_OFFICIAL_NO_QUOTE,data/official_daily/TWSE_*.parquet
2025,TWSE,2018-10-18,3.5011448860168457,3.5011448860168457,3.5011448860168457,3.5011448860168457,0.0,REMOVE_PROVIDER_FORWARD_FILL_OFFICIAL_NO_QUOTE,data/official_daily/TWSE_*.parquet
2025,TWSE,2018-10-19,3.5011448860168457,3.5011448860168457,3.5011448860168457,3.5011448860168457,0.0,REMOVE_PROVIDER_FORWARD_FILL_OFFICIAL_NO_QUOTE,data/official_daily/TWSE_*.parquet
2025,TWSE,2018-10-22,3.5011448860168457,3.5011448860168457,3.5011448860168457,3.5011448860168457,0.0,REMOVE_PROVIDER_FORWARD_FILL_OFFICIAL_NO_QUOTE,data/official_daily/TWSE_*.parquet
2025,TWSE,2018-10-23,3.5011448860168457,3.5011448860168457,3.5011448860168457,3.5011448860168457,0.0,REMOVE_PROVIDER_FORWARD_FILL_OFFICIAL_NO_QUOTE,data/official_daily/TWSE_*.parquet
2025,TWSE,2018-10-24,3.5011448860168457,3.5011448860168457,3.5011448860168457,3.5011448860168457,0.0,REMOVE_PROVIDER_FORWARD_FILL_OFFICIAL_NO_QUOTE,data/official_daily/TWSE_*.parquet
2025,TWSE,2018-10-25,3.5011448860168457,3.5011448860168457,3.5011448860168457,3.5011448860168457,0.0,REMOVE_PROVIDER_FORWARD_FILL_OFFICIAL_NO_QUOTE,data/official_daily/TWSE_*.parquet
2025,TWSE,2018-10-26,3.5011448860168457,3.5011448860168457,3.5011448860168457,3.5011448860168457,0.0,REMOVE_PROVIDER_FORWARD_FILL_OFFICIAL_NO_QUOTE,data/official_daily/TWSE_*.parquet
2025,TWSE,2018-10-29,3.5011448860168457,3.5011448860168457,3.5011448860168457,3.5011448860168457,0.0,REMOVE_PROVIDER_FORWARD_FILL_OFFICIAL_NO_QUOTE,data/official_daily/TWSE_*.parquet
2025,TWSE,2018-10-30,3.5011448860168457,3.5011448860168457,3.5011448860168457,3.5011448860168457,0.0,REMOVE_PROVIDER_FORWARD_FILL_OFFICIAL_NO_QUOTE,data/official_daily/TWSE_*.parquet
2025,TWSE,2018-10-31,3.5011448860168457,3.5011448860168457,3.5011448860168457,3.5011448860168457,0.0,REMOVE_PROVIDER_FORWARD_FILL_OFFICIAL_NO_QUOTE,data/official_daily/TWSE_*.parquet
2025,TWSE,2018-11-01,3.5011448860168457,3.5011448860168457,3.5011448860168457,3.5011448860168457,0.0,REMOVE_PROVIDER_FORWARD_FILL_OFFICIAL_NO_QUOTE,data/official_daily/TWSE_*.parquet
2025,TWSE,2018-11-02,3.5011448860168457,3.5011448860168457,3.5011448860168457,3.5011448860168457,0.0,REMOVE_PROVIDER_FORWARD_FILL_OFFICIAL_NO_QUOTE,data/official_daily/TWSE_*.parquet
2025,TWSE,2018-11-05,3.5011448860168457,3.5011448860168457,3.5011448860168457,3.5011448860168457,0.0,REMOVE_PROVIDER_FORWARD_FILL_OFFICIAL_NO_QUOTE,data/official_daily/TWSE_*.parquet
2025,TWSE,2018-11-06,3.5011448860168457,3.5011448860168457,3.5011448860168457,3.5011448860168457,0.0,REMOVE_PROVIDER_FORWARD_FILL_OFFICIAL_NO_QUOTE,data/official_daily/TWSE_*.parquet
2025,TWSE,2018-11-07,3.5011448860168457,3.5011448860168457,3.5011448860168457,3.5011448860168457,0.0,REMOVE_PROVIDER_FORWARD_FILL_OFFICIAL_NO_QUOTE,data/official_daily/TWSE_*.parquet
2025,TWSE,2018-11-08,3.5011448860168457,3.5011448860168457,3.5011448860168457,3.5011448860168457,0.0,REMOVE_PROVIDER_FORWARD_FILL_OFFICIAL_NO_QUOTE,data/official_daily/TWSE_*.parquet
2025,TWSE,2018-11-09,3.5011448860168457,3.5011448860168457,3.5011448860168457,3.5011448860168457,0.0,REMOVE_PROVIDER_FORWARD_FILL_OFFICIAL_NO_QUOTE,data/official_daily/TWSE_*.parquet
2025,TWSE,2018-11-12,3.5011448860168457,3.5011448860168457,3.5011448860168457,3.5011448860168457,0.0,REMOVE_PROVIDER_FORWARD_FILL_OFFICIAL_NO_QUOTE,data/official_daily/TWSE_*.parquet
2025,TWSE,2018-11-13,3.5011448860168457,3.5011448860168457,3.5011448860168457,3.5011448860168457,0.0,REMOVE_PROVIDER_FORWARD_FILL_OFFICIAL_NO_QUOTE,data/official_daily/TWSE_*.parquet
2025,TWSE,2018-11-14,3.5011448860168457,3.5011448860168457,3.5011448860168457,3.5011448860168457,0.0,REMOVE_PROVIDER_FORWARD_FILL_OFFICIAL_NO_QUOTE,data/official_daily/TWSE_*.parquet
2025,TWSE,2018-11-15,3.5011448860168457,3.5011448860168457,3.5011448860168457,3.5011448860168457,0.0,REMOVE_PROVIDER_FORWARD_FILL_OFFICIAL_NO_QUOTE,data/official_daily/TWSE_*.parquet
2025,TWSE,2018-11-16,3.5011448860168457,3.5011448860168457,3.5011448860168457,3.5011448860168457,0.0,REMOVE_PROVIDER_FORWARD_FILL_OFFICIAL_NO_QUOTE,data/official_daily/TWSE_*.parquet
2025,TWSE,2018-11-19,3.5011448860168457,3.5011448860168457,3.5011448860168457,3.5011448860168457,0.0,REMOVE_PROVIDER_FORWARD_FILL_OFFICIAL_NO_QUOTE,data/official_daily/TWSE_*.parquet
2025,TWSE,2018-11-20,3.5011448860168457,3.5011448860168457,3.5011448860168457,3.5011448860168457,0.0,REMOVE_PROVIDER_FORWARD_FILL_OFFICIAL_NO_QUOTE,data/official_daily/TWSE_*.parquet
2025,TWSE,2018-11-21,3.5011448860168457,3.5011448860168457,3.5011448860168457,3.5011448860168457,0.0,REMOVE_PROVIDER_FORWARD_FILL_OFFICIAL_NO_QUOTE,data/official_daily/TWSE_*.parquet
2025,TWSE,2018-11-22,3.5011448860168457,3.5011448860168457,3.5011448860168457,3.5011448860168457,0.0,REMOVE_PROVIDER_FORWARD_FILL_OFFICIAL_NO_QUOTE,data/official_daily/TWSE_*.parquet
2025,TWSE,2018-11-23,3.5011448860168457,3.5011448860168457,3.5011448860168457,3.5011448860168457,0.0,REMOVE_PROVIDER_FORWARD_FILL_OFFICIAL_NO_QUOTE,data/official_daily/TWSE_*.parquet
2025,TWSE,2018-11-26,3.5011448860168457,3.5011448860168457,3.5011448860168457,3.5011448860168457,0.0,REMOVE_PROVIDER_FORWARD_FILL_OFFICIAL_NO_QUOTE,data/official_daily/TWSE_*.parquet
2025,TWSE,2018-11-27,3.5011448860168457,3.5011448860168457,3.5011448860168457,3.5011448860168457,0.0,REMOVE_PROVIDER_FORWARD_FILL_OFFICIAL_NO_QUOTE,data/official_daily/TWSE_*.parquet
2025,TWSE,2018-11-28,3.5011448860168457,3.5011448860168457,3.5011448860168457,3.5011448860168457,0.0,REMOVE_PROVIDER_FORWARD_FILL_OFFICIAL_NO_QUOTE,data/official_daily/TWSE_*.parquet
2025,TWSE,2018-11-29,3.5011448860168457,3.5011448860168457,3.5011448860168457,3.5011448860168457,0.0,REMOVE_PROVIDER_FORWARD_FILL_OFFICIAL_NO_QUOTE,data/official_daily/TWSE_*.parquet
2025,TWSE,2018-11-30,3.5011448860168457,3.5011448860168457,3.5011448860168457,3.5011448860168457,0.0,REMOVE_PROVIDER_FORWARD_FILL_OFFICIAL_NO_QUOTE,data/official_daily/TWSE_*.parquet
2025,TWSE,2018-12-03,3.5011448860168457,3.5011448860168457,3.5011448860168457,3.5011448860168457,0.0,REMOVE_PROVIDER_FORWARD_FILL_OFFICIAL_NO_QUOTE,data/official_daily/TWSE_*.parquet
2025,TWSE,2018-12-04,3.5011448860168457,3.5011448860168457,3.5011448860168457,3.5011448860168457,0.0,REMOVE_PROVIDER_FORWARD_FILL_OFFICIAL_NO_QUOTE,data/official_daily/TWSE_*.parquet
2025,TWSE,2018-12-05,3.5011448860168457,3.5011448860168457,3.5011448860168457,3.5011448860168457,0.0,REMOVE_PROVIDER_FORWARD_FILL_OFFICIAL_NO_QUOTE,data/official_daily/TWSE_*.parquet
2025,TWSE,2018-12-06,3.5011448860168457,3.5011448860168457,3.5011448860168457,3.5011448860168457,0.0,REMOVE_PROVIDER_FORWARD_FILL_OFFICIAL_NO_QUOTE,data/official_daily/TWSE_*.parquet
2025,TWSE,2018-12-07,3.5011448860168457,3.5011448860168457,3.5011448860168457,3.5011448860168457,0.0,REMOVE_PROVIDER_FORWARD_FILL_OFFICIAL_NO_QUOTE,data/official_daily/TWSE_*.parquet
2025,TWSE,2018-12-10,3.5011448860168457,3.5011448860168457,3.5011448860168457,3.5011448860168457,0.0,REMOVE_PROVIDER_FORWARD_FILL_OFFICIAL_NO_QUOTE,data/official_daily/TWSE_*.parquet
2025,TWSE,2018-12-11,3.5011448860168457,3.5011448860168457,3.5011448860168457,3.5011448860168457,0.0,REMOVE_PROVIDER_FORWARD_FILL_OFFICIAL_NO_QUOTE,data/official_daily/TWSE_*.parquet
2025,TWSE,2018-12-12,3.5011448860168457,3.5011448860168457,3.5011448860168457,3.5011448860168457,0.0,REMOVE_PROVIDER_FORWARD_FILL_OFFICIAL_NO_QUOTE,data/official_daily/TWSE_*.parquet
2025,TWSE,2018-12-13,3.5011448860168457,3.5011448860168457,3.5011448860168457,3.5011448860168457,0.0,REMOVE_PROVIDER_FORWARD_FILL_OFFICIAL_NO_QUOTE,data/official_daily/TWSE_*.parquet
2025,TWSE,2018-12-14,3.5011448860168457,3.5011448860168457,3.5011448860168457,3.5011448860168457,0.0,REMOVE_PROVIDER_FORWARD_FILL_OFFICIAL_NO_QUOTE,data/official_daily/TWSE_*.parquet
2025,TWSE,2018-12-17,3.5011448860168457,3.5011448860168457,3.5011448860168457,3.5011448860168457,0.0,REMOVE_PROVIDER_FORWARD_FILL_OFFICIAL_NO_QUOTE,data/official_daily/TWSE_*.parquet
2025,TWSE,2018-12-18,3.5011448860168457,3.5011448860168457,3.5011448860168457,3.5011448860168457,0.0,REMOVE_PROVIDER_FORWARD_FILL_OFFICIAL_NO_QUOTE,data/official_daily/TWSE_*.parquet
2025,TWSE,2018-12-19,3.5011448860168457,3.5011448860168457,3.5011448860168457,3.5011448860168457,0.0,REMOVE_PROVIDER_FORWARD_FILL_OFFICIAL_NO_QUOTE,data/official_daily/TWSE_*.parquet
2025,TWSE,2018-12-20,3.5011448860168457,3.5011448860168457,3.5011448860168457,3.5011448860168457,0.0,REMOVE_PROVIDER_FORWARD_FILL_OFFICIAL_NO_QUOTE,data/official_daily/TWSE_*.parquet
2025,TWSE,2018-12-21,3.5011448860168457,3.5011448860168457,3.5011448860168457,3.5011448860168457,0.0,REMOVE_PROVIDER_FORWARD_FILL_OFFICIAL_NO_QUOTE,data/official_daily/TWSE_*.parquet
2025,TWSE,2018-12-24,3.5011448860168457,3.5011448860168457,3.5011448860168457,3.5011448860168457,0.0,REMOVE_PROVIDER_FORWARD_FILL_OFFICIAL_NO_QUOTE,data/official_daily/TWSE_*.parquet
2025,TWSE,2018-12-25,3.5011448860168457,3.5011448860168457,3.5011448860168457,3.5011448860168457,0.0,REMOVE_PROVIDER_FORWARD_FILL_OFFICIAL_NO_QUOTE,data/official_daily/TWSE_*.parquet
2025,TWSE,2018-12-26,3.5011448860168457,3.5011448860168457,3.5011448860168457,3.5011448860168457,0.0,REMOVE_PROVIDER_FORWARD_FILL_OFFICIAL_NO_QUOTE,data/official_daily/TWSE_*.parquet
2025,TWSE,2018-12-27,3.5011448860168457,3.5011448860168457,3.5011448860168457,3.5011448860168457,0.0,REMOVE_PROVIDER_FORWARD_FILL_OFFICIAL_NO_QUOTE,data/official_daily/TWSE_*.parquet
2025,TWSE,2018-12-28,3.5011448860168457,3.5011448860168457,3.5011448860168457,3.5011448860168457,0.0,REMOVE_PROVIDER_FORWARD_FILL_OFFICIAL_NO_QUOTE,data/official_daily/TWSE_*.parquet
2025,TWSE,2019-01-02,3.5011448860168457,3.5011448860168457,3.5011448860168457,3.5011448860168457,0.0,REMOVE_PROVIDER_FORWARD_FILL_OFFICIAL_NO_QUOTE,data/official_daily/TWSE_*.parquet
2025,TWSE,2019-01-03,3.5011448860168457,3.5011448860168457,3.5011448860168457,3.5011448860168457,0.0,REMOVE_PROVIDER_FORWARD_FILL_OFFICIAL_NO_QUOTE,data/official_daily/TWSE_*.parquet
2025,TWSE,2019-01-04,3.5011448860168457,3.5011448860168457,3.5011448860168457,3.5011448860168457,0.0,REMOVE_PROVIDER_FORWARD_FILL_OFFICIAL_NO_QUOTE,data/official_daily/TWSE_*.parquet
2025,TWSE,2019-01-07,3.5011448860168457,3.5011448860168457,3.5011448860168457,3.5011448860168457,0.0,REMOVE_PROVIDER_FORWARD_FILL_OFFICIAL_NO_QUOTE,data/official_daily/TWSE_*.parquet
2025,TWSE,2019-01-08,3.5011448860168457,3.5011448860168457,3.5011448860168457,3.5011448860168457,0.0,REMOVE_PROVIDER_FORWARD_FILL_OFFICIAL_NO_QUOTE,data/official_daily/TWSE_*.parquet
2025,TWSE,2019-01-09,3.5011448860168457,3.5011448860168457,3.5011448860168457,3.5011448860168457,0.0,REMOVE_PROVIDER_FORWARD_FILL_OFFICIAL_NO_QUOTE,data/official_daily/TWSE_*.parquet
2025,TWSE,2019-01-10,3.5011448860168457,3.5011448860168457,3.5011448860168457,3.5011448860168457,0.0,REMOVE_PROVIDER_FORWARD_FILL_OFFICIAL_NO_QUOTE,data/official_daily/TWSE_*.parquet
2025,TWSE,2019-01-11,3.5011448860168457,3.5011448860168457,3.5011448860168457,3.5011448860168457,0.0,REMOVE_PROVIDER_FORWARD_FILL_OFFICIAL_NO_QUOTE,data/official_daily/TWSE_*.parquet
2025,TWSE,2019-01-14,3.5011448860168457,3.5011448860168457,3.5011448860168457,3.5011448860168457,0.0,REMOVE_PROVIDER_FORWARD_FILL_OFFICIAL_NO_QUOTE,data/official_daily/TWSE_*.parquet
2025,TWSE,2019-01-15,3.5011448860168457,3.5011448860168457,3.5011448860168457,3.5011448860168457,0.0,REMOVE_PROVIDER_FORWARD_FILL_OFFICIAL_NO_QUOTE,data/official_daily/TWSE_*.parquet
2025,TWSE,2019-01-16,3.5011448860168457,3.5011448860168457,3.5011448860168457,3.5011448860168457,0.0,REMOVE_PROVIDER_FORWARD_FILL_OFFICIAL_NO_QUOTE,data/official_daily/TWSE_*.parquet
2025,TWSE,2019-01-17,3.5011448860168457,3.5011448860168457,3.5011448860168457,3.5011448860168457,0.0,REMOVE_PROVIDER_FORWARD_FILL_OFFICIAL_NO_QUOTE,data/official_daily/TWSE_*.parquet
2025,TWSE,2019-01-18,3.5011448860168457,3.5011448860168457,3.5011448860168457,3.5011448860168457,0.0,REMOVE_PROVIDER_FORWARD_FILL_OFFICIAL_NO_QUOTE,data/official_daily/TWSE_*.parquet
2025,TWSE,2019-01-21,3.5011448860168457,3.5011448860168457,3.5011448860168457,3.5011448860168457,0.0,REMOVE_PROVIDER_FORWARD_FILL_OFFICIAL_NO_QUOTE,data/official_daily/TWSE_*.parquet
2025,TWSE,2019-01-22,3.5011448860168457,3.5011448860168457,3.5011448860168457,3.5011448860168457,0.0,REMOVE_PROVIDER_FORWARD_FILL_OFFICIAL_NO_QUOTE,data/official_daily/TWSE_*.parquet
2025,TWSE,2019-01-23,3.5011448860168457,3.5011448860168457,3.5011448860168457,3.5011448860168457,0.0,REMOVE_PROVIDER_FORWARD_FILL_OFFICIAL_NO_QUOTE,data/official_daily/TWSE_*.parquet
2025,TWSE,2019-01-24,3.5011448860168457,3.5011448860168457,3.5011448860168457,3.5011448860168457,0.0,REMOVE_PROVIDER_FORWARD_FILL_OFFICIAL_NO_QUOTE,data/official_daily/TWSE_*.parquet
2025,TWSE,2019-01-25,3.5011448860168457,3.5011448860168457,3.5011448860168457,3.5011448860168457,0.0,REMOVE_PROVIDER_FORWARD_FILL_OFFICIAL_NO_QUOTE,data/official_daily/TWSE_*.parquet
2025,TWSE,2019-01-28,3.5011448860168457,3.5011448860168457,3.5011448860168457,3.5011448860168457,0.0,REMOVE_PROVIDER_FORWARD_FILL_OFFICIAL_NO_QUOTE,data/official_daily/TWSE_*.parquet
2025,TWSE,2019-01-29,3.5011448860168457,3.5011448860168457,3.5011448860168457,3.5011448860168457,0.0,REMOVE_PROVIDER_FORWARD_FILL_OFFICIAL_NO_QUOTE,data/official_daily/TWSE_*.parquet
2025,TWSE,2019-01-30,3.5011448860168457,3.5011448860168457,3.5011448860168457,3.5011448860168457,0.0,REMOVE_PROVIDER_FORWARD_FILL_OFFICIAL_NO_QUOTE,data/official_daily/TWSE_*.parquet
2025,TWSE,2019-02-11,3.5011448860168457,3.5011448860168457,3.5011448860168457,3.5011448860168457,0.0,REMOVE_PROVIDER_FORWARD_FILL_OFFICIAL_NO_QUOTE,data/official_daily/TWSE_*.parquet
2025,TWSE,2019-02-12,3.5011448860168457,3.5011448860168457,3.5011448860168457,3.5011448860168457,0.0,REMOVE_PROVIDER_FORWARD_FILL_OFFICIAL_NO_QUOTE,data/official_daily/TWSE_*.parquet
2025,TWSE,2019-02-13,3.5011448860168457,3.5011448860168457,3.5011448860168457,3.5011448860168457,0.0,REMOVE_PROVIDER_FORWARD_FILL_OFFICIAL_NO_QUOTE,data/official_daily/TWSE_*.parquet
2025,TWSE,2019-02-14,3.5011448860168457,3.5011448860168457,3.5011448860168457,3.5011448860168457,0.0,REMOVE_PROVIDER_FORWARD_FILL_OFFICIAL_NO_QUOTE,data/official_daily/TWSE_*.parquet
2025,TWSE,2019-02-15,3.5011448860168457,3.5011448860168457,3.5011448860168457,3.5011448860168457,0.0,REMOVE_PROVIDER_FORWARD_FILL_OFFICIAL_NO_QUOTE,data/official_daily/TWSE_*.parquet
2025,TWSE,2019-02-18,3.5011448860168457,3.5011448860168457,3.5011448860168457,3.5011448860168457,0.0,REMOVE_PROVIDER_FORWARD_FILL_OFFICIAL_NO_QUOTE,data/official_daily/TWSE_*.parquet
2025,TWSE,2019-02-19,3.5011448860168457,3.5011448860168457,3.5011448860168457,3.5011448860168457,0.0,REMOVE_PROVIDER_FORWARD_FILL_OFFICIAL_NO_QUOTE,data/official_daily/TWSE_*.parquet
2025,TWSE,2019-02-20,3.5011448860168457,3.5011448860168457,3.5011448860168457,3.5011448860168457,0.0,REMOVE_PROVIDER_FORWARD_FILL_OFFICIAL_NO_QUOTE,data/official_daily/TWSE_*.parquet
2025,TWSE,2019-02-21,3.5011448860168457,3.5011448860168457,3.5011448860168457,3.5011448860168457,0.0,REMOVE_PROVIDER_FORWARD_FILL_OFFICIAL_NO_QUOTE,data/official_daily/TWSE_*.parquet
2025,TWSE,2019-02-22,3.5011448860168457,3.5011448860168457,3.5011448860168457,3.5011448860168457,0.0,REMOVE_PROVIDER_FORWARD_FILL_OFFICIAL_NO_QUOTE,data/official_daily/TWSE_*.parquet
2025,TWSE,2019-02-25,3.5011448860168457,3.5011448860168457,3.5011448860168457,3.5011448860168457,0.0,REMOVE_PROVIDER_FORWARD_FILL_OFFICIAL_NO_QUOTE,data/official_daily/TWSE_*.parquet
2025,TWSE,2019-02-26,3.5011448860168457,3.5011448860168457,3.5011448860168457,3.5011448860168457,0.0,REMOVE_PROVIDER_FORWARD_FILL_OFFICIAL_NO_QUOTE,data/official_daily/TWSE_*.parquet
2025,TWSE,2019-02-27,3.5011448860168457,3.5011448860168457,3.5011448860168457,3.5011448860168457,0.0,REMOVE_PROVIDER_FORWARD_FILL_OFFICIAL_NO_QUOTE,data/official_daily/TWSE_*.parquet
2025,TWSE,2019-03-04,3.5011448860168457,3.5011448860168457,3.5011448860168457,3.5011448860168457,0.0,REMOVE_PROVIDER_FORWARD_FILL_OFFICIAL_NO_QUOTE,data/official_daily/TWSE_*.parquet
2025,TWSE,2019-03-05,3.5011448860168457,3.5011448860168457,3.5011448860168457,3.5011448860168457,0.0,REMOVE_PROVIDER_FORWARD_FILL_OFFICIAL_NO_QUOTE,data/official_daily/TWSE_*.parquet
2025,TWSE,2019-03-06,3.5011448860168457,3.5011448860168457,3.5011448860168457,3.5011448860168457,0.0,REMOVE_PROVIDER_FORWARD_FILL_OFFICIAL_NO_QUOTE,data/official_daily/TWSE_*.parquet
2025,TWSE,2019-03-07,3.5011448860168457,3.5011448860168457,3.5011448860168457,3.5011448860168457,0.0,REMOVE_PROVIDER_FORWARD_FILL_OFFICIAL_NO_QUOTE,data/official_daily/TWSE_*.parquet
2025,TWSE,2019-03-08,3.5011448860168457,3.5011448860168457,3.5011448860168457,3.5011448860168457,0.0,REMOVE_PROVIDER_FORWARD_FILL_OFFICIAL_NO_QUOTE,data/official_daily/TWSE_*.parquet
2025,TWSE,2019-03-11,3.5011448860168457,3.5011448860168457,3.5011448860168457,3.5011448860168457,0.0,REMOVE_PROVIDER_FORWARD_FILL_OFFICIAL_NO_QUOTE,data/official_daily/TWSE_*.parquet
2025,TWSE,2019-03-12,3.5011448860168457,3.5011448860168457,3.5011448860168457,3.5011448860168457,0.0,REMOVE_PROVIDER_FORWARD_FILL_OFFICIAL_NO_QUOTE,data/official_daily/TWSE_*.parquet
2025,TWSE,2019-03-13,3.5011448860168457,3.5011448860168457,3.5011448860168457,3.5011448860168457,0.0,REMOVE_PROVIDER_FORWARD_FILL_OFFICIAL_NO_QUOTE,data/official_daily/TWSE_*.parquet
2025,TWSE,2019-03-14,3.5011448860168457,3.5011448860168457,3.5011448860168457,3.5011448860168457,0.0,REMOVE_PROVIDER_FORWARD_FILL_OFFICIAL_NO_QUOTE,data/official_daily/TWSE_*.parquet
2025,TWSE,2019-03-15,3.5011448860168457,3.5011448860168457,3.5011448860168457,3.5011448860168457,0.0,REMOVE_PROVIDER_FORWARD_FILL_OFFICIAL_NO_QUOTE,data/official_daily/TWSE_*.parquet
2025,TWSE,2019-03-18,3.5011448860168457,3.5011448860168457,3.5011448860168457,3.5011448860168457,0.0,REMOVE_PROVIDER_FORWARD_FILL_OFFICIAL_NO_QUOTE,data/official_daily/TWSE_*.parquet
2025,TWSE,2019-03-19,3.5011448860168457,3.5011448860168457,3.5011448860168457,3.5011448860168457,0.0,REMOVE_PROVIDER_FORWARD_FILL_OFFICIAL_NO_QUOTE,data/official_daily/TWSE_*.parquet
2025,TWSE,2019-03-20,3.5011448860168457,3.5011448860168457,3.5011448860168457,3.5011448860168457,0.0,REMOVE_PROVIDER_FORWARD_FILL_OFFICIAL_NO_QUOTE,data/official_daily/TWSE_*.parquet
2025,TWSE,2019-03-21,3.5011448860168457,3.5011448860168457,3.5011448860168457,3.5011448860168457,0.0,REMOVE_PROVIDER_FORWARD_FILL_OFFICIAL_NO_QUOTE,data/official_daily/TWSE_*.parquet
2025,TWSE,2019-03-22,3.5011448860168457,3.5011448860168457,3.5011448860168457,3.5011448860168457,0.0,REMOVE_PROVIDER_FORWARD_FILL_OFFICIAL_NO_QUOTE,data/official_daily/TWSE_*.parquet
2025,TWSE,2019-03-25,3.5011448860168457,3.5011448860168457,3.5011448860168457,3.5011448860168457,0.0,REMOVE_PROVIDER_FORWARD_FILL_OFFICIAL_NO_QUOTE,data/official_daily/TWSE_*.parquet
2025,TWSE,2019-03-26,3.5011448860168457,3.5011448860168457,3.5011448860168457,3.5011448860168457,0.0,REMOVE_PROVIDER_FORWARD_FILL_OFFICIAL_NO_QUOTE,data/official_daily/TWSE_*.parquet
2025,TWSE,2019-03-27,3.5011448860168457,3.5011448860168457,3.5011448860168457,3.5011448860168457,0.0,REMOVE_PROVIDER_FORWARD_FILL_OFFICIAL_NO_QUOTE,data/official_daily/TWSE_*.parquet
2025,TWSE,2019-03-28,3.5011448860168457,3.5011448860168457,3.5011448860168457,3.5011448860168457,0.0,REMOVE_PROVIDER_FORWARD_FILL_OFFICIAL_NO_QUOTE,data/official_daily/TWSE_*.parquet
2025,TWSE,2019-03-29,3.5011448860168457,3.5011448860168457,3.5011448860168457,3.5011448860168457,0.0,REMOVE_PROVIDER_FORWARD_FILL_OFFICIAL_NO_QUOTE,data/official_daily/TWSE_*.parquet
2025,TWSE,2019-04-01,3.5011448860168457,3.5011448860168457,3.5011448860168457,3.5011448860168457,0.0,REMOVE_PROVIDER_FORWARD_FILL_OFFICIAL_NO_QUOTE,data/official_daily/TWSE_*.parquet
2025,TWSE,2019-04-02,3.5011448860168457,3.5011448860168457,3.5011448860168457,3.5011448860168457,0.0,REMOVE_PROVIDER_FORWARD_FILL_OFFICIAL_NO_QUOTE,data/official_daily/TWSE_*.parquet
2025,TWSE,2019-04-03,3.5011448860168457,3.5011448860168457,3.5011448860168457,3.5011448860168457,0.0,REMOVE_PROVIDER_FORWARD_FILL_OFFICIAL_NO_QUOTE,data/official_daily/TWSE_*.parquet
2208,TWSE,2018-07-19,29.952787399291992,29.952787399291992,29.952787399291992,29.952787399291992,0.0,REMOVE_PROVIDER_FORWARD_FILL_OFFICIAL_NO_QUOTE,data/official_daily/TWSE_*.parquet
2208,TWSE,2018-07-20,29.952787399291992,29.952787399291992,29.952787399291992,29.952787399291992,0.0,REMOVE_PROVIDER_FORWARD_FILL_OFFICIAL_NO_QUOTE,data/official_daily/TWSE_*.parquet
2208,TWSE,2018-07-23,29.952787399291992,29.952787399291992,29.952787399291992,29.952787399291992,0.0,REMOVE_PROVIDER_FORWARD_FILL_OFFICIAL_NO_QUOTE,data/official_daily/TWSE_*.parquet
2208,TWSE,2018-07-24,29.952787399291992,29.952787399291992,29.952787399291992,29.952787399291992,0.0,REMOVE_PROVIDER_FORWARD_FILL_OFFICIAL_NO_QUOTE,data/official_daily/TWSE_*.parquet
2208,TWSE,2018-07-25,29.952787399291992,29.952787399291992,29.952787399291992,29.952787399291992,0.0,REMOVE_PROVIDER_FORWARD_FILL_OFFICIAL_NO_QUOTE,data/official_daily/TWSE_*.parquet
2208,TWSE,2018-07-26,29.952787399291992,29.952787399291992,29.952787399291992,29.952787399291992,0.0,REMOVE_PROVIDER_FORWARD_FILL_OFFICIAL_NO_QUOTE,data/official_daily/TWSE_*.parquet
2208,TWSE,2018-07-27,29.952787399291992,29.952787399291992,29.952787399291992,29.952787399291992,0.0,REMOVE_PROVIDER_FORWARD_FILL_OFFICIAL_NO_QUOTE,data/official_daily/TWSE_*.parquet
2237,TWSE,2018-02-09,15.5,15.5,15.5,15.5,0.0,REMOVE_PROVIDER_FORWARD_FILL_OFFICIAL_NO_QUOTE,data/official_daily/TWSE_*.parquet
2237,TWSE,2018-03-05,15.800000190734863,15.800000190734863,15.800000190734863,15.800000190734863,0.0,REMOVE_PROVIDER_FORWARD_FILL_OFFICIAL_NO_QUOTE,data/official_daily/TWSE_*.parquet
2237,TWSE,2019-06-05,17.049999237060547,17.049999237060547,17.049999237060547,17.049999237060547,0.0,REMOVE_PROVIDER_FORWARD_FILL_OFFICIAL_NO_QUOTE,data/official_daily/TWSE_*.parquet
2237,TWSE,2019-06-19,17.100000381469727,17.100000381469727,17.100000381469727,17.100000381469727,0.0,REMOVE_PROVIDER_FORWARD_FILL_OFFICIAL_NO_QUOTE,data/official_daily/TWSE_*.parquet
2237,TWSE,2019-08-01,17.0,17.0,17.0,17.0,0.0,REMOVE_PROVIDER_FORWARD_FILL_OFFICIAL_NO_QUOTE,data/official_daily/TWSE_*.parquet
2241,TWSE,2018-02-09,37.041847229003906,37.041847229003906,37.041847229003906,37.041847229003906,0.0,REMOVE_PROVIDER_FORWARD_FILL_OFFICIAL_NO_QUOTE,data/official_daily/TWSE_*.parquet
2241,TWSE,2018-03-05,38.70901870727539,38.70901870727539,38.70901870727539,38.70901870727539,0.0,REMOVE_PROVIDER_FORWARD_FILL_OFFICIAL_NO_QUOTE,data/official_daily/TWSE_*.parquet
2247,TWSE,2018-01-16,254.0,254.0,254.0,254.0,0.0,REMOVE_PROVIDER_FORWARD_FILL_OFFICIAL_NO_QUOTE,data/official_daily/TWSE_*.parquet
2247,TWSE,2018-01-30,241.99000549316406,241.99000549316406,241.99000549316406,241.99000549316406,0.0,REMOVE_PROVIDER_FORWARD_FILL_OFFICIAL_NO_QUOTE,data/official_daily/TWSE_*.parquet
2247,TWSE,2018-02-09,242.99000549316406,242.99000549316406,242.99000549316406,242.99000549316406,0.0,REMOVE_PROVIDER_FORWARD_FILL_OFFICIAL_NO_QUOTE,data/official_daily/TWSE_*.parquet
2247,TWSE,2018-02-27,245.97999572753906,245.97999572753906,245.97999572753906,245.97999572753906,0.0,REMOVE_PROVIDER_FORWARD_FILL_OFFICIAL_NO_QUOTE,data/official_daily/TWSE_*.parquet
2247,TWSE,2018-03-01,245.97999572753906,245.97999572753906,245.97999572753906,245.97999572753906,0.0,REMOVE_PROVIDER_FORWARD_FILL_OFFICIAL_NO_QUOTE,data/official_daily/TWSE_*.parquet
2247,TWSE,2018-03-05,245.99000549316406,245.99000549316406,245.99000549316406,245.99000549316406,0.0,REMOVE_PROVIDER_FORWARD_FILL_OFFICIAL_NO_QUOTE,data/official_daily/TWSE_*.parquet
2247,TWSE,2018-03-14,246.00999450683594,246.00999450683594,246.00999450683594,246.00999450683594,0.0,REMOVE_PROVIDER_FORWARD_FILL_OFFICIAL_NO_QUOTE,data/official_daily/TWSE_*.parquet
2247,TWSE,2018-03-21,249.99000549316406,249.99000549316406,249.99000549316406,249.99000549316406,0.0,REMOVE_PROVIDER_FORWARD_FILL_OFFICIAL_NO_QUOTE,data/official_daily/TWSE_*.parquet
2247,TWSE,2018-05-04,249.7899932861328,249.7899932861328,249.7899932861328,249.7899932861328,0.0,REMOVE_PROVIDER_FORWARD_FILL_OFFICIAL_NO_QUOTE,data/official_daily/TWSE_*.parquet
2247,TWSE,2018-05-08,249.0,249.0,249.0,249.0,0.0,REMOVE_PROVIDER_FORWARD_FILL_OFFICIAL_NO_QUOTE,data/official_daily/TWSE_*.parquet
2247,TWSE,2018-05-22,245.3000030517578,245.3000030517578,245.3000030517578,245.3000030517578,0.0,REMOVE_PROVIDER_FORWARD_FILL_OFFICIAL_NO_QUOTE,data/official_daily/TWSE_*.parquet
2247,TWSE,2018-05-29,245.0,245.0,245.0,245.0,0.0,REMOVE_PROVIDER_FORWARD_FILL_OFFICIAL_NO_QUOTE,data/official_daily/TWSE_*.parquet
2247,TWSE,2018-05-31,245.0,245.0,245.0,245.0,0.0,REMOVE_PROVIDER_FORWARD_FILL_OFFICIAL_NO_QUOTE,data/official_daily/TWSE_*.parquet
2247,TWSE,2018-06-05,245.99000549316406,245.99000549316406,245.99000549316406,245.99000549316406,0.0,REMOVE_PROVIDER_FORWARD_FILL_OFFICIAL_NO_QUOTE,data/official_daily/TWSE_*.parquet
2247,TWSE,2018-06-06,245.99000549316406,245.99000549316406,245.99000549316406,245.99000549316406,0.0,REMOVE_PROVIDER_FORWARD_FILL_OFFICIAL_NO_QUOTE,data/official_daily/TWSE_*.parquet
2247,TWSE,2018-06-08,240.00999450683594,240.00999450683594,240.00999450683594,240.00999450683594,0.0,REMOVE_PROVIDER_FORWARD_FILL_OFFICIAL_NO_QUOTE,data/official_daily/TWSE_*.parquet
2247,TWSE,2018-06-26,240.0,240.0,240.0,240.0,0.0,REMOVE_PROVIDER_FORWARD_FILL_OFFICIAL_NO_QUOTE,data/official_daily/TWSE_*.parquet
2247,TWSE,2018-07-09,234.00999450683594,234.00999450683594,234.00999450683594,234.00999450683594,0.0,REMOVE_PROVIDER_FORWARD_FILL_OFFICIAL_NO_QUOTE,data/official_daily/TWSE_*.parquet
2247,TWSE,2018-07-10,234.00999450683594,234.00999450683594,234.00999450683594,234.00999450683594,0.0,REMOVE_PROVIDER_FORWARD_FILL_OFFICIAL_NO_QUOTE,data/official_daily/TWSE_*.parquet
2247,TWSE,2018-07-11,234.00999450683594,234.00999450683594,234.00999450683594,234.00999450683594,0.0,REMOVE_PROVIDER_FORWARD_FILL_OFFICIAL_NO_QUOTE,data/official_daily/TWSE_*.parquet
2247,TWSE,2018-07-12,234.00999450683594,234.00999450683594,234.00999450683594,234.00999450683594,0.0,REMOVE_PROVIDER_FORWARD_FILL_OFFICIAL_NO_QUOTE,data/official_daily/TWSE_*.parquet
2247,TWSE,2018-07-13,234.00999450683594,234.00999450683594,234.00999450683594,234.00999450683594,0.0,REMOVE_PROVIDER_FORWARD_FILL_OFFICIAL_NO_QUOTE,data/official_daily/TWSE_*.parquet
2247,TWSE,2018-07-16,234.00999450683594,234.00999450683594,234.00999450683594,234.00999450683594,0.0,REMOVE_PROVIDER_FORWARD_FILL_OFFICIAL_NO_QUOTE,data/official_daily/TWSE_*.parquet
2247,TWSE,2018-07-19,231.8000030517578,231.8000030517578,231.8000030517578,231.8000030517578,0.0,REMOVE_PROVIDER_FORWARD_FILL_OFFICIAL_NO_QUOTE,data/official_daily/TWSE_*.parquet
2247,TWSE,2018-07-20,231.8000030517578,231.8000030517578,231.8000030517578,231.8000030517578,0.0,REMOVE_PROVIDER_FORWARD_FILL_OFFICIAL_NO_QUOTE,data/official_daily/TWSE_*.parquet
2247,TWSE,2018-07-24,240.0,240.0,240.0,240.0,0.0,REMOVE_PROVIDER_FORWARD_FILL_OFFICIAL_NO_QUOTE,data/official_daily/TWSE_*.parquet
2247,TWSE,2018-07-25,240.0,240.0,240.0,240.0,0.0,REMOVE_PROVIDER_FORWARD_FILL_OFFICIAL_NO_QUOTE,data/official_daily/TWSE_*.parquet
2247,TWSE,2018-08-06,226.0,226.0,226.0,226.0,0.0,REMOVE_PROVIDER_FORWARD_FILL_OFFICIAL_NO_QUOTE,data/official_daily/TWSE_*.parquet
2247,TWSE,2018-08-07,226.0,226.0,226.0,226.0,0.0,REMOVE_PROVIDER_FORWARD_FILL_OFFICIAL_NO_QUOTE,data/official_daily/TWSE_*.parquet
2247,TWSE,2018-08-09,232.99000549316406,232.99000549316406,232.99000549316406,232.99000549316406,0.0,REMOVE_PROVIDER_FORWARD_FILL_OFFICIAL_NO_QUOTE,data/official_daily/TWSE_*.parquet
2247,TWSE,2018-08-10,232.99000549316406,232.99000549316406,232.99000549316406,232.99000549316406,0.0,REMOVE_PROVIDER_FORWARD_FILL_OFFICIAL_NO_QUOTE,data/official_daily/TWSE_*.parquet
2247,TWSE,2018-08-13,232.99000549316406,232.99000549316406,232.99000549316406,232.99000549316406,0.0,REMOVE_PROVIDER_FORWARD_FILL_OFFICIAL_NO_QUOTE,data/official_daily/TWSE_*.parquet
2247,TWSE,2018-08-20,222.97000122070312,222.97000122070312,222.97000122070312,222.97000122070312,0.0,REMOVE_PROVIDER_FORWARD_FILL_OFFICIAL_NO_QUOTE,data/official_daily/TWSE_*.parquet
2247,TWSE,2018-09-03,214.99000549316406,214.99000549316406,214.99000549316406,214.99000549316406,0.0,REMOVE_PROVIDER_FORWARD_FILL_OFFICIAL_NO_QUOTE,data/official_daily/TWSE_*.parquet
2247,TWSE,2018-09-07,210.0,210.0,210.0,210.0,0.0,REMOVE_PROVIDER_FORWARD_FILL_OFFICIAL_NO_QUOTE,data/official_daily/TWSE_*.parquet
2247,TWSE,2018-09-11,210.08999633789062,210.08999633789062,210.08999633789062,210.08999633789062,0.0,REMOVE_PROVIDER_FORWARD_FILL_OFFICIAL_NO_QUOTE,data/official_daily/TWSE_*.parquet
2247,TWSE,2018-09-17,203.99000549316406,203.99000549316406,203.99000549316406,203.99000549316406,0.0,REMOVE_PROVIDER_FORWARD_FILL_OFFICIAL_NO_QUOTE,data/official_daily/TWSE_*.parquet
2247,TWSE,2018-09-28,201.0,201.0,201.0,201.0,0.0,REMOVE_PROVIDER_FORWARD_FILL_OFFICIAL_NO_QUOTE,data/official_daily/TWSE_*.parquet
2247,TWSE,2018-10-12,190.0,190.0,190.0,190.0,0.0,REMOVE_PROVIDER_FORWARD_FILL_OFFICIAL_NO_QUOTE,data/official_daily/TWSE_*.parquet
2247,TWSE,2018-10-15,190.0,190.0,190.0,190.0,0.0,REMOVE_PROVIDER_FORWARD_FILL_OFFICIAL_NO_QUOTE,data/official_daily/TWSE_*.parquet
2247,TWSE,2018-10-19,185.99000549316406,185.99000549316406,185.99000549316406,185.99000549316406,0.0,REMOVE_PROVIDER_FORWARD_FILL_OFFICIAL_NO_QUOTE,data/official_daily/TWSE_*.parquet
2247,TWSE,2018-10-22,185.99000549316406,185.99000549316406,185.99000549316406,185.99000549316406,0.0,REMOVE_PROVIDER_FORWARD_FILL_OFFICIAL_NO_QUOTE,data/official_daily/TWSE_*.parquet
2247,TWSE,2018-10-26,177.0500030517578,177.0500030517578,177.0500030517578,177.0500030517578,0.0,REMOVE_PROVIDER_FORWARD_FILL_OFFICIAL_NO_QUOTE,data/official_daily/TWSE_*.parquet
2247,TWSE,2018-10-31,185.0,185.0,185.0,185.0,0.0,REMOVE_PROVIDER_FORWARD_FILL_OFFICIAL_NO_QUOTE,data/official_daily/TWSE_*.parquet
2247,TWSE,2018-11-02,185.0,185.0,185.0,185.0,0.0,REMOVE_PROVIDER_FORWARD_FILL_OFFICIAL_NO_QUOTE,data/official_daily/TWSE_*.parquet
2247,TWSE,2018-11-05,185.0,185.0,185.0,185.0,0.0,REMOVE_PROVIDER_FORWARD_FILL_OFFICIAL_NO_QUOTE,data/official_daily/TWSE_*.parquet
2247,TWSE,2018-11-06,185.0,185.0,185.0,185.0,0.0,REMOVE_PROVIDER_FORWARD_FILL_OFFICIAL_NO_QUOTE,data/official_daily/TWSE_*.parquet
2247,TWSE,2018-11-07,185.0,185.0,185.0,185.0,0.0,REMOVE_PROVIDER_FORWARD_FILL_OFFICIAL_NO_QUOTE,data/official_daily/TWSE_*.parquet
2247,TWSE,2018-11-08,185.0,185.0,185.0,185.0,0.0,REMOVE_PROVIDER_FORWARD_FILL_OFFICIAL_NO_QUOTE,data/official_daily/TWSE_*.parquet
2247,TWSE,2018-11-09,185.0,185.0,185.0,185.0,0.0,REMOVE_PROVIDER_FORWARD_FILL_OFFICIAL_NO_QUOTE,data/official_daily/TWSE_*.parquet
2247,TWSE,2018-11-13,185.0,185.0,185.0,185.0,0.0,REMOVE_PROVIDER_FORWARD_FILL_OFFICIAL_NO_QUOTE,data/official_daily/TWSE_*.parquet
2247,TWSE,2018-11-15,185.0,185.0,185.0,185.0,0.0,REMOVE_PROVIDER_FORWARD_FILL_OFFICIAL_NO_QUOTE,data/official_daily/TWSE_*.parquet
2247,TWSE,2018-11-21,178.0,178.0,178.0,178.0,0.0,REMOVE_PROVIDER_FORWARD_FILL_OFFICIAL_NO_QUOTE,data/official_daily/TWSE_*.parquet
2247,TWSE,2018-11-23,185.0,185.0,185.0,185.0,0.0,REMOVE_PROVIDER_FORWARD_FILL_OFFICIAL_NO_QUOTE,data/official_daily/TWSE_*.parquet
2247,TWSE,2018-12-04,185.0,185.0,185.0,185.0,0.0,REMOVE_PROVIDER_FORWARD_FILL_OFFICIAL_NO_QUOTE,data/official_daily/TWSE_*.parquet
2247,TWSE,2018-12-10,186.99000549316406,186.99000549316406,186.99000549316406,186.99000549316406,0.0,REMOVE_PROVIDER_FORWARD_FILL_OFFICIAL_NO_QUOTE,data/official_daily/TWSE_*.parquet
2247,TWSE,2018-12-11,186.99000549316406,186.99000549316406,186.99000549316406,186.99000549316406,0.0,REMOVE_PROVIDER_FORWARD_FILL_OFFICIAL_NO_QUOTE,data/official_daily/TWSE_*.parquet
2247,TWSE,2018-12-18,197.5,197.5,197.5,197.5,0.0,REMOVE_PROVIDER_FORWARD_FILL_OFFICIAL_NO_QUOTE,data/official_daily/TWSE_*.parquet
2247,TWSE,2018-12-26,195.0,195.0,195.0,195.0,0.0,REMOVE_PROVIDER_FORWARD_FILL_OFFICIAL_NO_QUOTE,data/official_daily/TWSE_*.parquet
2247,TWSE,2018-12-28,197.0,197.0,197.0,197.0,0.0,REMOVE_PROVIDER_FORWARD_FILL_OFFICIAL_NO_QUOTE,data/official_daily/TWSE_*.parquet
2247,TWSE,2019-01-04,196.97999572753906,196.97999572753906,196.97999572753906,196.97999572753906,0.0,REMOVE_PROVIDER_FORWARD_FILL_OFFICIAL_NO_QUOTE,data/official_daily/TWSE_*.parquet
2247,TWSE,2019-01-07,196.97999572753906,196.97999572753906,196.97999572753906,196.97999572753906,0.0,REMOVE_PROVIDER_FORWARD_FILL_OFFICIAL_NO_QUOTE,data/official_daily/TWSE_*.parquet
2247,TWSE,2019-01-11,193.00999450683594,193.00999450683594,193.00999450683594,193.00999450683594,0.0,REMOVE_PROVIDER_FORWARD_FILL_OFFICIAL_NO_QUOTE,data/official_daily/TWSE_*.parquet
2247,TWSE,2019-01-14,193.00999450683594,193.00999450683594,193.00999450683594,193.00999450683594,0.0,REMOVE_PROVIDER_FORWARD_FILL_OFFICIAL_NO_QUOTE,data/official_daily/TWSE_*.parquet
2247,TWSE,2019-01-15,193.00999450683594,193.00999450683594,193.00999450683594,193.00999450683594,0.0,REMOVE_PROVIDER_FORWARD_FILL_OFFICIAL_NO_QUOTE,data/official_daily/TWSE_*.parquet
2247,TWSE,2019-01-17,193.00999450683594,193.00999450683594,193.00999450683594,193.00999450683594,0.0,REMOVE_PROVIDER_FORWARD_FILL_OFFICIAL_NO_QUOTE,data/official_daily/TWSE_*.parquet
2247,TWSE,2019-01-18,193.00999450683594,193.00999450683594,193.00999450683594,193.00999450683594,0.0,REMOVE_PROVIDER_FORWARD_FILL_OFFICIAL_NO_QUOTE,data/official_daily/TWSE_*.parquet
2247,TWSE,2019-01-21,193.00999450683594,193.00999450683594,193.00999450683594,193.00999450683594,0.0,REMOVE_PROVIDER_FORWARD_FILL_OFFICIAL_NO_QUOTE,data/official_daily/TWSE_*.parquet
2247,TWSE,2019-01-22,193.00999450683594,193.00999450683594,193.00999450683594,193.00999450683594,0.0,REMOVE_PROVIDER_FORWARD_FILL_OFFICIAL_NO_QUOTE,data/official_daily/TWSE_*.parquet
2247,TWSE,2019-01-23,193.00999450683594,193.00999450683594,193.00999450683594,193.00999450683594,0.0,REMOVE_PROVIDER_FORWARD_FILL_OFFICIAL_NO_QUOTE,data/official_daily/TWSE_*.parquet
2247,TWSE,2019-01-24,193.00999450683594,193.00999450683594,193.00999450683594,193.00999450683594,0.0,REMOVE_PROVIDER_FORWARD_FILL_OFFICIAL_NO_QUOTE,data/official_daily/TWSE_*.parquet
2247,TWSE,2019-01-25,193.00999450683594,193.00999450683594,193.00999450683594,193.00999450683594,0.0,REMOVE_PROVIDER_FORWARD_FILL_OFFICIAL_NO_QUOTE,data/official_daily/TWSE_*.parquet
2247,TWSE,2019-01-28,193.00999450683594,193.00999450683594,193.00999450683594,193.00999450683594,0.0,REMOVE_PROVIDER_FORWARD_FILL_OFFICIAL_NO_QUOTE,data/official_daily/TWSE_*.parquet
2247,TWSE,2019-01-29,193.00999450683594,193.00999450683594,193.00999450683594,193.00999450683594,0.0,REMOVE_PROVIDER_FORWARD_FILL_OFFICIAL_NO_QUOTE,data/official_daily/TWSE_*.parquet
2247,TWSE,2019-02-11,190.0,190.0,190.0,190.0,0.0,REMOVE_PROVIDER_FORWARD_FILL_OFFICIAL_NO_QUOTE,data/official_daily/TWSE_*.parquet
2247,TWSE,2019-02-12,190.0,190.0,190.0,190.0,0.0,REMOVE_PROVIDER_FORWARD_FILL_OFFICIAL_NO_QUOTE,data/official_daily/TWSE_*.parquet
2247,TWSE,2019-02-14,196.99000549316406,196.99000549316406,196.99000549316406,196.99000549316406,0.0,REMOVE_PROVIDER_FORWARD_FILL_OFFICIAL_NO_QUOTE,data/official_daily/TWSE_*.parquet
2247,TWSE,2019-02-15,196.99000549316406,196.99000549316406,196.99000549316406,196.99000549316406,0.0,REMOVE_PROVIDER_FORWARD_FILL_OFFICIAL_NO_QUOTE,data/official_daily/TWSE_*.parquet
2247,TWSE,2019-03-29,201.49000549316406,201.49000549316406,201.49000549316406,201.49000549316406,0.0,REMOVE_PROVIDER_FORWARD_FILL_OFFICIAL_NO_QUOTE,data/official_daily/TWSE_*.parquet
2247,TWSE,2019-06-11,199.02999877929688,199.02999877929688,199.02999877929688,199.02999877929688,0.0,REMOVE_PROVIDER_FORWARD_FILL_OFFICIAL_NO_QUOTE,data/official_daily/TWSE_*.parquet
2247,TWSE,2019-06-21,202.97999572753906,202.97999572753906,202.97999572753906,202.97999572753906,0.0,REMOVE_PROVIDER_FORWARD_FILL_OFFICIAL_NO_QUOTE,data/official_daily/TWSE_*.parquet
2247,TWSE,2019-06-26,202.97999572753906,202.97999572753906,202.97999572753906,202.97999572753906,0.0,REMOVE_PROVIDER_FORWARD_FILL_OFFICIAL_NO_QUOTE,data/official_daily/TWSE_*.parquet
2247,TWSE,2019-06-27,202.97999572753906,202.97999572753906,202.97999572753906,202.97999572753906,0.0,REMOVE_PROVIDER_FORWARD_FILL_OFFICIAL_NO_QUOTE,data/official_daily/TWSE_*.parquet
2247,TWSE,2019-07-03,201.5,201.5,201.5,201.5,0.0,REMOVE_PROVIDER_FORWARD_FILL_OFFICIAL_NO_QUOTE,data/official_daily/TWSE_*.parquet
2247,TWSE,2019-07-08,203.0,203.0,203.0,203.0,0.0,REMOVE_PROVIDER_FORWARD_FILL_OFFICIAL_NO_QUOTE,data/official_daily/TWSE_*.parquet
2247,TWSE,2019-07-10,201.0,201.0,201.0,201.0,0.0,REMOVE_PROVIDER_FORWARD_FILL_OFFICIAL_NO_QUOTE,data/official_daily/TWSE_*.parquet
2247,TWSE,2019-07-12,201.97999572753906,201.97999572753906,201.97999572753906,201.97999572753906,0.0,REMOVE_PROVIDER_FORWARD_FILL_OFFICIAL_NO_QUOTE,data/official_daily/TWSE_*.parquet
2247,TWSE,2019-07-25,202.99000549316406,202.99000549316406,202.99000549316406,202.99000549316406,0.0,REMOVE_PROVIDER_FORWARD_FILL_OFFICIAL_NO_QUOTE,data/official_daily/TWSE_*.parquet
2248,TWSE,2018-09-14,54.0,54.0,54.0,54.0,0.0,REMOVE_PROVIDER_FORWARD_FILL_OFFICIAL_NO_QUOTE,data/official_daily/TWSE_*.parquet
2248,TWSE,2018-09-18,56.0099983215332,56.0099983215332,56.0099983215332,56.0099983215332,0.0,REMOVE_PROVIDER_FORWARD_FILL_OFFICIAL_NO_QUOTE,data/official_daily/TWSE_*.parquet
2248,TWSE,2018-09-19,56.0099983215332,56.0099983215332,56.0099983215332,56.0099983215332,0.0,REMOVE_PROVIDER_FORWARD_FILL_OFFICIAL_NO_QUOTE,data/official_daily/TWSE_*.parquet
2248,TWSE,2018-09-21,55.0,55.0,55.0,55.0,0.0,REMOVE_PROVIDER_FORWARD_FILL_OFFICIAL_NO_QUOTE,data/official_daily/TWSE_*.parquet
2248,TWSE,2018-09-25,55.0,55.0,55.0,55.0,0.0,REMOVE_PROVIDER_FORWARD_FILL_OFFICIAL_NO_QUOTE,data/official_daily/TWSE_*.parquet
2248,TWSE,2018-09-26,55.0,55.0,55.0,55.0,0.0,REMOVE_PROVIDER_FORWARD_FILL_OFFICIAL_NO_QUOTE,data/official_daily/TWSE_*.parquet
2248,TWSE,2018-09-27,55.0,55.0,55.0,55.0,0.0,REMOVE_PROVIDER_FORWARD_FILL_OFFICIAL_NO_QUOTE,data/official_daily/TWSE_*.parquet
2248,TWSE,2018-09-28,55.0,55.0,55.0,55.0,0.0,REMOVE_PROVIDER_FORWARD_FILL_OFFICIAL_NO_QUOTE,data/official_daily/TWSE_*.parquet
2248,TWSE,2018-10-03,56.790000915527344,56.790000915527344,56.790000915527344,56.790000915527344,0.0,REMOVE_PROVIDER_FORWARD_FILL_OFFICIAL_NO_QUOTE,data/official_daily/TWSE_*.parquet
2248,TWSE,2018-10-08,54.95000076293945,54.95000076293945,54.95000076293945,54.95000076293945,0.0,REMOVE_PROVIDER_FORWARD_FILL_OFFICIAL_NO_QUOTE,data/official_daily/TWSE_*.parquet
2248,TWSE,2018-10-09,54.95000076293945,54.95000076293945,54.95000076293945,54.95000076293945,0.0,REMOVE_PROVIDER_FORWARD_FILL_OFFICIAL_NO_QUOTE,data/official_daily/TWSE_*.parquet
2248,TWSE,2018-10-12,52.95000076293945,52.95000076293945,52.95000076293945,52.95000076293945,0.0,REMOVE_PROVIDER_FORWARD_FILL_OFFICIAL_NO_QUOTE,data/official_daily/TWSE_*.parquet
2248,TWSE,2018-10-15,52.95000076293945,52.95000076293945,52.95000076293945,52.95000076293945,0.0,REMOVE_PROVIDER_FORWARD_FILL_OFFICIAL_NO_QUOTE,data/official_daily/TWSE_*.parquet
2248,TWSE,2018-10-16,52.95000076293945,52.95000076293945,52.95000076293945,52.95000076293945,0.0,REMOVE_PROVIDER_FORWARD_FILL_OFFICIAL_NO_QUOTE,data/official_daily/TWSE_*.parquet
2248,TWSE,2018-10-17,52.95000076293945,52.95000076293945,52.95000076293945,52.95000076293945,0.0,REMOVE_PROVIDER_FORWARD_FILL_OFFICIAL_NO_QUOTE,data/official_daily/TWSE_*.parquet
2248,TWSE,2018-10-18,52.95000076293945,52.95000076293945,52.95000076293945,52.95000076293945,0.0,REMOVE_PROVIDER_FORWARD_FILL_OFFICIAL_NO_QUOTE,data/official_daily/TWSE_*.parquet
2248,TWSE,2018-10-19,52.95000076293945,52.95000076293945,52.95000076293945,52.95000076293945,0.0,REMOVE_PROVIDER_FORWARD_FILL_OFFICIAL_NO_QUOTE,data/official_daily/TWSE_*.parquet
2248,TWSE,2018-10-22,52.95000076293945,52.95000076293945,52.95000076293945,52.95000076293945,0.0,REMOVE_PROVIDER_FORWARD_FILL_OFFICIAL_NO_QUOTE,data/official_daily/TWSE_*.parquet
2248,TWSE,2018-10-24,54.0,54.0,54.0,54.0,0.0,REMOVE_PROVIDER_FORWARD_FILL_OFFICIAL_NO_QUOTE,data/official_daily/TWSE_*.parquet
2248,TWSE,2018-10-26,51.70000076293945,51.70000076293945,51.70000076293945,51.70000076293945,0.0,REMOVE_PROVIDER_FORWARD_FILL_OFFICIAL_NO_QUOTE,data/official_daily/TWSE_*.parquet
2248,TWSE,2018-10-30,49.130001068115234,49.130001068115234,49.130001068115234,49.130001068115234,0.0,REMOVE_PROVIDER_FORWARD_FILL_OFFICIAL_NO_QUOTE,data/official_daily/TWSE_*.parquet
2248,TWSE,2018-10-31,49.130001068115234,49.130001068115234,49.130001068115234,49.130001068115234,0.0,REMOVE_PROVIDER_FORWARD_FILL_OFFICIAL_NO_QUOTE,data/official_daily/TWSE_*.parquet
2248,TWSE,2018-11-01,49.130001068115234,49.130001068115234,49.130001068115234,49.130001068115234,0.0,REMOVE_PROVIDER_FORWARD_FILL_OFFICIAL_NO_QUOTE,data/official_daily/TWSE_*.parquet
2248,TWSE,2018-11-02,49.130001068115234,49.130001068115234,49.130001068115234,49.130001068115234,0.0,REMOVE_PROVIDER_FORWARD_FILL_OFFICIAL_NO_QUOTE,data/official_daily/TWSE_*.parquet
2248,TWSE,2018-11-05,49.130001068115234,49.130001068115234,49.130001068115234,49.130001068115234,0.0,REMOVE_PROVIDER_FORWARD_FILL_OFFICIAL_NO_QUOTE,data/official_daily/TWSE_*.parquet
2248,TWSE,2018-11-06,49.130001068115234,49.130001068115234,49.130001068115234,49.130001068115234,0.0,REMOVE_PROVIDER_FORWARD_FILL_OFFICIAL_NO_QUOTE,data/official_daily/TWSE_*.parquet
2248,TWSE,2018-11-08,49.33000183105469,49.33000183105469,49.33000183105469,49.33000183105469,0.0,REMOVE_PROVIDER_FORWARD_FILL_OFFICIAL_NO_QUOTE,data/official_daily/TWSE_*.parquet
2248,TWSE,2018-11-09,49.33000183105469,49.33000183105469,49.33000183105469,49.33000183105469,0.0,REMOVE_PROVIDER_FORWARD_FILL_OFFICIAL_NO_QUOTE,data/official_daily/TWSE_*.parquet
2248,TWSE,2018-11-12,49.33000183105469,49.33000183105469,49.33000183105469,49.33000183105469,0.0,REMOVE_PROVIDER_FORWARD_FILL_OFFICIAL_NO_QUOTE,data/official_daily/TWSE_*.parquet
2248,TWSE,2018-11-13,49.33000183105469,49.33000183105469,49.33000183105469,49.33000183105469,0.0,REMOVE_PROVIDER_FORWARD_FILL_OFFICIAL_NO_QUOTE,data/official_daily/TWSE_*.parquet
2248,TWSE,2018-11-14,49.33000183105469,49.33000183105469,49.33000183105469,49.33000183105469,0.0,REMOVE_PROVIDER_FORWARD_FILL_OFFICIAL_NO_QUOTE,data/official_daily/TWSE_*.parquet
2248,TWSE,2018-11-15,49.33000183105469,49.33000183105469,49.33000183105469,49.33000183105469,0.0,REMOVE_PROVIDER_FORWARD_FILL_OFFICIAL_NO_QUOTE,data/official_daily/TWSE_*.parquet
2248,TWSE,2018-11-16,49.33000183105469,49.33000183105469,49.33000183105469,49.33000183105469,0.0,REMOVE_PROVIDER_FORWARD_FILL_OFFICIAL_NO_QUOTE,data/official_daily/TWSE_*.parquet
2248,TWSE,2018-11-19,49.33000183105469,49.33000183105469,49.33000183105469,49.33000183105469,0.0,REMOVE_PROVIDER_FORWARD_FILL_OFFICIAL_NO_QUOTE,data/official_daily/TWSE_*.parquet
2248,TWSE,2018-11-20,49.33000183105469,49.33000183105469,49.33000183105469,49.33000183105469,0.0,REMOVE_PROVIDER_FORWARD_FILL_OFFICIAL_NO_QUOTE,data/official_daily/TWSE_*.parquet
2248,TWSE,2018-11-21,49.33000183105469,49.33000183105469,49.33000183105469,49.33000183105469,0.0,REMOVE_PROVIDER_FORWARD_FILL_OFFICIAL_NO_QUOTE,data/official_daily/TWSE_*.parquet
2248,TWSE,2018-11-22,49.33000183105469,49.33000183105469,49.33000183105469,49.33000183105469,0.0,REMOVE_PROVIDER_FORWARD_FILL_OFFICIAL_NO_QUOTE,data/official_daily/TWSE_*.parquet
2248,TWSE,2018-11-23,49.33000183105469,49.33000183105469,49.33000183105469,49.33000183105469,0.0,REMOVE_PROVIDER_FORWARD_FILL_OFFICIAL_NO_QUOTE,data/official_daily/TWSE_*.parquet
2248,TWSE,2018-11-27,49.33000183105469,49.33000183105469,49.33000183105469,49.33000183105469,0.0,REMOVE_PROVIDER_FORWARD_FILL_OFFICIAL_NO_QUOTE,data/official_daily/TWSE_*.parquet
2248,TWSE,2018-12-06,52.0,52.0,52.0,52.0,0.0,REMOVE_PROVIDER_FORWARD_FILL_OFFICIAL_NO_QUOTE,data/official_daily/TWSE_*.parquet
2248,TWSE,2018-12-10,52.0,52.0,52.0,52.0,0.0,REMOVE_PROVIDER_FORWARD_FILL_OFFICIAL_NO_QUOTE,data/official_daily/TWSE_*.parquet
2248,TWSE,2018-12-17,50.5,50.5,50.5,50.5,0.0,REMOVE_PROVIDER_FORWARD_FILL_OFFICIAL_NO_QUOTE,data/official_daily/TWSE_*.parquet
2248,TWSE,2018-12-21,50.599998474121094,50.599998474121094,50.599998474121094,50.599998474121094,0.0,REMOVE_PROVIDER_FORWARD_FILL_OFFICIAL_NO_QUOTE,data/official_daily/TWSE_*.parquet
2248,TWSE,2019-01-08,47.880001068115234,47.880001068115234,47.880001068115234,47.880001068115234,0.0,REMOVE_PROVIDER_FORWARD_FILL_OFFICIAL_NO_QUOTE,data/official_daily/TWSE_*.parquet
2248,TWSE,2019-01-09,47.880001068115234,47.880001068115234,47.880001068115234,47.880001068115234,0.0,REMOVE_PROVIDER_FORWARD_FILL_OFFICIAL_NO_QUOTE,data/official_daily/TWSE_*.parquet
2248,TWSE,2019-01-10,47.880001068115234,47.880001068115234,47.880001068115234,47.880001068115234,0.0,REMOVE_PROVIDER_FORWARD_FILL_OFFICIAL_NO_QUOTE,data/official_daily/TWSE_*.parquet
2248,TWSE,2019-01-11,47.880001068115234,47.880001068115234,47.880001068115234,47.880001068115234,0.0,REMOVE_PROVIDER_FORWARD_FILL_OFFICIAL_NO_QUOTE,data/official_daily/TWSE_*.parquet
2248,TWSE,2019-01-14,47.880001068115234,47.880001068115234,47.880001068115234,47.880001068115234,0.0,REMOVE_PROVIDER_FORWARD_FILL_OFFICIAL_NO_QUOTE,data/official_daily/TWSE_*.parquet
2248,TWSE,2019-01-15,47.880001068115234,47.880001068115234,47.880001068115234,47.880001068115234,0.0,REMOVE_PROVIDER_FORWARD_FILL_OFFICIAL_NO_QUOTE,data/official_daily/TWSE_*.parquet
2248,TWSE,2019-01-16,47.880001068115234,47.880001068115234,47.880001068115234,47.880001068115234,0.0,REMOVE_PROVIDER_FORWARD_FILL_OFFICIAL_NO_QUOTE,data/official_daily/TWSE_*.parquet
2248,TWSE,2019-01-17,47.880001068115234,47.880001068115234,47.880001068115234,47.880001068115234,0.0,REMOVE_PROVIDER_FORWARD_FILL_OFFICIAL_NO_QUOTE,data/official_daily/TWSE_*.parquet
2248,TWSE,2019-01-24,47.900001525878906,47.900001525878906,47.900001525878906,47.900001525878906,0.0,REMOVE_PROVIDER_FORWARD_FILL_OFFICIAL_NO_QUOTE,data/official_daily/TWSE_*.parquet
2248,TWSE,2019-01-25,47.900001525878906,47.900001525878906,47.900001525878906,47.900001525878906,0.0,REMOVE_PROVIDER_FORWARD_FILL_OFFICIAL_NO_QUOTE,data/official_daily/TWSE_*.parquet
2248,TWSE,2019-01-28,47.900001525878906,47.900001525878906,47.900001525878906,47.900001525878906,0.0,REMOVE_PROVIDER_FORWARD_FILL_OFFICIAL_NO_QUOTE,data/official_daily/TWSE_*.parquet
2248,TWSE,2019-01-29,47.900001525878906,47.900001525878906,47.900001525878906,47.900001525878906,0.0,REMOVE_PROVIDER_FORWARD_FILL_OFFICIAL_NO_QUOTE,data/official_daily/TWSE_*.parquet
2248,TWSE,2019-01-30,47.900001525878906,47.900001525878906,47.900001525878906,47.900001525878906,0.0,REMOVE_PROVIDER_FORWARD_FILL_OFFICIAL_NO_QUOTE,data/official_daily/TWSE_*.parquet
2248,TWSE,2019-02-11,47.900001525878906,47.900001525878906,47.900001525878906,47.900001525878906,0.0,REMOVE_PROVIDER_FORWARD_FILL_OFFICIAL_NO_QUOTE,data/official_daily/TWSE_*.parquet
2248,TWSE,2019-02-12,47.900001525878906,47.900001525878906,47.900001525878906,47.900001525878906,0.0,REMOVE_PROVIDER_FORWARD_FILL_OFFICIAL_NO_QUOTE,data/official_daily/TWSE_*.parquet
2248,TWSE,2019-02-15,47.0,47.0,47.0,47.0,0.0,REMOVE_PROVIDER_FORWARD_FILL_OFFICIAL_NO_QUOTE,data/official_daily/TWSE_*.parquet
2248,TWSE,2019-02-19,47.0,47.0,47.0,47.0,0.0,REMOVE_PROVIDER_FORWARD_FILL_OFFICIAL_NO_QUOTE,data/official_daily/TWSE_*.parquet
2248,TWSE,2019-02-21,47.0,47.0,47.0,47.0,0.0,REMOVE_PROVIDER_FORWARD_FILL_OFFICIAL_NO_QUOTE,data/official_daily/TWSE_*.parquet
2248,TWSE,2019-02-25,47.0,47.0,47.0,47.0,0.0,REMOVE_PROVIDER_FORWARD_FILL_OFFICIAL_NO_QUOTE,data/official_daily/TWSE_*.parquet
2248,TWSE,2019-02-26,47.0,47.0,47.0,47.0,0.0,REMOVE_PROVIDER_FORWARD_FILL_OFFICIAL_NO_QUOTE,data/official_daily/TWSE_*.parquet
2248,TWSE,2019-02-27,47.0,47.0,47.0,47.0,0.0,REMOVE_PROVIDER_FORWARD_FILL_OFFICIAL_NO_QUOTE,data/official_daily/TWSE_*.parquet
2248,TWSE,2019-03-04,47.0,47.0,47.0,47.0,0.0,REMOVE_PROVIDER_FORWARD_FILL_OFFICIAL_NO_QUOTE,data/official_daily/TWSE_*.parquet
2248,TWSE,2019-03-05,47.0,47.0,47.0,47.0,0.0,REMOVE_PROVIDER_FORWARD_FILL_OFFICIAL_NO_QUOTE,data/official_daily/TWSE_*.parquet
2248,TWSE,2019-03-11,46.0,46.0,46.0,46.0,0.0,REMOVE_PROVIDER_FORWARD_FILL_OFFICIAL_NO_QUOTE,data/official_daily/TWSE_*.parquet
2248,TWSE,2019-03-14,44.0,44.0,44.0,44.0,0.0,REMOVE_PROVIDER_FORWARD_FILL_OFFICIAL_NO_QUOTE,data/official_daily/TWSE_*.parquet
2248,TWSE,2019-03-15,44.0,44.0,44.0,44.0,0.0,REMOVE_PROVIDER_FORWARD_FILL_OFFICIAL_NO_QUOTE,data/official_daily/TWSE_*.parquet
2248,TWSE,2019-03-18,44.0,44.0,44.0,44.0,0.0,REMOVE_PROVIDER_FORWARD_FILL_OFFICIAL_NO_QUOTE,data/official_daily/TWSE_*.parquet
2248,TWSE,2019-03-19,44.0,44.0,44.0,44.0,0.0,REMOVE_PROVIDER_FORWARD_FILL_OFFICIAL_NO_QUOTE,data/official_daily/TWSE_*.parquet
2248,TWSE,2019-03-20,44.0,44.0,44.0,44.0,0.0,REMOVE_PROVIDER_FORWARD_FILL_OFFICIAL_NO_QUOTE,data/official_daily/TWSE_*.parquet
2248,TWSE,2019-03-22,41.22999954223633,41.22999954223633,41.22999954223633,41.22999954223633,0.0,REMOVE_PROVIDER_FORWARD_FILL_OFFICIAL_NO_QUOTE,data/official_daily/TWSE_*.parquet
2248,TWSE,2019-03-25,41.22999954223633,41.22999954223633,41.22999954223633,41.22999954223633,0.0,REMOVE_PROVIDER_FORWARD_FILL_OFFICIAL_NO_QUOTE,data/official_daily/TWSE_*.parquet
2248,TWSE,2019-03-26,41.22999954223633,41.22999954223633,41.22999954223633,41.22999954223633,0.0,REMOVE_PROVIDER_FORWARD_FILL_OFFICIAL_NO_QUOTE,data/official_daily/TWSE_*.parquet
2248,TWSE,2019-03-27,41.22999954223633,41.22999954223633,41.22999954223633,41.22999954223633,0.0,REMOVE_PROVIDER_FORWARD_FILL_OFFICIAL_NO_QUOTE,data/official_daily/TWSE_*.parquet
2248,TWSE,2019-03-28,41.22999954223633,41.22999954223633,41.22999954223633,41.22999954223633,0.0,REMOVE_PROVIDER_FORWARD_FILL_OFFICIAL_NO_QUOTE,data/official_daily/TWSE_*.parquet
2248,TWSE,2019-03-29,41.22999954223633,41.22999954223633,41.22999954223633,41.22999954223633,0.0,REMOVE_PROVIDER_FORWARD_FILL_OFFICIAL_NO_QUOTE,data/official_daily/TWSE_*.parquet
2248,TWSE,2019-04-01,41.22999954223633,41.22999954223633,41.22999954223633,41.22999954223633,0.0,REMOVE_PROVIDER_FORWARD_FILL_OFFICIAL_NO_QUOTE,data/official_daily/TWSE_*.parquet
2248,TWSE,2019-04-03,41.20000076293945,41.20000076293945,41.20000076293945,41.20000076293945,0.0,REMOVE_PROVIDER_FORWARD_FILL_OFFICIAL_NO_QUOTE,data/official_daily/TWSE_*.parquet
2248,TWSE,2019-04-10,41.209999084472656,41.209999084472656,41.209999084472656,41.209999084472656,0.0,REMOVE_PROVIDER_FORWARD_FILL_OFFICIAL_NO_QUOTE,data/official_daily/TWSE_*.parquet
2248,TWSE,2019-04-12,40.709999084472656,40.709999084472656,40.709999084472656,40.709999084472656,0.0,REMOVE_PROVIDER_FORWARD_FILL_OFFICIAL_NO_QUOTE,data/official_daily/TWSE_*.parquet
2248,TWSE,2019-04-15,40.709999084472656,40.709999084472656,40.709999084472656,40.709999084472656,0.0,REMOVE_PROVIDER_FORWARD_FILL_OFFICIAL_NO_QUOTE,data/official_daily/TWSE_*.parquet
2248,TWSE,2019-04-16,40.709999084472656,40.709999084472656,40.709999084472656,40.709999084472656,0.0,REMOVE_PROVIDER_FORWARD_FILL_OFFICIAL_NO_QUOTE,data/official_daily/TWSE_*.parquet
2248,TWSE,2019-04-17,40.709999084472656,40.709999084472656,40.709999084472656,40.709999084472656,0.0,REMOVE_PROVIDER_FORWARD_FILL_OFFICIAL_NO_QUOTE,data/official_daily/TWSE_*.parquet
2248,TWSE,2019-04-18,40.709999084472656,40.709999084472656,40.709999084472656,40.709999084472656,0.0,REMOVE_PROVIDER_FORWARD_FILL_OFFICIAL_NO_QUOTE,data/official_daily/TWSE_*.parquet
2248,TWSE,2019-04-19,40.709999084472656,40.709999084472656,40.709999084472656,40.709999084472656,0.0,REMOVE_PROVIDER_FORWARD_FILL_OFFICIAL_NO_QUOTE,data/official_daily/TWSE_*.parquet
2248,TWSE,2019-04-22,40.709999084472656,40.709999084472656,40.709999084472656,40.709999084472656,0.0,REMOVE_PROVIDER_FORWARD_FILL_OFFICIAL_NO_QUOTE,data/official_daily/TWSE_*.parquet
2248,TWSE,2019-04-23,40.709999084472656,40.709999084472656,40.709999084472656,40.709999084472656,0.0,REMOVE_PROVIDER_FORWARD_FILL_OFFICIAL_NO_QUOTE,data/official_daily/TWSE_*.parquet
2248,TWSE,2019-04-24,40.709999084472656,40.709999084472656,40.709999084472656,40.709999084472656,0.0,REMOVE_PROVIDER_FORWARD_FILL_OFFICIAL_NO_QUOTE,data/official_daily/TWSE_*.parquet
2248,TWSE,2019-04-25,40.709999084472656,40.709999084472656,40.709999084472656,40.709999084472656,0.0,REMOVE_PROVIDER_FORWARD_FILL_OFFICIAL_NO_QUOTE,data/official_daily/TWSE_*.parquet
2248,TWSE,2019-04-29,40.70000076293945,40.70000076293945,40.70000076293945,40.70000076293945,0.0,REMOVE_PROVIDER_FORWARD_FILL_OFFICIAL_NO_QUOTE,data/official_daily/TWSE_*.parquet
2248,TWSE,2019-04-30,40.70000076293945,40.70000076293945,40.70000076293945,40.70000076293945,0.0,REMOVE_PROVIDER_FORWARD_FILL_OFFICIAL_NO_QUOTE,data/official_daily/TWSE_*.parquet
2248,TWSE,2019-05-02,40.70000076293945,40.70000076293945,40.70000076293945,40.70000076293945,0.0,REMOVE_PROVIDER_FORWARD_FILL_OFFICIAL_NO_QUOTE,data/official_daily/TWSE_*.parquet
2248,TWSE,2019-05-03,40.70000076293945,40.70000076293945,40.70000076293945,40.70000076293945,0.0,REMOVE_PROVIDER_FORWARD_FILL_OFFICIAL_NO_QUOTE,data/official_daily/TWSE_*.parquet
2248,TWSE,2019-05-06,40.70000076293945,40.70000076293945,40.70000076293945,40.70000076293945,0.0,REMOVE_PROVIDER_FORWARD_FILL_OFFICIAL_NO_QUOTE,data/official_daily/TWSE_*.parquet
2248,TWSE,2019-05-07,40.70000076293945,40.70000076293945,40.70000076293945,40.70000076293945,0.0,REMOVE_PROVIDER_FORWARD_FILL_OFFICIAL_NO_QUOTE,data/official_daily/TWSE_*.parquet
2248,TWSE,2019-05-08,40.70000076293945,40.70000076293945,40.70000076293945,40.70000076293945,0.0,REMOVE_PROVIDER_FORWARD_FILL_OFFICIAL_NO_QUOTE,data/official_daily/TWSE_*.parquet
2248,TWSE,2019-05-09,40.70000076293945,40.70000076293945,40.70000076293945,40.70000076293945,0.0,REMOVE_PROVIDER_FORWARD_FILL_OFFICIAL_NO_QUOTE,data/official_daily/TWSE_*.parquet
2248,TWSE,2019-05-13,41.0,41.0,41.0,41.0,0.0,REMOVE_PROVIDER_FORWARD_FILL_OFFICIAL_NO_QUOTE,data/official_daily/TWSE_*.parquet
2248,TWSE,2019-05-14,41.0,41.0,41.0,41.0,0.0,REMOVE_PROVIDER_FORWARD_FILL_OFFICIAL_NO_QUOTE,data/official_daily/TWSE_*.parquet
2248,TWSE,2019-05-15,41.0,41.0,41.0,41.0,0.0,REMOVE_PROVIDER_FORWARD_FILL_OFFICIAL_NO_QUOTE,data/official_daily/TWSE_*.parquet
2248,TWSE,2019-05-16,41.0,41.0,41.0,41.0,0.0,REMOVE_PROVIDER_FORWARD_FILL_OFFICIAL_NO_QUOTE,data/official_daily/TWSE_*.parquet
2248,TWSE,2019-05-17,41.0,41.0,41.0,41.0,0.0,REMOVE_PROVIDER_FORWARD_FILL_OFFICIAL_NO_QUOTE,data/official_daily/TWSE_*.parquet
2248,TWSE,2019-05-20,41.0,41.0,41.0,41.0,0.0,REMOVE_PROVIDER_FORWARD_FILL_OFFICIAL_NO_QUOTE,data/official_daily/TWSE_*.parquet
2248,TWSE,2019-05-21,41.0,41.0,41.0,41.0,0.0,REMOVE_PROVIDER_FORWARD_FILL_OFFICIAL_NO_QUOTE,data/official_daily/TWSE_*.parquet
2248,TWSE,2019-05-22,41.0,41.0,41.0,41.0,0.0,REMOVE_PROVIDER_FORWARD_FILL_OFFICIAL_NO_QUOTE,data/official_daily/TWSE_*.parquet
2248,TWSE,2019-05-23,41.0,41.0,41.0,41.0,0.0,REMOVE_PROVIDER_FORWARD_FILL_OFFICIAL_NO_QUOTE,data/official_daily/TWSE_*.parquet
2248,TWSE,2019-05-24,41.0,41.0,41.0,41.0,0.0,REMOVE_PROVIDER_FORWARD_FILL_OFFICIAL_NO_QUOTE,data/official_daily/TWSE_*.parquet
2248,TWSE,2019-05-27,41.0,41.0,41.0,41.0,0.0,REMOVE_PROVIDER_FORWARD_FILL_OFFICIAL_NO_QUOTE,data/official_daily/TWSE_*.parquet
2248,TWSE,2019-05-28,41.0,41.0,41.0,41.0,0.0,REMOVE_PROVIDER_FORWARD_FILL_OFFICIAL_NO_QUOTE,data/official_daily/TWSE_*.parquet
2248,TWSE,2019-05-29,41.0,41.0,41.0,41.0,0.0,REMOVE_PROVIDER_FORWARD_FILL_OFFICIAL_NO_QUOTE,data/official_daily/TWSE_*.parquet
2248,TWSE,2019-05-30,41.0,41.0,41.0,41.0,0.0,REMOVE_PROVIDER_FORWARD_FILL_OFFICIAL_NO_QUOTE,data/official_daily/TWSE_*.parquet
2248,TWSE,2019-05-31,41.0,41.0,41.0,41.0,0.0,REMOVE_PROVIDER_FORWARD_FILL_OFFICIAL_NO_QUOTE,data/official_daily/TWSE_*.parquet
2248,TWSE,2019-06-03,41.0,41.0,41.0,41.0,0.0,REMOVE_PROVIDER_FORWARD_FILL_OFFICIAL_NO_QUOTE,data/official_daily/TWSE_*.parquet
2248,TWSE,2019-06-04,41.0,41.0,41.0,41.0,0.0,REMOVE_PROVIDER_FORWARD_FILL_OFFICIAL_NO_QUOTE,data/official_daily/TWSE_*.parquet
2248,TWSE,2019-06-05,41.0,41.0,41.0,41.0,0.0,REMOVE_PROVIDER_FORWARD_FILL_OFFICIAL_NO_QUOTE,data/official_daily/TWSE_*.parquet
2248,TWSE,2019-06-06,41.0,41.0,41.0,41.0,0.0,REMOVE_PROVIDER_FORWARD_FILL_OFFICIAL_NO_QUOTE,data/official_daily/TWSE_*.parquet
2248,TWSE,2019-06-10,41.0,41.0,41.0,41.0,0.0,REMOVE_PROVIDER_FORWARD_FILL_OFFICIAL_NO_QUOTE,data/official_daily/TWSE_*.parquet
2248,TWSE,2019-06-11,41.0,41.0,41.0,41.0,0.0,REMOVE_PROVIDER_FORWARD_FILL_OFFICIAL_NO_QUOTE,data/official_daily/TWSE_*.parquet
2248,TWSE,2019-06-12,41.0,41.0,41.0,41.0,0.0,REMOVE_PROVIDER_FORWARD_FILL_OFFICIAL_NO_QUOTE,data/official_daily/TWSE_*.parquet
2248,TWSE,2019-06-14,40.0,40.0,40.0,40.0,0.0,REMOVE_PROVIDER_FORWARD_FILL_OFFICIAL_NO_QUOTE,data/official_daily/TWSE_*.parquet
2248,TWSE,2019-06-17,40.0,40.0,40.0,40.0,0.0,REMOVE_PROVIDER_FORWARD_FILL_OFFICIAL_NO_QUOTE,data/official_daily/TWSE_*.parquet
2248,TWSE,2019-06-18,40.0,40.0,40.0,40.0,0.0,REMOVE_PROVIDER_FORWARD_FILL_OFFICIAL_NO_QUOTE,data/official_daily/TWSE_*.parquet
2248,TWSE,2019-06-19,40.0,40.0,40.0,40.0,0.0,REMOVE_PROVIDER_FORWARD_FILL_OFFICIAL_NO_QUOTE,data/official_daily/TWSE_*.parquet
2248,TWSE,2019-06-20,40.0,40.0,40.0,40.0,0.0,REMOVE_PROVIDER_FORWARD_FILL_OFFICIAL_NO_QUOTE,data/official_daily/TWSE_*.parquet
2248,TWSE,2019-06-21,40.0,40.0,40.0,40.0,0.0,REMOVE_PROVIDER_FORWARD_FILL_OFFICIAL_NO_QUOTE,data/official_daily/TWSE_*.parquet
2248,TWSE,2019-06-27,39.0,39.0,39.0,39.0,0.0,REMOVE_PROVIDER_FORWARD_FILL_OFFICIAL_NO_QUOTE,data/official_daily/TWSE_*.parquet
2248,TWSE,2019-06-28,39.0,39.0,39.0,39.0,0.0,REMOVE_PROVIDER_FORWARD_FILL_OFFICIAL_NO_QUOTE,data/official_daily/TWSE_*.parquet
2248,TWSE,2019-07-01,39.0,39.0,39.0,39.0,0.0,REMOVE_PROVIDER_FORWARD_FILL_OFFICIAL_NO_QUOTE,data/official_daily/TWSE_*.parquet
2248,TWSE,2019-07-02,39.0,39.0,39.0,39.0,0.0,REMOVE_PROVIDER_FORWARD_FILL_OFFICIAL_NO_QUOTE,data/official_daily/TWSE_*.parquet
2248,TWSE,2019-07-03,39.0,39.0,39.0,39.0,0.0,REMOVE_PROVIDER_FORWARD_FILL_OFFICIAL_NO_QUOTE,data/official_daily/TWSE_*.parquet
2248,TWSE,2019-07-04,39.0,39.0,39.0,39.0,0.0,REMOVE_PROVIDER_FORWARD_FILL_OFFICIAL_NO_QUOTE,data/official_daily/TWSE_*.parquet
2248,TWSE,2019-07-05,39.0,39.0,39.0,39.0,0.0,REMOVE_PROVIDER_FORWARD_FILL_OFFICIAL_NO_QUOTE,data/official_daily/TWSE_*.parquet
2248,TWSE,2019-07-08,39.0,39.0,39.0,39.0,0.0,REMOVE_PROVIDER_FORWARD_FILL_OFFICIAL_NO_QUOTE,data/official_daily/TWSE_*.parquet
2248,TWSE,2019-07-09,39.0,39.0,39.0,39.0,0.0,REMOVE_PROVIDER_FORWARD_FILL_OFFICIAL_NO_QUOTE,data/official_daily/TWSE_*.parquet
2248,TWSE,2019-07-10,39.0,39.0,39.0,39.0,0.0,REMOVE_PROVIDER_FORWARD_FILL_OFFICIAL_NO_QUOTE,data/official_daily/TWSE_*.parquet
2248,TWSE,2019-07-11,39.0,39.0,39.0,39.0,0.0,REMOVE_PROVIDER_FORWARD_FILL_OFFICIAL_NO_QUOTE,data/official_daily/TWSE_*.parquet
2248,TWSE,2019-07-12,39.0,39.0,39.0,39.0,0.0,REMOVE_PROVIDER_FORWARD_FILL_OFFICIAL_NO_QUOTE,data/official_daily/TWSE_*.parquet
2248,TWSE,2019-07-15,39.0,39.0,39.0,39.0,0.0,REMOVE_PROVIDER_FORWARD_FILL_OFFICIAL_NO_QUOTE,data/official_daily/TWSE_*.parquet
2248,TWSE,2019-07-16,39.0,39.0,39.0,39.0,0.0,REMOVE_PROVIDER_FORWARD_FILL_OFFICIAL_NO_QUOTE,data/official_daily/TWSE_*.parquet
2248,TWSE,2019-07-17,39.0,39.0,39.0,39.0,0.0,REMOVE_PROVIDER_FORWARD_FILL_OFFICIAL_NO_QUOTE,data/official_daily/TWSE_*.parquet
2248,TWSE,2019-07-18,39.0,39.0,39.0,39.0,0.0,REMOVE_PROVIDER_FORWARD_FILL_OFFICIAL_NO_QUOTE,data/official_daily/TWSE_*.parquet
2248,TWSE,2019-07-19,39.0,39.0,39.0,39.0,0.0,REMOVE_PROVIDER_FORWARD_FILL_OFFICIAL_NO_QUOTE,data/official_daily/TWSE_*.parquet
2248,TWSE,2019-07-22,39.0,39.0,39.0,39.0,0.0,REMOVE_PROVIDER_FORWARD_FILL_OFFICIAL_NO_QUOTE,data/official_daily/TWSE_*.parquet
2248,TWSE,2019-07-23,39.0,39.0,39.0,39.0,0.0,REMOVE_PROVIDER_FORWARD_FILL_OFFICIAL_NO_QUOTE,data/official_daily/TWSE_*.parquet
2248,TWSE,2019-07-24,39.0,39.0,39.0,39.0,0.0,REMOVE_PROVIDER_FORWARD_FILL_OFFICIAL_NO_QUOTE,data/official_daily/TWSE_*.parquet
2248,TWSE,2019-07-25,39.0,39.0,39.0,39.0,0.0,REMOVE_PROVIDER_FORWARD_FILL_OFFICIAL_NO_QUOTE,data/official_daily/TWSE_*.parquet
2248,TWSE,2019-07-26,39.0,39.0,39.0,39.0,0.0,REMOVE_PROVIDER_FORWARD_FILL_OFFICIAL_NO_QUOTE,data/official_daily/TWSE_*.parquet
2248,TWSE,2019-08-01,39.0,39.0,39.0,39.0,0.0,REMOVE_PROVIDER_FORWARD_FILL_OFFICIAL_NO_QUOTE,data/official_daily/TWSE_*.parquet
2317,TWSE,2018-10-18,85.125,85.125,85.125,85.125,0.0,REMOVE_PROVIDER_FORWARD_FILL_OFFICIAL_NO_QUOTE,data/official_daily/TWSE_*.parquet
2317,TWSE,2018-10-19,85.125,85.125,85.125,85.125,0.0,REMOVE_PROVIDER_FORWARD_FILL_OFFICIAL_NO_QUOTE,data/official_daily/TWSE_*.parquet
2317,TWSE,2018-10-22,85.125,85.125,85.125,85.125,0.0,REMOVE_PROVIDER_FORWARD_FILL_OFFICIAL_NO_QUOTE,data/official_daily/TWSE_*.parquet
2317,TWSE,2018-10-23,85.125,85.125,85.125,85.125,0.0,REMOVE_PROVIDER_FORWARD_FILL_OFFICIAL_NO_QUOTE,data/official_daily/TWSE_*.parquet
2317,TWSE,2018-10-24,85.125,85.125,85.125,85.125,0.0,REMOVE_PROVIDER_FORWARD_FILL_OFFICIAL_NO_QUOTE,data/official_daily/TWSE_*.parquet
2317,TWSE,2018-10-25,85.125,85.125,85.125,85.125,0.0,REMOVE_PROVIDER_FORWARD_FILL_OFFICIAL_NO_QUOTE,data/official_daily/TWSE_*.parquet
2321,TWSE,2018-10-25,47.916664123535156,47.916664123535156,47.916664123535156,47.916664123535156,0.0,REMOVE_PROVIDER_FORWARD_FILL_OFFICIAL_NO_QUOTE,data/official_daily/TWSE_*.parquet
2321,TWSE,2018-10-26,47.916664123535156,47.916664123535156,47.916664123535156,47.916664123535156,0.0,REMOVE_PROVIDER_FORWARD_FILL_OFFICIAL_NO_QUOTE,data/official_daily/TWSE_*.parquet
2321,TWSE,2018-10-29,47.916664123535156,47.916664123535156,47.916664123535156,47.916664123535156,0.0,REMOVE_PROVIDER_FORWARD_FILL_OFFICIAL_NO_QUOTE,data/official_daily/TWSE_*.parquet
2321,TWSE,2018-10-30,47.916664123535156,47.916664123535156,47.916664123535156,47.916664123535156,0.0,REMOVE_PROVIDER_FORWARD_FILL_OFFICIAL_NO_QUOTE,data/official_daily/TWSE_*.parquet
2321,TWSE,2018-10-31,47.916664123535156,47.916664123535156,47.916664123535156,47.916664123535156,0.0,REMOVE_PROVIDER_FORWARD_FILL_OFFICIAL_NO_QUOTE,data/official_daily/TWSE_*.parquet
2321,TWSE,2018-11-01,47.916664123535156,47.916664123535156,47.916664123535156,47.916664123535156,0.0,REMOVE_PROVIDER_FORWARD_FILL_OFFICIAL_NO_QUOTE,data/official_daily/TWSE_*.parquet
2321,TWSE,2018-11-02,47.916664123535156,47.916664123535156,47.916664123535156,47.916664123535156,0.0,REMOVE_PROVIDER_FORWARD_FILL_OFFICIAL_NO_QUOTE,data/official_daily/TWSE_*.parquet
2329,TWSE,2018-11-22,10.725890159606934,10.725890159606934,10.725890159606934,10.725890159606934,0.0,REMOVE_PROVIDER_FORWARD_FILL_OFFICIAL_NO_QUOTE,data/official_daily/TWSE_*.parquet
2329,TWSE,2018-11-23,10.725890159606934,10.725890159606934,10.725890159606934,10.725890159606934,0.0,REMOVE_PROVIDER_FORWARD_FILL_OFFICIAL_NO_QUOTE,data/official_daily/TWSE_*.parquet
2329,TWSE,2018-11-26,10.725890159606934,10.725890159606934,10.725890159606934,10.725890159606934,0.0,REMOVE_PROVIDER_FORWARD_FILL_OFFICIAL_NO_QUOTE,data/official_daily/TWSE_*.parquet
2329,TWSE,2018-11-27,10.725890159606934,10.725890159606934,10.725890159606934,10.725890159606934,0.0,REMOVE_PROVIDER_FORWARD_FILL_OFFICIAL_NO_QUOTE,data/official_daily/TWSE_*.parquet
2329,TWSE,2018-11-28,10.725890159606934,10.725890159606934,10.725890159606934,10.725890159606934,0.0,REMOVE_PROVIDER_FORWARD_FILL_OFFICIAL_NO_QUOTE,data/official_daily/TWSE_*.parquet
2329,TWSE,2018-11-29,10.725890159606934,10.725890159606934,10.725890159606934,10.725890159606934,0.0,REMOVE_PROVIDER_FORWARD_FILL_OFFICIAL_NO_QUOTE,data/official_daily/TWSE_*.parquet
2329,TWSE,2018-11-30,10.725890159606934,10.725890159606934,10.725890159606934,10.725890159606934,0.0,REMOVE_PROVIDER_FORWARD_FILL_OFFICIAL_NO_QUOTE,data/official_daily/TWSE_*.parquet
2349,TWSE,2018-09-06,27.380123138427734,27.380123138427734,27.380123138427734,27.380123138427734,0.0,REMOVE_PROVIDER_FORWARD_FILL_OFFICIAL_NO_QUOTE,data/official_daily/TWSE_*.parquet
2349,TWSE,2018-09-07,27.380123138427734,27.380123138427734,27.380123138427734,27.380123138427734,0.0,REMOVE_PROVIDER_FORWARD_FILL_OFFICIAL_NO_QUOTE,data/official_daily/TWSE_*.parquet
2349,TWSE,2018-09-10,27.380123138427734,27.380123138427734,27.380123138427734,27.380123138427734,0.0,REMOVE_PROVIDER_FORWARD_FILL_OFFICIAL_NO_QUOTE,data/official_daily/TWSE_*.parquet
2349,TWSE,2018-09-11,27.380123138427734,27.380123138427734,27.380123138427734,27.380123138427734,0.0,REMOVE_PROVIDER_FORWARD_FILL_OFFICIAL_NO_QUOTE,data/official_daily/TWSE_*.parquet
2349,TWSE,2018-09-12,27.380123138427734,27.380123138427734,27.380123138427734,27.380123138427734,0.0,REMOVE_PROVIDER_FORWARD_FILL_OFFICIAL_NO_QUOTE,data/official_daily/TWSE_*.parquet
2349,TWSE,2018-09-13,27.380123138427734,27.380123138427734,27.380123138427734,27.380123138427734,0.0,REMOVE_PROVIDER_FORWARD_FILL_OFFICIAL_NO_QUOTE,data/official_daily/TWSE_*.parquet
2349,TWSE,2018-09-14,27.380123138427734,27.380123138427734,27.380123138427734,27.380123138427734,0.0,REMOVE_PROVIDER_FORWARD_FILL_OFFICIAL_NO_QUOTE,data/official_daily/TWSE_*.parquet
2387,TWSE,2018-11-22,18.443300247192383,18.443300247192383,18.443300247192383,18.443300247192383,0.0,REMOVE_PROVIDER_FORWARD_FILL_OFFICIAL_NO_QUOTE,data/official_daily/TWSE_*.parquet
2387,TWSE,2018-11-23,18.443300247192383,18.443300247192383,18.443300247192383,18.443300247192383,0.0,REMOVE_PROVIDER_FORWARD_FILL_OFFICIAL_NO_QUOTE,data/official_daily/TWSE_*.parquet
2387,TWSE,2018-11-26,18.443300247192383,18.443300247192383,18.443300247192383,18.443300247192383,0.0,REMOVE_PROVIDER_FORWARD_FILL_OFFICIAL_NO_QUOTE,data/official_daily/TWSE_*.parquet
2387,TWSE,2018-11-27,18.443300247192383,18.443300247192383,18.443300247192383,18.443300247192383,0.0,REMOVE_PROVIDER_FORWARD_FILL_OFFICIAL_NO_QUOTE,data/official_daily/TWSE_*.parquet
2387,TWSE,2018-11-28,18.443300247192383,18.443300247192383,18.443300247192383,18.443300247192383,0.0,REMOVE_PROVIDER_FORWARD_FILL_OFFICIAL_NO_QUOTE,data/official_daily/TWSE_*.parquet
2387,TWSE,2018-11-29,18.443300247192383,18.443300247192383,18.443300247192383,18.443300247192383,0.0,REMOVE_PROVIDER_FORWARD_FILL_OFFICIAL_NO_QUOTE,data/official_daily/TWSE_*.parquet
2387,TWSE,2018-11-30,18.443300247192383,18.443300247192383,18.443300247192383,18.443300247192383,0.0,REMOVE_PROVIDER_FORWARD_FILL_OFFICIAL_NO_QUOTE,data/official_daily/TWSE_*.parquet
2404,TWSE,2018-11-29,79.875,79.875,79.875,79.875,0.0,REMOVE_PROVIDER_FORWARD_FILL_OFFICIAL_NO_QUOTE,data/official_daily/TWSE_*.parquet
2404,TWSE,2018-11-30,79.875,79.875,79.875,79.875,0.0,REMOVE_PROVIDER_FORWARD_FILL_OFFICIAL_NO_QUOTE,data/official_daily/TWSE_*.parquet
2404,TWSE,2018-12-03,79.875,79.875,79.875,79.875,0.0,REMOVE_PROVIDER_FORWARD_FILL_OFFICIAL_NO_QUOTE,data/official_daily/TWSE_*.parquet
2404,TWSE,2018-12-04,79.875,79.875,79.875,79.875,0.0,REMOVE_PROVIDER_FORWARD_FILL_OFFICIAL_NO_QUOTE,data/official_daily/TWSE_*.parquet
2404,TWSE,2018-12-05,79.875,79.875,79.875,79.875,0.0,REMOVE_PROVIDER_FORWARD_FILL_OFFICIAL_NO_QUOTE,data/official_daily/TWSE_*.parquet
2404,TWSE,2018-12-06,79.875,79.875,79.875,79.875,0.0,REMOVE_PROVIDER_FORWARD_FILL_OFFICIAL_NO_QUOTE,data/official_daily/TWSE_*.parquet
2404,TWSE,2018-12-07,79.875,79.875,79.875,79.875,0.0,REMOVE_PROVIDER_FORWARD_FILL_OFFICIAL_NO_QUOTE,data/official_daily/TWSE_*.parquet
2419,TWSE,2018-08-30,24.593679428100586,24.593679428100586,24.593679428100586,24.593679428100586,0.0,REMOVE_PROVIDER_FORWARD_FILL_OFFICIAL_NO_QUOTE,data/official_daily/TWSE_*.parquet
2419,TWSE,2018-08-31,24.593679428100586,24.593679428100586,24.593679428100586,24.593679428100586,0.0,REMOVE_PROVIDER_FORWARD_FILL_OFFICIAL_NO_QUOTE,data/official_daily/TWSE_*.parquet
2419,TWSE,2018-09-03,24.593679428100586,24.593679428100586,24.593679428100586,24.593679428100586,0.0,REMOVE_PROVIDER_FORWARD_FILL_OFFICIAL_NO_QUOTE,data/official_daily/TWSE_*.parquet
2419,TWSE,2018-09-04,24.593679428100586,24.593679428100586,24.593679428100586,24.593679428100586,0.0,REMOVE_PROVIDER_FORWARD_FILL_OFFICIAL_NO_QUOTE,data/official_daily/TWSE_*.parquet
2419,TWSE,2018-09-05,24.593679428100586,24.593679428100586,24.593679428100586,24.593679428100586,0.0,REMOVE_PROVIDER_FORWARD_FILL_OFFICIAL_NO_QUOTE,data/official_daily/TWSE_*.parquet
2419,TWSE,2018-09-06,24.593679428100586,24.593679428100586,24.593679428100586,24.593679428100586,0.0,REMOVE_PROVIDER_FORWARD_FILL_OFFICIAL_NO_QUOTE,data/official_daily/TWSE_*.parquet
2419,TWSE,2018-09-07,24.593679428100586,24.593679428100586,24.593679428100586,24.593679428100586,0.0,REMOVE_PROVIDER_FORWARD_FILL_OFFICIAL_NO_QUOTE,data/official_daily/TWSE_*.parquet
2429,TWSE,2018-12-21,13.76021957397461,13.76021957397461,13.76021957397461,13.76021957397461,0.0,REMOVE_PROVIDER_FORWARD_FILL_OFFICIAL_NO_QUOTE,data/official_daily/TWSE_*.parquet
2429,TWSE,2018-12-24,13.76021957397461,13.76021957397461,13.76021957397461,13.76021957397461,0.0,REMOVE_PROVIDER_FORWARD_FILL_OFFICIAL_NO_QUOTE,data/official_daily/TWSE_*.parquet
2429,TWSE,2018-12-25,13.76021957397461,13.76021957397461,13.76021957397461,13.76021957397461,0.0,REMOVE_PROVIDER_FORWARD_FILL_OFFICIAL_NO_QUOTE,data/official_daily/TWSE_*.parquet
2429,TWSE,2018-12-26,13.76021957397461,13.76021957397461,13.76021957397461,13.76021957397461,0.0,REMOVE_PROVIDER_FORWARD_FILL_OFFICIAL_NO_QUOTE,data/official_daily/TWSE_*.parquet
2429,TWSE,2018-12-27,13.76021957397461,13.76021957397461,13.76021957397461,13.76021957397461,0.0,REMOVE_PROVIDER_FORWARD_FILL_OFFICIAL_NO_QUOTE,data/official_daily/TWSE_*.parquet
2429,TWSE,2018-12-28,13.76021957397461,13.76021957397461,13.76021957397461,13.76021957397461,0.0,REMOVE_PROVIDER_FORWARD_FILL_OFFICIAL_NO_QUOTE,data/official_daily/TWSE_*.parquet
2436,TWSE,2018-09-13,32.938018798828125,32.938018798828125,32.938018798828125,32.938018798828125,0.0,REMOVE_PROVIDER_FORWARD_FILL_OFFICIAL_NO_QUOTE,data/official_daily/TWSE_*.parquet
2436,TWSE,2018-09-14,32.938018798828125,32.938018798828125,32.938018798828125,32.938018798828125,0.0,REMOVE_PROVIDER_FORWARD_FILL_OFFICIAL_NO_QUOTE,data/official_daily/TWSE_*.parquet
2436,TWSE,2018-09-17,32.938018798828125,32.938018798828125,32.938018798828125,32.938018798828125,0.0,REMOVE_PROVIDER_FORWARD_FILL_OFFICIAL_NO_QUOTE,data/official_daily/TWSE_*.parquet
2436,TWSE,2018-09-18,32.938018798828125,32.938018798828125,32.938018798828125,32.938018798828125,0.0,REMOVE_PROVIDER_FORWARD_FILL_OFFICIAL_NO_QUOTE,data/official_daily/TWSE_*.parquet
2436,TWSE,2018-09-19,32.938018798828125,32.938018798828125,32.938018798828125,32.938018798828125,0.0,REMOVE_PROVIDER_FORWARD_FILL_OFFICIAL_NO_QUOTE,data/official_daily/TWSE_*.parquet
2436,TWSE,2018-09-20,32.938018798828125,32.938018798828125,32.938018798828125,32.938018798828125,0.0,REMOVE_PROVIDER_FORWARD_FILL_OFFICIAL_NO_QUOTE,data/official_daily/TWSE_*.parquet
2436,TWSE,2018-09-21,32.938018798828125,32.938018798828125,32.938018798828125,32.938018798828125,0.0,REMOVE_PROVIDER_FORWARD_FILL_OFFICIAL_NO_QUOTE,data/official_daily/TWSE_*.parquet
2458,TWSE,2018-10-11,61.785709381103516,61.785709381103516,61.785709381103516,61.785709381103516,0.0,REMOVE_PROVIDER_FORWARD_FILL_OFFICIAL_NO_QUOTE,data/official_daily/TWSE_*.parquet
2458,TWSE,2018-10-12,61.785709381103516,61.785709381103516,61.785709381103516,61.785709381103516,0.0,REMOVE_PROVIDER_FORWARD_FILL_OFFICIAL_NO_QUOTE,data/official_daily/TWSE_*.parquet
2458,TWSE,2018-10-15,61.785709381103516,61.785709381103516,61.785709381103516,61.785709381103516,0.0,REMOVE_PROVIDER_FORWARD_FILL_OFFICIAL_NO_QUOTE,data/official_daily/TWSE_*.parquet
2458,TWSE,2018-10-16,61.785709381103516,61.785709381103516,61.785709381103516,61.785709381103516,0.0,REMOVE_PROVIDER_FORWARD_FILL_OFFICIAL_NO_QUOTE,data/official_daily/TWSE_*.parquet
2458,TWSE,2018-10-17,61.785709381103516,61.785709381103516,61.785709381103516,61.785709381103516,0.0,REMOVE_PROVIDER_FORWARD_FILL_OFFICIAL_NO_QUOTE,data/official_daily/TWSE_*.parquet
2458,TWSE,2018-10-18,61.785709381103516,61.785709381103516,61.785709381103516,61.785709381103516,0.0,REMOVE_PROVIDER_FORWARD_FILL_OFFICIAL_NO_QUOTE,data/official_daily/TWSE_*.parquet
2458,TWSE,2018-10-19,61.785709381103516,61.785709381103516,61.785709381103516,61.785709381103516,0.0,REMOVE_PROVIDER_FORWARD_FILL_OFFICIAL_NO_QUOTE,data/official_daily/TWSE_*.parquet
2614,TWSE,2018-07-12,28.28482437133789,28.28482437133789,28.28482437133789,28.28482437133789,0.0,REMOVE_PROVIDER_FORWARD_FILL_OFFICIAL_NO_QUOTE,data/official_daily/TWSE_*.parquet
2614,TWSE,2018-07-13,28.28482437133789,28.28482437133789,28.28482437133789,28.28482437133789,0.0,REMOVE_PROVIDER_FORWARD_FILL_OFFICIAL_NO_QUOTE,data/official_daily/TWSE_*.parquet
2614,TWSE,2018-07-16,28.28482437133789,28.28482437133789,28.28482437133789,28.28482437133789,0.0,REMOVE_PROVIDER_FORWARD_FILL_OFFICIAL_NO_QUOTE,data/official_daily/TWSE_*.parquet
2614,TWSE,2018-07-17,28.28482437133789,28.28482437133789,28.28482437133789,28.28482437133789,0.0,REMOVE_PROVIDER_FORWARD_FILL_OFFICIAL_NO_QUOTE,data/official_daily/TWSE_*.parquet
2614,TWSE,2018-07-18,28.28482437133789,28.28482437133789,28.28482437133789,28.28482437133789,0.0,REMOVE_PROVIDER_FORWARD_FILL_OFFICIAL_NO_QUOTE,data/official_daily/TWSE_*.parquet
2614,TWSE,2018-07-19,28.28482437133789,28.28482437133789,28.28482437133789,28.28482437133789,0.0,REMOVE_PROVIDER_FORWARD_FILL_OFFICIAL_NO_QUOTE,data/official_daily/TWSE_*.parquet
2614,TWSE,2018-07-20,28.28482437133789,28.28482437133789,28.28482437133789,28.28482437133789,0.0,REMOVE_PROVIDER_FORWARD_FILL_OFFICIAL_NO_QUOTE,data/official_daily/TWSE_*.parquet
2915,TWSE,2018-10-18,68.23029327392578,68.23029327392578,68.23029327392578,68.23029327392578,0.0,REMOVE_PROVIDER_FORWARD_FILL_OFFICIAL_NO_QUOTE,data/official_daily/TWSE_*.parquet
2915,TWSE,2018-10-19,68.23029327392578,68.23029327392578,68.23029327392578,68.23029327392578,0.0,REMOVE_PROVIDER_FORWARD_FILL_OFFICIAL_NO_QUOTE,data/official_daily/TWSE_*.parquet
2915,TWSE,2018-10-22,68.23029327392578,68.23029327392578,68.23029327392578,68.23029327392578,0.0,REMOVE_PROVIDER_FORWARD_FILL_OFFICIAL_NO_QUOTE,data/official_daily/TWSE_*.parquet
2915,TWSE,2018-10-23,68.23029327392578,68.23029327392578,68.23029327392578,68.23029327392578,0.0,REMOVE_PROVIDER_FORWARD_FILL_OFFICIAL_NO_QUOTE,data/official_daily/TWSE_*.parquet
2915,TWSE,2018-10-24,68.23029327392578,68.23029327392578,68.23029327392578,68.23029327392578,0.0,REMOVE_PROVIDER_FORWARD_FILL_OFFICIAL_NO_QUOTE,data/official_daily/TWSE_*.parquet
2915,TWSE,2018-10-25,68.23029327392578,68.23029327392578,68.23029327392578,68.23029327392578,0.0,REMOVE_PROVIDER_FORWARD_FILL_OFFICIAL_NO_QUOTE,data/official_daily/TWSE_*.parquet
2915,TWSE,2018-10-26,68.23029327392578,68.23029327392578,68.23029327392578,68.23029327392578,0.0,REMOVE_PROVIDER_FORWARD_FILL_OFFICIAL_NO_QUOTE,data/official_daily/TWSE_*.parquet
2945,TWSE,2018-12-26,111.68877410888672,111.68877410888672,111.68877410888672,111.68877410888672,0.0,REMOVE_PROVIDER_FORWARD_FILL_OFFICIAL_NO_QUOTE,data/official_daily/TWSE_*.parquet
2945,TWSE,2019-01-02,107.67658996582031,107.67658996582031,107.67658996582031,107.67658996582031,0.0,REMOVE_PROVIDER_FORWARD_FILL_OFFICIAL_NO_QUOTE,data/official_daily/TWSE_*.parquet
2945,TWSE,2019-01-17,108.12338256835938,108.12338256835938,108.12338256835938,108.12338256835938,0.0,REMOVE_PROVIDER_FORWARD_FILL_OFFICIAL_NO_QUOTE,data/official_daily/TWSE_*.parquet
2945,TWSE,2019-01-28,109.9105453491211,109.9105453491211,109.9105453491211,109.9105453491211,0.0,REMOVE_PROVIDER_FORWARD_FILL_OFFICIAL_NO_QUOTE,data/official_daily/TWSE_*.parquet
2945,TWSE,2019-02-15,107.67658996582031,107.67658996582031,107.67658996582031,107.67658996582031,0.0,REMOVE_PROVIDER_FORWARD_FILL_OFFICIAL_NO_QUOTE,data/official_daily/TWSE_*.parquet
2945,TWSE,2019-06-10,110.5040054321289,110.5040054321289,110.5040054321289,110.5040054321289,0.0,REMOVE_PROVIDER_FORWARD_FILL_OFFICIAL_NO_QUOTE,data/official_daily/TWSE_*.parquet
2945,TWSE,2019-06-19,110.04771423339844,110.04771423339844,110.04771423339844,110.04771423339844,0.0,REMOVE_PROVIDER_FORWARD_FILL_OFFICIAL_NO_QUOTE,data/official_daily/TWSE_*.parquet
2945,TWSE,2019-07-25,108.51000213623047,108.51000213623047,108.51000213623047,108.51000213623047,0.0,REMOVE_PROVIDER_FORWARD_FILL_OFFICIAL_NO_QUOTE,data/official_daily/TWSE_*.parquet
3022,TWSE,2018-09-06,68.70369720458984,68.70369720458984,68.70369720458984,68.70369720458984,0.0,REMOVE_PROVIDER_FORWARD_FILL_OFFICIAL_NO_QUOTE,data/official_daily/TWSE_*.parquet
3022,TWSE,2018-09-07,68.70369720458984,68.70369720458984,68.70369720458984,68.70369720458984,0.0,REMOVE_PROVIDER_FORWARD_FILL_OFFICIAL_NO_QUOTE,data/official_daily/TWSE_*.parquet
3022,TWSE,2018-09-10,68.70369720458984,68.70369720458984,68.70369720458984,68.70369720458984,0.0,REMOVE_PROVIDER_FORWARD_FILL_OFFICIAL_NO_QUOTE,data/official_daily/TWSE_*.parquet
3022,TWSE,2018-09-11,68.70369720458984,68.70369720458984,68.70369720458984,68.70369720458984,0.0,REMOVE_PROVIDER_FORWARD_FILL_OFFICIAL_NO_QUOTE,data/official_daily/TWSE_*.parquet
3022,TWSE,2018-09-12,68.70369720458984,68.70369720458984,68.70369720458984,68.70369720458984,0.0,REMOVE_PROVIDER_FORWARD_FILL_OFFICIAL_NO_QUOTE,data/official_daily/TWSE_*.parquet
3022,TWSE,2018-09-13,68.70369720458984,68.70369720458984,68.70369720458984,68.70369720458984,0.0,REMOVE_PROVIDER_FORWARD_FILL_OFFICIAL_NO_QUOTE,data/official_daily/TWSE_*.parquet
3022,TWSE,2018-09-14,68.70369720458984,68.70369720458984,68.70369720458984,68.70369720458984,0.0,REMOVE_PROVIDER_FORWARD_FILL_OFFICIAL_NO_QUOTE,data/official_daily/TWSE_*.parquet
3054,TWSE,2018-09-13,25.627599716186523,25.627599716186523,25.627599716186523,25.627599716186523,0.0,REMOVE_PROVIDER_FORWARD_FILL_OFFICIAL_NO_QUOTE,data/official_daily/TWSE_*.parquet
3054,TWSE,2018-09-14,25.627599716186523,25.627599716186523,25.627599716186523,25.627599716186523,0.0,REMOVE_PROVIDER_FORWARD_FILL_OFFICIAL_NO_QUOTE,data/official_daily/TWSE_*.parquet
3054,TWSE,2018-09-17,25.627599716186523,25.627599716186523,25.627599716186523,25.627599716186523,0.0,REMOVE_PROVIDER_FORWARD_FILL_OFFICIAL_NO_QUOTE,data/official_daily/TWSE_*.parquet
3054,TWSE,2018-09-18,25.627599716186523,25.627599716186523,25.627599716186523,25.627599716186523,0.0,REMOVE_PROVIDER_FORWARD_FILL_OFFICIAL_NO_QUOTE,data/official_daily/TWSE_*.parquet
3054,TWSE,2018-09-19,25.627599716186523,25.627599716186523,25.627599716186523,25.627599716186523,0.0,REMOVE_PROVIDER_FORWARD_FILL_OFFICIAL_NO_QUOTE,data/official_daily/TWSE_*.parquet
3054,TWSE,2018-09-20,25.627599716186523,25.627599716186523,25.627599716186523,25.627599716186523,0.0,REMOVE_PROVIDER_FORWARD_FILL_OFFICIAL_NO_QUOTE,data/official_daily/TWSE_*.parquet
3054,TWSE,2018-09-21,25.627599716186523,25.627599716186523,25.627599716186523,25.627599716186523,0.0,REMOVE_PROVIDER_FORWARD_FILL_OFFICIAL_NO_QUOTE,data/official_daily/TWSE_*.parquet
3056,TWSE,2018-12-21,8.843720436096191,8.843720436096191,8.843720436096191,8.843720436096191,0.0,REMOVE_PROVIDER_FORWARD_FILL_OFFICIAL_NO_QUOTE,data/official_daily/TWSE_*.parquet
3056,TWSE,2018-12-24,8.843720436096191,8.843720436096191,8.843720436096191,8.843720436096191,0.0,REMOVE_PROVIDER_FORWARD_FILL_OFFICIAL_NO_QUOTE,data/official_daily/TWSE_*.parquet
3056,TWSE,2018-12-25,8.843720436096191,8.843720436096191,8.843720436096191,8.843720436096191,0.0,REMOVE_PROVIDER_FORWARD_FILL_OFFICIAL_NO_QUOTE,data/official_daily/TWSE_*.parquet
3056,TWSE,2018-12-26,8.843720436096191,8.843720436096191,8.843720436096191,8.843720436096191,0.0,REMOVE_PROVIDER_FORWARD_FILL_OFFICIAL_NO_QUOTE,data/official_daily/TWSE_*.parquet
3056,TWSE,2018-12-27,8.843720436096191,8.843720436096191,8.843720436096191,8.843720436096191,0.0,REMOVE_PROVIDER_FORWARD_FILL_OFFICIAL_NO_QUOTE,data/official_daily/TWSE_*.parquet
3056,TWSE,2018-12-28,8.843720436096191,8.843720436096191,8.843720436096191,8.843720436096191,0.0,REMOVE_PROVIDER_FORWARD_FILL_OFFICIAL_NO_QUOTE,data/official_daily/TWSE_*.parquet
3138,TWSE,2018-01-08,13.045025825500488,13.045025825500488,13.045025825500488,13.045025825500488,0.0,REMOVE_PROVIDER_FORWARD_FILL_OFFICIAL_NO_QUOTE,data/official_daily/TWSE_*.parquet
3138,TWSE,2018-01-22,13.325252532958984,13.325252532958984,13.325252532958984,13.325252532958984,0.0,REMOVE_PROVIDER_FORWARD_FILL_OFFICIAL_NO_QUOTE,data/official_daily/TWSE_*.parquet
3138,TWSE,2018-01-23,13.325252532958984,13.325252532958984,13.325252532958984,13.325252532958984,0.0,REMOVE_PROVIDER_FORWARD_FILL_OFFICIAL_NO_QUOTE,data/official_daily/TWSE_*.parquet
3138,TWSE,2018-01-30,12.803450584411621,12.803450584411621,12.803450584411621,12.803450584411621,0.0,REMOVE_PROVIDER_FORWARD_FILL_OFFICIAL_NO_QUOTE,data/official_daily/TWSE_*.parquet
3138,TWSE,2018-02-01,12.619854927062988,12.619854927062988,12.619854927062988,12.619854927062988,0.0,REMOVE_PROVIDER_FORWARD_FILL_OFFICIAL_NO_QUOTE,data/official_daily/TWSE_*.parquet
3138,TWSE,2018-02-02,12.619854927062988,12.619854927062988,12.619854927062988,12.619854927062988,0.0,REMOVE_PROVIDER_FORWARD_FILL_OFFICIAL_NO_QUOTE,data/official_daily/TWSE_*.parquet
3138,TWSE,2018-02-09,12.561877250671387,12.561877250671387,12.561877250671387,12.561877250671387,0.0,REMOVE_PROVIDER_FORWARD_FILL_OFFICIAL_NO_QUOTE,data/official_daily/TWSE_*.parquet
3138,TWSE,2018-03-05,13.00637435913086,13.00637435913086,13.00637435913086,13.00637435913086,0.0,REMOVE_PROVIDER_FORWARD_FILL_OFFICIAL_NO_QUOTE,data/official_daily/TWSE_*.parquet
3138,TWSE,2018-03-09,12.900080680847168,12.900080680847168,12.900080680847168,12.900080680847168,0.0,REMOVE_PROVIDER_FORWARD_FILL_OFFICIAL_NO_QUOTE,data/official_daily/TWSE_*.parquet
3138,TWSE,2018-03-20,12.764800071716309,12.764800071716309,12.764800071716309,12.764800071716309,0.0,REMOVE_PROVIDER_FORWARD_FILL_OFFICIAL_NO_QUOTE,data/official_daily/TWSE_*.parquet
3138,TWSE,2018-03-30,12.61019229888916,12.61019229888916,12.61019229888916,12.61019229888916,0.0,REMOVE_PROVIDER_FORWARD_FILL_OFFICIAL_NO_QUOTE,data/official_daily/TWSE_*.parquet
3138,TWSE,2018-04-18,11.89513111114502,11.89513111114502,11.89513111114502,11.89513111114502,0.0,REMOVE_PROVIDER_FORWARD_FILL_OFFICIAL_NO_QUOTE,data/official_daily/TWSE_*.parquet
3138,TWSE,2018-04-25,12.078727722167969,12.078727722167969,12.078727722167969,12.078727722167969,0.0,REMOVE_PROVIDER_FORWARD_FILL_OFFICIAL_NO_QUOTE,data/official_daily/TWSE_*.parquet
3138,TWSE,2018-05-02,12.156031608581543,12.156031608581543,12.156031608581543,12.156031608581543,0.0,REMOVE_PROVIDER_FORWARD_FILL_OFFICIAL_NO_QUOTE,data/official_daily/TWSE_*.parquet
3138,TWSE,2018-05-04,11.634230613708496,11.634230613708496,11.634230613708496,11.634230613708496,0.0,REMOVE_PROVIDER_FORWARD_FILL_OFFICIAL_NO_QUOTE,data/official_daily/TWSE_*.parquet
3138,TWSE,2018-05-09,11.788838386535645,11.788838386535645,11.788838386535645,11.788838386535645,0.0,REMOVE_PROVIDER_FORWARD_FILL_OFFICIAL_NO_QUOTE,data/official_daily/TWSE_*.parquet
3138,TWSE,2018-05-11,11.402318954467773,11.402318954467773,11.402318954467773,11.402318954467773,0.0,REMOVE_PROVIDER_FORWARD_FILL_OFFICIAL_NO_QUOTE,data/official_daily/TWSE_*.parquet
3138,TWSE,2018-05-22,11.025463104248047,11.025463104248047,11.025463104248047,11.025463104248047,0.0,REMOVE_PROVIDER_FORWARD_FILL_OFFICIAL_NO_QUOTE,data/official_daily/TWSE_*.parquet
3138,TWSE,2018-05-23,11.025463104248047,11.025463104248047,11.025463104248047,11.025463104248047,0.0,REMOVE_PROVIDER_FORWARD_FILL_OFFICIAL_NO_QUOTE,data/official_daily/TWSE_*.parquet
3138,TWSE,2018-05-30,12.300975799560547,12.300975799560547,12.300975799560547,12.300975799560547,0.0,REMOVE_PROVIDER_FORWARD_FILL_OFFICIAL_NO_QUOTE,data/official_daily/TWSE_*.parquet
3138,TWSE,2018-07-02,11.450634002685547,11.450634002685547,11.450634002685547,11.450634002685547,0.0,REMOVE_PROVIDER_FORWARD_FILL_OFFICIAL_NO_QUOTE,data/official_daily/TWSE_*.parquet
3138,TWSE,2018-07-03,11.450634002685547,11.450634002685547,11.450634002685547,11.450634002685547,0.0,REMOVE_PROVIDER_FORWARD_FILL_OFFICIAL_NO_QUOTE,data/official_daily/TWSE_*.parquet
3138,TWSE,2018-07-10,11.006136894226074,11.006136894226074,11.006136894226074,11.006136894226074,0.0,REMOVE_PROVIDER_FORWARD_FILL_OFFICIAL_NO_QUOTE,data/official_daily/TWSE_*.parquet
3138,TWSE,2018-07-13,10.822540283203125,10.822540283203125,10.822540283203125,10.822540283203125,0.0,REMOVE_PROVIDER_FORWARD_FILL_OFFICIAL_NO_QUOTE,data/official_daily/TWSE_*.parquet
3138,TWSE,2018-07-16,10.822540283203125,10.822540283203125,10.822540283203125,10.822540283203125,0.0,REMOVE_PROVIDER_FORWARD_FILL_OFFICIAL_NO_QUOTE,data/official_daily/TWSE_*.parquet
3138,TWSE,2018-07-17,10.822540283203125,10.822540283203125,10.822540283203125,10.822540283203125,0.0,REMOVE_PROVIDER_FORWARD_FILL_OFFICIAL_NO_QUOTE,data/official_daily/TWSE_*.parquet
3138,TWSE,2018-07-18,10.822540283203125,10.822540283203125,10.822540283203125,10.822540283203125,0.0,REMOVE_PROVIDER_FORWARD_FILL_OFFICIAL_NO_QUOTE,data/official_daily/TWSE_*.parquet
3138,TWSE,2018-08-01,10.194445610046387,10.194445610046387,10.194445610046387,10.194445610046387,0.0,REMOVE_PROVIDER_FORWARD_FILL_OFFICIAL_NO_QUOTE,data/official_daily/TWSE_*.parquet
3138,TWSE,2018-09-07,11.440971374511719,11.440971374511719,11.440971374511719,11.440971374511719,0.0,REMOVE_PROVIDER_FORWARD_FILL_OFFICIAL_NO_QUOTE,data/official_daily/TWSE_*.parquet
3138,TWSE,2018-09-17,11.402318954467773,11.402318954467773,11.402318954467773,11.402318954467773,0.0,REMOVE_PROVIDER_FORWARD_FILL_OFFICIAL_NO_QUOTE,data/official_daily/TWSE_*.parquet
3138,TWSE,2018-09-26,10.967485427856445,10.967485427856445,10.967485427856445,10.967485427856445,0.0,REMOVE_PROVIDER_FORWARD_FILL_OFFICIAL_NO_QUOTE,data/official_daily/TWSE_*.parquet
3138,TWSE,2018-10-02,10.967485427856445,10.967485427856445,10.967485427856445,10.967485427856445,0.0,REMOVE_PROVIDER_FORWARD_FILL_OFFICIAL_NO_QUOTE,data/official_daily/TWSE_*.parquet
3138,TWSE,2018-10-03,10.967485427856445,10.967485427856445,10.967485427856445,10.967485427856445,0.0,REMOVE_PROVIDER_FORWARD_FILL_OFFICIAL_NO_QUOTE,data/official_daily/TWSE_*.parquet
3138,TWSE,2018-10-18,10.832202911376953,10.832202911376953,10.832202911376953,10.832202911376953,0.0,REMOVE_PROVIDER_FORWARD_FILL_OFFICIAL_NO_QUOTE,data/official_daily/TWSE_*.parquet
3138,TWSE,2018-10-22,11.064114570617676,11.064114570617676,11.064114570617676,11.064114570617676,0.0,REMOVE_PROVIDER_FORWARD_FILL_OFFICIAL_NO_QUOTE,data/official_daily/TWSE_*.parquet
3138,TWSE,2018-11-05,11.11242961883545,11.11242961883545,11.11242961883545,11.11242961883545,0.0,REMOVE_PROVIDER_FORWARD_FILL_OFFICIAL_NO_QUOTE,data/official_daily/TWSE_*.parquet
3138,TWSE,2018-11-06,11.11242961883545,11.11242961883545,11.11242961883545,11.11242961883545,0.0,REMOVE_PROVIDER_FORWARD_FILL_OFFICIAL_NO_QUOTE,data/official_daily/TWSE_*.parquet
3138,TWSE,2018-11-08,11.015800476074219,11.015800476074219,11.015800476074219,11.015800476074219,0.0,REMOVE_PROVIDER_FORWARD_FILL_OFFICIAL_NO_QUOTE,data/official_daily/TWSE_*.parquet
3138,TWSE,2018-11-13,11.064114570617676,11.064114570617676,11.064114570617676,11.064114570617676,0.0,REMOVE_PROVIDER_FORWARD_FILL_OFFICIAL_NO_QUOTE,data/official_daily/TWSE_*.parquet
3138,TWSE,2018-11-14,11.064114570617676,11.064114570617676,11.064114570617676,11.064114570617676,0.0,REMOVE_PROVIDER_FORWARD_FILL_OFFICIAL_NO_QUOTE,data/official_daily/TWSE_*.parquet
3138,TWSE,2018-11-22,10.861191749572754,10.861191749572754,10.861191749572754,10.861191749572754,0.0,REMOVE_PROVIDER_FORWARD_FILL_OFFICIAL_NO_QUOTE,data/official_daily/TWSE_*.parquet
3138,TWSE,2018-11-26,10.861191749572754,10.861191749572754,10.861191749572754,10.861191749572754,0.0,REMOVE_PROVIDER_FORWARD_FILL_OFFICIAL_NO_QUOTE,data/official_daily/TWSE_*.parquet
3138,TWSE,2018-11-27,10.861191749572754,10.861191749572754,10.861191749572754,10.861191749572754,0.0,REMOVE_PROVIDER_FORWARD_FILL_OFFICIAL_NO_QUOTE,data/official_daily/TWSE_*.parquet
3138,TWSE,2018-11-28,10.861191749572754,10.861191749572754,10.861191749572754,10.861191749572754,0.0,REMOVE_PROVIDER_FORWARD_FILL_OFFICIAL_NO_QUOTE,data/official_daily/TWSE_*.parquet
3138,TWSE,2018-11-29,10.861191749572754,10.861191749572754,10.861191749572754,10.861191749572754,0.0,REMOVE_PROVIDER_FORWARD_FILL_OFFICIAL_NO_QUOTE,data/official_daily/TWSE_*.parquet
3138,TWSE,2018-12-05,11.064114570617676,11.064114570617676,11.064114570617676,11.064114570617676,0.0,REMOVE_PROVIDER_FORWARD_FILL_OFFICIAL_NO_QUOTE,data/official_daily/TWSE_*.parquet
3138,TWSE,2018-12-07,10.822540283203125,10.822540283203125,10.822540283203125,10.822540283203125,0.0,REMOVE_PROVIDER_FORWARD_FILL_OFFICIAL_NO_QUOTE,data/official_daily/TWSE_*.parquet
3138,TWSE,2018-12-13,11.344341278076172,11.344341278076172,11.344341278076172,11.344341278076172,0.0,REMOVE_PROVIDER_FORWARD_FILL_OFFICIAL_NO_QUOTE,data/official_daily/TWSE_*.parquet
3138,TWSE,2019-01-10,12.078727722167969,12.078727722167969,12.078727722167969,12.078727722167969,0.0,REMOVE_PROVIDER_FORWARD_FILL_OFFICIAL_NO_QUOTE,data/official_daily/TWSE_*.parquet
3138,TWSE,2019-01-24,12.127042770385742,12.127042770385742,12.127042770385742,12.127042770385742,0.0,REMOVE_PROVIDER_FORWARD_FILL_OFFICIAL_NO_QUOTE,data/official_daily/TWSE_*.parquet
3138,TWSE,2019-02-11,12.32030200958252,12.32030200958252,12.32030200958252,12.32030200958252,0.0,REMOVE_PROVIDER_FORWARD_FILL_OFFICIAL_NO_QUOTE,data/official_daily/TWSE_*.parquet
3150,TWSE,2018-01-19,6.356630802154541,6.356630802154541,6.356630802154541,6.356630802154541,0.0,REMOVE_PROVIDER_FORWARD_FILL_OFFICIAL_NO_QUOTE,data/official_daily/TWSE_*.parquet
3150,TWSE,2018-02-09,6.053934097290039,6.053934097290039,6.053934097290039,6.053934097290039,0.0,REMOVE_PROVIDER_FORWARD_FILL_OFFICIAL_NO_QUOTE,data/official_daily/TWSE_*.parquet
3150,TWSE,2018-03-05,6.7804059982299805,6.7804059982299805,6.7804059982299805,6.7804059982299805,0.0,REMOVE_PROVIDER_FORWARD_FILL_OFFICIAL_NO_QUOTE,data/official_daily/TWSE_*.parquet
3150,TWSE,2018-03-27,6.41717004776001,6.41717004776001,6.41717004776001,6.41717004776001,0.0,REMOVE_PROVIDER_FORWARD_FILL_OFFICIAL_NO_QUOTE,data/official_daily/TWSE_*.parquet
3150,TWSE,2018-03-28,6.41717004776001,6.41717004776001,6.41717004776001,6.41717004776001,0.0,REMOVE_PROVIDER_FORWARD_FILL_OFFICIAL_NO_QUOTE,data/official_daily/TWSE_*.parquet
3150,TWSE,2018-04-13,6.623003959655762,6.623003959655762,6.623003959655762,6.623003959655762,0.0,REMOVE_PROVIDER_FORWARD_FILL_OFFICIAL_NO_QUOTE,data/official_daily/TWSE_*.parquet
3150,TWSE,2018-04-19,6.840946197509766,6.840946197509766,6.840946197509766,6.840946197509766,0.0,REMOVE_PROVIDER_FORWARD_FILL_OFFICIAL_NO_QUOTE,data/official_daily/TWSE_*.parquet
3150,TWSE,2018-04-30,6.5382490158081055,6.5382490158081055,6.5382490158081055,6.5382490158081055,0.0,REMOVE_PROVIDER_FORWARD_FILL_OFFICIAL_NO_QUOTE,data/official_daily/TWSE_*.parquet
3150,TWSE,2018-05-04,6.731975078582764,6.731975078582764,6.731975078582764,6.731975078582764,0.0,REMOVE_PROVIDER_FORWARD_FILL_OFFICIAL_NO_QUOTE,data/official_daily/TWSE_*.parquet
3150,TWSE,2018-05-09,6.901484966278076,6.901484966278076,6.901484966278076,6.901484966278076,0.0,REMOVE_PROVIDER_FORWARD_FILL_OFFICIAL_NO_QUOTE,data/official_daily/TWSE_*.parquet
3150,TWSE,2018-05-21,6.901484966278076,6.901484966278076,6.901484966278076,6.901484966278076,0.0,REMOVE_PROVIDER_FORWARD_FILL_OFFICIAL_NO_QUOTE,data/official_daily/TWSE_*.parquet
3150,TWSE,2018-05-22,6.901484966278076,6.901484966278076,6.901484966278076,6.901484966278076,0.0,REMOVE_PROVIDER_FORWARD_FILL_OFFICIAL_NO_QUOTE,data/official_daily/TWSE_*.parquet
3150,TWSE,2018-05-23,6.901484966278076,6.901484966278076,6.901484966278076,6.901484966278076,0.0,REMOVE_PROVIDER_FORWARD_FILL_OFFICIAL_NO_QUOTE,data/official_daily/TWSE_*.parquet
3150,TWSE,2018-06-15,7.506878852844238,7.506878852844238,7.506878852844238,7.506878852844238,0.0,REMOVE_PROVIDER_FORWARD_FILL_OFFICIAL_NO_QUOTE,data/official_daily/TWSE_*.parquet
3150,TWSE,2018-07-31,9.565216064453125,9.565216064453125,9.565216064453125,9.565216064453125,0.0,REMOVE_PROVIDER_FORWARD_FILL_OFFICIAL_NO_QUOTE,data/official_daily/TWSE_*.parquet
3150,TWSE,2018-11-06,9.746833801269531,9.746833801269531,9.746833801269531,9.746833801269531,0.0,REMOVE_PROVIDER_FORWARD_FILL_OFFICIAL_NO_QUOTE,data/official_daily/TWSE_*.parquet
3150,TWSE,2018-11-21,9.553108215332031,9.553108215332031,9.553108215332031,9.553108215332031,0.0,REMOVE_PROVIDER_FORWARD_FILL_OFFICIAL_NO_QUOTE,data/official_daily/TWSE_*.parquet
3150,TWSE,2018-12-18,9.444137573242188,9.444137573242188,9.444137573242188,9.444137573242188,0.0,REMOVE_PROVIDER_FORWARD_FILL_OFFICIAL_NO_QUOTE,data/official_daily/TWSE_*.parquet
3150,TWSE,2019-01-03,9.746833801269531,9.746833801269531,9.746833801269531,9.746833801269531,0.0,REMOVE_PROVIDER_FORWARD_FILL_OFFICIAL_NO_QUOTE,data/official_daily/TWSE_*.parquet
3150,TWSE,2019-01-25,8.536046981811523,8.536046981811523,8.536046981811523,8.536046981811523,0.0,REMOVE_PROVIDER_FORWARD_FILL_OFFICIAL_NO_QUOTE,data/official_daily/TWSE_*.parquet
3150,TWSE,2019-05-03,10.170610427856445,10.170610427856445,10.170610427856445,10.170610427856445,0.0,REMOVE_PROVIDER_FORWARD_FILL_OFFICIAL_NO_QUOTE,data/official_daily/TWSE_*.parquet
3150,TWSE,2019-05-07,10.231148719787598,10.231148719787598,10.231148719787598,10.231148719787598,0.0,REMOVE_PROVIDER_FORWARD_FILL_OFFICIAL_NO_QUOTE,data/official_daily/TWSE_*.parquet
3150,TWSE,2019-05-09,9.928451538085938,9.928451538085938,9.928451538085938,9.928451538085938,0.0,REMOVE_PROVIDER_FORWARD_FILL_OFFICIAL_NO_QUOTE,data/official_daily/TWSE_*.parquet
3150,TWSE,2019-05-20,10.049530982971191,10.049530982971191,10.049530982971191,10.049530982971191,0.0,REMOVE_PROVIDER_FORWARD_FILL_OFFICIAL_NO_QUOTE,data/official_daily/TWSE_*.parquet
3150,TWSE,2019-05-21,10.049530982971191,10.049530982971191,10.049530982971191,10.049530982971191,0.0,REMOVE_PROVIDER_FORWARD_FILL_OFFICIAL_NO_QUOTE,data/official_daily/TWSE_*.parquet
3150,TWSE,2019-05-22,10.049530982971191,10.049530982971191,10.049530982971191,10.049530982971191,0.0,REMOVE_PROVIDER_FORWARD_FILL_OFFICIAL_NO_QUOTE,data/official_daily/TWSE_*.parquet
3150,TWSE,2019-05-23,10.049530982971191,10.049530982971191,10.049530982971191,10.049530982971191,0.0,REMOVE_PROVIDER_FORWARD_FILL_OFFICIAL_NO_QUOTE,data/official_daily/TWSE_*.parquet
3150,TWSE,2019-05-24,10.049530982971191,10.049530982971191,10.049530982971191,10.049530982971191,0.0,REMOVE_PROVIDER_FORWARD_FILL_OFFICIAL_NO_QUOTE,data/official_daily/TWSE_*.parquet
3150,TWSE,2019-05-29,9.153549194335938,9.153549194335938,9.153549194335938,9.153549194335938,0.0,REMOVE_PROVIDER_FORWARD_FILL_OFFICIAL_NO_QUOTE,data/official_daily/TWSE_*.parquet
3150,TWSE,2019-06-05,9.32305908203125,9.32305908203125,9.32305908203125,9.32305908203125,0.0,REMOVE_PROVIDER_FORWARD_FILL_OFFICIAL_NO_QUOTE,data/official_daily/TWSE_*.parquet
3150,TWSE,2019-06-06,9.32305908203125,9.32305908203125,9.32305908203125,9.32305908203125,0.0,REMOVE_PROVIDER_FORWARD_FILL_OFFICIAL_NO_QUOTE,data/official_daily/TWSE_*.parquet
3150,TWSE,2019-06-17,8.971931457519531,8.971931457519531,8.971931457519531,8.971931457519531,0.0,REMOVE_PROVIDER_FORWARD_FILL_OFFICIAL_NO_QUOTE,data/official_daily/TWSE_*.parquet
3150,TWSE,2019-06-20,9.201979637145996,9.201979637145996,9.201979637145996,9.201979637145996,0.0,REMOVE_PROVIDER_FORWARD_FILL_OFFICIAL_NO_QUOTE,data/official_daily/TWSE_*.parquet
3150,TWSE,2019-06-24,9.165657043457031,9.165657043457031,9.165657043457031,9.165657043457031,0.0,REMOVE_PROVIDER_FORWARD_FILL_OFFICIAL_NO_QUOTE,data/official_daily/TWSE_*.parquet
3150,TWSE,2019-06-27,8.959822654724121,8.959822654724121,8.959822654724121,8.959822654724121,0.0,REMOVE_PROVIDER_FORWARD_FILL_OFFICIAL_NO_QUOTE,data/official_daily/TWSE_*.parquet
3150,TWSE,2019-06-28,8.959822654724121,8.959822654724121,8.959822654724121,8.959822654724121,0.0,REMOVE_PROVIDER_FORWARD_FILL_OFFICIAL_NO_QUOTE,data/official_daily/TWSE_*.parquet
3150,TWSE,2019-07-02,8.71766471862793,8.71766471862793,8.71766471862793,8.71766471862793,0.0,REMOVE_PROVIDER_FORWARD_FILL_OFFICIAL_NO_QUOTE,data/official_daily/TWSE_*.parquet
3150,TWSE,2019-07-03,8.71766471862793,8.71766471862793,8.71766471862793,8.71766471862793,0.0,REMOVE_PROVIDER_FORWARD_FILL_OFFICIAL_NO_QUOTE,data/official_daily/TWSE_*.parquet
3150,TWSE,2019-07-05,8.596587181091309,8.596587181091309,8.596587181091309,8.596587181091309,0.0,REMOVE_PROVIDER_FORWARD_FILL_OFFICIAL_NO_QUOTE,data/official_daily/TWSE_*.parquet
3150,TWSE,2019-07-08,8.596587181091309,8.596587181091309,8.596587181091309,8.596587181091309,0.0,REMOVE_PROVIDER_FORWARD_FILL_OFFICIAL_NO_QUOTE,data/official_daily/TWSE_*.parquet
3150,TWSE,2019-07-10,8.536046981811523,8.536046981811523,8.536046981811523,8.536046981811523,0.0,REMOVE_PROVIDER_FORWARD_FILL_OFFICIAL_NO_QUOTE,data/official_daily/TWSE_*.parquet
3150,TWSE,2019-07-12,8.596587181091309,8.596587181091309,8.596587181091309,8.596587181091309,0.0,REMOVE_PROVIDER_FORWARD_FILL_OFFICIAL_NO_QUOTE,data/official_daily/TWSE_*.parquet
3150,TWSE,2019-07-15,8.596587181091309,8.596587181091309,8.596587181091309,8.596587181091309,0.0,REMOVE_PROVIDER_FORWARD_FILL_OFFICIAL_NO_QUOTE,data/official_daily/TWSE_*.parquet
3150,TWSE,2019-07-18,8.475507736206055,8.475507736206055,8.475507736206055,8.475507736206055,0.0,REMOVE_PROVIDER_FORWARD_FILL_OFFICIAL_NO_QUOTE,data/official_daily/TWSE_*.parquet
3168,TWSE,2018-01-19,13.600000381469727,13.600000381469727,13.600000381469727,13.600000381469727,0.0,REMOVE_PROVIDER_FORWARD_FILL_OFFICIAL_NO_QUOTE,data/official_daily/TWSE_*.parquet
3168,TWSE,2018-01-22,13.600000381469727,13.600000381469727,13.600000381469727,13.600000381469727,0.0,REMOVE_PROVIDER_FORWARD_FILL_OFFICIAL_NO_QUOTE,data/official_daily/TWSE_*.parquet
3168,TWSE,2018-01-23,13.600000381469727,13.600000381469727,13.600000381469727,13.600000381469727,0.0,REMOVE_PROVIDER_FORWARD_FILL_OFFICIAL_NO_QUOTE,data/official_daily/TWSE_*.parquet
3168,TWSE,2018-01-26,14.0,14.0,14.0,14.0,0.0,REMOVE_PROVIDER_FORWARD_FILL_OFFICIAL_NO_QUOTE,data/official_daily/TWSE_*.parquet
3168,TWSE,2018-01-30,13.899999618530273,13.899999618530273,13.899999618530273,13.899999618530273,0.0,REMOVE_PROVIDER_FORWARD_FILL_OFFICIAL_NO_QUOTE,data/official_daily/TWSE_*.parquet
3168,TWSE,2018-01-31,13.899999618530273,13.899999618530273,13.899999618530273,13.899999618530273,0.0,REMOVE_PROVIDER_FORWARD_FILL_OFFICIAL_NO_QUOTE,data/official_daily/TWSE_*.parquet
3168,TWSE,2018-02-01,13.899999618530273,13.899999618530273,13.899999618530273,13.899999618530273,0.0,REMOVE_PROVIDER_FORWARD_FILL_OFFICIAL_NO_QUOTE,data/official_daily/TWSE_*.parquet
3168,TWSE,2018-02-09,13.40999984741211,13.40999984741211,13.40999984741211,13.40999984741211,0.0,REMOVE_PROVIDER_FORWARD_FILL_OFFICIAL_NO_QUOTE,data/official_daily/TWSE_*.parquet
3168,TWSE,2018-03-05,16.799999237060547,16.799999237060547,16.799999237060547,16.799999237060547,0.0,REMOVE_PROVIDER_FORWARD_FILL_OFFICIAL_NO_QUOTE,data/official_daily/TWSE_*.parquet
3168,TWSE,2018-05-24,14.180000305175781,14.180000305175781,14.180000305175781,14.180000305175781,0.0,REMOVE_PROVIDER_FORWARD_FILL_OFFICIAL_NO_QUOTE,data/official_daily/TWSE_*.parquet
3168,TWSE,2018-05-29,14.25,14.25,14.25,14.25,0.0,REMOVE_PROVIDER_FORWARD_FILL_OFFICIAL_NO_QUOTE,data/official_daily/TWSE_*.parquet
3168,TWSE,2018-05-30,14.25,14.25,14.25,14.25,0.0,REMOVE_PROVIDER_FORWARD_FILL_OFFICIAL_NO_QUOTE,data/official_daily/TWSE_*.parquet
3168,TWSE,2018-06-07,14.100000381469727,14.100000381469727,14.100000381469727,14.100000381469727,0.0,REMOVE_PROVIDER_FORWARD_FILL_OFFICIAL_NO_QUOTE,data/official_daily/TWSE_*.parquet
3168,TWSE,2018-06-25,14.199999809265137,14.199999809265137,14.199999809265137,14.199999809265137,0.0,REMOVE_PROVIDER_FORWARD_FILL_OFFICIAL_NO_QUOTE,data/official_daily/TWSE_*.parquet
3168,TWSE,2018-07-24,14.25,14.25,14.25,14.25,0.0,REMOVE_PROVIDER_FORWARD_FILL_OFFICIAL_NO_QUOTE,data/official_daily/TWSE_*.parquet
3168,TWSE,2018-07-25,14.25,14.25,14.25,14.25,0.0,REMOVE_PROVIDER_FORWARD_FILL_OFFICIAL_NO_QUOTE,data/official_daily/TWSE_*.parquet
3168,TWSE,2018-07-26,14.25,14.25,14.25,14.25,0.0,REMOVE_PROVIDER_FORWARD_FILL_OFFICIAL_NO_QUOTE,data/official_daily/TWSE_*.parquet
3168,TWSE,2018-08-13,13.039999961853027,13.039999961853027,13.039999961853027,13.039999961853027,0.0,REMOVE_PROVIDER_FORWARD_FILL_OFFICIAL_NO_QUOTE,data/official_daily/TWSE_*.parquet
3168,TWSE,2018-08-14,13.039999961853027,13.039999961853027,13.039999961853027,13.039999961853027,0.0,REMOVE_PROVIDER_FORWARD_FILL_OFFICIAL_NO_QUOTE,data/official_daily/TWSE_*.parquet
3168,TWSE,2018-08-17,13.449999809265137,13.449999809265137,13.449999809265137,13.449999809265137,0.0,REMOVE_PROVIDER_FORWARD_FILL_OFFICIAL_NO_QUOTE,data/official_daily/TWSE_*.parquet
3168,TWSE,2018-08-20,13.449999809265137,13.449999809265137,13.449999809265137,13.449999809265137,0.0,REMOVE_PROVIDER_FORWARD_FILL_OFFICIAL_NO_QUOTE,data/official_daily/TWSE_*.parquet
3168,TWSE,2018-08-23,14.039999961853027,14.039999961853027,14.039999961853027,14.039999961853027,0.0,REMOVE_PROVIDER_FORWARD_FILL_OFFICIAL_NO_QUOTE,data/official_daily/TWSE_*.parquet
3168,TWSE,2018-08-24,14.039999961853027,14.039999961853027,14.039999961853027,14.039999961853027,0.0,REMOVE_PROVIDER_FORWARD_FILL_OFFICIAL_NO_QUOTE,data/official_daily/TWSE_*.parquet
3168,TWSE,2018-08-31,13.850000381469727,13.850000381469727,13.850000381469727,13.850000381469727,0.0,REMOVE_PROVIDER_FORWARD_FILL_OFFICIAL_NO_QUOTE,data/official_daily/TWSE_*.parquet
3168,TWSE,2018-09-03,13.850000381469727,13.850000381469727,13.850000381469727,13.850000381469727,0.0,REMOVE_PROVIDER_FORWARD_FILL_OFFICIAL_NO_QUOTE,data/official_daily/TWSE_*.parquet
3168,TWSE,2018-09-04,13.850000381469727,13.850000381469727,13.850000381469727,13.850000381469727,0.0,REMOVE_PROVIDER_FORWARD_FILL_OFFICIAL_NO_QUOTE,data/official_daily/TWSE_*.parquet
3168,TWSE,2018-09-05,13.850000381469727,13.850000381469727,13.850000381469727,13.850000381469727,0.0,REMOVE_PROVIDER_FORWARD_FILL_OFFICIAL_NO_QUOTE,data/official_daily/TWSE_*.parquet
3168,TWSE,2018-09-06,13.850000381469727,13.850000381469727,13.850000381469727,13.850000381469727,0.0,REMOVE_PROVIDER_FORWARD_FILL_OFFICIAL_NO_QUOTE,data/official_daily/TWSE_*.parquet
3168,TWSE,2018-09-10,13.850000381469727,13.850000381469727,13.850000381469727,13.850000381469727,0.0,REMOVE_PROVIDER_FORWARD_FILL_OFFICIAL_NO_QUOTE,data/official_daily/TWSE_*.parquet
3168,TWSE,2018-09-18,14.100000381469727,14.100000381469727,14.100000381469727,14.100000381469727,0.0,REMOVE_PROVIDER_FORWARD_FILL_OFFICIAL_NO_QUOTE,data/official_daily/TWSE_*.parquet
3168,TWSE,2018-09-19,14.100000381469727,14.100000381469727,14.100000381469727,14.100000381469727,0.0,REMOVE_PROVIDER_FORWARD_FILL_OFFICIAL_NO_QUOTE,data/official_daily/TWSE_*.parquet
3168,TWSE,2018-09-20,14.100000381469727,14.100000381469727,14.100000381469727,14.100000381469727,0.0,REMOVE_PROVIDER_FORWARD_FILL_OFFICIAL_NO_QUOTE,data/official_daily/TWSE_*.parquet
3168,TWSE,2018-09-21,14.100000381469727,14.100000381469727,14.100000381469727,14.100000381469727,0.0,REMOVE_PROVIDER_FORWARD_FILL_OFFICIAL_NO_QUOTE,data/official_daily/TWSE_*.parquet
3168,TWSE,2018-09-26,14.229999542236328,14.229999542236328,14.229999542236328,14.229999542236328,0.0,REMOVE_PROVIDER_FORWARD_FILL_OFFICIAL_NO_QUOTE,data/official_daily/TWSE_*.parquet
3168,TWSE,2018-10-19,13.0,13.0,13.0,13.0,0.0,REMOVE_PROVIDER_FORWARD_FILL_OFFICIAL_NO_QUOTE,data/official_daily/TWSE_*.parquet
3168,TWSE,2018-10-22,13.0,13.0,13.0,13.0,0.0,REMOVE_PROVIDER_FORWARD_FILL_OFFICIAL_NO_QUOTE,data/official_daily/TWSE_*.parquet
3168,TWSE,2018-10-31,12.949999809265137,12.949999809265137,12.949999809265137,12.949999809265137,0.0,REMOVE_PROVIDER_FORWARD_FILL_OFFICIAL_NO_QUOTE,data/official_daily/TWSE_*.parquet
3168,TWSE,2018-11-05,13.0,13.0,13.0,13.0,0.0,REMOVE_PROVIDER_FORWARD_FILL_OFFICIAL_NO_QUOTE,data/official_daily/TWSE_*.parquet
3168,TWSE,2018-11-06,13.0,13.0,13.0,13.0,0.0,REMOVE_PROVIDER_FORWARD_FILL_OFFICIAL_NO_QUOTE,data/official_daily/TWSE_*.parquet
3168,TWSE,2018-11-21,15.050000190734863,15.050000190734863,15.050000190734863,15.050000190734863,0.0,REMOVE_PROVIDER_FORWARD_FILL_OFFICIAL_NO_QUOTE,data/official_daily/TWSE_*.parquet
3168,TWSE,2018-12-06,15.649999618530273,15.649999618530273,15.649999618530273,15.649999618530273,0.0,REMOVE_PROVIDER_FORWARD_FILL_OFFICIAL_NO_QUOTE,data/official_daily/TWSE_*.parquet
3168,TWSE,2018-12-11,15.84000015258789,15.84000015258789,15.84000015258789,15.84000015258789,0.0,REMOVE_PROVIDER_FORWARD_FILL_OFFICIAL_NO_QUOTE,data/official_daily/TWSE_*.parquet
3168,TWSE,2018-12-13,16.0,16.0,16.0,16.0,0.0,REMOVE_PROVIDER_FORWARD_FILL_OFFICIAL_NO_QUOTE,data/official_daily/TWSE_*.parquet
3168,TWSE,2018-12-14,16.0,16.0,16.0,16.0,0.0,REMOVE_PROVIDER_FORWARD_FILL_OFFICIAL_NO_QUOTE,data/official_daily/TWSE_*.parquet
3168,TWSE,2019-01-10,16.299999237060547,16.299999237060547,16.299999237060547,16.299999237060547,0.0,REMOVE_PROVIDER_FORWARD_FILL_OFFICIAL_NO_QUOTE,data/official_daily/TWSE_*.parquet
3168,TWSE,2019-01-15,16.739999771118164,16.739999771118164,16.739999771118164,16.739999771118164,0.0,REMOVE_PROVIDER_FORWARD_FILL_OFFICIAL_NO_QUOTE,data/official_daily/TWSE_*.parquet
3168,TWSE,2019-01-18,17.350000381469727,17.350000381469727,17.350000381469727,17.350000381469727,0.0,REMOVE_PROVIDER_FORWARD_FILL_OFFICIAL_NO_QUOTE,data/official_daily/TWSE_*.parquet
3168,TWSE,2019-01-22,16.799999237060547,16.799999237060547,16.799999237060547,16.799999237060547,0.0,REMOVE_PROVIDER_FORWARD_FILL_OFFICIAL_NO_QUOTE,data/official_daily/TWSE_*.parquet
3168,TWSE,2019-01-23,16.799999237060547,16.799999237060547,16.799999237060547,16.799999237060547,0.0,REMOVE_PROVIDER_FORWARD_FILL_OFFICIAL_NO_QUOTE,data/official_daily/TWSE_*.parquet
3168,TWSE,2019-01-25,16.700000762939453,16.700000762939453,16.700000762939453,16.700000762939453,0.0,REMOVE_PROVIDER_FORWARD_FILL_OFFICIAL_NO_QUOTE,data/official_daily/TWSE_*.parquet
3168,TWSE,2019-01-30,16.799999237060547,16.799999237060547,16.799999237060547,16.799999237060547,0.0,REMOVE_PROVIDER_FORWARD_FILL_OFFICIAL_NO_QUOTE,data/official_daily/TWSE_*.parquet
3168,TWSE,2019-02-19,17.100000381469727,17.100000381469727,17.100000381469727,17.100000381469727,0.0,REMOVE_PROVIDER_FORWARD_FILL_OFFICIAL_NO_QUOTE,data/official_daily/TWSE_*.parquet
3168,TWSE,2019-03-21,20.0,20.0,20.0,20.0,0.0,REMOVE_PROVIDER_FORWARD_FILL_OFFICIAL_NO_QUOTE,data/official_daily/TWSE_*.parquet
3168,TWSE,2019-05-14,27.0,27.0,27.0,27.0,0.0,REMOVE_PROVIDER_FORWARD_FILL_OFFICIAL_NO_QUOTE,data/official_daily/TWSE_*.parquet
3168,TWSE,2019-05-24,25.649999618530273,25.649999618530273,25.649999618530273,25.649999618530273,0.0,REMOVE_PROVIDER_FORWARD_FILL_OFFICIAL_NO_QUOTE,data/official_daily/TWSE_*.parquet
3168,TWSE,2019-05-28,26.0,26.0,26.0,26.0,0.0,REMOVE_PROVIDER_FORWARD_FILL_OFFICIAL_NO_QUOTE,data/official_daily/TWSE_*.parquet
3168,TWSE,2019-05-29,26.0,26.0,26.0,26.0,0.0,REMOVE_PROVIDER_FORWARD_FILL_OFFICIAL_NO_QUOTE,data/official_daily/TWSE_*.parquet
3168,TWSE,2019-06-14,25.649999618530273,25.649999618530273,25.649999618530273,25.649999618530273,0.0,REMOVE_PROVIDER_FORWARD_FILL_OFFICIAL_NO_QUOTE,data/official_daily/TWSE_*.parquet
3168,TWSE,2019-06-18,26.06999969482422,26.06999969482422,26.06999969482422,26.06999969482422,0.0,REMOVE_PROVIDER_FORWARD_FILL_OFFICIAL_NO_QUOTE,data/official_daily/TWSE_*.parquet
3168,TWSE,2019-06-20,26.06999969482422,26.06999969482422,26.06999969482422,26.06999969482422,0.0,REMOVE_PROVIDER_FORWARD_FILL_OFFICIAL_NO_QUOTE,data/official_daily/TWSE_*.parquet
3168,TWSE,2019-07-08,24.0,24.0,24.0,24.0,0.0,REMOVE_PROVIDER_FORWARD_FILL_OFFICIAL_NO_QUOTE,data/official_daily/TWSE_*.parquet
3168,TWSE,2019-07-09,24.0,24.0,24.0,24.0,0.0,REMOVE_PROVIDER_FORWARD_FILL_OFFICIAL_NO_QUOTE,data/official_daily/TWSE_*.parquet
3312,TWSE,2018-02-09,5.086659908294678,5.086659908294678,5.086659908294678,5.086659908294678,0.0,REMOVE_PROVIDER_FORWARD_FILL_OFFICIAL_NO_QUOTE,data/official_daily/TWSE_*.parquet
3312,TWSE,2018-02-12,5.086659908294678,5.086659908294678,5.086659908294678,5.086659908294678,0.0,REMOVE_PROVIDER_FORWARD_FILL_OFFICIAL_NO_QUOTE,data/official_daily/TWSE_*.parquet
3312,TWSE,2018-02-21,5.086659908294678,5.086659908294678,5.086659908294678,5.086659908294678,0.0,REMOVE_PROVIDER_FORWARD_FILL_OFFICIAL_NO_QUOTE,data/official_daily/TWSE_*.parquet
3312,TWSE,2018-02-22,5.086659908294678,5.086659908294678,5.086659908294678,5.086659908294678,0.0,REMOVE_PROVIDER_FORWARD_FILL_OFFICIAL_NO_QUOTE,data/official_daily/TWSE_*.parquet
3312,TWSE,2018-02-23,5.086659908294678,5.086659908294678,5.086659908294678,5.086659908294678,0.0,REMOVE_PROVIDER_FORWARD_FILL_OFFICIAL_NO_QUOTE,data/official_daily/TWSE_*.parquet
3312,TWSE,2018-02-26,5.086659908294678,5.086659908294678,5.086659908294678,5.086659908294678,0.0,REMOVE_PROVIDER_FORWARD_FILL_OFFICIAL_NO_QUOTE,data/official_daily/TWSE_*.parquet
3312,TWSE,2018-02-27,5.086659908294678,5.086659908294678,5.086659908294678,5.086659908294678,0.0,REMOVE_PROVIDER_FORWARD_FILL_OFFICIAL_NO_QUOTE,data/official_daily/TWSE_*.parquet
3312,TWSE,2018-03-01,5.086659908294678,5.086659908294678,5.086659908294678,5.086659908294678,0.0,REMOVE_PROVIDER_FORWARD_FILL_OFFICIAL_NO_QUOTE,data/official_daily/TWSE_*.parquet
3312,TWSE,2018-03-02,5.086659908294678,5.086659908294678,5.086659908294678,5.086659908294678,0.0,REMOVE_PROVIDER_FORWARD_FILL_OFFICIAL_NO_QUOTE,data/official_daily/TWSE_*.parquet
3312,TWSE,2018-03-05,5.086659908294678,5.086659908294678,5.086659908294678,5.086659908294678,0.0,REMOVE_PROVIDER_FORWARD_FILL_OFFICIAL_NO_QUOTE,data/official_daily/TWSE_*.parquet
3312,TWSE,2018-03-06,5.086659908294678,5.086659908294678,5.086659908294678,5.086659908294678,0.0,REMOVE_PROVIDER_FORWARD_FILL_OFFICIAL_NO_QUOTE,data/official_daily/TWSE_*.parquet
3312,TWSE,2018-03-07,5.086659908294678,5.086659908294678,5.086659908294678,5.086659908294678,0.0,REMOVE_PROVIDER_FORWARD_FILL_OFFICIAL_NO_QUOTE,data/official_daily/TWSE_*.parquet
3312,TWSE,2018-03-08,5.086659908294678,5.086659908294678,5.086659908294678,5.086659908294678,0.0,REMOVE_PROVIDER_FORWARD_FILL_OFFICIAL_NO_QUOTE,data/official_daily/TWSE_*.parquet
3312,TWSE,2018-03-09,5.086659908294678,5.086659908294678,5.086659908294678,5.086659908294678,0.0,REMOVE_PROVIDER_FORWARD_FILL_OFFICIAL_NO_QUOTE,data/official_daily/TWSE_*.parquet
3312,TWSE,2018-03-12,5.086659908294678,5.086659908294678,5.086659908294678,5.086659908294678,0.0,REMOVE_PROVIDER_FORWARD_FILL_OFFICIAL_NO_QUOTE,data/official_daily/TWSE_*.parquet
3312,TWSE,2018-03-13,5.086659908294678,5.086659908294678,5.086659908294678,5.086659908294678,0.0,REMOVE_PROVIDER_FORWARD_FILL_OFFICIAL_NO_QUOTE,data/official_daily/TWSE_*.parquet
3312,TWSE,2018-03-14,5.086659908294678,5.086659908294678,5.086659908294678,5.086659908294678,0.0,REMOVE_PROVIDER_FORWARD_FILL_OFFICIAL_NO_QUOTE,data/official_daily/TWSE_*.parquet
3312,TWSE,2018-03-15,5.086659908294678,5.086659908294678,5.086659908294678,5.086659908294678,0.0,REMOVE_PROVIDER_FORWARD_FILL_OFFICIAL_NO_QUOTE,data/official_daily/TWSE_*.parquet
3312,TWSE,2018-03-16,5.086659908294678,5.086659908294678,5.086659908294678,5.086659908294678,0.0,REMOVE_PROVIDER_FORWARD_FILL_OFFICIAL_NO_QUOTE,data/official_daily/TWSE_*.parquet
3312,TWSE,2018-03-19,5.086659908294678,5.086659908294678,5.086659908294678,5.086659908294678,0.0,REMOVE_PROVIDER_FORWARD_FILL_OFFICIAL_NO_QUOTE,data/official_daily/TWSE_*.parquet
3312,TWSE,2018-03-20,5.086659908294678,5.086659908294678,5.086659908294678,5.086659908294678,0.0,REMOVE_PROVIDER_FORWARD_FILL_OFFICIAL_NO_QUOTE,data/official_daily/TWSE_*.parquet
3312,TWSE,2018-03-21,5.086659908294678,5.086659908294678,5.086659908294678,5.086659908294678,0.0,REMOVE_PROVIDER_FORWARD_FILL_OFFICIAL_NO_QUOTE,data/official_daily/TWSE_*.parquet
3312,TWSE,2018-03-22,5.086659908294678,5.086659908294678,5.086659908294678,5.086659908294678,0.0,REMOVE_PROVIDER_FORWARD_FILL_OFFICIAL_NO_QUOTE,data/official_daily/TWSE_*.parquet
3312,TWSE,2018-03-23,5.086659908294678,5.086659908294678,5.086659908294678,5.086659908294678,0.0,REMOVE_PROVIDER_FORWARD_FILL_OFFICIAL_NO_QUOTE,data/official_daily/TWSE_*.parquet
3312,TWSE,2018-03-26,5.086659908294678,5.086659908294678,5.086659908294678,5.086659908294678,0.0,REMOVE_PROVIDER_FORWARD_FILL_OFFICIAL_NO_QUOTE,data/official_daily/TWSE_*.parquet
3312,TWSE,2018-03-27,5.086659908294678,5.086659908294678,5.086659908294678,5.086659908294678,0.0,REMOVE_PROVIDER_FORWARD_FILL_OFFICIAL_NO_QUOTE,data/official_daily/TWSE_*.parquet
3312,TWSE,2018-03-28,5.086659908294678,5.086659908294678,5.086659908294678,5.086659908294678,0.0,REMOVE_PROVIDER_FORWARD_FILL_OFFICIAL_NO_QUOTE,data/official_daily/TWSE_*.parquet
3312,TWSE,2018-03-29,5.086659908294678,5.086659908294678,5.086659908294678,5.086659908294678,0.0,REMOVE_PROVIDER_FORWARD_FILL_OFFICIAL_NO_QUOTE,data/official_daily/TWSE_*.parquet
3312,TWSE,2018-03-30,5.086659908294678,5.086659908294678,5.086659908294678,5.086659908294678,0.0,REMOVE_PROVIDER_FORWARD_FILL_OFFICIAL_NO_QUOTE,data/official_daily/TWSE_*.parquet
3312,TWSE,2018-04-02,5.086659908294678,5.086659908294678,5.086659908294678,5.086659908294678,0.0,REMOVE_PROVIDER_FORWARD_FILL_OFFICIAL_NO_QUOTE,data/official_daily/TWSE_*.parquet
3312,TWSE,2018-04-03,5.086659908294678,5.086659908294678,5.086659908294678,5.086659908294678,0.0,REMOVE_PROVIDER_FORWARD_FILL_OFFICIAL_NO_QUOTE,data/official_daily/TWSE_*.parquet
3312,TWSE,2018-04-09,5.086659908294678,5.086659908294678,5.086659908294678,5.086659908294678,0.0,REMOVE_PROVIDER_FORWARD_FILL_OFFICIAL_NO_QUOTE,data/official_daily/TWSE_*.parquet
3530,TWSE,2018-02-09,197.0,197.0,197.0,197.0,0.0,REMOVE_PROVIDER_FORWARD_FILL_OFFICIAL_NO_QUOTE,data/official_daily/TWSE_*.parquet
3530,TWSE,2018-02-27,179.17999267578125,179.17999267578125,179.17999267578125,179.17999267578125,0.0,REMOVE_PROVIDER_FORWARD_FILL_OFFICIAL_NO_QUOTE,data/official_daily/TWSE_*.parquet
3530,TWSE,2018-03-05,180.0,180.0,180.0,180.0,0.0,REMOVE_PROVIDER_FORWARD_FILL_OFFICIAL_NO_QUOTE,data/official_daily/TWSE_*.parquet
3530,TWSE,2018-03-07,186.99000549316406,186.99000549316406,186.99000549316406,186.99000549316406,0.0,REMOVE_PROVIDER_FORWARD_FILL_OFFICIAL_NO_QUOTE,data/official_daily/TWSE_*.parquet
3530,TWSE,2018-03-09,172.0,172.0,172.0,172.0,0.0,REMOVE_PROVIDER_FORWARD_FILL_OFFICIAL_NO_QUOTE,data/official_daily/TWSE_*.parquet
3530,TWSE,2018-04-10,178.0,178.0,178.0,178.0,0.0,REMOVE_PROVIDER_FORWARD_FILL_OFFICIAL_NO_QUOTE,data/official_daily/TWSE_*.parquet
3532,TWSE,2018-09-13,158.60000610351562,158.60000610351562,158.60000610351562,158.60000610351562,0.0,REMOVE_PROVIDER_FORWARD_FILL_OFFICIAL_NO_QUOTE,data/official_daily/TWSE_*.parquet
3532,TWSE,2018-09-14,158.60000610351562,158.60000610351562,158.60000610351562,158.60000610351562,0.0,REMOVE_PROVIDER_FORWARD_FILL_OFFICIAL_NO_QUOTE,data/official_daily/TWSE_*.parquet
3532,TWSE,2018-09-17,158.60000610351562,158.60000610351562,158.60000610351562,158.60000610351562,0.0,REMOVE_PROVIDER_FORWARD_FILL_OFFICIAL_NO_QUOTE,data/official_daily/TWSE_*.parquet
3532,TWSE,2018-09-18,158.60000610351562,158.60000610351562,158.60000610351562,158.60000610351562,0.0,REMOVE_PROVIDER_FORWARD_FILL_OFFICIAL_NO_QUOTE,data/official_daily/TWSE_*.parquet
3532,TWSE,2018-09-19,158.60000610351562,158.60000610351562,158.60000610351562,158.60000610351562,0.0,REMOVE_PROVIDER_FORWARD_FILL_OFFICIAL_NO_QUOTE,data/official_daily/TWSE_*.parquet
3532,TWSE,2018-09-20,158.60000610351562,158.60000610351562,158.60000610351562,158.60000610351562,0.0,REMOVE_PROVIDER_FORWARD_FILL_OFFICIAL_NO_QUOTE,data/official_daily/TWSE_*.parquet
3532,TWSE,2018-09-21,158.60000610351562,158.60000610351562,158.60000610351562,158.60000610351562,0.0,REMOVE_PROVIDER_FORWARD_FILL_OFFICIAL_NO_QUOTE,data/official_daily/TWSE_*.parquet
3543,TWSE,2018-02-08,15.949999809265137,15.949999809265137,15.949999809265137,15.949999809265137,0.0,REMOVE_PROVIDER_FORWARD_FILL_OFFICIAL_NO_QUOTE,data/official_daily/TWSE_*.parquet
3543,TWSE,2018-02-09,15.949999809265137,15.949999809265137,15.949999809265137,15.949999809265137,0.0,REMOVE_PROVIDER_FORWARD_FILL_OFFICIAL_NO_QUOTE,data/official_daily/TWSE_*.parquet
3543,TWSE,2018-03-05,15.989999771118164,15.989999771118164,15.989999771118164,15.989999771118164,0.0,REMOVE_PROVIDER_FORWARD_FILL_OFFICIAL_NO_QUOTE,data/official_daily/TWSE_*.parquet
3543,TWSE,2018-03-20,15.0,15.0,15.0,15.0,0.0,REMOVE_PROVIDER_FORWARD_FILL_OFFICIAL_NO_QUOTE,data/official_daily/TWSE_*.parquet
3543,TWSE,2018-05-18,15.5,15.5,15.5,15.5,0.0,REMOVE_PROVIDER_FORWARD_FILL_OFFICIAL_NO_QUOTE,data/official_daily/TWSE_*.parquet
3543,TWSE,2018-06-15,15.0,15.0,15.0,15.0,0.0,REMOVE_PROVIDER_FORWARD_FILL_OFFICIAL_NO_QUOTE,data/official_daily/TWSE_*.parquet
3543,TWSE,2018-06-19,15.0,15.0,15.0,15.0,0.0,REMOVE_PROVIDER_FORWARD_FILL_OFFICIAL_NO_QUOTE,data/official_daily/TWSE_*.parquet
3543,TWSE,2018-07-12,14.399999618530273,14.399999618530273,14.399999618530273,14.399999618530273,0.0,REMOVE_PROVIDER_FORWARD_FILL_OFFICIAL_NO_QUOTE,data/official_daily/TWSE_*.parquet
3543,TWSE,2018-07-19,14.930000305175781,14.930000305175781,14.930000305175781,14.930000305175781,0.0,REMOVE_PROVIDER_FORWARD_FILL_OFFICIAL_NO_QUOTE,data/official_daily/TWSE_*.parquet
3543,TWSE,2018-07-25,14.300000190734863,14.300000190734863,14.300000190734863,14.300000190734863,0.0,REMOVE_PROVIDER_FORWARD_FILL_OFFICIAL_NO_QUOTE,data/official_daily/TWSE_*.parquet
3543,TWSE,2018-12-12,14.800000190734863,14.800000190734863,14.800000190734863,14.800000190734863,0.0,REMOVE_PROVIDER_FORWARD_FILL_OFFICIAL_NO_QUOTE,data/official_daily/TWSE_*.parquet
3543,TWSE,2018-12-24,15.100000381469727,15.100000381469727,15.100000381469727,15.100000381469727,0.0,REMOVE_PROVIDER_FORWARD_FILL_OFFICIAL_NO_QUOTE,data/official_daily/TWSE_*.parquet
3543,TWSE,2019-01-02,14.0,14.0,14.0,14.0,0.0,REMOVE_PROVIDER_FORWARD_FILL_OFFICIAL_NO_QUOTE,data/official_daily/TWSE_*.parquet
3543,TWSE,2019-01-15,14.100000381469727,14.100000381469727,14.100000381469727,14.100000381469727,0.0,REMOVE_PROVIDER_FORWARD_FILL_OFFICIAL_NO_QUOTE,data/official_daily/TWSE_*.parquet
3543,TWSE,2019-06-05,17.0,17.0,17.0,17.0,0.0,REMOVE_PROVIDER_FORWARD_FILL_OFFICIAL_NO_QUOTE,data/official_daily/TWSE_*.parquet
3543,TWSE,2019-07-04,16.18000030517578,16.18000030517578,16.18000030517578,16.18000030517578,0.0,REMOVE_PROVIDER_FORWARD_FILL_OFFICIAL_NO_QUOTE,data/official_daily/TWSE_*.parquet
3543,TWSE,2019-07-08,16.190000534057617,16.190000534057617,16.190000534057617,16.190000534057617,0.0,REMOVE_PROVIDER_FORWARD_FILL_OFFICIAL_NO_QUOTE,data/official_daily/TWSE_*.parquet
3543,TWSE,2019-07-10,16.0,16.0,16.0,16.0,0.0,REMOVE_PROVIDER_FORWARD_FILL_OFFICIAL_NO_QUOTE,data/official_daily/TWSE_*.parquet
3543,TWSE,2019-08-01,15.5600004196167,15.5600004196167,15.5600004196167,15.5600004196167,0.0,REMOVE_PROVIDER_FORWARD_FILL_OFFICIAL_NO_QUOTE,data/official_daily/TWSE_*.parquet
3593,TWSE,2018-10-18,19.6124324798584,19.6124324798584,19.6124324798584,19.6124324798584,0.0,REMOVE_PROVIDER_FORWARD_FILL_OFFICIAL_NO_QUOTE,data/official_daily/TWSE_*.parquet
3593,TWSE,2018-10-19,19.6124324798584,19.6124324798584,19.6124324798584,19.6124324798584,0.0,REMOVE_PROVIDER_FORWARD_FILL_OFFICIAL_NO_QUOTE,data/official_daily/TWSE_*.parquet
3593,TWSE,2018-10-22,19.6124324798584,19.6124324798584,19.6124324798584,19.6124324798584,0.0,REMOVE_PROVIDER_FORWARD_FILL_OFFICIAL_NO_QUOTE,data/official_daily/TWSE_*.parquet
3593,TWSE,2018-10-23,19.6124324798584,19.6124324798584,19.6124324798584,19.6124324798584,0.0,REMOVE_PROVIDER_FORWARD_FILL_OFFICIAL_NO_QUOTE,data/official_daily/TWSE_*.parquet
3593,TWSE,2018-10-24,19.6124324798584,19.6124324798584,19.6124324798584,19.6124324798584,0.0,REMOVE_PROVIDER_FORWARD_FILL_OFFICIAL_NO_QUOTE,data/official_daily/TWSE_*.parquet
3593,TWSE,2018-10-25,19.6124324798584,19.6124324798584,19.6124324798584,19.6124324798584,0.0,REMOVE_PROVIDER_FORWARD_FILL_OFFICIAL_NO_QUOTE,data/official_daily/TWSE_*.parquet
3593,TWSE,2018-10-26,19.6124324798584,19.6124324798584,19.6124324798584,19.6124324798584,0.0,REMOVE_PROVIDER_FORWARD_FILL_OFFICIAL_NO_QUOTE,data/official_daily/TWSE_*.parquet
3679,TWSE,2018-09-13,83.75,83.75,83.75,83.75,0.0,REMOVE_PROVIDER_FORWARD_FILL_OFFICIAL_NO_QUOTE,data/official_daily/TWSE_*.parquet
3679,TWSE,2018-09-14,83.75,83.75,83.75,83.75,0.0,REMOVE_PROVIDER_FORWARD_FILL_OFFICIAL_NO_QUOTE,data/official_daily/TWSE_*.parquet
3679,TWSE,2018-09-17,83.75,83.75,83.75,83.75,0.0,REMOVE_PROVIDER_FORWARD_FILL_OFFICIAL_NO_QUOTE,data/official_daily/TWSE_*.parquet
3679,TWSE,2018-09-18,83.75,83.75,83.75,83.75,0.0,REMOVE_PROVIDER_FORWARD_FILL_OFFICIAL_NO_QUOTE,data/official_daily/TWSE_*.parquet
3679,TWSE,2018-09-19,83.75,83.75,83.75,83.75,0.0,REMOVE_PROVIDER_FORWARD_FILL_OFFICIAL_NO_QUOTE,data/official_daily/TWSE_*.parquet
3679,TWSE,2018-09-20,83.75,83.75,83.75,83.75,0.0,REMOVE_PROVIDER_FORWARD_FILL_OFFICIAL_NO_QUOTE,data/official_daily/TWSE_*.parquet
3679,TWSE,2018-09-21,83.75,83.75,83.75,83.75,0.0,REMOVE_PROVIDER_FORWARD_FILL_OFFICIAL_NO_QUOTE,data/official_daily/TWSE_*.parquet
3701,TWSE,2018-11-05,12.312966346740723,12.312966346740723,12.312966346740723,12.312966346740723,0.0,REMOVE_PROVIDER_FORWARD_FILL_OFFICIAL_NO_QUOTE,data/official_daily/TWSE_*.parquet
3701,TWSE,2018-11-06,12.312966346740723,12.312966346740723,12.312966346740723,12.312966346740723,0.0,REMOVE_PROVIDER_FORWARD_FILL_OFFICIAL_NO_QUOTE,data/official_daily/TWSE_*.parquet
3701,TWSE,2018-11-07,12.312966346740723,12.312966346740723,12.312966346740723,12.312966346740723,0.0,REMOVE_PROVIDER_FORWARD_FILL_OFFICIAL_NO_QUOTE,data/official_daily/TWSE_*.parquet
3701,TWSE,2018-11-08,12.312966346740723,12.312966346740723,12.312966346740723,12.312966346740723,0.0,REMOVE_PROVIDER_FORWARD_FILL_OFFICIAL_NO_QUOTE,data/official_daily/TWSE_*.parquet
3701,TWSE,2018-11-09,12.312966346740723,12.312966346740723,12.312966346740723,12.312966346740723,0.0,REMOVE_PROVIDER_FORWARD_FILL_OFFICIAL_NO_QUOTE,data/official_daily/TWSE_*.parquet
3702,TWSE,2018-09-20,41.195648193359375,41.195648193359375,41.195648193359375,41.195648193359375,0.0,REMOVE_PROVIDER_FORWARD_FILL_OFFICIAL_NO_QUOTE,data/official_daily/TWSE_*.parquet
3702,TWSE,2018-09-21,41.195648193359375,41.195648193359375,41.195648193359375,41.195648193359375,0.0,REMOVE_PROVIDER_FORWARD_FILL_OFFICIAL_NO_QUOTE,data/official_daily/TWSE_*.parquet
3702,TWSE,2018-09-25,41.195648193359375,41.195648193359375,41.195648193359375,41.195648193359375,0.0,REMOVE_PROVIDER_FORWARD_FILL_OFFICIAL_NO_QUOTE,data/official_daily/TWSE_*.parquet
3702,TWSE,2018-09-26,41.195648193359375,41.195648193359375,41.195648193359375,41.195648193359375,0.0,REMOVE_PROVIDER_FORWARD_FILL_OFFICIAL_NO_QUOTE,data/official_daily/TWSE_*.parquet
3702,TWSE,2018-09-27,41.195648193359375,41.195648193359375,41.195648193359375,41.195648193359375,0.0,REMOVE_PROVIDER_FORWARD_FILL_OFFICIAL_NO_QUOTE,data/official_daily/TWSE_*.parquet
3702,TWSE,2018-09-28,41.195648193359375,41.195648193359375,41.195648193359375,41.195648193359375,0.0,REMOVE_PROVIDER_FORWARD_FILL_OFFICIAL_NO_QUOTE,data/official_daily/TWSE_*.parquet
3711,TWSE,2018-04-18,89.0,89.0,89.0,89.0,0.0,REMOVE_PROVIDER_FORWARD_FILL_OFFICIAL_NO_QUOTE,data/official_daily/TWSE_*.parquet
3711,TWSE,2018-04-19,89.0,89.0,89.0,89.0,0.0,REMOVE_PROVIDER_FORWARD_FILL_OFFICIAL_NO_QUOTE,data/official_daily/TWSE_*.parquet
3711,TWSE,2018-04-20,89.0,89.0,89.0,89.0,0.0,REMOVE_PROVIDER_FORWARD_FILL_OFFICIAL_NO_QUOTE,data/official_daily/TWSE_*.parquet
3711,TWSE,2018-04-23,89.0,89.0,89.0,89.0,0.0,REMOVE_PROVIDER_FORWARD_FILL_OFFICIAL_NO_QUOTE,data/official_daily/TWSE_*.parquet
3711,TWSE,2018-04-24,89.0,89.0,89.0,89.0,0.0,REMOVE_PROVIDER_FORWARD_FILL_OFFICIAL_NO_QUOTE,data/official_daily/TWSE_*.parquet
3711,TWSE,2018-04-25,89.0,89.0,89.0,89.0,0.0,REMOVE_PROVIDER_FORWARD_FILL_OFFICIAL_NO_QUOTE,data/official_daily/TWSE_*.parquet
3711,TWSE,2018-04-26,89.0,89.0,89.0,89.0,0.0,REMOVE_PROVIDER_FORWARD_FILL_OFFICIAL_NO_QUOTE,data/official_daily/TWSE_*.parquet
3711,TWSE,2018-04-27,89.0,89.0,89.0,89.0,0.0,REMOVE_PROVIDER_FORWARD_FILL_OFFICIAL_NO_QUOTE,data/official_daily/TWSE_*.parquet
4169,TWSE,2018-01-08,21.706546783447266,21.706546783447266,21.706546783447266,21.706546783447266,0.0,REMOVE_PROVIDER_FORWARD_FILL_OFFICIAL_NO_QUOTE,data/official_daily/TWSE_*.parquet
4169,TWSE,2018-01-09,21.706546783447266,21.706546783447266,21.706546783447266,21.706546783447266,0.0,REMOVE_PROVIDER_FORWARD_FILL_OFFICIAL_NO_QUOTE,data/official_daily/TWSE_*.parquet
4169,TWSE,2018-01-12,21.678621292114258,21.678621292114258,21.678621292114258,21.678621292114258,0.0,REMOVE_PROVIDER_FORWARD_FILL_OFFICIAL_NO_QUOTE,data/official_daily/TWSE_*.parquet
4169,TWSE,2018-01-22,21.967172622680664,21.967172622680664,21.967172622680664,21.967172622680664,0.0,REMOVE_PROVIDER_FORWARD_FILL_OFFICIAL_NO_QUOTE,data/official_daily/TWSE_*.parquet
4169,TWSE,2018-01-23,21.967172622680664,21.967172622680664,21.967172622680664,21.967172622680664,0.0,REMOVE_PROVIDER_FORWARD_FILL_OFFICIAL_NO_QUOTE,data/official_daily/TWSE_*.parquet
4169,TWSE,2018-01-26,21.87409210205078,21.87409210205078,21.87409210205078,21.87409210205078,0.0,REMOVE_PROVIDER_FORWARD_FILL_OFFICIAL_NO_QUOTE,data/official_daily/TWSE_*.parquet
4169,TWSE,2018-01-31,21.4086856842041,21.4086856842041,21.4086856842041,21.4086856842041,0.0,REMOVE_PROVIDER_FORWARD_FILL_OFFICIAL_NO_QUOTE,data/official_daily/TWSE_*.parquet
4169,TWSE,2018-02-01,21.4086856842041,21.4086856842041,21.4086856842041,21.4086856842041,0.0,REMOVE_PROVIDER_FORWARD_FILL_OFFICIAL_NO_QUOTE,data/official_daily/TWSE_*.parquet
4169,TWSE,2018-02-02,21.4086856842041,21.4086856842041,21.4086856842041,21.4086856842041,0.0,REMOVE_PROVIDER_FORWARD_FILL_OFFICIAL_NO_QUOTE,data/official_daily/TWSE_*.parquet
4169,TWSE,2018-02-09,21.4086856842041,21.4086856842041,21.4086856842041,21.4086856842041,0.0,REMOVE_PROVIDER_FORWARD_FILL_OFFICIAL_NO_QUOTE,data/official_daily/TWSE_*.parquet
4169,TWSE,2018-03-01,20.757116317749023,20.757116317749023,20.757116317749023,20.757116317749023,0.0,REMOVE_PROVIDER_FORWARD_FILL_OFFICIAL_NO_QUOTE,data/official_daily/TWSE_*.parquet
4169,TWSE,2018-03-05,20.831581115722656,20.831581115722656,20.831581115722656,20.831581115722656,0.0,REMOVE_PROVIDER_FORWARD_FILL_OFFICIAL_NO_QUOTE,data/official_daily/TWSE_*.parquet
4169,TWSE,2018-03-29,19.742530822753906,19.742530822753906,19.742530822753906,19.742530822753906,0.0,REMOVE_PROVIDER_FORWARD_FILL_OFFICIAL_NO_QUOTE,data/official_daily/TWSE_*.parquet
4169,TWSE,2018-04-18,23.856721878051758,23.856721878051758,23.856721878051758,23.856721878051758,0.0,REMOVE_PROVIDER_FORWARD_FILL_OFFICIAL_NO_QUOTE,data/official_daily/TWSE_*.parquet
4169,TWSE,2018-04-30,23.177228927612305,23.177228927612305,23.177228927612305,23.177228927612305,0.0,REMOVE_PROVIDER_FORWARD_FILL_OFFICIAL_NO_QUOTE,data/official_daily/TWSE_*.parquet
4169,TWSE,2018-05-02,23.177228927612305,23.177228927612305,23.177228927612305,23.177228927612305,0.0,REMOVE_PROVIDER_FORWARD_FILL_OFFICIAL_NO_QUOTE,data/official_daily/TWSE_*.parquet
4169,TWSE,2018-05-08,23.344776153564453,23.344776153564453,23.344776153564453,23.344776153564453,0.0,REMOVE_PROVIDER_FORWARD_FILL_OFFICIAL_NO_QUOTE,data/official_daily/TWSE_*.parquet
4169,TWSE,2018-05-16,22.246416091918945,22.246416091918945,22.246416091918945,22.246416091918945,0.0,REMOVE_PROVIDER_FORWARD_FILL_OFFICIAL_NO_QUOTE,data/official_daily/TWSE_*.parquet
4169,TWSE,2018-05-18,21.4086856842041,21.4086856842041,21.4086856842041,21.4086856842041,0.0,REMOVE_PROVIDER_FORWARD_FILL_OFFICIAL_NO_QUOTE,data/official_daily/TWSE_*.parquet
4169,TWSE,2018-06-07,22.19987678527832,22.19987678527832,22.19987678527832,22.19987678527832,0.0,REMOVE_PROVIDER_FORWARD_FILL_OFFICIAL_NO_QUOTE,data/official_daily/TWSE_*.parquet
4169,TWSE,2018-06-11,22.162643432617188,22.162643432617188,22.162643432617188,22.162643432617188,0.0,REMOVE_PROVIDER_FORWARD_FILL_OFFICIAL_NO_QUOTE,data/official_daily/TWSE_*.parquet
4169,TWSE,2018-06-13,21.231830596923828,21.231830596923828,21.231830596923828,21.231830596923828,0.0,REMOVE_PROVIDER_FORWARD_FILL_OFFICIAL_NO_QUOTE,data/official_daily/TWSE_*.parquet
4169,TWSE,2018-06-15,21.14805793762207,21.14805793762207,21.14805793762207,21.14805793762207,0.0,REMOVE_PROVIDER_FORWARD_FILL_OFFICIAL_NO_QUOTE,data/official_daily/TWSE_*.parquet
4169,TWSE,2018-06-25,21.4086856842041,21.4086856842041,21.4086856842041,21.4086856842041,0.0,REMOVE_PROVIDER_FORWARD_FILL_OFFICIAL_NO_QUOTE,data/official_daily/TWSE_*.parquet
4169,TWSE,2018-06-29,21.548307418823242,21.548307418823242,21.548307418823242,21.548307418823242,0.0,REMOVE_PROVIDER_FORWARD_FILL_OFFICIAL_NO_QUOTE,data/official_daily/TWSE_*.parquet
4169,TWSE,2018-07-02,21.548307418823242,21.548307418823242,21.548307418823242,21.548307418823242,0.0,REMOVE_PROVIDER_FORWARD_FILL_OFFICIAL_NO_QUOTE,data/official_daily/TWSE_*.parquet
4169,TWSE,2018-07-10,21.42730140686035,21.42730140686035,21.42730140686035,21.42730140686035,0.0,REMOVE_PROVIDER_FORWARD_FILL_OFFICIAL_NO_QUOTE,data/official_daily/TWSE_*.parquet
4169,TWSE,2018-07-16,20.496490478515625,20.496490478515625,20.496490478515625,20.496490478515625,0.0,REMOVE_PROVIDER_FORWARD_FILL_OFFICIAL_NO_QUOTE,data/official_daily/TWSE_*.parquet
4169,TWSE,2018-07-19,20.105548858642578,20.105548858642578,20.105548858642578,20.105548858642578,0.0,REMOVE_PROVIDER_FORWARD_FILL_OFFICIAL_NO_QUOTE,data/official_daily/TWSE_*.parquet
4169,TWSE,2018-08-06,19.844921112060547,19.844921112060547,19.844921112060547,19.844921112060547,0.0,REMOVE_PROVIDER_FORWARD_FILL_OFFICIAL_NO_QUOTE,data/official_daily/TWSE_*.parquet
4169,TWSE,2018-08-13,18.84895133972168,18.84895133972168,18.84895133972168,18.84895133972168,0.0,REMOVE_PROVIDER_FORWARD_FILL_OFFICIAL_NO_QUOTE,data/official_daily/TWSE_*.parquet
4169,TWSE,2018-08-14,18.84895133972168,18.84895133972168,18.84895133972168,18.84895133972168,0.0,REMOVE_PROVIDER_FORWARD_FILL_OFFICIAL_NO_QUOTE,data/official_daily/TWSE_*.parquet
4169,TWSE,2018-08-17,19.770456314086914,19.770456314086914,19.770456314086914,19.770456314086914,0.0,REMOVE_PROVIDER_FORWARD_FILL_OFFICIAL_NO_QUOTE,data/official_daily/TWSE_*.parquet
4169,TWSE,2018-08-22,18.942033767700195,18.942033767700195,18.942033767700195,18.942033767700195,0.0,REMOVE_PROVIDER_FORWARD_FILL_OFFICIAL_NO_QUOTE,data/official_daily/TWSE_*.parquet
4169,TWSE,2018-08-23,18.942033767700195,18.942033767700195,18.942033767700195,18.942033767700195,0.0,REMOVE_PROVIDER_FORWARD_FILL_OFFICIAL_NO_QUOTE,data/official_daily/TWSE_*.parquet
4169,TWSE,2018-08-24,18.942033767700195,18.942033767700195,18.942033767700195,18.942033767700195,0.0,REMOVE_PROVIDER_FORWARD_FILL_OFFICIAL_NO_QUOTE,data/official_daily/TWSE_*.parquet
4169,TWSE,2018-08-30,18.700021743774414,18.700021743774414,18.700021743774414,18.700021743774414,0.0,REMOVE_PROVIDER_FORWARD_FILL_OFFICIAL_NO_QUOTE,data/official_daily/TWSE_*.parquet
4169,TWSE,2018-09-11,17.685436248779297,17.685436248779297,17.685436248779297,17.685436248779297,0.0,REMOVE_PROVIDER_FORWARD_FILL_OFFICIAL_NO_QUOTE,data/official_daily/TWSE_*.parquet
4169,TWSE,2018-09-17,17.3131103515625,17.3131103515625,17.3131103515625,17.3131103515625,0.0,REMOVE_PROVIDER_FORWARD_FILL_OFFICIAL_NO_QUOTE,data/official_daily/TWSE_*.parquet
4169,TWSE,2018-09-19,17.508581161499023,17.508581161499023,17.508581161499023,17.508581161499023,0.0,REMOVE_PROVIDER_FORWARD_FILL_OFFICIAL_NO_QUOTE,data/official_daily/TWSE_*.parquet
4169,TWSE,2018-10-04,17.4992733001709,17.4992733001709,17.4992733001709,17.4992733001709,0.0,REMOVE_PROVIDER_FORWARD_FILL_OFFICIAL_NO_QUOTE,data/official_daily/TWSE_*.parquet
4169,TWSE,2018-10-05,17.4992733001709,17.4992733001709,17.4992733001709,17.4992733001709,0.0,REMOVE_PROVIDER_FORWARD_FILL_OFFICIAL_NO_QUOTE,data/official_daily/TWSE_*.parquet
4169,TWSE,2018-10-22,18.14153480529785,18.14153480529785,18.14153480529785,18.14153480529785,0.0,REMOVE_PROVIDER_FORWARD_FILL_OFFICIAL_NO_QUOTE,data/official_daily/TWSE_*.parquet
4169,TWSE,2018-11-05,20.468564987182617,20.468564987182617,20.468564987182617,20.468564987182617,0.0,REMOVE_PROVIDER_FORWARD_FILL_OFFICIAL_NO_QUOTE,data/official_daily/TWSE_*.parquet
4169,TWSE,2018-12-19,18.802410125732422,18.802410125732422,18.802410125732422,18.802410125732422,0.0,REMOVE_PROVIDER_FORWARD_FILL_OFFICIAL_NO_QUOTE,data/official_daily/TWSE_*.parquet
4169,TWSE,2019-01-16,20.38479232788086,20.38479232788086,20.38479232788086,20.38479232788086,0.0,REMOVE_PROVIDER_FORWARD_FILL_OFFICIAL_NO_QUOTE,data/official_daily/TWSE_*.parquet
4169,TWSE,2019-01-17,20.38479232788086,20.38479232788086,20.38479232788086,20.38479232788086,0.0,REMOVE_PROVIDER_FORWARD_FILL_OFFICIAL_NO_QUOTE,data/official_daily/TWSE_*.parquet
4169,TWSE,2019-01-29,19.547061920166016,19.547061920166016,19.547061920166016,19.547061920166016,0.0,REMOVE_PROVIDER_FORWARD_FILL_OFFICIAL_NO_QUOTE,data/official_daily/TWSE_*.parquet
4169,TWSE,2019-02-18,19.10957908630371,19.10957908630371,19.10957908630371,19.10957908630371,0.0,REMOVE_PROVIDER_FORWARD_FILL_OFFICIAL_NO_QUOTE,data/official_daily/TWSE_*.parquet
4169,TWSE,2019-03-04,19.277124404907227,19.277124404907227,19.277124404907227,19.277124404907227,0.0,REMOVE_PROVIDER_FORWARD_FILL_OFFICIAL_NO_QUOTE,data/official_daily/TWSE_*.parquet
4169,TWSE,2019-03-05,19.277124404907227,19.277124404907227,19.277124404907227,19.277124404907227,0.0,REMOVE_PROVIDER_FORWARD_FILL_OFFICIAL_NO_QUOTE,data/official_daily/TWSE_*.parquet
4169,TWSE,2019-03-06,19.277124404907227,19.277124404907227,19.277124404907227,19.277124404907227,0.0,REMOVE_PROVIDER_FORWARD_FILL_OFFICIAL_NO_QUOTE,data/official_daily/TWSE_*.parquet
4169,TWSE,2019-03-07,19.277124404907227,19.277124404907227,19.277124404907227,19.277124404907227,0.0,REMOVE_PROVIDER_FORWARD_FILL_OFFICIAL_NO_QUOTE,data/official_daily/TWSE_*.parquet
4169,TWSE,2019-03-08,19.277124404907227,19.277124404907227,19.277124404907227,19.277124404907227,0.0,REMOVE_PROVIDER_FORWARD_FILL_OFFICIAL_NO_QUOTE,data/official_daily/TWSE_*.parquet
4169,TWSE,2019-03-21,20.943279266357422,20.943279266357422,20.943279266357422,20.943279266357422,0.0,REMOVE_PROVIDER_FORWARD_FILL_OFFICIAL_NO_QUOTE,data/official_daily/TWSE_*.parquet
4169,TWSE,2019-03-27,21.213214874267578,21.213214874267578,21.213214874267578,21.213214874267578,0.0,REMOVE_PROVIDER_FORWARD_FILL_OFFICIAL_NO_QUOTE,data/official_daily/TWSE_*.parquet
4169,TWSE,2019-03-29,20.673343658447266,20.673343658447266,20.673343658447266,20.673343658447266,0.0,REMOVE_PROVIDER_FORWARD_FILL_OFFICIAL_NO_QUOTE,data/official_daily/TWSE_*.parquet
4169,TWSE,2019-04-24,21.175983428955078,21.175983428955078,21.175983428955078,21.175983428955078,0.0,REMOVE_PROVIDER_FORWARD_FILL_OFFICIAL_NO_QUOTE,data/official_daily/TWSE_*.parquet
4169,TWSE,2019-04-25,21.175983428955078,21.175983428955078,21.175983428955078,21.175983428955078,0.0,REMOVE_PROVIDER_FORWARD_FILL_OFFICIAL_NO_QUOTE,data/official_daily/TWSE_*.parquet
4169,TWSE,2019-04-26,21.175983428955078,21.175983428955078,21.175983428955078,21.175983428955078,0.0,REMOVE_PROVIDER_FORWARD_FILL_OFFICIAL_NO_QUOTE,data/official_daily/TWSE_*.parquet
4169,TWSE,2019-05-30,20.710575103759766,20.710575103759766,20.710575103759766,20.710575103759766,0.0,REMOVE_PROVIDER_FORWARD_FILL_OFFICIAL_NO_QUOTE,data/official_daily/TWSE_*.parquet
4169,TWSE,2019-06-18,21.641389846801758,21.641389846801758,21.641389846801758,21.641389846801758,0.0,REMOVE_PROVIDER_FORWARD_FILL_OFFICIAL_NO_QUOTE,data/official_daily/TWSE_*.parquet
4169,TWSE,2019-06-20,21.4086856842041,21.4086856842041,21.4086856842041,21.4086856842041,0.0,REMOVE_PROVIDER_FORWARD_FILL_OFFICIAL_NO_QUOTE,data/official_daily/TWSE_*.parquet
4169,TWSE,2019-06-26,21.4086856842041,21.4086856842041,21.4086856842041,21.4086856842041,0.0,REMOVE_PROVIDER_FORWARD_FILL_OFFICIAL_NO_QUOTE,data/official_daily/TWSE_*.parquet
4169,TWSE,2019-07-03,21.4086856842041,21.4086856842041,21.4086856842041,21.4086856842041,0.0,REMOVE_PROVIDER_FORWARD_FILL_OFFICIAL_NO_QUOTE,data/official_daily/TWSE_*.parquet
4169,TWSE,2019-07-05,21.222522735595703,21.222522735595703,21.222522735595703,21.222522735595703,0.0,REMOVE_PROVIDER_FORWARD_FILL_OFFICIAL_NO_QUOTE,data/official_daily/TWSE_*.parquet
4169,TWSE,2019-07-10,21.632080078125,21.632080078125,21.632080078125,21.632080078125,0.0,REMOVE_PROVIDER_FORWARD_FILL_OFFICIAL_NO_QUOTE,data/official_daily/TWSE_*.parquet
4169,TWSE,2019-07-18,21.585540771484375,21.585540771484375,21.585540771484375,21.585540771484375,0.0,REMOVE_PROVIDER_FORWARD_FILL_OFFICIAL_NO_QUOTE,data/official_daily/TWSE_*.parquet
4169,TWSE,2019-07-19,21.585540771484375,21.585540771484375,21.585540771484375,21.585540771484375,0.0,REMOVE_PROVIDER_FORWARD_FILL_OFFICIAL_NO_QUOTE,data/official_daily/TWSE_*.parquet
4195,TWSE,2018-02-09,19.798900604248047,19.798900604248047,19.798900604248047,19.798900604248047,0.0,REMOVE_PROVIDER_FORWARD_FILL_OFFICIAL_NO_QUOTE,data/official_daily/TWSE_*.parquet
4195,TWSE,2018-03-05,21.268646240234375,21.268646240234375,21.268646240234375,21.268646240234375,0.0,REMOVE_PROVIDER_FORWARD_FILL_OFFICIAL_NO_QUOTE,data/official_daily/TWSE_*.parquet
4195,TWSE,2019-05-22,14.15697193145752,14.15697193145752,14.15697193145752,14.15697193145752,0.0,REMOVE_PROVIDER_FORWARD_FILL_OFFICIAL_NO_QUOTE,data/official_daily/TWSE_*.parquet
4195,TWSE,2019-06-21,13.36994743347168,13.36994743347168,13.36994743347168,13.36994743347168,0.0,REMOVE_PROVIDER_FORWARD_FILL_OFFICIAL_NO_QUOTE,data/official_daily/TWSE_*.parquet
4195,TWSE,2019-07-04,14.346616744995117,14.346616744995117,14.346616744995117,14.346616744995117,0.0,REMOVE_PROVIDER_FORWARD_FILL_OFFICIAL_NO_QUOTE,data/official_daily/TWSE_*.parquet
4195,TWSE,2019-07-09,14.223347663879395,14.223347663879395,14.223347663879395,14.223347663879395,0.0,REMOVE_PROVIDER_FORWARD_FILL_OFFICIAL_NO_QUOTE,data/official_daily/TWSE_*.parquet
4540,TWSE,2018-02-09,73.5,73.5,73.5,73.5,0.0,REMOVE_PROVIDER_FORWARD_FILL_OFFICIAL_NO_QUOTE,data/official_daily/TWSE_*.parquet
4540,TWSE,2018-03-05,90.0,90.0,90.0,90.0,0.0,REMOVE_PROVIDER_FORWARD_FILL_OFFICIAL_NO_QUOTE,data/official_daily/TWSE_*.parquet
4564,TWSE,2018-02-09,25.979633331298828,25.979633331298828,25.979633331298828,25.979633331298828,0.0,REMOVE_PROVIDER_FORWARD_FILL_OFFICIAL_NO_QUOTE,data/official_daily/TWSE_*.parquet
4564,TWSE,2018-03-05,29.755800247192383,29.755800247192383,29.755800247192383,29.755800247192383,0.0,REMOVE_PROVIDER_FORWARD_FILL_OFFICIAL_NO_QUOTE,data/official_daily/TWSE_*.parquet
4572,TWSE,2018-07-06,118.48094940185547,118.48094940185547,118.48094940185547,118.48094940185547,0.0,REMOVE_PROVIDER_FORWARD_FILL_OFFICIAL_NO_QUOTE,data/official_daily/TWSE_*.parquet
4572,TWSE,2018-07-16,124.44761657714844,124.44761657714844,124.44761657714844,124.44761657714844,0.0,REMOVE_PROVIDER_FORWARD_FILL_OFFICIAL_NO_QUOTE,data/official_daily/TWSE_*.parquet
4572,TWSE,2018-07-19,113.36666870117188,113.36666870117188,113.36666870117188,113.36666870117188,0.0,REMOVE_PROVIDER_FORWARD_FILL_OFFICIAL_NO_QUOTE,data/official_daily/TWSE_*.parquet
4572,TWSE,2018-07-26,117.62857055664062,117.62857055664062,117.62857055664062,117.62857055664062,0.0,REMOVE_PROVIDER_FORWARD_FILL_OFFICIAL_NO_QUOTE,data/official_daily/TWSE_*.parquet
4572,TWSE,2018-07-31,118.48094940185547,118.48094940185547,118.48094940185547,118.48094940185547,0.0,REMOVE_PROVIDER_FORWARD_FILL_OFFICIAL_NO_QUOTE,data/official_daily/TWSE_*.parquet
4572,TWSE,2018-08-15,119.33333587646484,119.33333587646484,119.33333587646484,119.33333587646484,0.0,REMOVE_PROVIDER_FORWARD_FILL_OFFICIAL_NO_QUOTE,data/official_daily/TWSE_*.parquet
4572,TWSE,2018-08-22,117.20237731933594,117.20237731933594,117.20237731933594,117.20237731933594,0.0,REMOVE_PROVIDER_FORWARD_FILL_OFFICIAL_NO_QUOTE,data/official_daily/TWSE_*.parquet
4572,TWSE,2018-08-23,117.20237731933594,117.20237731933594,117.20237731933594,117.20237731933594,0.0,REMOVE_PROVIDER_FORWARD_FILL_OFFICIAL_NO_QUOTE,data/official_daily/TWSE_*.parquet
4572,TWSE,2018-08-24,117.20237731933594,117.20237731933594,117.20237731933594,117.20237731933594,0.0,REMOVE_PROVIDER_FORWARD_FILL_OFFICIAL_NO_QUOTE,data/official_daily/TWSE_*.parquet
4572,TWSE,2018-08-30,112.94047546386719,112.94047546386719,112.94047546386719,112.94047546386719,0.0,REMOVE_PROVIDER_FORWARD_FILL_OFFICIAL_NO_QUOTE,data/official_daily/TWSE_*.parquet
4572,TWSE,2018-09-04,111.2357177734375,111.2357177734375,111.2357177734375,111.2357177734375,0.0,REMOVE_PROVIDER_FORWARD_FILL_OFFICIAL_NO_QUOTE,data/official_daily/TWSE_*.parquet
4572,TWSE,2018-09-18,117.45809173583984,117.45809173583984,117.45809173583984,117.45809173583984,0.0,REMOVE_PROVIDER_FORWARD_FILL_OFFICIAL_NO_QUOTE,data/official_daily/TWSE_*.parquet
4572,TWSE,2018-09-20,118.05476379394531,118.05476379394531,118.05476379394531,118.05476379394531,0.0,REMOVE_PROVIDER_FORWARD_FILL_OFFICIAL_NO_QUOTE,data/official_daily/TWSE_*.parquet
4572,TWSE,2018-10-19,92.2190933227539,92.2190933227539,92.2190933227539,92.2190933227539,0.0,REMOVE_PROVIDER_FORWARD_FILL_OFFICIAL_NO_QUOTE,data/official_daily/TWSE_*.parquet
4572,TWSE,2018-10-30,92.05714416503906,92.05714416503906,92.05714416503906,92.05714416503906,0.0,REMOVE_PROVIDER_FORWARD_FILL_OFFICIAL_NO_QUOTE,data/official_daily/TWSE_*.parquet
4572,TWSE,2018-11-02,91.20475769042969,91.20475769042969,91.20475769042969,91.20475769042969,0.0,REMOVE_PROVIDER_FORWARD_FILL_OFFICIAL_NO_QUOTE,data/official_daily/TWSE_*.parquet
4572,TWSE,2018-11-09,90.36090087890625,90.36090087890625,90.36090087890625,90.36090087890625,0.0,REMOVE_PROVIDER_FORWARD_FILL_OFFICIAL_NO_QUOTE,data/official_daily/TWSE_*.parquet
4572,TWSE,2018-11-20,101.43333435058594,101.43333435058594,101.43333435058594,101.43333435058594,0.0,REMOVE_PROVIDER_FORWARD_FILL_OFFICIAL_NO_QUOTE,data/official_daily/TWSE_*.parquet
4572,TWSE,2018-11-26,100.5894775390625,100.5894775390625,100.5894775390625,100.5894775390625,0.0,REMOVE_PROVIDER_FORWARD_FILL_OFFICIAL_NO_QUOTE,data/official_daily/TWSE_*.parquet
4572,TWSE,2018-11-27,100.5894775390625,100.5894775390625,100.5894775390625,100.5894775390625,0.0,REMOVE_PROVIDER_FORWARD_FILL_OFFICIAL_NO_QUOTE,data/official_daily/TWSE_*.parquet
4572,TWSE,2018-12-06,101.43333435058594,101.43333435058594,101.43333435058594,101.43333435058594,0.0,REMOVE_PROVIDER_FORWARD_FILL_OFFICIAL_NO_QUOTE,data/official_daily/TWSE_*.parquet
4572,TWSE,2018-12-14,103.990478515625,103.990478515625,103.990478515625,103.990478515625,0.0,REMOVE_PROVIDER_FORWARD_FILL_OFFICIAL_NO_QUOTE,data/official_daily/TWSE_*.parquet
4572,TWSE,2019-01-04,104.85137939453125,104.85137939453125,104.85137939453125,104.85137939453125,0.0,REMOVE_PROVIDER_FORWARD_FILL_OFFICIAL_NO_QUOTE,data/official_daily/TWSE_*.parquet
4572,TWSE,2019-01-14,106.54762268066406,106.54762268066406,106.54762268066406,106.54762268066406,0.0,REMOVE_PROVIDER_FORWARD_FILL_OFFICIAL_NO_QUOTE,data/official_daily/TWSE_*.parquet
4766,TWSE,2018-02-09,137.2899932861328,137.2899932861328,137.2899932861328,137.2899932861328,0.0,REMOVE_PROVIDER_FORWARD_FILL_OFFICIAL_NO_QUOTE,data/official_daily/TWSE_*.parquet
4766,TWSE,2018-03-05,139.30999755859375,139.30999755859375,139.30999755859375,139.30999755859375,0.0,REMOVE_PROVIDER_FORWARD_FILL_OFFICIAL_NO_QUOTE,data/official_daily/TWSE_*.parquet
4949,TWSE,2018-01-04,5.917666912078857,5.917666912078857,5.917666912078857,5.917666912078857,0.0,REMOVE_PROVIDER_FORWARD_FILL_OFFICIAL_NO_QUOTE,data/official_daily/TWSE_*.parquet
4949,TWSE,2018-01-05,5.917666912078857,5.917666912078857,5.917666912078857,5.917666912078857,0.0,REMOVE_PROVIDER_FORWARD_FILL_OFFICIAL_NO_QUOTE,data/official_daily/TWSE_*.parquet
4949,TWSE,2018-01-08,5.917666912078857,5.917666912078857,5.917666912078857,5.917666912078857,0.0,REMOVE_PROVIDER_FORWARD_FILL_OFFICIAL_NO_QUOTE,data/official_daily/TWSE_*.parquet
4949,TWSE,2018-01-09,5.917666912078857,5.917666912078857,5.917666912078857,5.917666912078857,0.0,REMOVE_PROVIDER_FORWARD_FILL_OFFICIAL_NO_QUOTE,data/official_daily/TWSE_*.parquet
4949,TWSE,2018-01-12,5.3773579597473145,5.3773579597473145,5.3773579597473145,5.3773579597473145,0.0,REMOVE_PROVIDER_FORWARD_FILL_OFFICIAL_NO_QUOTE,data/official_daily/TWSE_*.parquet
4949,TWSE,2018-01-15,5.3773579597473145,5.3773579597473145,5.3773579597473145,5.3773579597473145,0.0,REMOVE_PROVIDER_FORWARD_FILL_OFFICIAL_NO_QUOTE,data/official_daily/TWSE_*.parquet
4949,TWSE,2018-01-16,5.3773579597473145,5.3773579597473145,5.3773579597473145,5.3773579597473145,0.0,REMOVE_PROVIDER_FORWARD_FILL_OFFICIAL_NO_QUOTE,data/official_daily/TWSE_*.parquet
4949,TWSE,2018-01-29,5.188679218292236,5.188679218292236,5.188679218292236,5.188679218292236,0.0,REMOVE_PROVIDER_FORWARD_FILL_OFFICIAL_NO_QUOTE,data/official_daily/TWSE_*.parquet
4949,TWSE,2018-02-08,5.025728225708008,5.025728225708008,5.025728225708008,5.025728225708008,0.0,REMOVE_PROVIDER_FORWARD_FILL_OFFICIAL_NO_QUOTE,data/official_daily/TWSE_*.parquet
4949,TWSE,2018-03-02,4.41680908203125,4.41680908203125,4.41680908203125,4.41680908203125,0.0,REMOVE_PROVIDER_FORWARD_FILL_OFFICIAL_NO_QUOTE,data/official_daily/TWSE_*.parquet
4949,TWSE,2018-03-05,4.41680908203125,4.41680908203125,4.41680908203125,4.41680908203125,0.0,REMOVE_PROVIDER_FORWARD_FILL_OFFICIAL_NO_QUOTE,data/official_daily/TWSE_*.parquet
4949,TWSE,2018-03-08,4.391079902648926,4.391079902648926,4.391079902648926,4.391079902648926,0.0,REMOVE_PROVIDER_FORWARD_FILL_OFFICIAL_NO_QUOTE,data/official_daily/TWSE_*.parquet
4949,TWSE,2018-03-09,4.391079902648926,4.391079902648926,4.391079902648926,4.391079902648926,0.0,REMOVE_PROVIDER_FORWARD_FILL_OFFICIAL_NO_QUOTE,data/official_daily/TWSE_*.parquet
4949,TWSE,2018-03-15,4.41680908203125,4.41680908203125,4.41680908203125,4.41680908203125,0.0,REMOVE_PROVIDER_FORWARD_FILL_OFFICIAL_NO_QUOTE,data/official_daily/TWSE_*.parquet
4949,TWSE,2018-04-03,4.459691047668457,4.459691047668457,4.459691047668457,4.459691047668457,0.0,REMOVE_PROVIDER_FORWARD_FILL_OFFICIAL_NO_QUOTE,data/official_daily/TWSE_*.parquet
4949,TWSE,2018-04-25,6.560891151428223,6.560891151428223,6.560891151428223,6.560891151428223,0.0,REMOVE_PROVIDER_FORWARD_FILL_OFFICIAL_NO_QUOTE,data/official_daily/TWSE_*.parquet
4949,TWSE,2018-04-26,6.560891151428223,6.560891151428223,6.560891151428223,6.560891151428223,0.0,REMOVE_PROVIDER_FORWARD_FILL_OFFICIAL_NO_QUOTE,data/official_daily/TWSE_*.parquet
4949,TWSE,2018-05-14,6.775300025939941,6.775300025939941,6.775300025939941,6.775300025939941,0.0,REMOVE_PROVIDER_FORWARD_FILL_OFFICIAL_NO_QUOTE,data/official_daily/TWSE_*.parquet
4949,TWSE,2018-05-21,7.049742221832275,7.049742221832275,7.049742221832275,7.049742221832275,0.0,REMOVE_PROVIDER_FORWARD_FILL_OFFICIAL_NO_QUOTE,data/official_daily/TWSE_*.parquet
4949,TWSE,2018-05-29,6.174956798553467,6.174956798553467,6.174956798553467,6.174956798553467,0.0,REMOVE_PROVIDER_FORWARD_FILL_OFFICIAL_NO_QUOTE,data/official_daily/TWSE_*.parquet
4949,TWSE,2018-06-01,6.072041034698486,6.072041034698486,6.072041034698486,6.072041034698486,0.0,REMOVE_PROVIDER_FORWARD_FILL_OFFICIAL_NO_QUOTE,data/official_daily/TWSE_*.parquet
4949,TWSE,2018-06-05,6.13207483291626,6.13207483291626,6.13207483291626,6.13207483291626,0.0,REMOVE_PROVIDER_FORWARD_FILL_OFFICIAL_NO_QUOTE,data/official_daily/TWSE_*.parquet
4949,TWSE,2018-06-11,6.243566989898682,6.243566989898682,6.243566989898682,6.243566989898682,0.0,REMOVE_PROVIDER_FORWARD_FILL_OFFICIAL_NO_QUOTE,data/official_daily/TWSE_*.parquet
4949,TWSE,2018-06-14,6.089192867279053,6.089192867279053,6.089192867279053,6.089192867279053,0.0,REMOVE_PROVIDER_FORWARD_FILL_OFFICIAL_NO_QUOTE,data/official_daily/TWSE_*.parquet
4949,TWSE,2018-06-19,6.089192867279053,6.089192867279053,6.089192867279053,6.089192867279053,0.0,REMOVE_PROVIDER_FORWARD_FILL_OFFICIAL_NO_QUOTE,data/official_daily/TWSE_*.parquet
4949,TWSE,2018-06-20,6.089192867279053,6.089192867279053,6.089192867279053,6.089192867279053,0.0,REMOVE_PROVIDER_FORWARD_FILL_OFFICIAL_NO_QUOTE,data/official_daily/TWSE_*.parquet
4949,TWSE,2018-06-21,6.089192867279053,6.089192867279053,6.089192867279053,6.089192867279053,0.0,REMOVE_PROVIDER_FORWARD_FILL_OFFICIAL_NO_QUOTE,data/official_daily/TWSE_*.parquet
4949,TWSE,2018-06-25,6.020583152770996,6.020583152770996,6.020583152770996,6.020583152770996,0.0,REMOVE_PROVIDER_FORWARD_FILL_OFFICIAL_NO_QUOTE,data/official_daily/TWSE_*.parquet
4949,TWSE,2018-06-27,6.020583152770996,6.020583152770996,6.020583152770996,6.020583152770996,0.0,REMOVE_PROVIDER_FORWARD_FILL_OFFICIAL_NO_QUOTE,data/official_daily/TWSE_*.parquet
4949,TWSE,2018-06-28,6.020583152770996,6.020583152770996,6.020583152770996,6.020583152770996,0.0,REMOVE_PROVIDER_FORWARD_FILL_OFFICIAL_NO_QUOTE,data/official_daily/TWSE_*.parquet
4949,TWSE,2018-07-02,6.003429889678955,6.003429889678955,6.003429889678955,6.003429889678955,0.0,REMOVE_PROVIDER_FORWARD_FILL_OFFICIAL_NO_QUOTE,data/official_daily/TWSE_*.parquet
4949,TWSE,2018-07-03,6.003429889678955,6.003429889678955,6.003429889678955,6.003429889678955,0.0,REMOVE_PROVIDER_FORWARD_FILL_OFFICIAL_NO_QUOTE,data/official_daily/TWSE_*.parquet
4949,TWSE,2018-07-05,6.003429889678955,6.003429889678955,6.003429889678955,6.003429889678955,0.0,REMOVE_PROVIDER_FORWARD_FILL_OFFICIAL_NO_QUOTE,data/official_daily/TWSE_*.parquet
4949,TWSE,2018-07-10,5.951972007751465,5.951972007751465,5.951972007751465,5.951972007751465,0.0,REMOVE_PROVIDER_FORWARD_FILL_OFFICIAL_NO_QUOTE,data/official_daily/TWSE_*.parquet
4949,TWSE,2018-07-11,5.951972007751465,5.951972007751465,5.951972007751465,5.951972007751465,0.0,REMOVE_PROVIDER_FORWARD_FILL_OFFICIAL_NO_QUOTE,data/official_daily/TWSE_*.parquet
4949,TWSE,2018-07-12,5.951972007751465,5.951972007751465,5.951972007751465,5.951972007751465,0.0,REMOVE_PROVIDER_FORWARD_FILL_OFFICIAL_NO_QUOTE,data/official_daily/TWSE_*.parquet
4949,TWSE,2018-07-13,5.951972007751465,5.951972007751465,5.951972007751465,5.951972007751465,0.0,REMOVE_PROVIDER_FORWARD_FILL_OFFICIAL_NO_QUOTE,data/official_daily/TWSE_*.parquet
4949,TWSE,2018-07-16,5.951972007751465,5.951972007751465,5.951972007751465,5.951972007751465,0.0,REMOVE_PROVIDER_FORWARD_FILL_OFFICIAL_NO_QUOTE,data/official_daily/TWSE_*.parquet
4949,TWSE,2018-07-19,5.831902980804443,5.831902980804443,5.831902980804443,5.831902980804443,0.0,REMOVE_PROVIDER_FORWARD_FILL_OFFICIAL_NO_QUOTE,data/official_daily/TWSE_*.parquet
4949,TWSE,2018-07-26,6.046311855316162,6.046311855316162,6.046311855316162,6.046311855316162,0.0,REMOVE_PROVIDER_FORWARD_FILL_OFFICIAL_NO_QUOTE,data/official_daily/TWSE_*.parquet
4949,TWSE,2018-07-27,6.046311855316162,6.046311855316162,6.046311855316162,6.046311855316162,0.0,REMOVE_PROVIDER_FORWARD_FILL_OFFICIAL_NO_QUOTE,data/official_daily/TWSE_*.parquet
4949,TWSE,2018-08-03,5.145796775817871,5.145796775817871,5.145796775817871,5.145796775817871,0.0,REMOVE_PROVIDER_FORWARD_FILL_OFFICIAL_NO_QUOTE,data/official_daily/TWSE_*.parquet
4949,TWSE,2018-08-06,5.145796775817871,5.145796775817871,5.145796775817871,5.145796775817871,0.0,REMOVE_PROVIDER_FORWARD_FILL_OFFICIAL_NO_QUOTE,data/official_daily/TWSE_*.parquet
4949,TWSE,2018-08-28,5.017151832580566,5.017151832580566,5.017151832580566,5.017151832580566,0.0,REMOVE_PROVIDER_FORWARD_FILL_OFFICIAL_NO_QUOTE,data/official_daily/TWSE_*.parquet
4949,TWSE,2018-09-03,4.802743911743164,4.802743911743164,4.802743911743164,4.802743911743164,0.0,REMOVE_PROVIDER_FORWARD_FILL_OFFICIAL_NO_QUOTE,data/official_daily/TWSE_*.parquet
4949,TWSE,2018-09-04,4.802743911743164,4.802743911743164,4.802743911743164,4.802743911743164,0.0,REMOVE_PROVIDER_FORWARD_FILL_OFFICIAL_NO_QUOTE,data/official_daily/TWSE_*.parquet
4949,TWSE,2018-09-05,4.802743911743164,4.802743911743164,4.802743911743164,4.802743911743164,0.0,REMOVE_PROVIDER_FORWARD_FILL_OFFICIAL_NO_QUOTE,data/official_daily/TWSE_*.parquet
4949,TWSE,2018-09-06,4.802743911743164,4.802743911743164,4.802743911743164,4.802743911743164,0.0,REMOVE_PROVIDER_FORWARD_FILL_OFFICIAL_NO_QUOTE,data/official_daily/TWSE_*.parquet
4949,TWSE,2018-09-07,4.802743911743164,4.802743911743164,4.802743911743164,4.802743911743164,0.0,REMOVE_PROVIDER_FORWARD_FILL_OFFICIAL_NO_QUOTE,data/official_daily/TWSE_*.parquet
4949,TWSE,2018-09-10,4.802743911743164,4.802743911743164,4.802743911743164,4.802743911743164,0.0,REMOVE_PROVIDER_FORWARD_FILL_OFFICIAL_NO_QUOTE,data/official_daily/TWSE_*.parquet
4949,TWSE,2018-09-11,4.802743911743164,4.802743911743164,4.802743911743164,4.802743911743164,0.0,REMOVE_PROVIDER_FORWARD_FILL_OFFICIAL_NO_QUOTE,data/official_daily/TWSE_*.parquet
4949,TWSE,2018-09-12,4.802743911743164,4.802743911743164,4.802743911743164,4.802743911743164,0.0,REMOVE_PROVIDER_FORWARD_FILL_OFFICIAL_NO_QUOTE,data/official_daily/TWSE_*.parquet
4949,TWSE,2018-09-13,4.802743911743164,4.802743911743164,4.802743911743164,4.802743911743164,0.0,REMOVE_PROVIDER_FORWARD_FILL_OFFICIAL_NO_QUOTE,data/official_daily/TWSE_*.parquet
4949,TWSE,2018-09-14,4.802743911743164,4.802743911743164,4.802743911743164,4.802743911743164,0.0,REMOVE_PROVIDER_FORWARD_FILL_OFFICIAL_NO_QUOTE,data/official_daily/TWSE_*.parquet
4949,TWSE,2018-09-17,4.802743911743164,4.802743911743164,4.802743911743164,4.802743911743164,0.0,REMOVE_PROVIDER_FORWARD_FILL_OFFICIAL_NO_QUOTE,data/official_daily/TWSE_*.parquet
4949,TWSE,2018-09-18,4.802743911743164,4.802743911743164,4.802743911743164,4.802743911743164,0.0,REMOVE_PROVIDER_FORWARD_FILL_OFFICIAL_NO_QUOTE,data/official_daily/TWSE_*.parquet
4949,TWSE,2018-09-19,4.802743911743164,4.802743911743164,4.802743911743164,4.802743911743164,0.0,REMOVE_PROVIDER_FORWARD_FILL_OFFICIAL_NO_QUOTE,data/official_daily/TWSE_*.parquet
4949,TWSE,2018-09-20,4.802743911743164,4.802743911743164,4.802743911743164,4.802743911743164,0.0,REMOVE_PROVIDER_FORWARD_FILL_OFFICIAL_NO_QUOTE,data/official_daily/TWSE_*.parquet
4949,TWSE,2018-09-21,4.802743911743164,4.802743911743164,4.802743911743164,4.802743911743164,0.0,REMOVE_PROVIDER_FORWARD_FILL_OFFICIAL_NO_QUOTE,data/official_daily/TWSE_*.parquet
4949,TWSE,2018-09-25,4.802743911743164,4.802743911743164,4.802743911743164,4.802743911743164,0.0,REMOVE_PROVIDER_FORWARD_FILL_OFFICIAL_NO_QUOTE,data/official_daily/TWSE_*.parquet
4949,TWSE,2018-09-26,4.802743911743164,4.802743911743164,4.802743911743164,4.802743911743164,0.0,REMOVE_PROVIDER_FORWARD_FILL_OFFICIAL_NO_QUOTE,data/official_daily/TWSE_*.parquet
4949,TWSE,2018-09-27,4.802743911743164,4.802743911743164,4.802743911743164,4.802743911743164,0.0,REMOVE_PROVIDER_FORWARD_FILL_OFFICIAL_NO_QUOTE,data/official_daily/TWSE_*.parquet
4949,TWSE,2018-09-28,4.802743911743164,4.802743911743164,4.802743911743164,4.802743911743164,0.0,REMOVE_PROVIDER_FORWARD_FILL_OFFICIAL_NO_QUOTE,data/official_daily/TWSE_*.parquet
4949,TWSE,2018-10-01,4.802743911743164,4.802743911743164,4.802743911743164,4.802743911743164,0.0,REMOVE_PROVIDER_FORWARD_FILL_OFFICIAL_NO_QUOTE,data/official_daily/TWSE_*.parquet
4949,TWSE,2018-10-02,4.802743911743164,4.802743911743164,4.802743911743164,4.802743911743164,0.0,REMOVE_PROVIDER_FORWARD_FILL_OFFICIAL_NO_QUOTE,data/official_daily/TWSE_*.parquet
4949,TWSE,2018-10-03,4.802743911743164,4.802743911743164,4.802743911743164,4.802743911743164,0.0,REMOVE_PROVIDER_FORWARD_FILL_OFFICIAL_NO_QUOTE,data/official_daily/TWSE_*.parquet
4949,TWSE,2018-10-04,4.802743911743164,4.802743911743164,4.802743911743164,4.802743911743164,0.0,REMOVE_PROVIDER_FORWARD_FILL_OFFICIAL_NO_QUOTE,data/official_daily/TWSE_*.parquet
4949,TWSE,2018-10-05,4.802743911743164,4.802743911743164,4.802743911743164,4.802743911743164,0.0,REMOVE_PROVIDER_FORWARD_FILL_OFFICIAL_NO_QUOTE,data/official_daily/TWSE_*.parquet
4949,TWSE,2018-10-08,4.802743911743164,4.802743911743164,4.802743911743164,4.802743911743164,0.0,REMOVE_PROVIDER_FORWARD_FILL_OFFICIAL_NO_QUOTE,data/official_daily/TWSE_*.parquet
4949,TWSE,2018-10-09,4.802743911743164,4.802743911743164,4.802743911743164,4.802743911743164,0.0,REMOVE_PROVIDER_FORWARD_FILL_OFFICIAL_NO_QUOTE,data/official_daily/TWSE_*.parquet
4949,TWSE,2018-10-11,4.802743911743164,4.802743911743164,4.802743911743164,4.802743911743164,0.0,REMOVE_PROVIDER_FORWARD_FILL_OFFICIAL_NO_QUOTE,data/official_daily/TWSE_*.parquet
4949,TWSE,2018-10-12,4.802743911743164,4.802743911743164,4.802743911743164,4.802743911743164,0.0,REMOVE_PROVIDER_FORWARD_FILL_OFFICIAL_NO_QUOTE,data/official_daily/TWSE_*.parquet
4949,TWSE,2018-10-15,4.802743911743164,4.802743911743164,4.802743911743164,4.802743911743164,0.0,REMOVE_PROVIDER_FORWARD_FILL_OFFICIAL_NO_QUOTE,data/official_daily/TWSE_*.parquet
4949,TWSE,2018-10-16,4.802743911743164,4.802743911743164,4.802743911743164,4.802743911743164,0.0,REMOVE_PROVIDER_FORWARD_FILL_OFFICIAL_NO_QUOTE,data/official_daily/TWSE_*.parquet
4949,TWSE,2018-10-17,4.802743911743164,4.802743911743164,4.802743911743164,4.802743911743164,0.0,REMOVE_PROVIDER_FORWARD_FILL_OFFICIAL_NO_QUOTE,data/official_daily/TWSE_*.parquet
4949,TWSE,2018-10-18,4.802743911743164,4.802743911743164,4.802743911743164,4.802743911743164,0.0,REMOVE_PROVIDER_FORWARD_FILL_OFFICIAL_NO_QUOTE,data/official_daily/TWSE_*.parquet
4949,TWSE,2018-10-19,4.802743911743164,4.802743911743164,4.802743911743164,4.802743911743164,0.0,REMOVE_PROVIDER_FORWARD_FILL_OFFICIAL_NO_QUOTE,data/official_daily/TWSE_*.parquet
4949,TWSE,2018-10-22,4.802743911743164,4.802743911743164,4.802743911743164,4.802743911743164,0.0,REMOVE_PROVIDER_FORWARD_FILL_OFFICIAL_NO_QUOTE,data/official_daily/TWSE_*.parquet
4949,TWSE,2018-10-23,4.802743911743164,4.802743911743164,4.802743911743164,4.802743911743164,0.0,REMOVE_PROVIDER_FORWARD_FILL_OFFICIAL_NO_QUOTE,data/official_daily/TWSE_*.parquet
4949,TWSE,2018-10-24,4.802743911743164,4.802743911743164,4.802743911743164,4.802743911743164,0.0,REMOVE_PROVIDER_FORWARD_FILL_OFFICIAL_NO_QUOTE,data/official_daily/TWSE_*.parquet
4949,TWSE,2018-10-25,4.802743911743164,4.802743911743164,4.802743911743164,4.802743911743164,0.0,REMOVE_PROVIDER_FORWARD_FILL_OFFICIAL_NO_QUOTE,data/official_daily/TWSE_*.parquet
4949,TWSE,2018-10-26,4.802743911743164,4.802743911743164,4.802743911743164,4.802743911743164,0.0,REMOVE_PROVIDER_FORWARD_FILL_OFFICIAL_NO_QUOTE,data/official_daily/TWSE_*.parquet
4949,TWSE,2018-10-29,4.802743911743164,4.802743911743164,4.802743911743164,4.802743911743164,0.0,REMOVE_PROVIDER_FORWARD_FILL_OFFICIAL_NO_QUOTE,data/official_daily/TWSE_*.parquet
4949,TWSE,2018-10-30,4.802743911743164,4.802743911743164,4.802743911743164,4.802743911743164,0.0,REMOVE_PROVIDER_FORWARD_FILL_OFFICIAL_NO_QUOTE,data/official_daily/TWSE_*.parquet
4949,TWSE,2018-10-31,4.802743911743164,4.802743911743164,4.802743911743164,4.802743911743164,0.0,REMOVE_PROVIDER_FORWARD_FILL_OFFICIAL_NO_QUOTE,data/official_daily/TWSE_*.parquet
4949,TWSE,2018-11-01,4.802743911743164,4.802743911743164,4.802743911743164,4.802743911743164,0.0,REMOVE_PROVIDER_FORWARD_FILL_OFFICIAL_NO_QUOTE,data/official_daily/TWSE_*.parquet
4949,TWSE,2018-11-02,4.802743911743164,4.802743911743164,4.802743911743164,4.802743911743164,0.0,REMOVE_PROVIDER_FORWARD_FILL_OFFICIAL_NO_QUOTE,data/official_daily/TWSE_*.parquet
4949,TWSE,2018-11-05,4.802743911743164,4.802743911743164,4.802743911743164,4.802743911743164,0.0,REMOVE_PROVIDER_FORWARD_FILL_OFFICIAL_NO_QUOTE,data/official_daily/TWSE_*.parquet
4949,TWSE,2018-11-06,4.802743911743164,4.802743911743164,4.802743911743164,4.802743911743164,0.0,REMOVE_PROVIDER_FORWARD_FILL_OFFICIAL_NO_QUOTE,data/official_daily/TWSE_*.parquet
4949,TWSE,2018-11-07,4.802743911743164,4.802743911743164,4.802743911743164,4.802743911743164,0.0,REMOVE_PROVIDER_FORWARD_FILL_OFFICIAL_NO_QUOTE,data/official_daily/TWSE_*.parquet
4949,TWSE,2018-11-08,4.802743911743164,4.802743911743164,4.802743911743164,4.802743911743164,0.0,REMOVE_PROVIDER_FORWARD_FILL_OFFICIAL_NO_QUOTE,data/official_daily/TWSE_*.parquet
4949,TWSE,2018-11-09,4.802743911743164,4.802743911743164,4.802743911743164,4.802743911743164,0.0,REMOVE_PROVIDER_FORWARD_FILL_OFFICIAL_NO_QUOTE,data/official_daily/TWSE_*.parquet
4949,TWSE,2018-11-12,4.802743911743164,4.802743911743164,4.802743911743164,4.802743911743164,0.0,REMOVE_PROVIDER_FORWARD_FILL_OFFICIAL_NO_QUOTE,data/official_daily/TWSE_*.parquet
4949,TWSE,2018-11-13,4.802743911743164,4.802743911743164,4.802743911743164,4.802743911743164,0.0,REMOVE_PROVIDER_FORWARD_FILL_OFFICIAL_NO_QUOTE,data/official_daily/TWSE_*.parquet
4949,TWSE,2018-11-14,4.802743911743164,4.802743911743164,4.802743911743164,4.802743911743164,0.0,REMOVE_PROVIDER_FORWARD_FILL_OFFICIAL_NO_QUOTE,data/official_daily/TWSE_*.parquet
4949,TWSE,2018-11-15,4.802743911743164,4.802743911743164,4.802743911743164,4.802743911743164,0.0,REMOVE_PROVIDER_FORWARD_FILL_OFFICIAL_NO_QUOTE,data/official_daily/TWSE_*.parquet
4949,TWSE,2018-11-16,4.802743911743164,4.802743911743164,4.802743911743164,4.802743911743164,0.0,REMOVE_PROVIDER_FORWARD_FILL_OFFICIAL_NO_QUOTE,data/official_daily/TWSE_*.parquet
4949,TWSE,2018-11-19,4.802743911743164,4.802743911743164,4.802743911743164,4.802743911743164,0.0,REMOVE_PROVIDER_FORWARD_FILL_OFFICIAL_NO_QUOTE,data/official_daily/TWSE_*.parquet
4949,TWSE,2018-11-20,4.802743911743164,4.802743911743164,4.802743911743164,4.802743911743164,0.0,REMOVE_PROVIDER_FORWARD_FILL_OFFICIAL_NO_QUOTE,data/official_daily/TWSE_*.parquet
4949,TWSE,2018-11-21,4.802743911743164,4.802743911743164,4.802743911743164,4.802743911743164,0.0,REMOVE_PROVIDER_FORWARD_FILL_OFFICIAL_NO_QUOTE,data/official_daily/TWSE_*.parquet
4949,TWSE,2018-11-22,4.802743911743164,4.802743911743164,4.802743911743164,4.802743911743164,0.0,REMOVE_PROVIDER_FORWARD_FILL_OFFICIAL_NO_QUOTE,data/official_daily/TWSE_*.parquet
4949,TWSE,2018-11-23,4.802743911743164,4.802743911743164,4.802743911743164,4.802743911743164,0.0,REMOVE_PROVIDER_FORWARD_FILL_OFFICIAL_NO_QUOTE,data/official_daily/TWSE_*.parquet
4949,TWSE,2018-11-26,4.802743911743164,4.802743911743164,4.802743911743164,4.802743911743164,0.0,REMOVE_PROVIDER_FORWARD_FILL_OFFICIAL_NO_QUOTE,data/official_daily/TWSE_*.parquet
4949,TWSE,2018-11-27,4.802743911743164,4.802743911743164,4.802743911743164,4.802743911743164,0.0,REMOVE_PROVIDER_FORWARD_FILL_OFFICIAL_NO_QUOTE,data/official_daily/TWSE_*.parquet
4949,TWSE,2018-11-28,4.802743911743164,4.802743911743164,4.802743911743164,4.802743911743164,0.0,REMOVE_PROVIDER_FORWARD_FILL_OFFICIAL_NO_QUOTE,data/official_daily/TWSE_*.parquet
4949,TWSE,2018-11-29,4.802743911743164,4.802743911743164,4.802743911743164,4.802743911743164,0.0,REMOVE_PROVIDER_FORWARD_FILL_OFFICIAL_NO_QUOTE,data/official_daily/TWSE_*.parquet
4949,TWSE,2018-11-30,4.802743911743164,4.802743911743164,4.802743911743164,4.802743911743164,0.0,REMOVE_PROVIDER_FORWARD_FILL_OFFICIAL_NO_QUOTE,data/official_daily/TWSE_*.parquet
4949,TWSE,2018-12-03,4.802743911743164,4.802743911743164,4.802743911743164,4.802743911743164,0.0,REMOVE_PROVIDER_FORWARD_FILL_OFFICIAL_NO_QUOTE,data/official_daily/TWSE_*.parquet
4949,TWSE,2018-12-04,4.802743911743164,4.802743911743164,4.802743911743164,4.802743911743164,0.0,REMOVE_PROVIDER_FORWARD_FILL_OFFICIAL_NO_QUOTE,data/official_daily/TWSE_*.parquet
4949,TWSE,2018-12-05,4.802743911743164,4.802743911743164,4.802743911743164,4.802743911743164,0.0,REMOVE_PROVIDER_FORWARD_FILL_OFFICIAL_NO_QUOTE,data/official_daily/TWSE_*.parquet
4949,TWSE,2018-12-06,4.802743911743164,4.802743911743164,4.802743911743164,4.802743911743164,0.0,REMOVE_PROVIDER_FORWARD_FILL_OFFICIAL_NO_QUOTE,data/official_daily/TWSE_*.parquet
4949,TWSE,2018-12-07,4.802743911743164,4.802743911743164,4.802743911743164,4.802743911743164,0.0,REMOVE_PROVIDER_FORWARD_FILL_OFFICIAL_NO_QUOTE,data/official_daily/TWSE_*.parquet
4949,TWSE,2018-12-10,4.802743911743164,4.802743911743164,4.802743911743164,4.802743911743164,0.0,REMOVE_PROVIDER_FORWARD_FILL_OFFICIAL_NO_QUOTE,data/official_daily/TWSE_*.parquet
4949,TWSE,2018-12-11,4.802743911743164,4.802743911743164,4.802743911743164,4.802743911743164,0.0,REMOVE_PROVIDER_FORWARD_FILL_OFFICIAL_NO_QUOTE,data/official_daily/TWSE_*.parquet
4949,TWSE,2018-12-12,4.802743911743164,4.802743911743164,4.802743911743164,4.802743911743164,0.0,REMOVE_PROVIDER_FORWARD_FILL_OFFICIAL_NO_QUOTE,data/official_daily/TWSE_*.parquet
4949,TWSE,2018-12-13,4.802743911743164,4.802743911743164,4.802743911743164,4.802743911743164,0.0,REMOVE_PROVIDER_FORWARD_FILL_OFFICIAL_NO_QUOTE,data/official_daily/TWSE_*.parquet
4949,TWSE,2018-12-14,4.802743911743164,4.802743911743164,4.802743911743164,4.802743911743164,0.0,REMOVE_PROVIDER_FORWARD_FILL_OFFICIAL_NO_QUOTE,data/official_daily/TWSE_*.parquet
4949,TWSE,2018-12-17,4.802743911743164,4.802743911743164,4.802743911743164,4.802743911743164,0.0,REMOVE_PROVIDER_FORWARD_FILL_OFFICIAL_NO_QUOTE,data/official_daily/TWSE_*.parquet
4949,TWSE,2018-12-18,4.802743911743164,4.802743911743164,4.802743911743164,4.802743911743164,0.0,REMOVE_PROVIDER_FORWARD_FILL_OFFICIAL_NO_QUOTE,data/official_daily/TWSE_*.parquet
4949,TWSE,2018-12-19,4.802743911743164,4.802743911743164,4.802743911743164,4.802743911743164,0.0,REMOVE_PROVIDER_FORWARD_FILL_OFFICIAL_NO_QUOTE,data/official_daily/TWSE_*.parquet
4949,TWSE,2018-12-20,4.802743911743164,4.802743911743164,4.802743911743164,4.802743911743164,0.0,REMOVE_PROVIDER_FORWARD_FILL_OFFICIAL_NO_QUOTE,data/official_daily/TWSE_*.parquet
4949,TWSE,2018-12-21,4.802743911743164,4.802743911743164,4.802743911743164,4.802743911743164,0.0,REMOVE_PROVIDER_FORWARD_FILL_OFFICIAL_NO_QUOTE,data/official_daily/TWSE_*.parquet
4949,TWSE,2018-12-24,4.802743911743164,4.802743911743164,4.802743911743164,4.802743911743164,0.0,REMOVE_PROVIDER_FORWARD_FILL_OFFICIAL_NO_QUOTE,data/official_daily/TWSE_*.parquet
4949,TWSE,2018-12-25,4.802743911743164,4.802743911743164,4.802743911743164,4.802743911743164,0.0,REMOVE_PROVIDER_FORWARD_FILL_OFFICIAL_NO_QUOTE,data/official_daily/TWSE_*.parquet
4949,TWSE,2018-12-26,4.802743911743164,4.802743911743164,4.802743911743164,4.802743911743164,0.0,REMOVE_PROVIDER_FORWARD_FILL_OFFICIAL_NO_QUOTE,data/official_daily/TWSE_*.parquet
4949,TWSE,2018-12-27,4.802743911743164,4.802743911743164,4.802743911743164,4.802743911743164,0.0,REMOVE_PROVIDER_FORWARD_FILL_OFFICIAL_NO_QUOTE,data/official_daily/TWSE_*.parquet
4949,TWSE,2018-12-28,4.802743911743164,4.802743911743164,4.802743911743164,4.802743911743164,0.0,REMOVE_PROVIDER_FORWARD_FILL_OFFICIAL_NO_QUOTE,data/official_daily/TWSE_*.parquet
4949,TWSE,2019-01-02,4.802743911743164,4.802743911743164,4.802743911743164,4.802743911743164,0.0,REMOVE_PROVIDER_FORWARD_FILL_OFFICIAL_NO_QUOTE,data/official_daily/TWSE_*.parquet
4949,TWSE,2019-01-03,4.802743911743164,4.802743911743164,4.802743911743164,4.802743911743164,0.0,REMOVE_PROVIDER_FORWARD_FILL_OFFICIAL_NO_QUOTE,data/official_daily/TWSE_*.parquet
4949,TWSE,2019-01-04,4.802743911743164,4.802743911743164,4.802743911743164,4.802743911743164,0.0,REMOVE_PROVIDER_FORWARD_FILL_OFFICIAL_NO_QUOTE,data/official_daily/TWSE_*.parquet
4949,TWSE,2019-01-07,4.802743911743164,4.802743911743164,4.802743911743164,4.802743911743164,0.0,REMOVE_PROVIDER_FORWARD_FILL_OFFICIAL_NO_QUOTE,data/official_daily/TWSE_*.parquet
4949,TWSE,2019-01-08,4.802743911743164,4.802743911743164,4.802743911743164,4.802743911743164,0.0,REMOVE_PROVIDER_FORWARD_FILL_OFFICIAL_NO_QUOTE,data/official_daily/TWSE_*.parquet
4949,TWSE,2019-01-09,4.802743911743164,4.802743911743164,4.802743911743164,4.802743911743164,0.0,REMOVE_PROVIDER_FORWARD_FILL_OFFICIAL_NO_QUOTE,data/official_daily/TWSE_*.parquet
4949,TWSE,2019-01-10,4.802743911743164,4.802743911743164,4.802743911743164,4.802743911743164,0.0,REMOVE_PROVIDER_FORWARD_FILL_OFFICIAL_NO_QUOTE,data/official_daily/TWSE_*.parquet
4949,TWSE,2019-01-11,4.802743911743164,4.802743911743164,4.802743911743164,4.802743911743164,0.0,REMOVE_PROVIDER_FORWARD_FILL_OFFICIAL_NO_QUOTE,data/official_daily/TWSE_*.parquet
4949,TWSE,2019-01-14,4.802743911743164,4.802743911743164,4.802743911743164,4.802743911743164,0.0,REMOVE_PROVIDER_FORWARD_FILL_OFFICIAL_NO_QUOTE,data/official_daily/TWSE_*.parquet
4949,TWSE,2019-01-15,4.802743911743164,4.802743911743164,4.802743911743164,4.802743911743164,0.0,REMOVE_PROVIDER_FORWARD_FILL_OFFICIAL_NO_QUOTE,data/official_daily/TWSE_*.parquet
4949,TWSE,2019-01-16,4.802743911743164,4.802743911743164,4.802743911743164,4.802743911743164,0.0,REMOVE_PROVIDER_FORWARD_FILL_OFFICIAL_NO_QUOTE,data/official_daily/TWSE_*.parquet
4949,TWSE,2019-01-17,4.802743911743164,4.802743911743164,4.802743911743164,4.802743911743164,0.0,REMOVE_PROVIDER_FORWARD_FILL_OFFICIAL_NO_QUOTE,data/official_daily/TWSE_*.parquet
4949,TWSE,2019-01-18,4.802743911743164,4.802743911743164,4.802743911743164,4.802743911743164,0.0,REMOVE_PROVIDER_FORWARD_FILL_OFFICIAL_NO_QUOTE,data/official_daily/TWSE_*.parquet
4949,TWSE,2019-01-21,4.802743911743164,4.802743911743164,4.802743911743164,4.802743911743164,0.0,REMOVE_PROVIDER_FORWARD_FILL_OFFICIAL_NO_QUOTE,data/official_daily/TWSE_*.parquet
4949,TWSE,2019-01-22,4.802743911743164,4.802743911743164,4.802743911743164,4.802743911743164,0.0,REMOVE_PROVIDER_FORWARD_FILL_OFFICIAL_NO_QUOTE,data/official_daily/TWSE_*.parquet
4949,TWSE,2019-01-23,4.802743911743164,4.802743911743164,4.802743911743164,4.802743911743164,0.0,REMOVE_PROVIDER_FORWARD_FILL_OFFICIAL_NO_QUOTE,data/official_daily/TWSE_*.parquet
4949,TWSE,2019-01-24,4.802743911743164,4.802743911743164,4.802743911743164,4.802743911743164,0.0,REMOVE_PROVIDER_FORWARD_FILL_OFFICIAL_NO_QUOTE,data/official_daily/TWSE_*.parquet
4949,TWSE,2019-01-25,4.802743911743164,4.802743911743164,4.802743911743164,4.802743911743164,0.0,REMOVE_PROVIDER_FORWARD_FILL_OFFICIAL_NO_QUOTE,data/official_daily/TWSE_*.parquet
4949,TWSE,2019-01-28,4.802743911743164,4.802743911743164,4.802743911743164,4.802743911743164,0.0,REMOVE_PROVIDER_FORWARD_FILL_OFFICIAL_NO_QUOTE,data/official_daily/TWSE_*.parquet
4949,TWSE,2019-01-29,4.802743911743164,4.802743911743164,4.802743911743164,4.802743911743164,0.0,REMOVE_PROVIDER_FORWARD_FILL_OFFICIAL_NO_QUOTE,data/official_daily/TWSE_*.parquet
4949,TWSE,2019-01-30,4.802743911743164,4.802743911743164,4.802743911743164,4.802743911743164,0.0,REMOVE_PROVIDER_FORWARD_FILL_OFFICIAL_NO_QUOTE,data/official_daily/TWSE_*.parquet
4949,TWSE,2019-02-11,4.802743911743164,4.802743911743164,4.802743911743164,4.802743911743164,0.0,REMOVE_PROVIDER_FORWARD_FILL_OFFICIAL_NO_QUOTE,data/official_daily/TWSE_*.parquet
4949,TWSE,2019-02-12,4.802743911743164,4.802743911743164,4.802743911743164,4.802743911743164,0.0,REMOVE_PROVIDER_FORWARD_FILL_OFFICIAL_NO_QUOTE,data/official_daily/TWSE_*.parquet
4949,TWSE,2019-02-13,4.802743911743164,4.802743911743164,4.802743911743164,4.802743911743164,0.0,REMOVE_PROVIDER_FORWARD_FILL_OFFICIAL_NO_QUOTE,data/official_daily/TWSE_*.parquet
4949,TWSE,2019-02-14,4.802743911743164,4.802743911743164,4.802743911743164,4.802743911743164,0.0,REMOVE_PROVIDER_FORWARD_FILL_OFFICIAL_NO_QUOTE,data/official_daily/TWSE_*.parquet
4949,TWSE,2019-02-15,4.802743911743164,4.802743911743164,4.802743911743164,4.802743911743164,0.0,REMOVE_PROVIDER_FORWARD_FILL_OFFICIAL_NO_QUOTE,data/official_daily/TWSE_*.parquet
4949,TWSE,2019-02-18,4.802743911743164,4.802743911743164,4.802743911743164,4.802743911743164,0.0,REMOVE_PROVIDER_FORWARD_FILL_OFFICIAL_NO_QUOTE,data/official_daily/TWSE_*.parquet
4949,TWSE,2019-02-19,4.802743911743164,4.802743911743164,4.802743911743164,4.802743911743164,0.0,REMOVE_PROVIDER_FORWARD_FILL_OFFICIAL_NO_QUOTE,data/official_daily/TWSE_*.parquet
4949,TWSE,2019-02-20,4.802743911743164,4.802743911743164,4.802743911743164,4.802743911743164,0.0,REMOVE_PROVIDER_FORWARD_FILL_OFFICIAL_NO_QUOTE,data/official_daily/TWSE_*.parquet
4949,TWSE,2019-02-21,4.802743911743164,4.802743911743164,4.802743911743164,4.802743911743164,0.0,REMOVE_PROVIDER_FORWARD_FILL_OFFICIAL_NO_QUOTE,data/official_daily/TWSE_*.parquet
4949,TWSE,2019-02-22,4.802743911743164,4.802743911743164,4.802743911743164,4.802743911743164,0.0,REMOVE_PROVIDER_FORWARD_FILL_OFFICIAL_NO_QUOTE,data/official_daily/TWSE_*.parquet
4949,TWSE,2019-02-25,4.802743911743164,4.802743911743164,4.802743911743164,4.802743911743164,0.0,REMOVE_PROVIDER_FORWARD_FILL_OFFICIAL_NO_QUOTE,data/official_daily/TWSE_*.parquet
4949,TWSE,2019-02-26,4.802743911743164,4.802743911743164,4.802743911743164,4.802743911743164,0.0,REMOVE_PROVIDER_FORWARD_FILL_OFFICIAL_NO_QUOTE,data/official_daily/TWSE_*.parquet
4949,TWSE,2019-02-27,4.802743911743164,4.802743911743164,4.802743911743164,4.802743911743164,0.0,REMOVE_PROVIDER_FORWARD_FILL_OFFICIAL_NO_QUOTE,data/official_daily/TWSE_*.parquet
4949,TWSE,2019-03-04,4.802743911743164,4.802743911743164,4.802743911743164,4.802743911743164,0.0,REMOVE_PROVIDER_FORWARD_FILL_OFFICIAL_NO_QUOTE,data/official_daily/TWSE_*.parquet
4949,TWSE,2019-03-05,4.802743911743164,4.802743911743164,4.802743911743164,4.802743911743164,0.0,REMOVE_PROVIDER_FORWARD_FILL_OFFICIAL_NO_QUOTE,data/official_daily/TWSE_*.parquet
4949,TWSE,2019-03-06,4.802743911743164,4.802743911743164,4.802743911743164,4.802743911743164,0.0,REMOVE_PROVIDER_FORWARD_FILL_OFFICIAL_NO_QUOTE,data/official_daily/TWSE_*.parquet
4949,TWSE,2019-03-07,4.802743911743164,4.802743911743164,4.802743911743164,4.802743911743164,0.0,REMOVE_PROVIDER_FORWARD_FILL_OFFICIAL_NO_QUOTE,data/official_daily/TWSE_*.parquet
4949,TWSE,2019-03-08,4.802743911743164,4.802743911743164,4.802743911743164,4.802743911743164,0.0,REMOVE_PROVIDER_FORWARD_FILL_OFFICIAL_NO_QUOTE,data/official_daily/TWSE_*.parquet
4949,TWSE,2019-03-11,4.802743911743164,4.802743911743164,4.802743911743164,4.802743911743164,0.0,REMOVE_PROVIDER_FORWARD_FILL_OFFICIAL_NO_QUOTE,data/official_daily/TWSE_*.parquet
4949,TWSE,2019-03-12,4.802743911743164,4.802743911743164,4.802743911743164,4.802743911743164,0.0,REMOVE_PROVIDER_FORWARD_FILL_OFFICIAL_NO_QUOTE,data/official_daily/TWSE_*.parquet
4949,TWSE,2019-03-13,4.802743911743164,4.802743911743164,4.802743911743164,4.802743911743164,0.0,REMOVE_PROVIDER_FORWARD_FILL_OFFICIAL_NO_QUOTE,data/official_daily/TWSE_*.parquet
4949,TWSE,2019-03-14,4.802743911743164,4.802743911743164,4.802743911743164,4.802743911743164,0.0,REMOVE_PROVIDER_FORWARD_FILL_OFFICIAL_NO_QUOTE,data/official_daily/TWSE_*.parquet
4949,TWSE,2019-03-15,4.802743911743164,4.802743911743164,4.802743911743164,4.802743911743164,0.0,REMOVE_PROVIDER_FORWARD_FILL_OFFICIAL_NO_QUOTE,data/official_daily/TWSE_*.parquet
4949,TWSE,2019-03-18,4.802743911743164,4.802743911743164,4.802743911743164,4.802743911743164,0.0,REMOVE_PROVIDER_FORWARD_FILL_OFFICIAL_NO_QUOTE,data/official_daily/TWSE_*.parquet
4949,TWSE,2019-03-19,4.802743911743164,4.802743911743164,4.802743911743164,4.802743911743164,0.0,REMOVE_PROVIDER_FORWARD_FILL_OFFICIAL_NO_QUOTE,data/official_daily/TWSE_*.parquet
4949,TWSE,2019-03-20,4.802743911743164,4.802743911743164,4.802743911743164,4.802743911743164,0.0,REMOVE_PROVIDER_FORWARD_FILL_OFFICIAL_NO_QUOTE,data/official_daily/TWSE_*.parquet
4949,TWSE,2019-03-21,4.802743911743164,4.802743911743164,4.802743911743164,4.802743911743164,0.0,REMOVE_PROVIDER_FORWARD_FILL_OFFICIAL_NO_QUOTE,data/official_daily/TWSE_*.parquet
4949,TWSE,2019-03-22,4.802743911743164,4.802743911743164,4.802743911743164,4.802743911743164,0.0,REMOVE_PROVIDER_FORWARD_FILL_OFFICIAL_NO_QUOTE,data/official_daily/TWSE_*.parquet
4949,TWSE,2019-03-25,4.802743911743164,4.802743911743164,4.802743911743164,4.802743911743164,0.0,REMOVE_PROVIDER_FORWARD_FILL_OFFICIAL_NO_QUOTE,data/official_daily/TWSE_*.parquet
4949,TWSE,2019-03-26,4.802743911743164,4.802743911743164,4.802743911743164,4.802743911743164,0.0,REMOVE_PROVIDER_FORWARD_FILL_OFFICIAL_NO_QUOTE,data/official_daily/TWSE_*.parquet
4949,TWSE,2019-03-27,4.802743911743164,4.802743911743164,4.802743911743164,4.802743911743164,0.0,REMOVE_PROVIDER_FORWARD_FILL_OFFICIAL_NO_QUOTE,data/official_daily/TWSE_*.parquet
4949,TWSE,2019-03-28,4.802743911743164,4.802743911743164,4.802743911743164,4.802743911743164,0.0,REMOVE_PROVIDER_FORWARD_FILL_OFFICIAL_NO_QUOTE,data/official_daily/TWSE_*.parquet
4949,TWSE,2019-03-29,4.802743911743164,4.802743911743164,4.802743911743164,4.802743911743164,0.0,REMOVE_PROVIDER_FORWARD_FILL_OFFICIAL_NO_QUOTE,data/official_daily/TWSE_*.parquet
4949,TWSE,2019-04-01,4.802743911743164,4.802743911743164,4.802743911743164,4.802743911743164,0.0,REMOVE_PROVIDER_FORWARD_FILL_OFFICIAL_NO_QUOTE,data/official_daily/TWSE_*.parquet
4949,TWSE,2019-04-02,4.802743911743164,4.802743911743164,4.802743911743164,4.802743911743164,0.0,REMOVE_PROVIDER_FORWARD_FILL_OFFICIAL_NO_QUOTE,data/official_daily/TWSE_*.parquet
4949,TWSE,2019-04-03,4.802743911743164,4.802743911743164,4.802743911743164,4.802743911743164,0.0,REMOVE_PROVIDER_FORWARD_FILL_OFFICIAL_NO_QUOTE,data/official_daily/TWSE_*.parquet
4949,TWSE,2019-04-08,4.802743911743164,4.802743911743164,4.802743911743164,4.802743911743164,0.0,REMOVE_PROVIDER_FORWARD_FILL_OFFICIAL_NO_QUOTE,data/official_daily/TWSE_*.parquet
4949,TWSE,2019-04-09,4.802743911743164,4.802743911743164,4.802743911743164,4.802743911743164,0.0,REMOVE_PROVIDER_FORWARD_FILL_OFFICIAL_NO_QUOTE,data/official_daily/TWSE_*.parquet
4949,TWSE,2019-04-10,4.802743911743164,4.802743911743164,4.802743911743164,4.802743911743164,0.0,REMOVE_PROVIDER_FORWARD_FILL_OFFICIAL_NO_QUOTE,data/official_daily/TWSE_*.parquet
4949,TWSE,2019-04-11,4.802743911743164,4.802743911743164,4.802743911743164,4.802743911743164,0.0,REMOVE_PROVIDER_FORWARD_FILL_OFFICIAL_NO_QUOTE,data/official_daily/TWSE_*.parquet
4949,TWSE,2019-04-12,4.802743911743164,4.802743911743164,4.802743911743164,4.802743911743164,0.0,REMOVE_PROVIDER_FORWARD_FILL_OFFICIAL_NO_QUOTE,data/official_daily/TWSE_*.parquet
4949,TWSE,2019-04-15,4.802743911743164,4.802743911743164,4.802743911743164,4.802743911743164,0.0,REMOVE_PROVIDER_FORWARD_FILL_OFFICIAL_NO_QUOTE,data/official_daily/TWSE_*.parquet
4949,TWSE,2019-04-16,4.802743911743164,4.802743911743164,4.802743911743164,4.802743911743164,0.0,REMOVE_PROVIDER_FORWARD_FILL_OFFICIAL_NO_QUOTE,data/official_daily/TWSE_*.parquet
4949,TWSE,2019-04-17,4.802743911743164,4.802743911743164,4.802743911743164,4.802743911743164,0.0,REMOVE_PROVIDER_FORWARD_FILL_OFFICIAL_NO_QUOTE,data/official_daily/TWSE_*.parquet
4949,TWSE,2019-04-18,4.802743911743164,4.802743911743164,4.802743911743164,4.802743911743164,0.0,REMOVE_PROVIDER_FORWARD_FILL_OFFICIAL_NO_QUOTE,data/official_daily/TWSE_*.parquet
4949,TWSE,2019-04-19,4.802743911743164,4.802743911743164,4.802743911743164,4.802743911743164,0.0,REMOVE_PROVIDER_FORWARD_FILL_OFFICIAL_NO_QUOTE,data/official_daily/TWSE_*.parquet
4949,TWSE,2019-04-22,4.802743911743164,4.802743911743164,4.802743911743164,4.802743911743164,0.0,REMOVE_PROVIDER_FORWARD_FILL_OFFICIAL_NO_QUOTE,data/official_daily/TWSE_*.parquet
4949,TWSE,2019-04-23,4.802743911743164,4.802743911743164,4.802743911743164,4.802743911743164,0.0,REMOVE_PROVIDER_FORWARD_FILL_OFFICIAL_NO_QUOTE,data/official_daily/TWSE_*.parquet
4949,TWSE,2019-04-24,4.802743911743164,4.802743911743164,4.802743911743164,4.802743911743164,0.0,REMOVE_PROVIDER_FORWARD_FILL_OFFICIAL_NO_QUOTE,data/official_daily/TWSE_*.parquet
4949,TWSE,2019-04-25,4.802743911743164,4.802743911743164,4.802743911743164,4.802743911743164,0.0,REMOVE_PROVIDER_FORWARD_FILL_OFFICIAL_NO_QUOTE,data/official_daily/TWSE_*.parquet
4949,TWSE,2019-04-26,4.802743911743164,4.802743911743164,4.802743911743164,4.802743911743164,0.0,REMOVE_PROVIDER_FORWARD_FILL_OFFICIAL_NO_QUOTE,data/official_daily/TWSE_*.parquet
4949,TWSE,2019-04-29,4.802743911743164,4.802743911743164,4.802743911743164,4.802743911743164,0.0,REMOVE_PROVIDER_FORWARD_FILL_OFFICIAL_NO_QUOTE,data/official_daily/TWSE_*.parquet
4949,TWSE,2019-04-30,4.802743911743164,4.802743911743164,4.802743911743164,4.802743911743164,0.0,REMOVE_PROVIDER_FORWARD_FILL_OFFICIAL_NO_QUOTE,data/official_daily/TWSE_*.parquet
4949,TWSE,2019-05-02,4.802743911743164,4.802743911743164,4.802743911743164,4.802743911743164,0.0,REMOVE_PROVIDER_FORWARD_FILL_OFFICIAL_NO_QUOTE,data/official_daily/TWSE_*.parquet
4949,TWSE,2019-05-03,4.802743911743164,4.802743911743164,4.802743911743164,4.802743911743164,0.0,REMOVE_PROVIDER_FORWARD_FILL_OFFICIAL_NO_QUOTE,data/official_daily/TWSE_*.parquet
4949,TWSE,2019-05-06,4.802743911743164,4.802743911743164,4.802743911743164,4.802743911743164,0.0,REMOVE_PROVIDER_FORWARD_FILL_OFFICIAL_NO_QUOTE,data/official_daily/TWSE_*.parquet
4949,TWSE,2019-05-07,4.802743911743164,4.802743911743164,4.802743911743164,4.802743911743164,0.0,REMOVE_PROVIDER_FORWARD_FILL_OFFICIAL_NO_QUOTE,data/official_daily/TWSE_*.parquet
4949,TWSE,2019-05-08,4.802743911743164,4.802743911743164,4.802743911743164,4.802743911743164,0.0,REMOVE_PROVIDER_FORWARD_FILL_OFFICIAL_NO_QUOTE,data/official_daily/TWSE_*.parquet
4949,TWSE,2019-05-09,4.802743911743164,4.802743911743164,4.802743911743164,4.802743911743164,0.0,REMOVE_PROVIDER_FORWARD_FILL_OFFICIAL_NO_QUOTE,data/official_daily/TWSE_*.parquet
4949,TWSE,2019-05-10,4.802743911743164,4.802743911743164,4.802743911743164,4.802743911743164,0.0,REMOVE_PROVIDER_FORWARD_FILL_OFFICIAL_NO_QUOTE,data/official_daily/TWSE_*.parquet
4949,TWSE,2019-05-13,4.802743911743164,4.802743911743164,4.802743911743164,4.802743911743164,0.0,REMOVE_PROVIDER_FORWARD_FILL_OFFICIAL_NO_QUOTE,data/official_daily/TWSE_*.parquet
4949,TWSE,2019-05-14,4.802743911743164,4.802743911743164,4.802743911743164,4.802743911743164,0.0,REMOVE_PROVIDER_FORWARD_FILL_OFFICIAL_NO_QUOTE,data/official_daily/TWSE_*.parquet
4949,TWSE,2019-05-15,4.802743911743164,4.802743911743164,4.802743911743164,4.802743911743164,0.0,REMOVE_PROVIDER_FORWARD_FILL_OFFICIAL_NO_QUOTE,data/official_daily/TWSE_*.parquet
4949,TWSE,2019-05-16,4.802743911743164,4.802743911743164,4.802743911743164,4.802743911743164,0.0,REMOVE_PROVIDER_FORWARD_FILL_OFFICIAL_NO_QUOTE,data/official_daily/TWSE_*.parquet
4949,TWSE,2019-05-17,4.802743911743164,4.802743911743164,4.802743911743164,4.802743911743164,0.0,REMOVE_PROVIDER_FORWARD_FILL_OFFICIAL_NO_QUOTE,data/official_daily/TWSE_*.parquet
4949,TWSE,2019-05-20,4.802743911743164,4.802743911743164,4.802743911743164,4.802743911743164,0.0,REMOVE_PROVIDER_FORWARD_FILL_OFFICIAL_NO_QUOTE,data/official_daily/TWSE_*.parquet
4949,TWSE,2019-05-21,4.802743911743164,4.802743911743164,4.802743911743164,4.802743911743164,0.0,REMOVE_PROVIDER_FORWARD_FILL_OFFICIAL_NO_QUOTE,data/official_daily/TWSE_*.parquet
4949,TWSE,2019-05-22,4.802743911743164,4.802743911743164,4.802743911743164,4.802743911743164,0.0,REMOVE_PROVIDER_FORWARD_FILL_OFFICIAL_NO_QUOTE,data/official_daily/TWSE_*.parquet
4949,TWSE,2019-05-23,4.802743911743164,4.802743911743164,4.802743911743164,4.802743911743164,0.0,REMOVE_PROVIDER_FORWARD_FILL_OFFICIAL_NO_QUOTE,data/official_daily/TWSE_*.parquet
4949,TWSE,2019-05-24,4.802743911743164,4.802743911743164,4.802743911743164,4.802743911743164,0.0,REMOVE_PROVIDER_FORWARD_FILL_OFFICIAL_NO_QUOTE,data/official_daily/TWSE_*.parquet
4949,TWSE,2019-05-27,4.802743911743164,4.802743911743164,4.802743911743164,4.802743911743164,0.0,REMOVE_PROVIDER_FORWARD_FILL_OFFICIAL_NO_QUOTE,data/official_daily/TWSE_*.parquet
4949,TWSE,2019-05-28,4.802743911743164,4.802743911743164,4.802743911743164,4.802743911743164,0.0,REMOVE_PROVIDER_FORWARD_FILL_OFFICIAL_NO_QUOTE,data/official_daily/TWSE_*.parquet
4949,TWSE,2019-05-29,4.802743911743164,4.802743911743164,4.802743911743164,4.802743911743164,0.0,REMOVE_PROVIDER_FORWARD_FILL_OFFICIAL_NO_QUOTE,data/official_daily/TWSE_*.parquet
4949,TWSE,2019-05-30,4.802743911743164,4.802743911743164,4.802743911743164,4.802743911743164,0.0,REMOVE_PROVIDER_FORWARD_FILL_OFFICIAL_NO_QUOTE,data/official_daily/TWSE_*.parquet
4949,TWSE,2019-05-31,4.802743911743164,4.802743911743164,4.802743911743164,4.802743911743164,0.0,REMOVE_PROVIDER_FORWARD_FILL_OFFICIAL_NO_QUOTE,data/official_daily/TWSE_*.parquet
4949,TWSE,2019-06-03,4.802743911743164,4.802743911743164,4.802743911743164,4.802743911743164,0.0,REMOVE_PROVIDER_FORWARD_FILL_OFFICIAL_NO_QUOTE,data/official_daily/TWSE_*.parquet
4949,TWSE,2019-06-04,4.802743911743164,4.802743911743164,4.802743911743164,4.802743911743164,0.0,REMOVE_PROVIDER_FORWARD_FILL_OFFICIAL_NO_QUOTE,data/official_daily/TWSE_*.parquet
4949,TWSE,2019-06-05,4.802743911743164,4.802743911743164,4.802743911743164,4.802743911743164,0.0,REMOVE_PROVIDER_FORWARD_FILL_OFFICIAL_NO_QUOTE,data/official_daily/TWSE_*.parquet
4949,TWSE,2019-06-06,4.802743911743164,4.802743911743164,4.802743911743164,4.802743911743164,0.0,REMOVE_PROVIDER_FORWARD_FILL_OFFICIAL_NO_QUOTE,data/official_daily/TWSE_*.parquet
4949,TWSE,2019-06-10,4.802743911743164,4.802743911743164,4.802743911743164,4.802743911743164,0.0,REMOVE_PROVIDER_FORWARD_FILL_OFFICIAL_NO_QUOTE,data/official_daily/TWSE_*.parquet
4949,TWSE,2019-06-11,4.802743911743164,4.802743911743164,4.802743911743164,4.802743911743164,0.0,REMOVE_PROVIDER_FORWARD_FILL_OFFICIAL_NO_QUOTE,data/official_daily/TWSE_*.parquet
4949,TWSE,2019-06-12,4.802743911743164,4.802743911743164,4.802743911743164,4.802743911743164,0.0,REMOVE_PROVIDER_FORWARD_FILL_OFFICIAL_NO_QUOTE,data/official_daily/TWSE_*.parquet
4949,TWSE,2019-06-13,4.802743911743164,4.802743911743164,4.802743911743164,4.802743911743164,0.0,REMOVE_PROVIDER_FORWARD_FILL_OFFICIAL_NO_QUOTE,data/official_daily/TWSE_*.parquet
4949,TWSE,2019-06-14,4.802743911743164,4.802743911743164,4.802743911743164,4.802743911743164,0.0,REMOVE_PROVIDER_FORWARD_FILL_OFFICIAL_NO_QUOTE,data/official_daily/TWSE_*.parquet
4949,TWSE,2019-06-17,4.802743911743164,4.802743911743164,4.802743911743164,4.802743911743164,0.0,REMOVE_PROVIDER_FORWARD_FILL_OFFICIAL_NO_QUOTE,data/official_daily/TWSE_*.parquet
4949,TWSE,2019-06-18,4.802743911743164,4.802743911743164,4.802743911743164,4.802743911743164,0.0,REMOVE_PROVIDER_FORWARD_FILL_OFFICIAL_NO_QUOTE,data/official_daily/TWSE_*.parquet
4949,TWSE,2019-06-19,4.802743911743164,4.802743911743164,4.802743911743164,4.802743911743164,0.0,REMOVE_PROVIDER_FORWARD_FILL_OFFICIAL_NO_QUOTE,data/official_daily/TWSE_*.parquet
4949,TWSE,2019-06-20,4.802743911743164,4.802743911743164,4.802743911743164,4.802743911743164,0.0,REMOVE_PROVIDER_FORWARD_FILL_OFFICIAL_NO_QUOTE,data/official_daily/TWSE_*.parquet
4949,TWSE,2019-06-21,4.802743911743164,4.802743911743164,4.802743911743164,4.802743911743164,0.0,REMOVE_PROVIDER_FORWARD_FILL_OFFICIAL_NO_QUOTE,data/official_daily/TWSE_*.parquet
4949,TWSE,2019-06-24,4.802743911743164,4.802743911743164,4.802743911743164,4.802743911743164,0.0,REMOVE_PROVIDER_FORWARD_FILL_OFFICIAL_NO_QUOTE,data/official_daily/TWSE_*.parquet
4949,TWSE,2019-06-25,4.802743911743164,4.802743911743164,4.802743911743164,4.802743911743164,0.0,REMOVE_PROVIDER_FORWARD_FILL_OFFICIAL_NO_QUOTE,data/official_daily/TWSE_*.parquet
4949,TWSE,2019-06-26,4.802743911743164,4.802743911743164,4.802743911743164,4.802743911743164,0.0,REMOVE_PROVIDER_FORWARD_FILL_OFFICIAL_NO_QUOTE,data/official_daily/TWSE_*.parquet
4949,TWSE,2019-06-27,4.802743911743164,4.802743911743164,4.802743911743164,4.802743911743164,0.0,REMOVE_PROVIDER_FORWARD_FILL_OFFICIAL_NO_QUOTE,data/official_daily/TWSE_*.parquet
4949,TWSE,2019-06-28,4.802743911743164,4.802743911743164,4.802743911743164,4.802743911743164,0.0,REMOVE_PROVIDER_FORWARD_FILL_OFFICIAL_NO_QUOTE,data/official_daily/TWSE_*.parquet
4949,TWSE,2019-07-01,4.802743911743164,4.802743911743164,4.802743911743164,4.802743911743164,0.0,REMOVE_PROVIDER_FORWARD_FILL_OFFICIAL_NO_QUOTE,data/official_daily/TWSE_*.parquet
4949,TWSE,2019-07-02,4.802743911743164,4.802743911743164,4.802743911743164,4.802743911743164,0.0,REMOVE_PROVIDER_FORWARD_FILL_OFFICIAL_NO_QUOTE,data/official_daily/TWSE_*.parquet
4949,TWSE,2019-07-03,4.802743911743164,4.802743911743164,4.802743911743164,4.802743911743164,0.0,REMOVE_PROVIDER_FORWARD_FILL_OFFICIAL_NO_QUOTE,data/official_daily/TWSE_*.parquet
4949,TWSE,2019-07-04,4.802743911743164,4.802743911743164,4.802743911743164,4.802743911743164,0.0,REMOVE_PROVIDER_FORWARD_FILL_OFFICIAL_NO_QUOTE,data/official_daily/TWSE_*.parquet
4949,TWSE,2019-07-05,4.802743911743164,4.802743911743164,4.802743911743164,4.802743911743164,0.0,REMOVE_PROVIDER_FORWARD_FILL_OFFICIAL_NO_QUOTE,data/official_daily/TWSE_*.parquet
4949,TWSE,2019-07-08,4.802743911743164,4.802743911743164,4.802743911743164,4.802743911743164,0.0,REMOVE_PROVIDER_FORWARD_FILL_OFFICIAL_NO_QUOTE,data/official_daily/TWSE_*.parquet
4949,TWSE,2019-07-09,4.802743911743164,4.802743911743164,4.802743911743164,4.802743911743164,0.0,REMOVE_PROVIDER_FORWARD_FILL_OFFICIAL_NO_QUOTE,data/official_daily/TWSE_*.parquet
4949,TWSE,2019-07-10,4.802743911743164,4.802743911743164,4.802743911743164,4.802743911743164,0.0,REMOVE_PROVIDER_FORWARD_FILL_OFFICIAL_NO_QUOTE,data/official_daily/TWSE_*.parquet
4949,TWSE,2019-07-11,4.802743911743164,4.802743911743164,4.802743911743164,4.802743911743164,0.0,REMOVE_PROVIDER_FORWARD_FILL_OFFICIAL_NO_QUOTE,data/official_daily/TWSE_*.parquet
4949,TWSE,2019-07-12,4.802743911743164,4.802743911743164,4.802743911743164,4.802743911743164,0.0,REMOVE_PROVIDER_FORWARD_FILL_OFFICIAL_NO_QUOTE,data/official_daily/TWSE_*.parquet
4949,TWSE,2019-07-15,4.802743911743164,4.802743911743164,4.802743911743164,4.802743911743164,0.0,REMOVE_PROVIDER_FORWARD_FILL_OFFICIAL_NO_QUOTE,data/official_daily/TWSE_*.parquet
4949,TWSE,2019-07-16,4.802743911743164,4.802743911743164,4.802743911743164,4.802743911743164,0.0,REMOVE_PROVIDER_FORWARD_FILL_OFFICIAL_NO_QUOTE,data/official_daily/TWSE_*.parquet
4949,TWSE,2019-07-17,4.802743911743164,4.802743911743164,4.802743911743164,4.802743911743164,0.0,REMOVE_PROVIDER_FORWARD_FILL_OFFICIAL_NO_QUOTE,data/official_daily/TWSE_*.parquet
4949,TWSE,2019-07-18,4.802743911743164,4.802743911743164,4.802743911743164,4.802743911743164,0.0,REMOVE_PROVIDER_FORWARD_FILL_OFFICIAL_NO_QUOTE,data/official_daily/TWSE_*.parquet
4949,TWSE,2019-07-19,4.802743911743164,4.802743911743164,4.802743911743164,4.802743911743164,0.0,REMOVE_PROVIDER_FORWARD_FILL_OFFICIAL_NO_QUOTE,data/official_daily/TWSE_*.parquet
4949,TWSE,2019-07-22,4.802743911743164,4.802743911743164,4.802743911743164,4.802743911743164,0.0,REMOVE_PROVIDER_FORWARD_FILL_OFFICIAL_NO_QUOTE,data/official_daily/TWSE_*.parquet
4949,TWSE,2019-07-23,4.802743911743164,4.802743911743164,4.802743911743164,4.802743911743164,0.0,REMOVE_PROVIDER_FORWARD_FILL_OFFICIAL_NO_QUOTE,data/official_daily/TWSE_*.parquet
4949,TWSE,2019-07-24,4.802743911743164,4.802743911743164,4.802743911743164,4.802743911743164,0.0,REMOVE_PROVIDER_FORWARD_FILL_OFFICIAL_NO_QUOTE,data/official_daily/TWSE_*.parquet
4949,TWSE,2019-07-25,4.802743911743164,4.802743911743164,4.802743911743164,4.802743911743164,0.0,REMOVE_PROVIDER_FORWARD_FILL_OFFICIAL_NO_QUOTE,data/official_daily/TWSE_*.parquet
4949,TWSE,2019-07-26,4.802743911743164,4.802743911743164,4.802743911743164,4.802743911743164,0.0,REMOVE_PROVIDER_FORWARD_FILL_OFFICIAL_NO_QUOTE,data/official_daily/TWSE_*.parquet
4949,TWSE,2019-08-01,4.802743911743164,4.802743911743164,4.802743911743164,4.802743911743164,0.0,REMOVE_PROVIDER_FORWARD_FILL_OFFICIAL_NO_QUOTE,data/official_daily/TWSE_*.parquet
4961,TWSE,2018-02-09,37.84880065917969,37.84880065917969,37.84880065917969,37.84880065917969,0.0,REMOVE_PROVIDER_FORWARD_FILL_OFFICIAL_NO_QUOTE,data/official_daily/TWSE_*.parquet
4961,TWSE,2018-03-05,37.285255432128906,37.285255432128906,37.285255432128906,37.285255432128906,0.0,REMOVE_PROVIDER_FORWARD_FILL_OFFICIAL_NO_QUOTE,data/official_daily/TWSE_*.parquet
4967,TWSE,2018-02-09,37.75688552856445,37.75688552856445,37.75688552856445,37.75688552856445,0.0,REMOVE_PROVIDER_FORWARD_FILL_OFFICIAL_NO_QUOTE,data/official_daily/TWSE_*.parquet
4967,TWSE,2018-03-05,37.896305084228516,37.896305084228516,37.896305084228516,37.896305084228516,0.0,REMOVE_PROVIDER_FORWARD_FILL_OFFICIAL_NO_QUOTE,data/official_daily/TWSE_*.parquet
4989,TWSE,2018-02-09,37.21110916137695,37.21110916137695,37.21110916137695,37.21110916137695,0.0,REMOVE_PROVIDER_FORWARD_FILL_OFFICIAL_NO_QUOTE,data/official_daily/TWSE_*.parquet
4989,TWSE,2018-03-05,39.133331298828125,39.133331298828125,39.133331298828125,39.133331298828125,0.0,REMOVE_PROVIDER_FORWARD_FILL_OFFICIAL_NO_QUOTE,data/official_daily/TWSE_*.parquet
5222,TWSE,2018-03-05,29.41115379333496,29.41115379333496,29.41115379333496,29.41115379333496,0.0,REMOVE_PROVIDER_FORWARD_FILL_OFFICIAL_NO_QUOTE,data/official_daily/TWSE_*.parquet
5222,TWSE,2018-03-15,28.317455291748047,28.317455291748047,28.317455291748047,28.317455291748047,0.0,REMOVE_PROVIDER_FORWARD_FILL_OFFICIAL_NO_QUOTE,data/official_daily/TWSE_*.parquet
5222,TWSE,2018-08-24,27.918977737426758,27.918977737426758,27.918977737426758,27.918977737426758,0.0,REMOVE_PROVIDER_FORWARD_FILL_OFFICIAL_NO_QUOTE,data/official_daily/TWSE_*.parquet
5222,TWSE,2018-08-30,27.554410934448242,27.554410934448242,27.554410934448242,27.554410934448242,0.0,REMOVE_PROVIDER_FORWARD_FILL_OFFICIAL_NO_QUOTE,data/official_daily/TWSE_*.parquet
5222,TWSE,2018-11-05,27.89354133605957,27.89354133605957,27.89354133605957,27.89354133605957,0.0,REMOVE_PROVIDER_FORWARD_FILL_OFFICIAL_NO_QUOTE,data/official_daily/TWSE_*.parquet
5222,TWSE,2018-11-06,27.89354133605957,27.89354133605957,27.89354133605957,27.89354133605957,0.0,REMOVE_PROVIDER_FORWARD_FILL_OFFICIAL_NO_QUOTE,data/official_daily/TWSE_*.parquet
5222,TWSE,2018-11-07,27.89354133605957,27.89354133605957,27.89354133605957,27.89354133605957,0.0,REMOVE_PROVIDER_FORWARD_FILL_OFFICIAL_NO_QUOTE,data/official_daily/TWSE_*.parquet
5222,TWSE,2018-11-28,26.346256256103516,26.346256256103516,26.346256256103516,26.346256256103516,0.0,REMOVE_PROVIDER_FORWARD_FILL_OFFICIAL_NO_QUOTE,data/official_daily/TWSE_*.parquet
5222,TWSE,2019-07-04,25.858755111694336,25.858755111694336,25.858755111694336,25.858755111694336,0.0,REMOVE_PROVIDER_FORWARD_FILL_OFFICIAL_NO_QUOTE,data/official_daily/TWSE_*.parquet
5222,TWSE,2019-07-05,25.858755111694336,25.858755111694336,25.858755111694336,25.858755111694336,0.0,REMOVE_PROVIDER_FORWARD_FILL_OFFICIAL_NO_QUOTE,data/official_daily/TWSE_*.parquet
5283,TWSE,2018-02-09,84.0,84.0,84.0,84.0,0.0,REMOVE_PROVIDER_FORWARD_FILL_OFFICIAL_NO_QUOTE,data/official_daily/TWSE_*.parquet
5283,TWSE,2018-03-05,85.0,85.0,85.0,85.0,0.0,REMOVE_PROVIDER_FORWARD_FILL_OFFICIAL_NO_QUOTE,data/official_daily/TWSE_*.parquet
5283,TWSE,2018-10-15,84.58333587646484,84.58333587646484,84.58333587646484,84.58333587646484,0.0,REMOVE_PROVIDER_FORWARD_FILL_OFFICIAL_NO_QUOTE,data/official_daily/TWSE_*.parquet
5283,TWSE,2018-10-18,85.0,85.0,85.0,85.0,0.0,REMOVE_PROVIDER_FORWARD_FILL_OFFICIAL_NO_QUOTE,data/official_daily/TWSE_*.parquet
5283,TWSE,2019-01-03,83.75,83.75,83.75,83.75,0.0,REMOVE_PROVIDER_FORWARD_FILL_OFFICIAL_NO_QUOTE,data/official_daily/TWSE_*.parquet
5608,TWSE,2019-02-15,10.242432594299316,10.242432594299316,10.242432594299316,10.242432594299316,0.0,REMOVE_PROVIDER_FORWARD_FILL_OFFICIAL_NO_QUOTE,data/official_daily/TWSE_*.parquet
5608,TWSE,2019-02-18,10.242432594299316,10.242432594299316,10.242432594299316,10.242432594299316,0.0,REMOVE_PROVIDER_FORWARD_FILL_OFFICIAL_NO_QUOTE,data/official_daily/TWSE_*.parquet
5608,TWSE,2019-02-19,10.242432594299316,10.242432594299316,10.242432594299316,10.242432594299316,0.0,REMOVE_PROVIDER_FORWARD_FILL_OFFICIAL_NO_QUOTE,data/official_daily/TWSE_*.parquet
5608,TWSE,2019-02-20,10.242432594299316,10.242432594299316,10.242432594299316,10.242432594299316,0.0,REMOVE_PROVIDER_FORWARD_FILL_OFFICIAL_NO_QUOTE,data/official_daily/TWSE_*.parquet
5608,TWSE,2019-02-21,10.242432594299316,10.242432594299316,10.242432594299316,10.242432594299316,0.0,REMOVE_PROVIDER_FORWARD_FILL_OFFICIAL_NO_QUOTE,data/official_daily/TWSE_*.parquet
5608,TWSE,2019-02-22,10.242432594299316,10.242432594299316,10.242432594299316,10.242432594299316,0.0,REMOVE_PROVIDER_FORWARD_FILL_OFFICIAL_NO_QUOTE,data/official_daily/TWSE_*.parquet
5876,TWSE,2018-02-09,31.958498001098633,31.958498001098633,31.958498001098633,31.958498001098633,0.0,REMOVE_PROVIDER_FORWARD_FILL_OFFICIAL_NO_QUOTE,data/official_daily/TWSE_*.parquet
5876,TWSE,2018-03-05,32.169002532958984,32.169002532958984,32.169002532958984,32.169002532958984,0.0,REMOVE_PROVIDER_FORWARD_FILL_OFFICIAL_NO_QUOTE,data/official_daily/TWSE_*.parquet
5906,TWSE,2018-06-07,18.382038116455078,18.382038116455078,18.382038116455078,18.382038116455078,0.0,REMOVE_PROVIDER_FORWARD_FILL_OFFICIAL_NO_QUOTE,data/official_daily/TWSE_*.parquet
5906,TWSE,2018-06-08,18.382038116455078,18.382038116455078,18.382038116455078,18.382038116455078,0.0,REMOVE_PROVIDER_FORWARD_FILL_OFFICIAL_NO_QUOTE,data/official_daily/TWSE_*.parquet
5906,TWSE,2018-06-11,18.382038116455078,18.382038116455078,18.382038116455078,18.382038116455078,0.0,REMOVE_PROVIDER_FORWARD_FILL_OFFICIAL_NO_QUOTE,data/official_daily/TWSE_*.parquet
5906,TWSE,2018-06-12,18.382038116455078,18.382038116455078,18.382038116455078,18.382038116455078,0.0,REMOVE_PROVIDER_FORWARD_FILL_OFFICIAL_NO_QUOTE,data/official_daily/TWSE_*.parquet
5906,TWSE,2018-06-13,18.382038116455078,18.382038116455078,18.382038116455078,18.382038116455078,0.0,REMOVE_PROVIDER_FORWARD_FILL_OFFICIAL_NO_QUOTE,data/official_daily/TWSE_*.parquet
5906,TWSE,2018-06-14,18.382038116455078,18.382038116455078,18.382038116455078,18.382038116455078,0.0,REMOVE_PROVIDER_FORWARD_FILL_OFFICIAL_NO_QUOTE,data/official_daily/TWSE_*.parquet
5906,TWSE,2018-06-15,18.382038116455078,18.382038116455078,18.382038116455078,18.382038116455078,0.0,REMOVE_PROVIDER_FORWARD_FILL_OFFICIAL_NO_QUOTE,data/official_daily/TWSE_*.parquet
6272,TWSE,2018-01-18,6.820000171661377,6.820000171661377,6.820000171661377,6.820000171661377,0.0,REMOVE_PROVIDER_FORWARD_FILL_OFFICIAL_NO_QUOTE,data/official_daily/TWSE_*.parquet
6272,TWSE,2018-01-23,6.900000095367432,6.900000095367432,6.900000095367432,6.900000095367432,0.0,REMOVE_PROVIDER_FORWARD_FILL_OFFICIAL_NO_QUOTE,data/official_daily/TWSE_*.parquet
6272,TWSE,2018-02-09,6.429999828338623,6.429999828338623,6.429999828338623,6.429999828338623,0.0,REMOVE_PROVIDER_FORWARD_FILL_OFFICIAL_NO_QUOTE,data/official_daily/TWSE_*.parquet
6272,TWSE,2018-03-05,6.730000019073486,6.730000019073486,6.730000019073486,6.730000019073486,0.0,REMOVE_PROVIDER_FORWARD_FILL_OFFICIAL_NO_QUOTE,data/official_daily/TWSE_*.parquet
6272,TWSE,2018-04-02,6.409999847412109,6.409999847412109,6.409999847412109,6.409999847412109,0.0,REMOVE_PROVIDER_FORWARD_FILL_OFFICIAL_NO_QUOTE,data/official_daily/TWSE_*.parquet
6272,TWSE,2018-04-26,5.46999979019165,5.46999979019165,5.46999979019165,5.46999979019165,0.0,REMOVE_PROVIDER_FORWARD_FILL_OFFICIAL_NO_QUOTE,data/official_daily/TWSE_*.parquet
6272,TWSE,2018-05-08,5.800000190734863,5.800000190734863,5.800000190734863,5.800000190734863,0.0,REMOVE_PROVIDER_FORWARD_FILL_OFFICIAL_NO_QUOTE,data/official_daily/TWSE_*.parquet
6272,TWSE,2018-05-22,6.0,6.0,6.0,6.0,0.0,REMOVE_PROVIDER_FORWARD_FILL_OFFICIAL_NO_QUOTE,data/official_daily/TWSE_*.parquet
6272,TWSE,2018-06-01,6.0,6.0,6.0,6.0,0.0,REMOVE_PROVIDER_FORWARD_FILL_OFFICIAL_NO_QUOTE,data/official_daily/TWSE_*.parquet
6272,TWSE,2018-06-05,6.0,6.0,6.0,6.0,0.0,REMOVE_PROVIDER_FORWARD_FILL_OFFICIAL_NO_QUOTE,data/official_daily/TWSE_*.parquet
6272,TWSE,2018-06-20,5.909999847412109,5.909999847412109,5.909999847412109,5.909999847412109,0.0,REMOVE_PROVIDER_FORWARD_FILL_OFFICIAL_NO_QUOTE,data/official_daily/TWSE_*.parquet
6272,TWSE,2018-06-25,5.849999904632568,5.849999904632568,5.849999904632568,5.849999904632568,0.0,REMOVE_PROVIDER_FORWARD_FILL_OFFICIAL_NO_QUOTE,data/official_daily/TWSE_*.parquet
6272,TWSE,2018-06-28,5.900000095367432,5.900000095367432,5.900000095367432,5.900000095367432,0.0,REMOVE_PROVIDER_FORWARD_FILL_OFFICIAL_NO_QUOTE,data/official_daily/TWSE_*.parquet
6272,TWSE,2018-07-03,5.900000095367432,5.900000095367432,5.900000095367432,5.900000095367432,0.0,REMOVE_PROVIDER_FORWARD_FILL_OFFICIAL_NO_QUOTE,data/official_daily/TWSE_*.parquet
6272,TWSE,2018-07-11,5.75,5.75,5.75,5.75,0.0,REMOVE_PROVIDER_FORWARD_FILL_OFFICIAL_NO_QUOTE,data/official_daily/TWSE_*.parquet
6272,TWSE,2018-07-12,5.75,5.75,5.75,5.75,0.0,REMOVE_PROVIDER_FORWARD_FILL_OFFICIAL_NO_QUOTE,data/official_daily/TWSE_*.parquet
6272,TWSE,2018-07-17,5.699999809265137,5.699999809265137,5.699999809265137,5.699999809265137,0.0,REMOVE_PROVIDER_FORWARD_FILL_OFFICIAL_NO_QUOTE,data/official_daily/TWSE_*.parquet
6272,TWSE,2018-07-18,5.699999809265137,5.699999809265137,5.699999809265137,5.699999809265137,0.0,REMOVE_PROVIDER_FORWARD_FILL_OFFICIAL_NO_QUOTE,data/official_daily/TWSE_*.parquet
6272,TWSE,2018-07-25,5.800000190734863,5.800000190734863,5.800000190734863,5.800000190734863,0.0,REMOVE_PROVIDER_FORWARD_FILL_OFFICIAL_NO_QUOTE,data/official_daily/TWSE_*.parquet
6272,TWSE,2018-07-27,5.699999809265137,5.699999809265137,5.699999809265137,5.699999809265137,0.0,REMOVE_PROVIDER_FORWARD_FILL_OFFICIAL_NO_QUOTE,data/official_daily/TWSE_*.parquet
6272,TWSE,2018-08-01,5.699999809265137,5.699999809265137,5.699999809265137,5.699999809265137,0.0,REMOVE_PROVIDER_FORWARD_FILL_OFFICIAL_NO_QUOTE,data/official_daily/TWSE_*.parquet
6272,TWSE,2018-08-02,5.699999809265137,5.699999809265137,5.699999809265137,5.699999809265137,0.0,REMOVE_PROVIDER_FORWARD_FILL_OFFICIAL_NO_QUOTE,data/official_daily/TWSE_*.parquet
6272,TWSE,2018-08-03,5.699999809265137,5.699999809265137,5.699999809265137,5.699999809265137,0.0,REMOVE_PROVIDER_FORWARD_FILL_OFFICIAL_NO_QUOTE,data/official_daily/TWSE_*.parquet
6272,TWSE,2018-08-08,5.460000038146973,5.460000038146973,5.460000038146973,5.460000038146973,0.0,REMOVE_PROVIDER_FORWARD_FILL_OFFICIAL_NO_QUOTE,data/official_daily/TWSE_*.parquet
6272,TWSE,2018-08-10,5.570000171661377,5.570000171661377,5.570000171661377,5.570000171661377,0.0,REMOVE_PROVIDER_FORWARD_FILL_OFFICIAL_NO_QUOTE,data/official_daily/TWSE_*.parquet
6272,TWSE,2018-08-13,5.570000171661377,5.570000171661377,5.570000171661377,5.570000171661377,0.0,REMOVE_PROVIDER_FORWARD_FILL_OFFICIAL_NO_QUOTE,data/official_daily/TWSE_*.parquet
6272,TWSE,2018-08-16,5.369999885559082,5.369999885559082,5.369999885559082,5.369999885559082,0.0,REMOVE_PROVIDER_FORWARD_FILL_OFFICIAL_NO_QUOTE,data/official_daily/TWSE_*.parquet
6272,TWSE,2018-08-27,5.199999809265137,5.199999809265137,5.199999809265137,5.199999809265137,0.0,REMOVE_PROVIDER_FORWARD_FILL_OFFICIAL_NO_QUOTE,data/official_daily/TWSE_*.parquet
6272,TWSE,2018-08-28,5.199999809265137,5.199999809265137,5.199999809265137,5.199999809265137,0.0,REMOVE_PROVIDER_FORWARD_FILL_OFFICIAL_NO_QUOTE,data/official_daily/TWSE_*.parquet
6272,TWSE,2018-08-29,5.199999809265137,5.199999809265137,5.199999809265137,5.199999809265137,0.0,REMOVE_PROVIDER_FORWARD_FILL_OFFICIAL_NO_QUOTE,data/official_daily/TWSE_*.parquet
6272,TWSE,2018-09-03,5.050000190734863,5.050000190734863,5.050000190734863,5.050000190734863,0.0,REMOVE_PROVIDER_FORWARD_FILL_OFFICIAL_NO_QUOTE,data/official_daily/TWSE_*.parquet
6272,TWSE,2018-09-07,5.010000228881836,5.010000228881836,5.010000228881836,5.010000228881836,0.0,REMOVE_PROVIDER_FORWARD_FILL_OFFICIAL_NO_QUOTE,data/official_daily/TWSE_*.parquet
6272,TWSE,2018-09-19,5.0,5.0,5.0,5.0,0.0,REMOVE_PROVIDER_FORWARD_FILL_OFFICIAL_NO_QUOTE,data/official_daily/TWSE_*.parquet
6272,TWSE,2018-09-20,5.0,5.0,5.0,5.0,0.0,REMOVE_PROVIDER_FORWARD_FILL_OFFICIAL_NO_QUOTE,data/official_daily/TWSE_*.parquet
6272,TWSE,2018-09-21,5.0,5.0,5.0,5.0,0.0,REMOVE_PROVIDER_FORWARD_FILL_OFFICIAL_NO_QUOTE,data/official_daily/TWSE_*.parquet
6272,TWSE,2018-10-05,4.78000020980835,4.78000020980835,4.78000020980835,4.78000020980835,0.0,REMOVE_PROVIDER_FORWARD_FILL_OFFICIAL_NO_QUOTE,data/official_daily/TWSE_*.parquet
6272,TWSE,2018-10-08,4.78000020980835,4.78000020980835,4.78000020980835,4.78000020980835,0.0,REMOVE_PROVIDER_FORWARD_FILL_OFFICIAL_NO_QUOTE,data/official_daily/TWSE_*.parquet
6272,TWSE,2018-10-09,4.78000020980835,4.78000020980835,4.78000020980835,4.78000020980835,0.0,REMOVE_PROVIDER_FORWARD_FILL_OFFICIAL_NO_QUOTE,data/official_daily/TWSE_*.parquet
6272,TWSE,2018-10-16,4.28000020980835,4.28000020980835,4.28000020980835,4.28000020980835,0.0,REMOVE_PROVIDER_FORWARD_FILL_OFFICIAL_NO_QUOTE,data/official_daily/TWSE_*.parquet
6272,TWSE,2018-10-17,4.28000020980835,4.28000020980835,4.28000020980835,4.28000020980835,0.0,REMOVE_PROVIDER_FORWARD_FILL_OFFICIAL_NO_QUOTE,data/official_daily/TWSE_*.parquet
6272,TWSE,2018-10-18,4.28000020980835,4.28000020980835,4.28000020980835,4.28000020980835,0.0,REMOVE_PROVIDER_FORWARD_FILL_OFFICIAL_NO_QUOTE,data/official_daily/TWSE_*.parquet
6272,TWSE,2018-10-19,4.28000020980835,4.28000020980835,4.28000020980835,4.28000020980835,0.0,REMOVE_PROVIDER_FORWARD_FILL_OFFICIAL_NO_QUOTE,data/official_daily/TWSE_*.parquet
6272,TWSE,2018-10-22,4.28000020980835,4.28000020980835,4.28000020980835,4.28000020980835,0.0,REMOVE_PROVIDER_FORWARD_FILL_OFFICIAL_NO_QUOTE,data/official_daily/TWSE_*.parquet
6272,TWSE,2018-10-23,4.28000020980835,4.28000020980835,4.28000020980835,4.28000020980835,0.0,REMOVE_PROVIDER_FORWARD_FILL_OFFICIAL_NO_QUOTE,data/official_daily/TWSE_*.parquet
6272,TWSE,2018-10-24,4.28000020980835,4.28000020980835,4.28000020980835,4.28000020980835,0.0,REMOVE_PROVIDER_FORWARD_FILL_OFFICIAL_NO_QUOTE,data/official_daily/TWSE_*.parquet
6272,TWSE,2018-10-26,4.25,4.25,4.25,4.25,0.0,REMOVE_PROVIDER_FORWARD_FILL_OFFICIAL_NO_QUOTE,data/official_daily/TWSE_*.parquet
6272,TWSE,2018-11-06,3.799999952316284,3.799999952316284,3.799999952316284,3.799999952316284,0.0,REMOVE_PROVIDER_FORWARD_FILL_OFFICIAL_NO_QUOTE,data/official_daily/TWSE_*.parquet
6272,TWSE,2018-11-12,3.8499999046325684,3.8499999046325684,3.8499999046325684,3.8499999046325684,0.0,REMOVE_PROVIDER_FORWARD_FILL_OFFICIAL_NO_QUOTE,data/official_daily/TWSE_*.parquet
6272,TWSE,2018-11-19,3.990000009536743,3.990000009536743,3.990000009536743,3.990000009536743,0.0,REMOVE_PROVIDER_FORWARD_FILL_OFFICIAL_NO_QUOTE,data/official_daily/TWSE_*.parquet
6272,TWSE,2018-11-20,3.990000009536743,3.990000009536743,3.990000009536743,3.990000009536743,0.0,REMOVE_PROVIDER_FORWARD_FILL_OFFICIAL_NO_QUOTE,data/official_daily/TWSE_*.parquet
6272,TWSE,2018-11-28,3.950000047683716,3.950000047683716,3.950000047683716,3.950000047683716,0.0,REMOVE_PROVIDER_FORWARD_FILL_OFFICIAL_NO_QUOTE,data/official_daily/TWSE_*.parquet
6272,TWSE,2018-11-29,3.950000047683716,3.950000047683716,3.950000047683716,3.950000047683716,0.0,REMOVE_PROVIDER_FORWARD_FILL_OFFICIAL_NO_QUOTE,data/official_daily/TWSE_*.parquet
6272,TWSE,2018-12-17,4.230000019073486,4.230000019073486,4.230000019073486,4.230000019073486,0.0,REMOVE_PROVIDER_FORWARD_FILL_OFFICIAL_NO_QUOTE,data/official_daily/TWSE_*.parquet
6272,TWSE,2018-12-24,4.0,4.0,4.0,4.0,0.0,REMOVE_PROVIDER_FORWARD_FILL_OFFICIAL_NO_QUOTE,data/official_daily/TWSE_*.parquet
6272,TWSE,2018-12-27,4.0,4.0,4.0,4.0,0.0,REMOVE_PROVIDER_FORWARD_FILL_OFFICIAL_NO_QUOTE,data/official_daily/TWSE_*.parquet
6272,TWSE,2018-12-28,4.0,4.0,4.0,4.0,0.0,REMOVE_PROVIDER_FORWARD_FILL_OFFICIAL_NO_QUOTE,data/official_daily/TWSE_*.parquet
6272,TWSE,2019-01-03,4.0,4.0,4.0,4.0,0.0,REMOVE_PROVIDER_FORWARD_FILL_OFFICIAL_NO_QUOTE,data/official_daily/TWSE_*.parquet
6272,TWSE,2019-01-04,4.0,4.0,4.0,4.0,0.0,REMOVE_PROVIDER_FORWARD_FILL_OFFICIAL_NO_QUOTE,data/official_daily/TWSE_*.parquet
6272,TWSE,2019-01-07,4.0,4.0,4.0,4.0,0.0,REMOVE_PROVIDER_FORWARD_FILL_OFFICIAL_NO_QUOTE,data/official_daily/TWSE_*.parquet
6272,TWSE,2019-01-08,4.0,4.0,4.0,4.0,0.0,REMOVE_PROVIDER_FORWARD_FILL_OFFICIAL_NO_QUOTE,data/official_daily/TWSE_*.parquet
6272,TWSE,2019-01-28,4.03000020980835,4.03000020980835,4.03000020980835,4.03000020980835,0.0,REMOVE_PROVIDER_FORWARD_FILL_OFFICIAL_NO_QUOTE,data/official_daily/TWSE_*.parquet
6272,TWSE,2019-01-29,4.03000020980835,4.03000020980835,4.03000020980835,4.03000020980835,0.0,REMOVE_PROVIDER_FORWARD_FILL_OFFICIAL_NO_QUOTE,data/official_daily/TWSE_*.parquet
6272,TWSE,2019-02-11,4.039999961853027,4.039999961853027,4.039999961853027,4.039999961853027,0.0,REMOVE_PROVIDER_FORWARD_FILL_OFFICIAL_NO_QUOTE,data/official_daily/TWSE_*.parquet
6272,TWSE,2019-02-12,4.039999961853027,4.039999961853027,4.039999961853027,4.039999961853027,0.0,REMOVE_PROVIDER_FORWARD_FILL_OFFICIAL_NO_QUOTE,data/official_daily/TWSE_*.parquet
6272,TWSE,2019-03-20,4.420000076293945,4.420000076293945,4.420000076293945,4.420000076293945,0.0,REMOVE_PROVIDER_FORWARD_FILL_OFFICIAL_NO_QUOTE,data/official_daily/TWSE_*.parquet
6272,TWSE,2019-03-21,4.420000076293945,4.420000076293945,4.420000076293945,4.420000076293945,0.0,REMOVE_PROVIDER_FORWARD_FILL_OFFICIAL_NO_QUOTE,data/official_daily/TWSE_*.parquet
6272,TWSE,2019-03-25,4.300000190734863,4.300000190734863,4.300000190734863,4.300000190734863,0.0,REMOVE_PROVIDER_FORWARD_FILL_OFFICIAL_NO_QUOTE,data/official_daily/TWSE_*.parquet
6272,TWSE,2019-04-30,4.300000190734863,4.300000190734863,4.300000190734863,4.300000190734863,0.0,REMOVE_PROVIDER_FORWARD_FILL_OFFICIAL_NO_QUOTE,data/official_daily/TWSE_*.parquet
6272,TWSE,2019-05-16,4.150000095367432,4.150000095367432,4.150000095367432,4.150000095367432,0.0,REMOVE_PROVIDER_FORWARD_FILL_OFFICIAL_NO_QUOTE,data/official_daily/TWSE_*.parquet
6272,TWSE,2019-05-20,4.130000114440918,4.130000114440918,4.130000114440918,4.130000114440918,0.0,REMOVE_PROVIDER_FORWARD_FILL_OFFICIAL_NO_QUOTE,data/official_daily/TWSE_*.parquet
6272,TWSE,2019-05-24,4.019999980926514,4.019999980926514,4.019999980926514,4.019999980926514,0.0,REMOVE_PROVIDER_FORWARD_FILL_OFFICIAL_NO_QUOTE,data/official_daily/TWSE_*.parquet
6272,TWSE,2019-05-27,4.019999980926514,4.019999980926514,4.019999980926514,4.019999980926514,0.0,REMOVE_PROVIDER_FORWARD_FILL_OFFICIAL_NO_QUOTE,data/official_daily/TWSE_*.parquet
6272,TWSE,2019-05-31,4.019999980926514,4.019999980926514,4.019999980926514,4.019999980926514,0.0,REMOVE_PROVIDER_FORWARD_FILL_OFFICIAL_NO_QUOTE,data/official_daily/TWSE_*.parquet
6272,TWSE,2019-06-05,4.179999828338623,4.179999828338623,4.179999828338623,4.179999828338623,0.0,REMOVE_PROVIDER_FORWARD_FILL_OFFICIAL_NO_QUOTE,data/official_daily/TWSE_*.parquet
6272,TWSE,2019-06-06,4.179999828338623,4.179999828338623,4.179999828338623,4.179999828338623,0.0,REMOVE_PROVIDER_FORWARD_FILL_OFFICIAL_NO_QUOTE,data/official_daily/TWSE_*.parquet
6272,TWSE,2019-06-21,4.050000190734863,4.050000190734863,4.050000190734863,4.050000190734863,0.0,REMOVE_PROVIDER_FORWARD_FILL_OFFICIAL_NO_QUOTE,data/official_daily/TWSE_*.parquet
6272,TWSE,2019-06-26,4.0,4.0,4.0,4.0,0.0,REMOVE_PROVIDER_FORWARD_FILL_OFFICIAL_NO_QUOTE,data/official_daily/TWSE_*.parquet
6272,TWSE,2019-07-03,4.150000095367432,4.150000095367432,4.150000095367432,4.150000095367432,0.0,REMOVE_PROVIDER_FORWARD_FILL_OFFICIAL_NO_QUOTE,data/official_daily/TWSE_*.parquet
6272,TWSE,2019-07-09,4.300000190734863,4.300000190734863,4.300000190734863,4.300000190734863,0.0,REMOVE_PROVIDER_FORWARD_FILL_OFFICIAL_NO_QUOTE,data/official_daily/TWSE_*.parquet
6272,TWSE,2019-07-10,4.300000190734863,4.300000190734863,4.300000190734863,4.300000190734863,0.0,REMOVE_PROVIDER_FORWARD_FILL_OFFICIAL_NO_QUOTE,data/official_daily/TWSE_*.parquet
6272,TWSE,2019-07-15,4.0,4.0,4.0,4.0,0.0,REMOVE_PROVIDER_FORWARD_FILL_OFFICIAL_NO_QUOTE,data/official_daily/TWSE_*.parquet
6272,TWSE,2019-07-16,4.0,4.0,4.0,4.0,0.0,REMOVE_PROVIDER_FORWARD_FILL_OFFICIAL_NO_QUOTE,data/official_daily/TWSE_*.parquet
6272,TWSE,2019-07-22,4.0,4.0,4.0,4.0,0.0,REMOVE_PROVIDER_FORWARD_FILL_OFFICIAL_NO_QUOTE,data/official_daily/TWSE_*.parquet
6272,TWSE,2019-07-24,3.9800000190734863,3.9800000190734863,3.9800000190734863,3.9800000190734863,0.0,REMOVE_PROVIDER_FORWARD_FILL_OFFICIAL_NO_QUOTE,data/official_daily/TWSE_*.parquet
6416,TWSE,2018-03-05,155.0,155.0,155.0,155.0,0.0,REMOVE_PROVIDER_FORWARD_FILL_OFFICIAL_NO_QUOTE,data/official_daily/TWSE_*.parquet
6443,TWSE,2019-06-21,8.595962524414062,8.595962524414062,8.595962524414062,8.595962524414062,0.0,REMOVE_PROVIDER_FORWARD_FILL_OFFICIAL_NO_QUOTE,data/official_daily/TWSE_*.parquet
6443,TWSE,2019-06-24,8.595962524414062,8.595962524414062,8.595962524414062,8.595962524414062,0.0,REMOVE_PROVIDER_FORWARD_FILL_OFFICIAL_NO_QUOTE,data/official_daily/TWSE_*.parquet
6443,TWSE,2019-06-25,8.595962524414062,8.595962524414062,8.595962524414062,8.595962524414062,0.0,REMOVE_PROVIDER_FORWARD_FILL_OFFICIAL_NO_QUOTE,data/official_daily/TWSE_*.parquet
6443,TWSE,2019-06-26,8.595962524414062,8.595962524414062,8.595962524414062,8.595962524414062,0.0,REMOVE_PROVIDER_FORWARD_FILL_OFFICIAL_NO_QUOTE,data/official_daily/TWSE_*.parquet
6443,TWSE,2019-06-27,8.595962524414062,8.595962524414062,8.595962524414062,8.595962524414062,0.0,REMOVE_PROVIDER_FORWARD_FILL_OFFICIAL_NO_QUOTE,data/official_daily/TWSE_*.parquet
6443,TWSE,2019-06-28,8.595962524414062,8.595962524414062,8.595962524414062,8.595962524414062,0.0,REMOVE_PROVIDER_FORWARD_FILL_OFFICIAL_NO_QUOTE,data/official_daily/TWSE_*.parquet
6491,TWSE,2018-02-09,196.4523468017578,196.4523468017578,196.4523468017578,196.4523468017578,0.0,REMOVE_PROVIDER_FORWARD_FILL_OFFICIAL_NO_QUOTE,data/official_daily/TWSE_*.parquet
6491,TWSE,2018-03-05,200.8947296142578,200.8947296142578,200.8947296142578,200.8947296142578,0.0,REMOVE_PROVIDER_FORWARD_FILL_OFFICIAL_NO_QUOTE,data/official_daily/TWSE_*.parquet
6526,TWSE,2018-01-02,108.5,108.5,108.5,108.5,0.0,REMOVE_PROVIDER_FORWARD_FILL_OFFICIAL_NO_QUOTE,data/official_daily/TWSE_*.parquet
6526,TWSE,2018-01-03,108.5,108.5,108.5,108.5,0.0,REMOVE_PROVIDER_FORWARD_FILL_OFFICIAL_NO_QUOTE,data/official_daily/TWSE_*.parquet
6526,TWSE,2018-01-04,108.5,108.5,108.5,108.5,0.0,REMOVE_PROVIDER_FORWARD_FILL_OFFICIAL_NO_QUOTE,data/official_daily/TWSE_*.parquet
6526,TWSE,2018-01-05,108.5,108.5,108.5,108.5,0.0,REMOVE_PROVIDER_FORWARD_FILL_OFFICIAL_NO_QUOTE,data/official_daily/TWSE_*.parquet
6526,TWSE,2018-01-08,108.5,108.5,108.5,108.5,0.0,REMOVE_PROVIDER_FORWARD_FILL_OFFICIAL_NO_QUOTE,data/official_daily/TWSE_*.parquet
6526,TWSE,2018-01-09,108.5,108.5,108.5,108.5,0.0,REMOVE_PROVIDER_FORWARD_FILL_OFFICIAL_NO_QUOTE,data/official_daily/TWSE_*.parquet
6526,TWSE,2018-01-10,108.5,108.5,108.5,108.5,0.0,REMOVE_PROVIDER_FORWARD_FILL_OFFICIAL_NO_QUOTE,data/official_daily/TWSE_*.parquet
6526,TWSE,2018-01-11,108.5,108.5,108.5,108.5,0.0,REMOVE_PROVIDER_FORWARD_FILL_OFFICIAL_NO_QUOTE,data/official_daily/TWSE_*.parquet
6526,TWSE,2018-01-12,108.5,108.5,108.5,108.5,0.0,REMOVE_PROVIDER_FORWARD_FILL_OFFICIAL_NO_QUOTE,data/official_daily/TWSE_*.parquet
6526,TWSE,2018-01-15,108.5,108.5,108.5,108.5,0.0,REMOVE_PROVIDER_FORWARD_FILL_OFFICIAL_NO_QUOTE,data/official_daily/TWSE_*.parquet
6526,TWSE,2018-01-16,108.5,108.5,108.5,108.5,0.0,REMOVE_PROVIDER_FORWARD_FILL_OFFICIAL_NO_QUOTE,data/official_daily/TWSE_*.parquet
6526,TWSE,2018-01-17,108.5,108.5,108.5,108.5,0.0,REMOVE_PROVIDER_FORWARD_FILL_OFFICIAL_NO_QUOTE,data/official_daily/TWSE_*.parquet
6526,TWSE,2018-01-18,108.5,108.5,108.5,108.5,0.0,REMOVE_PROVIDER_FORWARD_FILL_OFFICIAL_NO_QUOTE,data/official_daily/TWSE_*.parquet
6526,TWSE,2018-01-19,108.5,108.5,108.5,108.5,0.0,REMOVE_PROVIDER_FORWARD_FILL_OFFICIAL_NO_QUOTE,data/official_daily/TWSE_*.parquet
6526,TWSE,2018-01-22,108.5,108.5,108.5,108.5,0.0,REMOVE_PROVIDER_FORWARD_FILL_OFFICIAL_NO_QUOTE,data/official_daily/TWSE_*.parquet
6526,TWSE,2018-01-23,108.5,108.5,108.5,108.5,0.0,REMOVE_PROVIDER_FORWARD_FILL_OFFICIAL_NO_QUOTE,data/official_daily/TWSE_*.parquet
6526,TWSE,2018-01-24,108.5,108.5,108.5,108.5,0.0,REMOVE_PROVIDER_FORWARD_FILL_OFFICIAL_NO_QUOTE,data/official_daily/TWSE_*.parquet
6526,TWSE,2018-01-25,108.5,108.5,108.5,108.5,0.0,REMOVE_PROVIDER_FORWARD_FILL_OFFICIAL_NO_QUOTE,data/official_daily/TWSE_*.parquet
6526,TWSE,2018-01-26,108.5,108.5,108.5,108.5,0.0,REMOVE_PROVIDER_FORWARD_FILL_OFFICIAL_NO_QUOTE,data/official_daily/TWSE_*.parquet
6526,TWSE,2018-01-29,108.5,108.5,108.5,108.5,0.0,REMOVE_PROVIDER_FORWARD_FILL_OFFICIAL_NO_QUOTE,data/official_daily/TWSE_*.parquet
6526,TWSE,2018-01-30,108.5,108.5,108.5,108.5,0.0,REMOVE_PROVIDER_FORWARD_FILL_OFFICIAL_NO_QUOTE,data/official_daily/TWSE_*.parquet
6526,TWSE,2018-01-31,108.5,108.5,108.5,108.5,0.0,REMOVE_PROVIDER_FORWARD_FILL_OFFICIAL_NO_QUOTE,data/official_daily/TWSE_*.parquet
6526,TWSE,2018-02-01,108.5,108.5,108.5,108.5,0.0,REMOVE_PROVIDER_FORWARD_FILL_OFFICIAL_NO_QUOTE,data/official_daily/TWSE_*.parquet
6526,TWSE,2018-02-02,108.5,108.5,108.5,108.5,0.0,REMOVE_PROVIDER_FORWARD_FILL_OFFICIAL_NO_QUOTE,data/official_daily/TWSE_*.parquet
6526,TWSE,2018-02-05,108.5,108.5,108.5,108.5,0.0,REMOVE_PROVIDER_FORWARD_FILL_OFFICIAL_NO_QUOTE,data/official_daily/TWSE_*.parquet
6526,TWSE,2018-02-06,108.5,108.5,108.5,108.5,0.0,REMOVE_PROVIDER_FORWARD_FILL_OFFICIAL_NO_QUOTE,data/official_daily/TWSE_*.parquet
6526,TWSE,2018-02-07,108.5,108.5,108.5,108.5,0.0,REMOVE_PROVIDER_FORWARD_FILL_OFFICIAL_NO_QUOTE,data/official_daily/TWSE_*.parquet
6526,TWSE,2018-02-08,108.5,108.5,108.5,108.5,0.0,REMOVE_PROVIDER_FORWARD_FILL_OFFICIAL_NO_QUOTE,data/official_daily/TWSE_*.parquet
6526,TWSE,2018-02-09,108.5,108.5,108.5,108.5,0.0,REMOVE_PROVIDER_FORWARD_FILL_OFFICIAL_NO_QUOTE,data/official_daily/TWSE_*.parquet
6526,TWSE,2018-02-12,108.5,108.5,108.5,108.5,0.0,REMOVE_PROVIDER_FORWARD_FILL_OFFICIAL_NO_QUOTE,data/official_daily/TWSE_*.parquet
6526,TWSE,2018-02-21,108.5,108.5,108.5,108.5,0.0,REMOVE_PROVIDER_FORWARD_FILL_OFFICIAL_NO_QUOTE,data/official_daily/TWSE_*.parquet
6526,TWSE,2018-02-22,108.5,108.5,108.5,108.5,0.0,REMOVE_PROVIDER_FORWARD_FILL_OFFICIAL_NO_QUOTE,data/official_daily/TWSE_*.parquet
6526,TWSE,2018-02-23,108.5,108.5,108.5,108.5,0.0,REMOVE_PROVIDER_FORWARD_FILL_OFFICIAL_NO_QUOTE,data/official_daily/TWSE_*.parquet
6526,TWSE,2018-02-26,108.5,108.5,108.5,108.5,0.0,REMOVE_PROVIDER_FORWARD_FILL_OFFICIAL_NO_QUOTE,data/official_daily/TWSE_*.parquet
6526,TWSE,2018-02-27,108.5,108.5,108.5,108.5,0.0,REMOVE_PROVIDER_FORWARD_FILL_OFFICIAL_NO_QUOTE,data/official_daily/TWSE_*.parquet
6526,TWSE,2018-03-01,108.5,108.5,108.5,108.5,0.0,REMOVE_PROVIDER_FORWARD_FILL_OFFICIAL_NO_QUOTE,data/official_daily/TWSE_*.parquet
6526,TWSE,2018-03-02,108.5,108.5,108.5,108.5,0.0,REMOVE_PROVIDER_FORWARD_FILL_OFFICIAL_NO_QUOTE,data/official_daily/TWSE_*.parquet
6526,TWSE,2018-03-05,108.5,108.5,108.5,108.5,0.0,REMOVE_PROVIDER_FORWARD_FILL_OFFICIAL_NO_QUOTE,data/official_daily/TWSE_*.parquet
6526,TWSE,2018-03-06,108.5,108.5,108.5,108.5,0.0,REMOVE_PROVIDER_FORWARD_FILL_OFFICIAL_NO_QUOTE,data/official_daily/TWSE_*.parquet
6526,TWSE,2018-03-07,108.5,108.5,108.5,108.5,0.0,REMOVE_PROVIDER_FORWARD_FILL_OFFICIAL_NO_QUOTE,data/official_daily/TWSE_*.parquet
6526,TWSE,2018-03-08,108.5,108.5,108.5,108.5,0.0,REMOVE_PROVIDER_FORWARD_FILL_OFFICIAL_NO_QUOTE,data/official_daily/TWSE_*.parquet
6526,TWSE,2018-03-09,108.5,108.5,108.5,108.5,0.0,REMOVE_PROVIDER_FORWARD_FILL_OFFICIAL_NO_QUOTE,data/official_daily/TWSE_*.parquet
6526,TWSE,2018-03-12,108.5,108.5,108.5,108.5,0.0,REMOVE_PROVIDER_FORWARD_FILL_OFFICIAL_NO_QUOTE,data/official_daily/TWSE_*.parquet
6526,TWSE,2018-03-13,108.5,108.5,108.5,108.5,0.0,REMOVE_PROVIDER_FORWARD_FILL_OFFICIAL_NO_QUOTE,data/official_daily/TWSE_*.parquet
6526,TWSE,2018-03-14,108.5,108.5,108.5,108.5,0.0,REMOVE_PROVIDER_FORWARD_FILL_OFFICIAL_NO_QUOTE,data/official_daily/TWSE_*.parquet
6526,TWSE,2018-03-15,108.5,108.5,108.5,108.5,0.0,REMOVE_PROVIDER_FORWARD_FILL_OFFICIAL_NO_QUOTE,data/official_daily/TWSE_*.parquet
6526,TWSE,2018-03-16,108.5,108.5,108.5,108.5,0.0,REMOVE_PROVIDER_FORWARD_FILL_OFFICIAL_NO_QUOTE,data/official_daily/TWSE_*.parquet
6526,TWSE,2018-03-19,108.5,108.5,108.5,108.5,0.0,REMOVE_PROVIDER_FORWARD_FILL_OFFICIAL_NO_QUOTE,data/official_daily/TWSE_*.parquet
6526,TWSE,2018-03-20,108.5,108.5,108.5,108.5,0.0,REMOVE_PROVIDER_FORWARD_FILL_OFFICIAL_NO_QUOTE,data/official_daily/TWSE_*.parquet
6526,TWSE,2018-03-21,108.5,108.5,108.5,108.5,0.0,REMOVE_PROVIDER_FORWARD_FILL_OFFICIAL_NO_QUOTE,data/official_daily/TWSE_*.parquet
6526,TWSE,2018-03-22,108.5,108.5,108.5,108.5,0.0,REMOVE_PROVIDER_FORWARD_FILL_OFFICIAL_NO_QUOTE,data/official_daily/TWSE_*.parquet
6526,TWSE,2018-03-23,108.5,108.5,108.5,108.5,0.0,REMOVE_PROVIDER_FORWARD_FILL_OFFICIAL_NO_QUOTE,data/official_daily/TWSE_*.parquet
6526,TWSE,2018-03-26,108.5,108.5,108.5,108.5,0.0,REMOVE_PROVIDER_FORWARD_FILL_OFFICIAL_NO_QUOTE,data/official_daily/TWSE_*.parquet
6526,TWSE,2018-03-27,108.5,108.5,108.5,108.5,0.0,REMOVE_PROVIDER_FORWARD_FILL_OFFICIAL_NO_QUOTE,data/official_daily/TWSE_*.parquet
6526,TWSE,2018-03-28,108.5,108.5,108.5,108.5,0.0,REMOVE_PROVIDER_FORWARD_FILL_OFFICIAL_NO_QUOTE,data/official_daily/TWSE_*.parquet
6526,TWSE,2018-03-29,108.5,108.5,108.5,108.5,0.0,REMOVE_PROVIDER_FORWARD_FILL_OFFICIAL_NO_QUOTE,data/official_daily/TWSE_*.parquet
6526,TWSE,2018-03-30,108.5,108.5,108.5,108.5,0.0,REMOVE_PROVIDER_FORWARD_FILL_OFFICIAL_NO_QUOTE,data/official_daily/TWSE_*.parquet
6526,TWSE,2018-04-02,108.5,108.5,108.5,108.5,0.0,REMOVE_PROVIDER_FORWARD_FILL_OFFICIAL_NO_QUOTE,data/official_daily/TWSE_*.parquet
6526,TWSE,2018-04-03,108.5,108.5,108.5,108.5,0.0,REMOVE_PROVIDER_FORWARD_FILL_OFFICIAL_NO_QUOTE,data/official_daily/TWSE_*.parquet
6526,TWSE,2018-04-09,108.5,108.5,108.5,108.5,0.0,REMOVE_PROVIDER_FORWARD_FILL_OFFICIAL_NO_QUOTE,data/official_daily/TWSE_*.parquet
6526,TWSE,2018-04-10,108.5,108.5,108.5,108.5,0.0,REMOVE_PROVIDER_FORWARD_FILL_OFFICIAL_NO_QUOTE,data/official_daily/TWSE_*.parquet
6526,TWSE,2018-04-11,108.5,108.5,108.5,108.5,0.0,REMOVE_PROVIDER_FORWARD_FILL_OFFICIAL_NO_QUOTE,data/official_daily/TWSE_*.parquet
6526,TWSE,2018-04-12,108.5,108.5,108.5,108.5,0.0,REMOVE_PROVIDER_FORWARD_FILL_OFFICIAL_NO_QUOTE,data/official_daily/TWSE_*.parquet
6526,TWSE,2018-04-13,108.5,108.5,108.5,108.5,0.0,REMOVE_PROVIDER_FORWARD_FILL_OFFICIAL_NO_QUOTE,data/official_daily/TWSE_*.parquet
6526,TWSE,2018-04-16,108.5,108.5,108.5,108.5,0.0,REMOVE_PROVIDER_FORWARD_FILL_OFFICIAL_NO_QUOTE,data/official_daily/TWSE_*.parquet
6526,TWSE,2018-04-17,108.5,108.5,108.5,108.5,0.0,REMOVE_PROVIDER_FORWARD_FILL_OFFICIAL_NO_QUOTE,data/official_daily/TWSE_*.parquet
6526,TWSE,2018-04-18,108.5,108.5,108.5,108.5,0.0,REMOVE_PROVIDER_FORWARD_FILL_OFFICIAL_NO_QUOTE,data/official_daily/TWSE_*.parquet
6526,TWSE,2018-04-19,108.5,108.5,108.5,108.5,0.0,REMOVE_PROVIDER_FORWARD_FILL_OFFICIAL_NO_QUOTE,data/official_daily/TWSE_*.parquet
6526,TWSE,2018-04-20,108.5,108.5,108.5,108.5,0.0,REMOVE_PROVIDER_FORWARD_FILL_OFFICIAL_NO_QUOTE,data/official_daily/TWSE_*.parquet
6526,TWSE,2018-04-23,108.5,108.5,108.5,108.5,0.0,REMOVE_PROVIDER_FORWARD_FILL_OFFICIAL_NO_QUOTE,data/official_daily/TWSE_*.parquet
6526,TWSE,2018-04-24,108.5,108.5,108.5,108.5,0.0,REMOVE_PROVIDER_FORWARD_FILL_OFFICIAL_NO_QUOTE,data/official_daily/TWSE_*.parquet
6526,TWSE,2018-04-25,108.5,108.5,108.5,108.5,0.0,REMOVE_PROVIDER_FORWARD_FILL_OFFICIAL_NO_QUOTE,data/official_daily/TWSE_*.parquet
6526,TWSE,2018-04-26,108.5,108.5,108.5,108.5,0.0,REMOVE_PROVIDER_FORWARD_FILL_OFFICIAL_NO_QUOTE,data/official_daily/TWSE_*.parquet
6526,TWSE,2018-04-27,108.5,108.5,108.5,108.5,0.0,REMOVE_PROVIDER_FORWARD_FILL_OFFICIAL_NO_QUOTE,data/official_daily/TWSE_*.parquet
6526,TWSE,2018-04-30,108.5,108.5,108.5,108.5,0.0,REMOVE_PROVIDER_FORWARD_FILL_OFFICIAL_NO_QUOTE,data/official_daily/TWSE_*.parquet
6526,TWSE,2018-05-02,108.5,108.5,108.5,108.5,0.0,REMOVE_PROVIDER_FORWARD_FILL_OFFICIAL_NO_QUOTE,data/official_daily/TWSE_*.parquet
6526,TWSE,2018-05-03,108.5,108.5,108.5,108.5,0.0,REMOVE_PROVIDER_FORWARD_FILL_OFFICIAL_NO_QUOTE,data/official_daily/TWSE_*.parquet
6526,TWSE,2018-05-04,108.5,108.5,108.5,108.5,0.0,REMOVE_PROVIDER_FORWARD_FILL_OFFICIAL_NO_QUOTE,data/official_daily/TWSE_*.parquet
6526,TWSE,2018-05-07,108.5,108.5,108.5,108.5,0.0,REMOVE_PROVIDER_FORWARD_FILL_OFFICIAL_NO_QUOTE,data/official_daily/TWSE_*.parquet
6526,TWSE,2018-05-08,108.5,108.5,108.5,108.5,0.0,REMOVE_PROVIDER_FORWARD_FILL_OFFICIAL_NO_QUOTE,data/official_daily/TWSE_*.parquet
6526,TWSE,2018-05-09,108.5,108.5,108.5,108.5,0.0,REMOVE_PROVIDER_FORWARD_FILL_OFFICIAL_NO_QUOTE,data/official_daily/TWSE_*.parquet
6526,TWSE,2018-05-10,108.5,108.5,108.5,108.5,0.0,REMOVE_PROVIDER_FORWARD_FILL_OFFICIAL_NO_QUOTE,data/official_daily/TWSE_*.parquet
6526,TWSE,2018-05-11,108.5,108.5,108.5,108.5,0.0,REMOVE_PROVIDER_FORWARD_FILL_OFFICIAL_NO_QUOTE,data/official_daily/TWSE_*.parquet
6526,TWSE,2018-05-14,108.5,108.5,108.5,108.5,0.0,REMOVE_PROVIDER_FORWARD_FILL_OFFICIAL_NO_QUOTE,data/official_daily/TWSE_*.parquet
6526,TWSE,2018-05-15,108.5,108.5,108.5,108.5,0.0,REMOVE_PROVIDER_FORWARD_FILL_OFFICIAL_NO_QUOTE,data/official_daily/TWSE_*.parquet
6526,TWSE,2018-05-16,108.5,108.5,108.5,108.5,0.0,REMOVE_PROVIDER_FORWARD_FILL_OFFICIAL_NO_QUOTE,data/official_daily/TWSE_*.parquet
6526,TWSE,2018-05-17,108.5,108.5,108.5,108.5,0.0,REMOVE_PROVIDER_FORWARD_FILL_OFFICIAL_NO_QUOTE,data/official_daily/TWSE_*.parquet
6526,TWSE,2018-05-18,108.5,108.5,108.5,108.5,0.0,REMOVE_PROVIDER_FORWARD_FILL_OFFICIAL_NO_QUOTE,data/official_daily/TWSE_*.parquet
6526,TWSE,2018-05-21,108.5,108.5,108.5,108.5,0.0,REMOVE_PROVIDER_FORWARD_FILL_OFFICIAL_NO_QUOTE,data/official_daily/TWSE_*.parquet
6526,TWSE,2018-05-22,108.5,108.5,108.5,108.5,0.0,REMOVE_PROVIDER_FORWARD_FILL_OFFICIAL_NO_QUOTE,data/official_daily/TWSE_*.parquet
6526,TWSE,2018-05-23,108.5,108.5,108.5,108.5,0.0,REMOVE_PROVIDER_FORWARD_FILL_OFFICIAL_NO_QUOTE,data/official_daily/TWSE_*.parquet
6526,TWSE,2018-05-24,108.5,108.5,108.5,108.5,0.0,REMOVE_PROVIDER_FORWARD_FILL_OFFICIAL_NO_QUOTE,data/official_daily/TWSE_*.parquet
6526,TWSE,2018-05-25,108.5,108.5,108.5,108.5,0.0,REMOVE_PROVIDER_FORWARD_FILL_OFFICIAL_NO_QUOTE,data/official_daily/TWSE_*.parquet
6526,TWSE,2018-05-28,108.5,108.5,108.5,108.5,0.0,REMOVE_PROVIDER_FORWARD_FILL_OFFICIAL_NO_QUOTE,data/official_daily/TWSE_*.parquet
6526,TWSE,2018-05-29,108.5,108.5,108.5,108.5,0.0,REMOVE_PROVIDER_FORWARD_FILL_OFFICIAL_NO_QUOTE,data/official_daily/TWSE_*.parquet
6526,TWSE,2018-05-30,108.5,108.5,108.5,108.5,0.0,REMOVE_PROVIDER_FORWARD_FILL_OFFICIAL_NO_QUOTE,data/official_daily/TWSE_*.parquet
6526,TWSE,2018-05-31,108.5,108.5,108.5,108.5,0.0,REMOVE_PROVIDER_FORWARD_FILL_OFFICIAL_NO_QUOTE,data/official_daily/TWSE_*.parquet
6526,TWSE,2018-06-01,108.5,108.5,108.5,108.5,0.0,REMOVE_PROVIDER_FORWARD_FILL_OFFICIAL_NO_QUOTE,data/official_daily/TWSE_*.parquet
6526,TWSE,2018-06-04,108.5,108.5,108.5,108.5,0.0,REMOVE_PROVIDER_FORWARD_FILL_OFFICIAL_NO_QUOTE,data/official_daily/TWSE_*.parquet
6526,TWSE,2018-06-05,108.5,108.5,108.5,108.5,0.0,REMOVE_PROVIDER_FORWARD_FILL_OFFICIAL_NO_QUOTE,data/official_daily/TWSE_*.parquet
6526,TWSE,2018-06-06,108.5,108.5,108.5,108.5,0.0,REMOVE_PROVIDER_FORWARD_FILL_OFFICIAL_NO_QUOTE,data/official_daily/TWSE_*.parquet
6526,TWSE,2018-06-07,108.5,108.5,108.5,108.5,0.0,REMOVE_PROVIDER_FORWARD_FILL_OFFICIAL_NO_QUOTE,data/official_daily/TWSE_*.parquet
6526,TWSE,2018-06-08,108.5,108.5,108.5,108.5,0.0,REMOVE_PROVIDER_FORWARD_FILL_OFFICIAL_NO_QUOTE,data/official_daily/TWSE_*.parquet
6526,TWSE,2018-06-11,108.5,108.5,108.5,108.5,0.0,REMOVE_PROVIDER_FORWARD_FILL_OFFICIAL_NO_QUOTE,data/official_daily/TWSE_*.parquet
6526,TWSE,2018-06-12,108.5,108.5,108.5,108.5,0.0,REMOVE_PROVIDER_FORWARD_FILL_OFFICIAL_NO_QUOTE,data/official_daily/TWSE_*.parquet
6526,TWSE,2018-06-13,108.5,108.5,108.5,108.5,0.0,REMOVE_PROVIDER_FORWARD_FILL_OFFICIAL_NO_QUOTE,data/official_daily/TWSE_*.parquet
6526,TWSE,2018-06-14,108.5,108.5,108.5,108.5,0.0,REMOVE_PROVIDER_FORWARD_FILL_OFFICIAL_NO_QUOTE,data/official_daily/TWSE_*.parquet
6526,TWSE,2018-06-15,108.5,108.5,108.5,108.5,0.0,REMOVE_PROVIDER_FORWARD_FILL_OFFICIAL_NO_QUOTE,data/official_daily/TWSE_*.parquet
6526,TWSE,2018-06-19,108.5,108.5,108.5,108.5,0.0,REMOVE_PROVIDER_FORWARD_FILL_OFFICIAL_NO_QUOTE,data/official_daily/TWSE_*.parquet
6526,TWSE,2018-06-20,108.5,108.5,108.5,108.5,0.0,REMOVE_PROVIDER_FORWARD_FILL_OFFICIAL_NO_QUOTE,data/official_daily/TWSE_*.parquet
6526,TWSE,2018-06-21,108.5,108.5,108.5,108.5,0.0,REMOVE_PROVIDER_FORWARD_FILL_OFFICIAL_NO_QUOTE,data/official_daily/TWSE_*.parquet
6526,TWSE,2018-06-22,108.5,108.5,108.5,108.5,0.0,REMOVE_PROVIDER_FORWARD_FILL_OFFICIAL_NO_QUOTE,data/official_daily/TWSE_*.parquet
6526,TWSE,2018-06-25,108.5,108.5,108.5,108.5,0.0,REMOVE_PROVIDER_FORWARD_FILL_OFFICIAL_NO_QUOTE,data/official_daily/TWSE_*.parquet
6526,TWSE,2018-06-26,108.5,108.5,108.5,108.5,0.0,REMOVE_PROVIDER_FORWARD_FILL_OFFICIAL_NO_QUOTE,data/official_daily/TWSE_*.parquet
6526,TWSE,2018-06-27,108.5,108.5,108.5,108.5,0.0,REMOVE_PROVIDER_FORWARD_FILL_OFFICIAL_NO_QUOTE,data/official_daily/TWSE_*.parquet
6526,TWSE,2018-06-28,108.5,108.5,108.5,108.5,0.0,REMOVE_PROVIDER_FORWARD_FILL_OFFICIAL_NO_QUOTE,data/official_daily/TWSE_*.parquet
6526,TWSE,2018-06-29,108.5,108.5,108.5,108.5,0.0,REMOVE_PROVIDER_FORWARD_FILL_OFFICIAL_NO_QUOTE,data/official_daily/TWSE_*.parquet
6526,TWSE,2018-07-02,108.5,108.5,108.5,108.5,0.0,REMOVE_PROVIDER_FORWARD_FILL_OFFICIAL_NO_QUOTE,data/official_daily/TWSE_*.parquet
6526,TWSE,2018-07-03,108.5,108.5,108.5,108.5,0.0,REMOVE_PROVIDER_FORWARD_FILL_OFFICIAL_NO_QUOTE,data/official_daily/TWSE_*.parquet
6526,TWSE,2018-07-04,108.5,108.5,108.5,108.5,0.0,REMOVE_PROVIDER_FORWARD_FILL_OFFICIAL_NO_QUOTE,data/official_daily/TWSE_*.parquet
6526,TWSE,2018-07-05,108.5,108.5,108.5,108.5,0.0,REMOVE_PROVIDER_FORWARD_FILL_OFFICIAL_NO_QUOTE,data/official_daily/TWSE_*.parquet
6526,TWSE,2018-07-06,108.5,108.5,108.5,108.5,0.0,REMOVE_PROVIDER_FORWARD_FILL_OFFICIAL_NO_QUOTE,data/official_daily/TWSE_*.parquet
6526,TWSE,2018-07-09,108.5,108.5,108.5,108.5,0.0,REMOVE_PROVIDER_FORWARD_FILL_OFFICIAL_NO_QUOTE,data/official_daily/TWSE_*.parquet
6526,TWSE,2018-07-10,108.5,108.5,108.5,108.5,0.0,REMOVE_PROVIDER_FORWARD_FILL_OFFICIAL_NO_QUOTE,data/official_daily/TWSE_*.parquet
6526,TWSE,2018-07-11,108.5,108.5,108.5,108.5,0.0,REMOVE_PROVIDER_FORWARD_FILL_OFFICIAL_NO_QUOTE,data/official_daily/TWSE_*.parquet
6526,TWSE,2018-07-12,108.5,108.5,108.5,108.5,0.0,REMOVE_PROVIDER_FORWARD_FILL_OFFICIAL_NO_QUOTE,data/official_daily/TWSE_*.parquet
6526,TWSE,2018-07-13,108.5,108.5,108.5,108.5,0.0,REMOVE_PROVIDER_FORWARD_FILL_OFFICIAL_NO_QUOTE,data/official_daily/TWSE_*.parquet
6526,TWSE,2018-07-16,108.5,108.5,108.5,108.5,0.0,REMOVE_PROVIDER_FORWARD_FILL_OFFICIAL_NO_QUOTE,data/official_daily/TWSE_*.parquet
6526,TWSE,2018-07-17,108.5,108.5,108.5,108.5,0.0,REMOVE_PROVIDER_FORWARD_FILL_OFFICIAL_NO_QUOTE,data/official_daily/TWSE_*.parquet
6526,TWSE,2018-07-18,108.5,108.5,108.5,108.5,0.0,REMOVE_PROVIDER_FORWARD_FILL_OFFICIAL_NO_QUOTE,data/official_daily/TWSE_*.parquet
6526,TWSE,2018-07-19,108.5,108.5,108.5,108.5,0.0,REMOVE_PROVIDER_FORWARD_FILL_OFFICIAL_NO_QUOTE,data/official_daily/TWSE_*.parquet
6526,TWSE,2018-07-20,108.5,108.5,108.5,108.5,0.0,REMOVE_PROVIDER_FORWARD_FILL_OFFICIAL_NO_QUOTE,data/official_daily/TWSE_*.parquet
6526,TWSE,2018-07-23,108.5,108.5,108.5,108.5,0.0,REMOVE_PROVIDER_FORWARD_FILL_OFFICIAL_NO_QUOTE,data/official_daily/TWSE_*.parquet
6526,TWSE,2018-07-24,108.5,108.5,108.5,108.5,0.0,REMOVE_PROVIDER_FORWARD_FILL_OFFICIAL_NO_QUOTE,data/official_daily/TWSE_*.parquet
6526,TWSE,2018-07-25,108.5,108.5,108.5,108.5,0.0,REMOVE_PROVIDER_FORWARD_FILL_OFFICIAL_NO_QUOTE,data/official_daily/TWSE_*.parquet
6526,TWSE,2018-07-26,108.5,108.5,108.5,108.5,0.0,REMOVE_PROVIDER_FORWARD_FILL_OFFICIAL_NO_QUOTE,data/official_daily/TWSE_*.parquet
6526,TWSE,2018-07-27,108.5,108.5,108.5,108.5,0.0,REMOVE_PROVIDER_FORWARD_FILL_OFFICIAL_NO_QUOTE,data/official_daily/TWSE_*.parquet
6526,TWSE,2018-07-30,108.5,108.5,108.5,108.5,0.0,REMOVE_PROVIDER_FORWARD_FILL_OFFICIAL_NO_QUOTE,data/official_daily/TWSE_*.parquet
6526,TWSE,2018-07-31,108.5,108.5,108.5,108.5,0.0,REMOVE_PROVIDER_FORWARD_FILL_OFFICIAL_NO_QUOTE,data/official_daily/TWSE_*.parquet
6526,TWSE,2018-08-01,108.5,108.5,108.5,108.5,0.0,REMOVE_PROVIDER_FORWARD_FILL_OFFICIAL_NO_QUOTE,data/official_daily/TWSE_*.parquet
6526,TWSE,2018-08-02,108.5,108.5,108.5,108.5,0.0,REMOVE_PROVIDER_FORWARD_FILL_OFFICIAL_NO_QUOTE,data/official_daily/TWSE_*.parquet
6526,TWSE,2018-08-03,108.5,108.5,108.5,108.5,0.0,REMOVE_PROVIDER_FORWARD_FILL_OFFICIAL_NO_QUOTE,data/official_daily/TWSE_*.parquet
6526,TWSE,2018-08-06,108.5,108.5,108.5,108.5,0.0,REMOVE_PROVIDER_FORWARD_FILL_OFFICIAL_NO_QUOTE,data/official_daily/TWSE_*.parquet
6526,TWSE,2018-08-07,108.5,108.5,108.5,108.5,0.0,REMOVE_PROVIDER_FORWARD_FILL_OFFICIAL_NO_QUOTE,data/official_daily/TWSE_*.parquet
6526,TWSE,2018-08-08,108.5,108.5,108.5,108.5,0.0,REMOVE_PROVIDER_FORWARD_FILL_OFFICIAL_NO_QUOTE,data/official_daily/TWSE_*.parquet
6526,TWSE,2018-08-09,108.5,108.5,108.5,108.5,0.0,REMOVE_PROVIDER_FORWARD_FILL_OFFICIAL_NO_QUOTE,data/official_daily/TWSE_*.parquet
6526,TWSE,2018-08-10,108.5,108.5,108.5,108.5,0.0,REMOVE_PROVIDER_FORWARD_FILL_OFFICIAL_NO_QUOTE,data/official_daily/TWSE_*.parquet
6526,TWSE,2018-08-13,108.5,108.5,108.5,108.5,0.0,REMOVE_PROVIDER_FORWARD_FILL_OFFICIAL_NO_QUOTE,data/official_daily/TWSE_*.parquet
6526,TWSE,2018-08-14,108.5,108.5,108.5,108.5,0.0,REMOVE_PROVIDER_FORWARD_FILL_OFFICIAL_NO_QUOTE,data/official_daily/TWSE_*.parquet
6526,TWSE,2018-08-15,108.5,108.5,108.5,108.5,0.0,REMOVE_PROVIDER_FORWARD_FILL_OFFICIAL_NO_QUOTE,data/official_daily/TWSE_*.parquet
6526,TWSE,2018-08-16,108.5,108.5,108.5,108.5,0.0,REMOVE_PROVIDER_FORWARD_FILL_OFFICIAL_NO_QUOTE,data/official_daily/TWSE_*.parquet
6526,TWSE,2018-08-17,108.5,108.5,108.5,108.5,0.0,REMOVE_PROVIDER_FORWARD_FILL_OFFICIAL_NO_QUOTE,data/official_daily/TWSE_*.parquet
6526,TWSE,2018-08-20,108.5,108.5,108.5,108.5,0.0,REMOVE_PROVIDER_FORWARD_FILL_OFFICIAL_NO_QUOTE,data/official_daily/TWSE_*.parquet
6526,TWSE,2018-08-21,108.5,108.5,108.5,108.5,0.0,REMOVE_PROVIDER_FORWARD_FILL_OFFICIAL_NO_QUOTE,data/official_daily/TWSE_*.parquet
6526,TWSE,2018-08-22,108.5,108.5,108.5,108.5,0.0,REMOVE_PROVIDER_FORWARD_FILL_OFFICIAL_NO_QUOTE,data/official_daily/TWSE_*.parquet
6526,TWSE,2018-08-23,108.5,108.5,108.5,108.5,0.0,REMOVE_PROVIDER_FORWARD_FILL_OFFICIAL_NO_QUOTE,data/official_daily/TWSE_*.parquet
6526,TWSE,2018-08-24,108.5,108.5,108.5,108.5,0.0,REMOVE_PROVIDER_FORWARD_FILL_OFFICIAL_NO_QUOTE,data/official_daily/TWSE_*.parquet
6526,TWSE,2018-08-27,108.5,108.5,108.5,108.5,0.0,REMOVE_PROVIDER_FORWARD_FILL_OFFICIAL_NO_QUOTE,data/official_daily/TWSE_*.parquet
6526,TWSE,2018-08-28,108.5,108.5,108.5,108.5,0.0,REMOVE_PROVIDER_FORWARD_FILL_OFFICIAL_NO_QUOTE,data/official_daily/TWSE_*.parquet
6526,TWSE,2018-08-29,108.5,108.5,108.5,108.5,0.0,REMOVE_PROVIDER_FORWARD_FILL_OFFICIAL_NO_QUOTE,data/official_daily/TWSE_*.parquet
6526,TWSE,2018-08-30,108.5,108.5,108.5,108.5,0.0,REMOVE_PROVIDER_FORWARD_FILL_OFFICIAL_NO_QUOTE,data/official_daily/TWSE_*.parquet
6526,TWSE,2018-08-31,108.5,108.5,108.5,108.5,0.0,REMOVE_PROVIDER_FORWARD_FILL_OFFICIAL_NO_QUOTE,data/official_daily/TWSE_*.parquet
6526,TWSE,2018-09-03,108.5,108.5,108.5,108.5,0.0,REMOVE_PROVIDER_FORWARD_FILL_OFFICIAL_NO_QUOTE,data/official_daily/TWSE_*.parquet
6526,TWSE,2018-09-04,108.5,108.5,108.5,108.5,0.0,REMOVE_PROVIDER_FORWARD_FILL_OFFICIAL_NO_QUOTE,data/official_daily/TWSE_*.parquet
6526,TWSE,2018-09-05,108.5,108.5,108.5,108.5,0.0,REMOVE_PROVIDER_FORWARD_FILL_OFFICIAL_NO_QUOTE,data/official_daily/TWSE_*.parquet
6526,TWSE,2018-09-06,108.5,108.5,108.5,108.5,0.0,REMOVE_PROVIDER_FORWARD_FILL_OFFICIAL_NO_QUOTE,data/official_daily/TWSE_*.parquet
6526,TWSE,2018-09-07,108.5,108.5,108.5,108.5,0.0,REMOVE_PROVIDER_FORWARD_FILL_OFFICIAL_NO_QUOTE,data/official_daily/TWSE_*.parquet
6526,TWSE,2018-09-10,108.5,108.5,108.5,108.5,0.0,REMOVE_PROVIDER_FORWARD_FILL_OFFICIAL_NO_QUOTE,data/official_daily/TWSE_*.parquet
6526,TWSE,2018-09-11,108.5,108.5,108.5,108.5,0.0,REMOVE_PROVIDER_FORWARD_FILL_OFFICIAL_NO_QUOTE,data/official_daily/TWSE_*.parquet
6526,TWSE,2018-09-12,108.5,108.5,108.5,108.5,0.0,REMOVE_PROVIDER_FORWARD_FILL_OFFICIAL_NO_QUOTE,data/official_daily/TWSE_*.parquet
6526,TWSE,2018-09-13,108.5,108.5,108.5,108.5,0.0,REMOVE_PROVIDER_FORWARD_FILL_OFFICIAL_NO_QUOTE,data/official_daily/TWSE_*.parquet
6526,TWSE,2018-09-14,108.5,108.5,108.5,108.5,0.0,REMOVE_PROVIDER_FORWARD_FILL_OFFICIAL_NO_QUOTE,data/official_daily/TWSE_*.parquet
6526,TWSE,2018-09-17,108.5,108.5,108.5,108.5,0.0,REMOVE_PROVIDER_FORWARD_FILL_OFFICIAL_NO_QUOTE,data/official_daily/TWSE_*.parquet
6526,TWSE,2018-09-18,108.5,108.5,108.5,108.5,0.0,REMOVE_PROVIDER_FORWARD_FILL_OFFICIAL_NO_QUOTE,data/official_daily/TWSE_*.parquet
6526,TWSE,2018-09-19,108.5,108.5,108.5,108.5,0.0,REMOVE_PROVIDER_FORWARD_FILL_OFFICIAL_NO_QUOTE,data/official_daily/TWSE_*.parquet
6526,TWSE,2018-09-20,108.5,108.5,108.5,108.5,0.0,REMOVE_PROVIDER_FORWARD_FILL_OFFICIAL_NO_QUOTE,data/official_daily/TWSE_*.parquet
6526,TWSE,2018-09-21,108.5,108.5,108.5,108.5,0.0,REMOVE_PROVIDER_FORWARD_FILL_OFFICIAL_NO_QUOTE,data/official_daily/TWSE_*.parquet
6526,TWSE,2018-09-25,108.5,108.5,108.5,108.5,0.0,REMOVE_PROVIDER_FORWARD_FILL_OFFICIAL_NO_QUOTE,data/official_daily/TWSE_*.parquet
6526,TWSE,2018-09-26,108.5,108.5,108.5,108.5,0.0,REMOVE_PROVIDER_FORWARD_FILL_OFFICIAL_NO_QUOTE,data/official_daily/TWSE_*.parquet
6526,TWSE,2018-09-27,108.5,108.5,108.5,108.5,0.0,REMOVE_PROVIDER_FORWARD_FILL_OFFICIAL_NO_QUOTE,data/official_daily/TWSE_*.parquet
6526,TWSE,2018-09-28,108.5,108.5,108.5,108.5,0.0,REMOVE_PROVIDER_FORWARD_FILL_OFFICIAL_NO_QUOTE,data/official_daily/TWSE_*.parquet
6526,TWSE,2018-10-01,108.5,108.5,108.5,108.5,0.0,REMOVE_PROVIDER_FORWARD_FILL_OFFICIAL_NO_QUOTE,data/official_daily/TWSE_*.parquet
6526,TWSE,2018-10-02,108.5,108.5,108.5,108.5,0.0,REMOVE_PROVIDER_FORWARD_FILL_OFFICIAL_NO_QUOTE,data/official_daily/TWSE_*.parquet
6526,TWSE,2018-10-03,108.5,108.5,108.5,108.5,0.0,REMOVE_PROVIDER_FORWARD_FILL_OFFICIAL_NO_QUOTE,data/official_daily/TWSE_*.parquet
6526,TWSE,2018-10-04,108.5,108.5,108.5,108.5,0.0,REMOVE_PROVIDER_FORWARD_FILL_OFFICIAL_NO_QUOTE,data/official_daily/TWSE_*.parquet
6526,TWSE,2018-10-05,108.5,108.5,108.5,108.5,0.0,REMOVE_PROVIDER_FORWARD_FILL_OFFICIAL_NO_QUOTE,data/official_daily/TWSE_*.parquet
6526,TWSE,2018-10-08,108.5,108.5,108.5,108.5,0.0,REMOVE_PROVIDER_FORWARD_FILL_OFFICIAL_NO_QUOTE,data/official_daily/TWSE_*.parquet
6526,TWSE,2018-10-09,108.5,108.5,108.5,108.5,0.0,REMOVE_PROVIDER_FORWARD_FILL_OFFICIAL_NO_QUOTE,data/official_daily/TWSE_*.parquet
6526,TWSE,2018-10-11,108.5,108.5,108.5,108.5,0.0,REMOVE_PROVIDER_FORWARD_FILL_OFFICIAL_NO_QUOTE,data/official_daily/TWSE_*.parquet
6526,TWSE,2018-10-12,108.5,108.5,108.5,108.5,0.0,REMOVE_PROVIDER_FORWARD_FILL_OFFICIAL_NO_QUOTE,data/official_daily/TWSE_*.parquet
6526,TWSE,2018-10-15,108.5,108.5,108.5,108.5,0.0,REMOVE_PROVIDER_FORWARD_FILL_OFFICIAL_NO_QUOTE,data/official_daily/TWSE_*.parquet
6526,TWSE,2018-10-16,108.5,108.5,108.5,108.5,0.0,REMOVE_PROVIDER_FORWARD_FILL_OFFICIAL_NO_QUOTE,data/official_daily/TWSE_*.parquet
6526,TWSE,2018-10-17,108.5,108.5,108.5,108.5,0.0,REMOVE_PROVIDER_FORWARD_FILL_OFFICIAL_NO_QUOTE,data/official_daily/TWSE_*.parquet
6526,TWSE,2018-10-18,108.5,108.5,108.5,108.5,0.0,REMOVE_PROVIDER_FORWARD_FILL_OFFICIAL_NO_QUOTE,data/official_daily/TWSE_*.parquet
6526,TWSE,2018-10-19,108.5,108.5,108.5,108.5,0.0,REMOVE_PROVIDER_FORWARD_FILL_OFFICIAL_NO_QUOTE,data/official_daily/TWSE_*.parquet
6526,TWSE,2018-10-22,108.5,108.5,108.5,108.5,0.0,REMOVE_PROVIDER_FORWARD_FILL_OFFICIAL_NO_QUOTE,data/official_daily/TWSE_*.parquet
6526,TWSE,2018-10-23,108.5,108.5,108.5,108.5,0.0,REMOVE_PROVIDER_FORWARD_FILL_OFFICIAL_NO_QUOTE,data/official_daily/TWSE_*.parquet
6526,TWSE,2018-10-24,108.5,108.5,108.5,108.5,0.0,REMOVE_PROVIDER_FORWARD_FILL_OFFICIAL_NO_QUOTE,data/official_daily/TWSE_*.parquet
6526,TWSE,2018-10-25,108.5,108.5,108.5,108.5,0.0,REMOVE_PROVIDER_FORWARD_FILL_OFFICIAL_NO_QUOTE,data/official_daily/TWSE_*.parquet
6526,TWSE,2018-10-26,108.5,108.5,108.5,108.5,0.0,REMOVE_PROVIDER_FORWARD_FILL_OFFICIAL_NO_QUOTE,data/official_daily/TWSE_*.parquet
6526,TWSE,2018-10-29,108.5,108.5,108.5,108.5,0.0,REMOVE_PROVIDER_FORWARD_FILL_OFFICIAL_NO_QUOTE,data/official_daily/TWSE_*.parquet
6526,TWSE,2018-10-30,108.5,108.5,108.5,108.5,0.0,REMOVE_PROVIDER_FORWARD_FILL_OFFICIAL_NO_QUOTE,data/official_daily/TWSE_*.parquet
6526,TWSE,2018-10-31,108.5,108.5,108.5,108.5,0.0,REMOVE_PROVIDER_FORWARD_FILL_OFFICIAL_NO_QUOTE,data/official_daily/TWSE_*.parquet
6526,TWSE,2018-11-01,108.5,108.5,108.5,108.5,0.0,REMOVE_PROVIDER_FORWARD_FILL_OFFICIAL_NO_QUOTE,data/official_daily/TWSE_*.parquet
6526,TWSE,2018-11-02,108.5,108.5,108.5,108.5,0.0,REMOVE_PROVIDER_FORWARD_FILL_OFFICIAL_NO_QUOTE,data/official_daily/TWSE_*.parquet
6526,TWSE,2018-11-05,108.5,108.5,108.5,108.5,0.0,REMOVE_PROVIDER_FORWARD_FILL_OFFICIAL_NO_QUOTE,data/official_daily/TWSE_*.parquet
6526,TWSE,2018-11-06,108.5,108.5,108.5,108.5,0.0,REMOVE_PROVIDER_FORWARD_FILL_OFFICIAL_NO_QUOTE,data/official_daily/TWSE_*.parquet
6526,TWSE,2018-11-07,108.5,108.5,108.5,108.5,0.0,REMOVE_PROVIDER_FORWARD_FILL_OFFICIAL_NO_QUOTE,data/official_daily/TWSE_*.parquet
6526,TWSE,2018-11-08,108.5,108.5,108.5,108.5,0.0,REMOVE_PROVIDER_FORWARD_FILL_OFFICIAL_NO_QUOTE,data/official_daily/TWSE_*.parquet
6526,TWSE,2018-11-09,108.5,108.5,108.5,108.5,0.0,REMOVE_PROVIDER_FORWARD_FILL_OFFICIAL_NO_QUOTE,data/official_daily/TWSE_*.parquet
6526,TWSE,2018-11-12,108.5,108.5,108.5,108.5,0.0,REMOVE_PROVIDER_FORWARD_FILL_OFFICIAL_NO_QUOTE,data/official_daily/TWSE_*.parquet
6526,TWSE,2018-11-13,108.5,108.5,108.5,108.5,0.0,REMOVE_PROVIDER_FORWARD_FILL_OFFICIAL_NO_QUOTE,data/official_daily/TWSE_*.parquet
6526,TWSE,2018-11-14,108.5,108.5,108.5,108.5,0.0,REMOVE_PROVIDER_FORWARD_FILL_OFFICIAL_NO_QUOTE,data/official_daily/TWSE_*.parquet
6526,TWSE,2018-11-15,108.5,108.5,108.5,108.5,0.0,REMOVE_PROVIDER_FORWARD_FILL_OFFICIAL_NO_QUOTE,data/official_daily/TWSE_*.parquet
6526,TWSE,2018-11-16,108.5,108.5,108.5,108.5,0.0,REMOVE_PROVIDER_FORWARD_FILL_OFFICIAL_NO_QUOTE,data/official_daily/TWSE_*.parquet
6526,TWSE,2018-11-19,108.5,108.5,108.5,108.5,0.0,REMOVE_PROVIDER_FORWARD_FILL_OFFICIAL_NO_QUOTE,data/official_daily/TWSE_*.parquet
6526,TWSE,2018-11-20,108.5,108.5,108.5,108.5,0.0,REMOVE_PROVIDER_FORWARD_FILL_OFFICIAL_NO_QUOTE,data/official_daily/TWSE_*.parquet
6526,TWSE,2018-11-21,108.5,108.5,108.5,108.5,0.0,REMOVE_PROVIDER_FORWARD_FILL_OFFICIAL_NO_QUOTE,data/official_daily/TWSE_*.parquet
6526,TWSE,2018-11-22,108.5,108.5,108.5,108.5,0.0,REMOVE_PROVIDER_FORWARD_FILL_OFFICIAL_NO_QUOTE,data/official_daily/TWSE_*.parquet
6526,TWSE,2018-11-23,108.5,108.5,108.5,108.5,0.0,REMOVE_PROVIDER_FORWARD_FILL_OFFICIAL_NO_QUOTE,data/official_daily/TWSE_*.parquet
6526,TWSE,2018-11-26,108.5,108.5,108.5,108.5,0.0,REMOVE_PROVIDER_FORWARD_FILL_OFFICIAL_NO_QUOTE,data/official_daily/TWSE_*.parquet
6526,TWSE,2018-11-27,108.5,108.5,108.5,108.5,0.0,REMOVE_PROVIDER_FORWARD_FILL_OFFICIAL_NO_QUOTE,data/official_daily/TWSE_*.parquet
6526,TWSE,2018-11-28,108.5,108.5,108.5,108.5,0.0,REMOVE_PROVIDER_FORWARD_FILL_OFFICIAL_NO_QUOTE,data/official_daily/TWSE_*.parquet
6526,TWSE,2018-11-29,108.5,108.5,108.5,108.5,0.0,REMOVE_PROVIDER_FORWARD_FILL_OFFICIAL_NO_QUOTE,data/official_daily/TWSE_*.parquet
6526,TWSE,2018-11-30,108.5,108.5,108.5,108.5,0.0,REMOVE_PROVIDER_FORWARD_FILL_OFFICIAL_NO_QUOTE,data/official_daily/TWSE_*.parquet
6526,TWSE,2018-12-03,108.5,108.5,108.5,108.5,0.0,REMOVE_PROVIDER_FORWARD_FILL_OFFICIAL_NO_QUOTE,data/official_daily/TWSE_*.parquet
6526,TWSE,2018-12-04,108.5,108.5,108.5,108.5,0.0,REMOVE_PROVIDER_FORWARD_FILL_OFFICIAL_NO_QUOTE,data/official_daily/TWSE_*.parquet
6526,TWSE,2018-12-05,108.5,108.5,108.5,108.5,0.0,REMOVE_PROVIDER_FORWARD_FILL_OFFICIAL_NO_QUOTE,data/official_daily/TWSE_*.parquet
6526,TWSE,2018-12-06,108.5,108.5,108.5,108.5,0.0,REMOVE_PROVIDER_FORWARD_FILL_OFFICIAL_NO_QUOTE,data/official_daily/TWSE_*.parquet
6526,TWSE,2018-12-07,108.5,108.5,108.5,108.5,0.0,REMOVE_PROVIDER_FORWARD_FILL_OFFICIAL_NO_QUOTE,data/official_daily/TWSE_*.parquet
6526,TWSE,2018-12-10,108.5,108.5,108.5,108.5,0.0,REMOVE_PROVIDER_FORWARD_FILL_OFFICIAL_NO_QUOTE,data/official_daily/TWSE_*.parquet
6526,TWSE,2018-12-11,108.5,108.5,108.5,108.5,0.0,REMOVE_PROVIDER_FORWARD_FILL_OFFICIAL_NO_QUOTE,data/official_daily/TWSE_*.parquet
6526,TWSE,2018-12-12,108.5,108.5,108.5,108.5,0.0,REMOVE_PROVIDER_FORWARD_FILL_OFFICIAL_NO_QUOTE,data/official_daily/TWSE_*.parquet
6526,TWSE,2018-12-13,108.5,108.5,108.5,108.5,0.0,REMOVE_PROVIDER_FORWARD_FILL_OFFICIAL_NO_QUOTE,data/official_daily/TWSE_*.parquet
6526,TWSE,2018-12-14,108.5,108.5,108.5,108.5,0.0,REMOVE_PROVIDER_FORWARD_FILL_OFFICIAL_NO_QUOTE,data/official_daily/TWSE_*.parquet
6526,TWSE,2018-12-17,108.5,108.5,108.5,108.5,0.0,REMOVE_PROVIDER_FORWARD_FILL_OFFICIAL_NO_QUOTE,data/official_daily/TWSE_*.parquet
6526,TWSE,2018-12-18,108.5,108.5,108.5,108.5,0.0,REMOVE_PROVIDER_FORWARD_FILL_OFFICIAL_NO_QUOTE,data/official_daily/TWSE_*.parquet
6526,TWSE,2018-12-19,108.5,108.5,108.5,108.5,0.0,REMOVE_PROVIDER_FORWARD_FILL_OFFICIAL_NO_QUOTE,data/official_daily/TWSE_*.parquet
6526,TWSE,2018-12-20,108.5,108.5,108.5,108.5,0.0,REMOVE_PROVIDER_FORWARD_FILL_OFFICIAL_NO_QUOTE,data/official_daily/TWSE_*.parquet
6526,TWSE,2018-12-21,108.5,108.5,108.5,108.5,0.0,REMOVE_PROVIDER_FORWARD_FILL_OFFICIAL_NO_QUOTE,data/official_daily/TWSE_*.parquet
6526,TWSE,2018-12-24,108.5,108.5,108.5,108.5,0.0,REMOVE_PROVIDER_FORWARD_FILL_OFFICIAL_NO_QUOTE,data/official_daily/TWSE_*.parquet
6526,TWSE,2018-12-25,108.5,108.5,108.5,108.5,0.0,REMOVE_PROVIDER_FORWARD_FILL_OFFICIAL_NO_QUOTE,data/official_daily/TWSE_*.parquet
6526,TWSE,2018-12-26,108.5,108.5,108.5,108.5,0.0,REMOVE_PROVIDER_FORWARD_FILL_OFFICIAL_NO_QUOTE,data/official_daily/TWSE_*.parquet
6526,TWSE,2018-12-27,108.5,108.5,108.5,108.5,0.0,REMOVE_PROVIDER_FORWARD_FILL_OFFICIAL_NO_QUOTE,data/official_daily/TWSE_*.parquet
6526,TWSE,2018-12-28,108.5,108.5,108.5,108.5,0.0,REMOVE_PROVIDER_FORWARD_FILL_OFFICIAL_NO_QUOTE,data/official_daily/TWSE_*.parquet
6526,TWSE,2019-01-02,108.5,108.5,108.5,108.5,0.0,REMOVE_PROVIDER_FORWARD_FILL_OFFICIAL_NO_QUOTE,data/official_daily/TWSE_*.parquet
6526,TWSE,2019-01-03,108.5,108.5,108.5,108.5,0.0,REMOVE_PROVIDER_FORWARD_FILL_OFFICIAL_NO_QUOTE,data/official_daily/TWSE_*.parquet
6526,TWSE,2019-01-04,108.5,108.5,108.5,108.5,0.0,REMOVE_PROVIDER_FORWARD_FILL_OFFICIAL_NO_QUOTE,data/official_daily/TWSE_*.parquet
6526,TWSE,2019-01-07,108.5,108.5,108.5,108.5,0.0,REMOVE_PROVIDER_FORWARD_FILL_OFFICIAL_NO_QUOTE,data/official_daily/TWSE_*.parquet
6526,TWSE,2019-01-08,108.5,108.5,108.5,108.5,0.0,REMOVE_PROVIDER_FORWARD_FILL_OFFICIAL_NO_QUOTE,data/official_daily/TWSE_*.parquet
6526,TWSE,2019-01-09,108.5,108.5,108.5,108.5,0.0,REMOVE_PROVIDER_FORWARD_FILL_OFFICIAL_NO_QUOTE,data/official_daily/TWSE_*.parquet
6526,TWSE,2019-01-10,108.5,108.5,108.5,108.5,0.0,REMOVE_PROVIDER_FORWARD_FILL_OFFICIAL_NO_QUOTE,data/official_daily/TWSE_*.parquet
6526,TWSE,2019-01-11,108.5,108.5,108.5,108.5,0.0,REMOVE_PROVIDER_FORWARD_FILL_OFFICIAL_NO_QUOTE,data/official_daily/TWSE_*.parquet
6526,TWSE,2019-01-14,108.5,108.5,108.5,108.5,0.0,REMOVE_PROVIDER_FORWARD_FILL_OFFICIAL_NO_QUOTE,data/official_daily/TWSE_*.parquet
6526,TWSE,2019-01-15,108.5,108.5,108.5,108.5,0.0,REMOVE_PROVIDER_FORWARD_FILL_OFFICIAL_NO_QUOTE,data/official_daily/TWSE_*.parquet
6526,TWSE,2019-01-16,108.5,108.5,108.5,108.5,0.0,REMOVE_PROVIDER_FORWARD_FILL_OFFICIAL_NO_QUOTE,data/official_daily/TWSE_*.parquet
6526,TWSE,2019-01-17,108.5,108.5,108.5,108.5,0.0,REMOVE_PROVIDER_FORWARD_FILL_OFFICIAL_NO_QUOTE,data/official_daily/TWSE_*.parquet
6526,TWSE,2019-01-18,108.5,108.5,108.5,108.5,0.0,REMOVE_PROVIDER_FORWARD_FILL_OFFICIAL_NO_QUOTE,data/official_daily/TWSE_*.parquet
6526,TWSE,2019-01-21,108.5,108.5,108.5,108.5,0.0,REMOVE_PROVIDER_FORWARD_FILL_OFFICIAL_NO_QUOTE,data/official_daily/TWSE_*.parquet
6526,TWSE,2019-01-22,108.5,108.5,108.5,108.5,0.0,REMOVE_PROVIDER_FORWARD_FILL_OFFICIAL_NO_QUOTE,data/official_daily/TWSE_*.parquet
6526,TWSE,2019-01-23,108.5,108.5,108.5,108.5,0.0,REMOVE_PROVIDER_FORWARD_FILL_OFFICIAL_NO_QUOTE,data/official_daily/TWSE_*.parquet
6526,TWSE,2019-01-24,108.5,108.5,108.5,108.5,0.0,REMOVE_PROVIDER_FORWARD_FILL_OFFICIAL_NO_QUOTE,data/official_daily/TWSE_*.parquet
6526,TWSE,2019-01-25,108.5,108.5,108.5,108.5,0.0,REMOVE_PROVIDER_FORWARD_FILL_OFFICIAL_NO_QUOTE,data/official_daily/TWSE_*.parquet
6526,TWSE,2019-01-28,108.5,108.5,108.5,108.5,0.0,REMOVE_PROVIDER_FORWARD_FILL_OFFICIAL_NO_QUOTE,data/official_daily/TWSE_*.parquet
6526,TWSE,2019-01-29,108.5,108.5,108.5,108.5,0.0,REMOVE_PROVIDER_FORWARD_FILL_OFFICIAL_NO_QUOTE,data/official_daily/TWSE_*.parquet
6526,TWSE,2019-01-30,108.5,108.5,108.5,108.5,0.0,REMOVE_PROVIDER_FORWARD_FILL_OFFICIAL_NO_QUOTE,data/official_daily/TWSE_*.parquet
6526,TWSE,2019-02-11,108.5,108.5,108.5,108.5,0.0,REMOVE_PROVIDER_FORWARD_FILL_OFFICIAL_NO_QUOTE,data/official_daily/TWSE_*.parquet
6526,TWSE,2019-02-12,108.5,108.5,108.5,108.5,0.0,REMOVE_PROVIDER_FORWARD_FILL_OFFICIAL_NO_QUOTE,data/official_daily/TWSE_*.parquet
6526,TWSE,2019-02-13,108.5,108.5,108.5,108.5,0.0,REMOVE_PROVIDER_FORWARD_FILL_OFFICIAL_NO_QUOTE,data/official_daily/TWSE_*.parquet
6526,TWSE,2019-02-14,108.5,108.5,108.5,108.5,0.0,REMOVE_PROVIDER_FORWARD_FILL_OFFICIAL_NO_QUOTE,data/official_daily/TWSE_*.parquet
6526,TWSE,2019-02-15,108.5,108.5,108.5,108.5,0.0,REMOVE_PROVIDER_FORWARD_FILL_OFFICIAL_NO_QUOTE,data/official_daily/TWSE_*.parquet
6526,TWSE,2019-02-18,108.5,108.5,108.5,108.5,0.0,REMOVE_PROVIDER_FORWARD_FILL_OFFICIAL_NO_QUOTE,data/official_daily/TWSE_*.parquet
6526,TWSE,2019-02-19,108.5,108.5,108.5,108.5,0.0,REMOVE_PROVIDER_FORWARD_FILL_OFFICIAL_NO_QUOTE,data/official_daily/TWSE_*.parquet
6526,TWSE,2019-02-20,108.5,108.5,108.5,108.5,0.0,REMOVE_PROVIDER_FORWARD_FILL_OFFICIAL_NO_QUOTE,data/official_daily/TWSE_*.parquet
6526,TWSE,2019-02-21,108.5,108.5,108.5,108.5,0.0,REMOVE_PROVIDER_FORWARD_FILL_OFFICIAL_NO_QUOTE,data/official_daily/TWSE_*.parquet
6526,TWSE,2019-02-22,108.5,108.5,108.5,108.5,0.0,REMOVE_PROVIDER_FORWARD_FILL_OFFICIAL_NO_QUOTE,data/official_daily/TWSE_*.parquet
6526,TWSE,2019-02-25,108.5,108.5,108.5,108.5,0.0,REMOVE_PROVIDER_FORWARD_FILL_OFFICIAL_NO_QUOTE,data/official_daily/TWSE_*.parquet
6526,TWSE,2019-02-26,108.5,108.5,108.5,108.5,0.0,REMOVE_PROVIDER_FORWARD_FILL_OFFICIAL_NO_QUOTE,data/official_daily/TWSE_*.parquet
6526,TWSE,2019-02-27,108.5,108.5,108.5,108.5,0.0,REMOVE_PROVIDER_FORWARD_FILL_OFFICIAL_NO_QUOTE,data/official_daily/TWSE_*.parquet
6526,TWSE,2019-03-04,108.5,108.5,108.5,108.5,0.0,REMOVE_PROVIDER_FORWARD_FILL_OFFICIAL_NO_QUOTE,data/official_daily/TWSE_*.parquet
6526,TWSE,2019-03-05,108.5,108.5,108.5,108.5,0.0,REMOVE_PROVIDER_FORWARD_FILL_OFFICIAL_NO_QUOTE,data/official_daily/TWSE_*.parquet
6526,TWSE,2019-03-06,108.5,108.5,108.5,108.5,0.0,REMOVE_PROVIDER_FORWARD_FILL_OFFICIAL_NO_QUOTE,data/official_daily/TWSE_*.parquet
6526,TWSE,2019-03-07,108.5,108.5,108.5,108.5,0.0,REMOVE_PROVIDER_FORWARD_FILL_OFFICIAL_NO_QUOTE,data/official_daily/TWSE_*.parquet
6526,TWSE,2019-03-08,108.5,108.5,108.5,108.5,0.0,REMOVE_PROVIDER_FORWARD_FILL_OFFICIAL_NO_QUOTE,data/official_daily/TWSE_*.parquet
6526,TWSE,2019-03-11,108.5,108.5,108.5,108.5,0.0,REMOVE_PROVIDER_FORWARD_FILL_OFFICIAL_NO_QUOTE,data/official_daily/TWSE_*.parquet
6526,TWSE,2019-03-12,108.5,108.5,108.5,108.5,0.0,REMOVE_PROVIDER_FORWARD_FILL_OFFICIAL_NO_QUOTE,data/official_daily/TWSE_*.parquet
6526,TWSE,2019-03-13,108.5,108.5,108.5,108.5,0.0,REMOVE_PROVIDER_FORWARD_FILL_OFFICIAL_NO_QUOTE,data/official_daily/TWSE_*.parquet
6526,TWSE,2019-03-14,108.5,108.5,108.5,108.5,0.0,REMOVE_PROVIDER_FORWARD_FILL_OFFICIAL_NO_QUOTE,data/official_daily/TWSE_*.parquet
6526,TWSE,2019-03-15,108.5,108.5,108.5,108.5,0.0,REMOVE_PROVIDER_FORWARD_FILL_OFFICIAL_NO_QUOTE,data/official_daily/TWSE_*.parquet
6526,TWSE,2019-03-18,108.5,108.5,108.5,108.5,0.0,REMOVE_PROVIDER_FORWARD_FILL_OFFICIAL_NO_QUOTE,data/official_daily/TWSE_*.parquet
6526,TWSE,2019-03-19,108.5,108.5,108.5,108.5,0.0,REMOVE_PROVIDER_FORWARD_FILL_OFFICIAL_NO_QUOTE,data/official_daily/TWSE_*.parquet
6526,TWSE,2019-03-20,108.5,108.5,108.5,108.5,0.0,REMOVE_PROVIDER_FORWARD_FILL_OFFICIAL_NO_QUOTE,data/official_daily/TWSE_*.parquet
6526,TWSE,2019-03-21,108.5,108.5,108.5,108.5,0.0,REMOVE_PROVIDER_FORWARD_FILL_OFFICIAL_NO_QUOTE,data/official_daily/TWSE_*.parquet
6526,TWSE,2019-03-22,108.5,108.5,108.5,108.5,0.0,REMOVE_PROVIDER_FORWARD_FILL_OFFICIAL_NO_QUOTE,data/official_daily/TWSE_*.parquet
6526,TWSE,2019-03-25,108.5,108.5,108.5,108.5,0.0,REMOVE_PROVIDER_FORWARD_FILL_OFFICIAL_NO_QUOTE,data/official_daily/TWSE_*.parquet
6526,TWSE,2019-03-26,108.5,108.5,108.5,108.5,0.0,REMOVE_PROVIDER_FORWARD_FILL_OFFICIAL_NO_QUOTE,data/official_daily/TWSE_*.parquet
6526,TWSE,2019-03-27,108.5,108.5,108.5,108.5,0.0,REMOVE_PROVIDER_FORWARD_FILL_OFFICIAL_NO_QUOTE,data/official_daily/TWSE_*.parquet
6526,TWSE,2019-03-28,108.5,108.5,108.5,108.5,0.0,REMOVE_PROVIDER_FORWARD_FILL_OFFICIAL_NO_QUOTE,data/official_daily/TWSE_*.parquet
6526,TWSE,2019-03-29,108.5,108.5,108.5,108.5,0.0,REMOVE_PROVIDER_FORWARD_FILL_OFFICIAL_NO_QUOTE,data/official_daily/TWSE_*.parquet
6526,TWSE,2019-04-01,108.5,108.5,108.5,108.5,0.0,REMOVE_PROVIDER_FORWARD_FILL_OFFICIAL_NO_QUOTE,data/official_daily/TWSE_*.parquet
6526,TWSE,2019-04-02,108.5,108.5,108.5,108.5,0.0,REMOVE_PROVIDER_FORWARD_FILL_OFFICIAL_NO_QUOTE,data/official_daily/TWSE_*.parquet
6526,TWSE,2019-04-03,108.5,108.5,108.5,108.5,0.0,REMOVE_PROVIDER_FORWARD_FILL_OFFICIAL_NO_QUOTE,data/official_daily/TWSE_*.parquet
6526,TWSE,2019-04-08,108.5,108.5,108.5,108.5,0.0,REMOVE_PROVIDER_FORWARD_FILL_OFFICIAL_NO_QUOTE,data/official_daily/TWSE_*.parquet
6526,TWSE,2019-04-09,108.5,108.5,108.5,108.5,0.0,REMOVE_PROVIDER_FORWARD_FILL_OFFICIAL_NO_QUOTE,data/official_daily/TWSE_*.parquet
6526,TWSE,2019-04-10,108.5,108.5,108.5,108.5,0.0,REMOVE_PROVIDER_FORWARD_FILL_OFFICIAL_NO_QUOTE,data/official_daily/TWSE_*.parquet
6526,TWSE,2019-04-11,108.5,108.5,108.5,108.5,0.0,REMOVE_PROVIDER_FORWARD_FILL_OFFICIAL_NO_QUOTE,data/official_daily/TWSE_*.parquet
6526,TWSE,2019-04-12,108.5,108.5,108.5,108.5,0.0,REMOVE_PROVIDER_FORWARD_FILL_OFFICIAL_NO_QUOTE,data/official_daily/TWSE_*.parquet
6526,TWSE,2019-04-15,108.5,108.5,108.5,108.5,0.0,REMOVE_PROVIDER_FORWARD_FILL_OFFICIAL_NO_QUOTE,data/official_daily/TWSE_*.parquet
6526,TWSE,2019-04-16,108.5,108.5,108.5,108.5,0.0,REMOVE_PROVIDER_FORWARD_FILL_OFFICIAL_NO_QUOTE,data/official_daily/TWSE_*.parquet
6526,TWSE,2019-04-17,108.5,108.5,108.5,108.5,0.0,REMOVE_PROVIDER_FORWARD_FILL_OFFICIAL_NO_QUOTE,data/official_daily/TWSE_*.parquet
6526,TWSE,2019-04-18,108.5,108.5,108.5,108.5,0.0,REMOVE_PROVIDER_FORWARD_FILL_OFFICIAL_NO_QUOTE,data/official_daily/TWSE_*.parquet
6526,TWSE,2019-04-19,108.5,108.5,108.5,108.5,0.0,REMOVE_PROVIDER_FORWARD_FILL_OFFICIAL_NO_QUOTE,data/official_daily/TWSE_*.parquet
6526,TWSE,2019-04-22,108.5,108.5,108.5,108.5,0.0,REMOVE_PROVIDER_FORWARD_FILL_OFFICIAL_NO_QUOTE,data/official_daily/TWSE_*.parquet
6526,TWSE,2019-04-23,108.5,108.5,108.5,108.5,0.0,REMOVE_PROVIDER_FORWARD_FILL_OFFICIAL_NO_QUOTE,data/official_daily/TWSE_*.parquet
6526,TWSE,2019-04-24,108.5,108.5,108.5,108.5,0.0,REMOVE_PROVIDER_FORWARD_FILL_OFFICIAL_NO_QUOTE,data/official_daily/TWSE_*.parquet
6526,TWSE,2019-04-25,108.5,108.5,108.5,108.5,0.0,REMOVE_PROVIDER_FORWARD_FILL_OFFICIAL_NO_QUOTE,data/official_daily/TWSE_*.parquet
6526,TWSE,2019-04-26,108.5,108.5,108.5,108.5,0.0,REMOVE_PROVIDER_FORWARD_FILL_OFFICIAL_NO_QUOTE,data/official_daily/TWSE_*.parquet
6526,TWSE,2019-04-29,108.5,108.5,108.5,108.5,0.0,REMOVE_PROVIDER_FORWARD_FILL_OFFICIAL_NO_QUOTE,data/official_daily/TWSE_*.parquet
6526,TWSE,2019-04-30,108.5,108.5,108.5,108.5,0.0,REMOVE_PROVIDER_FORWARD_FILL_OFFICIAL_NO_QUOTE,data/official_daily/TWSE_*.parquet
6526,TWSE,2019-05-02,108.5,108.5,108.5,108.5,0.0,REMOVE_PROVIDER_FORWARD_FILL_OFFICIAL_NO_QUOTE,data/official_daily/TWSE_*.parquet
6526,TWSE,2019-05-03,108.5,108.5,108.5,108.5,0.0,REMOVE_PROVIDER_FORWARD_FILL_OFFICIAL_NO_QUOTE,data/official_daily/TWSE_*.parquet
6526,TWSE,2019-05-06,108.5,108.5,108.5,108.5,0.0,REMOVE_PROVIDER_FORWARD_FILL_OFFICIAL_NO_QUOTE,data/official_daily/TWSE_*.parquet
6526,TWSE,2019-05-07,108.5,108.5,108.5,108.5,0.0,REMOVE_PROVIDER_FORWARD_FILL_OFFICIAL_NO_QUOTE,data/official_daily/TWSE_*.parquet
6526,TWSE,2019-05-08,108.5,108.5,108.5,108.5,0.0,REMOVE_PROVIDER_FORWARD_FILL_OFFICIAL_NO_QUOTE,data/official_daily/TWSE_*.parquet
6526,TWSE,2019-05-09,108.5,108.5,108.5,108.5,0.0,REMOVE_PROVIDER_FORWARD_FILL_OFFICIAL_NO_QUOTE,data/official_daily/TWSE_*.parquet
6526,TWSE,2019-05-10,108.5,108.5,108.5,108.5,0.0,REMOVE_PROVIDER_FORWARD_FILL_OFFICIAL_NO_QUOTE,data/official_daily/TWSE_*.parquet
6526,TWSE,2019-05-13,108.5,108.5,108.5,108.5,0.0,REMOVE_PROVIDER_FORWARD_FILL_OFFICIAL_NO_QUOTE,data/official_daily/TWSE_*.parquet
6526,TWSE,2019-05-14,108.5,108.5,108.5,108.5,0.0,REMOVE_PROVIDER_FORWARD_FILL_OFFICIAL_NO_QUOTE,data/official_daily/TWSE_*.parquet
6526,TWSE,2019-05-15,108.5,108.5,108.5,108.5,0.0,REMOVE_PROVIDER_FORWARD_FILL_OFFICIAL_NO_QUOTE,data/official_daily/TWSE_*.parquet
6526,TWSE,2019-05-16,108.5,108.5,108.5,108.5,0.0,REMOVE_PROVIDER_FORWARD_FILL_OFFICIAL_NO_QUOTE,data/official_daily/TWSE_*.parquet
6526,TWSE,2019-05-17,108.5,108.5,108.5,108.5,0.0,REMOVE_PROVIDER_FORWARD_FILL_OFFICIAL_NO_QUOTE,data/official_daily/TWSE_*.parquet
6526,TWSE,2019-05-20,108.5,108.5,108.5,108.5,0.0,REMOVE_PROVIDER_FORWARD_FILL_OFFICIAL_NO_QUOTE,data/official_daily/TWSE_*.parquet
6526,TWSE,2019-05-21,108.5,108.5,108.5,108.5,0.0,REMOVE_PROVIDER_FORWARD_FILL_OFFICIAL_NO_QUOTE,data/official_daily/TWSE_*.parquet
6526,TWSE,2019-05-22,108.5,108.5,108.5,108.5,0.0,REMOVE_PROVIDER_FORWARD_FILL_OFFICIAL_NO_QUOTE,data/official_daily/TWSE_*.parquet
6526,TWSE,2019-05-23,108.5,108.5,108.5,108.5,0.0,REMOVE_PROVIDER_FORWARD_FILL_OFFICIAL_NO_QUOTE,data/official_daily/TWSE_*.parquet
6526,TWSE,2019-05-24,108.5,108.5,108.5,108.5,0.0,REMOVE_PROVIDER_FORWARD_FILL_OFFICIAL_NO_QUOTE,data/official_daily/TWSE_*.parquet
6526,TWSE,2019-05-27,108.5,108.5,108.5,108.5,0.0,REMOVE_PROVIDER_FORWARD_FILL_OFFICIAL_NO_QUOTE,data/official_daily/TWSE_*.parquet
6526,TWSE,2019-05-28,108.5,108.5,108.5,108.5,0.0,REMOVE_PROVIDER_FORWARD_FILL_OFFICIAL_NO_QUOTE,data/official_daily/TWSE_*.parquet
6526,TWSE,2019-05-29,108.5,108.5,108.5,108.5,0.0,REMOVE_PROVIDER_FORWARD_FILL_OFFICIAL_NO_QUOTE,data/official_daily/TWSE_*.parquet
6526,TWSE,2019-05-30,108.5,108.5,108.5,108.5,0.0,REMOVE_PROVIDER_FORWARD_FILL_OFFICIAL_NO_QUOTE,data/official_daily/TWSE_*.parquet
6526,TWSE,2019-05-31,108.5,108.5,108.5,108.5,0.0,REMOVE_PROVIDER_FORWARD_FILL_OFFICIAL_NO_QUOTE,data/official_daily/TWSE_*.parquet
6526,TWSE,2019-06-03,108.5,108.5,108.5,108.5,0.0,REMOVE_PROVIDER_FORWARD_FILL_OFFICIAL_NO_QUOTE,data/official_daily/TWSE_*.parquet
6526,TWSE,2019-06-04,108.5,108.5,108.5,108.5,0.0,REMOVE_PROVIDER_FORWARD_FILL_OFFICIAL_NO_QUOTE,data/official_daily/TWSE_*.parquet
6526,TWSE,2019-06-05,108.5,108.5,108.5,108.5,0.0,REMOVE_PROVIDER_FORWARD_FILL_OFFICIAL_NO_QUOTE,data/official_daily/TWSE_*.parquet
6526,TWSE,2019-06-06,108.5,108.5,108.5,108.5,0.0,REMOVE_PROVIDER_FORWARD_FILL_OFFICIAL_NO_QUOTE,data/official_daily/TWSE_*.parquet
6526,TWSE,2019-06-10,108.5,108.5,108.5,108.5,0.0,REMOVE_PROVIDER_FORWARD_FILL_OFFICIAL_NO_QUOTE,data/official_daily/TWSE_*.parquet
6526,TWSE,2019-06-11,108.5,108.5,108.5,108.5,0.0,REMOVE_PROVIDER_FORWARD_FILL_OFFICIAL_NO_QUOTE,data/official_daily/TWSE_*.parquet
6526,TWSE,2019-06-12,108.5,108.5,108.5,108.5,0.0,REMOVE_PROVIDER_FORWARD_FILL_OFFICIAL_NO_QUOTE,data/official_daily/TWSE_*.parquet
6526,TWSE,2019-06-13,108.5,108.5,108.5,108.5,0.0,REMOVE_PROVIDER_FORWARD_FILL_OFFICIAL_NO_QUOTE,data/official_daily/TWSE_*.parquet
6526,TWSE,2019-06-14,108.5,108.5,108.5,108.5,0.0,REMOVE_PROVIDER_FORWARD_FILL_OFFICIAL_NO_QUOTE,data/official_daily/TWSE_*.parquet
6526,TWSE,2019-06-17,108.5,108.5,108.5,108.5,0.0,REMOVE_PROVIDER_FORWARD_FILL_OFFICIAL_NO_QUOTE,data/official_daily/TWSE_*.parquet
6526,TWSE,2019-06-18,108.5,108.5,108.5,108.5,0.0,REMOVE_PROVIDER_FORWARD_FILL_OFFICIAL_NO_QUOTE,data/official_daily/TWSE_*.parquet
6526,TWSE,2019-06-19,108.5,108.5,108.5,108.5,0.0,REMOVE_PROVIDER_FORWARD_FILL_OFFICIAL_NO_QUOTE,data/official_daily/TWSE_*.parquet
6526,TWSE,2019-06-20,108.5,108.5,108.5,108.5,0.0,REMOVE_PROVIDER_FORWARD_FILL_OFFICIAL_NO_QUOTE,data/official_daily/TWSE_*.parquet
6526,TWSE,2019-06-21,108.5,108.5,108.5,108.5,0.0,REMOVE_PROVIDER_FORWARD_FILL_OFFICIAL_NO_QUOTE,data/official_daily/TWSE_*.parquet
6526,TWSE,2019-06-24,108.5,108.5,108.5,108.5,0.0,REMOVE_PROVIDER_FORWARD_FILL_OFFICIAL_NO_QUOTE,data/official_daily/TWSE_*.parquet
6526,TWSE,2019-06-25,108.5,108.5,108.5,108.5,0.0,REMOVE_PROVIDER_FORWARD_FILL_OFFICIAL_NO_QUOTE,data/official_daily/TWSE_*.parquet
6526,TWSE,2019-06-26,108.5,108.5,108.5,108.5,0.0,REMOVE_PROVIDER_FORWARD_FILL_OFFICIAL_NO_QUOTE,data/official_daily/TWSE_*.parquet
6526,TWSE,2019-06-27,108.5,108.5,108.5,108.5,0.0,REMOVE_PROVIDER_FORWARD_FILL_OFFICIAL_NO_QUOTE,data/official_daily/TWSE_*.parquet
6526,TWSE,2019-06-28,108.5,108.5,108.5,108.5,0.0,REMOVE_PROVIDER_FORWARD_FILL_OFFICIAL_NO_QUOTE,data/official_daily/TWSE_*.parquet
6526,TWSE,2019-07-01,108.5,108.5,108.5,108.5,0.0,REMOVE_PROVIDER_FORWARD_FILL_OFFICIAL_NO_QUOTE,data/official_daily/TWSE_*.parquet
6526,TWSE,2019-07-02,108.5,108.5,108.5,108.5,0.0,REMOVE_PROVIDER_FORWARD_FILL_OFFICIAL_NO_QUOTE,data/official_daily/TWSE_*.parquet
6526,TWSE,2019-07-03,108.5,108.5,108.5,108.5,0.0,REMOVE_PROVIDER_FORWARD_FILL_OFFICIAL_NO_QUOTE,data/official_daily/TWSE_*.parquet
6526,TWSE,2019-07-04,108.5,108.5,108.5,108.5,0.0,REMOVE_PROVIDER_FORWARD_FILL_OFFICIAL_NO_QUOTE,data/official_daily/TWSE_*.parquet
6526,TWSE,2019-07-05,108.5,108.5,108.5,108.5,0.0,REMOVE_PROVIDER_FORWARD_FILL_OFFICIAL_NO_QUOTE,data/official_daily/TWSE_*.parquet
6526,TWSE,2019-07-08,108.5,108.5,108.5,108.5,0.0,REMOVE_PROVIDER_FORWARD_FILL_OFFICIAL_NO_QUOTE,data/official_daily/TWSE_*.parquet
6526,TWSE,2019-07-09,108.5,108.5,108.5,108.5,0.0,REMOVE_PROVIDER_FORWARD_FILL_OFFICIAL_NO_QUOTE,data/official_daily/TWSE_*.parquet
6526,TWSE,2019-07-10,108.5,108.5,108.5,108.5,0.0,REMOVE_PROVIDER_FORWARD_FILL_OFFICIAL_NO_QUOTE,data/official_daily/TWSE_*.parquet
6526,TWSE,2019-07-11,108.5,108.5,108.5,108.5,0.0,REMOVE_PROVIDER_FORWARD_FILL_OFFICIAL_NO_QUOTE,data/official_daily/TWSE_*.parquet
6526,TWSE,2019-07-12,108.5,108.5,108.5,108.5,0.0,REMOVE_PROVIDER_FORWARD_FILL_OFFICIAL_NO_QUOTE,data/official_daily/TWSE_*.parquet
6526,TWSE,2019-07-15,108.5,108.5,108.5,108.5,0.0,REMOVE_PROVIDER_FORWARD_FILL_OFFICIAL_NO_QUOTE,data/official_daily/TWSE_*.parquet
6526,TWSE,2019-07-16,108.5,108.5,108.5,108.5,0.0,REMOVE_PROVIDER_FORWARD_FILL_OFFICIAL_NO_QUOTE,data/official_daily/TWSE_*.parquet
6526,TWSE,2019-07-17,108.5,108.5,108.5,108.5,0.0,REMOVE_PROVIDER_FORWARD_FILL_OFFICIAL_NO_QUOTE,data/official_daily/TWSE_*.parquet
6526,TWSE,2019-07-18,108.5,108.5,108.5,108.5,0.0,REMOVE_PROVIDER_FORWARD_FILL_OFFICIAL_NO_QUOTE,data/official_daily/TWSE_*.parquet
6526,TWSE,2019-07-19,108.5,108.5,108.5,108.5,0.0,REMOVE_PROVIDER_FORWARD_FILL_OFFICIAL_NO_QUOTE,data/official_daily/TWSE_*.parquet
6526,TWSE,2019-07-22,108.5,108.5,108.5,108.5,0.0,REMOVE_PROVIDER_FORWARD_FILL_OFFICIAL_NO_QUOTE,data/official_daily/TWSE_*.parquet
6526,TWSE,2019-07-23,108.5,108.5,108.5,108.5,0.0,REMOVE_PROVIDER_FORWARD_FILL_OFFICIAL_NO_QUOTE,data/official_daily/TWSE_*.parquet
6526,TWSE,2019-07-24,108.5,108.5,108.5,108.5,0.0,REMOVE_PROVIDER_FORWARD_FILL_OFFICIAL_NO_QUOTE,data/official_daily/TWSE_*.parquet
6526,TWSE,2019-07-25,108.5,108.5,108.5,108.5,0.0,REMOVE_PROVIDER_FORWARD_FILL_OFFICIAL_NO_QUOTE,data/official_daily/TWSE_*.parquet
6526,TWSE,2019-07-26,108.5,108.5,108.5,108.5,0.0,REMOVE_PROVIDER_FORWARD_FILL_OFFICIAL_NO_QUOTE,data/official_daily/TWSE_*.parquet
6526,TWSE,2019-08-01,108.5,108.5,108.5,108.5,0.0,REMOVE_PROVIDER_FORWARD_FILL_OFFICIAL_NO_QUOTE,data/official_daily/TWSE_*.parquet
6534,TWSE,2018-03-05,85.22489929199219,85.22489929199219,85.22489929199219,85.22489929199219,0.0,REMOVE_PROVIDER_FORWARD_FILL_OFFICIAL_NO_QUOTE,data/official_daily/TWSE_*.parquet
6534,TWSE,2018-06-12,86.2386245727539,86.2386245727539,86.2386245727539,86.2386245727539,0.0,REMOVE_PROVIDER_FORWARD_FILL_OFFICIAL_NO_QUOTE,data/official_daily/TWSE_*.parquet
6534,TWSE,2018-09-03,82.46345520019531,82.46345520019531,82.46345520019531,82.46345520019531,0.0,REMOVE_PROVIDER_FORWARD_FILL_OFFICIAL_NO_QUOTE,data/official_daily/TWSE_*.parquet
6534,TWSE,2018-12-19,83.68097686767578,83.68097686767578,83.68097686767578,83.68097686767578,0.0,REMOVE_PROVIDER_FORWARD_FILL_OFFICIAL_NO_QUOTE,data/official_daily/TWSE_*.parquet
6534,TWSE,2018-12-20,83.68097686767578,83.68097686767578,83.68097686767578,83.68097686767578,0.0,REMOVE_PROVIDER_FORWARD_FILL_OFFICIAL_NO_QUOTE,data/official_daily/TWSE_*.parquet
6550,TWSE,2018-02-09,51.44212341308594,51.44212341308594,51.44212341308594,51.44212341308594,0.0,REMOVE_PROVIDER_FORWARD_FILL_OFFICIAL_NO_QUOTE,data/official_daily/TWSE_*.parquet
6550,TWSE,2018-03-05,54.2076301574707,54.2076301574707,54.2076301574707,54.2076301574707,0.0,REMOVE_PROVIDER_FORWARD_FILL_OFFICIAL_NO_QUOTE,data/official_daily/TWSE_*.parquet
6558,TWSE,2018-02-09,34.5,34.5,34.5,34.5,0.0,REMOVE_PROVIDER_FORWARD_FILL_OFFICIAL_NO_QUOTE,data/official_daily/TWSE_*.parquet
6558,TWSE,2018-03-05,36.59000015258789,36.59000015258789,36.59000015258789,36.59000015258789,0.0,REMOVE_PROVIDER_FORWARD_FILL_OFFICIAL_NO_QUOTE,data/official_daily/TWSE_*.parquet
6598,TWSE,2018-01-10,39.71236038208008,39.71236038208008,39.71236038208008,39.71236038208008,0.0,REMOVE_PROVIDER_FORWARD_FILL_OFFICIAL_NO_QUOTE,data/official_daily/TWSE_*.parquet
6598,TWSE,2018-01-25,41.44927978515625,41.44927978515625,41.44927978515625,41.44927978515625,0.0,REMOVE_PROVIDER_FORWARD_FILL_OFFICIAL_NO_QUOTE,data/official_daily/TWSE_*.parquet
6598,TWSE,2018-02-09,42.92961120605469,42.92961120605469,42.92961120605469,42.92961120605469,0.0,REMOVE_PROVIDER_FORWARD_FILL_OFFICIAL_NO_QUOTE,data/official_daily/TWSE_*.parquet
6598,TWSE,2018-03-05,41.597312927246094,41.597312927246094,41.597312927246094,41.597312927246094,0.0,REMOVE_PROVIDER_FORWARD_FILL_OFFICIAL_NO_QUOTE,data/official_daily/TWSE_*.parquet
6598,TWSE,2018-04-17,46.38372039794922,46.38372039794922,46.38372039794922,46.38372039794922,0.0,REMOVE_PROVIDER_FORWARD_FILL_OFFICIAL_NO_QUOTE,data/official_daily/TWSE_*.parquet
6598,TWSE,2018-04-19,47.854183197021484,47.854183197021484,47.854183197021484,47.854183197021484,0.0,REMOVE_PROVIDER_FORWARD_FILL_OFFICIAL_NO_QUOTE,data/official_daily/TWSE_*.parquet
6598,TWSE,2018-05-04,44.85404586791992,44.85404586791992,44.85404586791992,44.85404586791992,0.0,REMOVE_PROVIDER_FORWARD_FILL_OFFICIAL_NO_QUOTE,data/official_daily/TWSE_*.parquet
6598,TWSE,2018-05-07,44.85404586791992,44.85404586791992,44.85404586791992,44.85404586791992,0.0,REMOVE_PROVIDER_FORWARD_FILL_OFFICIAL_NO_QUOTE,data/official_daily/TWSE_*.parquet
6598,TWSE,2018-05-21,41.07426452636719,41.07426452636719,41.07426452636719,41.07426452636719,0.0,REMOVE_PROVIDER_FORWARD_FILL_OFFICIAL_NO_QUOTE,data/official_daily/TWSE_*.parquet
6598,TWSE,2018-06-20,40.07750701904297,40.07750701904297,40.07750701904297,40.07750701904297,0.0,REMOVE_PROVIDER_FORWARD_FILL_OFFICIAL_NO_QUOTE,data/official_daily/TWSE_*.parquet
6598,TWSE,2018-07-11,38.685997009277344,38.685997009277344,38.685997009277344,38.685997009277344,0.0,REMOVE_PROVIDER_FORWARD_FILL_OFFICIAL_NO_QUOTE,data/official_daily/TWSE_*.parquet
6598,TWSE,2018-07-31,40.442657470703125,40.442657470703125,40.442657470703125,40.442657470703125,0.0,REMOVE_PROVIDER_FORWARD_FILL_OFFICIAL_NO_QUOTE,data/official_daily/TWSE_*.parquet
6598,TWSE,2018-08-10,40.34396743774414,40.34396743774414,40.34396743774414,40.34396743774414,0.0,REMOVE_PROVIDER_FORWARD_FILL_OFFICIAL_NO_QUOTE,data/official_daily/TWSE_*.parquet
6598,TWSE,2018-08-20,40.136722564697266,40.136722564697266,40.136722564697266,40.136722564697266,0.0,REMOVE_PROVIDER_FORWARD_FILL_OFFICIAL_NO_QUOTE,data/official_daily/TWSE_*.parquet
6598,TWSE,2018-08-29,40.82754135131836,40.82754135131836,40.82754135131836,40.82754135131836,0.0,REMOVE_PROVIDER_FORWARD_FILL_OFFICIAL_NO_QUOTE,data/official_daily/TWSE_*.parquet
6598,TWSE,2018-08-30,40.82754135131836,40.82754135131836,40.82754135131836,40.82754135131836,0.0,REMOVE_PROVIDER_FORWARD_FILL_OFFICIAL_NO_QUOTE,data/official_daily/TWSE_*.parquet
6598,TWSE,2018-09-03,41.182823181152344,41.182823181152344,41.182823181152344,41.182823181152344,0.0,REMOVE_PROVIDER_FORWARD_FILL_OFFICIAL_NO_QUOTE,data/official_daily/TWSE_*.parquet
6598,TWSE,2018-09-11,40.73640060424805,40.73640060424805,40.73640060424805,40.73640060424805,0.0,REMOVE_PROVIDER_FORWARD_FILL_OFFICIAL_NO_QUOTE,data/official_daily/TWSE_*.parquet
6598,TWSE,2018-09-12,40.73640060424805,40.73640060424805,40.73640060424805,40.73640060424805,0.0,REMOVE_PROVIDER_FORWARD_FILL_OFFICIAL_NO_QUOTE,data/official_daily/TWSE_*.parquet
6598,TWSE,2018-10-29,37.94076156616211,37.94076156616211,37.94076156616211,37.94076156616211,0.0,REMOVE_PROVIDER_FORWARD_FILL_OFFICIAL_NO_QUOTE,data/official_daily/TWSE_*.parquet
6598,TWSE,2019-01-11,37.94076156616211,37.94076156616211,37.94076156616211,37.94076156616211,0.0,REMOVE_PROVIDER_FORWARD_FILL_OFFICIAL_NO_QUOTE,data/official_daily/TWSE_*.parquet
6598,TWSE,2019-04-29,43.721736907958984,43.721736907958984,43.721736907958984,43.721736907958984,0.0,REMOVE_PROVIDER_FORWARD_FILL_OFFICIAL_NO_QUOTE,data/official_daily/TWSE_*.parquet
6598,TWSE,2019-05-07,43.721736907958984,43.721736907958984,43.721736907958984,43.721736907958984,0.0,REMOVE_PROVIDER_FORWARD_FILL_OFFICIAL_NO_QUOTE,data/official_daily/TWSE_*.parquet
6598,TWSE,2019-05-20,40.05746078491211,40.05746078491211,40.05746078491211,40.05746078491211,0.0,REMOVE_PROVIDER_FORWARD_FILL_OFFICIAL_NO_QUOTE,data/official_daily/TWSE_*.parquet
6598,TWSE,2019-05-22,38.949188232421875,38.949188232421875,38.949188232421875,38.949188232421875,0.0,REMOVE_PROVIDER_FORWARD_FILL_OFFICIAL_NO_QUOTE,data/official_daily/TWSE_*.parquet
6598,TWSE,2019-05-27,39.03904724121094,39.03904724121094,39.03904724121094,39.03904724121094,0.0,REMOVE_PROVIDER_FORWARD_FILL_OFFICIAL_NO_QUOTE,data/official_daily/TWSE_*.parquet
6598,TWSE,2019-06-04,40.426883697509766,40.426883697509766,40.426883697509766,40.426883697509766,0.0,REMOVE_PROVIDER_FORWARD_FILL_OFFICIAL_NO_QUOTE,data/official_daily/TWSE_*.parquet
6598,TWSE,2019-06-19,38.57976531982422,38.57976531982422,38.57976531982422,38.57976531982422,0.0,REMOVE_PROVIDER_FORWARD_FILL_OFFICIAL_NO_QUOTE,data/official_daily/TWSE_*.parquet
6598,TWSE,2019-06-24,38.489906311035156,38.489906311035156,38.489906311035156,38.489906311035156,0.0,REMOVE_PROVIDER_FORWARD_FILL_OFFICIAL_NO_QUOTE,data/official_daily/TWSE_*.parquet
6598,TWSE,2019-06-26,38.91923522949219,38.91923522949219,38.91923522949219,38.91923522949219,0.0,REMOVE_PROVIDER_FORWARD_FILL_OFFICIAL_NO_QUOTE,data/official_daily/TWSE_*.parquet
6598,TWSE,2019-07-03,40.426883697509766,40.426883697509766,40.426883697509766,40.426883697509766,0.0,REMOVE_PROVIDER_FORWARD_FILL_OFFICIAL_NO_QUOTE,data/official_daily/TWSE_*.parquet
6598,TWSE,2019-07-04,40.426883697509766,40.426883697509766,40.426883697509766,40.426883697509766,0.0,REMOVE_PROVIDER_FORWARD_FILL_OFFICIAL_NO_QUOTE,data/official_daily/TWSE_*.parquet
6598,TWSE,2019-07-16,39.43842315673828,39.43842315673828,39.43842315673828,39.43842315673828,0.0,REMOVE_PROVIDER_FORWARD_FILL_OFFICIAL_NO_QUOTE,data/official_daily/TWSE_*.parquet
6645,TWSE,2018-02-09,15.967582702636719,15.967582702636719,15.967582702636719,15.967582702636719,0.0,REMOVE_PROVIDER_FORWARD_FILL_OFFICIAL_NO_QUOTE,data/official_daily/TWSE_*.parquet
6645,TWSE,2018-03-02,16.031452178955078,16.031452178955078,16.031452178955078,16.031452178955078,0.0,REMOVE_PROVIDER_FORWARD_FILL_OFFICIAL_NO_QUOTE,data/official_daily/TWSE_*.parquet
6645,TWSE,2018-03-05,16.031452178955078,16.031452178955078,16.031452178955078,16.031452178955078,0.0,REMOVE_PROVIDER_FORWARD_FILL_OFFICIAL_NO_QUOTE,data/official_daily/TWSE_*.parquet
6645,TWSE,2018-03-06,16.031452178955078,16.031452178955078,16.031452178955078,16.031452178955078,0.0,REMOVE_PROVIDER_FORWARD_FILL_OFFICIAL_NO_QUOTE,data/official_daily/TWSE_*.parquet
6645,TWSE,2018-03-09,15.677263259887695,15.677263259887695,15.677263259887695,15.677263259887695,0.0,REMOVE_PROVIDER_FORWARD_FILL_OFFICIAL_NO_QUOTE,data/official_daily/TWSE_*.parquet
6645,TWSE,2018-03-12,15.677263259887695,15.677263259887695,15.677263259887695,15.677263259887695,0.0,REMOVE_PROVIDER_FORWARD_FILL_OFFICIAL_NO_QUOTE,data/official_daily/TWSE_*.parquet
6645,TWSE,2018-03-22,15.781778335571289,15.781778335571289,15.781778335571289,15.781778335571289,0.0,REMOVE_PROVIDER_FORWARD_FILL_OFFICIAL_NO_QUOTE,data/official_daily/TWSE_*.parquet
6645,TWSE,2018-03-23,15.781778335571289,15.781778335571289,15.781778335571289,15.781778335571289,0.0,REMOVE_PROVIDER_FORWARD_FILL_OFFICIAL_NO_QUOTE,data/official_daily/TWSE_*.parquet
6645,TWSE,2018-03-26,15.781778335571289,15.781778335571289,15.781778335571289,15.781778335571289,0.0,REMOVE_PROVIDER_FORWARD_FILL_OFFICIAL_NO_QUOTE,data/official_daily/TWSE_*.parquet
6645,TWSE,2018-03-28,15.723713874816895,15.723713874816895,15.723713874816895,15.723713874816895,0.0,REMOVE_PROVIDER_FORWARD_FILL_OFFICIAL_NO_QUOTE,data/official_daily/TWSE_*.parquet
6645,TWSE,2018-03-29,15.723713874816895,15.723713874816895,15.723713874816895,15.723713874816895,0.0,REMOVE_PROVIDER_FORWARD_FILL_OFFICIAL_NO_QUOTE,data/official_daily/TWSE_*.parquet
6645,TWSE,2018-08-31,14.273277282714844,14.273277282714844,14.273277282714844,14.273277282714844,0.0,REMOVE_PROVIDER_FORWARD_FILL_OFFICIAL_NO_QUOTE,data/official_daily/TWSE_*.parquet
6645,TWSE,2018-09-03,14.273277282714844,14.273277282714844,14.273277282714844,14.273277282714844,0.0,REMOVE_PROVIDER_FORWARD_FILL_OFFICIAL_NO_QUOTE,data/official_daily/TWSE_*.parquet
6645,TWSE,2018-09-26,14.273277282714844,14.273277282714844,14.273277282714844,14.273277282714844,0.0,REMOVE_PROVIDER_FORWARD_FILL_OFFICIAL_NO_QUOTE,data/official_daily/TWSE_*.parquet
6645,TWSE,2018-09-28,14.208128929138184,14.208128929138184,14.208128929138184,14.208128929138184,0.0,REMOVE_PROVIDER_FORWARD_FILL_OFFICIAL_NO_QUOTE,data/official_daily/TWSE_*.parquet
6645,TWSE,2018-10-01,14.208128929138184,14.208128929138184,14.208128929138184,14.208128929138184,0.0,REMOVE_PROVIDER_FORWARD_FILL_OFFICIAL_NO_QUOTE,data/official_daily/TWSE_*.parquet
6645,TWSE,2018-10-18,13.035470008850098,13.035470008850098,13.035470008850098,13.035470008850098,0.0,REMOVE_PROVIDER_FORWARD_FILL_OFFICIAL_NO_QUOTE,data/official_daily/TWSE_*.parquet
6645,TWSE,2018-10-19,13.035470008850098,13.035470008850098,13.035470008850098,13.035470008850098,0.0,REMOVE_PROVIDER_FORWARD_FILL_OFFICIAL_NO_QUOTE,data/official_daily/TWSE_*.parquet
6645,TWSE,2018-10-22,13.035470008850098,13.035470008850098,13.035470008850098,13.035470008850098,0.0,REMOVE_PROVIDER_FORWARD_FILL_OFFICIAL_NO_QUOTE,data/official_daily/TWSE_*.parquet
6645,TWSE,2018-10-24,13.147997856140137,13.147997856140137,13.147997856140137,13.147997856140137,0.0,REMOVE_PROVIDER_FORWARD_FILL_OFFICIAL_NO_QUOTE,data/official_daily/TWSE_*.parquet
6645,TWSE,2018-10-30,12.674196243286133,12.674196243286133,12.674196243286133,12.674196243286133,0.0,REMOVE_PROVIDER_FORWARD_FILL_OFFICIAL_NO_QUOTE,data/official_daily/TWSE_*.parquet
6645,TWSE,2018-11-01,13.029546737670898,13.029546737670898,13.029546737670898,13.029546737670898,0.0,REMOVE_PROVIDER_FORWARD_FILL_OFFICIAL_NO_QUOTE,data/official_daily/TWSE_*.parquet
6645,TWSE,2018-11-02,13.029546737670898,13.029546737670898,13.029546737670898,13.029546737670898,0.0,REMOVE_PROVIDER_FORWARD_FILL_OFFICIAL_NO_QUOTE,data/official_daily/TWSE_*.parquet
6645,TWSE,2018-11-05,13.029546737670898,13.029546737670898,13.029546737670898,13.029546737670898,0.0,REMOVE_PROVIDER_FORWARD_FILL_OFFICIAL_NO_QUOTE,data/official_daily/TWSE_*.parquet
6645,TWSE,2018-11-08,13.059160232543945,13.059160232543945,13.059160232543945,13.059160232543945,0.0,REMOVE_PROVIDER_FORWARD_FILL_OFFICIAL_NO_QUOTE,data/official_daily/TWSE_*.parquet
6645,TWSE,2018-11-09,13.059160232543945,13.059160232543945,13.059160232543945,13.059160232543945,0.0,REMOVE_PROVIDER_FORWARD_FILL_OFFICIAL_NO_QUOTE,data/official_daily/TWSE_*.parquet
6645,TWSE,2018-11-13,12.555746078491211,12.555746078491211,12.555746078491211,12.555746078491211,0.0,REMOVE_PROVIDER_FORWARD_FILL_OFFICIAL_NO_QUOTE,data/official_daily/TWSE_*.parquet
6645,TWSE,2018-11-15,12.674196243286133,12.674196243286133,12.674196243286133,12.674196243286133,0.0,REMOVE_PROVIDER_FORWARD_FILL_OFFICIAL_NO_QUOTE,data/official_daily/TWSE_*.parquet
6645,TWSE,2018-11-16,12.674196243286133,12.674196243286133,12.674196243286133,12.674196243286133,0.0,REMOVE_PROVIDER_FORWARD_FILL_OFFICIAL_NO_QUOTE,data/official_daily/TWSE_*.parquet
6645,TWSE,2018-11-19,12.674196243286133,12.674196243286133,12.674196243286133,12.674196243286133,0.0,REMOVE_PROVIDER_FORWARD_FILL_OFFICIAL_NO_QUOTE,data/official_daily/TWSE_*.parquet
6645,TWSE,2018-11-21,12.141168594360352,12.141168594360352,12.141168594360352,12.141168594360352,0.0,REMOVE_PROVIDER_FORWARD_FILL_OFFICIAL_NO_QUOTE,data/official_daily/TWSE_*.parquet
6645,TWSE,2018-11-23,11.424544334411621,11.424544334411621,11.424544334411621,11.424544334411621,0.0,REMOVE_PROVIDER_FORWARD_FILL_OFFICIAL_NO_QUOTE,data/official_daily/TWSE_*.parquet
6645,TWSE,2018-11-27,11.845043182373047,11.845043182373047,11.845043182373047,11.845043182373047,0.0,REMOVE_PROVIDER_FORWARD_FILL_OFFICIAL_NO_QUOTE,data/official_daily/TWSE_*.parquet
6645,TWSE,2018-12-05,11.845043182373047,11.845043182373047,11.845043182373047,11.845043182373047,0.0,REMOVE_PROVIDER_FORWARD_FILL_OFFICIAL_NO_QUOTE,data/official_daily/TWSE_*.parquet
6645,TWSE,2018-12-14,13.444124221801758,13.444124221801758,13.444124221801758,13.444124221801758,0.0,REMOVE_PROVIDER_FORWARD_FILL_OFFICIAL_NO_QUOTE,data/official_daily/TWSE_*.parquet
6645,TWSE,2018-12-21,13.681024551391602,13.681024551391602,13.681024551391602,13.681024551391602,0.0,REMOVE_PROVIDER_FORWARD_FILL_OFFICIAL_NO_QUOTE,data/official_daily/TWSE_*.parquet
6645,TWSE,2018-12-24,13.681024551391602,13.681024551391602,13.681024551391602,13.681024551391602,0.0,REMOVE_PROVIDER_FORWARD_FILL_OFFICIAL_NO_QUOTE,data/official_daily/TWSE_*.parquet
6645,TWSE,2018-12-25,13.681024551391602,13.681024551391602,13.681024551391602,13.681024551391602,0.0,REMOVE_PROVIDER_FORWARD_FILL_OFFICIAL_NO_QUOTE,data/official_daily/TWSE_*.parquet
6645,TWSE,2018-12-26,13.681024551391602,13.681024551391602,13.681024551391602,13.681024551391602,0.0,REMOVE_PROVIDER_FORWARD_FILL_OFFICIAL_NO_QUOTE,data/official_daily/TWSE_*.parquet
6645,TWSE,2018-12-27,13.681024551391602,13.681024551391602,13.681024551391602,13.681024551391602,0.0,REMOVE_PROVIDER_FORWARD_FILL_OFFICIAL_NO_QUOTE,data/official_daily/TWSE_*.parquet
6645,TWSE,2019-01-03,13.621800422668457,13.621800422668457,13.621800422668457,13.621800422668457,0.0,REMOVE_PROVIDER_FORWARD_FILL_OFFICIAL_NO_QUOTE,data/official_daily/TWSE_*.parquet
6645,TWSE,2019-01-08,14.332502365112305,14.332502365112305,14.332502365112305,14.332502365112305,0.0,REMOVE_PROVIDER_FORWARD_FILL_OFFICIAL_NO_QUOTE,data/official_daily/TWSE_*.parquet
6645,TWSE,2019-01-23,13.621800422668457,13.621800422668457,13.621800422668457,13.621800422668457,0.0,REMOVE_PROVIDER_FORWARD_FILL_OFFICIAL_NO_QUOTE,data/official_daily/TWSE_*.parquet
6645,TWSE,2019-01-24,13.621800422668457,13.621800422668457,13.621800422668457,13.621800422668457,0.0,REMOVE_PROVIDER_FORWARD_FILL_OFFICIAL_NO_QUOTE,data/official_daily/TWSE_*.parquet
6645,TWSE,2019-01-25,13.621800422668457,13.621800422668457,13.621800422668457,13.621800422668457,0.0,REMOVE_PROVIDER_FORWARD_FILL_OFFICIAL_NO_QUOTE,data/official_daily/TWSE_*.parquet
6645,TWSE,2019-01-29,13.799474716186523,13.799474716186523,13.799474716186523,13.799474716186523,0.0,REMOVE_PROVIDER_FORWARD_FILL_OFFICIAL_NO_QUOTE,data/official_daily/TWSE_*.parquet
6645,TWSE,2019-01-30,13.799474716186523,13.799474716186523,13.799474716186523,13.799474716186523,0.0,REMOVE_PROVIDER_FORWARD_FILL_OFFICIAL_NO_QUOTE,data/official_daily/TWSE_*.parquet
6645,TWSE,2019-02-12,13.266448020935059,13.266448020935059,13.266448020935059,13.266448020935059,0.0,REMOVE_PROVIDER_FORWARD_FILL_OFFICIAL_NO_QUOTE,data/official_daily/TWSE_*.parquet
6645,TWSE,2019-02-13,13.266448020935059,13.266448020935059,13.266448020935059,13.266448020935059,0.0,REMOVE_PROVIDER_FORWARD_FILL_OFFICIAL_NO_QUOTE,data/official_daily/TWSE_*.parquet
6645,TWSE,2019-02-18,12.644582748413086,12.644582748413086,12.644582748413086,12.644582748413086,0.0,REMOVE_PROVIDER_FORWARD_FILL_OFFICIAL_NO_QUOTE,data/official_daily/TWSE_*.parquet
6645,TWSE,2019-02-21,12.378069877624512,12.378069877624512,12.378069877624512,12.378069877624512,0.0,REMOVE_PROVIDER_FORWARD_FILL_OFFICIAL_NO_QUOTE,data/official_daily/TWSE_*.parquet
6645,TWSE,2019-03-04,12.774879455566406,12.774879455566406,12.774879455566406,12.774879455566406,0.0,REMOVE_PROVIDER_FORWARD_FILL_OFFICIAL_NO_QUOTE,data/official_daily/TWSE_*.parquet
6645,TWSE,2019-03-11,13.029546737670898,13.029546737670898,13.029546737670898,13.029546737670898,0.0,REMOVE_PROVIDER_FORWARD_FILL_OFFICIAL_NO_QUOTE,data/official_daily/TWSE_*.parquet
6645,TWSE,2019-03-21,13.681024551391602,13.681024551391602,13.681024551391602,13.681024551391602,0.0,REMOVE_PROVIDER_FORWARD_FILL_OFFICIAL_NO_QUOTE,data/official_daily/TWSE_*.parquet
6645,TWSE,2019-05-03,13.503349304199219,13.503349304199219,13.503349304199219,13.503349304199219,0.0,REMOVE_PROVIDER_FORWARD_FILL_OFFICIAL_NO_QUOTE,data/official_daily/TWSE_*.parquet
6645,TWSE,2019-05-17,13.56257438659668,13.56257438659668,13.56257438659668,13.56257438659668,0.0,REMOVE_PROVIDER_FORWARD_FILL_OFFICIAL_NO_QUOTE,data/official_daily/TWSE_*.parquet
6645,TWSE,2019-06-06,13.147997856140137,13.147997856140137,13.147997856140137,13.147997856140137,0.0,REMOVE_PROVIDER_FORWARD_FILL_OFFICIAL_NO_QUOTE,data/official_daily/TWSE_*.parquet
6645,TWSE,2019-06-13,13.147997856140137,13.147997856140137,13.147997856140137,13.147997856140137,0.0,REMOVE_PROVIDER_FORWARD_FILL_OFFICIAL_NO_QUOTE,data/official_daily/TWSE_*.parquet
6645,TWSE,2019-06-14,13.147997856140137,13.147997856140137,13.147997856140137,13.147997856140137,0.0,REMOVE_PROVIDER_FORWARD_FILL_OFFICIAL_NO_QUOTE,data/official_daily/TWSE_*.parquet
6645,TWSE,2019-06-27,13.029546737670898,13.029546737670898,13.029546737670898,13.029546737670898,0.0,REMOVE_PROVIDER_FORWARD_FILL_OFFICIAL_NO_QUOTE,data/official_daily/TWSE_*.parquet
6645,TWSE,2019-07-03,13.147997856140137,13.147997856140137,13.147997856140137,13.147997856140137,0.0,REMOVE_PROVIDER_FORWARD_FILL_OFFICIAL_NO_QUOTE,data/official_daily/TWSE_*.parquet
6645,TWSE,2019-07-04,13.147997856140137,13.147997856140137,13.147997856140137,13.147997856140137,0.0,REMOVE_PROVIDER_FORWARD_FILL_OFFICIAL_NO_QUOTE,data/official_daily/TWSE_*.parquet
6645,TWSE,2019-07-05,13.147997856140137,13.147997856140137,13.147997856140137,13.147997856140137,0.0,REMOVE_PROVIDER_FORWARD_FILL_OFFICIAL_NO_QUOTE,data/official_daily/TWSE_*.parquet
6645,TWSE,2019-07-08,13.147997856140137,13.147997856140137,13.147997856140137,13.147997856140137,0.0,REMOVE_PROVIDER_FORWARD_FILL_OFFICIAL_NO_QUOTE,data/official_daily/TWSE_*.parquet
6645,TWSE,2019-07-09,13.147997856140137,13.147997856140137,13.147997856140137,13.147997856140137,0.0,REMOVE_PROVIDER_FORWARD_FILL_OFFICIAL_NO_QUOTE,data/official_daily/TWSE_*.parquet
6645,TWSE,2019-07-10,13.147997856140137,13.147997856140137,13.147997856140137,13.147997856140137,0.0,REMOVE_PROVIDER_FORWARD_FILL_OFFICIAL_NO_QUOTE,data/official_daily/TWSE_*.parquet
6645,TWSE,2019-08-01,13.949682235717773,13.949682235717773,13.949682235717773,13.949682235717773,0.0,REMOVE_PROVIDER_FORWARD_FILL_OFFICIAL_NO_QUOTE,data/official_daily/TWSE_*.parquet
6655,TWSE,2018-01-05,59.537723541259766,59.537723541259766,59.537723541259766,59.537723541259766,0.0,REMOVE_PROVIDER_FORWARD_FILL_OFFICIAL_NO_QUOTE,data/official_daily/TWSE_*.parquet
6655,TWSE,2018-01-12,58.44801712036133,58.44801712036133,58.44801712036133,58.44801712036133,0.0,REMOVE_PROVIDER_FORWARD_FILL_OFFICIAL_NO_QUOTE,data/official_daily/TWSE_*.parquet
6655,TWSE,2018-02-09,51.8602294921875,51.8602294921875,51.8602294921875,51.8602294921875,0.0,REMOVE_PROVIDER_FORWARD_FILL_OFFICIAL_NO_QUOTE,data/official_daily/TWSE_*.parquet
6655,TWSE,2018-03-05,54.48543930053711,54.48543930053711,54.48543930053711,54.48543930053711,0.0,REMOVE_PROVIDER_FORWARD_FILL_OFFICIAL_NO_QUOTE,data/official_daily/TWSE_*.parquet
6655,TWSE,2018-04-20,63.89656066894531,63.89656066894531,63.89656066894531,63.89656066894531,0.0,REMOVE_PROVIDER_FORWARD_FILL_OFFICIAL_NO_QUOTE,data/official_daily/TWSE_*.parquet
6655,TWSE,2018-04-27,65.68962860107422,65.68962860107422,65.68962860107422,65.68962860107422,0.0,REMOVE_PROVIDER_FORWARD_FILL_OFFICIAL_NO_QUOTE,data/official_daily/TWSE_*.parquet
6655,TWSE,2018-04-30,65.68962860107422,65.68962860107422,65.68962860107422,65.68962860107422,0.0,REMOVE_PROVIDER_FORWARD_FILL_OFFICIAL_NO_QUOTE,data/official_daily/TWSE_*.parquet
6655,TWSE,2018-05-04,65.24383544921875,65.24383544921875,65.24383544921875,65.24383544921875,0.0,REMOVE_PROVIDER_FORWARD_FILL_OFFICIAL_NO_QUOTE,data/official_daily/TWSE_*.parquet
6655,TWSE,2018-06-21,73.53553009033203,73.53553009033203,73.53553009033203,73.53553009033203,0.0,REMOVE_PROVIDER_FORWARD_FILL_OFFICIAL_NO_QUOTE,data/official_daily/TWSE_*.parquet
6657,TWSE,2019-07-04,42.830989837646484,42.830989837646484,42.830989837646484,42.830989837646484,0.0,REMOVE_PROVIDER_FORWARD_FILL_OFFICIAL_NO_QUOTE,data/official_daily/TWSE_*.parquet
6668,TWSE,2018-02-09,145.31365966796875,145.31365966796875,145.31365966796875,145.31365966796875,0.0,REMOVE_PROVIDER_FORWARD_FILL_OFFICIAL_NO_QUOTE,data/official_daily/TWSE_*.parquet
6668,TWSE,2018-03-05,145.5281982421875,145.5281982421875,145.5281982421875,145.5281982421875,0.0,REMOVE_PROVIDER_FORWARD_FILL_OFFICIAL_NO_QUOTE,data/official_daily/TWSE_*.parquet
6669,TWSE,2018-02-09,159.50387573242188,159.50387573242188,159.50387573242188,159.50387573242188,0.0,REMOVE_PROVIDER_FORWARD_FILL_OFFICIAL_NO_QUOTE,data/official_daily/TWSE_*.parquet
6669,TWSE,2018-03-05,133.37615966796875,133.37615966796875,133.37615966796875,133.37615966796875,0.0,REMOVE_PROVIDER_FORWARD_FILL_OFFICIAL_NO_QUOTE,data/official_daily/TWSE_*.parquet
6670,TWSE,2018-01-04,145.0,145.0,145.0,145.0,0.0,REMOVE_PROVIDER_FORWARD_FILL_OFFICIAL_NO_QUOTE,data/official_daily/TWSE_*.parquet
6670,TWSE,2018-01-19,153.0,153.0,153.0,153.0,0.0,REMOVE_PROVIDER_FORWARD_FILL_OFFICIAL_NO_QUOTE,data/official_daily/TWSE_*.parquet
6670,TWSE,2018-01-24,153.61000061035156,153.61000061035156,153.61000061035156,153.61000061035156,0.0,REMOVE_PROVIDER_FORWARD_FILL_OFFICIAL_NO_QUOTE,data/official_daily/TWSE_*.parquet
6670,TWSE,2018-01-26,153.5,153.5,153.5,153.5,0.0,REMOVE_PROVIDER_FORWARD_FILL_OFFICIAL_NO_QUOTE,data/official_daily/TWSE_*.parquet
6670,TWSE,2018-02-02,154.0,154.0,154.0,154.0,0.0,REMOVE_PROVIDER_FORWARD_FILL_OFFICIAL_NO_QUOTE,data/official_daily/TWSE_*.parquet
6670,TWSE,2018-02-07,149.0,149.0,149.0,149.0,0.0,REMOVE_PROVIDER_FORWARD_FILL_OFFICIAL_NO_QUOTE,data/official_daily/TWSE_*.parquet
6670,TWSE,2018-02-09,151.02999877929688,151.02999877929688,151.02999877929688,151.02999877929688,0.0,REMOVE_PROVIDER_FORWARD_FILL_OFFICIAL_NO_QUOTE,data/official_daily/TWSE_*.parquet
6670,TWSE,2018-02-12,150.0,150.0,150.0,150.0,0.0,REMOVE_PROVIDER_FORWARD_FILL_OFFICIAL_NO_QUOTE,data/official_daily/TWSE_*.parquet
6670,TWSE,2018-02-23,154.0,154.0,154.0,154.0,0.0,REMOVE_PROVIDER_FORWARD_FILL_OFFICIAL_NO_QUOTE,data/official_daily/TWSE_*.parquet
6670,TWSE,2018-03-05,151.0,151.0,151.0,151.0,0.0,REMOVE_PROVIDER_FORWARD_FILL_OFFICIAL_NO_QUOTE,data/official_daily/TWSE_*.parquet
6670,TWSE,2018-03-13,151.0,151.0,151.0,151.0,0.0,REMOVE_PROVIDER_FORWARD_FILL_OFFICIAL_NO_QUOTE,data/official_daily/TWSE_*.parquet
6670,TWSE,2018-03-21,148.0,148.0,148.0,148.0,0.0,REMOVE_PROVIDER_FORWARD_FILL_OFFICIAL_NO_QUOTE,data/official_daily/TWSE_*.parquet
6670,TWSE,2018-03-26,150.0,150.0,150.0,150.0,0.0,REMOVE_PROVIDER_FORWARD_FILL_OFFICIAL_NO_QUOTE,data/official_daily/TWSE_*.parquet
6670,TWSE,2018-04-11,152.0,152.0,152.0,152.0,0.0,REMOVE_PROVIDER_FORWARD_FILL_OFFICIAL_NO_QUOTE,data/official_daily/TWSE_*.parquet
6670,TWSE,2018-04-25,151.1999969482422,151.1999969482422,151.1999969482422,151.1999969482422,0.0,REMOVE_PROVIDER_FORWARD_FILL_OFFICIAL_NO_QUOTE,data/official_daily/TWSE_*.parquet
6670,TWSE,2018-05-04,155.77000427246094,155.77000427246094,155.77000427246094,155.77000427246094,0.0,REMOVE_PROVIDER_FORWARD_FILL_OFFICIAL_NO_QUOTE,data/official_daily/TWSE_*.parquet
6670,TWSE,2018-05-30,163.0,163.0,163.0,163.0,0.0,REMOVE_PROVIDER_FORWARD_FILL_OFFICIAL_NO_QUOTE,data/official_daily/TWSE_*.parquet
6670,TWSE,2018-06-04,165.0,165.0,165.0,165.0,0.0,REMOVE_PROVIDER_FORWARD_FILL_OFFICIAL_NO_QUOTE,data/official_daily/TWSE_*.parquet
6670,TWSE,2018-06-11,161.0,161.0,161.0,161.0,0.0,REMOVE_PROVIDER_FORWARD_FILL_OFFICIAL_NO_QUOTE,data/official_daily/TWSE_*.parquet
6670,TWSE,2018-06-22,160.0,160.0,160.0,160.0,0.0,REMOVE_PROVIDER_FORWARD_FILL_OFFICIAL_NO_QUOTE,data/official_daily/TWSE_*.parquet
6670,TWSE,2018-06-28,158.0,158.0,158.0,158.0,0.0,REMOVE_PROVIDER_FORWARD_FILL_OFFICIAL_NO_QUOTE,data/official_daily/TWSE_*.parquet
6670,TWSE,2018-07-06,162.0,162.0,162.0,162.0,0.0,REMOVE_PROVIDER_FORWARD_FILL_OFFICIAL_NO_QUOTE,data/official_daily/TWSE_*.parquet
6672,TWSE,2018-02-09,73.5,73.5,73.5,73.5,0.0,REMOVE_PROVIDER_FORWARD_FILL_OFFICIAL_NO_QUOTE,data/official_daily/TWSE_*.parquet
6672,TWSE,2018-02-21,74.0,74.0,74.0,74.0,0.0,REMOVE_PROVIDER_FORWARD_FILL_OFFICIAL_NO_QUOTE,data/official_daily/TWSE_*.parquet
6672,TWSE,2018-03-01,72.0,72.0,72.0,72.0,0.0,REMOVE_PROVIDER_FORWARD_FILL_OFFICIAL_NO_QUOTE,data/official_daily/TWSE_*.parquet
6672,TWSE,2018-03-02,72.0,72.0,72.0,72.0,0.0,REMOVE_PROVIDER_FORWARD_FILL_OFFICIAL_NO_QUOTE,data/official_daily/TWSE_*.parquet
6672,TWSE,2018-03-05,72.0,72.0,72.0,72.0,0.0,REMOVE_PROVIDER_FORWARD_FILL_OFFICIAL_NO_QUOTE,data/official_daily/TWSE_*.parquet
6672,TWSE,2018-03-09,72.30000305175781,72.30000305175781,72.30000305175781,72.30000305175781,0.0,REMOVE_PROVIDER_FORWARD_FILL_OFFICIAL_NO_QUOTE,data/official_daily/TWSE_*.parquet
6672,TWSE,2018-03-15,71.0,71.0,71.0,71.0,0.0,REMOVE_PROVIDER_FORWARD_FILL_OFFICIAL_NO_QUOTE,data/official_daily/TWSE_*.parquet
6672,TWSE,2018-03-20,72.0,72.0,72.0,72.0,0.0,REMOVE_PROVIDER_FORWARD_FILL_OFFICIAL_NO_QUOTE,data/official_daily/TWSE_*.parquet
6672,TWSE,2018-03-21,72.0,72.0,72.0,72.0,0.0,REMOVE_PROVIDER_FORWARD_FILL_OFFICIAL_NO_QUOTE,data/official_daily/TWSE_*.parquet
6672,TWSE,2018-03-30,73.98999786376953,73.98999786376953,73.98999786376953,73.98999786376953,0.0,REMOVE_PROVIDER_FORWARD_FILL_OFFICIAL_NO_QUOTE,data/official_daily/TWSE_*.parquet
6672,TWSE,2018-04-02,73.98999786376953,73.98999786376953,73.98999786376953,73.98999786376953,0.0,REMOVE_PROVIDER_FORWARD_FILL_OFFICIAL_NO_QUOTE,data/official_daily/TWSE_*.parquet
6672,TWSE,2018-04-13,69.47000122070312,69.47000122070312,69.47000122070312,69.47000122070312,0.0,REMOVE_PROVIDER_FORWARD_FILL_OFFICIAL_NO_QUOTE,data/official_daily/TWSE_*.parquet
6672,TWSE,2018-04-27,68.0,68.0,68.0,68.0,0.0,REMOVE_PROVIDER_FORWARD_FILL_OFFICIAL_NO_QUOTE,data/official_daily/TWSE_*.parquet
6672,TWSE,2018-05-03,68.0,68.0,68.0,68.0,0.0,REMOVE_PROVIDER_FORWARD_FILL_OFFICIAL_NO_QUOTE,data/official_daily/TWSE_*.parquet
6672,TWSE,2018-05-07,67.5999984741211,67.5999984741211,67.5999984741211,67.5999984741211,0.0,REMOVE_PROVIDER_FORWARD_FILL_OFFICIAL_NO_QUOTE,data/official_daily/TWSE_*.parquet
6672,TWSE,2018-05-08,67.5999984741211,67.5999984741211,67.5999984741211,67.5999984741211,0.0,REMOVE_PROVIDER_FORWARD_FILL_OFFICIAL_NO_QUOTE,data/official_daily/TWSE_*.parquet
6672,TWSE,2018-05-09,67.5999984741211,67.5999984741211,67.5999984741211,67.5999984741211,0.0,REMOVE_PROVIDER_FORWARD_FILL_OFFICIAL_NO_QUOTE,data/official_daily/TWSE_*.parquet
6672,TWSE,2018-05-15,63.9900016784668,63.9900016784668,63.9900016784668,63.9900016784668,0.0,REMOVE_PROVIDER_FORWARD_FILL_OFFICIAL_NO_QUOTE,data/official_daily/TWSE_*.parquet
6672,TWSE,2018-06-20,67.0,67.0,67.0,67.0,0.0,REMOVE_PROVIDER_FORWARD_FILL_OFFICIAL_NO_QUOTE,data/official_daily/TWSE_*.parquet
6672,TWSE,2018-06-27,64.51000213623047,64.51000213623047,64.51000213623047,64.51000213623047,0.0,REMOVE_PROVIDER_FORWARD_FILL_OFFICIAL_NO_QUOTE,data/official_daily/TWSE_*.parquet
6672,TWSE,2018-06-29,64.30000305175781,64.30000305175781,64.30000305175781,64.30000305175781,0.0,REMOVE_PROVIDER_FORWARD_FILL_OFFICIAL_NO_QUOTE,data/official_daily/TWSE_*.parquet
6672,TWSE,2018-07-09,63.20000076293945,63.20000076293945,63.20000076293945,63.20000076293945,0.0,REMOVE_PROVIDER_FORWARD_FILL_OFFICIAL_NO_QUOTE,data/official_daily/TWSE_*.parquet
6672,TWSE,2018-07-16,61.0,61.0,61.0,61.0,0.0,REMOVE_PROVIDER_FORWARD_FILL_OFFICIAL_NO_QUOTE,data/official_daily/TWSE_*.parquet
6672,TWSE,2018-07-19,61.130001068115234,61.130001068115234,61.130001068115234,61.130001068115234,0.0,REMOVE_PROVIDER_FORWARD_FILL_OFFICIAL_NO_QUOTE,data/official_daily/TWSE_*.parquet
6672,TWSE,2018-09-12,63.599998474121094,63.599998474121094,63.599998474121094,63.599998474121094,0.0,REMOVE_PROVIDER_FORWARD_FILL_OFFICIAL_NO_QUOTE,data/official_daily/TWSE_*.parquet
6672,TWSE,2018-09-17,63.5,63.5,63.5,63.5,0.0,REMOVE_PROVIDER_FORWARD_FILL_OFFICIAL_NO_QUOTE,data/official_daily/TWSE_*.parquet
6672,TWSE,2018-10-04,64.0199966430664,64.0199966430664,64.0199966430664,64.0199966430664,0.0,REMOVE_PROVIDER_FORWARD_FILL_OFFICIAL_NO_QUOTE,data/official_daily/TWSE_*.parquet
6672,TWSE,2018-10-29,60.70000076293945,60.70000076293945,60.70000076293945,60.70000076293945,0.0,REMOVE_PROVIDER_FORWARD_FILL_OFFICIAL_NO_QUOTE,data/official_daily/TWSE_*.parquet
6672,TWSE,2018-11-09,59.0,59.0,59.0,59.0,0.0,REMOVE_PROVIDER_FORWARD_FILL_OFFICIAL_NO_QUOTE,data/official_daily/TWSE_*.parquet
6672,TWSE,2018-11-15,60.0,60.0,60.0,60.0,0.0,REMOVE_PROVIDER_FORWARD_FILL_OFFICIAL_NO_QUOTE,data/official_daily/TWSE_*.parquet
6672,TWSE,2018-11-20,60.29999923706055,60.29999923706055,60.29999923706055,60.29999923706055,0.0,REMOVE_PROVIDER_FORWARD_FILL_OFFICIAL_NO_QUOTE,data/official_daily/TWSE_*.parquet
6674,TWSE,2018-01-26,41.5,41.5,41.5,41.5,0.0,REMOVE_PROVIDER_FORWARD_FILL_OFFICIAL_NO_QUOTE,data/official_daily/TWSE_*.parquet
6674,TWSE,2018-01-30,42.0,42.0,42.0,42.0,0.0,REMOVE_PROVIDER_FORWARD_FILL_OFFICIAL_NO_QUOTE,data/official_daily/TWSE_*.parquet
6674,TWSE,2018-01-31,42.0,42.0,42.0,42.0,0.0,REMOVE_PROVIDER_FORWARD_FILL_OFFICIAL_NO_QUOTE,data/official_daily/TWSE_*.parquet
6674,TWSE,2018-02-01,42.0,42.0,42.0,42.0,0.0,REMOVE_PROVIDER_FORWARD_FILL_OFFICIAL_NO_QUOTE,data/official_daily/TWSE_*.parquet
6674,TWSE,2018-02-07,40.0,40.0,40.0,40.0,0.0,REMOVE_PROVIDER_FORWARD_FILL_OFFICIAL_NO_QUOTE,data/official_daily/TWSE_*.parquet
6674,TWSE,2018-02-08,40.0,40.0,40.0,40.0,0.0,REMOVE_PROVIDER_FORWARD_FILL_OFFICIAL_NO_QUOTE,data/official_daily/TWSE_*.parquet
6674,TWSE,2018-02-09,40.0,40.0,40.0,40.0,0.0,REMOVE_PROVIDER_FORWARD_FILL_OFFICIAL_NO_QUOTE,data/official_daily/TWSE_*.parquet
6674,TWSE,2018-02-21,39.0,39.0,39.0,39.0,0.0,REMOVE_PROVIDER_FORWARD_FILL_OFFICIAL_NO_QUOTE,data/official_daily/TWSE_*.parquet
6674,TWSE,2018-02-22,39.0,39.0,39.0,39.0,0.0,REMOVE_PROVIDER_FORWARD_FILL_OFFICIAL_NO_QUOTE,data/official_daily/TWSE_*.parquet
6674,TWSE,2018-03-05,38.869998931884766,38.869998931884766,38.869998931884766,38.869998931884766,0.0,REMOVE_PROVIDER_FORWARD_FILL_OFFICIAL_NO_QUOTE,data/official_daily/TWSE_*.parquet
6674,TWSE,2018-03-07,38.810001373291016,38.810001373291016,38.810001373291016,38.810001373291016,0.0,REMOVE_PROVIDER_FORWARD_FILL_OFFICIAL_NO_QUOTE,data/official_daily/TWSE_*.parquet
6674,TWSE,2018-03-08,38.810001373291016,38.810001373291016,38.810001373291016,38.810001373291016,0.0,REMOVE_PROVIDER_FORWARD_FILL_OFFICIAL_NO_QUOTE,data/official_daily/TWSE_*.parquet
6674,TWSE,2018-03-09,38.810001373291016,38.810001373291016,38.810001373291016,38.810001373291016,0.0,REMOVE_PROVIDER_FORWARD_FILL_OFFICIAL_NO_QUOTE,data/official_daily/TWSE_*.parquet
6674,TWSE,2018-03-28,42.0,42.0,42.0,42.0,0.0,REMOVE_PROVIDER_FORWARD_FILL_OFFICIAL_NO_QUOTE,data/official_daily/TWSE_*.parquet
6674,TWSE,2018-04-03,41.599998474121094,41.599998474121094,41.599998474121094,41.599998474121094,0.0,REMOVE_PROVIDER_FORWARD_FILL_OFFICIAL_NO_QUOTE,data/official_daily/TWSE_*.parquet
6674,TWSE,2018-04-09,41.599998474121094,41.599998474121094,41.599998474121094,41.599998474121094,0.0,REMOVE_PROVIDER_FORWARD_FILL_OFFICIAL_NO_QUOTE,data/official_daily/TWSE_*.parquet
6674,TWSE,2018-04-18,41.70000076293945,41.70000076293945,41.70000076293945,41.70000076293945,0.0,REMOVE_PROVIDER_FORWARD_FILL_OFFICIAL_NO_QUOTE,data/official_daily/TWSE_*.parquet
6674,TWSE,2018-04-19,41.70000076293945,41.70000076293945,41.70000076293945,41.70000076293945,0.0,REMOVE_PROVIDER_FORWARD_FILL_OFFICIAL_NO_QUOTE,data/official_daily/TWSE_*.parquet
6674,TWSE,2018-04-24,42.0,42.0,42.0,42.0,0.0,REMOVE_PROVIDER_FORWARD_FILL_OFFICIAL_NO_QUOTE,data/official_daily/TWSE_*.parquet
6674,TWSE,2018-04-25,42.0,42.0,42.0,42.0,0.0,REMOVE_PROVIDER_FORWARD_FILL_OFFICIAL_NO_QUOTE,data/official_daily/TWSE_*.parquet
6674,TWSE,2018-05-04,42.0,42.0,42.0,42.0,0.0,REMOVE_PROVIDER_FORWARD_FILL_OFFICIAL_NO_QUOTE,data/official_daily/TWSE_*.parquet
6674,TWSE,2018-05-09,41.5,41.5,41.5,41.5,0.0,REMOVE_PROVIDER_FORWARD_FILL_OFFICIAL_NO_QUOTE,data/official_daily/TWSE_*.parquet
6674,TWSE,2018-05-10,41.5,41.5,41.5,41.5,0.0,REMOVE_PROVIDER_FORWARD_FILL_OFFICIAL_NO_QUOTE,data/official_daily/TWSE_*.parquet
6674,TWSE,2018-07-04,46.5,46.5,46.5,46.5,0.0,REMOVE_PROVIDER_FORWARD_FILL_OFFICIAL_NO_QUOTE,data/official_daily/TWSE_*.parquet
6674,TWSE,2018-07-09,45.91999816894531,45.91999816894531,45.91999816894531,45.91999816894531,0.0,REMOVE_PROVIDER_FORWARD_FILL_OFFICIAL_NO_QUOTE,data/official_daily/TWSE_*.parquet
6674,TWSE,2018-07-10,45.91999816894531,45.91999816894531,45.91999816894531,45.91999816894531,0.0,REMOVE_PROVIDER_FORWARD_FILL_OFFICIAL_NO_QUOTE,data/official_daily/TWSE_*.parquet
6674,TWSE,2018-08-02,47.189998626708984,47.189998626708984,47.189998626708984,47.189998626708984,0.0,REMOVE_PROVIDER_FORWARD_FILL_OFFICIAL_NO_QUOTE,data/official_daily/TWSE_*.parquet
6674,TWSE,2018-08-07,47.0,47.0,47.0,47.0,0.0,REMOVE_PROVIDER_FORWARD_FILL_OFFICIAL_NO_QUOTE,data/official_daily/TWSE_*.parquet
6674,TWSE,2018-08-08,47.0,47.0,47.0,47.0,0.0,REMOVE_PROVIDER_FORWARD_FILL_OFFICIAL_NO_QUOTE,data/official_daily/TWSE_*.parquet
6674,TWSE,2018-08-09,47.0,47.0,47.0,47.0,0.0,REMOVE_PROVIDER_FORWARD_FILL_OFFICIAL_NO_QUOTE,data/official_daily/TWSE_*.parquet
6674,TWSE,2018-08-14,46.0,46.0,46.0,46.0,0.0,REMOVE_PROVIDER_FORWARD_FILL_OFFICIAL_NO_QUOTE,data/official_daily/TWSE_*.parquet
6674,TWSE,2018-08-22,47.0,47.0,47.0,47.0,0.0,REMOVE_PROVIDER_FORWARD_FILL_OFFICIAL_NO_QUOTE,data/official_daily/TWSE_*.parquet
6674,TWSE,2018-09-06,46.0,46.0,46.0,46.0,0.0,REMOVE_PROVIDER_FORWARD_FILL_OFFICIAL_NO_QUOTE,data/official_daily/TWSE_*.parquet
6674,TWSE,2018-09-19,46.0,46.0,46.0,46.0,0.0,REMOVE_PROVIDER_FORWARD_FILL_OFFICIAL_NO_QUOTE,data/official_daily/TWSE_*.parquet
6674,TWSE,2018-09-26,46.5,46.5,46.5,46.5,0.0,REMOVE_PROVIDER_FORWARD_FILL_OFFICIAL_NO_QUOTE,data/official_daily/TWSE_*.parquet
6674,TWSE,2018-09-27,46.5,46.5,46.5,46.5,0.0,REMOVE_PROVIDER_FORWARD_FILL_OFFICIAL_NO_QUOTE,data/official_daily/TWSE_*.parquet
6674,TWSE,2018-10-05,41.5,41.5,41.5,41.5,0.0,REMOVE_PROVIDER_FORWARD_FILL_OFFICIAL_NO_QUOTE,data/official_daily/TWSE_*.parquet
6674,TWSE,2018-10-08,41.5,41.5,41.5,41.5,0.0,REMOVE_PROVIDER_FORWARD_FILL_OFFICIAL_NO_QUOTE,data/official_daily/TWSE_*.parquet
6674,TWSE,2018-11-01,40.0,40.0,40.0,40.0,0.0,REMOVE_PROVIDER_FORWARD_FILL_OFFICIAL_NO_QUOTE,data/official_daily/TWSE_*.parquet
6674,TWSE,2018-11-13,38.70000076293945,38.70000076293945,38.70000076293945,38.70000076293945,0.0,REMOVE_PROVIDER_FORWARD_FILL_OFFICIAL_NO_QUOTE,data/official_daily/TWSE_*.parquet
6691,TWSE,2018-10-09,35.71699523925781,35.71699523925781,35.71699523925781,35.71699523925781,0.0,REMOVE_PROVIDER_FORWARD_FILL_OFFICIAL_NO_QUOTE,data/official_daily/TWSE_*.parquet
6691,TWSE,2018-10-12,34.61234664916992,34.61234664916992,34.61234664916992,34.61234664916992,0.0,REMOVE_PROVIDER_FORWARD_FILL_OFFICIAL_NO_QUOTE,data/official_daily/TWSE_*.parquet
6691,TWSE,2018-10-15,34.61234664916992,34.61234664916992,34.61234664916992,34.61234664916992,0.0,REMOVE_PROVIDER_FORWARD_FILL_OFFICIAL_NO_QUOTE,data/official_daily/TWSE_*.parquet
6691,TWSE,2018-10-16,34.61234664916992,34.61234664916992,34.61234664916992,34.61234664916992,0.0,REMOVE_PROVIDER_FORWARD_FILL_OFFICIAL_NO_QUOTE,data/official_daily/TWSE_*.parquet
6691,TWSE,2018-10-17,34.61234664916992,34.61234664916992,34.61234664916992,34.61234664916992,0.0,REMOVE_PROVIDER_FORWARD_FILL_OFFICIAL_NO_QUOTE,data/official_daily/TWSE_*.parquet
6691,TWSE,2018-10-22,34.6295280456543,34.6295280456543,34.6295280456543,34.6295280456543,0.0,REMOVE_PROVIDER_FORWARD_FILL_OFFICIAL_NO_QUOTE,data/official_daily/TWSE_*.parquet
6691,TWSE,2018-10-23,34.6295280456543,34.6295280456543,34.6295280456543,34.6295280456543,0.0,REMOVE_PROVIDER_FORWARD_FILL_OFFICIAL_NO_QUOTE,data/official_daily/TWSE_*.parquet
6691,TWSE,2018-10-24,34.6295280456543,34.6295280456543,34.6295280456543,34.6295280456543,0.0,REMOVE_PROVIDER_FORWARD_FILL_OFFICIAL_NO_QUOTE,data/official_daily/TWSE_*.parquet
6691,TWSE,2018-10-29,34.72281265258789,34.72281265258789,34.72281265258789,34.72281265258789,0.0,REMOVE_PROVIDER_FORWARD_FILL_OFFICIAL_NO_QUOTE,data/official_daily/TWSE_*.parquet
6691,TWSE,2018-10-30,34.72281265258789,34.72281265258789,34.72281265258789,34.72281265258789,0.0,REMOVE_PROVIDER_FORWARD_FILL_OFFICIAL_NO_QUOTE,data/official_daily/TWSE_*.parquet
6691,TWSE,2018-11-07,34.487152099609375,34.487152099609375,34.487152099609375,34.487152099609375,0.0,REMOVE_PROVIDER_FORWARD_FILL_OFFICIAL_NO_QUOTE,data/official_daily/TWSE_*.parquet
6691,TWSE,2018-11-08,34.487152099609375,34.487152099609375,34.487152099609375,34.487152099609375,0.0,REMOVE_PROVIDER_FORWARD_FILL_OFFICIAL_NO_QUOTE,data/official_daily/TWSE_*.parquet
6691,TWSE,2018-11-19,34.2441291809082,34.2441291809082,34.2441291809082,34.2441291809082,0.0,REMOVE_PROVIDER_FORWARD_FILL_OFFICIAL_NO_QUOTE,data/official_daily/TWSE_*.parquet
6691,TWSE,2018-11-22,34.48960876464844,34.48960876464844,34.48960876464844,34.48960876464844,0.0,REMOVE_PROVIDER_FORWARD_FILL_OFFICIAL_NO_QUOTE,data/official_daily/TWSE_*.parquet
6691,TWSE,2018-11-23,34.48960876464844,34.48960876464844,34.48960876464844,34.48960876464844,0.0,REMOVE_PROVIDER_FORWARD_FILL_OFFICIAL_NO_QUOTE,data/official_daily/TWSE_*.parquet
6691,TWSE,2018-11-26,34.48960876464844,34.48960876464844,34.48960876464844,34.48960876464844,0.0,REMOVE_PROVIDER_FORWARD_FILL_OFFICIAL_NO_QUOTE,data/official_daily/TWSE_*.parquet
6691,TWSE,2018-11-27,34.48960876464844,34.48960876464844,34.48960876464844,34.48960876464844,0.0,REMOVE_PROVIDER_FORWARD_FILL_OFFICIAL_NO_QUOTE,data/official_daily/TWSE_*.parquet
6691,TWSE,2018-11-28,34.48960876464844,34.48960876464844,34.48960876464844,34.48960876464844,0.0,REMOVE_PROVIDER_FORWARD_FILL_OFFICIAL_NO_QUOTE,data/official_daily/TWSE_*.parquet
6691,TWSE,2018-11-29,34.48960876464844,34.48960876464844,34.48960876464844,34.48960876464844,0.0,REMOVE_PROVIDER_FORWARD_FILL_OFFICIAL_NO_QUOTE,data/official_daily/TWSE_*.parquet
6691,TWSE,2018-12-03,34.70808029174805,34.70808029174805,34.70808029174805,34.70808029174805,0.0,REMOVE_PROVIDER_FORWARD_FILL_OFFICIAL_NO_QUOTE,data/official_daily/TWSE_*.parquet
6691,TWSE,2018-12-05,34.12630081176758,34.12630081176758,34.12630081176758,34.12630081176758,0.0,REMOVE_PROVIDER_FORWARD_FILL_OFFICIAL_NO_QUOTE,data/official_daily/TWSE_*.parquet
6691,TWSE,2018-12-10,34.60988998413086,34.60988998413086,34.60988998413086,34.60988998413086,0.0,REMOVE_PROVIDER_FORWARD_FILL_OFFICIAL_NO_QUOTE,data/official_daily/TWSE_*.parquet
6691,TWSE,2018-12-14,35.01738357543945,35.01738357543945,35.01738357543945,35.01738357543945,0.0,REMOVE_PROVIDER_FORWARD_FILL_OFFICIAL_NO_QUOTE,data/official_daily/TWSE_*.parquet
6691,TWSE,2018-12-17,35.01738357543945,35.01738357543945,35.01738357543945,35.01738357543945,0.0,REMOVE_PROVIDER_FORWARD_FILL_OFFICIAL_NO_QUOTE,data/official_daily/TWSE_*.parquet
6691,TWSE,2018-12-19,34.36441421508789,34.36441421508789,34.36441421508789,34.36441421508789,0.0,REMOVE_PROVIDER_FORWARD_FILL_OFFICIAL_NO_QUOTE,data/official_daily/TWSE_*.parquet
6691,TWSE,2018-12-20,34.36441421508789,34.36441421508789,34.36441421508789,34.36441421508789,0.0,REMOVE_PROVIDER_FORWARD_FILL_OFFICIAL_NO_QUOTE,data/official_daily/TWSE_*.parquet
6691,TWSE,2019-01-22,36.060665130615234,36.060665130615234,36.060665130615234,36.060665130615234,0.0,REMOVE_PROVIDER_FORWARD_FILL_OFFICIAL_NO_QUOTE,data/official_daily/TWSE_*.parquet
6691,TWSE,2019-01-24,36.576168060302734,36.576168060302734,36.576168060302734,36.576168060302734,0.0,REMOVE_PROVIDER_FORWARD_FILL_OFFICIAL_NO_QUOTE,data/official_daily/TWSE_*.parquet
6691,TWSE,2019-03-06,41.72874069213867,41.72874069213867,41.72874069213867,41.72874069213867,0.0,REMOVE_PROVIDER_FORWARD_FILL_OFFICIAL_NO_QUOTE,data/official_daily/TWSE_*.parquet
6691,TWSE,2019-03-15,40.506263732910156,40.506263732910156,40.506263732910156,40.506263732910156,0.0,REMOVE_PROVIDER_FORWARD_FILL_OFFICIAL_NO_QUOTE,data/official_daily/TWSE_*.parquet
6695,TWSE,2019-01-15,16.0,16.0,16.0,16.0,0.0,REMOVE_PROVIDER_FORWARD_FILL_OFFICIAL_NO_QUOTE,data/official_daily/TWSE_*.parquet
6695,TWSE,2019-01-16,16.0,16.0,16.0,16.0,0.0,REMOVE_PROVIDER_FORWARD_FILL_OFFICIAL_NO_QUOTE,data/official_daily/TWSE_*.parquet
6695,TWSE,2019-01-17,16.0,16.0,16.0,16.0,0.0,REMOVE_PROVIDER_FORWARD_FILL_OFFICIAL_NO_QUOTE,data/official_daily/TWSE_*.parquet
6695,TWSE,2019-02-12,14.600000381469727,14.600000381469727,14.600000381469727,14.600000381469727,0.0,REMOVE_PROVIDER_FORWARD_FILL_OFFICIAL_NO_QUOTE,data/official_daily/TWSE_*.parquet
6695,TWSE,2019-02-20,14.399999618530273,14.399999618530273,14.399999618530273,14.399999618530273,0.0,REMOVE_PROVIDER_FORWARD_FILL_OFFICIAL_NO_QUOTE,data/official_daily/TWSE_*.parquet
6695,TWSE,2019-02-21,14.399999618530273,14.399999618530273,14.399999618530273,14.399999618530273,0.0,REMOVE_PROVIDER_FORWARD_FILL_OFFICIAL_NO_QUOTE,data/official_daily/TWSE_*.parquet
6695,TWSE,2019-02-26,14.319999694824219,14.319999694824219,14.319999694824219,14.319999694824219,0.0,REMOVE_PROVIDER_FORWARD_FILL_OFFICIAL_NO_QUOTE,data/official_daily/TWSE_*.parquet
6695,TWSE,2019-03-04,14.390000343322754,14.390000343322754,14.390000343322754,14.390000343322754,0.0,REMOVE_PROVIDER_FORWARD_FILL_OFFICIAL_NO_QUOTE,data/official_daily/TWSE_*.parquet
6695,TWSE,2019-03-06,14.5,14.5,14.5,14.5,0.0,REMOVE_PROVIDER_FORWARD_FILL_OFFICIAL_NO_QUOTE,data/official_daily/TWSE_*.parquet
6695,TWSE,2019-03-07,14.5,14.5,14.5,14.5,0.0,REMOVE_PROVIDER_FORWARD_FILL_OFFICIAL_NO_QUOTE,data/official_daily/TWSE_*.parquet
6695,TWSE,2019-03-27,16.5,16.5,16.5,16.5,0.0,REMOVE_PROVIDER_FORWARD_FILL_OFFICIAL_NO_QUOTE,data/official_daily/TWSE_*.parquet
6695,TWSE,2019-03-29,16.25,16.25,16.25,16.25,0.0,REMOVE_PROVIDER_FORWARD_FILL_OFFICIAL_NO_QUOTE,data/official_daily/TWSE_*.parquet
6695,TWSE,2019-04-03,16.0,16.0,16.0,16.0,0.0,REMOVE_PROVIDER_FORWARD_FILL_OFFICIAL_NO_QUOTE,data/official_daily/TWSE_*.parquet
6695,TWSE,2019-04-08,16.0,16.0,16.0,16.0,0.0,REMOVE_PROVIDER_FORWARD_FILL_OFFICIAL_NO_QUOTE,data/official_daily/TWSE_*.parquet
6695,TWSE,2019-04-10,16.100000381469727,16.100000381469727,16.100000381469727,16.100000381469727,0.0,REMOVE_PROVIDER_FORWARD_FILL_OFFICIAL_NO_QUOTE,data/official_daily/TWSE_*.parquet
6695,TWSE,2019-04-15,16.299999237060547,16.299999237060547,16.299999237060547,16.299999237060547,0.0,REMOVE_PROVIDER_FORWARD_FILL_OFFICIAL_NO_QUOTE,data/official_daily/TWSE_*.parquet
6695,TWSE,2019-04-22,16.200000762939453,16.200000762939453,16.200000762939453,16.200000762939453,0.0,REMOVE_PROVIDER_FORWARD_FILL_OFFICIAL_NO_QUOTE,data/official_daily/TWSE_*.parquet
6695,TWSE,2019-04-26,15.899999618530273,15.899999618530273,15.899999618530273,15.899999618530273,0.0,REMOVE_PROVIDER_FORWARD_FILL_OFFICIAL_NO_QUOTE,data/official_daily/TWSE_*.parquet
6695,TWSE,2019-05-15,14.300000190734863,14.300000190734863,14.300000190734863,14.300000190734863,0.0,REMOVE_PROVIDER_FORWARD_FILL_OFFICIAL_NO_QUOTE,data/official_daily/TWSE_*.parquet
6695,TWSE,2019-05-16,14.300000190734863,14.300000190734863,14.300000190734863,14.300000190734863,0.0,REMOVE_PROVIDER_FORWARD_FILL_OFFICIAL_NO_QUOTE,data/official_daily/TWSE_*.parquet
6695,TWSE,2019-05-22,14.25,14.25,14.25,14.25,0.0,REMOVE_PROVIDER_FORWARD_FILL_OFFICIAL_NO_QUOTE,data/official_daily/TWSE_*.parquet
6695,TWSE,2019-05-27,14.0,14.0,14.0,14.0,0.0,REMOVE_PROVIDER_FORWARD_FILL_OFFICIAL_NO_QUOTE,data/official_daily/TWSE_*.parquet
6695,TWSE,2019-05-30,14.199999809265137,14.199999809265137,14.199999809265137,14.199999809265137,0.0,REMOVE_PROVIDER_FORWARD_FILL_OFFICIAL_NO_QUOTE,data/official_daily/TWSE_*.parquet
6695,TWSE,2019-06-03,14.300000190734863,14.300000190734863,14.300000190734863,14.300000190734863,0.0,REMOVE_PROVIDER_FORWARD_FILL_OFFICIAL_NO_QUOTE,data/official_daily/TWSE_*.parquet
6695,TWSE,2019-06-05,14.300000190734863,14.300000190734863,14.300000190734863,14.300000190734863,0.0,REMOVE_PROVIDER_FORWARD_FILL_OFFICIAL_NO_QUOTE,data/official_daily/TWSE_*.parquet
6695,TWSE,2019-06-06,14.300000190734863,14.300000190734863,14.300000190734863,14.300000190734863,0.0,REMOVE_PROVIDER_FORWARD_FILL_OFFICIAL_NO_QUOTE,data/official_daily/TWSE_*.parquet
6695,TWSE,2019-06-13,14.449999809265137,14.449999809265137,14.449999809265137,14.449999809265137,0.0,REMOVE_PROVIDER_FORWARD_FILL_OFFICIAL_NO_QUOTE,data/official_daily/TWSE_*.parquet
6695,TWSE,2019-06-19,16.200000762939453,16.200000762939453,16.200000762939453,16.200000762939453,0.0,REMOVE_PROVIDER_FORWARD_FILL_OFFICIAL_NO_QUOTE,data/official_daily/TWSE_*.parquet
6695,TWSE,2019-06-21,15.5,15.5,15.5,15.5,0.0,REMOVE_PROVIDER_FORWARD_FILL_OFFICIAL_NO_QUOTE,data/official_daily/TWSE_*.parquet
6695,TWSE,2019-06-24,15.5,15.5,15.5,15.5,0.0,REMOVE_PROVIDER_FORWARD_FILL_OFFICIAL_NO_QUOTE,data/official_daily/TWSE_*.parquet
6695,TWSE,2019-06-28,16.0,16.0,16.0,16.0,0.0,REMOVE_PROVIDER_FORWARD_FILL_OFFICIAL_NO_QUOTE,data/official_daily/TWSE_*.parquet
6695,TWSE,2019-07-05,15.800000190734863,15.800000190734863,15.800000190734863,15.800000190734863,0.0,REMOVE_PROVIDER_FORWARD_FILL_OFFICIAL_NO_QUOTE,data/official_daily/TWSE_*.parquet
6695,TWSE,2019-07-12,15.800000190734863,15.800000190734863,15.800000190734863,15.800000190734863,0.0,REMOVE_PROVIDER_FORWARD_FILL_OFFICIAL_NO_QUOTE,data/official_daily/TWSE_*.parquet
6695,TWSE,2019-07-17,15.449999809265137,15.449999809265137,15.449999809265137,15.449999809265137,0.0,REMOVE_PROVIDER_FORWARD_FILL_OFFICIAL_NO_QUOTE,data/official_daily/TWSE_*.parquet
6695,TWSE,2019-07-18,15.449999809265137,15.449999809265137,15.449999809265137,15.449999809265137,0.0,REMOVE_PROVIDER_FORWARD_FILL_OFFICIAL_NO_QUOTE,data/official_daily/TWSE_*.parquet
6695,TWSE,2019-07-23,15.399999618530273,15.399999618530273,15.399999618530273,15.399999618530273,0.0,REMOVE_PROVIDER_FORWARD_FILL_OFFICIAL_NO_QUOTE,data/official_daily/TWSE_*.parquet
6695,TWSE,2019-08-01,15.399999618530273,15.399999618530273,15.399999618530273,15.399999618530273,0.0,REMOVE_PROVIDER_FORWARD_FILL_OFFICIAL_NO_QUOTE,data/official_daily/TWSE_*.parquet
8021,TWSE,2018-10-11,18.200000762939453,18.200000762939453,18.200000762939453,18.200000762939453,0.0,REMOVE_PROVIDER_FORWARD_FILL_OFFICIAL_NO_QUOTE,data/official_daily/TWSE_*.parquet
8021,TWSE,2018-10-12,18.200000762939453,18.200000762939453,18.200000762939453,18.200000762939453,0.0,REMOVE_PROVIDER_FORWARD_FILL_OFFICIAL_NO_QUOTE,data/official_daily/TWSE_*.parquet
8021,TWSE,2018-10-15,18.200000762939453,18.200000762939453,18.200000762939453,18.200000762939453,0.0,REMOVE_PROVIDER_FORWARD_FILL_OFFICIAL_NO_QUOTE,data/official_daily/TWSE_*.parquet
8021,TWSE,2018-10-16,18.200000762939453,18.200000762939453,18.200000762939453,18.200000762939453,0.0,REMOVE_PROVIDER_FORWARD_FILL_OFFICIAL_NO_QUOTE,data/official_daily/TWSE_*.parquet
8021,TWSE,2018-10-17,18.200000762939453,18.200000762939453,18.200000762939453,18.200000762939453,0.0,REMOVE_PROVIDER_FORWARD_FILL_OFFICIAL_NO_QUOTE,data/official_daily/TWSE_*.parquet
8021,TWSE,2018-10-18,18.200000762939453,18.200000762939453,18.200000762939453,18.200000762939453,0.0,REMOVE_PROVIDER_FORWARD_FILL_OFFICIAL_NO_QUOTE,data/official_daily/TWSE_*.parquet
8021,TWSE,2018-10-19,18.200000762939453,18.200000762939453,18.200000762939453,18.200000762939453,0.0,REMOVE_PROVIDER_FORWARD_FILL_OFFICIAL_NO_QUOTE,data/official_daily/TWSE_*.parquet
8028,TWSE,2018-02-09,34.212745666503906,34.212745666503906,34.212745666503906,34.212745666503906,0.0,REMOVE_PROVIDER_FORWARD_FILL_OFFICIAL_NO_QUOTE,data/official_daily/TWSE_*.parquet
8028,TWSE,2018-03-05,35.37948989868164,35.37948989868164,35.37948989868164,35.37948989868164,0.0,REMOVE_PROVIDER_FORWARD_FILL_OFFICIAL_NO_QUOTE,data/official_daily/TWSE_*.parquet
8045,TWSE,2018-01-11,12.800000190734863,12.800000190734863,12.800000190734863,12.800000190734863,0.0,REMOVE_PROVIDER_FORWARD_FILL_OFFICIAL_NO_QUOTE,data/official_daily/TWSE_*.parquet
8045,TWSE,2018-01-29,12.699999809265137,12.699999809265137,12.699999809265137,12.699999809265137,0.0,REMOVE_PROVIDER_FORWARD_FILL_OFFICIAL_NO_QUOTE,data/official_daily/TWSE_*.parquet
8045,TWSE,2018-02-09,11.5,11.5,11.5,11.5,0.0,REMOVE_PROVIDER_FORWARD_FILL_OFFICIAL_NO_QUOTE,data/official_daily/TWSE_*.parquet
8045,TWSE,2018-03-05,14.300000190734863,14.300000190734863,14.300000190734863,14.300000190734863,0.0,REMOVE_PROVIDER_FORWARD_FILL_OFFICIAL_NO_QUOTE,data/official_daily/TWSE_*.parquet
8045,TWSE,2018-04-16,12.600000381469727,12.600000381469727,12.600000381469727,12.600000381469727,0.0,REMOVE_PROVIDER_FORWARD_FILL_OFFICIAL_NO_QUOTE,data/official_daily/TWSE_*.parquet
8045,TWSE,2018-04-18,12.399999618530273,12.399999618530273,12.399999618530273,12.399999618530273,0.0,REMOVE_PROVIDER_FORWARD_FILL_OFFICIAL_NO_QUOTE,data/official_daily/TWSE_*.parquet
8045,TWSE,2018-05-08,12.829999923706055,12.829999923706055,12.829999923706055,12.829999923706055,0.0,REMOVE_PROVIDER_FORWARD_FILL_OFFICIAL_NO_QUOTE,data/official_daily/TWSE_*.parquet
8045,TWSE,2018-05-18,12.460000038146973,12.460000038146973,12.460000038146973,12.460000038146973,0.0,REMOVE_PROVIDER_FORWARD_FILL_OFFICIAL_NO_QUOTE,data/official_daily/TWSE_*.parquet
8045,TWSE,2018-06-14,12.109999656677246,12.109999656677246,12.109999656677246,12.109999656677246,0.0,REMOVE_PROVIDER_FORWARD_FILL_OFFICIAL_NO_QUOTE,data/official_daily/TWSE_*.parquet
8045,TWSE,2018-06-26,12.0,12.0,12.0,12.0,0.0,REMOVE_PROVIDER_FORWARD_FILL_OFFICIAL_NO_QUOTE,data/official_daily/TWSE_*.parquet
8045,TWSE,2018-07-11,11.0,11.0,11.0,11.0,0.0,REMOVE_PROVIDER_FORWARD_FILL_OFFICIAL_NO_QUOTE,data/official_daily/TWSE_*.parquet
8045,TWSE,2018-08-02,10.210000038146973,10.210000038146973,10.210000038146973,10.210000038146973,0.0,REMOVE_PROVIDER_FORWARD_FILL_OFFICIAL_NO_QUOTE,data/official_daily/TWSE_*.parquet
8045,TWSE,2018-09-18,9.300000190734863,9.300000190734863,9.300000190734863,9.300000190734863,0.0,REMOVE_PROVIDER_FORWARD_FILL_OFFICIAL_NO_QUOTE,data/official_daily/TWSE_*.parquet
8045,TWSE,2018-10-15,8.600000381469727,8.600000381469727,8.600000381469727,8.600000381469727,0.0,REMOVE_PROVIDER_FORWARD_FILL_OFFICIAL_NO_QUOTE,data/official_daily/TWSE_*.parquet
8045,TWSE,2018-10-16,8.600000381469727,8.600000381469727,8.600000381469727,8.600000381469727,0.0,REMOVE_PROVIDER_FORWARD_FILL_OFFICIAL_NO_QUOTE,data/official_daily/TWSE_*.parquet
8045,TWSE,2018-11-02,10.899999618530273,10.899999618530273,10.899999618530273,10.899999618530273,0.0,REMOVE_PROVIDER_FORWARD_FILL_OFFICIAL_NO_QUOTE,data/official_daily/TWSE_*.parquet
8045,TWSE,2018-11-08,10.390000343322754,10.390000343322754,10.390000343322754,10.390000343322754,0.0,REMOVE_PROVIDER_FORWARD_FILL_OFFICIAL_NO_QUOTE,data/official_daily/TWSE_*.parquet
8045,TWSE,2018-11-09,10.390000343322754,10.390000343322754,10.390000343322754,10.390000343322754,0.0,REMOVE_PROVIDER_FORWARD_FILL_OFFICIAL_NO_QUOTE,data/official_daily/TWSE_*.parquet
8045,TWSE,2018-11-15,9.5,9.5,9.5,9.5,0.0,REMOVE_PROVIDER_FORWARD_FILL_OFFICIAL_NO_QUOTE,data/official_daily/TWSE_*.parquet
8045,TWSE,2018-11-19,9.779999732971191,9.779999732971191,9.779999732971191,9.779999732971191,0.0,REMOVE_PROVIDER_FORWARD_FILL_OFFICIAL_NO_QUOTE,data/official_daily/TWSE_*.parquet
8045,TWSE,2018-12-04,10.0,10.0,10.0,10.0,0.0,REMOVE_PROVIDER_FORWARD_FILL_OFFICIAL_NO_QUOTE,data/official_daily/TWSE_*.parquet
8045,TWSE,2019-01-04,9.65999984741211,9.65999984741211,9.65999984741211,9.65999984741211,0.0,REMOVE_PROVIDER_FORWARD_FILL_OFFICIAL_NO_QUOTE,data/official_daily/TWSE_*.parquet
8045,TWSE,2019-01-07,9.65999984741211,9.65999984741211,9.65999984741211,9.65999984741211,0.0,REMOVE_PROVIDER_FORWARD_FILL_OFFICIAL_NO_QUOTE,data/official_daily/TWSE_*.parquet
8045,TWSE,2019-02-14,10.970000267028809,10.970000267028809,10.970000267028809,10.970000267028809,0.0,REMOVE_PROVIDER_FORWARD_FILL_OFFICIAL_NO_QUOTE,data/official_daily/TWSE_*.parquet
8045,TWSE,2019-02-25,10.5,10.5,10.5,10.5,0.0,REMOVE_PROVIDER_FORWARD_FILL_OFFICIAL_NO_QUOTE,data/official_daily/TWSE_*.parquet
8045,TWSE,2019-02-27,10.300000190734863,10.300000190734863,10.300000190734863,10.300000190734863,0.0,REMOVE_PROVIDER_FORWARD_FILL_OFFICIAL_NO_QUOTE,data/official_daily/TWSE_*.parquet
8045,TWSE,2019-03-05,10.300000190734863,10.300000190734863,10.300000190734863,10.300000190734863,0.0,REMOVE_PROVIDER_FORWARD_FILL_OFFICIAL_NO_QUOTE,data/official_daily/TWSE_*.parquet
8045,TWSE,2019-06-24,10.600000381469727,10.600000381469727,10.600000381469727,10.600000381469727,0.0,REMOVE_PROVIDER_FORWARD_FILL_OFFICIAL_NO_QUOTE,data/official_daily/TWSE_*.parquet
8045,TWSE,2019-07-03,10.899999618530273,10.899999618530273,10.899999618530273,10.899999618530273,0.0,REMOVE_PROVIDER_FORWARD_FILL_OFFICIAL_NO_QUOTE,data/official_daily/TWSE_*.parquet
8045,TWSE,2019-07-04,10.899999618530273,10.899999618530273,10.899999618530273,10.899999618530273,0.0,REMOVE_PROVIDER_FORWARD_FILL_OFFICIAL_NO_QUOTE,data/official_daily/TWSE_*.parquet
8101,TWSE,2018-08-27,13.54285717010498,13.54285717010498,13.54285717010498,13.54285717010498,0.0,REMOVE_PROVIDER_FORWARD_FILL_OFFICIAL_NO_QUOTE,data/official_daily/TWSE_*.parquet
8101,TWSE,2018-08-28,13.54285717010498,13.54285717010498,13.54285717010498,13.54285717010498,0.0,REMOVE_PROVIDER_FORWARD_FILL_OFFICIAL_NO_QUOTE,data/official_daily/TWSE_*.parquet
8101,TWSE,2018-08-29,13.54285717010498,13.54285717010498,13.54285717010498,13.54285717010498,0.0,REMOVE_PROVIDER_FORWARD_FILL_OFFICIAL_NO_QUOTE,data/official_daily/TWSE_*.parquet
8101,TWSE,2018-08-30,13.54285717010498,13.54285717010498,13.54285717010498,13.54285717010498,0.0,REMOVE_PROVIDER_FORWARD_FILL_OFFICIAL_NO_QUOTE,data/official_daily/TWSE_*.parquet
8101,TWSE,2018-08-31,13.54285717010498,13.54285717010498,13.54285717010498,13.54285717010498,0.0,REMOVE_PROVIDER_FORWARD_FILL_OFFICIAL_NO_QUOTE,data/official_daily/TWSE_*.parquet
8104,TWSE,2018-02-09,77.8616943359375,77.8616943359375,77.8616943359375,77.8616943359375,0.0,REMOVE_PROVIDER_FORWARD_FILL_OFFICIAL_NO_QUOTE,data/official_daily/TWSE_*.parquet
8104,TWSE,2018-03-05,78.09391784667969,78.09391784667969,78.09391784667969,78.09391784667969,0.0,REMOVE_PROVIDER_FORWARD_FILL_OFFICIAL_NO_QUOTE,data/official_daily/TWSE_*.parquet
8150,TWSE,2018-10-18,27.649560928344727,27.649560928344727,27.649560928344727,27.649560928344727,0.0,REMOVE_PROVIDER_FORWARD_FILL_OFFICIAL_NO_QUOTE,data/official_daily/TWSE_*.parquet
8150,TWSE,2018-10-19,27.649560928344727,27.649560928344727,27.649560928344727,27.649560928344727,0.0,REMOVE_PROVIDER_FORWARD_FILL_OFFICIAL_NO_QUOTE,data/official_daily/TWSE_*.parquet
8150,TWSE,2018-10-22,27.649560928344727,27.649560928344727,27.649560928344727,27.649560928344727,0.0,REMOVE_PROVIDER_FORWARD_FILL_OFFICIAL_NO_QUOTE,data/official_daily/TWSE_*.parquet
8150,TWSE,2018-10-23,27.649560928344727,27.649560928344727,27.649560928344727,27.649560928344727,0.0,REMOVE_PROVIDER_FORWARD_FILL_OFFICIAL_NO_QUOTE,data/official_daily/TWSE_*.parquet
8150,TWSE,2018-10-24,27.649560928344727,27.649560928344727,27.649560928344727,27.649560928344727,0.0,REMOVE_PROVIDER_FORWARD_FILL_OFFICIAL_NO_QUOTE,data/official_daily/TWSE_*.parquet
8150,TWSE,2018-10-25,27.649560928344727,27.649560928344727,27.649560928344727,27.649560928344727,0.0,REMOVE_PROVIDER_FORWARD_FILL_OFFICIAL_NO_QUOTE,data/official_daily/TWSE_*.parquet
8367,TWSE,2018-01-08,24.758726119995117,24.758726119995117,24.758726119995117,24.758726119995117,0.0,REMOVE_PROVIDER_FORWARD_FILL_OFFICIAL_NO_QUOTE,data/official_daily/TWSE_*.parquet
8367,TWSE,2018-01-11,24.46042823791504,24.46042823791504,24.46042823791504,24.46042823791504,0.0,REMOVE_PROVIDER_FORWARD_FILL_OFFICIAL_NO_QUOTE,data/official_daily/TWSE_*.parquet
8367,TWSE,2018-01-16,24.65929412841797,24.65929412841797,24.65929412841797,24.65929412841797,0.0,REMOVE_PROVIDER_FORWARD_FILL_OFFICIAL_NO_QUOTE,data/official_daily/TWSE_*.parquet
8367,TWSE,2018-01-18,24.65929412841797,24.65929412841797,24.65929412841797,24.65929412841797,0.0,REMOVE_PROVIDER_FORWARD_FILL_OFFICIAL_NO_QUOTE,data/official_daily/TWSE_*.parquet
8367,TWSE,2018-01-19,24.65929412841797,24.65929412841797,24.65929412841797,24.65929412841797,0.0,REMOVE_PROVIDER_FORWARD_FILL_OFFICIAL_NO_QUOTE,data/official_daily/TWSE_*.parquet
8367,TWSE,2018-01-26,25.355321884155273,25.355321884155273,25.355321884155273,25.355321884155273,0.0,REMOVE_PROVIDER_FORWARD_FILL_OFFICIAL_NO_QUOTE,data/official_daily/TWSE_*.parquet
8367,TWSE,2018-02-06,25.355321884155273,25.355321884155273,25.355321884155273,25.355321884155273,0.0,REMOVE_PROVIDER_FORWARD_FILL_OFFICIAL_NO_QUOTE,data/official_daily/TWSE_*.parquet
8367,TWSE,2018-02-08,24.858158111572266,24.858158111572266,24.858158111572266,24.858158111572266,0.0,REMOVE_PROVIDER_FORWARD_FILL_OFFICIAL_NO_QUOTE,data/official_daily/TWSE_*.parquet
8367,TWSE,2018-02-09,24.858158111572266,24.858158111572266,24.858158111572266,24.858158111572266,0.0,REMOVE_PROVIDER_FORWARD_FILL_OFFICIAL_NO_QUOTE,data/official_daily/TWSE_*.parquet
8367,TWSE,2018-02-22,24.77861213684082,24.77861213684082,24.77861213684082,24.77861213684082,0.0,REMOVE_PROVIDER_FORWARD_FILL_OFFICIAL_NO_QUOTE,data/official_daily/TWSE_*.parquet
8367,TWSE,2018-03-05,24.947647094726562,24.947647094726562,24.947647094726562,24.947647094726562,0.0,REMOVE_PROVIDER_FORWARD_FILL_OFFICIAL_NO_QUOTE,data/official_daily/TWSE_*.parquet
8367,TWSE,2018-03-06,24.947647094726562,24.947647094726562,24.947647094726562,24.947647094726562,0.0,REMOVE_PROVIDER_FORWARD_FILL_OFFICIAL_NO_QUOTE,data/official_daily/TWSE_*.parquet
8367,TWSE,2018-03-07,24.947647094726562,24.947647094726562,24.947647094726562,24.947647094726562,0.0,REMOVE_PROVIDER_FORWARD_FILL_OFFICIAL_NO_QUOTE,data/official_daily/TWSE_*.parquet
8367,TWSE,2018-03-08,24.947647094726562,24.947647094726562,24.947647094726562,24.947647094726562,0.0,REMOVE_PROVIDER_FORWARD_FILL_OFFICIAL_NO_QUOTE,data/official_daily/TWSE_*.parquet
8367,TWSE,2018-03-14,24.947647094726562,24.947647094726562,24.947647094726562,24.947647094726562,0.0,REMOVE_PROVIDER_FORWARD_FILL_OFFICIAL_NO_QUOTE,data/official_daily/TWSE_*.parquet
8367,TWSE,2018-03-16,24.65929412841797,24.65929412841797,24.65929412841797,24.65929412841797,0.0,REMOVE_PROVIDER_FORWARD_FILL_OFFICIAL_NO_QUOTE,data/official_daily/TWSE_*.parquet
8367,TWSE,2018-04-25,24.858158111572266,24.858158111572266,24.858158111572266,24.858158111572266,0.0,REMOVE_PROVIDER_FORWARD_FILL_OFFICIAL_NO_QUOTE,data/official_daily/TWSE_*.parquet
8367,TWSE,2018-05-08,24.758726119995117,24.758726119995117,24.758726119995117,24.758726119995117,0.0,REMOVE_PROVIDER_FORWARD_FILL_OFFICIAL_NO_QUOTE,data/official_daily/TWSE_*.parquet
8367,TWSE,2018-05-09,24.758726119995117,24.758726119995117,24.758726119995117,24.758726119995117,0.0,REMOVE_PROVIDER_FORWARD_FILL_OFFICIAL_NO_QUOTE,data/official_daily/TWSE_*.parquet
8367,TWSE,2018-05-17,24.072641372680664,24.072641372680664,24.072641372680664,24.072641372680664,0.0,REMOVE_PROVIDER_FORWARD_FILL_OFFICIAL_NO_QUOTE,data/official_daily/TWSE_*.parquet
8367,TWSE,2018-05-22,24.47037124633789,24.47037124633789,24.47037124633789,24.47037124633789,0.0,REMOVE_PROVIDER_FORWARD_FILL_OFFICIAL_NO_QUOTE,data/official_daily/TWSE_*.parquet
8367,TWSE,2018-05-28,24.56980323791504,24.56980323791504,24.56980323791504,24.56980323791504,0.0,REMOVE_PROVIDER_FORWARD_FILL_OFFICIAL_NO_QUOTE,data/official_daily/TWSE_*.parquet
8367,TWSE,2018-06-08,24.16213035583496,24.16213035583496,24.16213035583496,24.16213035583496,0.0,REMOVE_PROVIDER_FORWARD_FILL_OFFICIAL_NO_QUOTE,data/official_daily/TWSE_*.parquet
8367,TWSE,2018-07-04,25.753053665161133,25.753053665161133,25.753053665161133,25.753053665161133,0.0,REMOVE_PROVIDER_FORWARD_FILL_OFFICIAL_NO_QUOTE,data/official_daily/TWSE_*.parquet
8367,TWSE,2018-07-09,25.504470825195312,25.504470825195312,25.504470825195312,25.504470825195312,0.0,REMOVE_PROVIDER_FORWARD_FILL_OFFICIAL_NO_QUOTE,data/official_daily/TWSE_*.parquet
8367,TWSE,2018-07-19,25.981748580932617,25.981748580932617,25.981748580932617,25.981748580932617,0.0,REMOVE_PROVIDER_FORWARD_FILL_OFFICIAL_NO_QUOTE,data/official_daily/TWSE_*.parquet
8367,TWSE,2018-07-26,25.753053665161133,25.753053665161133,25.753053665161133,25.753053665161133,0.0,REMOVE_PROVIDER_FORWARD_FILL_OFFICIAL_NO_QUOTE,data/official_daily/TWSE_*.parquet
8367,TWSE,2018-07-31,25.753053665161133,25.753053665161133,25.753053665161133,25.753053665161133,0.0,REMOVE_PROVIDER_FORWARD_FILL_OFFICIAL_NO_QUOTE,data/official_daily/TWSE_*.parquet
8367,TWSE,2018-08-03,25.48458480834961,25.48458480834961,25.48458480834961,25.48458480834961,0.0,REMOVE_PROVIDER_FORWARD_FILL_OFFICIAL_NO_QUOTE,data/official_daily/TWSE_*.parquet
8438,TWSE,2018-01-02,21.690000534057617,21.690000534057617,21.690000534057617,21.690000534057617,0.0,REMOVE_PROVIDER_FORWARD_FILL_OFFICIAL_NO_QUOTE,data/official_daily/TWSE_*.parquet
8438,TWSE,2018-01-03,21.690000534057617,21.690000534057617,21.690000534057617,21.690000534057617,0.0,REMOVE_PROVIDER_FORWARD_FILL_OFFICIAL_NO_QUOTE,data/official_daily/TWSE_*.parquet
8438,TWSE,2018-01-04,21.690000534057617,21.690000534057617,21.690000534057617,21.690000534057617,0.0,REMOVE_PROVIDER_FORWARD_FILL_OFFICIAL_NO_QUOTE,data/official_daily/TWSE_*.parquet
8438,TWSE,2018-01-05,21.690000534057617,21.690000534057617,21.690000534057617,21.690000534057617,0.0,REMOVE_PROVIDER_FORWARD_FILL_OFFICIAL_NO_QUOTE,data/official_daily/TWSE_*.parquet
8438,TWSE,2018-01-08,21.690000534057617,21.690000534057617,21.690000534057617,21.690000534057617,0.0,REMOVE_PROVIDER_FORWARD_FILL_OFFICIAL_NO_QUOTE,data/official_daily/TWSE_*.parquet
8438,TWSE,2018-01-09,21.690000534057617,21.690000534057617,21.690000534057617,21.690000534057617,0.0,REMOVE_PROVIDER_FORWARD_FILL_OFFICIAL_NO_QUOTE,data/official_daily/TWSE_*.parquet
8438,TWSE,2018-01-10,21.690000534057617,21.690000534057617,21.690000534057617,21.690000534057617,0.0,REMOVE_PROVIDER_FORWARD_FILL_OFFICIAL_NO_QUOTE,data/official_daily/TWSE_*.parquet
8438,TWSE,2018-01-11,21.690000534057617,21.690000534057617,21.690000534057617,21.690000534057617,0.0,REMOVE_PROVIDER_FORWARD_FILL_OFFICIAL_NO_QUOTE,data/official_daily/TWSE_*.parquet
8438,TWSE,2018-01-12,21.690000534057617,21.690000534057617,21.690000534057617,21.690000534057617,0.0,REMOVE_PROVIDER_FORWARD_FILL_OFFICIAL_NO_QUOTE,data/official_daily/TWSE_*.parquet
8438,TWSE,2018-01-15,21.690000534057617,21.690000534057617,21.690000534057617,21.690000534057617,0.0,REMOVE_PROVIDER_FORWARD_FILL_OFFICIAL_NO_QUOTE,data/official_daily/TWSE_*.parquet
8438,TWSE,2018-01-16,21.690000534057617,21.690000534057617,21.690000534057617,21.690000534057617,0.0,REMOVE_PROVIDER_FORWARD_FILL_OFFICIAL_NO_QUOTE,data/official_daily/TWSE_*.parquet
8438,TWSE,2018-01-17,21.690000534057617,21.690000534057617,21.690000534057617,21.690000534057617,0.0,REMOVE_PROVIDER_FORWARD_FILL_OFFICIAL_NO_QUOTE,data/official_daily/TWSE_*.parquet
8438,TWSE,2018-01-18,21.690000534057617,21.690000534057617,21.690000534057617,21.690000534057617,0.0,REMOVE_PROVIDER_FORWARD_FILL_OFFICIAL_NO_QUOTE,data/official_daily/TWSE_*.parquet
8438,TWSE,2018-01-19,21.690000534057617,21.690000534057617,21.690000534057617,21.690000534057617,0.0,REMOVE_PROVIDER_FORWARD_FILL_OFFICIAL_NO_QUOTE,data/official_daily/TWSE_*.parquet
8438,TWSE,2018-01-22,21.690000534057617,21.690000534057617,21.690000534057617,21.690000534057617,0.0,REMOVE_PROVIDER_FORWARD_FILL_OFFICIAL_NO_QUOTE,data/official_daily/TWSE_*.parquet
8438,TWSE,2018-01-23,21.690000534057617,21.690000534057617,21.690000534057617,21.690000534057617,0.0,REMOVE_PROVIDER_FORWARD_FILL_OFFICIAL_NO_QUOTE,data/official_daily/TWSE_*.parquet
8438,TWSE,2018-01-24,21.690000534057617,21.690000534057617,21.690000534057617,21.690000534057617,0.0,REMOVE_PROVIDER_FORWARD_FILL_OFFICIAL_NO_QUOTE,data/official_daily/TWSE_*.parquet
8438,TWSE,2018-01-26,22.030000686645508,22.030000686645508,22.030000686645508,22.030000686645508,0.0,REMOVE_PROVIDER_FORWARD_FILL_OFFICIAL_NO_QUOTE,data/official_daily/TWSE_*.parquet
8438,TWSE,2018-01-29,22.030000686645508,22.030000686645508,22.030000686645508,22.030000686645508,0.0,REMOVE_PROVIDER_FORWARD_FILL_OFFICIAL_NO_QUOTE,data/official_daily/TWSE_*.parquet
8438,TWSE,2018-01-30,22.030000686645508,22.030000686645508,22.030000686645508,22.030000686645508,0.0,REMOVE_PROVIDER_FORWARD_FILL_OFFICIAL_NO_QUOTE,data/official_daily/TWSE_*.parquet
8438,TWSE,2018-01-31,22.030000686645508,22.030000686645508,22.030000686645508,22.030000686645508,0.0,REMOVE_PROVIDER_FORWARD_FILL_OFFICIAL_NO_QUOTE,data/official_daily/TWSE_*.parquet
8438,TWSE,2018-02-01,22.030000686645508,22.030000686645508,22.030000686645508,22.030000686645508,0.0,REMOVE_PROVIDER_FORWARD_FILL_OFFICIAL_NO_QUOTE,data/official_daily/TWSE_*.parquet
8438,TWSE,2018-02-02,22.030000686645508,22.030000686645508,22.030000686645508,22.030000686645508,0.0,REMOVE_PROVIDER_FORWARD_FILL_OFFICIAL_NO_QUOTE,data/official_daily/TWSE_*.parquet
8438,TWSE,2018-02-05,22.030000686645508,22.030000686645508,22.030000686645508,22.030000686645508,0.0,REMOVE_PROVIDER_FORWARD_FILL_OFFICIAL_NO_QUOTE,data/official_daily/TWSE_*.parquet
8438,TWSE,2018-02-06,22.030000686645508,22.030000686645508,22.030000686645508,22.030000686645508,0.0,REMOVE_PROVIDER_FORWARD_FILL_OFFICIAL_NO_QUOTE,data/official_daily/TWSE_*.parquet
8438,TWSE,2018-02-07,22.030000686645508,22.030000686645508,22.030000686645508,22.030000686645508,0.0,REMOVE_PROVIDER_FORWARD_FILL_OFFICIAL_NO_QUOTE,data/official_daily/TWSE_*.parquet
8438,TWSE,2018-02-09,20.93000030517578,20.93000030517578,20.93000030517578,20.93000030517578,0.0,REMOVE_PROVIDER_FORWARD_FILL_OFFICIAL_NO_QUOTE,data/official_daily/TWSE_*.parquet
8438,TWSE,2018-02-12,20.93000030517578,20.93000030517578,20.93000030517578,20.93000030517578,0.0,REMOVE_PROVIDER_FORWARD_FILL_OFFICIAL_NO_QUOTE,data/official_daily/TWSE_*.parquet
8438,TWSE,2018-02-23,19.959999084472656,19.959999084472656,19.959999084472656,19.959999084472656,0.0,REMOVE_PROVIDER_FORWARD_FILL_OFFICIAL_NO_QUOTE,data/official_daily/TWSE_*.parquet
8438,TWSE,2018-02-26,19.959999084472656,19.959999084472656,19.959999084472656,19.959999084472656,0.0,REMOVE_PROVIDER_FORWARD_FILL_OFFICIAL_NO_QUOTE,data/official_daily/TWSE_*.parquet
8438,TWSE,2018-02-27,19.959999084472656,19.959999084472656,19.959999084472656,19.959999084472656,0.0,REMOVE_PROVIDER_FORWARD_FILL_OFFICIAL_NO_QUOTE,data/official_daily/TWSE_*.parquet
8438,TWSE,2018-03-01,19.959999084472656,19.959999084472656,19.959999084472656,19.959999084472656,0.0,REMOVE_PROVIDER_FORWARD_FILL_OFFICIAL_NO_QUOTE,data/official_daily/TWSE_*.parquet
8438,TWSE,2018-03-05,18.950000762939453,18.950000762939453,18.950000762939453,18.950000762939453,0.0,REMOVE_PROVIDER_FORWARD_FILL_OFFICIAL_NO_QUOTE,data/official_daily/TWSE_*.parquet
8438,TWSE,2018-03-08,18.950000762939453,18.950000762939453,18.950000762939453,18.950000762939453,0.0,REMOVE_PROVIDER_FORWARD_FILL_OFFICIAL_NO_QUOTE,data/official_daily/TWSE_*.parquet
8438,TWSE,2018-03-09,18.950000762939453,18.950000762939453,18.950000762939453,18.950000762939453,0.0,REMOVE_PROVIDER_FORWARD_FILL_OFFICIAL_NO_QUOTE,data/official_daily/TWSE_*.parquet
8438,TWSE,2018-03-12,18.950000762939453,18.950000762939453,18.950000762939453,18.950000762939453,0.0,REMOVE_PROVIDER_FORWARD_FILL_OFFICIAL_NO_QUOTE,data/official_daily/TWSE_*.parquet
8438,TWSE,2018-03-14,17.100000381469727,17.100000381469727,17.100000381469727,17.100000381469727,0.0,REMOVE_PROVIDER_FORWARD_FILL_OFFICIAL_NO_QUOTE,data/official_daily/TWSE_*.parquet
8438,TWSE,2018-03-15,17.100000381469727,17.100000381469727,17.100000381469727,17.100000381469727,0.0,REMOVE_PROVIDER_FORWARD_FILL_OFFICIAL_NO_QUOTE,data/official_daily/TWSE_*.parquet
8438,TWSE,2018-03-19,17.440000534057617,17.440000534057617,17.440000534057617,17.440000534057617,0.0,REMOVE_PROVIDER_FORWARD_FILL_OFFICIAL_NO_QUOTE,data/official_daily/TWSE_*.parquet
8438,TWSE,2018-03-29,20.950000762939453,20.950000762939453,20.950000762939453,20.950000762939453,0.0,REMOVE_PROVIDER_FORWARD_FILL_OFFICIAL_NO_QUOTE,data/official_daily/TWSE_*.parquet
8438,TWSE,2018-04-02,20.950000762939453,20.950000762939453,20.950000762939453,20.950000762939453,0.0,REMOVE_PROVIDER_FORWARD_FILL_OFFICIAL_NO_QUOTE,data/official_daily/TWSE_*.parquet
8438,TWSE,2018-04-03,20.950000762939453,20.950000762939453,20.950000762939453,20.950000762939453,0.0,REMOVE_PROVIDER_FORWARD_FILL_OFFICIAL_NO_QUOTE,data/official_daily/TWSE_*.parquet
8438,TWSE,2018-04-10,19.979999542236328,19.979999542236328,19.979999542236328,19.979999542236328,0.0,REMOVE_PROVIDER_FORWARD_FILL_OFFICIAL_NO_QUOTE,data/official_daily/TWSE_*.parquet
8438,TWSE,2018-04-11,19.979999542236328,19.979999542236328,19.979999542236328,19.979999542236328,0.0,REMOVE_PROVIDER_FORWARD_FILL_OFFICIAL_NO_QUOTE,data/official_daily/TWSE_*.parquet
8438,TWSE,2018-04-13,19.06999969482422,19.06999969482422,19.06999969482422,19.06999969482422,0.0,REMOVE_PROVIDER_FORWARD_FILL_OFFICIAL_NO_QUOTE,data/official_daily/TWSE_*.parquet
8438,TWSE,2018-04-17,19.200000762939453,19.200000762939453,19.200000762939453,19.200000762939453,0.0,REMOVE_PROVIDER_FORWARD_FILL_OFFICIAL_NO_QUOTE,data/official_daily/TWSE_*.parquet
8438,TWSE,2018-04-18,19.200000762939453,19.200000762939453,19.200000762939453,19.200000762939453,0.0,REMOVE_PROVIDER_FORWARD_FILL_OFFICIAL_NO_QUOTE,data/official_daily/TWSE_*.parquet
8438,TWSE,2018-04-20,18.239999771118164,18.239999771118164,18.239999771118164,18.239999771118164,0.0,REMOVE_PROVIDER_FORWARD_FILL_OFFICIAL_NO_QUOTE,data/official_daily/TWSE_*.parquet
8438,TWSE,2018-04-23,18.239999771118164,18.239999771118164,18.239999771118164,18.239999771118164,0.0,REMOVE_PROVIDER_FORWARD_FILL_OFFICIAL_NO_QUOTE,data/official_daily/TWSE_*.parquet
8438,TWSE,2018-04-24,18.239999771118164,18.239999771118164,18.239999771118164,18.239999771118164,0.0,REMOVE_PROVIDER_FORWARD_FILL_OFFICIAL_NO_QUOTE,data/official_daily/TWSE_*.parquet
8438,TWSE,2018-04-25,18.239999771118164,18.239999771118164,18.239999771118164,18.239999771118164,0.0,REMOVE_PROVIDER_FORWARD_FILL_OFFICIAL_NO_QUOTE,data/official_daily/TWSE_*.parquet
8438,TWSE,2018-04-26,18.239999771118164,18.239999771118164,18.239999771118164,18.239999771118164,0.0,REMOVE_PROVIDER_FORWARD_FILL_OFFICIAL_NO_QUOTE,data/official_daily/TWSE_*.parquet
8438,TWSE,2018-04-27,18.239999771118164,18.239999771118164,18.239999771118164,18.239999771118164,0.0,REMOVE_PROVIDER_FORWARD_FILL_OFFICIAL_NO_QUOTE,data/official_daily/TWSE_*.parquet
8438,TWSE,2018-04-30,18.239999771118164,18.239999771118164,18.239999771118164,18.239999771118164,0.0,REMOVE_PROVIDER_FORWARD_FILL_OFFICIAL_NO_QUOTE,data/official_daily/TWSE_*.parquet
8438,TWSE,2018-05-02,18.239999771118164,18.239999771118164,18.239999771118164,18.239999771118164,0.0,REMOVE_PROVIDER_FORWARD_FILL_OFFICIAL_NO_QUOTE,data/official_daily/TWSE_*.parquet
8438,TWSE,2018-05-03,18.239999771118164,18.239999771118164,18.239999771118164,18.239999771118164,0.0,REMOVE_PROVIDER_FORWARD_FILL_OFFICIAL_NO_QUOTE,data/official_daily/TWSE_*.parquet
8438,TWSE,2018-05-04,18.239999771118164,18.239999771118164,18.239999771118164,18.239999771118164,0.0,REMOVE_PROVIDER_FORWARD_FILL_OFFICIAL_NO_QUOTE,data/official_daily/TWSE_*.parquet
8438,TWSE,2018-05-07,18.239999771118164,18.239999771118164,18.239999771118164,18.239999771118164,0.0,REMOVE_PROVIDER_FORWARD_FILL_OFFICIAL_NO_QUOTE,data/official_daily/TWSE_*.parquet
8438,TWSE,2018-05-08,18.239999771118164,18.239999771118164,18.239999771118164,18.239999771118164,0.0,REMOVE_PROVIDER_FORWARD_FILL_OFFICIAL_NO_QUOTE,data/official_daily/TWSE_*.parquet
8438,TWSE,2018-05-09,18.239999771118164,18.239999771118164,18.239999771118164,18.239999771118164,0.0,REMOVE_PROVIDER_FORWARD_FILL_OFFICIAL_NO_QUOTE,data/official_daily/TWSE_*.parquet
8438,TWSE,2018-05-10,18.239999771118164,18.239999771118164,18.239999771118164,18.239999771118164,0.0,REMOVE_PROVIDER_FORWARD_FILL_OFFICIAL_NO_QUOTE,data/official_daily/TWSE_*.parquet
8438,TWSE,2018-05-11,18.239999771118164,18.239999771118164,18.239999771118164,18.239999771118164,0.0,REMOVE_PROVIDER_FORWARD_FILL_OFFICIAL_NO_QUOTE,data/official_daily/TWSE_*.parquet
8438,TWSE,2018-05-14,18.239999771118164,18.239999771118164,18.239999771118164,18.239999771118164,0.0,REMOVE_PROVIDER_FORWARD_FILL_OFFICIAL_NO_QUOTE,data/official_daily/TWSE_*.parquet
8438,TWSE,2018-05-15,18.239999771118164,18.239999771118164,18.239999771118164,18.239999771118164,0.0,REMOVE_PROVIDER_FORWARD_FILL_OFFICIAL_NO_QUOTE,data/official_daily/TWSE_*.parquet
8438,TWSE,2018-05-16,18.239999771118164,18.239999771118164,18.239999771118164,18.239999771118164,0.0,REMOVE_PROVIDER_FORWARD_FILL_OFFICIAL_NO_QUOTE,data/official_daily/TWSE_*.parquet
8438,TWSE,2018-05-17,18.239999771118164,18.239999771118164,18.239999771118164,18.239999771118164,0.0,REMOVE_PROVIDER_FORWARD_FILL_OFFICIAL_NO_QUOTE,data/official_daily/TWSE_*.parquet
8438,TWSE,2018-05-18,18.239999771118164,18.239999771118164,18.239999771118164,18.239999771118164,0.0,REMOVE_PROVIDER_FORWARD_FILL_OFFICIAL_NO_QUOTE,data/official_daily/TWSE_*.parquet
8438,TWSE,2018-05-22,18.079999923706055,18.079999923706055,18.079999923706055,18.079999923706055,0.0,REMOVE_PROVIDER_FORWARD_FILL_OFFICIAL_NO_QUOTE,data/official_daily/TWSE_*.parquet
8438,TWSE,2018-05-24,18.139999389648438,18.139999389648438,18.139999389648438,18.139999389648438,0.0,REMOVE_PROVIDER_FORWARD_FILL_OFFICIAL_NO_QUOTE,data/official_daily/TWSE_*.parquet
8438,TWSE,2018-05-25,18.139999389648438,18.139999389648438,18.139999389648438,18.139999389648438,0.0,REMOVE_PROVIDER_FORWARD_FILL_OFFICIAL_NO_QUOTE,data/official_daily/TWSE_*.parquet
8438,TWSE,2018-05-28,18.139999389648438,18.139999389648438,18.139999389648438,18.139999389648438,0.0,REMOVE_PROVIDER_FORWARD_FILL_OFFICIAL_NO_QUOTE,data/official_daily/TWSE_*.parquet
8438,TWSE,2018-05-29,18.139999389648438,18.139999389648438,18.139999389648438,18.139999389648438,0.0,REMOVE_PROVIDER_FORWARD_FILL_OFFICIAL_NO_QUOTE,data/official_daily/TWSE_*.parquet
8438,TWSE,2018-05-30,18.139999389648438,18.139999389648438,18.139999389648438,18.139999389648438,0.0,REMOVE_PROVIDER_FORWARD_FILL_OFFICIAL_NO_QUOTE,data/official_daily/TWSE_*.parquet
8438,TWSE,2018-05-31,18.139999389648438,18.139999389648438,18.139999389648438,18.139999389648438,0.0,REMOVE_PROVIDER_FORWARD_FILL_OFFICIAL_NO_QUOTE,data/official_daily/TWSE_*.parquet
8438,TWSE,2018-06-04,17.5,17.5,17.5,17.5,0.0,REMOVE_PROVIDER_FORWARD_FILL_OFFICIAL_NO_QUOTE,data/official_daily/TWSE_*.parquet
8438,TWSE,2018-06-05,17.5,17.5,17.5,17.5,0.0,REMOVE_PROVIDER_FORWARD_FILL_OFFICIAL_NO_QUOTE,data/official_daily/TWSE_*.parquet
8438,TWSE,2018-06-06,17.5,17.5,17.5,17.5,0.0,REMOVE_PROVIDER_FORWARD_FILL_OFFICIAL_NO_QUOTE,data/official_daily/TWSE_*.parquet
8438,TWSE,2018-06-07,17.5,17.5,17.5,17.5,0.0,REMOVE_PROVIDER_FORWARD_FILL_OFFICIAL_NO_QUOTE,data/official_daily/TWSE_*.parquet
8438,TWSE,2018-06-08,17.5,17.5,17.5,17.5,0.0,REMOVE_PROVIDER_FORWARD_FILL_OFFICIAL_NO_QUOTE,data/official_daily/TWSE_*.parquet
8438,TWSE,2018-06-11,17.5,17.5,17.5,17.5,0.0,REMOVE_PROVIDER_FORWARD_FILL_OFFICIAL_NO_QUOTE,data/official_daily/TWSE_*.parquet
8438,TWSE,2018-06-12,17.5,17.5,17.5,17.5,0.0,REMOVE_PROVIDER_FORWARD_FILL_OFFICIAL_NO_QUOTE,data/official_daily/TWSE_*.parquet
8438,TWSE,2018-06-13,17.5,17.5,17.5,17.5,0.0,REMOVE_PROVIDER_FORWARD_FILL_OFFICIAL_NO_QUOTE,data/official_daily/TWSE_*.parquet
8438,TWSE,2018-06-14,17.5,17.5,17.5,17.5,0.0,REMOVE_PROVIDER_FORWARD_FILL_OFFICIAL_NO_QUOTE,data/official_daily/TWSE_*.parquet
8438,TWSE,2018-06-15,17.5,17.5,17.5,17.5,0.0,REMOVE_PROVIDER_FORWARD_FILL_OFFICIAL_NO_QUOTE,data/official_daily/TWSE_*.parquet
8438,TWSE,2018-06-19,17.5,17.5,17.5,17.5,0.0,REMOVE_PROVIDER_FORWARD_FILL_OFFICIAL_NO_QUOTE,data/official_daily/TWSE_*.parquet
8438,TWSE,2018-06-20,17.5,17.5,17.5,17.5,0.0,REMOVE_PROVIDER_FORWARD_FILL_OFFICIAL_NO_QUOTE,data/official_daily/TWSE_*.parquet
8438,TWSE,2018-06-25,19.190000534057617,19.190000534057617,19.190000534057617,19.190000534057617,0.0,REMOVE_PROVIDER_FORWARD_FILL_OFFICIAL_NO_QUOTE,data/official_daily/TWSE_*.parquet
8438,TWSE,2018-06-26,19.190000534057617,19.190000534057617,19.190000534057617,19.190000534057617,0.0,REMOVE_PROVIDER_FORWARD_FILL_OFFICIAL_NO_QUOTE,data/official_daily/TWSE_*.parquet
8438,TWSE,2018-06-28,19.200000762939453,19.200000762939453,19.200000762939453,19.200000762939453,0.0,REMOVE_PROVIDER_FORWARD_FILL_OFFICIAL_NO_QUOTE,data/official_daily/TWSE_*.parquet
8438,TWSE,2018-06-29,19.200000762939453,19.200000762939453,19.200000762939453,19.200000762939453,0.0,REMOVE_PROVIDER_FORWARD_FILL_OFFICIAL_NO_QUOTE,data/official_daily/TWSE_*.parquet
8438,TWSE,2018-07-02,19.200000762939453,19.200000762939453,19.200000762939453,19.200000762939453,0.0,REMOVE_PROVIDER_FORWARD_FILL_OFFICIAL_NO_QUOTE,data/official_daily/TWSE_*.parquet
8438,TWSE,2018-07-03,19.200000762939453,19.200000762939453,19.200000762939453,19.200000762939453,0.0,REMOVE_PROVIDER_FORWARD_FILL_OFFICIAL_NO_QUOTE,data/official_daily/TWSE_*.parquet
8438,TWSE,2018-07-04,19.200000762939453,19.200000762939453,19.200000762939453,19.200000762939453,0.0,REMOVE_PROVIDER_FORWARD_FILL_OFFICIAL_NO_QUOTE,data/official_daily/TWSE_*.parquet
8438,TWSE,2018-07-05,19.200000762939453,19.200000762939453,19.200000762939453,19.200000762939453,0.0,REMOVE_PROVIDER_FORWARD_FILL_OFFICIAL_NO_QUOTE,data/official_daily/TWSE_*.parquet
8438,TWSE,2018-07-06,19.200000762939453,19.200000762939453,19.200000762939453,19.200000762939453,0.0,REMOVE_PROVIDER_FORWARD_FILL_OFFICIAL_NO_QUOTE,data/official_daily/TWSE_*.parquet
8438,TWSE,2018-07-09,19.200000762939453,19.200000762939453,19.200000762939453,19.200000762939453,0.0,REMOVE_PROVIDER_FORWARD_FILL_OFFICIAL_NO_QUOTE,data/official_daily/TWSE_*.parquet
8438,TWSE,2018-07-12,18.309999465942383,18.309999465942383,18.309999465942383,18.309999465942383,0.0,REMOVE_PROVIDER_FORWARD_FILL_OFFICIAL_NO_QUOTE,data/official_daily/TWSE_*.parquet
8438,TWSE,2018-07-16,18.309999465942383,18.309999465942383,18.309999465942383,18.309999465942383,0.0,REMOVE_PROVIDER_FORWARD_FILL_OFFICIAL_NO_QUOTE,data/official_daily/TWSE_*.parquet
8438,TWSE,2018-07-17,18.309999465942383,18.309999465942383,18.309999465942383,18.309999465942383,0.0,REMOVE_PROVIDER_FORWARD_FILL_OFFICIAL_NO_QUOTE,data/official_daily/TWSE_*.parquet
8438,TWSE,2018-07-19,18.549999237060547,18.549999237060547,18.549999237060547,18.549999237060547,0.0,REMOVE_PROVIDER_FORWARD_FILL_OFFICIAL_NO_QUOTE,data/official_daily/TWSE_*.parquet
8438,TWSE,2018-07-20,18.549999237060547,18.549999237060547,18.549999237060547,18.549999237060547,0.0,REMOVE_PROVIDER_FORWARD_FILL_OFFICIAL_NO_QUOTE,data/official_daily/TWSE_*.parquet
8438,TWSE,2018-07-23,18.549999237060547,18.549999237060547,18.549999237060547,18.549999237060547,0.0,REMOVE_PROVIDER_FORWARD_FILL_OFFICIAL_NO_QUOTE,data/official_daily/TWSE_*.parquet
8438,TWSE,2018-07-24,18.549999237060547,18.549999237060547,18.549999237060547,18.549999237060547,0.0,REMOVE_PROVIDER_FORWARD_FILL_OFFICIAL_NO_QUOTE,data/official_daily/TWSE_*.parquet
8438,TWSE,2018-07-25,18.549999237060547,18.549999237060547,18.549999237060547,18.549999237060547,0.0,REMOVE_PROVIDER_FORWARD_FILL_OFFICIAL_NO_QUOTE,data/official_daily/TWSE_*.parquet
8438,TWSE,2018-07-26,18.549999237060547,18.549999237060547,18.549999237060547,18.549999237060547,0.0,REMOVE_PROVIDER_FORWARD_FILL_OFFICIAL_NO_QUOTE,data/official_daily/TWSE_*.parquet
8438,TWSE,2018-07-30,18.549999237060547,18.549999237060547,18.549999237060547,18.549999237060547,0.0,REMOVE_PROVIDER_FORWARD_FILL_OFFICIAL_NO_QUOTE,data/official_daily/TWSE_*.parquet
8438,TWSE,2018-07-31,18.549999237060547,18.549999237060547,18.549999237060547,18.549999237060547,0.0,REMOVE_PROVIDER_FORWARD_FILL_OFFICIAL_NO_QUOTE,data/official_daily/TWSE_*.parquet
8438,TWSE,2018-08-01,18.549999237060547,18.549999237060547,18.549999237060547,18.549999237060547,0.0,REMOVE_PROVIDER_FORWARD_FILL_OFFICIAL_NO_QUOTE,data/official_daily/TWSE_*.parquet
8438,TWSE,2018-08-02,18.549999237060547,18.549999237060547,18.549999237060547,18.549999237060547,0.0,REMOVE_PROVIDER_FORWARD_FILL_OFFICIAL_NO_QUOTE,data/official_daily/TWSE_*.parquet
8438,TWSE,2018-08-03,18.549999237060547,18.549999237060547,18.549999237060547,18.549999237060547,0.0,REMOVE_PROVIDER_FORWARD_FILL_OFFICIAL_NO_QUOTE,data/official_daily/TWSE_*.parquet
8438,TWSE,2018-08-06,18.549999237060547,18.549999237060547,18.549999237060547,18.549999237060547,0.0,REMOVE_PROVIDER_FORWARD_FILL_OFFICIAL_NO_QUOTE,data/official_daily/TWSE_*.parquet
8438,TWSE,2018-08-07,18.549999237060547,18.549999237060547,18.549999237060547,18.549999237060547,0.0,REMOVE_PROVIDER_FORWARD_FILL_OFFICIAL_NO_QUOTE,data/official_daily/TWSE_*.parquet
8438,TWSE,2018-08-08,18.549999237060547,18.549999237060547,18.549999237060547,18.549999237060547,0.0,REMOVE_PROVIDER_FORWARD_FILL_OFFICIAL_NO_QUOTE,data/official_daily/TWSE_*.parquet
8438,TWSE,2018-08-09,18.549999237060547,18.549999237060547,18.549999237060547,18.549999237060547,0.0,REMOVE_PROVIDER_FORWARD_FILL_OFFICIAL_NO_QUOTE,data/official_daily/TWSE_*.parquet
8438,TWSE,2018-08-10,18.549999237060547,18.549999237060547,18.549999237060547,18.549999237060547,0.0,REMOVE_PROVIDER_FORWARD_FILL_OFFICIAL_NO_QUOTE,data/official_daily/TWSE_*.parquet
8438,TWSE,2018-08-13,18.549999237060547,18.549999237060547,18.549999237060547,18.549999237060547,0.0,REMOVE_PROVIDER_FORWARD_FILL_OFFICIAL_NO_QUOTE,data/official_daily/TWSE_*.parquet
8438,TWSE,2018-08-14,18.549999237060547,18.549999237060547,18.549999237060547,18.549999237060547,0.0,REMOVE_PROVIDER_FORWARD_FILL_OFFICIAL_NO_QUOTE,data/official_daily/TWSE_*.parquet
8438,TWSE,2018-08-15,18.549999237060547,18.549999237060547,18.549999237060547,18.549999237060547,0.0,REMOVE_PROVIDER_FORWARD_FILL_OFFICIAL_NO_QUOTE,data/official_daily/TWSE_*.parquet
8438,TWSE,2018-08-16,18.549999237060547,18.549999237060547,18.549999237060547,18.549999237060547,0.0,REMOVE_PROVIDER_FORWARD_FILL_OFFICIAL_NO_QUOTE,data/official_daily/TWSE_*.parquet
8438,TWSE,2018-08-17,18.549999237060547,18.549999237060547,18.549999237060547,18.549999237060547,0.0,REMOVE_PROVIDER_FORWARD_FILL_OFFICIAL_NO_QUOTE,data/official_daily/TWSE_*.parquet
8438,TWSE,2018-08-20,18.549999237060547,18.549999237060547,18.549999237060547,18.549999237060547,0.0,REMOVE_PROVIDER_FORWARD_FILL_OFFICIAL_NO_QUOTE,data/official_daily/TWSE_*.parquet
8438,TWSE,2018-08-21,18.549999237060547,18.549999237060547,18.549999237060547,18.549999237060547,0.0,REMOVE_PROVIDER_FORWARD_FILL_OFFICIAL_NO_QUOTE,data/official_daily/TWSE_*.parquet
8438,TWSE,2018-08-22,18.549999237060547,18.549999237060547,18.549999237060547,18.549999237060547,0.0,REMOVE_PROVIDER_FORWARD_FILL_OFFICIAL_NO_QUOTE,data/official_daily/TWSE_*.parquet
8438,TWSE,2018-08-23,18.549999237060547,18.549999237060547,18.549999237060547,18.549999237060547,0.0,REMOVE_PROVIDER_FORWARD_FILL_OFFICIAL_NO_QUOTE,data/official_daily/TWSE_*.parquet
8438,TWSE,2018-08-24,18.549999237060547,18.549999237060547,18.549999237060547,18.549999237060547,0.0,REMOVE_PROVIDER_FORWARD_FILL_OFFICIAL_NO_QUOTE,data/official_daily/TWSE_*.parquet
8438,TWSE,2018-08-27,18.549999237060547,18.549999237060547,18.549999237060547,18.549999237060547,0.0,REMOVE_PROVIDER_FORWARD_FILL_OFFICIAL_NO_QUOTE,data/official_daily/TWSE_*.parquet
8438,TWSE,2018-08-28,18.549999237060547,18.549999237060547,18.549999237060547,18.549999237060547,0.0,REMOVE_PROVIDER_FORWARD_FILL_OFFICIAL_NO_QUOTE,data/official_daily/TWSE_*.parquet
8438,TWSE,2018-08-29,18.549999237060547,18.549999237060547,18.549999237060547,18.549999237060547,0.0,REMOVE_PROVIDER_FORWARD_FILL_OFFICIAL_NO_QUOTE,data/official_daily/TWSE_*.parquet
8438,TWSE,2018-08-30,18.549999237060547,18.549999237060547,18.549999237060547,18.549999237060547,0.0,REMOVE_PROVIDER_FORWARD_FILL_OFFICIAL_NO_QUOTE,data/official_daily/TWSE_*.parquet
8438,TWSE,2018-08-31,18.549999237060547,18.549999237060547,18.549999237060547,18.549999237060547,0.0,REMOVE_PROVIDER_FORWARD_FILL_OFFICIAL_NO_QUOTE,data/official_daily/TWSE_*.parquet
8438,TWSE,2018-09-04,17.389999389648438,17.389999389648438,17.389999389648438,17.389999389648438,0.0,REMOVE_PROVIDER_FORWARD_FILL_OFFICIAL_NO_QUOTE,data/official_daily/TWSE_*.parquet
8438,TWSE,2018-09-05,17.389999389648438,17.389999389648438,17.389999389648438,17.389999389648438,0.0,REMOVE_PROVIDER_FORWARD_FILL_OFFICIAL_NO_QUOTE,data/official_daily/TWSE_*.parquet
8438,TWSE,2018-09-06,17.389999389648438,17.389999389648438,17.389999389648438,17.389999389648438,0.0,REMOVE_PROVIDER_FORWARD_FILL_OFFICIAL_NO_QUOTE,data/official_daily/TWSE_*.parquet
8438,TWSE,2018-09-07,17.389999389648438,17.389999389648438,17.389999389648438,17.389999389648438,0.0,REMOVE_PROVIDER_FORWARD_FILL_OFFICIAL_NO_QUOTE,data/official_daily/TWSE_*.parquet
8438,TWSE,2018-09-10,17.389999389648438,17.389999389648438,17.389999389648438,17.389999389648438,0.0,REMOVE_PROVIDER_FORWARD_FILL_OFFICIAL_NO_QUOTE,data/official_daily/TWSE_*.parquet
8438,TWSE,2018-09-13,17.440000534057617,17.440000534057617,17.440000534057617,17.440000534057617,0.0,REMOVE_PROVIDER_FORWARD_FILL_OFFICIAL_NO_QUOTE,data/official_daily/TWSE_*.parquet
8438,TWSE,2018-09-18,16.0,16.0,16.0,16.0,0.0,REMOVE_PROVIDER_FORWARD_FILL_OFFICIAL_NO_QUOTE,data/official_daily/TWSE_*.parquet
8438,TWSE,2018-09-26,16.0,16.0,16.0,16.0,0.0,REMOVE_PROVIDER_FORWARD_FILL_OFFICIAL_NO_QUOTE,data/official_daily/TWSE_*.parquet
8438,TWSE,2018-09-27,16.0,16.0,16.0,16.0,0.0,REMOVE_PROVIDER_FORWARD_FILL_OFFICIAL_NO_QUOTE,data/official_daily/TWSE_*.parquet
8438,TWSE,2018-10-01,16.0,16.0,16.0,16.0,0.0,REMOVE_PROVIDER_FORWARD_FILL_OFFICIAL_NO_QUOTE,data/official_daily/TWSE_*.parquet
8438,TWSE,2018-10-04,15.699999809265137,15.699999809265137,15.699999809265137,15.699999809265137,0.0,REMOVE_PROVIDER_FORWARD_FILL_OFFICIAL_NO_QUOTE,data/official_daily/TWSE_*.parquet
8438,TWSE,2018-10-05,15.699999809265137,15.699999809265137,15.699999809265137,15.699999809265137,0.0,REMOVE_PROVIDER_FORWARD_FILL_OFFICIAL_NO_QUOTE,data/official_daily/TWSE_*.parquet
8438,TWSE,2018-10-16,16.899999618530273,16.899999618530273,16.899999618530273,16.899999618530273,0.0,REMOVE_PROVIDER_FORWARD_FILL_OFFICIAL_NO_QUOTE,data/official_daily/TWSE_*.parquet
8438,TWSE,2018-10-17,16.899999618530273,16.899999618530273,16.899999618530273,16.899999618530273,0.0,REMOVE_PROVIDER_FORWARD_FILL_OFFICIAL_NO_QUOTE,data/official_daily/TWSE_*.parquet
8438,TWSE,2018-10-18,16.899999618530273,16.899999618530273,16.899999618530273,16.899999618530273,0.0,REMOVE_PROVIDER_FORWARD_FILL_OFFICIAL_NO_QUOTE,data/official_daily/TWSE_*.parquet
8438,TWSE,2018-10-19,16.899999618530273,16.899999618530273,16.899999618530273,16.899999618530273,0.0,REMOVE_PROVIDER_FORWARD_FILL_OFFICIAL_NO_QUOTE,data/official_daily/TWSE_*.parquet
8438,TWSE,2018-10-22,16.899999618530273,16.899999618530273,16.899999618530273,16.899999618530273,0.0,REMOVE_PROVIDER_FORWARD_FILL_OFFICIAL_NO_QUOTE,data/official_daily/TWSE_*.parquet
8438,TWSE,2018-10-23,16.899999618530273,16.899999618530273,16.899999618530273,16.899999618530273,0.0,REMOVE_PROVIDER_FORWARD_FILL_OFFICIAL_NO_QUOTE,data/official_daily/TWSE_*.parquet
8438,TWSE,2018-10-24,16.899999618530273,16.899999618530273,16.899999618530273,16.899999618530273,0.0,REMOVE_PROVIDER_FORWARD_FILL_OFFICIAL_NO_QUOTE,data/official_daily/TWSE_*.parquet
8438,TWSE,2018-10-25,16.899999618530273,16.899999618530273,16.899999618530273,16.899999618530273,0.0,REMOVE_PROVIDER_FORWARD_FILL_OFFICIAL_NO_QUOTE,data/official_daily/TWSE_*.parquet
8438,TWSE,2018-10-29,16.110000610351562,16.110000610351562,16.110000610351562,16.110000610351562,0.0,REMOVE_PROVIDER_FORWARD_FILL_OFFICIAL_NO_QUOTE,data/official_daily/TWSE_*.parquet
8438,TWSE,2018-10-30,16.110000610351562,16.110000610351562,16.110000610351562,16.110000610351562,0.0,REMOVE_PROVIDER_FORWARD_FILL_OFFICIAL_NO_QUOTE,data/official_daily/TWSE_*.parquet
8438,TWSE,2018-11-01,16.110000610351562,16.110000610351562,16.110000610351562,16.110000610351562,0.0,REMOVE_PROVIDER_FORWARD_FILL_OFFICIAL_NO_QUOTE,data/official_daily/TWSE_*.parquet
8438,TWSE,2018-11-02,16.110000610351562,16.110000610351562,16.110000610351562,16.110000610351562,0.0,REMOVE_PROVIDER_FORWARD_FILL_OFFICIAL_NO_QUOTE,data/official_daily/TWSE_*.parquet
8438,TWSE,2018-11-05,16.110000610351562,16.110000610351562,16.110000610351562,16.110000610351562,0.0,REMOVE_PROVIDER_FORWARD_FILL_OFFICIAL_NO_QUOTE,data/official_daily/TWSE_*.parquet
8438,TWSE,2018-11-06,16.110000610351562,16.110000610351562,16.110000610351562,16.110000610351562,0.0,REMOVE_PROVIDER_FORWARD_FILL_OFFICIAL_NO_QUOTE,data/official_daily/TWSE_*.parquet
8438,TWSE,2018-11-07,16.110000610351562,16.110000610351562,16.110000610351562,16.110000610351562,0.0,REMOVE_PROVIDER_FORWARD_FILL_OFFICIAL_NO_QUOTE,data/official_daily/TWSE_*.parquet
8438,TWSE,2018-11-08,16.110000610351562,16.110000610351562,16.110000610351562,16.110000610351562,0.0,REMOVE_PROVIDER_FORWARD_FILL_OFFICIAL_NO_QUOTE,data/official_daily/TWSE_*.parquet
8438,TWSE,2018-11-09,16.110000610351562,16.110000610351562,16.110000610351562,16.110000610351562,0.0,REMOVE_PROVIDER_FORWARD_FILL_OFFICIAL_NO_QUOTE,data/official_daily/TWSE_*.parquet
8438,TWSE,2018-11-12,16.110000610351562,16.110000610351562,16.110000610351562,16.110000610351562,0.0,REMOVE_PROVIDER_FORWARD_FILL_OFFICIAL_NO_QUOTE,data/official_daily/TWSE_*.parquet
8438,TWSE,2018-11-13,16.110000610351562,16.110000610351562,16.110000610351562,16.110000610351562,0.0,REMOVE_PROVIDER_FORWARD_FILL_OFFICIAL_NO_QUOTE,data/official_daily/TWSE_*.parquet
8438,TWSE,2018-11-14,16.110000610351562,16.110000610351562,16.110000610351562,16.110000610351562,0.0,REMOVE_PROVIDER_FORWARD_FILL_OFFICIAL_NO_QUOTE,data/official_daily/TWSE_*.parquet
8438,TWSE,2018-11-15,16.110000610351562,16.110000610351562,16.110000610351562,16.110000610351562,0.0,REMOVE_PROVIDER_FORWARD_FILL_OFFICIAL_NO_QUOTE,data/official_daily/TWSE_*.parquet
8438,TWSE,2018-11-16,16.110000610351562,16.110000610351562,16.110000610351562,16.110000610351562,0.0,REMOVE_PROVIDER_FORWARD_FILL_OFFICIAL_NO_QUOTE,data/official_daily/TWSE_*.parquet
8438,TWSE,2018-11-19,16.110000610351562,16.110000610351562,16.110000610351562,16.110000610351562,0.0,REMOVE_PROVIDER_FORWARD_FILL_OFFICIAL_NO_QUOTE,data/official_daily/TWSE_*.parquet
8438,TWSE,2018-11-20,16.110000610351562,16.110000610351562,16.110000610351562,16.110000610351562,0.0,REMOVE_PROVIDER_FORWARD_FILL_OFFICIAL_NO_QUOTE,data/official_daily/TWSE_*.parquet
8438,TWSE,2018-11-21,16.110000610351562,16.110000610351562,16.110000610351562,16.110000610351562,0.0,REMOVE_PROVIDER_FORWARD_FILL_OFFICIAL_NO_QUOTE,data/official_daily/TWSE_*.parquet
8438,TWSE,2018-11-22,16.110000610351562,16.110000610351562,16.110000610351562,16.110000610351562,0.0,REMOVE_PROVIDER_FORWARD_FILL_OFFICIAL_NO_QUOTE,data/official_daily/TWSE_*.parquet
8438,TWSE,2018-11-23,16.110000610351562,16.110000610351562,16.110000610351562,16.110000610351562,0.0,REMOVE_PROVIDER_FORWARD_FILL_OFFICIAL_NO_QUOTE,data/official_daily/TWSE_*.parquet
8438,TWSE,2018-11-26,16.110000610351562,16.110000610351562,16.110000610351562,16.110000610351562,0.0,REMOVE_PROVIDER_FORWARD_FILL_OFFICIAL_NO_QUOTE,data/official_daily/TWSE_*.parquet
8438,TWSE,2018-11-27,16.110000610351562,16.110000610351562,16.110000610351562,16.110000610351562,0.0,REMOVE_PROVIDER_FORWARD_FILL_OFFICIAL_NO_QUOTE,data/official_daily/TWSE_*.parquet
8438,TWSE,2018-11-28,16.110000610351562,16.110000610351562,16.110000610351562,16.110000610351562,0.0,REMOVE_PROVIDER_FORWARD_FILL_OFFICIAL_NO_QUOTE,data/official_daily/TWSE_*.parquet
8438,TWSE,2018-11-29,16.110000610351562,16.110000610351562,16.110000610351562,16.110000610351562,0.0,REMOVE_PROVIDER_FORWARD_FILL_OFFICIAL_NO_QUOTE,data/official_daily/TWSE_*.parquet
8438,TWSE,2018-12-03,16.600000381469727,16.600000381469727,16.600000381469727,16.600000381469727,0.0,REMOVE_PROVIDER_FORWARD_FILL_OFFICIAL_NO_QUOTE,data/official_daily/TWSE_*.parquet
8438,TWSE,2018-12-04,16.600000381469727,16.600000381469727,16.600000381469727,16.600000381469727,0.0,REMOVE_PROVIDER_FORWARD_FILL_OFFICIAL_NO_QUOTE,data/official_daily/TWSE_*.parquet
8438,TWSE,2018-12-05,16.600000381469727,16.600000381469727,16.600000381469727,16.600000381469727,0.0,REMOVE_PROVIDER_FORWARD_FILL_OFFICIAL_NO_QUOTE,data/official_daily/TWSE_*.parquet
8438,TWSE,2018-12-06,16.600000381469727,16.600000381469727,16.600000381469727,16.600000381469727,0.0,REMOVE_PROVIDER_FORWARD_FILL_OFFICIAL_NO_QUOTE,data/official_daily/TWSE_*.parquet
8438,TWSE,2018-12-10,16.600000381469727,16.600000381469727,16.600000381469727,16.600000381469727,0.0,REMOVE_PROVIDER_FORWARD_FILL_OFFICIAL_NO_QUOTE,data/official_daily/TWSE_*.parquet
8438,TWSE,2018-12-11,16.600000381469727,16.600000381469727,16.600000381469727,16.600000381469727,0.0,REMOVE_PROVIDER_FORWARD_FILL_OFFICIAL_NO_QUOTE,data/official_daily/TWSE_*.parquet
8438,TWSE,2018-12-12,16.600000381469727,16.600000381469727,16.600000381469727,16.600000381469727,0.0,REMOVE_PROVIDER_FORWARD_FILL_OFFICIAL_NO_QUOTE,data/official_daily/TWSE_*.parquet
8438,TWSE,2018-12-13,16.600000381469727,16.600000381469727,16.600000381469727,16.600000381469727,0.0,REMOVE_PROVIDER_FORWARD_FILL_OFFICIAL_NO_QUOTE,data/official_daily/TWSE_*.parquet
8438,TWSE,2018-12-14,16.600000381469727,16.600000381469727,16.600000381469727,16.600000381469727,0.0,REMOVE_PROVIDER_FORWARD_FILL_OFFICIAL_NO_QUOTE,data/official_daily/TWSE_*.parquet
8438,TWSE,2018-12-17,16.600000381469727,16.600000381469727,16.600000381469727,16.600000381469727,0.0,REMOVE_PROVIDER_FORWARD_FILL_OFFICIAL_NO_QUOTE,data/official_daily/TWSE_*.parquet
8438,TWSE,2018-12-20,16.110000610351562,16.110000610351562,16.110000610351562,16.110000610351562,0.0,REMOVE_PROVIDER_FORWARD_FILL_OFFICIAL_NO_QUOTE,data/official_daily/TWSE_*.parquet
8438,TWSE,2018-12-21,16.110000610351562,16.110000610351562,16.110000610351562,16.110000610351562,0.0,REMOVE_PROVIDER_FORWARD_FILL_OFFICIAL_NO_QUOTE,data/official_daily/TWSE_*.parquet
8438,TWSE,2018-12-24,16.110000610351562,16.110000610351562,16.110000610351562,16.110000610351562,0.0,REMOVE_PROVIDER_FORWARD_FILL_OFFICIAL_NO_QUOTE,data/official_daily/TWSE_*.parquet
8438,TWSE,2018-12-25,16.110000610351562,16.110000610351562,16.110000610351562,16.110000610351562,0.0,REMOVE_PROVIDER_FORWARD_FILL_OFFICIAL_NO_QUOTE,data/official_daily/TWSE_*.parquet
8438,TWSE,2018-12-26,16.110000610351562,16.110000610351562,16.110000610351562,16.110000610351562,0.0,REMOVE_PROVIDER_FORWARD_FILL_OFFICIAL_NO_QUOTE,data/official_daily/TWSE_*.parquet
8438,TWSE,2018-12-27,16.110000610351562,16.110000610351562,16.110000610351562,16.110000610351562,0.0,REMOVE_PROVIDER_FORWARD_FILL_OFFICIAL_NO_QUOTE,data/official_daily/TWSE_*.parquet
8438,TWSE,2018-12-28,16.110000610351562,16.110000610351562,16.110000610351562,16.110000610351562,0.0,REMOVE_PROVIDER_FORWARD_FILL_OFFICIAL_NO_QUOTE,data/official_daily/TWSE_*.parquet
8438,TWSE,2019-01-02,16.110000610351562,16.110000610351562,16.110000610351562,16.110000610351562,0.0,REMOVE_PROVIDER_FORWARD_FILL_OFFICIAL_NO_QUOTE,data/official_daily/TWSE_*.parquet
8438,TWSE,2019-01-03,16.110000610351562,16.110000610351562,16.110000610351562,16.110000610351562,0.0,REMOVE_PROVIDER_FORWARD_FILL_OFFICIAL_NO_QUOTE,data/official_daily/TWSE_*.parquet
8438,TWSE,2019-01-04,16.110000610351562,16.110000610351562,16.110000610351562,16.110000610351562,0.0,REMOVE_PROVIDER_FORWARD_FILL_OFFICIAL_NO_QUOTE,data/official_daily/TWSE_*.parquet
8438,TWSE,2019-01-07,16.110000610351562,16.110000610351562,16.110000610351562,16.110000610351562,0.0,REMOVE_PROVIDER_FORWARD_FILL_OFFICIAL_NO_QUOTE,data/official_daily/TWSE_*.parquet
8438,TWSE,2019-01-08,16.110000610351562,16.110000610351562,16.110000610351562,16.110000610351562,0.0,REMOVE_PROVIDER_FORWARD_FILL_OFFICIAL_NO_QUOTE,data/official_daily/TWSE_*.parquet
8438,TWSE,2019-01-09,16.110000610351562,16.110000610351562,16.110000610351562,16.110000610351562,0.0,REMOVE_PROVIDER_FORWARD_FILL_OFFICIAL_NO_QUOTE,data/official_daily/TWSE_*.parquet
8438,TWSE,2019-01-10,16.110000610351562,16.110000610351562,16.110000610351562,16.110000610351562,0.0,REMOVE_PROVIDER_FORWARD_FILL_OFFICIAL_NO_QUOTE,data/official_daily/TWSE_*.parquet
8438,TWSE,2019-01-11,16.110000610351562,16.110000610351562,16.110000610351562,16.110000610351562,0.0,REMOVE_PROVIDER_FORWARD_FILL_OFFICIAL_NO_QUOTE,data/official_daily/TWSE_*.parquet
8438,TWSE,2019-01-14,16.110000610351562,16.110000610351562,16.110000610351562,16.110000610351562,0.0,REMOVE_PROVIDER_FORWARD_FILL_OFFICIAL_NO_QUOTE,data/official_daily/TWSE_*.parquet
8438,TWSE,2019-01-15,16.110000610351562,16.110000610351562,16.110000610351562,16.110000610351562,0.0,REMOVE_PROVIDER_FORWARD_FILL_OFFICIAL_NO_QUOTE,data/official_daily/TWSE_*.parquet
8438,TWSE,2019-01-16,16.110000610351562,16.110000610351562,16.110000610351562,16.110000610351562,0.0,REMOVE_PROVIDER_FORWARD_FILL_OFFICIAL_NO_QUOTE,data/official_daily/TWSE_*.parquet
8438,TWSE,2019-01-17,16.110000610351562,16.110000610351562,16.110000610351562,16.110000610351562,0.0,REMOVE_PROVIDER_FORWARD_FILL_OFFICIAL_NO_QUOTE,data/official_daily/TWSE_*.parquet
8438,TWSE,2019-01-18,16.110000610351562,16.110000610351562,16.110000610351562,16.110000610351562,0.0,REMOVE_PROVIDER_FORWARD_FILL_OFFICIAL_NO_QUOTE,data/official_daily/TWSE_*.parquet
8438,TWSE,2019-01-21,16.110000610351562,16.110000610351562,16.110000610351562,16.110000610351562,0.0,REMOVE_PROVIDER_FORWARD_FILL_OFFICIAL_NO_QUOTE,data/official_daily/TWSE_*.parquet
8438,TWSE,2019-01-23,16.579999923706055,16.579999923706055,16.579999923706055,16.579999923706055,0.0,REMOVE_PROVIDER_FORWARD_FILL_OFFICIAL_NO_QUOTE,data/official_daily/TWSE_*.parquet
8438,TWSE,2019-01-24,16.579999923706055,16.579999923706055,16.579999923706055,16.579999923706055,0.0,REMOVE_PROVIDER_FORWARD_FILL_OFFICIAL_NO_QUOTE,data/official_daily/TWSE_*.parquet
8438,TWSE,2019-01-25,16.579999923706055,16.579999923706055,16.579999923706055,16.579999923706055,0.0,REMOVE_PROVIDER_FORWARD_FILL_OFFICIAL_NO_QUOTE,data/official_daily/TWSE_*.parquet
8438,TWSE,2019-01-28,16.579999923706055,16.579999923706055,16.579999923706055,16.579999923706055,0.0,REMOVE_PROVIDER_FORWARD_FILL_OFFICIAL_NO_QUOTE,data/official_daily/TWSE_*.parquet
8438,TWSE,2019-01-29,16.579999923706055,16.579999923706055,16.579999923706055,16.579999923706055,0.0,REMOVE_PROVIDER_FORWARD_FILL_OFFICIAL_NO_QUOTE,data/official_daily/TWSE_*.parquet
8438,TWSE,2019-01-30,16.579999923706055,16.579999923706055,16.579999923706055,16.579999923706055,0.0,REMOVE_PROVIDER_FORWARD_FILL_OFFICIAL_NO_QUOTE,data/official_daily/TWSE_*.parquet
8438,TWSE,2019-02-11,16.579999923706055,16.579999923706055,16.579999923706055,16.579999923706055,0.0,REMOVE_PROVIDER_FORWARD_FILL_OFFICIAL_NO_QUOTE,data/official_daily/TWSE_*.parquet
8438,TWSE,2019-02-12,16.579999923706055,16.579999923706055,16.579999923706055,16.579999923706055,0.0,REMOVE_PROVIDER_FORWARD_FILL_OFFICIAL_NO_QUOTE,data/official_daily/TWSE_*.parquet
8438,TWSE,2019-02-13,16.579999923706055,16.579999923706055,16.579999923706055,16.579999923706055,0.0,REMOVE_PROVIDER_FORWARD_FILL_OFFICIAL_NO_QUOTE,data/official_daily/TWSE_*.parquet
8438,TWSE,2019-02-14,16.579999923706055,16.579999923706055,16.579999923706055,16.579999923706055,0.0,REMOVE_PROVIDER_FORWARD_FILL_OFFICIAL_NO_QUOTE,data/official_daily/TWSE_*.parquet
8438,TWSE,2019-02-15,16.579999923706055,16.579999923706055,16.579999923706055,16.579999923706055,0.0,REMOVE_PROVIDER_FORWARD_FILL_OFFICIAL_NO_QUOTE,data/official_daily/TWSE_*.parquet
8438,TWSE,2019-02-18,16.579999923706055,16.579999923706055,16.579999923706055,16.579999923706055,0.0,REMOVE_PROVIDER_FORWARD_FILL_OFFICIAL_NO_QUOTE,data/official_daily/TWSE_*.parquet
8438,TWSE,2019-02-19,16.579999923706055,16.579999923706055,16.579999923706055,16.579999923706055,0.0,REMOVE_PROVIDER_FORWARD_FILL_OFFICIAL_NO_QUOTE,data/official_daily/TWSE_*.parquet
8438,TWSE,2019-02-21,15.8100004196167,15.8100004196167,15.8100004196167,15.8100004196167,0.0,REMOVE_PROVIDER_FORWARD_FILL_OFFICIAL_NO_QUOTE,data/official_daily/TWSE_*.parquet
8438,TWSE,2019-02-22,15.8100004196167,15.8100004196167,15.8100004196167,15.8100004196167,0.0,REMOVE_PROVIDER_FORWARD_FILL_OFFICIAL_NO_QUOTE,data/official_daily/TWSE_*.parquet
8438,TWSE,2019-03-04,15.8100004196167,15.8100004196167,15.8100004196167,15.8100004196167,0.0,REMOVE_PROVIDER_FORWARD_FILL_OFFICIAL_NO_QUOTE,data/official_daily/TWSE_*.parquet
8438,TWSE,2019-03-18,19.31999969482422,19.31999969482422,19.31999969482422,19.31999969482422,0.0,REMOVE_PROVIDER_FORWARD_FILL_OFFICIAL_NO_QUOTE,data/official_daily/TWSE_*.parquet
8438,TWSE,2019-03-19,19.31999969482422,19.31999969482422,19.31999969482422,19.31999969482422,0.0,REMOVE_PROVIDER_FORWARD_FILL_OFFICIAL_NO_QUOTE,data/official_daily/TWSE_*.parquet
8438,TWSE,2019-03-27,21.360000610351562,21.360000610351562,21.360000610351562,21.360000610351562,0.0,REMOVE_PROVIDER_FORWARD_FILL_OFFICIAL_NO_QUOTE,data/official_daily/TWSE_*.parquet
8438,TWSE,2019-03-28,21.360000610351562,21.360000610351562,21.360000610351562,21.360000610351562,0.0,REMOVE_PROVIDER_FORWARD_FILL_OFFICIAL_NO_QUOTE,data/official_daily/TWSE_*.parquet
8438,TWSE,2019-04-02,22.3799991607666,22.3799991607666,22.3799991607666,22.3799991607666,0.0,REMOVE_PROVIDER_FORWARD_FILL_OFFICIAL_NO_QUOTE,data/official_daily/TWSE_*.parquet
8438,TWSE,2019-04-10,20.969999313354492,20.969999313354492,20.969999313354492,20.969999313354492,0.0,REMOVE_PROVIDER_FORWARD_FILL_OFFICIAL_NO_QUOTE,data/official_daily/TWSE_*.parquet
8438,TWSE,2019-04-12,21.889999389648438,21.889999389648438,21.889999389648438,21.889999389648438,0.0,REMOVE_PROVIDER_FORWARD_FILL_OFFICIAL_NO_QUOTE,data/official_daily/TWSE_*.parquet
8438,TWSE,2019-04-15,21.889999389648438,21.889999389648438,21.889999389648438,21.889999389648438,0.0,REMOVE_PROVIDER_FORWARD_FILL_OFFICIAL_NO_QUOTE,data/official_daily/TWSE_*.parquet
8438,TWSE,2019-04-22,22.920000076293945,22.920000076293945,22.920000076293945,22.920000076293945,0.0,REMOVE_PROVIDER_FORWARD_FILL_OFFICIAL_NO_QUOTE,data/official_daily/TWSE_*.parquet
8438,TWSE,2019-05-02,22.799999237060547,22.799999237060547,22.799999237060547,22.799999237060547,0.0,REMOVE_PROVIDER_FORWARD_FILL_OFFICIAL_NO_QUOTE,data/official_daily/TWSE_*.parquet
8438,TWSE,2019-05-06,22.149999618530273,22.149999618530273,22.149999618530273,22.149999618530273,0.0,REMOVE_PROVIDER_FORWARD_FILL_OFFICIAL_NO_QUOTE,data/official_daily/TWSE_*.parquet
8438,TWSE,2019-05-09,21.739999771118164,21.739999771118164,21.739999771118164,21.739999771118164,0.0,REMOVE_PROVIDER_FORWARD_FILL_OFFICIAL_NO_QUOTE,data/official_daily/TWSE_*.parquet
8438,TWSE,2019-05-10,21.739999771118164,21.739999771118164,21.739999771118164,21.739999771118164,0.0,REMOVE_PROVIDER_FORWARD_FILL_OFFICIAL_NO_QUOTE,data/official_daily/TWSE_*.parquet
8438,TWSE,2019-05-13,21.739999771118164,21.739999771118164,21.739999771118164,21.739999771118164,0.0,REMOVE_PROVIDER_FORWARD_FILL_OFFICIAL_NO_QUOTE,data/official_daily/TWSE_*.parquet
8438,TWSE,2019-05-17,21.559999465942383,21.559999465942383,21.559999465942383,21.559999465942383,0.0,REMOVE_PROVIDER_FORWARD_FILL_OFFICIAL_NO_QUOTE,data/official_daily/TWSE_*.parquet
8438,TWSE,2019-05-20,21.559999465942383,21.559999465942383,21.559999465942383,21.559999465942383,0.0,REMOVE_PROVIDER_FORWARD_FILL_OFFICIAL_NO_QUOTE,data/official_daily/TWSE_*.parquet
8438,TWSE,2019-05-22,20.489999771118164,20.489999771118164,20.489999771118164,20.489999771118164,0.0,REMOVE_PROVIDER_FORWARD_FILL_OFFICIAL_NO_QUOTE,data/official_daily/TWSE_*.parquet
8438,TWSE,2019-05-23,20.489999771118164,20.489999771118164,20.489999771118164,20.489999771118164,0.0,REMOVE_PROVIDER_FORWARD_FILL_OFFICIAL_NO_QUOTE,data/official_daily/TWSE_*.parquet
8438,TWSE,2019-05-27,19.579999923706055,19.579999923706055,19.579999923706055,19.579999923706055,0.0,REMOVE_PROVIDER_FORWARD_FILL_OFFICIAL_NO_QUOTE,data/official_daily/TWSE_*.parquet
8438,TWSE,2019-05-28,19.579999923706055,19.579999923706055,19.579999923706055,19.579999923706055,0.0,REMOVE_PROVIDER_FORWARD_FILL_OFFICIAL_NO_QUOTE,data/official_daily/TWSE_*.parquet
8438,TWSE,2019-05-29,19.579999923706055,19.579999923706055,19.579999923706055,19.579999923706055,0.0,REMOVE_PROVIDER_FORWARD_FILL_OFFICIAL_NO_QUOTE,data/official_daily/TWSE_*.parquet
8438,TWSE,2019-05-30,19.579999923706055,19.579999923706055,19.579999923706055,19.579999923706055,0.0,REMOVE_PROVIDER_FORWARD_FILL_OFFICIAL_NO_QUOTE,data/official_daily/TWSE_*.parquet
8438,TWSE,2019-05-31,19.579999923706055,19.579999923706055,19.579999923706055,19.579999923706055,0.0,REMOVE_PROVIDER_FORWARD_FILL_OFFICIAL_NO_QUOTE,data/official_daily/TWSE_*.parquet
8438,TWSE,2019-06-03,19.579999923706055,19.579999923706055,19.579999923706055,19.579999923706055,0.0,REMOVE_PROVIDER_FORWARD_FILL_OFFICIAL_NO_QUOTE,data/official_daily/TWSE_*.parquet
8438,TWSE,2019-06-04,19.579999923706055,19.579999923706055,19.579999923706055,19.579999923706055,0.0,REMOVE_PROVIDER_FORWARD_FILL_OFFICIAL_NO_QUOTE,data/official_daily/TWSE_*.parquet
8438,TWSE,2019-06-05,19.579999923706055,19.579999923706055,19.579999923706055,19.579999923706055,0.0,REMOVE_PROVIDER_FORWARD_FILL_OFFICIAL_NO_QUOTE,data/official_daily/TWSE_*.parquet
8438,TWSE,2019-06-06,19.579999923706055,19.579999923706055,19.579999923706055,19.579999923706055,0.0,REMOVE_PROVIDER_FORWARD_FILL_OFFICIAL_NO_QUOTE,data/official_daily/TWSE_*.parquet
8438,TWSE,2019-06-10,19.579999923706055,19.579999923706055,19.579999923706055,19.579999923706055,0.0,REMOVE_PROVIDER_FORWARD_FILL_OFFICIAL_NO_QUOTE,data/official_daily/TWSE_*.parquet
8438,TWSE,2019-06-11,19.579999923706055,19.579999923706055,19.579999923706055,19.579999923706055,0.0,REMOVE_PROVIDER_FORWARD_FILL_OFFICIAL_NO_QUOTE,data/official_daily/TWSE_*.parquet
8438,TWSE,2019-06-12,19.579999923706055,19.579999923706055,19.579999923706055,19.579999923706055,0.0,REMOVE_PROVIDER_FORWARD_FILL_OFFICIAL_NO_QUOTE,data/official_daily/TWSE_*.parquet
8438,TWSE,2019-06-13,19.579999923706055,19.579999923706055,19.579999923706055,19.579999923706055,0.0,REMOVE_PROVIDER_FORWARD_FILL_OFFICIAL_NO_QUOTE,data/official_daily/TWSE_*.parquet
8438,TWSE,2019-06-14,19.579999923706055,19.579999923706055,19.579999923706055,19.579999923706055,0.0,REMOVE_PROVIDER_FORWARD_FILL_OFFICIAL_NO_QUOTE,data/official_daily/TWSE_*.parquet
8438,TWSE,2019-06-17,19.579999923706055,19.579999923706055,19.579999923706055,19.579999923706055,0.0,REMOVE_PROVIDER_FORWARD_FILL_OFFICIAL_NO_QUOTE,data/official_daily/TWSE_*.parquet
8438,TWSE,2019-06-18,19.579999923706055,19.579999923706055,19.579999923706055,19.579999923706055,0.0,REMOVE_PROVIDER_FORWARD_FILL_OFFICIAL_NO_QUOTE,data/official_daily/TWSE_*.parquet
8438,TWSE,2019-06-19,19.579999923706055,19.579999923706055,19.579999923706055,19.579999923706055,0.0,REMOVE_PROVIDER_FORWARD_FILL_OFFICIAL_NO_QUOTE,data/official_daily/TWSE_*.parquet
8438,TWSE,2019-06-20,19.579999923706055,19.579999923706055,19.579999923706055,19.579999923706055,0.0,REMOVE_PROVIDER_FORWARD_FILL_OFFICIAL_NO_QUOTE,data/official_daily/TWSE_*.parquet
8438,TWSE,2019-06-21,19.579999923706055,19.579999923706055,19.579999923706055,19.579999923706055,0.0,REMOVE_PROVIDER_FORWARD_FILL_OFFICIAL_NO_QUOTE,data/official_daily/TWSE_*.parquet
8438,TWSE,2019-06-24,19.579999923706055,19.579999923706055,19.579999923706055,19.579999923706055,0.0,REMOVE_PROVIDER_FORWARD_FILL_OFFICIAL_NO_QUOTE,data/official_daily/TWSE_*.parquet
8438,TWSE,2019-06-26,19.549999237060547,19.549999237060547,19.549999237060547,19.549999237060547,0.0,REMOVE_PROVIDER_FORWARD_FILL_OFFICIAL_NO_QUOTE,data/official_daily/TWSE_*.parquet
8438,TWSE,2019-06-27,19.549999237060547,19.549999237060547,19.549999237060547,19.549999237060547,0.0,REMOVE_PROVIDER_FORWARD_FILL_OFFICIAL_NO_QUOTE,data/official_daily/TWSE_*.parquet
8438,TWSE,2019-06-28,19.549999237060547,19.549999237060547,19.549999237060547,19.549999237060547,0.0,REMOVE_PROVIDER_FORWARD_FILL_OFFICIAL_NO_QUOTE,data/official_daily/TWSE_*.parquet
8438,TWSE,2019-07-01,19.549999237060547,19.549999237060547,19.549999237060547,19.549999237060547,0.0,REMOVE_PROVIDER_FORWARD_FILL_OFFICIAL_NO_QUOTE,data/official_daily/TWSE_*.parquet
8438,TWSE,2019-07-02,19.549999237060547,19.549999237060547,19.549999237060547,19.549999237060547,0.0,REMOVE_PROVIDER_FORWARD_FILL_OFFICIAL_NO_QUOTE,data/official_daily/TWSE_*.parquet
8438,TWSE,2019-07-03,19.549999237060547,19.549999237060547,19.549999237060547,19.549999237060547,0.0,REMOVE_PROVIDER_FORWARD_FILL_OFFICIAL_NO_QUOTE,data/official_daily/TWSE_*.parquet
8438,TWSE,2019-07-04,19.549999237060547,19.549999237060547,19.549999237060547,19.549999237060547,0.0,REMOVE_PROVIDER_FORWARD_FILL_OFFICIAL_NO_QUOTE,data/official_daily/TWSE_*.parquet
8438,TWSE,2019-07-05,19.549999237060547,19.549999237060547,19.549999237060547,19.549999237060547,0.0,REMOVE_PROVIDER_FORWARD_FILL_OFFICIAL_NO_QUOTE,data/official_daily/TWSE_*.parquet
8438,TWSE,2019-07-08,19.549999237060547,19.549999237060547,19.549999237060547,19.549999237060547,0.0,REMOVE_PROVIDER_FORWARD_FILL_OFFICIAL_NO_QUOTE,data/official_daily/TWSE_*.parquet
8438,TWSE,2019-07-09,19.549999237060547,19.549999237060547,19.549999237060547,19.549999237060547,0.0,REMOVE_PROVIDER_FORWARD_FILL_OFFICIAL_NO_QUOTE,data/official_daily/TWSE_*.parquet
8438,TWSE,2019-07-10,19.549999237060547,19.549999237060547,19.549999237060547,19.549999237060547,0.0,REMOVE_PROVIDER_FORWARD_FILL_OFFICIAL_NO_QUOTE,data/official_daily/TWSE_*.parquet
8438,TWSE,2019-07-11,19.549999237060547,19.549999237060547,19.549999237060547,19.549999237060547,0.0,REMOVE_PROVIDER_FORWARD_FILL_OFFICIAL_NO_QUOTE,data/official_daily/TWSE_*.parquet
8438,TWSE,2019-07-12,19.549999237060547,19.549999237060547,19.549999237060547,19.549999237060547,0.0,REMOVE_PROVIDER_FORWARD_FILL_OFFICIAL_NO_QUOTE,data/official_daily/TWSE_*.parquet
8438,TWSE,2019-07-15,19.549999237060547,19.549999237060547,19.549999237060547,19.549999237060547,0.0,REMOVE_PROVIDER_FORWARD_FILL_OFFICIAL_NO_QUOTE,data/official_daily/TWSE_*.parquet
8438,TWSE,2019-07-16,19.549999237060547,19.549999237060547,19.549999237060547,19.549999237060547,0.0,REMOVE_PROVIDER_FORWARD_FILL_OFFICIAL_NO_QUOTE,data/official_daily/TWSE_*.parquet
8438,TWSE,2019-07-17,19.549999237060547,19.549999237060547,19.549999237060547,19.549999237060547,0.0,REMOVE_PROVIDER_FORWARD_FILL_OFFICIAL_NO_QUOTE,data/official_daily/TWSE_*.parquet
8438,TWSE,2019-07-19,19.510000228881836,19.510000228881836,19.510000228881836,19.510000228881836,0.0,REMOVE_PROVIDER_FORWARD_FILL_OFFICIAL_NO_QUOTE,data/official_daily/TWSE_*.parquet
8438,TWSE,2019-07-22,19.510000228881836,19.510000228881836,19.510000228881836,19.510000228881836,0.0,REMOVE_PROVIDER_FORWARD_FILL_OFFICIAL_NO_QUOTE,data/official_daily/TWSE_*.parquet
8438,TWSE,2019-07-23,19.510000228881836,19.510000228881836,19.510000228881836,19.510000228881836,0.0,REMOVE_PROVIDER_FORWARD_FILL_OFFICIAL_NO_QUOTE,data/official_daily/TWSE_*.parquet
8438,TWSE,2019-07-24,19.510000228881836,19.510000228881836,19.510000228881836,19.510000228881836,0.0,REMOVE_PROVIDER_FORWARD_FILL_OFFICIAL_NO_QUOTE,data/official_daily/TWSE_*.parquet
8438,TWSE,2019-07-25,19.510000228881836,19.510000228881836,19.510000228881836,19.510000228881836,0.0,REMOVE_PROVIDER_FORWARD_FILL_OFFICIAL_NO_QUOTE,data/official_daily/TWSE_*.parquet
8438,TWSE,2019-07-26,19.510000228881836,19.510000228881836,19.510000228881836,19.510000228881836,0.0,REMOVE_PROVIDER_FORWARD_FILL_OFFICIAL_NO_QUOTE,data/official_daily/TWSE_*.parquet
8438,TWSE,2019-08-01,19.510000228881836,19.510000228881836,19.510000228881836,19.510000228881836,0.0,REMOVE_PROVIDER_FORWARD_FILL_OFFICIAL_NO_QUOTE,data/official_daily/TWSE_*.parquet
8487,TWSE,2018-01-10,18.709413528442383,18.709413528442383,18.709413528442383,18.709413528442383,0.0,REMOVE_PROVIDER_FORWARD_FILL_OFFICIAL_NO_QUOTE,data/official_daily/TWSE_*.parquet
8487,TWSE,2018-01-22,17.507234573364258,17.507234573364258,17.507234573364258,17.507234573364258,0.0,REMOVE_PROVIDER_FORWARD_FILL_OFFICIAL_NO_QUOTE,data/official_daily/TWSE_*.parquet
8487,TWSE,2018-01-25,18.78902816772461,18.78902816772461,18.78902816772461,18.78902816772461,0.0,REMOVE_PROVIDER_FORWARD_FILL_OFFICIAL_NO_QUOTE,data/official_daily/TWSE_*.parquet
8487,TWSE,2018-02-01,17.91326904296875,17.91326904296875,17.91326904296875,17.91326904296875,0.0,REMOVE_PROVIDER_FORWARD_FILL_OFFICIAL_NO_QUOTE,data/official_daily/TWSE_*.parquet
8487,TWSE,2018-02-09,18.667327880859375,18.667327880859375,18.667327880859375,18.667327880859375,0.0,REMOVE_PROVIDER_FORWARD_FILL_OFFICIAL_NO_QUOTE,data/official_daily/TWSE_*.parquet
8487,TWSE,2018-02-12,18.739870071411133,18.739870071411133,18.739870071411133,18.739870071411133,0.0,REMOVE_PROVIDER_FORWARD_FILL_OFFICIAL_NO_QUOTE,data/official_daily/TWSE_*.parquet
8487,TWSE,2018-03-02,19.16705894470215,19.16705894470215,19.16705894470215,19.16705894470215,0.0,REMOVE_PROVIDER_FORWARD_FILL_OFFICIAL_NO_QUOTE,data/official_daily/TWSE_*.parquet
8487,TWSE,2018-03-05,19.16705894470215,19.16705894470215,19.16705894470215,19.16705894470215,0.0,REMOVE_PROVIDER_FORWARD_FILL_OFFICIAL_NO_QUOTE,data/official_daily/TWSE_*.parquet
8487,TWSE,2018-03-09,18.344921112060547,18.344921112060547,18.344921112060547,18.344921112060547,0.0,REMOVE_PROVIDER_FORWARD_FILL_OFFICIAL_NO_QUOTE,data/official_daily/TWSE_*.parquet
8487,TWSE,2018-03-13,18.328800201416016,18.328800201416016,18.328800201416016,18.328800201416016,0.0,REMOVE_PROVIDER_FORWARD_FILL_OFFICIAL_NO_QUOTE,data/official_daily/TWSE_*.parquet
8487,TWSE,2018-03-14,18.328800201416016,18.328800201416016,18.328800201416016,18.328800201416016,0.0,REMOVE_PROVIDER_FORWARD_FILL_OFFICIAL_NO_QUOTE,data/official_daily/TWSE_*.parquet
8487,TWSE,2018-04-02,18.538366317749023,18.538366317749023,18.538366317749023,18.538366317749023,0.0,REMOVE_PROVIDER_FORWARD_FILL_OFFICIAL_NO_QUOTE,data/official_daily/TWSE_*.parquet
8487,TWSE,2018-04-18,18.37716293334961,18.37716293334961,18.37716293334961,18.37716293334961,0.0,REMOVE_PROVIDER_FORWARD_FILL_OFFICIAL_NO_QUOTE,data/official_daily/TWSE_*.parquet
8487,TWSE,2018-04-24,18.538366317749023,18.538366317749023,18.538366317749023,18.538366317749023,0.0,REMOVE_PROVIDER_FORWARD_FILL_OFFICIAL_NO_QUOTE,data/official_daily/TWSE_*.parquet
8487,TWSE,2018-04-27,17.812950134277344,17.812950134277344,17.812950134277344,17.812950134277344,0.0,REMOVE_PROVIDER_FORWARD_FILL_OFFICIAL_NO_QUOTE,data/official_daily/TWSE_*.parquet
8487,TWSE,2018-04-30,17.812950134277344,17.812950134277344,17.812950134277344,17.812950134277344,0.0,REMOVE_PROVIDER_FORWARD_FILL_OFFICIAL_NO_QUOTE,data/official_daily/TWSE_*.parquet
8487,TWSE,2018-05-03,17.6195068359375,17.6195068359375,17.6195068359375,17.6195068359375,0.0,REMOVE_PROVIDER_FORWARD_FILL_OFFICIAL_NO_QUOTE,data/official_daily/TWSE_*.parquet
8487,TWSE,2018-05-04,17.6195068359375,17.6195068359375,17.6195068359375,17.6195068359375,0.0,REMOVE_PROVIDER_FORWARD_FILL_OFFICIAL_NO_QUOTE,data/official_daily/TWSE_*.parquet
8487,TWSE,2018-05-08,18.199838638305664,18.199838638305664,18.199838638305664,18.199838638305664,0.0,REMOVE_PROVIDER_FORWARD_FILL_OFFICIAL_NO_QUOTE,data/official_daily/TWSE_*.parquet
8487,TWSE,2018-05-09,18.199838638305664,18.199838638305664,18.199838638305664,18.199838638305664,0.0,REMOVE_PROVIDER_FORWARD_FILL_OFFICIAL_NO_QUOTE,data/official_daily/TWSE_*.parquet
8487,TWSE,2018-05-10,18.199838638305664,18.199838638305664,18.199838638305664,18.199838638305664,0.0,REMOVE_PROVIDER_FORWARD_FILL_OFFICIAL_NO_QUOTE,data/official_daily/TWSE_*.parquet
8487,TWSE,2018-05-11,18.199838638305664,18.199838638305664,18.199838638305664,18.199838638305664,0.0,REMOVE_PROVIDER_FORWARD_FILL_OFFICIAL_NO_QUOTE,data/official_daily/TWSE_*.parquet
8487,TWSE,2018-05-16,18.280441284179688,18.280441284179688,18.280441284179688,18.280441284179688,0.0,REMOVE_PROVIDER_FORWARD_FILL_OFFICIAL_NO_QUOTE,data/official_daily/TWSE_*.parquet
8487,TWSE,2018-05-17,18.280441284179688,18.280441284179688,18.280441284179688,18.280441284179688,0.0,REMOVE_PROVIDER_FORWARD_FILL_OFFICIAL_NO_QUOTE,data/official_daily/TWSE_*.parquet
8487,TWSE,2018-05-18,18.280441284179688,18.280441284179688,18.280441284179688,18.280441284179688,0.0,REMOVE_PROVIDER_FORWARD_FILL_OFFICIAL_NO_QUOTE,data/official_daily/TWSE_*.parquet
8487,TWSE,2018-05-24,17.53890609741211,17.53890609741211,17.53890609741211,17.53890609741211,0.0,REMOVE_PROVIDER_FORWARD_FILL_OFFICIAL_NO_QUOTE,data/official_daily/TWSE_*.parquet
8487,TWSE,2018-05-28,18.361042022705078,18.361042022705078,18.361042022705078,18.361042022705078,0.0,REMOVE_PROVIDER_FORWARD_FILL_OFFICIAL_NO_QUOTE,data/official_daily/TWSE_*.parquet
8487,TWSE,2018-05-29,18.361042022705078,18.361042022705078,18.361042022705078,18.361042022705078,0.0,REMOVE_PROVIDER_FORWARD_FILL_OFFICIAL_NO_QUOTE,data/official_daily/TWSE_*.parquet
8487,TWSE,2018-05-30,18.361042022705078,18.361042022705078,18.361042022705078,18.361042022705078,0.0,REMOVE_PROVIDER_FORWARD_FILL_OFFICIAL_NO_QUOTE,data/official_daily/TWSE_*.parquet
8487,TWSE,2018-06-05,18.37716293334961,18.37716293334961,18.37716293334961,18.37716293334961,0.0,REMOVE_PROVIDER_FORWARD_FILL_OFFICIAL_NO_QUOTE,data/official_daily/TWSE_*.parquet
8487,TWSE,2018-06-06,18.37716293334961,18.37716293334961,18.37716293334961,18.37716293334961,0.0,REMOVE_PROVIDER_FORWARD_FILL_OFFICIAL_NO_QUOTE,data/official_daily/TWSE_*.parquet
8487,TWSE,2018-06-07,18.37716293334961,18.37716293334961,18.37716293334961,18.37716293334961,0.0,REMOVE_PROVIDER_FORWARD_FILL_OFFICIAL_NO_QUOTE,data/official_daily/TWSE_*.parquet
8487,TWSE,2018-06-08,18.37716293334961,18.37716293334961,18.37716293334961,18.37716293334961,0.0,REMOVE_PROVIDER_FORWARD_FILL_OFFICIAL_NO_QUOTE,data/official_daily/TWSE_*.parquet
8487,TWSE,2018-06-11,18.37716293334961,18.37716293334961,18.37716293334961,18.37716293334961,0.0,REMOVE_PROVIDER_FORWARD_FILL_OFFICIAL_NO_QUOTE,data/official_daily/TWSE_*.parquet
8487,TWSE,2018-06-12,18.37716293334961,18.37716293334961,18.37716293334961,18.37716293334961,0.0,REMOVE_PROVIDER_FORWARD_FILL_OFFICIAL_NO_QUOTE,data/official_daily/TWSE_*.parquet
8487,TWSE,2018-06-14,17.933853149414062,17.933853149414062,17.933853149414062,17.933853149414062,0.0,REMOVE_PROVIDER_FORWARD_FILL_OFFICIAL_NO_QUOTE,data/official_daily/TWSE_*.parquet
8487,TWSE,2018-06-15,17.933853149414062,17.933853149414062,17.933853149414062,17.933853149414062,0.0,REMOVE_PROVIDER_FORWARD_FILL_OFFICIAL_NO_QUOTE,data/official_daily/TWSE_*.parquet
8487,TWSE,2018-06-22,18.135358810424805,18.135358810424805,18.135358810424805,18.135358810424805,0.0,REMOVE_PROVIDER_FORWARD_FILL_OFFICIAL_NO_QUOTE,data/official_daily/TWSE_*.parquet
8487,TWSE,2018-06-29,18.135358810424805,18.135358810424805,18.135358810424805,18.135358810424805,0.0,REMOVE_PROVIDER_FORWARD_FILL_OFFICIAL_NO_QUOTE,data/official_daily/TWSE_*.parquet
8487,TWSE,2018-07-02,18.135358810424805,18.135358810424805,18.135358810424805,18.135358810424805,0.0,REMOVE_PROVIDER_FORWARD_FILL_OFFICIAL_NO_QUOTE,data/official_daily/TWSE_*.parquet
8487,TWSE,2018-07-03,18.135358810424805,18.135358810424805,18.135358810424805,18.135358810424805,0.0,REMOVE_PROVIDER_FORWARD_FILL_OFFICIAL_NO_QUOTE,data/official_daily/TWSE_*.parquet
8487,TWSE,2018-07-05,17.66786766052246,17.66786766052246,17.66786766052246,17.66786766052246,0.0,REMOVE_PROVIDER_FORWARD_FILL_OFFICIAL_NO_QUOTE,data/official_daily/TWSE_*.parquet
8487,TWSE,2018-07-06,17.66786766052246,17.66786766052246,17.66786766052246,17.66786766052246,0.0,REMOVE_PROVIDER_FORWARD_FILL_OFFICIAL_NO_QUOTE,data/official_daily/TWSE_*.parquet
8487,TWSE,2018-07-12,18.4416446685791,18.4416446685791,18.4416446685791,18.4416446685791,0.0,REMOVE_PROVIDER_FORWARD_FILL_OFFICIAL_NO_QUOTE,data/official_daily/TWSE_*.parquet
8487,TWSE,2018-07-23,17.974153518676758,17.974153518676758,17.974153518676758,17.974153518676758,0.0,REMOVE_PROVIDER_FORWARD_FILL_OFFICIAL_NO_QUOTE,data/official_daily/TWSE_*.parquet
8487,TWSE,2018-07-27,17.409942626953125,17.409942626953125,17.409942626953125,17.409942626953125,0.0,REMOVE_PROVIDER_FORWARD_FILL_OFFICIAL_NO_QUOTE,data/official_daily/TWSE_*.parquet
8487,TWSE,2018-07-30,17.409942626953125,17.409942626953125,17.409942626953125,17.409942626953125,0.0,REMOVE_PROVIDER_FORWARD_FILL_OFFICIAL_NO_QUOTE,data/official_daily/TWSE_*.parquet
8487,TWSE,2018-08-02,17.571147918701172,17.571147918701172,17.571147918701172,17.571147918701172,0.0,REMOVE_PROVIDER_FORWARD_FILL_OFFICIAL_NO_QUOTE,data/official_daily/TWSE_*.parquet
8487,TWSE,2018-08-08,16.926334381103516,16.926334381103516,16.926334381103516,16.926334381103516,0.0,REMOVE_PROVIDER_FORWARD_FILL_OFFICIAL_NO_QUOTE,data/official_daily/TWSE_*.parquet
8487,TWSE,2018-08-09,16.926334381103516,16.926334381103516,16.926334381103516,16.926334381103516,0.0,REMOVE_PROVIDER_FORWARD_FILL_OFFICIAL_NO_QUOTE,data/official_daily/TWSE_*.parquet
8487,TWSE,2018-08-13,16.926334381103516,16.926334381103516,16.926334381103516,16.926334381103516,0.0,REMOVE_PROVIDER_FORWARD_FILL_OFFICIAL_NO_QUOTE,data/official_daily/TWSE_*.parquet
8487,TWSE,2018-08-14,16.926334381103516,16.926334381103516,16.926334381103516,16.926334381103516,0.0,REMOVE_PROVIDER_FORWARD_FILL_OFFICIAL_NO_QUOTE,data/official_daily/TWSE_*.parquet
8487,TWSE,2018-08-21,16.926334381103516,16.926334381103516,16.926334381103516,16.926334381103516,0.0,REMOVE_PROVIDER_FORWARD_FILL_OFFICIAL_NO_QUOTE,data/official_daily/TWSE_*.parquet
8487,TWSE,2018-08-22,16.926334381103516,16.926334381103516,16.926334381103516,16.926334381103516,0.0,REMOVE_PROVIDER_FORWARD_FILL_OFFICIAL_NO_QUOTE,data/official_daily/TWSE_*.parquet
8487,TWSE,2018-08-23,16.926334381103516,16.926334381103516,16.926334381103516,16.926334381103516,0.0,REMOVE_PROVIDER_FORWARD_FILL_OFFICIAL_NO_QUOTE,data/official_daily/TWSE_*.parquet
8487,TWSE,2018-08-24,16.926334381103516,16.926334381103516,16.926334381103516,16.926334381103516,0.0,REMOVE_PROVIDER_FORWARD_FILL_OFFICIAL_NO_QUOTE,data/official_daily/TWSE_*.parquet
8487,TWSE,2018-08-30,16.28152084350586,16.28152084350586,16.28152084350586,16.28152084350586,0.0,REMOVE_PROVIDER_FORWARD_FILL_OFFICIAL_NO_QUOTE,data/official_daily/TWSE_*.parquet
8487,TWSE,2018-09-12,16.362123489379883,16.362123489379883,16.362123489379883,16.362123489379883,0.0,REMOVE_PROVIDER_FORWARD_FILL_OFFICIAL_NO_QUOTE,data/official_daily/TWSE_*.parquet
8487,TWSE,2018-09-13,16.362123489379883,16.362123489379883,16.362123489379883,16.362123489379883,0.0,REMOVE_PROVIDER_FORWARD_FILL_OFFICIAL_NO_QUOTE,data/official_daily/TWSE_*.parquet
8487,TWSE,2018-09-14,16.362123489379883,16.362123489379883,16.362123489379883,16.362123489379883,0.0,REMOVE_PROVIDER_FORWARD_FILL_OFFICIAL_NO_QUOTE,data/official_daily/TWSE_*.parquet
8487,TWSE,2018-09-17,16.362123489379883,16.362123489379883,16.362123489379883,16.362123489379883,0.0,REMOVE_PROVIDER_FORWARD_FILL_OFFICIAL_NO_QUOTE,data/official_daily/TWSE_*.parquet
8487,TWSE,2018-09-20,16.120317459106445,16.120317459106445,16.120317459106445,16.120317459106445,0.0,REMOVE_PROVIDER_FORWARD_FILL_OFFICIAL_NO_QUOTE,data/official_daily/TWSE_*.parquet
8487,TWSE,2018-09-25,16.7651309967041,16.7651309967041,16.7651309967041,16.7651309967041,0.0,REMOVE_PROVIDER_FORWARD_FILL_OFFICIAL_NO_QUOTE,data/official_daily/TWSE_*.parquet
8487,TWSE,2018-09-26,16.7651309967041,16.7651309967041,16.7651309967041,16.7651309967041,0.0,REMOVE_PROVIDER_FORWARD_FILL_OFFICIAL_NO_QUOTE,data/official_daily/TWSE_*.parquet
8487,TWSE,2018-10-01,16.120317459106445,16.120317459106445,16.120317459106445,16.120317459106445,0.0,REMOVE_PROVIDER_FORWARD_FILL_OFFICIAL_NO_QUOTE,data/official_daily/TWSE_*.parquet
8487,TWSE,2018-10-02,16.120317459106445,16.120317459106445,16.120317459106445,16.120317459106445,0.0,REMOVE_PROVIDER_FORWARD_FILL_OFFICIAL_NO_QUOTE,data/official_daily/TWSE_*.parquet
8487,TWSE,2018-10-03,16.120317459106445,16.120317459106445,16.120317459106445,16.120317459106445,0.0,REMOVE_PROVIDER_FORWARD_FILL_OFFICIAL_NO_QUOTE,data/official_daily/TWSE_*.parquet
8487,TWSE,2018-10-04,16.120317459106445,16.120317459106445,16.120317459106445,16.120317459106445,0.0,REMOVE_PROVIDER_FORWARD_FILL_OFFICIAL_NO_QUOTE,data/official_daily/TWSE_*.parquet
8487,TWSE,2018-12-11,19.441102981567383,19.441102981567383,19.441102981567383,19.441102981567383,0.0,REMOVE_PROVIDER_FORWARD_FILL_OFFICIAL_NO_QUOTE,data/official_daily/TWSE_*.parquet
8487,TWSE,2018-12-13,19.34438133239746,19.34438133239746,19.34438133239746,19.34438133239746,0.0,REMOVE_PROVIDER_FORWARD_FILL_OFFICIAL_NO_QUOTE,data/official_daily/TWSE_*.parquet
8487,TWSE,2018-12-14,19.34438133239746,19.34438133239746,19.34438133239746,19.34438133239746,0.0,REMOVE_PROVIDER_FORWARD_FILL_OFFICIAL_NO_QUOTE,data/official_daily/TWSE_*.parquet
8487,TWSE,2018-12-19,18.37716293334961,18.37716293334961,18.37716293334961,18.37716293334961,0.0,REMOVE_PROVIDER_FORWARD_FILL_OFFICIAL_NO_QUOTE,data/official_daily/TWSE_*.parquet
8487,TWSE,2018-12-20,18.37716293334961,18.37716293334961,18.37716293334961,18.37716293334961,0.0,REMOVE_PROVIDER_FORWARD_FILL_OFFICIAL_NO_QUOTE,data/official_daily/TWSE_*.parquet
8487,TWSE,2018-12-21,18.37716293334961,18.37716293334961,18.37716293334961,18.37716293334961,0.0,REMOVE_PROVIDER_FORWARD_FILL_OFFICIAL_NO_QUOTE,data/official_daily/TWSE_*.parquet
8487,TWSE,2018-12-24,18.37716293334961,18.37716293334961,18.37716293334961,18.37716293334961,0.0,REMOVE_PROVIDER_FORWARD_FILL_OFFICIAL_NO_QUOTE,data/official_daily/TWSE_*.parquet
8487,TWSE,2018-12-25,18.37716293334961,18.37716293334961,18.37716293334961,18.37716293334961,0.0,REMOVE_PROVIDER_FORWARD_FILL_OFFICIAL_NO_QUOTE,data/official_daily/TWSE_*.parquet
8487,TWSE,2018-12-26,18.37716293334961,18.37716293334961,18.37716293334961,18.37716293334961,0.0,REMOVE_PROVIDER_FORWARD_FILL_OFFICIAL_NO_QUOTE,data/official_daily/TWSE_*.parquet
8487,TWSE,2018-12-28,17.732349395751953,17.732349395751953,17.732349395751953,17.732349395751953,0.0,REMOVE_PROVIDER_FORWARD_FILL_OFFICIAL_NO_QUOTE,data/official_daily/TWSE_*.parquet
8487,TWSE,2019-01-02,17.732349395751953,17.732349395751953,17.732349395751953,17.732349395751953,0.0,REMOVE_PROVIDER_FORWARD_FILL_OFFICIAL_NO_QUOTE,data/official_daily/TWSE_*.parquet
8487,TWSE,2019-01-03,17.732349395751953,17.732349395751953,17.732349395751953,17.732349395751953,0.0,REMOVE_PROVIDER_FORWARD_FILL_OFFICIAL_NO_QUOTE,data/official_daily/TWSE_*.parquet
8487,TWSE,2019-01-04,17.732349395751953,17.732349395751953,17.732349395751953,17.732349395751953,0.0,REMOVE_PROVIDER_FORWARD_FILL_OFFICIAL_NO_QUOTE,data/official_daily/TWSE_*.parquet
8487,TWSE,2019-01-08,17.796831130981445,17.796831130981445,17.796831130981445,17.796831130981445,0.0,REMOVE_PROVIDER_FORWARD_FILL_OFFICIAL_NO_QUOTE,data/official_daily/TWSE_*.parquet
8487,TWSE,2019-01-09,17.796831130981445,17.796831130981445,17.796831130981445,17.796831130981445,0.0,REMOVE_PROVIDER_FORWARD_FILL_OFFICIAL_NO_QUOTE,data/official_daily/TWSE_*.parquet
8487,TWSE,2019-01-14,17.70816993713379,17.70816993713379,17.70816993713379,17.70816993713379,0.0,REMOVE_PROVIDER_FORWARD_FILL_OFFICIAL_NO_QUOTE,data/official_daily/TWSE_*.parquet
8487,TWSE,2019-01-15,17.70816993713379,17.70816993713379,17.70816993713379,17.70816993713379,0.0,REMOVE_PROVIDER_FORWARD_FILL_OFFICIAL_NO_QUOTE,data/official_daily/TWSE_*.parquet
8487,TWSE,2019-01-16,17.70816993713379,17.70816993713379,17.70816993713379,17.70816993713379,0.0,REMOVE_PROVIDER_FORWARD_FILL_OFFICIAL_NO_QUOTE,data/official_daily/TWSE_*.parquet
8487,TWSE,2019-01-17,17.70816993713379,17.70816993713379,17.70816993713379,17.70816993713379,0.0,REMOVE_PROVIDER_FORWARD_FILL_OFFICIAL_NO_QUOTE,data/official_daily/TWSE_*.parquet
8487,TWSE,2019-01-18,17.70816993713379,17.70816993713379,17.70816993713379,17.70816993713379,0.0,REMOVE_PROVIDER_FORWARD_FILL_OFFICIAL_NO_QUOTE,data/official_daily/TWSE_*.parquet
8487,TWSE,2019-01-23,17.08753776550293,17.08753776550293,17.08753776550293,17.08753776550293,0.0,REMOVE_PROVIDER_FORWARD_FILL_OFFICIAL_NO_QUOTE,data/official_daily/TWSE_*.parquet
8487,TWSE,2019-01-24,17.08753776550293,17.08753776550293,17.08753776550293,17.08753776550293,0.0,REMOVE_PROVIDER_FORWARD_FILL_OFFICIAL_NO_QUOTE,data/official_daily/TWSE_*.parquet
8487,TWSE,2019-01-25,17.08753776550293,17.08753776550293,17.08753776550293,17.08753776550293,0.0,REMOVE_PROVIDER_FORWARD_FILL_OFFICIAL_NO_QUOTE,data/official_daily/TWSE_*.parquet
8487,TWSE,2019-01-29,16.926334381103516,16.926334381103516,16.926334381103516,16.926334381103516,0.0,REMOVE_PROVIDER_FORWARD_FILL_OFFICIAL_NO_QUOTE,data/official_daily/TWSE_*.parquet
8487,TWSE,2019-02-11,16.926334381103516,16.926334381103516,16.926334381103516,16.926334381103516,0.0,REMOVE_PROVIDER_FORWARD_FILL_OFFICIAL_NO_QUOTE,data/official_daily/TWSE_*.parquet
8487,TWSE,2019-02-14,17.20037841796875,17.20037841796875,17.20037841796875,17.20037841796875,0.0,REMOVE_PROVIDER_FORWARD_FILL_OFFICIAL_NO_QUOTE,data/official_daily/TWSE_*.parquet
8487,TWSE,2019-02-15,17.20037841796875,17.20037841796875,17.20037841796875,17.20037841796875,0.0,REMOVE_PROVIDER_FORWARD_FILL_OFFICIAL_NO_QUOTE,data/official_daily/TWSE_*.parquet
8487,TWSE,2019-02-21,16.684528350830078,16.684528350830078,16.684528350830078,16.684528350830078,0.0,REMOVE_PROVIDER_FORWARD_FILL_OFFICIAL_NO_QUOTE,data/official_daily/TWSE_*.parquet
8487,TWSE,2019-02-22,16.684528350830078,16.684528350830078,16.684528350830078,16.684528350830078,0.0,REMOVE_PROVIDER_FORWARD_FILL_OFFICIAL_NO_QUOTE,data/official_daily/TWSE_*.parquet
8487,TWSE,2019-02-25,16.684528350830078,16.684528350830078,16.684528350830078,16.684528350830078,0.0,REMOVE_PROVIDER_FORWARD_FILL_OFFICIAL_NO_QUOTE,data/official_daily/TWSE_*.parquet
8487,TWSE,2019-02-26,16.684528350830078,16.684528350830078,16.684528350830078,16.684528350830078,0.0,REMOVE_PROVIDER_FORWARD_FILL_OFFICIAL_NO_QUOTE,data/official_daily/TWSE_*.parquet
8487,TWSE,2019-02-27,16.684528350830078,16.684528350830078,16.684528350830078,16.684528350830078,0.0,REMOVE_PROVIDER_FORWARD_FILL_OFFICIAL_NO_QUOTE,data/official_daily/TWSE_*.parquet
8487,TWSE,2019-03-05,16.837671279907227,16.837671279907227,16.837671279907227,16.837671279907227,0.0,REMOVE_PROVIDER_FORWARD_FILL_OFFICIAL_NO_QUOTE,data/official_daily/TWSE_*.parquet
8487,TWSE,2019-03-08,16.724830627441406,16.724830627441406,16.724830627441406,16.724830627441406,0.0,REMOVE_PROVIDER_FORWARD_FILL_OFFICIAL_NO_QUOTE,data/official_daily/TWSE_*.parquet
8487,TWSE,2019-03-14,16.28152084350586,16.28152084350586,16.28152084350586,16.28152084350586,0.0,REMOVE_PROVIDER_FORWARD_FILL_OFFICIAL_NO_QUOTE,data/official_daily/TWSE_*.parquet
8487,TWSE,2019-03-18,16.28152084350586,16.28152084350586,16.28152084350586,16.28152084350586,0.0,REMOVE_PROVIDER_FORWARD_FILL_OFFICIAL_NO_QUOTE,data/official_daily/TWSE_*.parquet
8487,TWSE,2019-03-27,16.837671279907227,16.837671279907227,16.837671279907227,16.837671279907227,0.0,REMOVE_PROVIDER_FORWARD_FILL_OFFICIAL_NO_QUOTE,data/official_daily/TWSE_*.parquet
8487,TWSE,2019-03-28,16.837671279907227,16.837671279907227,16.837671279907227,16.837671279907227,0.0,REMOVE_PROVIDER_FORWARD_FILL_OFFICIAL_NO_QUOTE,data/official_daily/TWSE_*.parquet
8487,TWSE,2019-04-08,16.926334381103516,16.926334381103516,16.926334381103516,16.926334381103516,0.0,REMOVE_PROVIDER_FORWARD_FILL_OFFICIAL_NO_QUOTE,data/official_daily/TWSE_*.parquet
8487,TWSE,2019-04-10,16.773191452026367,16.773191452026367,16.773191452026367,16.773191452026367,0.0,REMOVE_PROVIDER_FORWARD_FILL_OFFICIAL_NO_QUOTE,data/official_daily/TWSE_*.parquet
8487,TWSE,2019-04-11,16.773191452026367,16.773191452026367,16.773191452026367,16.773191452026367,0.0,REMOVE_PROVIDER_FORWARD_FILL_OFFICIAL_NO_QUOTE,data/official_daily/TWSE_*.parquet
8487,TWSE,2019-04-12,16.773191452026367,16.773191452026367,16.773191452026367,16.773191452026367,0.0,REMOVE_PROVIDER_FORWARD_FILL_OFFICIAL_NO_QUOTE,data/official_daily/TWSE_*.parquet
8487,TWSE,2019-04-15,16.773191452026367,16.773191452026367,16.773191452026367,16.773191452026367,0.0,REMOVE_PROVIDER_FORWARD_FILL_OFFICIAL_NO_QUOTE,data/official_daily/TWSE_*.parquet
8487,TWSE,2019-04-16,16.773191452026367,16.773191452026367,16.773191452026367,16.773191452026367,0.0,REMOVE_PROVIDER_FORWARD_FILL_OFFICIAL_NO_QUOTE,data/official_daily/TWSE_*.parquet
8487,TWSE,2019-04-17,16.773191452026367,16.773191452026367,16.773191452026367,16.773191452026367,0.0,REMOVE_PROVIDER_FORWARD_FILL_OFFICIAL_NO_QUOTE,data/official_daily/TWSE_*.parquet
8487,TWSE,2019-04-18,16.773191452026367,16.773191452026367,16.773191452026367,16.773191452026367,0.0,REMOVE_PROVIDER_FORWARD_FILL_OFFICIAL_NO_QUOTE,data/official_daily/TWSE_*.parquet
8487,TWSE,2019-04-25,16.603927612304688,16.603927612304688,16.603927612304688,16.603927612304688,0.0,REMOVE_PROVIDER_FORWARD_FILL_OFFICIAL_NO_QUOTE,data/official_daily/TWSE_*.parquet
8487,TWSE,2019-04-29,16.200918197631836,16.200918197631836,16.200918197631836,16.200918197631836,0.0,REMOVE_PROVIDER_FORWARD_FILL_OFFICIAL_NO_QUOTE,data/official_daily/TWSE_*.parquet
8487,TWSE,2019-04-30,16.200918197631836,16.200918197631836,16.200918197631836,16.200918197631836,0.0,REMOVE_PROVIDER_FORWARD_FILL_OFFICIAL_NO_QUOTE,data/official_daily/TWSE_*.parquet
8487,TWSE,2019-05-06,16.120317459106445,16.120317459106445,16.120317459106445,16.120317459106445,0.0,REMOVE_PROVIDER_FORWARD_FILL_OFFICIAL_NO_QUOTE,data/official_daily/TWSE_*.parquet
8487,TWSE,2019-05-08,16.886032104492188,16.886032104492188,16.886032104492188,16.886032104492188,0.0,REMOVE_PROVIDER_FORWARD_FILL_OFFICIAL_NO_QUOTE,data/official_daily/TWSE_*.parquet
8487,TWSE,2019-05-10,16.120317459106445,16.120317459106445,16.120317459106445,16.120317459106445,0.0,REMOVE_PROVIDER_FORWARD_FILL_OFFICIAL_NO_QUOTE,data/official_daily/TWSE_*.parquet
8487,TWSE,2019-05-13,16.120317459106445,16.120317459106445,16.120317459106445,16.120317459106445,0.0,REMOVE_PROVIDER_FORWARD_FILL_OFFICIAL_NO_QUOTE,data/official_daily/TWSE_*.parquet
8487,TWSE,2019-05-14,16.120317459106445,16.120317459106445,16.120317459106445,16.120317459106445,0.0,REMOVE_PROVIDER_FORWARD_FILL_OFFICIAL_NO_QUOTE,data/official_daily/TWSE_*.parquet
8487,TWSE,2019-05-15,16.120317459106445,16.120317459106445,16.120317459106445,16.120317459106445,0.0,REMOVE_PROVIDER_FORWARD_FILL_OFFICIAL_NO_QUOTE,data/official_daily/TWSE_*.parquet
8487,TWSE,2019-05-16,16.120317459106445,16.120317459106445,16.120317459106445,16.120317459106445,0.0,REMOVE_PROVIDER_FORWARD_FILL_OFFICIAL_NO_QUOTE,data/official_daily/TWSE_*.parquet
8487,TWSE,2019-05-20,16.821552276611328,16.821552276611328,16.821552276611328,16.821552276611328,0.0,REMOVE_PROVIDER_FORWARD_FILL_OFFICIAL_NO_QUOTE,data/official_daily/TWSE_*.parquet
8487,TWSE,2019-05-21,16.821552276611328,16.821552276611328,16.821552276611328,16.821552276611328,0.0,REMOVE_PROVIDER_FORWARD_FILL_OFFICIAL_NO_QUOTE,data/official_daily/TWSE_*.parquet
8487,TWSE,2019-05-22,16.821552276611328,16.821552276611328,16.821552276611328,16.821552276611328,0.0,REMOVE_PROVIDER_FORWARD_FILL_OFFICIAL_NO_QUOTE,data/official_daily/TWSE_*.parquet
8487,TWSE,2019-05-24,16.886032104492188,16.886032104492188,16.886032104492188,16.886032104492188,0.0,REMOVE_PROVIDER_FORWARD_FILL_OFFICIAL_NO_QUOTE,data/official_daily/TWSE_*.parquet
8487,TWSE,2019-05-27,16.886032104492188,16.886032104492188,16.886032104492188,16.886032104492188,0.0,REMOVE_PROVIDER_FORWARD_FILL_OFFICIAL_NO_QUOTE,data/official_daily/TWSE_*.parquet
8487,TWSE,2019-05-28,16.886032104492188,16.886032104492188,16.886032104492188,16.886032104492188,0.0,REMOVE_PROVIDER_FORWARD_FILL_OFFICIAL_NO_QUOTE,data/official_daily/TWSE_*.parquet
8487,TWSE,2019-05-29,16.886032104492188,16.886032104492188,16.886032104492188,16.886032104492188,0.0,REMOVE_PROVIDER_FORWARD_FILL_OFFICIAL_NO_QUOTE,data/official_daily/TWSE_*.parquet
8487,TWSE,2019-06-03,16.120317459106445,16.120317459106445,16.120317459106445,16.120317459106445,0.0,REMOVE_PROVIDER_FORWARD_FILL_OFFICIAL_NO_QUOTE,data/official_daily/TWSE_*.parquet
8487,TWSE,2019-06-06,16.837671279907227,16.837671279907227,16.837671279907227,16.837671279907227,0.0,REMOVE_PROVIDER_FORWARD_FILL_OFFICIAL_NO_QUOTE,data/official_daily/TWSE_*.parquet
8487,TWSE,2019-06-12,16.29764175415039,16.29764175415039,16.29764175415039,16.29764175415039,0.0,REMOVE_PROVIDER_FORWARD_FILL_OFFICIAL_NO_QUOTE,data/official_daily/TWSE_*.parquet
8487,TWSE,2019-06-13,16.29764175415039,16.29764175415039,16.29764175415039,16.29764175415039,0.0,REMOVE_PROVIDER_FORWARD_FILL_OFFICIAL_NO_QUOTE,data/official_daily/TWSE_*.parquet
8487,TWSE,2019-06-17,16.829612731933594,16.829612731933594,16.829612731933594,16.829612731933594,0.0,REMOVE_PROVIDER_FORWARD_FILL_OFFICIAL_NO_QUOTE,data/official_daily/TWSE_*.parquet
8487,TWSE,2019-06-18,16.829612731933594,16.829612731933594,16.829612731933594,16.829612731933594,0.0,REMOVE_PROVIDER_FORWARD_FILL_OFFICIAL_NO_QUOTE,data/official_daily/TWSE_*.parquet
8487,TWSE,2019-06-19,16.829612731933594,16.829612731933594,16.829612731933594,16.829612731933594,0.0,REMOVE_PROVIDER_FORWARD_FILL_OFFICIAL_NO_QUOTE,data/official_daily/TWSE_*.parquet
8487,TWSE,2019-06-24,16.684528350830078,16.684528350830078,16.684528350830078,16.684528350830078,0.0,REMOVE_PROVIDER_FORWARD_FILL_OFFICIAL_NO_QUOTE,data/official_daily/TWSE_*.parquet
8487,TWSE,2019-06-25,16.684528350830078,16.684528350830078,16.684528350830078,16.684528350830078,0.0,REMOVE_PROVIDER_FORWARD_FILL_OFFICIAL_NO_QUOTE,data/official_daily/TWSE_*.parquet
8487,TWSE,2019-06-26,16.684528350830078,16.684528350830078,16.684528350830078,16.684528350830078,0.0,REMOVE_PROVIDER_FORWARD_FILL_OFFICIAL_NO_QUOTE,data/official_daily/TWSE_*.parquet
8487,TWSE,2019-06-27,16.684528350830078,16.684528350830078,16.684528350830078,16.684528350830078,0.0,REMOVE_PROVIDER_FORWARD_FILL_OFFICIAL_NO_QUOTE,data/official_daily/TWSE_*.parquet
8487,TWSE,2019-06-28,16.684528350830078,16.684528350830078,16.684528350830078,16.684528350830078,0.0,REMOVE_PROVIDER_FORWARD_FILL_OFFICIAL_NO_QUOTE,data/official_daily/TWSE_*.parquet
8487,TWSE,2019-07-05,15.959115028381348,15.959115028381348,15.959115028381348,15.959115028381348,0.0,REMOVE_PROVIDER_FORWARD_FILL_OFFICIAL_NO_QUOTE,data/official_daily/TWSE_*.parquet
8487,TWSE,2019-07-08,15.959115028381348,15.959115028381348,15.959115028381348,15.959115028381348,0.0,REMOVE_PROVIDER_FORWARD_FILL_OFFICIAL_NO_QUOTE,data/official_daily/TWSE_*.parquet
8487,TWSE,2019-07-10,16.523326873779297,16.523326873779297,16.523326873779297,16.523326873779297,0.0,REMOVE_PROVIDER_FORWARD_FILL_OFFICIAL_NO_QUOTE,data/official_daily/TWSE_*.parquet
8487,TWSE,2019-07-11,16.523326873779297,16.523326873779297,16.523326873779297,16.523326873779297,0.0,REMOVE_PROVIDER_FORWARD_FILL_OFFICIAL_NO_QUOTE,data/official_daily/TWSE_*.parquet
8487,TWSE,2019-07-16,16.66840934753418,16.66840934753418,16.66840934753418,16.66840934753418,0.0,REMOVE_PROVIDER_FORWARD_FILL_OFFICIAL_NO_QUOTE,data/official_daily/TWSE_*.parquet
8487,TWSE,2019-07-22,16.926334381103516,16.926334381103516,16.926334381103516,16.926334381103516,0.0,REMOVE_PROVIDER_FORWARD_FILL_OFFICIAL_NO_QUOTE,data/official_daily/TWSE_*.parquet
8487,TWSE,2019-07-23,16.926334381103516,16.926334381103516,16.926334381103516,16.926334381103516,0.0,REMOVE_PROVIDER_FORWARD_FILL_OFFICIAL_NO_QUOTE,data/official_daily/TWSE_*.parquet
8487,TWSE,2019-07-24,16.926334381103516,16.926334381103516,16.926334381103516,16.926334381103516,0.0,REMOVE_PROVIDER_FORWARD_FILL_OFFICIAL_NO_QUOTE,data/official_daily/TWSE_*.parquet
8487,TWSE,2019-07-25,16.926334381103516,16.926334381103516,16.926334381103516,16.926334381103516,0.0,REMOVE_PROVIDER_FORWARD_FILL_OFFICIAL_NO_QUOTE,data/official_daily/TWSE_*.parquet
