date,symbol,close,oscillation_score,low_score,historical_events,mr_probability,regime_risk_score,final_score,take_profit
2025-04-08,1307,36.0,98.31565982030189,97.33408447897827,15,0.8666666666666667,20.0,91.82821906583513,0.12
2025-04-11,1307,34.599998474121094,96.75832534191183,72.13766906159232,15,0.8666666666666667,20.0,85.06191486797162,0.12
2025-04-21,1307,33.70000076293945,95.51147052203123,69.1168681013027,15,0.8666666666666667,20.0,83.93265818193504,0.12
2026-04-07,1307,31.0,96.69482374230829,66.24833803112944,20,0.9,20.0,84.57053163047485,0.12
2026-07-28,1307,31.0,65.61407855930844,65.31513371379373,25,0.88,20.0,74.41300699624097,0.12
2026-07-29,1307,30.649999618530273,67.36420458455598,80.23679657301406,25,0.88,20.0,78.66846051862031,0.12
2026-07-30,1307,30.649999618530273,66.53164177876431,77.74979083010426,25,0.88,20.0,77.79694024115535,0.12
2021-08-16,1466,17.0,98.50746139974599,83.44400752334451,16,0.6875,20.0,83.03824030075992,0.2
2021-08-17,1466,17.0,97.98477515888155,79.87913945346652,16,0.6875,20.0,81.9902174110311,0.2
2021-08-18,1466,17.0,98.97796810615901,77.46570656494825,16,0.6875,20.0,81.68481707308476,0.2
2021-08-19,1466,16.450000762939453,93.6350823343534,85.88105461255888,16,0.6875,20.0,82.18578835344574,0.2
2021-08-20,1466,16.299999237060547,88.11609151131779,86.56435065674542,16,0.6875,20.0,80.70091511758169,0.2
2021-09-06,1466,16.5,94.2237294026582,67.67458461857204,16,0.6875,20.0,77.81076497544046,0.2
2022-09-28,1476,408.0,93.60700765308056,70.89785996780643,25,0.68,20.0,78.20656728787577,0.1
2022-09-30,1476,392.0,96.16858237547893,88.13177703157483,25,0.68,20.0,83.28351897053739,0.1
2022-10-03,1476,390.0,95.10951921752307,88.2402312126221,25,0.68,20.0,82.99291356841245,0.1
2022-10-13,1476,393.5,89.40710550476834,67.02363724241948,25,0.68,20.0,75.97804096203538,0.1
2022-10-14,1476,390.5,89.24633169034114,74.91370951897045,25,0.68,20.0,77.90232688684495,0.1
2022-10-17,1476,385.5,88.39358945206541,79.95562653249885,25,0.68,20.0,78.90698346874433,0.1
2023-03-16,1476,452.0,73.41140952615685,68.87669600059976,28,0.6785714285714286,20.0,71.59973971513985,0.12
2023-03-17,1476,448.5,72.14189756993147,80.27141472909898,28,0.6785714285714286,20.0,74.06756581039704,0.12
2024-04-15,1476,513.0,69.4275582573455,87.41617052077031,33,0.696969696969697,20.0,75.59140101648714,0.12
2024-04-16,1476,505.0,68.96378269617706,89.44377449558138,33,0.696969696969697,20.0,75.95916934183937,0.12
2024-04-17,1476,495.0,65.42016806722688,91.73527364462943,33,0.696969696969697,20.0,75.46895974041632,0.12
2024-04-18,1476,500.0,67.4836911819456,77.83354133239219,33,0.696969696969697,20.0,72.61258359677264,0.12
2024-04-19,1476,487.0,66.8752033230299,91.98025515558098,33,0.696969696969697,20.0,75.96671569489511,0.12
2024-05-09,1476,485.0,65.13681196309258,81.85617039454777,34,0.6764705882352942,20.0,72.29920383462354,0.12
2024-12-12,1476,521.0,68.92083997377168,67.25118259465515,39,0.6923076923076923,20.0,70.25827841002607,0.12
2024-12-16,1476,516.0,65.58184931114235,81.73827532069342,39,0.6923076923076923,20.0,72.87835439274681,0.12
2025-04-07,1476,395.5,68.19763138415988,96.50340751054296,41,0.6585365853658537,20.0,76.34123885385932,0.12
2025-12-09,1476,398.5,92.64734818295216,76.97940827696411,45,0.6888888888888889,20.0,79.70572319079335,0.12
2025-12-10,1476,393.0,91.26966338786922,85.87055860295403,45,0.6888888888888889,20.0,81.51520533376595,0.12
2025-12-11,1476,389.0,89.05467344874188,86.91738186270412,45,0.6888888888888889,20.0,81.11241416696527,0.12
2025-12-12,1476,394.0,87.07970165415087,65.31182211209992,45,0.6888888888888889,20.0,75.1185326909369,0.12
2025-12-15,1476,390.0,75.63466829769888,79.12079515545955,45,0.6888888888888889,20.0,75.1372659448412,0.12
2025-12-16,1476,387.0,68.54490034560767,83.41887296976029,45,0.6888888888888889,20.0,74.08485501278903,0.12
2025-12-18,1476,385.5,66.28750620108873,80.3526931270663,45,0.6888888888888889,20.0,72.64109180875985,0.12
2026-03-09,1476,381.0,82.42597302707858,74.86958141710774,46,0.6739130434782609,20.0,75.66257856674834,0.12
2026-03-10,1476,372.0,84.50967647132153,88.67937192864943,46,0.6739130434782609,20.0,79.74013722790664,0.12
2026-03-13,1476,372.0,82.67928499712656,81.36890414056738,46,0.6739130434782609,20.0,77.36340283862764,0.12
2026-03-16,1476,369.5,81.48444011194482,82.36194594821674,46,0.6739130434782609,20.0,77.25320982498546,0.12
2026-03-17,1476,371.0,83.59141139794517,73.89980283100648,46,0.6739130434782609,20.0,75.769765431483,0.12
2026-03-20,1476,367.5,88.15982565498545,75.05347012763634,46,0.6739130434782609,20.0,77.42870653275256,0.12
2026-03-23,1476,355.5,88.79740284231664,81.94287818556334,47,0.6808510638297872,20.0,79.55047231397944,0.12
2026-03-24,1476,348.0,90.26835313127717,85.70196153102238,47,0.6808510638297872,20.0,80.93152823703235,0.12
2026-03-25,1476,346.0,88.43732822861872,85.75677555317459,47,0.6808510638297872,20.0,80.39592427177288,0.12
2026-03-26,1476,344.0,87.08491220882388,85.78881247985542,47,0.6808510638297872,20.0,79.99820869750464,0.12
2022-06-20,1513,46.900001525878906,78.26212978649895,76.59878441046808,14,0.7142857142857143,20.0,76.05690646713813,0.1
2022-10-13,1513,53.20000076293945,90.45315298772822,84.05058723411159,15,0.7333333333333333,20.0,82.14859270484637,0.1
2022-10-20,1513,52.79999923706055,83.52969884336584,82.77811014037432,15,0.7333333333333333,20.0,79.75343718810333,0.1
2022-10-21,1513,52.099998474121094,80.18752419009675,86.9240614731051,15,0.7333333333333333,20.0,79.78727262530529,0.1
2022-10-24,1513,52.0,69.33566147723573,87.64337908703864,15,0.7333333333333333,20.0,76.71154321493037,0.1
2022-10-25,1513,51.099998474121094,66.56250300870224,91.36992570069961,15,0.7333333333333333,20.0,76.81123232778558,0.1
2023-09-08,1513,107.0,88.52528307300473,77.37394025013137,18,0.7222222222222222,20.0,79.56773665110092,0.15
2023-09-11,1513,103.5,90.75668487779069,87.48734005670433,18,0.7222222222222222,20.0,82.76550714417996,0.15
2023-09-12,1513,104.0,89.12101383922277,82.67543113559877,18,0.7222222222222222,20.0,81.0718286023332,0.15
2023-09-13,1513,103.0,82.15244557535651,87.57270832042822,18,0.7222222222222222,20.0,80.20557741938066,0.15
2023-09-14,1513,104.0,79.29539915503818,73.00022589151963,18,0.7222222222222222,20.0,75.70534288605802,0.15
2023-09-15,1513,103.5,76.8603879941052,76.61891780463941,18,0.7222222222222222,20.0,75.87951251605807,0.15
2023-09-18,1513,101.5,75.1754273973544,86.22664719858071,19,0.6842105263157895,20.0,76.63560580832518,0.15
2023-09-19,1513,101.0,73.05314829700613,85.48520289643979,19,0.6842105263157895,20.0,75.81356100268547,0.15
2024-09-10,1514,110.53506469726562,93.98755306514207,87.03604962237418,25,0.76,20.0,84.75527832513616,0.15
2024-09-11,1514,108.13212585449219,92.19013980562943,88.5310906893035,25,0.76,20.0,84.5898146140147,0.15
2026-07-15,1514,108.33333587646484,98.59154929577466,76.0755112169347,46,0.6739130434782609,20.0,80.8137338973139,0.15
2026-07-16,1514,104.4117660522461,97.4277829448923,86.85301979122657,46,0.6739130434782609,20.0,83.15898113562216,0.15
2026-07-17,1514,100.49019622802734,95.52354963978274,89.20131970705701,46,0.6739130434782609,20.0,83.1747861230469,0.15
2026-07-20,1514,101.96078491210938,96.32210862558513,79.926619531591,46,0.6739130434782609,20.0,81.09567877492111,0.15
2026-07-24,1514,102.94117736816406,97.89352720835281,65.45455686247296,46,0.6739130434782609,20.0,77.94908868247191,0.15
2026-07-28,1514,99.01960754394531,96.61654107622546,81.99176823637987,46,0.6739130434782609,20.0,81.70029568631043,0.15
2026-07-29,1514,96.76470947265625,91.21425061841788,84.31128727150289,46,0.6739130434782609,20.0,80.65948830774892,0.15
2026-07-30,1514,92.0,89.90834522302055,90.43472809212975,46,0.6739130434782609,20.0,81.79857689428643,0.15
2023-04-25,1524,23.4,84.83969162768449,79.24571106703337,13,0.6923076923076923,20.0,78.03256602429445,0.2
2023-04-26,1524,23.3,86.44338073609448,88.77442433962989,13,0.6923076923076923,20.0,80.89585107496657,0.2
2023-04-27,1524,23.35,85.34832270305807,80.88694333940661,13,0.6923076923076923,20.0,78.59546341499984,0.2
2023-05-04,1524,23.3,66.5086624531634,78.11423662555546,13,0.6923076923076923,20.0,72.25038866156865,0.2
2023-05-08,1524,23.2,67.2499877904136,77.31178090598016,13,0.6923076923076923,20.0,72.27217233284989,0.2
2024-07-11,1524,32.75,86.6846386693951,86.23971966825648,18,0.6666666666666666,20.0,79.56532151788265,0.2
2024-07-12,1524,32.8,83.33357216068308,82.72318317686454,18,0.6666666666666666,20.0,77.68086744242106,0.2
2024-07-15,1524,32.6,77.07776661060873,86.69829303932144,18,0.6666666666666666,20.0,76.79790324301298,0.2
2024-07-16,1524,32.5,78.88797351288531,86.27052531343615,18,0.6666666666666666,20.0,77.23402338222463,0.2
2024-07-17,1524,32.25,79.29662896926914,86.64597276491403,18,0.6666666666666666,20.0,77.45048188200924,0.2
2024-07-18,1524,31.85,76.83739952672941,88.82400426157062,18,0.6666666666666666,20.0,77.25722092341148,0.2
2024-07-19,1524,31.4,74.15576325652857,91.34485859288948,18,0.6666666666666666,20.0,77.08294362518095,0.2
2024-07-22,1524,30.8,73.70609248428029,93.69370016340366,18,0.6666666666666666,20.0,77.535252786135,0.2
2024-07-23,1524,31.35,73.26397649734261,69.48186643920036,18,0.6666666666666666,20.0,71.34965955900287,0.2
2024-07-26,1524,30.75,73.65073658358233,87.70978292809191,18,0.6666666666666666,20.0,76.02266670709767,0.2
2024-07-29,1524,30.4,74.25963145196118,88.91531672835731,18,0.6666666666666666,20.0,76.50671861767768,0.2
2022-04-27,1529,16.858150482177734,97.056824186859,74.35302047739185,43,0.6511627906976745,20.0,79.24018609633589,0.12
2022-04-28,1529,16.738304138183594,99.30200225141571,83.81194651021569,43,0.6511627906976745,20.0,82.27847102390888,0.12
2022-04-29,1529,16.57851219177246,98.08245422787171,83.66558574005418,43,0.6511627906976745,20.0,81.87601642430528,0.12
2022-05-03,1529,16.218978881835938,94.75243736508234,85.50272086581342,43,0.6511627906976745,20.0,81.3362951469083,0.12
2022-05-04,1529,16.059186935424805,93.99083459878294,85.00265025780025,43,0.6511627906976745,20.0,80.98279666501517,0.12
2022-05-05,1529,16.258926391601562,92.20433400099601,74.0594954611626,43,0.6511627906976745,20.0,77.71105778651969,0.12
2022-05-06,1529,15.899393081665039,87.79844190114716,84.07677966810051,44,0.6590909090909091,20.0,79.13145476009655,0.12
2022-05-09,1529,15.340118408203125,86.50065269013419,88.98333580684988,44,0.6590909090909091,20.0,79.96875703148,0.12
2022-05-10,1529,15.659703254699707,82.75861595862767,75.86409153531122,44,0.6590909090909091,20.0,75.56633494414338,0.12
2022-05-11,1529,15.300168991088867,81.78468668845346,84.14707025052196,44,0.6590909090909091,20.0,77.3449008418938,0.12
2022-03-07,1533,55.099998474121094,97.99876702379592,84.51654992473398,16,0.875,20.0,88.77876758832227,0.2
2022-03-08,1533,51.5,95.47545038010871,89.33994695249656,16,0.875,20.0,89.22762185215674,0.2
2022-03-09,1533,53.5,98.08146532819448,67.93557584713824,16,0.875,20.0,84.65833356024291,0.2
2022-03-15,1533,51.70000076293945,96.1799057902397,80.26947472066587,16,0.875,20.0,87.17134041723838,0.2
2022-03-16,1533,52.29999923706055,95.02342026782958,69.12701239076782,16,0.875,20.0,84.03877917804083,0.2
2022-07-01,1533,54.5,95.82330415941061,80.0119658555273,20,0.9,20.0,87.749982711705,0.2
2022-07-06,1533,52.20000076293945,91.30616684751851,87.51441360948154,20,0.9,20.0,88.27045345662594,0.2
2022-09-26,1533,53.5,92.17274507818088,72.28139748160325,22,0.9090909090909091,20.0,84.99490016658234,0.2
2022-09-28,1533,50.900001525878906,93.3506356661551,94.11107179854228,22,0.9090909090909091,20.0,90.80568592220936,0.2
2022-09-29,1533,51.599998474121094,97.07640099953235,80.98393878358668,22,0.9090909090909091,20.0,88.64163226848365,0.2
2022-09-30,1533,51.5,86.70221771676337,81.0459130632677,22,0.9090909090909091,20.0,85.5448708535732,0.2
2023-08-14,1533,55.400001525878906,98.95589231098316,69.31253945010528,27,0.8148148148148148,20.0,83.45934700026571,0.2
2023-08-16,1533,55.29999923706055,96.28936158532989,71.34036845083301,27,0.8148148148148148,20.0,83.16634503275166,0.2
2023-08-18,1533,54.70000076293945,95.7718339669195,78.94452375027483,27,0.8148148148148148,20.0,84.912125572089,0.2
2023-08-21,1533,54.70000076293945,95.35380495842429,75.90646232588472,27,0.8148148148148148,20.0,84.0272015134429,0.2
2021-08-10,1563,53.727272033691406,79.63475295049037,80.4160898911303,16,0.6875,20.0,76.61944835792968,0.12
2021-08-11,1563,53.818180084228516,81.61080232046419,80.1989173134727,16,0.6875,20.0,77.15797002450743,0.15
2021-08-12,1563,53.727272033691406,80.72615040715861,84.94591602693298,16,0.6875,20.0,78.07932412888083,0.15
2021-08-13,1563,52.18181610107422,68.58147711620184,92.90453951913942,16,0.6875,20.0,76.42557801464541,0.15
2021-08-16,1563,50.727272033691406,68.22741876205389,95.99184944188426,16,0.6875,20.0,77.09118798908723,0.15
2021-08-18,1563,50.909088134765625,66.61466073151897,83.76657661253155,16,0.6875,20.0,73.55104237258857,0.15
2021-08-19,1563,49.818180084228516,67.47813952522651,93.02955720808737,16,0.6875,20.0,76.1258311595898,0.15
2021-08-23,1563,49.45454406738281,66.36572683323072,76.0335977371987,16,0.6875,20.0,71.54311748426889,0.15
2023-07-19,1584,34.25,91.80327868852459,86.19354096450569,20,0.65,20.0,80.5893688476838,0.15
2023-07-21,1584,34.55,92.26006191950464,76.14365676652038,20,0.65,20.0,78.21393276748148,0.15
2023-07-24,1584,32.9,89.75497922338444,87.51398823245174,20,0.65,20.0,80.30499082512827,0.15
2023-07-25,1584,33.5,87.39495798319328,71.70566019374192,20,0.65,20.0,75.64490244339346,0.15
2023-07-26,1584,33.0,86.00883652430043,80.61909527549042,20,0.65,20.0,77.45742477616274,0.15
2024-08-06,1584,31.6,73.46723619140928,70.80088882619677,26,0.6923076923076923,20.0,72.50962383320274,0.15
2024-11-05,1584,32.5,80.52986573510914,70.47442717244428,27,0.7037037037037037,20.0,74.88867762475492,0.15
2024-11-08,1584,32.65,77.98584347377268,72.41243747695493,27,0.7037037037037037,20.0,74.60997352248165,0.15
2024-11-12,1584,31.85,70.3950050746438,84.42286328418658,27,0.7037037037037037,20.0,75.3353284545509,0.15
2024-11-13,1584,31.9,68.65501132944517,78.58222900460223,27,0.7037037037037037,20.0,73.35317176109523,0.15
2024-11-14,1584,31.1,67.92351396417676,91.12849562453191,27,0.7037037037037037,20.0,76.27028920649711,0.15
2024-11-15,1584,31.65,67.37983293363665,70.5169124726673,27,0.7037037037037037,20.0,70.95428910936893,0.15
2025-04-09,1584,24.85,92.1935987509758,83.76848317720093,29,0.6551724137931034,20.0,80.25537283338608,0.15
2025-06-12,1584,25.35,77.04301624384509,72.68292879644918,30,0.6666666666666666,20.0,73.28363707226582,0.15
2025-06-13,1584,25.25,78.54745462911885,76.85477253330706,30,0.6666666666666666,20.0,74.77792952206242,0.15
2025-06-16,1584,25.05,78.29810570464602,84.60581718719271,30,0.6666666666666666,20.0,76.64088600819198,0.15
2020-03-12,1590,424.038330078125,97.66573203869797,87.13762466135927,18,0.7222222222222222,20.0,84.75079244361586,0.15
2020-03-13,1590,399.3274841308594,96.00080953718427,90.34388018858407,18,0.7222222222222222,20.0,85.05287957496796,0.15
2020-03-16,1590,394.8795166015625,96.14447857051981,90.87987829925102,18,0.7222222222222222,20.0,85.22997981263535,0.15
2020-03-18,1590,360.7785339355469,92.53002389176783,94.5669024335033,18,0.7222222222222222,20.0,85.06739944257284,0.15
2020-03-19,1590,326.67755126953125,88.84075617896966,97.58654304443448,18,0.7222222222222222,20.0,84.71552928146619,0.15
2020-03-23,1590,350.39996337890625,92.24593733478481,65.59984148142797,18,0.7222222222222222,20.0,77.74040823745909,0.15
2021-07-27,1590,928.1398315429688,90.32311268246504,85.3749990604092,21,0.7619047619047619,20.0,83.29782642698467,0.15
2021-07-28,1590,911.33642578125,91.51550505663599,86.42537911745748,21,0.7619047619047619,20.0,83.91813915349803,0.15
2021-07-29,1590,926.1629638671875,94.70421272130244,71.26641437881563,21,0.7619047619047619,20.0,81.0850102682375,0.15
2021-07-30,1590,888.6024780273438,92.52590630334771,87.06390300695686,22,0.7727272727272727,20.0,84.70556582456172,0.15
2021-08-03,1590,905.4058227539062,92.14883343665198,66.94455506418551,22,0.7727272727272727,20.0,79.56260697886015,0.15
2021-08-04,1590,876.7412719726562,95.38158187586264,82.40066007478332,22,0.7727272727272727,20.0,84.39645776327279,0.15
2022-03-14,1590,842.0,97.15504038238184,85.92188659295344,30,0.7666666666666667,20.0,85.6269837629529,0.15
2022-03-16,1590,820.0,94.5273631840796,74.39852508824951,30,0.7666666666666667,20.0,81.95784022728625,0.15
2022-07-29,1590,817.0,98.43291881508442,66.37448038250723,34,0.7647058823529411,20.0,81.06467221074037,0.15
2023-05-31,1590,992.0,92.01473986984234,85.94650732350723,42,0.6904761904761905,20.0,81.80533450611523,0.15
2023-06-01,1590,981.0,91.0004732873689,87.50777404851218,42,0.6904761904761905,20.0,81.89137121262442,0.15
2024-08-06,1708,32.5,80.05789005798634,77.70107039562714,19,0.6842105263157895,20.0,75.96895040577637,0.12
2024-12-09,1708,38.849998474121094,85.33322421116624,80.09161798286945,20,0.7,20.0,78.62287175906724,0.12
2024-12-10,1708,38.599998474121094,85.08195461597163,87.39480398692912,20,0.7,20.0,80.37328738152377,0.12
2024-12-11,1708,38.150001525878906,83.54516587740629,88.874454018505,20,0.7,20.0,80.28216326784813,0.12
2024-12-12,1708,37.900001525878906,81.43039778378616,89.6844764249817,20,0.7,20.0,79.85023844138126,0.12
2024-12-13,1708,37.45000076293945,70.23078599781414,90.48813180193189,20,0.7,20.0,76.69126874982722,0.12
2024-12-16,1708,36.900001525878906,69.75428724198619,91.69771970800153,20,0.7,20.0,76.85071609959624,0.12
2024-12-17,1708,36.900001525878906,65.12534148333901,88.391374128424,20,0.7,20.0,74.63544597710771,0.12
2025-04-07,1708,33.099998474121094,67.02988206739431,94.0265952959041,21,0.6666666666666666,20.0,75.61561344419431,0.12
2025-04-08,1708,31.600000381469727,72.81009501346642,96.57909867759142,21,0.6666666666666666,20.0,77.98780317343778,0.12
2021-12-20,1710,21.600000381469727,79.29725988532066,71.79770830734105,19,0.6842105263157895,20.0,74.26492083190514,0.12
2021-12-21,1710,21.649999618530273,76.74987894497701,65.22198668331512,19,0.6842105263157895,20.0,71.85677614379557,0.12
2022-06-15,1711,22.399999618530273,71.8693175213914,66.85137288395012,12,0.6666666666666666,20.0,70.27363847740494,0.15
2022-06-16,1711,21.5,71.52865814402199,90.9241917541937,12,0.6666666666666666,20.0,76.18964538175501,0.15
2022-06-17,1711,21.149999618530273,71.37526441173759,92.68570661210032,12,0.6666666666666666,20.0,76.58400597654635,0.15
2023-07-19,1727,30.75,95.86566605815915,83.15206020284332,21,0.6666666666666666,20.0,81.54771486815856,0.12
2023-08-08,1727,31.100000381469727,92.09183846374984,69.87167228646081,21,0.6666666666666666,20.0,77.09546961074015,0.12
2023-08-09,1727,30.950000762939453,91.92214947009339,71.58360138439836,21,0.6666666666666666,20.0,77.47254518712761,0.12
2023-08-10,1727,30.200000762939453,92.43396046375017,79.78140486962255,21,0.6666666666666666,20.0,79.67553935653069,0.12
2023-08-11,1727,30.100000381469727,90.28361387812319,79.13162200847297,21,0.6666666666666666,20.0,78.8679896655552,0.12
2024-12-09,1727,32.400001525878906,98.96103944744688,86.58081075331111,35,0.6571428571428571,20.0,83.04780023684755,0.12
2024-12-10,1727,32.599998474121094,99.27681104864995,80.81232838402177,35,0.6571428571428571,20.0,81.70041112488613,0.12
2024-12-12,1727,30.149999618530273,93.82877994275256,93.09596322053982,35,0.6571428571428571,20.0,83.13691050224644,0.12
2024-12-13,1727,29.850000381469727,92.53336502049359,93.80751074530349,35,0.6571428571428571,20.0,82.92617290675966,0.12
2024-12-16,1727,29.649999618530273,90.35477758149662,94.28965477276466,35,0.6571428571428571,20.0,82.39313268192586,0.12
2024-12-17,1727,30.0,90.96265846552713,79.81015497802518,35,0.6571428571428571,20.0,78.95562199845014,0.12
2024-12-18,1727,30.0,85.9289453273059,77.05599328361689,35,0.6571428571428571,20.0,76.7569676333817,0.12
2024-12-19,1727,29.700000762939453,79.1367866238359,83.98613180752835,35,0.6571428571428571,20.0,76.45185465331856,0.12
2024-12-20,1727,29.299999237060547,79.4825343726541,87.6621101839078,35,0.6571428571428571,20.0,77.47457357205889,0.12
2024-12-23,1727,29.850000381469727,79.70503519260751,66.79693778162833,35,0.6571428571428571,20.0,72.32503071747504,0.12
2022-03-16,1732,31.049999237060547,98.34450490751041,66.06894510592771,25,0.72,20.0,79.62058774873505,0.2
2022-06-13,1732,32.04999923706055,99.64764074142809,76.98391756311554,27,0.7407407407407407,20.0,83.36249383542953,0.2
2022-06-14,1732,31.399999618530273,99.64763881174163,89.89928195469163,27,0.7407407407407407,20.0,86.59133435441763,0.2
2022-06-15,1732,32.54999923706055,99.44784737951481,65.72484051665445,27,0.7407407407407407,20.0,80.48778656524027,0.2
2022-06-16,1732,30.850000381469727,98.06681984275014,88.45556905714288,27,0.7407407407407407,20.0,85.75616043933297,0.2
2022-06-17,1732,30.0,96.17258340642466,90.24419555648846,27,0.7407407407407407,20.0,85.63504613327174,0.2
2022-06-20,1732,28.850000381469727,95.15323736962765,92.44816725756877,27,0.7407407407407407,20.0,85.8802352475027,0.2
2022-06-21,1732,30.399999618530273,96.78595388917229,65.11794370786862,27,0.7407407407407407,20.0,79.53749431594106,0.2
2022-06-22,1732,28.600000381469727,91.67156800671788,89.02910058332017,27,0.7407407407407407,20.0,83.98096777006762,0.2
2022-06-23,1732,28.799999237060547,92.32585695478701,81.72418371183475,27,0.7407407407407407,20.0,82.351025236617,0.2
2022-06-24,1732,29.0,88.37929991555102,73.43764077966382,27,0.7407407407407407,20.0,79.09542239180348,0.2
2022-10-11,1732,28.0,99.86796886616767,75.1810091601006,34,0.7058823529411765,20.0,81.93211353811074,0.2
2022-10-12,1732,27.700000762939453,98.25784071874992,75.89874635010402,34,0.7058823529411765,20.0,81.62850939138627,0.2
2022-10-13,1732,25.850000381469727,96.22690653307212,85.51817985124319,34,0.7058823529411765,20.0,83.42408751096772,0.2
2021-04-22,1736,82.4000015258789,67.00141518132183,77.4703547393985,13,0.8461538461538461,20.0,76.85262862386156,0.12
2021-04-23,1736,82.0,67.41495027176775,84.3998829006347,13,0.8461538461538461,20.0,78.70907119130439,0.12
2021-05-04,1736,81.19999694824219,75.55615044600181,84.22363163672684,13,0.8461538461538461,20.0,81.10736842759763,0.12
2021-05-06,1736,79.69999694824219,83.69196314988562,87.12153305719515,14,0.8571428571428571,20.0,84.60225792355018,0.12
2021-05-07,1736,78.9000015258789,84.19838770971711,88.68392468347783,14,0.8571428571428571,20.0,85.1447831980703,0.12
2021-05-11,1736,73.9000015258789,92.01915641146147,93.20825946498796,14,0.8571428571428571,20.0,88.62209750397113,0.12
2021-05-12,1736,76.19999694824219,90.31995404018063,65.0094092504818,14,0.8571428571428571,20.0,81.06262423896035,0.12
2021-05-13,1736,75.5,89.59385605843194,71.14242732557919,14,0.8571428571428571,20.0,82.3780493632101,0.12
2021-05-14,1736,74.0999984741211,89.08034472751363,85.88855054065795,14,0.8571428571428571,20.0,85.91052676770428,0.12
2021-05-17,1736,69.80000305175781,85.52507674903057,94.15426622190843,14,0.8571428571428571,20.0,86.91037529447199,0.12
2021-08-13,1736,72.80000305175781,85.65510163562531,79.46932861755735,18,0.7222222222222222,20.0,79.2305293117436,0.12
2021-08-16,1736,68.0,84.32849653407591,90.91900642163512,18,0.7222222222222222,20.0,81.69496723229821,0.12
2021-08-17,1736,68.0,81.268608217425,90.08567308830179,18,0.7222222222222222,20.0,80.56866740396961,0.12
2021-08-18,1736,67.80000305175781,80.22636385683035,89.87438728060908,18,0.7222222222222222,20.0,80.20317264386804,0.12
2021-08-19,1736,64.5999984741211,78.29214175215792,94.52210473669129,18,0.7222222222222222,20.0,80.78483537648685,0.12
2021-08-20,1736,63.900001525878906,76.92974114022935,94.8970289901479,18,0.7222222222222222,20.0,80.46984625627243,0.12
2021-08-23,1736,65.5999984741211,79.05350163372793,69.40482852178397,18,0.7222222222222222,20.0,74.73392428723105,0.12
2021-08-24,1736,65.5999984741211,79.60049990451506,66.9583090149672,18,0.7222222222222222,20.0,74.28639389176297,0.12
2020-10-15,1760,111.84855651855469,100.0,74.83919564617298,20,0.65,20.0,80.20979891154325,0.15
2020-10-16,1760,111.84855651855469,99.3293085790138,71.50117685212787,20,0.65,20.0,79.1740867867361,0.15
2020-10-19,1760,111.35582733154297,98.65228992391158,75.38333367154334,20,0.65,20.0,79.94152039505931,0.15
2020-10-22,1760,111.35582733154297,99.82620636258068,69.77823548736596,20,0.65,20.0,78.8924207806157,0.15
2020-10-26,1760,110.3703842163086,99.82008040023042,75.51557980575556,20,0.65,20.0,80.32491907150802,0.15
2020-10-27,1760,110.3703842163086,97.0082276020994,73.9431889322471,20,0.65,20.0,79.0882655136916,0.15
2020-10-28,1760,108.89220428466797,97.54994276725229,77.59074318340481,20,0.65,20.0,80.16266862602689,0.15
2020-10-29,1760,108.39948272705078,96.58054695599895,78.61293412077913,20,0.65,20.0,80.12739761699447,0.15
2020-10-30,1760,102.97950744628906,93.02676332641835,90.98166499351811,20,0.65,20.0,82.15344524630503,0.15
2020-11-10,1760,105.44313049316406,97.03923068977379,66.64543680317549,20,0.65,20.0,77.273128407726,0.15
2020-11-11,1760,103.96495819091797,94.1265657222966,77.72479465631353,20,0.65,20.0,79.16916838076736,0.15
2020-11-12,1760,102.48677825927734,91.93548343938375,85.81664621704668,20,0.65,20.0,80.5348065860768,0.2
2020-11-13,1760,102.48677825927734,92.62422371682229,82.61755853384521,20,0.65,20.0,79.941656748508,0.2
2020-11-16,1760,102.48677825927734,90.42298314498814,79.48400414012232,20,0.65,20.0,78.49789597852703,0.2
2020-11-17,1760,99.53043365478516,93.6974800440245,88.06715315866,20,0.65,20.0,81.62603230287235,0.2
2020-11-18,1760,100.02315521240234,91.82444003763965,79.66929881952562,20,0.65,20.0,78.9646567161733,0.2
2023-02-22,1760,160.5,98.02806144459812,80.25960431142416,43,0.6511627906976745,20.0,81.0082032321657,0.15
2023-02-24,1760,161.0,92.78879118360663,70.16290450534513,43,0.6511627906976745,20.0,76.91224720234851,0.15
2023-03-01,1760,160.5,93.6600443824579,75.41218877734404,43,0.6511627906976745,20.0,78.48594423000361,0.15
2023-03-16,1760,160.0,94.21570319382661,75.03363443968911,43,0.6511627906976745,20.0,78.55800328900048,0.15
2023-04-25,1760,160.0,99.65156794425087,77.90223954175701,43,0.6511627906976745,20.0,80.90591398964474,0.15
2023-04-27,1760,160.5,98.77750611246944,66.83207214315125,44,0.6590909090909091,20.0,78.11399714225591,0.15
2023-05-11,1760,147.5,89.2689470154259,88.18189809309301,44,0.6590909090909091,20.0,80.59888590062829,0.15
2023-05-12,1760,143.0,88.42592592592592,90.32985951350844,45,0.6666666666666666,20.0,81.11024265615488,0.15
2023-05-15,1760,140.0,89.69942586963863,91.66650177851847,45,0.6666666666666666,20.0,81.8264532055212,0.15
2023-05-16,1760,138.5,89.69942586963863,91.7318131207249,45,0.6666666666666666,20.0,81.84278104107281,0.15
2023-05-17,1760,142.5,91.0299003322259,65.68538001088174,45,0.6666666666666666,20.0,75.7303151023882,0.15
2023-05-18,1760,142.0,91.46871863499499,67.82513800833975,45,0.6666666666666666,20.0,76.39690009258344,0.15
2022-06-30,1773,125.41666412353516,89.07562608068321,82.77534445534614,15,0.6666666666666666,20.0,79.4165239380415,0.1
2022-07-01,1773,117.08333587646484,85.29307864499697,87.87888380419221,15,0.6666666666666666,20.0,79.55764454454714,0.1
2020-07-27,1783,22.034631729125977,98.92183338826453,73.31921722326284,13,0.6923076923076923,20.0,80.77558509152584,0.12
2020-07-28,1783,21.774890899658203,96.34230430936412,81.48955053919458,13,0.6923076923076923,20.0,82.04430969683864,0.12
2021-05-12,1785,43.75,99.66821499668215,68.33562319212442,12,0.6666666666666666,20.0,78.98437029703575,0.1
2021-05-13,1785,44.0,99.24213717317166,65.3291467186229,12,0.6666666666666666,20.0,78.10492783160721,0.1
2021-05-14,1785,43.4,99.05015197568389,75.29177522376244,12,0.6666666666666666,20.0,80.53798939864578,0.1
2021-05-17,1785,39.3,97.11399711399712,92.59695516508131,12,0.6666666666666666,20.0,84.28343792546946,0.1
2021-08-17,1785,44.95,90.06839841718975,65.8068645260145,14,0.7142857142857143,20.0,76.90080708523197,0.12
2021-12-14,1785,48.7,83.64278676929138,65.52855873370764,15,0.7333333333333333,20.0,75.47497571421432,0.15
2021-12-15,1785,48.7,81.45138066497964,65.16912827466881,15,0.7333333333333333,20.0,74.7276962681611,0.15
2021-12-16,1785,48.65,81.2141098397797,66.54066533137255,15,0.7333333333333333,20.0,74.99939928477704,0.15
2021-12-17,1785,48.3,78.70607034939201,74.54038717300837,15,0.7333333333333333,20.0,76.2469178980697,0.15
2022-01-24,1785,46.95,70.92409461445945,87.04649285978279,15,0.7333333333333333,20.0,77.03885159928353,0.15
2022-01-26,1785,46.9,65.91748768472907,84.55458260704756,16,0.6875,20.0,73.53889195718061,0.15
2022-05-11,1785,47.35,73.88618834411511,82.45208686480144,21,0.6666666666666666,20.0,74.77887821943489,0.1
2022-05-12,1785,45.0,75.42651207243563,88.27963444216913,21,0.6666666666666666,20.0,76.69786223227297,0.1
2022-05-13,1785,45.55,75.98330533414315,73.76086476098905,21,0.6666666666666666,20.0,73.23520779049021,0.1
2022-06-13,1785,45.1,68.98291925465838,80.41924324834748,21,0.6666666666666666,20.0,72.79968658848438,0.1
2022-06-14,1785,44.7,67.85714285714286,87.31716567335216,21,0.6666666666666666,20.0,74.18643427548089,0.1
2022-06-15,1785,44.7,66.45215169974456,84.2490220340503,21,0.6666666666666666,20.0,72.99790101843594,0.1
2025-07-22,1785,50.9,73.79521520970923,88.67572344328578,49,0.6530612244897959,20.0,75.89933215842808,0.12
2025-07-23,1785,51.5,71.82050292673577,73.52370981034288,49,0.6530612244897959,20.0,71.51891506530032,0.12
2025-07-29,1785,50.3,69.11480599338432,87.52692248184472,49,0.6530612244897959,20.0,74.20800915317037,0.12
2025-07-30,1785,50.5,65.91057768200962,80.09079063175398,49,0.6530612244897959,20.0,71.38770769723526,0.12
2025-07-31,1785,50.0,65.54750436943044,87.1673925834551,49,0.6530612244897959,20.0,73.04793619138678,0.12
2026-03-04,1785,57.0,99.79822437449556,77.9041325405913,53,0.6792452830188679,20.0,81.79285893806254,0.12
2026-07-13,1785,129.0,97.6545842217484,83.04948009444976,55,0.6909090909090909,20.0,82.78601801740967,0.12
2026-07-14,1785,120.0,95.40517961570593,86.7292275800524,55,0.6909090909090909,20.0,83.0311335069976,0.12
2026-07-15,1785,121.0,92.40121580547113,81.8738000489271,55,0.6909090909090909,20.0,80.91608748114584,0.12
2026-07-16,1785,114.0,91.5399443135575,88.68551475025663,55,0.6909090909090909,20.0,82.36063470890414,0.12
2026-07-17,1785,107.5,89.97678835197298,90.90465151628162,55,0.6909090909090909,20.0,82.44647211193504,0.12
2026-07-20,1785,104.5,89.07563025210084,91.87067432685636,55,0.6909090909090909,20.0,82.41763038461707,0.12
2026-07-21,1785,107.5,92.01553733275787,77.7373564558323,55,0.6909090909090909,20.0,79.76627304105816,0.12
2026-07-24,1785,106.0,87.22506109753388,76.7348719065183,55,0.6909090909090909,20.0,78.07850903316248,0.12
2026-07-27,1785,107.0,84.66117216117216,70.27967303450453,55,0.6909090909090909,20.0,75.6955426342505,0.12
2026-07-28,1785,101.0,85.11423955688899,83.00399444323719,55,0.6909090909090909,20.0,79.01254320514872,0.12
2023-10-12,1786,75.4000015258789,93.11554071748488,87.89068632315576,15,0.6666666666666666,20.0,81.90733379603441,0.2
2023-10-13,1786,75.69999694824219,87.56543599785283,83.17832918842142,15,0.6666666666666666,20.0,79.0642130964612,0.2
2023-10-16,1786,75.19999694824219,85.69882702183136,87.8200671220911,15,0.6666666666666666,20.0,79.66466488707218,0.2
2023-10-17,1786,74.5999984741211,78.91965574363142,88.0120893044583,15,0.6666666666666666,20.0,77.678919049204,0.2
2023-10-18,1786,72.30000305175781,83.49912111772963,91.03135371563877,15,0.6666666666666666,20.0,79.80757476422858,0.2
2023-03-16,1810,17.299999237060547,84.4451927528896,82.9996088213555,12,0.75,20.0,80.58346003120576,0.15
2023-07-12,1810,22.799999237060547,99.69431102889612,82.60394290818026,14,0.7857142857142857,20.0,86.13070760714247,0.15
2023-07-13,1810,22.200000762939453,93.58425741339728,85.82295289694643,14,0.7857142857142857,20.0,85.10244401968436,0.15
2023-07-14,1810,22.149999618530273,87.19131455850618,86.08019483681518,14,0.7857142857142857,20.0,83.24887164818422,0.15
2023-07-17,1810,21.899999618530273,86.44923813222859,87.38921831164775,14,0.7857142857142857,20.0,83.35350458900908,0.15
2023-07-18,1810,21.25,86.54243772258934,90.48327305822129,14,0.7857142857142857,20.0,84.15497815276069,0.15
2023-07-19,1810,21.200000762939453,89.6919681265505,90.70801119099173,14,0.7857142857142857,20.0,85.15602180714166,0.15
2023-07-21,1810,21.5,86.82619527599203,69.66396061121348,14,0.7857142857142857,20.0,79.03527730702955,0.15
2023-07-24,1810,20.850000381469727,85.57236772899383,86.24396343207017,14,0.7857142857142857,20.0,82.80412974814426,0.15
2023-07-25,1810,21.149999618530273,82.47977819372525,70.58951969405265,14,0.7857142857142857,20.0,77.96274195305931,0.15
2023-07-26,1810,21.0,83.04034907619547,74.32025450715241,14,0.7857142857142857,20.0,79.06359692107532,0.15
2023-07-28,1810,21.0,78.94903374689781,70.16379734102402,14,0.7857142857142857,20.0,76.79708803075391,0.15
2022-02-24,1905,22.200000762939453,78.95224730837198,69.09196110928534,12,0.9166666666666666,20.0,80.45866446983293,0.15
2022-03-08,1905,21.149999618530273,71.10070518086022,89.11169888162371,12,0.9166666666666666,20.0,83.10813627466399,0.15
2022-03-09,1905,21.5,71.41133347561254,70.17281615376868,12,0.9166666666666666,20.0,78.46660408112592,0.15
2022-03-16,1905,21.399999618530273,70.88730509441999,69.11838331845276,12,0.9166666666666666,20.0,78.04578735793918,0.15
2024-11-14,2070,74.0,97.45204695104495,72.22137634454262,14,0.7142857142857143,20.0,80.71952960002056,0.15
2024-11-15,2070,72.7,99.67838138120578,84.99115032273308,14,0.7142857142857143,20.0,84.57987342361643,0.15
2024-11-18,2070,70.8,97.63995937145248,87.00024351455332,14,0.7142857142857143,20.0,84.4706201186455,0.15
2024-11-19,2070,72.6,96.44830307813733,72.4331041624476,14,0.7142857142857143,20.0,80.47133839262453,0.15
2024-11-20,2070,71.8,96.30437416696958,75.86547818038797,14,0.7142857142857143,20.0,81.28625322375929,0.15
2024-12-16,2070,72.3,88.07128485196895,68.66323563834106,14,0.7142857142857143,20.0,77.01576579374738,0.15
2024-12-19,2070,72.1,82.5543120473996,69.0297393317894,14,0.7142857142857143,20.0,75.45229987573866,0.15
2022-03-07,2102,26.5,82.20425240717108,80.06756629739726,18,0.6666666666666666,20.0,76.67816729650063,0.1
2022-03-08,2102,25.75,83.87935982441716,87.08992266671132,18,0.6666666666666666,20.0,78.93628861400298,0.1
2022-03-09,2102,26.100000381469727,81.2636577919097,65.29274056405507,18,0.6666666666666666,20.0,72.70228247858667,0.1
2024-05-21,2204,119.0,98.28913601368691,90.52534741543332,12,0.75,20.0,86.6180776579644,0.12
2024-05-22,2204,121.5,99.57734573119188,65.20847592615715,12,0.75,20.0,80.67532270089686,0.12
2024-05-23,2204,119.5,99.36788874841972,80.91133346588204,12,0.75,20.0,84.53819999099642,0.12
2024-07-18,2204,120.0,81.9439745841723,77.16818875079493,13,0.7692307692307693,20.0,78.9521626398735,0.12
2024-07-19,2204,117.5,82.14304280618076,88.52630567067543,13,0.7692307692307693,20.0,81.85141233644616,0.12
2024-07-22,2204,111.5,84.79632816982215,93.19412259472115,13,0.7692307692307693,20.0,83.81435217655002,0.12
2024-07-23,2204,110.0,81.26463700234191,94.17573342198233,13,0.7692307692307693,20.0,83.00024753312124,0.12
2024-02-23,2230,148.0,99.24012158054711,74.80244392419792,20,0.8,20.0,84.4726474552136,0.15
2024-07-19,2230,157.5,83.08654491790548,68.65170444232207,23,0.8260869565217391,20.0,78.87149828160433,0.15
2024-07-22,2230,156.0,83.66219823180458,79.23210327994686,23,0.8260869565217391,20.0,81.68929398518026,0.15
2024-08-05,2230,149.5,91.75824175824175,86.31990323539495,24,0.8333333333333334,20.0,86.10744833632127,0.15
2024-11-27,2230,150.0,85.9053995598789,89.28405559555422,27,0.7777777777777778,20.0,83.42596710018556,0.15
2024-12-09,2230,151.5,94.41798096601161,68.51023033371033,27,0.7777777777777778,20.0,80.7862852065644,0.15
2024-12-10,2230,148.5,92.83139547936786,85.44340971224216,27,0.7777777777777778,20.0,84.54360440520423,0.15
2024-12-11,2230,148.5,96.44043663977219,82.73621100251296,27,0.7777777777777778,20.0,84.94951707589323,0.15
2024-12-12,2230,147.0,95.52098066949551,85.14007712746007,27,0.7777777777777778,20.0,85.27464681604701,0.15
2024-12-13,2230,146.0,95.96582819174182,85.50410180859501,27,0.7777777777777778,20.0,85.49910724300463,0.15
2025-04-07,2230,98.6,91.61123796287103,93.83691181819296,32,0.75,20.0,85.44259934340954,0.15
2025-04-08,2230,93.0,90.0726392251816,96.4303076925809,32,0.75,20.0,85.6293686906997,0.15
2025-04-09,2230,91.4,90.23987569194911,97.10119055063713,32,0.75,20.0,85.84726034524401,0.15
2025-07-07,2230,101.5,99.52253628724216,68.22691595045637,35,0.7428571428571429,20.0,81.19920415950104,0.15
2025-07-08,2230,99.9,98.75526618153964,82.7860983956112,35,0.7428571428571429,20.0,84.60881873907898,0.15
2025-07-10,2230,101.0,98.60672487460523,65.37475199650316,35,0.7428571428571429,20.0,80.21141974722165,0.15
2025-11-07,2230,94.9,93.73542083977802,82.47943348012868,40,0.7,20.0,81.74048462196558,0.15
2025-11-20,2230,95.1,99.34867564046895,68.16846661758682,41,0.6829268292682927,20.0,79.33452422458616,0.12
2025-11-21,2230,95.2,99.54688312328713,66.08856239413792,41,0.6829268292682927,20.0,78.8740104135694,0.12
2024-06-03,2254,81.0,98.89380449618338,87.24215693266116,18,0.6666666666666666,20.0,83.4786805820203,0.12
2024-06-04,2254,80.5,98.18468644343159,87.83050088129426,18,0.6666666666666666,20.0,83.41303115335303,0.12
2024-06-05,2254,79.9000015258789,96.07182946007843,88.554003123185,18,0.6666666666666666,20.0,82.96004961881978,0.12
2024-06-06,2254,80.5,97.34256560644452,73.92730797678846,18,0.6666666666666666,20.0,79.68459667613047,0.12
2024-06-07,2254,80.5,97.2589483929938,71.09809355704857,18,0.6666666666666666,20.0,78.95220790716029,0.12
2024-06-11,2254,80.0,94.7212146294082,78.5623793257368,18,0.6666666666666666,20.0,80.05695922025666,0.12
2024-06-13,2254,80.19999694824219,89.72188937994136,70.33239415424157,18,0.6666666666666666,20.0,76.49966535254279,0.12
2025-03-31,2301,90.9000015258789,66.04052002091626,95.9300713275942,26,0.6538461538461539,20.0,75.41005845355805,0.12
2025-04-07,2301,85.4000015258789,72.88198237599555,94.84876692246756,26,0.6538461538461539,20.0,77.19217105880017,0.12
2026-03-09,2301,149.0,96.97336561743342,83.2160733936054,29,0.6551724137931034,20.0,81.55120044742448,0.12
2026-03-30,2301,149.5,94.59084604715673,74.55230630403472,31,0.6774193548387096,20.0,79.33791103531698,0.12
2026-03-31,2301,140.5,93.83054565396216,87.30044029999225,31,0.6774193548387096,20.0,82.296854416348,0.12
2026-04-07,2301,142.5,93.92384553065082,72.03259418006995,31,0.6774193548387096,20.0,78.50788284937403,0.12
2025-03-04,2308,377.5,79.8464973227646,84.89288696871975,20,0.65,20.0,76.67717093900932,0.15
2025-03-05,2308,378.5,78.55230271991422,79.74927421016815,20,0.65,20.0,75.0030093685163,0.15
2025-03-07,2308,375.0,76.52850621604593,83.99616453971171,20,0.65,20.0,75.4575929997417,0.15
2025-03-10,2308,375.5,74.76004756614304,78.64708269826018,20,0.65,20.0,73.58978494440795,0.15
2025-03-11,2308,370.5,73.81042209379513,85.38101798342272,20,0.65,20.0,74.98838112399422,0.15
2025-03-31,2308,360.0,76.45950618248304,86.37306204573099,20,0.65,20.0,76.03111736617765,0.15
2025-04-07,2308,333.0,84.88829205256698,90.66818824014507,20,0.65,20.0,79.63353467580636,0.15
2022-05-09,2312,13.300000190734863,90.46419730981074,83.86998385067042,15,0.6666666666666666,20.0,80.10675515561083,0.1
2022-05-10,2312,13.550000190734863,91.27182121140582,65.92501466322281,15,0.6666666666666666,20.0,75.86280002922744,0.1
2022-05-11,2312,13.399999618530273,91.27181822907411,72.52988151884475,15,0.6666666666666666,20.0,77.51401584843342,0.1
2022-05-12,2312,13.050000190734863,90.80622541603452,84.6623119848928,15,0.6666666666666666,20.0,80.40744562103356,0.1
2022-05-13,2312,13.050000190734863,91.74443602081601,82.17296198179771,15,0.6666666666666666,20.0,80.06657130169422,0.1
2022-05-16,2312,13.25,92.34057892478408,65.96813662020973,15,0.6666666666666666,20.0,76.19420783248765,0.1
2022-06-20,2312,13.050000190734863,73.00124724426134,79.5152776878171,15,0.6666666666666666,20.0,73.77919359523267,0.15
2023-07-11,2314,101.95913696289062,71.9818892773686,70.4801711415185,47,0.6595744680851063,20.0,71.0018436111434,0.12
2023-07-12,2314,99.84477233886719,73.17518017988235,87.89954279437772,47,0.6595744680851063,20.0,75.71467379511233,0.12
2023-07-13,2314,97.4954833984375,68.28678954701118,91.4780376053003,47,0.6595744680851063,20.0,75.14278030798162,0.12
2023-08-10,2314,97.8478775024414,73.52725879005581,80.13643931134244,47,0.6595744680851063,20.0,73.87952150740554,0.12
2023-08-11,2314,97.61295318603516,71.60866968183291,83.27037188018775,47,0.6595744680851063,20.0,74.08742791715001,0.12
2023-08-14,2314,92.20958709716797,74.06104731744891,92.0728769928836,47,0.6595744680851063,20.0,77.02376748600877,0.12
2023-08-15,2314,92.3270492553711,74.55014224695879,89.26470677826325,47,0.6595744680851063,20.0,76.46845341120664,0.12
2023-08-16,2314,89.2729721069336,75.50308900464782,94.53235009472817,47,0.6595744680851063,20.0,78.07124826762958,0.12
2023-08-17,2314,91.85719299316406,72.91676168507064,66.81606875881705,47,0.6595744680851063,20.0,70.36627973777864,0.12
2019-11-11,2316,39.88888931274414,90.79397704067082,87.08672183537911,13,0.7692307692307693,20.0,84.08679664796911,0.2
2019-11-14,2316,40.5,92.05223889940177,66.23271112372473,13,0.7692307692307693,20.0,79.2507725276748,0.2
2019-11-19,2316,40.44444274902344,91.69692899449488,65.43624900082226,13,0.7692307692307693,20.0,78.94506402547711,0.2
2019-11-21,2316,40.27777862548828,91.79499266760455,66.31076495006964,13,0.7692307692307693,20.0,79.19311211472186,0.2
2019-11-22,2316,40.11111068725586,91.81704089221788,70.16472395390646,13,0.7692307692307693,20.0,80.16321633306507,0.2
2019-11-25,2316,39.33333206176758,91.55333906871117,81.7304825549698,13,0.7692307692307693,20.0,82.97554543627888,0.2
2019-11-06,2329,15.25,66.1105446224911,91.38777574560298,13,0.9230769230769231,20.0,82.37241501545577,0.2
2020-07-27,2329,11.25,86.63471204042143,76.4802854891078,20,0.75,20.0,79.61048498440337,0.2
2020-07-28,2329,11.0,85.79975667113061,86.40693501316737,20,0.75,20.0,81.84166075463102,0.2
2020-08-20,2329,10.550000190734863,84.13191376763672,89.32192343500755,20,0.75,20.0,82.0700549890429,0.2
2020-08-21,2329,10.75,83.34931727761784,67.57366549526665,20,0.75,20.0,76.39821155710202,0.2
2020-09-08,2329,10.649999618530273,80.34256888750804,67.11190791602797,20,0.75,20.0,75.3807476452594,0.2
2020-09-24,2329,10.5,70.92900255866812,84.3323381788854,21,0.7142857142857143,20.0,75.79035674089322,0.2
2021-05-12,2329,15.350000381469727,98.40625816968964,75.488265122038,25,0.68,20.0,80.79394373141639,0.15
2021-05-13,2329,14.949999809265137,98.23633011611439,87.16845593925676,25,0.68,20.0,83.6630130196485,0.15
2021-05-14,2329,15.0,98.96480200448443,83.00125752251714,25,0.68,20.0,82.83975498197461,0.15
2021-05-17,2329,13.5,95.2380948819143,91.84953970126486,25,0.68,20.0,83.9338133898905,0.15
2021-10-13,2329,22.899999618530273,99.48186478169856,66.31008581127212,26,0.6923076923076923,20.0,79.19131165655836,0.15
2022-01-14,2329,23.899999618530273,81.4770080341382,76.68837310717414,29,0.6551724137931034,20.0,75.27036810082811,0.15
2022-01-21,2329,23.600000381469727,78.01625168267418,82.6507374117902,29,0.6551724137931034,20.0,75.7227322715429,0.15
2022-01-24,2329,23.100000381469727,79.30711653062245,88.12567377076817,29,0.6551724137931034,20.0,77.47872581567188,0.15
2022-01-25,2329,22.700000762939453,76.5225104736138,90.74073428780018,30,0.6666666666666666,20.0,77.64193671403419,0.15
2022-01-26,2329,22.700000762939453,77.24589929612414,87.66116519605505,30,0.6666666666666666,20.0,77.08906108785101,0.15
2022-02-24,2329,22.350000381469727,68.86200350302592,86.36842590027076,30,0.6666666666666666,20.0,74.25070752597546,0.15
2022-03-07,2329,22.200000762939453,70.8195548292791,84.9641755099198,30,0.6666666666666666,20.0,74.48691032626368,0.15
2022-03-09,2329,21.299999237060547,71.96613428216438,75.19219808014967,30,0.6666666666666666,20.0,72.38788980468672,0.15
2021-08-13,2337,38.20000076293945,99.14796593449856,87.35053454681872,26,0.6538461538461539,20.0,83.19740803243886,0.15
2021-08-16,2337,37.95000076293945,98.76972263451954,87.84483782685633,26,0.6538461538461539,20.0,83.20751086245455,0.15
2021-08-17,2337,37.95000076293945,97.78869967670263,86.00455342368109,26,0.6538461538461539,20.0,82.45313287431567,0.15
2021-08-19,2337,38.20000076293945,96.3297586892293,70.50240579885737,26,0.6538461538461539,20.0,78.13991367186775,0.15
2021-08-20,2337,37.75,95.86429109700451,80.75294017393,26,0.6538461538461539,20.0,80.56290698796846,0.15
2021-09-15,2337,38.0,78.54336438279043,65.84295832780344,26,0.6538461538461539,20.0,71.6391335121726,0.15
2022-04-12,2337,38.75,69.47279461850238,80.11659641211338,32,0.65625,20.0,72.55848748857906,0.12
2022-04-14,2337,38.79999923706055,70.3959360076145,70.3028725697502,32,0.65625,20.0,70.3819989447219,0.12
2022-04-15,2337,38.20000076293945,70.1292190452289,84.91752664930317,32,0.65625,20.0,73.95564737589446,0.12
2022-04-18,2337,38.400001525878906,70.76183920413445,73.64225580625344,32,0.65625,20.0,71.32661571280369,0.12
2022-04-25,2337,38.150001525878906,71.16462815354656,80.4950667723393,32,0.65625,20.0,73.16065513914879,0.12
2022-04-26,2337,38.0,70.71351834659512,80.90835723573599,32,0.65625,20.0,73.12864481291254,0.12
2022-04-28,2337,37.75,73.21289455229315,81.29932889801225,32,0.65625,20.0,73.97620059019101,0.12
2022-05-09,2337,37.599998474121094,67.18047636268764,77.04085578727891,32,0.65625,20.0,71.10185685562602,0.12
2021-08-13,2338,75.30000305175781,98.20698717447215,71.18263906275843,24,0.6666666666666666,20.0,79.25775591803125,0.2
2021-08-16,2338,75.0999984741211,98.53715617947051,86.65645425319651,24,0.6666666666666666,20.0,83.22526041714028,0.2
2021-08-17,2338,75.0999984741211,99.78601385847601,83.50646695639011,24,0.6666666666666666,20.0,82.81242089664033,0.2
2021-08-18,2338,76.19999694824219,96.92923816027073,69.98932638660644,24,0.6666666666666666,20.0,78.57610304473282,0.2
2021-08-19,2338,73.0,96.17111275301777,83.25726852944914,24,0.6666666666666666,20.0,81.6656509582676,0.2
2021-08-20,2338,74.69999694824219,95.32710235948437,69.06077880281119,24,0.6666666666666666,20.0,77.8633254085481,0.2
2021-10-01,2338,74.5,91.44930034152902,77.35906750753449,24,0.6666666666666666,20.0,78.77455697934232,0.2
2021-10-04,2338,71.5999984741211,90.95895279658401,87.99330058676065,24,0.6666666666666666,20.0,81.28601098566537,0.2
2021-10-06,2338,72.69999694824219,94.26173370932904,77.1283040658691,24,0.6666666666666666,20.0,79.56059612926599,0.2
2022-03-07,2338,89.9000015258789,94.17445229423312,87.72956620053738,28,0.7142857142857143,20.0,83.61329866697571,0.2
2022-03-08,2338,84.5,90.81632653061224,91.93362333400158,28,0.7142857142857143,20.0,83.65687522125549,0.2
2022-04-15,2338,85.0999984741211,89.24678519167838,81.71390123500662,28,0.7142857142857143,20.0,80.6310822948266,0.2
2022-04-18,2338,81.80000305175781,89.11854333069039,91.11681836517874,28,0.7142857142857143,20.0,82.94333901907324,0.2
2022-04-19,2338,81.19999694824219,90.21899190755555,91.64965535496515,28,0.7142857142857143,20.0,83.40668283957937,0.2
2022-06-30,2338,72.9000015258789,84.64381786587504,88.6660992956191,32,0.6875,20.0,80.1846701836673,0.2
2022-07-01,2338,67.0,82.06687395857632,93.58071784680493,32,0.6875,20.0,80.64024164927413,0.2
2022-07-04,2338,65.9000015258789,82.71195308405125,94.2465826162115,32,0.6875,20.0,81.00023157926825,0.2
2023-03-14,2338,82.0999984741211,68.50663793878613,76.1711458930046,40,0.725,20.0,73.34477785488698,0.2
2023-04-21,2338,82.30000305175781,84.19606410757228,84.94263016604097,40,0.725,20.0,80.24447677378193,0.2
2023-04-24,2338,82.5,79.0424765568671,75.19875395153318,40,0.725,20.0,76.26243145494342,0.2
2023-04-25,2338,78.4000015258789,83.12487430445326,94.04286420687401,40,0.725,20.0,82.19817834305448,0.2
2023-04-26,2338,79.4000015258789,80.41498303230534,78.00345724378712,40,0.725,20.0,77.37535922063839,0.2
2023-04-27,2338,79.5,80.50889634496139,73.09112621100162,40,0.725,20.0,76.17545045623882,0.2
2023-05-09,2338,79.19999694824219,74.78091051559863,66.28799592907744,41,0.7317073170731707,20.0,72.95749164914407,0.2
2023-05-10,2338,79.0999984741211,72.17240187501501,67.16373854000243,41,0.7317073170731707,20.0,72.39387470970023,0.2
2023-05-11,2338,77.30000305175781,74.62856861821929,83.16660522648876,41,0.7317073170731707,20.0,77.1314414042831,0.2
2023-05-12,2338,76.9000015258789,72.38763884395588,84.17098272224163,41,0.7317073170731707,20.0,76.7102568459423,0.2
2023-07-26,2338,73.0,74.18020275063826,90.87507897226358,45,0.6888888888888889,20.0,77.63949723492404,0.2
2023-07-27,2338,74.0,71.78610382536245,69.63689081718437,45,0.6888888888888889,20.0,71.61172051857149,0.2
2023-08-02,2338,71.80000305175781,83.43315533431661,86.93071730686574,46,0.6739130434782609,20.0,78.98001723135924,0.15
2023-08-04,2338,72.5,83.06772711346656,70.41281203843637,46,0.6739130434782609,20.0,74.74091244799689,0.15
2023-08-07,2338,72.30000305175781,81.36484443927152,71.95437093739596,46,0.6739130434782609,20.0,74.61543737047828,0.15
2023-08-08,2338,71.4000015258789,83.6024799162546,82.50581306769081,46,0.6739130434782609,20.0,77.92458854614691,0.15
2023-08-09,2338,71.30000305175781,81.4311001353611,81.10645518036672,46,0.6739130434782609,20.0,76.92333514004784,0.15
2023-08-10,2338,69.9000015258789,81.61132323798185,85.29124357618069,46,0.6739130434782609,20.0,78.02359916978756,0.15
2023-08-11,2338,69.5,77.11935223024564,85.37145929761034,46,0.6739130434782609,20.0,76.6960617978241,0.15
2023-08-14,2338,67.5,76.14558789765906,91.42769002315009,46,0.6739130434782609,20.0,77.91799017943306,0.15
2023-08-15,2338,68.80000305175781,75.60450571412949,67.54093948432866,46,0.6739130434782609,20.0,71.78397788966885,0.15
2023-08-16,2338,67.80000305175781,74.87555867146857,80.39419221989215,46,0.6739130434782609,20.0,74.77860696076144,0.15
2023-08-18,2338,68.0999984741211,73.89366251624973,70.17361160595242,46,0.6739130434782609,20.0,71.92889296071085,0.15
2023-11-10,2338,66.19999694824219,81.2847288113716,67.50380533383196,49,0.6530612244897959,20.0,72.85320671156335,0.15
2022-02-22,2340,54.79999923706055,97.37938601050072,86.50038494540563,26,0.6538461538461539,20.0,82.45429665488624,0.15
2022-02-24,2340,52.599998474121094,94.71928686407556,87.65928180724543,26,0.6538461538461539,20.0,81.94599112641863,0.15
2022-02-25,2340,52.29999923706055,95.96488680996855,88.06670590725307,26,0.6538461538461539,20.0,82.42152713518844,0.15
2022-03-01,2340,53.400001525878906,95.3617810053639,71.17135046562831,26,0.6538461538461539,20.0,78.01675653340087,0.15
2022-03-04,2340,52.400001525878906,95.77214269456125,79.00028649650352,26,0.6538461538461539,20.0,80.09709904787887,0.15
2022-03-07,2340,50.400001525878906,94.16909575597101,88.50230804943989,26,0.6538461538461539,20.0,81.99169035453589,0.15
2022-03-08,2340,49.099998474121094,85.09581808928931,91.26021416487814,26,0.6538461538461539,20.0,79.95918358339094,0.15
2022-03-09,2340,49.599998474121094,85.75598038306177,81.40424066852549,26,0.6538461538461539,20.0,77.69323889743451,0.15
2022-03-10,2340,50.5,86.5296365265207,66.37204967095013,26,0.6538461538461539,20.0,74.16728799107835,0.15
2022-03-11,2340,49.599998474121094,84.91658252347196,76.6087498902567,26,0.6538461538461539,20.0,76.24254684499037,0.15
2022-03-14,2340,50.0,87.09659589305134,68.48915987322853,26,0.6538461538461539,20.0,74.86665335160716,0.15
2022-03-15,2340,47.79999923706055,85.22621506121212,87.16413237843821,26,0.6538461538461539,20.0,78.97428222835781,0.15
2022-03-16,2340,48.349998474121094,85.18611971798525,77.3514023932004,26,0.6538461538461539,20.0,76.50907112908028,0.15
2020-03-23,2342,17.149999618530273,93.6488617059567,84.52993110352138,15,0.6666666666666666,20.0,81.22714128766735,0.15
2020-08-20,2342,27.799999237060547,95.51494850088531,79.97323523097413,18,0.7222222222222222,20.0,82.31446002467578,0.15
2020-08-31,2342,28.0,96.09772694735355,65.95633848834129,18,0.7222222222222222,20.0,78.98506937295805,0.15
2020-09-01,2342,27.799999237060547,92.61083442991364,72.12268764269223,18,0.7222222222222222,20.0,79.48058890631381,0.15
2020-09-25,2342,27.600000381469727,95.85375216892632,84.75976994595243,18,0.7222222222222222,20.0,83.61273480383267,0.15
2020-09-29,2342,27.950000762939453,93.04856067255328,66.30898528434223,18,0.7222222222222222,20.0,78.1584811895182,0.15
2020-09-30,2342,27.850000381469727,92.86718968418656,69.17012790139317,18,0.7222222222222222,20.0,78.81935554727093,0.15
2020-10-05,2342,27.75,92.13075044225208,74.82532365182492,18,0.7222222222222222,20.0,80.01222271229852,0.15
2020-10-16,2342,27.700000762939453,89.24288946767115,68.86841746443102,18,0.7222222222222222,20.0,77.65663787307577,0.15
2020-10-19,2342,27.700000762939453,83.68970124601479,66.7171443331576,19,0.6842105263157895,20.0,74.31251224656752,0.15
2021-05-05,2342,34.20000076293945,95.63355077005667,71.9780980268973,24,0.7083333333333334,20.0,79.93458973774133,0.2
2021-05-06,2342,34.04999923706055,96.89440603997032,75.8389079704691,24,0.7083333333333334,20.0,81.27804880460837,0.2
2021-05-11,2342,32.04999923706055,94.90339009584052,90.1295884811997,25,0.72,20.0,84.60341414905207,0.2
2021-05-12,2342,28.899999618530273,92.51980096458787,94.79215268691081,25,0.72,20.0,85.05397846110407,0.2
2021-05-13,2342,29.700000762939453,93.32172228589957,80.72219446959772,25,0.72,20.0,81.7770653031693,0.2
2021-05-14,2342,29.200000762939453,93.05957439635681,86.00015853736596,25,0.72,20.0,83.01791195324853,0.2
2021-05-17,2342,26.299999237060547,89.83516497624089,96.19407581277909,25,0.72,20.0,84.59906844606704,0.2
2021-10-13,2342,40.099998474121094,93.83659651177905,76.14330671740373,27,0.7407407407407407,20.0,81.40902785510687,0.2
2021-10-14,2342,39.45000076293945,90.31560285512685,85.17330478059769,27,0.7407407407407407,20.0,82.61022927390971,0.2
2022-01-21,2342,44.0,95.85127287955932,66.10525952675879,28,0.75,20.0,79.7816967455575,0.2
2022-01-25,2342,42.0,91.770902680678,88.9819713570735,28,0.75,20.0,84.27676364347178,0.2
2022-01-26,2342,42.0,96.9150471328714,85.99051603261697,28,0.75,20.0,85.07214314801566,0.2
2022-03-07,2342,42.099998474121094,85.70736408292055,80.29116280909632,28,0.75,20.0,80.28499992715024,0.2
2022-03-08,2342,41.849998474121094,88.65391542178833,85.4897787643912,28,0.75,20.0,82.4686193176343,0.2
2022-07-01,2342,34.70000076293945,90.78540473614474,90.56280218244565,35,0.6857142857142857,20.0,82.44775053788341,0.15
2022-07-04,2342,33.70000076293945,90.94742194074324,92.03403367902125,35,0.6857142857142857,20.0,82.86416357340686,0.15
2022-07-05,2342,34.0,91.01722239114463,85.3807811383026,35,0.6857142857142857,20.0,81.2217905733476,0.15
2022-07-06,2342,32.5,91.28919883783323,93.14004756741475,36,0.6944444444444444,20.0,83.50510487653699,0.15
2022-10-11,2342,32.54999923706055,95.62379404281413,85.27407969818904,38,0.7105263157894737,20.0,83.3214476110757,0.15
2022-10-12,2342,32.099998474121094,94.28867844267336,86.04360775685792,38,0.7105263157894737,20.0,83.1132949457007,0.15
2023-05-11,2342,38.5,82.8919462865888,85.87648960178373,41,0.7317073170731707,20.0,80.28792579861769,0.2
2023-05-15,2342,38.45000076293945,81.63415031908258,81.17100971296442,41,0.7317073170731707,20.0,78.734217036161,0.2
2023-05-16,2342,38.75,80.14370425219454,67.05899286168686,41,0.7317073170731707,20.0,74.7590790032752,0.2
2026-07-28,2342,34.70000076293945,99.37092399120661,86.51826492163367,62,0.6612903225806451,20.0,83.27955310518976,0.12
2026-07-29,2342,32.04999923706055,97.68664005153944,89.54086146965983,62,0.6612903225806451,20.0,83.52991706029614,0.12
2026-07-30,2342,29.950000762939453,94.3631841583823,90.9275824239014,62,0.6612903225806451,20.0,82.8795605309094,0.12
2026-07-31,2342,32.150001525878906,94.42551101045143,66.93171328393012,62,0.6612903225806451,20.0,76.89929130153732,0.12
2019-11-07,2344,16.406734466552734,69.22099201498925,86.87647330882373,12,0.6666666666666666,20.0,74.4854159317027,0.15
2019-11-08,2344,16.505868911743164,71.68874087803061,72.12545840993187,12,0.6666666666666666,20.0,71.53798686589215,0.15
2019-11-11,2344,16.059764862060547,70.14563400419615,89.3467010208702,12,0.6666666666666666,20.0,75.3803654564764,0.15
2019-11-12,2344,16.258033752441406,72.66574106150765,68.82452588182582,12,0.6666666666666666,20.0,71.00585378890875,0.15
2019-11-13,2344,16.01019859313965,68.28859636091912,86.73324782132725,12,0.6666666666666666,20.0,74.16989086360755,0.15
2019-11-14,2344,15.911063194274902,70.07389407678293,86.6405082961269,12,0.6666666666666666,20.0,74.6822952970666,0.15
2020-02-10,2344,15.960631370544434,97.1751434362538,85.73628068950742,15,0.6666666666666666,20.0,82.586613203253,0.15
2020-02-27,2344,15.861495971679688,94.3207958205974,84.40155503368096,15,0.6666666666666666,20.0,81.39662750459945,0.15
2020-03-02,2344,15.663227081298828,93.57945781034726,86.78224390442725,15,0.6666666666666666,20.0,81.76939831921099,0.15
2020-03-09,2344,15.464959144592285,91.80328262807723,85.64440401144445,15,0.6666666666666666,20.0,80.95208579128428,0.15
2020-03-11,2344,15.5145263671875,88.12767679159414,78.54284799509111,15,0.6666666666666666,20.0,78.07401503625101,0.15
2020-03-12,2344,14.077077865600586,84.04641037152635,90.53005952626143,15,0.6666666666666666,20.0,79.84643799302326,0.15
2020-03-13,2344,13.482272148132324,81.96605443867679,92.75706744372222,15,0.6666666666666666,20.0,79.77908319253359,0.15
2020-03-16,2344,12.391794204711914,77.66792028435212,96.12119493070922,15,0.6666666666666666,20.0,79.33067481798294,0.15
2020-08-20,2344,11.697853088378906,82.67673744903827,91.61292223474747,20,0.65,20.0,79.20625179339835,0.15
2020-08-21,2344,11.598718643188477,75.05060453225067,92.36160773269108,20,0.65,20.0,77.10558329284797,0.15
2020-08-24,2344,11.747420310974121,75.83155023597361,76.09551346046104,20,0.65,20.0,73.27334343590734,0.15
2020-03-19,2345,149.0,95.02407704654895,86.42718523511513,12,0.8333333333333334,20.0,87.11401942274347,0.12
2020-03-20,2345,152.0,95.36593160754235,68.80687102710442,12,0.8333333333333334,20.0,82.81149723903881,0.12
2020-03-23,2345,137.0,91.29651860744298,89.8540208499013,12,0.8333333333333334,20.0,86.85246079470822,0.12
2020-09-23,2345,210.0,89.07680109669276,75.47591948786163,14,0.8571428571428571,20.0,83.30630591525895,0.2
2020-09-24,2345,206.5,90.14925810504099,83.47757831638712,14,0.8571428571428571,20.0,85.62845772489479,0.2
2021-03-09,2345,251.0,98.68938401048493,82.22593632047568,19,0.8421052631578947,20.0,87.42645717800123,0.12
2021-03-10,2345,253.5,99.66777408637874,67.57756485081939,19,0.8421052631578947,20.0,84.05788133335531,0.12
2021-08-17,2345,267.5,84.12128194386258,94.11108567997964,22,0.8636363636363636,20.0,86.6732469122446,0.2
2021-09-15,2345,269.5,83.03108275010293,78.14530325739808,22,0.8636363636363636,20.0,82.35474154847131,0.2
2021-09-16,2345,268.0,82.22600164185116,80.76366779035203,22,0.8636363636363636,20.0,82.76780834923426,0.2
2021-09-17,2345,266.0,76.59867100765454,85.58522922902222,22,0.8636363636363636,20.0,82.28499951864282,0.2
2022-02-14,2345,256.0,86.30050706097106,70.90822710779098,28,0.8214285714285714,20.0,80.2600660380962,0.2
2022-02-24,2345,254.5,87.83341980685935,78.50713235827327,28,0.8214285714285714,20.0,82.61966617448326,0.2
2022-02-25,2345,252.0,86.22498562047757,80.29864916348494,28,0.8214285714285714,20.0,82.58501511987164,0.2
2022-03-04,2345,253.5,89.65667786006898,67.83843763724992,28,0.8214285714285714,20.0,80.49946991019031,0.2
2022-07-04,2345,204.0,94.7450369793694,85.86949923151484,34,0.7647058823529411,20.0,84.83206237227776,0.15
2022-10-14,2345,247.5,98.64376130198914,73.33279291213654,37,0.7837837837837838,20.0,83.4398401321444,0.15
2022-10-17,2345,243.5,98.42271293375394,86.67135561259369,37,0.7837837837837838,20.0,86.70816629678812,0.15
2022-10-19,2345,241.5,98.24715162138475,84.73057011156995,37,0.7837837837837838,20.0,86.17030152782142,0.15
2022-10-20,2345,233.0,97.4025974025974,88.53443068019128,37,0.7837837837837838,20.0,86.86790040434055,0.15
2022-10-21,2345,225.0,95.32312925170068,90.6513081575066,37,0.7837837837837838,20.0,86.77327932840036,0.15
2022-10-24,2345,225.5,95.20970832446243,85.47483998236002,37,0.7837837837837838,20.0,85.44513600644224,0.15
2022-10-25,2345,221.0,94.32773109243698,89.03628810232398,37,0.7837837837837838,20.0,86.0709048668256,0.15
2022-10-26,2345,215.5,92.1334172435494,90.38699628876337,37,0.7837837837837838,20.0,85.75028775876918,0.15
2023-12-21,2345,488.5,93.82021267183832,66.73548588916617,41,0.7804878048780488,20.0,80.24456942018449,0.2
2024-01-05,2345,486.5,82.8006508184994,70.8017140373303,41,0.7804878048780488,20.0,77.95525790122386,0.2
2024-03-12,2345,475.5,92.64983038070109,85.25461528603739,42,0.7857142857142857,20.0,84.68003150714824,0.2
2024-03-13,2345,465.0,92.14659685863874,88.30734033615529,43,0.7906976744186046,20.0,85.44174437418857,0.2
2024-03-14,2345,465.5,91.6593503072871,82.83199789826324,43,0.7906976744186046,20.0,83.92673479931008,0.2
2024-03-15,2345,454.0,90.27093596059113,88.54328716683575,43,0.7906976744186046,20.0,84.93803281244442,0.2
2024-03-18,2345,457.5,91.51282368975345,77.49318276952582,43,0.7906976744186046,20.0,82.54807303186563,0.2
2024-03-19,2345,444.0,89.09580985052683,89.11784468900738,43,0.7906976744186046,20.0,84.72913435996804,0.2
2024-03-20,2345,437.5,88.7346242844964,90.95937375227973,43,0.7906976744186046,20.0,85.081160955977,0.2
2024-08-05,2345,446.5,84.82449982449982,87.18180481844509,49,0.7755102040816326,20.0,82.5081072744102,0.15
2024-08-06,2345,453.5,83.89931641756459,78.87948519713731,49,0.7755102040816326,20.0,80.15497234700268,0.15
2025-03-03,2345,656.0,98.23995306541508,72.6297881776111,50,0.78,20.0,83.02943296402731,0.15
2025-03-07,2345,662.0,96.84873949579833,67.21093805827019,50,0.78,20.0,81.25735636330705,0.15
2025-03-10,2345,649.0,95.61468708190873,80.64246768104714,50,0.78,20.0,84.2450230448344,0.15
2025-03-11,2345,634.0,92.39801294595816,84.31019038558615,50,0.78,20.0,84.19695148018398,0.15
2025-03-12,2345,639.0,94.61206896551724,73.19019796984887,50,0.78,20.0,82.08117018211738,0.15
2025-03-14,2345,639.0,93.78548411845941,68.53610882225242,50,0.78,20.0,80.66967244110091,0.15
2025-03-27,2345,634.0,90.6035141329259,73.33470862795606,50,0.78,20.0,80.91473139686678,0.15
2025-03-28,2345,610.0,88.53245390496177,85.07185568203498,50,0.78,20.0,83.22770009199726,0.15
2025-11-19,2345,914.0,98.36214740673338,68.4722375359789,54,0.7592592592592593,20.0,81.40448138379251,0.15
2025-11-21,2345,907.0,97.55533825228909,74.02268815727317,54,0.7592592592592593,20.0,82.5500512927828,0.15
2021-01-20,2348,50.53163528442383,67.7007290894002,76.21952242399469,13,0.7692307692307693,20.0,74.44202240974181,0.2
2021-05-17,2348,53.989383697509766,99.53466692967433,73.853559912506,15,0.8,20.0,84.3237900570288,0.2
2022-01-11,2351,144.5,98.24466648663247,73.16985342836375,19,0.6842105263157895,20.0,80.29217909255436,0.2
2022-01-13,2351,143.0,96.66481378543635,79.94976633555513,19,0.6842105263157895,20.0,81.51320150899336,0.2
2022-01-14,2351,144.0,97.48883928571428,69.60366417717242,19,0.6842105263157895,20.0,79.17388361948107,0.2
2022-02-15,2351,143.5,95.99465954606141,71.07977497556898,19,0.6842105263157895,20.0,79.09465739718435,0.2
2022-02-16,2351,142.0,93.90656736628301,77.73877289198323,19,0.6842105263157895,20.0,80.1329792223544,0.2
2022-02-17,2351,142.5,87.76032151991231,71.58947986417326,19,0.6842105263157895,20.0,76.75178221149069,0.2
2022-02-22,2351,141.0,89.84865263935032,77.53287360918846,19,0.6842105263157895,20.0,78.86412998357589,0.2
2022-06-20,2351,130.5,96.0602946214457,68.3251195139959,25,0.68,20.0,78.2993682649327,0.12
2022-07-05,2351,100.0,85.98130841121495,96.55419426971025,26,0.6923076923076923,20.0,82.70217186002282,0.12
2022-10-21,2351,94.6,90.85819263406526,85.75214950774537,31,0.6774193548387096,20.0,81.01807581231722,0.12
2022-10-24,2351,95.0,91.6329047031883,78.81603148722282,31,0.6774193548387096,20.0,79.51645992792348,0.12
2022-10-25,2351,92.7,87.43218806509945,86.33521938333728,31,0.6774193548387096,20.0,80.13604191052545,0.12
2022-10-26,2351,91.5,86.45475889470832,86.40752942883404,31,0.6774193548387096,20.0,79.86089067078228,0.12
2022-10-27,2351,92.0,88.0338733431517,79.3764776486097,31,0.6774193548387096,20.0,78.57686206025923,0.12
2022-10-28,2351,90.8,88.92833784920116,84.12177259835556,31,0.6774193548387096,20.0,80.03152514951051,0.12
2022-10-31,2351,89.3,88.53615520282187,85.07558034448046,31,0.6774193548387096,20.0,80.15232229212796,0.12
2023-05-11,2351,115.0,95.93884376493072,78.36035312691679,35,0.6857142857142857,20.0,80.94316998263699,0.12
2023-05-19,2351,115.5,91.44597447021539,68.41714454120964,35,0.6857142857142857,20.0,77.1095070477956,0.12
2023-07-20,2351,107.0,89.94708994708995,93.57809537942515,37,0.7027027027027027,20.0,83.45973191006435,0.12
2023-07-21,2351,105.0,89.94708994708995,94.64505524275748,37,0.7027027027027027,20.0,83.72647187589743,0.12
2023-07-24,2351,104.0,93.55742296918767,95.1753589243832,37,0.7027027027027027,20.0,84.94214770293318,0.12
2023-07-25,2351,105.0,93.25084364454443,83.89862050657624,37,0.7027027027027027,20.0,82.03098930108847,0.12
2023-07-26,2351,104.0,90.53356282271945,89.49153394923655,37,0.7027027027027027,20.0,82.61403341520605,0.12
2023-07-27,2351,105.5,91.17814456459874,70.63292449351471,37,0.7027027027027027,20.0,78.09275557383938,0.12
2023-07-28,2351,105.5,82.7073732718894,68.33128433987879,37,0.7027027027027027,20.0,74.9761141476176,0.12
2023-08-02,2351,103.5,82.4270194811152,82.33346977300451,37,0.7027027027027027,20.0,78.39255436866677,0.12
2023-08-04,2351,102.5,83.03356282271945,82.90749034385966,37,0.7027027027027027,20.0,78.71802251386183,0.12
2023-08-07,2351,103.0,81.24861663468664,76.33890219788825,38,0.7105263157894737,20.0,76.77510001356227,0.12
2024-01-17,2351,102.5,69.20419991227826,69.95315685603185,42,0.6904761904761905,20.0,70.96383490197715,0.12
2024-08-05,2351,103.0,97.29891956782713,89.77872225546976,45,0.6666666666666666,20.0,83.63435643421558,0.12
2024-11-07,2351,102.0,88.62948627726954,92.43310824396117,46,0.6739130434782609,20.0,81.91451424851898,0.12
2024-11-08,2351,100.0,86.45877754086709,97.32630063919862,46,0.6739130434782609,20.0,82.4865997264076,0.12
2024-11-11,2351,101.0,84.07509157509158,88.0385638007966,46,0.6739130434782609,20.0,79.44955972707444,0.12
2024-11-12,2351,98.4,82.42112182296232,93.809627519187,46,0.6739130434782609,20.0,80.39613473103327,0.12
2024-11-13,2351,98.4,82.00227573043605,90.87054786063366,46,0.6739130434782609,20.0,79.53571098863706,0.12
2024-11-14,2351,97.0,80.9318766066838,91.57069278707417,46,0.6739130434782609,20.0,79.3896274831215,0.12
2024-11-15,2351,99.1,76.95197044334975,75.2314922375391,46,0.6739130434782609,20.0,74.11085549673753,0.12
2024-11-18,2351,97.1,76.35622905878769,84.44988187128293,46,0.6739130434782609,20.0,76.23673048980487,0.12
2024-11-19,2351,99.2,74.7398014580425,66.83055284690172,46,0.6739130434782609,20.0,71.34696995348601,0.12
2026-07-28,2351,144.5,98.72328988039243,85.12814402635941,62,0.6612903225806451,20.0,82.73773264812692,0.12
2026-07-29,2351,130.5,96.37251022292574,89.73105057868852,62,0.6612903225806451,20.0,83.1832253889692,0.12
2026-07-30,2351,133.5,96.57984740857668,78.48793429978632,62,0.6612903225806451,20.0,80.43464747493894,0.12
2020-02-03,2359,20.0,85.04120715752197,69.58202056694999,13,0.6923076923076923,20.0,75.67709805822486,0.1
2020-02-05,2359,20.0,87.84682544861684,66.60341421769462,13,0.6923076923076923,20.0,75.77413195823948,0.1
2020-02-07,2359,19.75,84.07990340849202,83.01844562428833,13,0.6923076923076923,20.0,78.74781319785046,0.1
2020-02-10,2359,19.299999237060547,84.43870122559404,87.40100617596543,13,0.6923076923076923,20.0,79.95109268090033,0.1
2020-02-11,2359,19.450000762939453,82.59608495428054,72.98094601024643,13,0.6923076923076923,20.0,75.79329275807655,0.1
2022-01-11,2363,33.35664367675781,76.78019443389404,87.80876529860515,24,0.6666666666666666,20.0,76.9862496548195,0.15
2022-01-12,2363,33.42657470703125,68.09943254025924,81.13374794887045,24,0.6666666666666666,20.0,72.71326674929539,0.15
2022-01-21,2363,33.21678161621094,65.8311021033259,77.76304014912232,24,0.6666666666666666,20.0,71.19009066827834,0.15
2022-01-24,2363,32.44755172729492,66.62825438980921,85.72750502131868,24,0.6666666666666666,20.0,73.42035257227244,0.15
2022-02-25,2363,30.979019165039062,65.86866833652954,73.84482610995647,24,0.6666666666666666,20.0,70.22180702844798,0.15
2023-01-17,2364,42.55621337890625,96.27299469779743,76.70836958952194,50,0.66,20.0,79.85899080671972,0.15
2023-01-31,2364,43.17159652709961,98.43214439225125,71.2042605580714,50,0.66,20.0,79.13070845719322,0.15
2024-01-04,2364,62.13017654418945,99.4500786747909,90.08554541870895,57,0.6666666666666666,20.0,84.35640995711451,0.15
2024-01-09,2364,63.01774978637695,90.07936123011696,75.6233162584206,57,0.6666666666666666,20.0,77.92963743364024,0.15
2024-01-10,2364,60.946746826171875,83.70319114241153,86.35755370414107,57,0.6666666666666666,20.0,78.70034576875872,0.15
2024-01-11,2364,62.13017654418945,86.35235687778258,70.7743610067339,57,0.6666666666666666,20.0,75.59929731501825,0.15
2024-01-12,2364,60.05916976928711,87.67222486264201,86.38986137177909,57,0.6666666666666666,20.0,79.89913280173738,0.15
2024-01-15,2364,58.63905334472656,81.55206314682542,88.0775874736391,57,0.6666666666666666,20.0,78.48501581245739,0.15
2024-01-16,2364,55.91716003417969,82.67808283393123,90.98799380785877,57,0.6666666666666666,20.0,79.55042330214405,0.15
2024-01-17,2364,54.85206985473633,79.67672592056599,92.0298365949558,57,0.6666666666666666,20.0,78.91047692490874,0.15
2024-01-18,2364,54.02366638183594,79.84736155808366,92.83350554585797,57,0.6666666666666666,20.0,79.16258485388958,0.15
2019-12-10,2367,32.096744537353516,75.03670741295441,76.55618968527462,12,0.75,20.0,76.15005964520498,0.1
2019-12-11,2367,31.800466537475586,73.29932386150156,81.65158833725125,12,0.75,20.0,76.90269424276329,0.1
2020-01-30,2367,29.52900505065918,70.64805422039402,89.38609799434289,12,0.75,20.0,78.04094076470392,0.1
2020-01-31,2367,29.479625701904297,74.99704313990284,89.547204291762,12,0.75,20.0,79.38591401491135,0.1
2020-02-03,2367,28.492033004760742,85.23576604285037,92.57381500860147,12,0.75,20.0,83.21418356500547,0.1
2020-02-05,2367,28.887069702148438,86.70455867468635,75.11984186009444,12,0.75,20.0,79.29132806742952,0.1
2021-05-04,2368,54.0,94.37664561205554,88.46878601539828,15,0.8,20.0,86.43019018746622,0.2
2021-05-05,2368,54.94444274902344,96.81068464463257,70.44540289236207,15,0.8,20.0,82.65455611648028,0.2
2021-05-06,2368,54.0,95.21416752712332,86.42679915363789,15,0.8,20.0,86.17095004654647,0.2
2021-05-11,2368,51.666664123535156,93.62041104881716,87.69164958594624,15,0.8,20.0,86.0090357111317,0.2
2021-05-12,2368,46.5,89.4910915039631,92.94732616814026,15,0.8,20.0,86.084158993224,0.2
2021-05-13,2368,48.72222137451172,91.16939926487083,66.17852097056148,15,0.8,20.0,79.89545002210161,0.2
2022-06-30,2368,84.55555725097656,93.46690182678947,75.594191951765,21,0.8571428571428571,20.0,84.6529042502638,0.2
2022-07-01,2368,76.11111450195312,90.62890545684373,88.01139473190368,21,0.8571428571428571,20.0,86.90580603431475,0.2
2022-07-04,2368,75.33333587646484,91.59353043042113,88.48684356030833,21,0.8571428571428571,20.0,87.31405573348913,0.2
2022-07-05,2368,74.11111450195312,90.72903857245282,89.01411055793861,21,0.8571428571428571,20.0,87.1865249255062,0.2
2022-07-06,2368,75.33333587646484,93.1256724801442,74.49955836666912,21,0.8571428571428571,20.0,84.27687704999624,0.2
2022-10-21,2368,79.9000015258789,92.98028452160627,82.93890910682617,25,0.84,20.0,85.82881263318842,0.2
2022-10-24,2368,80.0,93.49122388726806,77.61159612948512,25,0.84,20.0,84.6502661985517,0.2
2022-10-25,2368,78.4000015258789,92.58799305351869,84.38734906543755,25,0.84,20.0,86.07323518241499,0.2
2022-10-26,2368,76.9000015258789,91.88451404600004,86.12630494955322,25,0.84,20.0,86.29693045118832,0.2
2023-02-10,2368,85.0999984741211,75.79780599230405,79.35364300162557,27,0.8518518518518519,20.0,80.13330810365316,0.2
2024-04-16,2368,201.5,98.89543446244477,83.83882136639573,30,0.8666666666666667,20.0,88.62833568033236,0.2
2024-04-17,2368,201.5,99.72061836468616,85.72450369301765,30,0.8666666666666667,20.0,89.34731143266026,0.2
2024-04-18,2368,205.0,99.81252343457068,69.51338257970927,30,0.8666666666666667,20.0,85.32210267529852,0.2
2024-04-19,2368,196.0,97.79086892488954,90.76948374397975,30,0.8666666666666667,20.0,90.02963161346179,0.2
2024-04-22,2368,182.0,93.83611312545322,94.3417841424515,30,0.8666666666666667,20.0,89.73627997324884,0.2
2024-04-23,2368,188.0,95.250044810898,75.57703648568251,30,0.8666666666666667,20.0,85.46927256469003,0.2
2024-04-25,2368,187.0,97.60425909494232,72.12802448130441,30,0.8666666666666667,20.0,85.3132838488088,0.2
2024-08-05,2368,187.0,97.73431910326735,83.60890196989557,34,0.8235294117647058,20.0,86.92840357639527,0.2
2024-08-06,2368,188.5,97.6110845676063,71.33915230156595,34,0.8235294117647058,20.0,83.82399579861455,0.2
2024-10-04,2368,187.5,88.98567256048966,82.11387836039107,37,0.8378378378378378,20.0,84.35930649337979,0.2
2024-10-08,2368,190.0,89.24947312802249,65.89618474348465,37,0.8378378378378378,20.0,80.38402325941306,0.2
2024-10-09,2368,185.0,90.25789318198878,85.24121755095419,37,0.8378378378378378,20.0,85.52280747747031,0.2
2024-10-11,2368,187.0,89.29710901251752,71.01901999885507,37,0.8378378378378378,20.0,81.67902283860417,0.2
2025-03-31,2368,201.0,93.67088607594937,85.49952059644785,42,0.8095238095238095,20.0,85.76186025761106,0.2
2025-04-01,2368,199.0,90.88988645365725,86.40750726899928,42,0.8095238095238095,20.0,85.15455703906127,0.2
2025-04-02,2368,195.0,89.38401048492791,88.18127961249871,42,0.8095238095238095,20.0,85.14623733431733,0.2
2025-04-07,2368,175.5,82.58455325593134,94.7212398577583,42,0.8095238095238095,20.0,84.74139022693326,0.2
2026-07-17,2368,927.0,92.60399086667329,91.34854528919861,43,0.813953488372093,20.0,87.03693823346443,0.2
2026-07-20,2368,927.0,91.9132742476591,88.24668343195556,43,0.813953488372093,20.0,86.0542577834494,0.2
2026-07-22,2368,940.0,88.54495468893188,75.30408221997727,43,0.813953488372093,20.0,81.80811161283667,0.2
2026-07-23,2368,941.0,87.67940737692268,71.64526556583225,43,0.813953488372093,20.0,80.63374325569765,0.2
2026-07-24,2368,901.0,87.46732277410426,84.24732096963227,43,0.813953488372093,20.0,83.72063172580212,0.2
2026-07-27,2368,895.0,87.97890491701567,83.33724293857308,43,0.813953488372093,20.0,83.64658686091076,0.2
2022-01-14,2369,24.799999237060547,83.48560033920079,70.4618824397966,12,0.8333333333333334,20.0,79.66115071170938,0.2
2022-01-21,2369,24.649999618530273,81.55777303854316,71.85384625014956,12,0.8333333333333334,20.0,79.43079347410034,0.2
2022-01-24,2369,24.200000762939453,83.88877921695868,82.49734197153151,12,0.8333333333333334,20.0,82.79096925797049,0.2
2022-01-25,2369,23.399999618530273,82.00725538886384,89.83351091477114,12,0.8333333333333334,20.0,84.06055434535193,0.2
2022-01-26,2369,23.299999237060547,79.3395937613786,88.08529122121546,12,0.8333333333333334,20.0,82.82320093371744,0.2
2022-02-24,2369,23.350000381469727,72.22058435664299,81.08551518908754,12,0.8333333333333334,20.0,78.93755410426478,0.15
2022-02-25,2369,23.5,74.35597474307727,66.9776217202794,12,0.8333333333333334,20.0,76.05119785299303,0.15
2022-03-07,2369,22.5,66.86886516695496,88.46580513731818,12,0.8333333333333334,20.0,79.17711083441604,0.15
2022-03-08,2369,21.5,70.83309685171568,92.45971492707673,12,0.8333333333333334,20.0,81.36485778728388,0.15
2022-03-09,2369,22.200000762939453,73.89032817506012,65.12772720070858,12,0.8333333333333334,20.0,75.44903025269518,0.15
2025-03-28,2374,47.865848541259766,90.44011616976098,86.01462284563789,30,0.6666666666666666,20.0,80.63569056233777,0.15
2025-03-31,2374,44.74028015136719,88.10970442885431,93.51582370645184,30,0.6666666666666666,20.0,81.81186725526925,0.15
2025-04-01,2374,45.81190490722656,82.60548188842559,73.44307787031768,30,0.6666666666666666,20.0,75.14241403410709,0.15
2025-04-02,2374,45.99050521850586,86.50246398297185,67.15379159617412,30,0.6666666666666666,20.0,74.73918709393509,0.15
2025-04-07,2374,41.391456604003906,81.50219112191762,95.25138697774533,30,0.6666666666666666,20.0,80.26350408101162,0.15
2025-04-10,2374,36.92635726928711,81.46605500091351,66.85037293930833,30,0.6666666666666666,20.0,73.15240973510113,0.15
2025-12-18,2374,76.5,86.57732310781566,67.72537731931396,34,0.6764705882352942,20.0,75.19865890923201,0.15
2025-12-19,2374,76.0,83.3717714667342,77.5594450059756,34,0.6764705882352942,20.0,76.69551033857299,0.15
2025-12-24,2374,75.80000305175781,78.21015300982042,76.70183566335139,34,0.6764705882352942,20.0,74.9326224658428,0.15
2025-12-26,2374,75.80000305175781,77.39954132284537,74.06518540095065,34,0.6764705882352942,20.0,74.03027639415009,0.15
2026-03-03,2374,75.4000015258789,98.83868159386785,75.52917931415456,36,0.6944444444444444,20.0,81.36723264003233,0.15
2026-03-04,2374,70.0,92.44290670236072,88.13128587748264,36,0.6944444444444444,20.0,82.59902681341221,0.15
2026-03-09,2374,68.19999694824219,93.17032410350538,86.89092892097244,36,0.6944444444444444,20.0,82.50716279462806,0.15
2026-07-17,2374,67.69999694824219,95.29042040692764,86.88830442627501,42,0.6904761904761905,20.0,83.02348794293276,0.15
2026-07-20,2374,65.19999694824219,93.0250555762315,89.62381940960853,42,0.6904761904761905,20.0,83.0277572395573,0.15
2026-07-21,2374,67.19999694824219,97.47742739306585,65.9696570231275,42,0.6904761904761905,20.0,78.44992818798735,0.15
2026-07-28,2374,63.900001525878906,90.20137686724281,86.78240192802379,42,0.6904761904761905,20.0,81.4702992564645,0.15
2026-07-29,2374,62.599998474121094,86.59850504112995,88.2810097235736,42,0.6904761904761905,20.0,80.7640896575181,0.15
2026-07-30,2374,59.599998474121094,85.49742185270036,92.86425722604862,42,0.6904761904761905,20.0,81.57957657660798,0.15
2021-09-22,2379,488.5,91.36241168722309,89.06523300088945,12,0.8333333333333334,20.0,86.67503175638929,0.15
2021-09-29,2379,486.0,95.84717607973423,83.52206778761477,12,0.8333333333333334,20.0,86.63466977082396,0.15
2021-10-01,2379,476.5,94.62986488047119,84.88693812990734,12,0.8333333333333334,20.0,86.6106939966182,0.15
2021-10-04,2379,465.0,93.30002271178742,88.9220945587071,12,0.8333333333333334,20.0,87.220530453213,0.15
2021-10-05,2379,469.0,94.73443223443223,78.45559830512343,12,0.8333333333333334,20.0,85.03422924661052,0.15
2021-10-06,2379,474.5,94.79583666933547,65.28804414071702,12,0.8333333333333334,20.0,81.7607620359799,0.15
2021-10-12,2379,464.0,91.86813186813187,80.63118808812762,12,0.8333333333333334,20.0,84.71823658247146,0.15
2021-10-13,2379,448.5,89.53248725458293,87.88844782506129,12,0.8333333333333334,20.0,85.8318581326402,0.15
2022-02-09,2379,511.0,74.73035008979083,69.21954273509839,15,0.8,20.0,75.72399071071185,0.15
2022-02-10,2379,510.0,74.47807614600778,74.47965444800134,15,0.8,20.0,76.96333645580268,0.15
2022-02-11,2379,504.0,73.46942298286447,88.19023019584859,15,0.8,20.0,80.08838444382148,0.15
2022-02-14,2379,487.5,71.41962294475591,94.33107968334943,15,0.8,20.0,81.00865680426413,0.15
2022-02-15,2379,490.0,69.47055903452843,86.02183428014614,15,0.8,20.0,78.34662628039507,0.15
2022-02-17,2379,489.0,66.76914887500679,81.14560290456028,15,0.8,20.0,76.3171453886421,0.15
2022-02-25,2379,456.0,65.19503779142491,90.19288957922731,15,0.8,20.0,78.1067337322343,0.15
2022-06-23,2379,381.0,89.15220293724967,87.8907196801856,17,0.7058823529411765,20.0,81.89481138945659,0.15
2022-06-24,2379,375.0,90.5273937532002,89.95253083067169,17,0.7058823529411765,20.0,82.82282142186327,0.15
2022-06-28,2379,376.5,90.9297052154195,80.01285544936599,17,0.7058823529411765,20.0,80.45859601520264,0.15
2022-06-29,2379,374.5,90.9297052154195,83.60650599823589,17,0.7058823529411765,20.0,81.35700865242012,0.15
2022-06-30,2379,363.0,91.2137975919297,87.60070681890775,17,0.7058823529411765,20.0,82.44078657054114,0.15
2022-07-01,2379,347.0,89.54703832752614,92.56954869908247,17,0.7058823529411765,20.0,83.18296926126375,0.15
2020-03-13,2383,109.0,93.58974358974359,87.00971541645752,12,0.8333333333333334,20.0,86.82935193103746,0.12
2020-03-16,2383,104.5,92.36298292902066,89.54599269541376,12,0.8333333333333334,20.0,87.09539305255964,0.12
2020-03-17,2383,101.0,90.74074074074073,91.33417076527024,12,0.8333333333333334,20.0,87.05576491353978,0.12
2020-03-18,2383,100.0,90.74074074074073,91.83360098832333,12,0.8333333333333334,20.0,87.18062246930305,0.12
2020-03-19,2383,90.0,85.88284871470712,96.09802668285784,12,0.8333333333333334,20.0,86.7893612851266,0.12
2020-03-23,2383,92.5999984741211,87.33423280580126,77.60001565716695,12,0.8333333333333334,20.0,82.60027375603212,0.12
2020-09-09,2383,155.5,97.53694581280789,78.16061708714122,14,0.7857142857142857,20.0,84.37266658705624,0.12
2020-09-10,2383,154.0,97.84853700516351,87.2641309282667,14,0.7857142857142857,20.0,86.7420224050443,0.12
2020-09-11,2383,149.5,96.41803624104509,90.14679831091429,14,0.7857142857142857,20.0,87.03353902147066,0.12
2020-09-24,2383,150.0,84.29824503014785,74.81341510988885,14,0.7857142857142857,20.0,79.56425585794514,0.12
2020-09-25,2383,144.5,86.94943971553455,88.64607705071089,14,0.7857142857142857,20.0,83.81777974876665,0.12
2020-09-28,2383,143.0,86.02896445814866,89.32783205737734,14,0.7857142857142857,20.0,83.7120759232175,0.12
2020-09-29,2383,143.0,86.31738099322011,86.9674504191012,14,0.7857142857142857,20.0,83.2085054741699,0.12
2021-05-12,2383,150.0,83.82131070249882,89.62999095694641,19,0.7368421052631579,20.0,81.659154107881,0.12
2021-05-13,2383,151.5,83.3388704318937,78.9054617086415,19,0.7368421052631579,20.0,78.83328971462322,0.12
2021-10-06,2383,203.0,97.07075259125733,83.30293786311245,21,0.7619047619047619,20.0,84.80410310029816,0.12
2021-10-13,2383,200.0,91.31121642969984,79.5996638252491,21,0.7619047619047619,20.0,82.15042374236508,0.12
2022-03-07,2383,262.0,85.96209493611785,80.87266033250047,23,0.782608695652174,20.0,81.48505443352569,0.12
2022-03-08,2383,254.0,88.03307108862832,86.32897235242807,23,0.782608695652174,20.0,83.47042528426073,0.12
2022-03-09,2383,254.0,89.294411237982,85.49563901909472,23,0.782608695652174,20.0,83.6404939957335,0.12
2022-03-11,2383,253.0,87.2363531865091,84.12640528351773,23,0.782608695652174,20.0,82.68076814639738,0.12
2022-03-14,2383,252.5,86.06080523649439,82.15025330216653,23,0.782608695652174,20.0,81.83406576605516,0.12
2022-03-15,2383,249.0,83.79967234429834,84.49496265193368,23,0.782608695652174,20.0,81.74190323583814,0.12
2022-03-16,2383,244.5,85.89130903596367,87.4386350726131,23,0.782608695652174,20.0,83.1053123485076,0.12
2022-04-11,2383,240.0,80.1003440614908,87.98734326117915,23,0.782608695652174,20.0,81.50519990330724,0.12
2022-04-12,2383,237.0,81.8912825079834,89.3444029136202,23,0.782608695652174,20.0,82.38174635036529,0.12
2022-04-13,2383,238.5,80.41289930187196,81.4872597286011,23,0.782608695652174,20.0,79.97394559227708,0.12
2022-04-14,2383,240.5,76.95478804714968,65.83550124242001,23,0.782608695652174,20.0,75.02357259431513,0.12
2022-10-07,2383,155.0,99.30986887508627,77.48882628434656,32,0.65625,20.0,80.85266723361252,0.12
2024-04-16,2383,374.5,99.26717820501767,69.9588525170416,44,0.6818181818181818,20.0,79.72441204531115,0.12
2024-04-17,2383,372.5,98.78493317132443,85.56653215480488,44,0.6818181818181818,20.0,83.481658444644,0.12
2024-04-19,2383,375.5,99.47862356621481,72.20571727880406,44,0.6818181818181818,20.0,80.34956184411091,0.12
2024-04-22,2383,350.5,97.07849944957236,88.05376720386109,44,0.6818181818181818,20.0,83.59153709038243,0.12
2024-07-29,2383,411.0,99.87312864755138,77.09906478407828,47,0.7021276595744681,20.0,82.30053457751902,0.12
2024-08-05,2383,388.0,95.5689471818504,84.92724486368363,47,0.7021276595744681,20.0,82.96632515771007,0.12
2025-03-31,2383,545.0,93.88553482865936,85.56758969923513,51,0.7254901960784313,20.0,83.32226375575954,0.12
2025-04-01,2383,545.0,93.29102617366541,84.7342563659018,51,0.7254901960784313,20.0,82.93557782592801,0.12
2025-04-02,2383,527.0,92.47104247104247,88.63564382764355,51,0.7254901960784313,20.0,83.66492958057657,0.12
2025-04-07,2383,474.5,85.52815262912983,95.0842843850707,51,0.7254901960784313,20.0,83.19422276735956,0.12
2025-04-08,2383,452.0,84.68732807628828,97.08229269121881,51,0.7254901960784313,20.0,83.44147747804412,0.12
2021-04-22,2387,62.70000076293945,74.97228192590451,78.64516189074709,12,0.8333333333333334,20.0,79.15297505045812,0.12
2021-05-03,2387,60.900001525878906,70.55769933156826,86.7896164711163,12,0.8333333333333334,20.0,79.86471391724956,0.12
2021-05-04,2387,58.20000076293945,72.24143461840626,92.20458327410364,12,0.8333333333333334,20.0,81.72357620404779,0.12
2021-05-11,2387,58.099998474121094,80.73856183870382,85.83962022294082,12,0.8333333333333334,20.0,82.68147360734635,0.12
2021-05-12,2387,54.400001525878906,86.28667035259951,90.93999625926568,12,0.8333333333333334,20.0,85.62100017059628,0.12
2021-05-13,2387,53.400001525878906,85.8088952447117,92.09843130346549,12,0.8333333333333334,20.0,85.76727639927988,0.12
2021-05-14,2387,52.099998474121094,84.46196829948354,93.53999173132055,12,0.8333333333333334,20.0,85.7235884226752,0.12
2021-05-17,2387,47.54999923706055,81.1742883422339,97.62340892006091,12,0.8333333333333334,20.0,85.7581387326854,0.12
2021-08-12,2387,50.599998474121094,98.19167960758985,68.4897857305179,15,0.6666666666666666,20.0,78.57995031490643,0.12
2021-08-13,2387,50.599998474121094,97.60765350625996,65.480459747614,15,0.6666666666666666,20.0,77.65241098878148,0.12
2021-08-16,2387,48.45000076293945,90.84548510961432,88.56907739162614,15,0.6666666666666666,20.0,81.39591488079083,0.12
2021-08-17,2387,48.45000076293945,91.66962381127001,86.25361112658837,16,0.6875,20.0,81.68928992502809,0.12
2021-08-18,2387,48.849998474121094,91.93263358385434,73.04868105395074,16,0.6875,20.0,78.46696033864399,0.12
2021-08-19,2387,46.599998474121094,88.61283720200767,90.18692853498554,16,0.6875,20.0,81.75558329434868,0.12
2021-08-20,2387,46.599998474121094,89.49580041450898,87.15962944719286,16,0.6875,20.0,81.2636474861509,0.12
2021-08-26,2387,47.20000076293945,89.57586892827841,66.07343943118923,16,0.6875,20.0,76.01612053628082,0.12
2020-01-31,2388,31.5,92.46816199923404,78.08894478410363,13,0.6923076923076923,20.0,80.03191556502688,0.15
2020-02-03,2388,29.149999618530273,91.41117992818201,92.80860964371236,13,0.6923076923076923,20.0,83.39473715861345,0.15
2020-02-04,2388,30.100000381469727,94.93643639804971,66.66169561521257,13,0.6923076923076923,20.0,77.91558559244882,0.15
2020-02-05,2388,30.0,93.80300584118811,67.04127672750408,14,0.7142857142857143,20.0,78.32979236280389,0.15
2020-02-10,2388,29.399999618530273,93.73433444184448,76.4209975109894,14,0.7142857142857143,20.0,80.65412113887213,0.15
2021-03-05,2388,48.400001525878906,98.99396532705191,85.23165276541104,22,0.7272727272727273,20.0,84.82428460765016,0.15
2021-03-08,2388,46.95000076293945,95.18417770328546,88.93927190233246,22,0.7272727272727273,20.0,84.60825310475057,0.15
2021-03-09,2388,45.79999923706055,95.70243047288125,90.96839777872907,22,0.7272727272727273,20.0,85.27101040472846,0.15
2021-03-10,2388,46.650001525878906,97.7877786392704,75.12441733749012,22,0.7272727272727273,20.0,81.93561974433547,0.15
2021-05-12,2388,45.599998474121094,94.65028624058843,87.1165382711877,23,0.7391304347826086,20.0,84.3481334834517,0.15
2021-05-13,2388,44.20000076293945,90.64386444930685,88.78522078088767,23,0.7391304347826086,20.0,83.56337757349223,0.15
2021-05-14,2388,44.29999923706055,91.10931587987695,85.81722064042793,23,0.7391304347826086,20.0,82.96101296754833,0.15
2021-05-17,2388,39.900001525878906,88.72692082203974,93.22474634255947,23,0.7391304347826086,20.0,84.09817587573005,0.15
2021-08-19,2388,46.5,91.68599979420503,91.15894939185047,25,0.76,20.0,85.09553728622413,0.15
2021-08-20,2388,46.900001525878906,92.09066557937626,82.24196743515354,25,0.76,20.0,82.98769153260126,0.15
2021-08-24,2388,47.54999923706055,90.60275586615968,67.06576475488141,25,0.76,20.0,78.74726794856825,0.15
2021-09-08,2388,46.79999923706055,94.43671403185836,74.54398968765975,25,0.76,20.0,81.76701163147244,0.15
2021-09-14,2388,46.70000076293945,87.19700700065938,72.27392912144477,25,0.76,20.0,79.027584380559,0.15
2021-09-15,2388,46.25,84.24471443690392,78.90283279410336,25,0.76,20.0,79.79912252959701,0.15
2021-09-16,2388,46.0,82.47261833350888,80.93392761873481,25,0.76,20.0,79.77526740473637,0.15
2021-09-22,2388,45.75,84.18487179504774,79.40656408404988,25,0.76,20.0,79.90710255952679,0.15
2021-09-23,2388,46.0,82.24138431037659,70.67387265965439,25,0.76,20.0,77.14088345802658,0.15
2022-01-24,2388,69.5999984741211,96.17620167250101,66.32470936618367,30,0.7666666666666667,20.0,80.43403784329621,0.15
2022-01-25,2388,66.5,99.06152103712391,90.5337098403937,30,0.7666666666666667,20.0,87.35188377123559,0.15
2022-01-26,2388,67.0,98.9557228961882,82.62316266593012,30,0.7666666666666667,20.0,85.342507535339,0.15
2022-02-07,2388,67.0,97.88045834894154,80.60281412312766,30,0.7666666666666667,20.0,84.51484103546437,0.15
2022-02-08,2388,68.19999694824219,99.45969321793795,65.71185734562228,30,0.7666666666666667,20.0,81.26587230178696,0.15
2022-02-14,2388,65.19999694824219,82.60482086572512,87.60981361976283,30,0.7666666666666667,20.0,81.68389966465824,0.15
2022-02-15,2388,65.5999984741211,84.1558486596174,80.63254175736766,30,0.7666666666666667,20.0,80.40489003722713,0.15
2022-02-21,2388,66.30000305175781,80.17951269126834,65.56728645895427,30,0.7666666666666667,20.0,75.44567542211907,0.15
2022-02-22,2388,64.30000305175781,81.11484270176283,84.99506512791804,30,0.7666666666666667,20.0,80.58321909250836,0.15
2022-10-13,2388,60.0,96.461622303789,66.56428304159428,40,0.7,20.0,78.57955745153527,0.15
2022-10-21,2388,61.70000076293945,95.32091035773347,69.30823658937402,40,0.7,20.0,78.92333225466355,0.15
2022-10-25,2388,60.900001525878906,94.94865104794985,72.40703538098447,40,0.7,20.0,79.58635415963107,0.15
2022-10-26,2388,59.70000076293945,93.67406535187544,79.90807789955723,40,0.7,20.0,81.07923908045194,0.15
2022-10-28,2388,60.20000076293945,94.72730177049733,69.01685804260461,40,0.7,20.0,78.67240504180035,0.15
2023-05-09,2388,73.0,85.03584348734209,68.91396910779018,43,0.7209302325581395,20.0,76.36715229989436,0.15
2024-02-05,2388,137.0,96.25850340136054,78.48305908637232,47,0.7446808510638298,20.0,82.83874132391614,0.15
2024-02-15,2388,136.0,99.10039582583663,80.25253451589732,47,0.7446808510638298,20.0,84.13367790864021,0.15
2024-02-19,2388,137.0,91.80952380952381,67.05704356226657,47,0.7446808510638298,20.0,78.64754356533868,0.15
2024-02-20,2388,136.5,90.99961700497893,70.86291016597357,47,0.7446808510638298,20.0,79.35603817490197,0.15
2024-02-21,2388,136.5,89.23679060665361,69.14865865424866,47,0.7446808510638298,20.0,78.39862737747313,0.15
2024-02-22,2388,132.5,87.0305845915602,85.41536091138869,47,0.7446808510638298,20.0,81.80344113723012,0.15
2024-02-23,2388,134.0,86.57065005838848,70.19509535587939,47,0.7446808510638298,20.0,77.86039438840128,0.15
2024-02-26,2388,132.5,85.16783762685402,79.37518876695077,47,0.7446808510638298,20.0,79.73457401170879,0.15
2024-02-27,2388,130.0,86.59463785514205,85.46878099783952,47,0.7446808510638298,20.0,81.68601213791739,0.15
2024-02-29,2388,132.0,86.83160415003991,68.41540831668459,47,0.7446808510638298,20.0,77.49375885609801,0.15
2024-03-01,2388,131.0,88.16326530612245,74.29203196345127,47,0.7446808510638298,20.0,79.36241311461444,0.15
2024-03-04,2388,131.5,76.22048915095787,67.56247059551119,47,0.7446808510638298,20.0,74.09718992608005,0.15
2024-08-05,2388,101.5,90.180978051598,87.54334651510538,55,0.7454545454545455,20.0,83.30376640789211,0.15
2024-08-06,2388,91.5999984741211,88.75347879123325,91.9508723047851,55,0.7454545454545455,20.0,83.97739807720261,0.15
2024-11-12,2388,107.5,98.52216748768473,70.73460471819882,58,0.7586206896551724,20.0,81.9989221155103,0.15
2024-11-13,2388,106.5,99.34167215273206,85.03692032122518,58,0.7586206896551724,20.0,85.82035241578109,0.15
2024-11-14,2388,105.0,97.1019434026594,85.76145498290249,58,0.7586206896551724,20.0,85.32956745617861,0.15
2024-11-15,2388,106.5,93.57142857142857,70.60896112814945,58,0.7586206896551724,20.0,80.4822895431211,0.15
2024-11-18,2388,103.5,92.22065063649222,83.84460197703386,58,0.7586206896551724,20.0,83.3859663748613,0.15
2024-11-22,2388,104.5,87.48159057437408,71.84142731925854,58,0.7586206896551724,20.0,78.96345469178203,0.15
2024-11-27,2388,102.0,88.872936109117,80.22245653270512,58,0.7586206896551724,20.0,81.47611565556656,0.15
2024-11-28,2388,102.0,88.66498740554157,77.89516719807808,58,0.7586206896551724,20.0,80.83190871083717,0.15
2024-11-29,2388,103.0,89.23187365398421,66.73526661338246,58,0.7586206896551724,20.0,78.21199943919605,0.15
2026-02-11,2388,49.20000076293945,98.21428813432357,66.7442845454153,76,0.6578947368421053,20.0,77.88719968191405,0.12
2026-03-03,2388,48.099998474121094,98.63091282988141,78.84838176855028,76,0.6578947368421053,20.0,81.03821139636516,0.12
2026-03-04,2388,44.5,86.03169686658997,89.57353498881997,76,0.6578947368421053,20.0,79.93973491244515,0.12
2026-03-05,2388,45.900001525878906,87.58644597425207,71.27237057315672,76,0.6578947368421053,20.0,75.83086854082796,0.12
2026-03-06,2388,46.0,86.99844294921604,66.43232790671041,76,0.6578947368421053,20.0,74.44445696670557,0.12
2026-03-09,2388,43.5,85.834535124073,89.03936297964586,76,0.6578947368421053,20.0,79.74704338739653,0.12
2026-03-10,2388,44.599998474121094,87.0671531083743,71.51857774871371,76,0.6578947368421053,20.0,75.73663247495388,0.12
2026-07-30,2388,65.30000305175781,93.41630730201581,70.5729708427676,81,0.6666666666666666,20.0,77.66813490129664,0.12
2024-09-04,2392,63.0,95.49441226270795,67.97639126760295,20,0.75,20.0,80.14242149571312,0.15
2024-09-05,2392,62.79999923706055,96.11933119322575,69.30437101954729,20,0.75,20.0,80.66189211285455,0.15
2024-09-10,2392,61.70000076293945,88.20445653010967,75.9926587296489,20,0.75,20.0,79.95950164144512,0.15
2024-09-11,2392,61.70000076293945,88.75661429390831,73.03877562414904,20,0.75,20.0,79.38667819420975,0.15
2025-11-14,2392,41.29999923706055,73.33220082393137,93.98471975697488,32,0.6875,20.0,78.12084018642312,0.15
2025-11-17,2392,40.20000076293945,78.89338124898072,95.61544160029973,32,0.6875,20.0,80.19687477476914,0.15
2025-11-18,2392,38.900001525878906,84.62717739444012,97.34788037363863,32,0.6875,20.0,82.3501233117417,0.15
2025-11-20,2392,38.0,83.27566304696427,86.7939780336382,32,0.6875,20.0,79.30619342249884,0.15
2025-11-21,2392,37.400001525878906,82.12245707964965,94.45818892486129,32,0.6875,20.0,80.87628435511022,0.15
2025-11-24,2392,37.70000076293945,79.48923827984609,83.51110063603633,32,0.6875,20.0,77.3495466429629,0.15
2025-11-25,2392,38.349998474121094,78.57968005655253,66.51253978737995,32,0.6875,20.0,72.82703896381075,0.15
2026-07-20,2392,34.400001525878906,94.78960829706375,66.69064743655903,39,0.6666666666666666,20.0,77.10954434825888,0.15
2026-07-29,2392,33.599998474121094,95.30857162215463,82.38443891829728,39,0.6666666666666666,20.0,81.1886812162207,0.15
2026-07-30,2392,32.849998474121094,92.67057444104407,88.71831732754879,39,0.6666666666666666,20.0,81.98075166420041,0.15
2021-07-14,2409,26.0625,91.82017261368028,70.72733293126063,13,0.6923076923076923,20.0,77.99711578615,0.08
2021-07-20,2409,25.125,88.26291079812206,83.04680869359743,13,0.6923076923076923,20.0,80.00980618206674,0.08
2022-03-31,2409,24.8125,68.98959443194039,71.54005616880748,23,0.6521739130434783,20.0,70.14710976308834,0.12
2022-04-01,2409,24.625,66.45923133074085,79.10948253359267,23,0.6521739130434783,20.0,71.28035742392477,0.12
2022-04-07,2409,24.375,67.1823567942199,83.75483737191763,24,0.6666666666666666,20.0,73.09341638124538,0.12
2022-04-11,2409,23.75,67.84458570554882,87.4024786318401,24,0.6666666666666666,20.0,74.20399536962466,0.12
2022-04-12,2409,23.8125,66.35652178895896,80.03123210517906,24,0.6666666666666666,20.0,71.91476456298246,0.12
2021-05-11,2413,22.0,97.24612683660348,90.54547234171201,26,0.7307692307692307,20.0,85.73328305948597,0.12
2021-05-12,2413,19.899999618530273,94.85049793361597,94.42223728960612,26,0.7307692307692307,20.0,85.98378562556324,0.12
2021-05-13,2413,20.149999618530273,94.93943742603248,87.5787047304961,26,0.7307692307692307,20.0,84.2995843335107,0.12
2021-05-14,2413,20.399999618530273,95.6910832640742,79.40077566463717,26,0.7307692307692307,20.0,82.48059581845847,0.12
2021-05-17,2413,18.450000762939453,93.00031871474292,95.31482881712779,26,0.7307692307692307,20.0,85.65187974178174,0.12
2023-06-09,2413,31.450000762939453,85.55414191051943,84.82277955137069,44,0.6590909090909091,20.0,78.64466473372578,0.12
2023-06-12,2413,30.950000762939453,84.80273282849751,86.33583849019146,44,0.6590909090909091,20.0,78.79750674382439,0.12
2023-06-13,2413,30.799999237060547,84.42006720763447,86.79205700341184,44,0.6590909090909091,20.0,78.79676168587056,0.12
2023-06-14,2413,31.100000381469727,84.81381164173781,72.4248123463512,44,0.6590909090909091,20.0,75.32307385183641,0.12
2023-06-15,2413,31.149999618530273,83.03572394999291,67.5432646897001,44,0.6590909090909091,20.0,73.56926063015017,0.12
2023-06-16,2413,31.100000381469727,80.38407598703054,68.28463572560659,44,0.6590909090909091,20.0,72.95910900023807,0.12
2021-05-04,2419,21.600000381469727,96.32805448069547,88.75419956010711,12,0.75,20.0,85.58696623423542,0.08
2021-05-05,2419,21.600000381469727,95.08692693837497,87.92086622677377,12,0.75,20.0,85.00629463820593,0.08
2021-05-06,2419,21.399999618530273,95.36801277960241,89.5119217173694,12,0.75,20.0,85.48838426322307,0.08
2021-05-11,2419,20.899999618530273,94.06822986220268,87.96429217542787,13,0.7692307692307693,20.0,85.28846507944085,0.08
2021-05-12,2419,19.5,90.68322752441136,93.74443885942065,13,0.7692307692307693,20.0,85.71800104910164,0.08
2021-05-13,2419,19.5,88.27292515534994,92.39040719875014,13,0.7692307692307693,20.0,84.6564024232156,0.08
2021-05-14,2419,19.600000381469727,88.47926354523035,83.2780132986795,13,0.7692307692307693,20.0,82.44020546516205,0.08
2021-05-17,2419,19.049999237060547,87.60041676261702,91.18454431615952,13,0.7692307692307693,20.0,84.15318418474806,0.08
2019-07-31,2439,150.2664031982422,67.16278146517419,82.6596962342233,13,0.6923076923076923,20.0,73.58298926733886,0.2
2021-08-19,2449,38.761905670166016,97.88961214819354,90.2347273797771,14,0.7857142857142857,20.0,87.4969940608309,0.15
2021-08-20,2449,39.523807525634766,99.51953419777362,70.29265351482948,14,0.7857142857142857,20.0,83.00045220946802,0.15
2021-09-29,2449,38.85714340209961,74.8545255701644,83.45887660396761,14,0.7857142857142857,20.0,78.89250539346979,0.2
2021-09-30,2449,39.0,75.27358660274243,75.10373194886145,14,0.7857142857142857,20.0,76.92943753946666,0.2
2021-10-01,2449,37.761905670166016,76.37983347927091,90.69252616151562,14,0.7857142857142857,20.0,81.15851015558874,0.2
2021-10-04,2449,37.47618865966797,76.65003015683058,90.8354931092403,14,0.7857142857142857,20.0,81.27531089578781,0.2
2021-10-05,2449,37.380950927734375,78.6468541410436,89.72178575555132,14,0.7857142857142857,20.0,81.59593125262948,0.2
2021-10-06,2449,37.523807525634766,77.23164410523876,80.6385825518386,14,0.7857142857142857,20.0,78.90056744095985,0.2
2021-10-08,2449,36.85714340209961,76.82706933749412,86.72314035865733,14,0.7857142857142857,20.0,80.30033446234114,0.2
2021-10-12,2449,36.0,76.03942812541354,91.17839693338327,14,0.7857142857142857,20.0,81.17785624239845,0.2
2021-10-13,2449,35.0476188659668,75.91173039083921,94.92571569141283,14,0.7857142857142857,20.0,82.07637661153353,0.2
2021-10-14,2449,35.238094329833984,75.04935313749696,86.96086545873364,14,0.7857142857142857,20.0,79.82645087736107,0.2
2022-07-04,2449,35.523807525634766,67.4265229852723,97.50921326275386,18,0.7777777777777778,20.0,79.93859354460349,0.15
2022-07-05,2449,36.0,66.54451222704293,82.29555830928834,18,0.7777777777777778,20.0,75.8705765787683,0.15
2022-07-06,2449,34.19047546386719,68.59803569035115,97.74823257077387,18,0.7777777777777778,20.0,80.34980218313214,0.15
2022-07-07,2449,35.14285659790039,70.21580044881478,70.88114133121307,18,0.7777777777777778,20.0,74.11835880078104,0.15
2022-07-12,2449,34.380950927734375,75.06762591012009,81.42097211824635,18,0.7777777777777778,20.0,78.20886413593095,0.15
2022-07-13,2449,34.666664123535156,75.63783936851188,71.34342161829669,18,0.7777777777777778,20.0,75.86054054846107,0.15
2022-08-10,2449,34.904762268066406,71.56344835564603,68.84629234150046,18,0.7777777777777778,20.0,74.01394092540227,0.15
2024-01-12,2449,72.0,81.12581461278394,90.24744123317748,22,0.6818181818181818,20.0,79.35415014667501,0.12
2024-05-09,2449,80.95237731933594,99.47786346027844,70.92503506816897,23,0.6956521739130435,20.0,80.44418302251707,0.15
2024-05-14,2449,81.23809814453125,98.3801842903439,79.82222272052776,23,0.6956521739130435,20.0,82.33917618462641,0.15
2024-05-15,2449,80.47618865966797,99.52132522781703,83.64945677704924,23,0.6956521739130435,20.0,83.63832697999872,0.15
2024-12-17,2449,104.28571319580078,99.76884046160858,72.91947895686823,27,0.7407407407407407,20.0,82.38274409992185,0.15
2024-12-30,2449,104.76190185546875,99.05703022715474,69.19419763017683,27,0.7407407407407407,20.0,81.23788069791286,0.15
2025-01-15,2449,102.38095092773438,87.70277565892096,86.32662457619622,27,0.7407407407407407,20.0,82.11471106394757,0.15
2025-01-16,2449,103.80952453613281,85.150189023255,70.71576006580571,27,0.7407407407407407,20.0,77.44621894565014,0.15
2026-07-20,2449,257.6190490722656,98.34566161233889,82.68535917659149,38,0.7105263157894737,20.0,83.49082775153374,0.12
2026-07-24,2449,258.0952453613281,98.82750297884486,74.41496711079537,38,0.7105263157894737,20.0,81.5677821450365,0.12
2026-07-28,2449,236.0,94.96307472828465,84.9587283546335,38,0.7105263157894737,20.0,83.04439398082798,0.12
2026-07-29,2449,212.5,89.8588374396301,88.45971857185587,38,0.7105263157894737,20.0,82.38837034853721,0.12
2026-07-30,2449,203.5,86.78243158656245,89.67197683743049,38,0.7105263157894737,20.0,81.76851315901057,0.12
2019-12-23,2455,109.0,89.85783666283677,69.35544868334276,16,0.6875,20.0,76.92121316968672,0.15
2020-01-08,2455,109.0,97.73203399254785,67.76578719125114,16,0.6875,20.0,78.88605699557714,0.15
2020-01-13,2455,108.5,94.73398639973968,72.99270118827559,16,0.6875,20.0,79.2933712169908,0.15
2020-01-30,2455,101.0,87.52834467120181,87.25439261816327,16,0.6875,20.0,80.69710155590136,0.15
2020-01-31,2455,101.0,90.06622516556291,86.42105928482994,16,0.6875,20.0,81.25013237087636,0.15
2020-02-03,2455,100.5,89.32130991931656,85.75707501316329,16,0.6875,20.0,80.86066172908579,0.15
2021-01-20,2456,104.0,99.76883957466481,69.97896533478647,14,0.9285714285714286,20.0,87.28253606323892,0.12
2021-01-21,2456,103.0,99.29742388758783,81.92411711574185,14,0.9285714285714286,20.0,90.12739930235468,0.12
2021-01-26,2456,103.5,98.84419787332409,76.95426864445959,14,0.9285714285714286,20.0,88.74896938025498,0.12
2021-01-27,2456,102.0,94.20849420849422,83.60973827298089,14,0.9285714285714286,20.0,89.02212568793635,0.12
2021-01-29,2456,101.0,92.61083743842364,82.1931968940616,14,0.9285714285714286,20.0,88.18869331218535,0.12
2021-05-04,2456,102.0,88.7879317037864,67.26778191190084,18,0.7222222222222222,20.0,77.1199916557778,0.15
2021-05-05,2456,100.5,87.55186919369315,84.83775756573296,18,0.7222222222222222,20.0,81.14166681620785,0.15
2021-05-06,2456,100.0,88.013204157312,84.97508224011132,18,0.7222222222222222,20.0,81.3143984738881,0.15
2021-05-11,2456,96.1,96.56526005888125,86.62968439366912,18,0.7222222222222222,20.0,84.29366578274832,0.15
2021-05-12,2456,91.0,92.21394719025051,90.62853271447561,18,0.7222222222222222,20.0,83.98798400236072,0.15
2021-05-13,2456,90.8,91.71645844649646,90.77216079572032,18,0.7222222222222222,20.0,83.87464439954567,0.15
2021-05-14,2456,91.4,91.79215845882513,80.59953246718943,18,0.7222222222222222,20.0,81.35419732111157,0.15
2021-05-17,2456,86.3,88.87163561076605,93.37242617387123,18,0.7222222222222222,20.0,83.67126389336428,0.12
2020-10-26,2458,136.5,83.35841927934551,69.96306473625587,12,0.6666666666666666,20.0,74.49829196786762,0.15
2020-10-27,2458,136.0,80.37971831245673,72.9145088802299,12,0.6666666666666666,20.0,74.34254271379449,0.15
2020-10-30,2458,135.0,76.9758039087701,75.84724919517804,12,0.6666666666666666,20.0,74.05455347142554,0.15
2020-11-02,2458,131.0,76.95214843479107,88.60520829099205,12,0.6666666666666666,20.0,77.23694660318533,0.15
2020-11-12,2458,131.5,80.99476886936955,73.03842856205254,12,0.6666666666666666,20.0,74.558037801324,0.15
2020-11-18,2458,131.0,78.29521502639314,75.24337384426684,12,0.6666666666666666,20.0,74.29940796898465,0.15
2020-11-20,2458,131.0,74.6257876139733,71.73022742831907,12,0.6666666666666666,20.0,72.32029314127176,0.15
2022-04-25,2462,27.718446731567383,99.9316469556855,72.3301048133919,14,0.7142857142857143,20.0,81.49059171862505,0.2
2022-04-27,2462,26.84465980529785,99.5305166942114,90.53095622456148,14,0.7142857142857143,20.0,85.92046549297521,0.2
2022-04-28,2462,26.84465980529785,98.22452786304223,87.65899580192368,14,0.7142857142857143,20.0,84.81067873796502,0.2
2022-04-29,2462,26.79611587524414,98.62637206949813,87.76186948950019,14,0.7142857142857143,20.0,84.95695042179591,0.2
2023-05-15,2462,29.17475700378418,89.34321215910758,79.62150896816122,24,0.75,20.0,81.20834088977259,0.15
2023-07-12,2462,29.22330093383789,86.70253118627849,69.72174743725051,25,0.76,20.0,78.24119621519617,0.15
2023-07-13,2462,28.932037353515625,85.12201939877522,82.99008393450671,25,0.76,20.0,81.08412680325924,0.15
2023-07-14,2462,29.12621307373047,84.16825915092969,68.25123767866165,25,0.76,20.0,77.11328716494431,0.15
2023-07-19,2462,28.980581283569336,87.48756547270413,71.78753217906643,25,0.76,20.0,78.99315268657784,0.15
2024-01-08,2462,37.349998474121094,74.43630467715612,82.21913375237163,28,0.7857142857142857,20.0,78.45710341266832,0.2
2024-01-09,2462,37.150001525878906,71.98189278948699,84.59141143199113,28,0.7857142857142857,20.0,78.31384926627246,0.2
2024-01-10,2462,36.54999923706055,70.68105970404973,87.86154012037734,28,0.7857142857142857,20.0,78.74113151273782,0.2
2024-01-11,2462,36.400001525878906,72.93956560395293,88.59384131871906,28,0.7857142857142857,20.0,79.60175858229421,0.2
2024-01-12,2462,36.150001525878906,68.71859224236174,89.81143004509357,28,0.7857142857142857,20.0,78.63986375541049,0.2
2024-01-15,2462,36.400001525878906,70.54140596092554,74.46438506255936,28,0.7857142857142857,20.0,75.34994662534606,0.2
2024-01-16,2462,35.5,70.11753883600178,91.42697343941524,28,0.7857142857142857,20.0,79.46343358208291,0.2
2024-01-17,2462,35.400001525878906,66.72932678029466,91.76759280011315,28,0.7857142857142857,20.0,78.53212480554525,0.2
2024-01-19,2462,35.349998474121094,66.05940724890296,79.25397521248263,28,0.7857142857142857,20.0,75.20274454922011,0.2
2022-09-06,2482,22.549999237060547,94.7677821025272,75.47216415387288,16,0.75,20.0,81.79837566922637,0.2
2022-09-16,2482,22.799999237060547,99.85771417159903,69.62211760978597,16,0.75,20.0,81.8628436539262,0.2
2022-09-19,2482,22.299999237060547,97.69119705177285,81.22934025203783,16,0.75,20.0,84.11469417854131,0.2
2022-09-26,2482,20.899999618530273,93.10535014665912,87.28044221747801,16,0.75,20.0,84.25171559836724,0.2
2022-09-27,2482,21.399999618530273,91.56355442897784,72.16378264839828,16,0.75,20.0,80.01001199079292,0.2
2023-07-20,2482,62.29999923706055,95.83600026116868,84.20057548661038,20,0.7,20.0,82.8009439500032,0.2
2023-07-21,2482,62.0,96.44473173884938,84.57814728926064,20,0.7,20.0,83.07795634396997,0.2
2023-07-24,2482,59.099998474121094,96.19992177978844,88.01164787940696,20,0.7,20.0,83.86288850378827,0.2
2023-07-25,2482,59.70000076293945,96.4702888936014,78.9952888557034,20,0.7,20.0,81.68990888200626,0.2
2023-07-26,2482,59.0,91.40149219375594,85.79768911713983,20,0.7,20.0,81.86986993741174,0.2
2023-07-31,2482,59.29999923706055,94.98746862508736,72.29260036805523,20,0.7,20.0,79.56939067954002,0.2
2023-08-01,2482,58.70000076293945,95.31271854478307,79.32029477058639,20,0.7,20.0,81.42388925608151,0.2
2023-08-02,2482,56.29999923706055,93.10534827817116,86.41927865465335,20,0.7,20.0,82.53642414711469,0.2
2023-08-04,2482,55.5,94.89795899059074,87.29774525023461,20,0.7,20.0,83.29382400973587,0.2
2023-08-08,2482,55.29999923706055,94.35347286975473,82.95916402046674,20,0.7,20.0,82.0458328660431,0.2
2020-03-12,2492,178.5,92.01143247996873,90.46065367700133,15,0.6666666666666666,20.0,82.21859316324095,0.12
2020-03-13,2492,168.0,89.43603983148219,92.80122992187964,15,0.6666666666666666,20.0,82.03111942991457,0.12
2020-03-16,2492,156.5,87.65106303618053,95.03313914063445,15,0.6666666666666666,20.0,82.05360369601277,0.12
2020-03-17,2492,150.0,86.24079528718704,96.17859972474872,15,0.6666666666666666,20.0,81.9168885173433,0.12
2020-03-18,2492,144.5,85.57580174927114,97.11006781931981,15,0.6666666666666666,20.0,81.9502574796113,0.12
2020-03-20,2492,143.5,92.50387730484232,68.41660000904011,15,0.6666666666666666,20.0,76.85531319371272,0.12
2020-07-10,2492,178.5,86.40825797518515,78.19046605759918,17,0.7058823529411765,20.0,78.64656449519063,0.12
2020-07-14,2492,178.0,70.1251855413262,76.37836081491605,17,0.7058823529411765,20.0,73.30861645436217,0.12
2020-07-15,2492,177.5,71.46832986200087,76.33294696550168,17,0.7058823529411765,20.0,73.70020628821098,0.12
2020-07-16,2492,177.5,67.4344858489782,74.12509984993534,17,0.7058823529411765,20.0,71.93809130541258,0.12
2020-07-17,2492,176.0,68.72710184491383,78.34426567030461,17,0.7058823529411765,20.0,73.3806675592856,0.12
2020-07-28,2492,175.0,73.16064959729528,77.90654939691339,17,0.7058823529411765,20.0,74.60130281665222,0.12
2020-07-29,2492,174.0,73.57716349033069,79.71839532808082,17,0.7058823529411765,20.0,75.1792184673547,0.12
2022-05-03,2497,80.3152847290039,99.1231608457542,65.17669152306082,21,0.6666666666666666,20.0,78.03112113449146,0.2
2022-05-05,2497,81.60908508300781,98.24632427681149,65.23651324760348,21,0.6666666666666666,20.0,77.78302559494432,0.2
2022-05-06,2497,77.82720184326172,97.87087973851223,83.40734506956989,21,0.6666666666666666,20.0,82.21310018894614,0.2
2022-05-09,2497,71.05961608886719,95.10855056965221,92.90747171257874,21,0.6666666666666666,20.0,83.75943309904035,0.2
2022-05-11,2497,74.2443618774414,92.70023139080017,67.67997881767391,21,0.6666666666666666,20.0,76.73006412165853,0.2
2022-05-12,2497,71.45771026611328,90.32523779918714,80.7022548440338,21,0.6666666666666666,20.0,79.2731350507646,0.2
2023-04-25,2497,70.69999694824219,80.75088518453043,79.89287585961412,30,0.6666666666666666,20.0,76.19848452026265,0.2
2023-04-26,2497,71.4000015258789,80.30462096069053,68.25392792815967,30,0.6666666666666666,20.0,73.15486827024708,0.2
2023-04-27,2497,70.4000015258789,81.03733823705565,85.33764323659464,30,0.6666666666666666,20.0,77.64561228026535,0.2
2023-05-09,2497,70.5,68.84575563450719,71.80038478107812,30,0.6666666666666666,20.0,70.60382288562168,0.2
2023-05-10,2497,70.19999694824219,66.75494356983184,76.43336123707623,30,0.6666666666666666,20.0,71.1348233802186,0.2
2023-05-11,2497,68.30000305175781,67.5007732082611,86.27855022487479,30,0.6666666666666666,20.0,73.81986951869702,0.2
2023-05-15,2497,67.5999984741211,69.72144674570245,86.38941270564021,30,0.6666666666666666,20.0,74.51378720012079,0.2
2023-05-16,2497,68.0999984741211,68.51411238118172,74.45481358616352,30,0.6666666666666666,20.0,71.1679371108954,0.2
2025-04-09,2516,15.100000381469727,96.5769050219635,67.66759880481693,14,0.7142857142857143,20.0,79.31854263636471,0.12
2025-11-25,2520,31.950000762939453,65.4916533314432,83.15069182055629,26,0.6538461538461539,20.0,72.05055356995665,0.15
2024-09-23,2540,75.70148468017578,96.14386355776948,85.35789746708618,32,0.71875,20.0,83.74513343410239,0.15
2024-09-24,2540,76.05689239501953,95.64725207828829,81.20823031635013,32,0.71875,20.0,82.55873320257402,0.15
2024-09-25,2540,77.12310791015625,96.55797058171362,68.51870424818618,32,0.71875,20.0,79.65956723656063,0.15
2024-09-26,2540,75.34607696533203,94.1703112614999,82.04383881542077,32,0.71875,20.0,82.32455308230516,0.15
2024-10-01,2540,74.63526916503906,92.19207638045555,78.06688832065431,32,0.71875,20.0,80.73684499430024,0.15
2024-10-04,2540,72.5028305053711,91.94158781518247,80.6618966320262,32,0.71875,20.0,81.3104505025613,0.15
2024-10-07,2540,72.85823822021484,93.99452762044827,74.62624906369108,32,0.71875,20.0,80.41742055205725,0.15
2024-10-08,2540,73.2136459350586,94.38941732584009,69.09564662935365,32,0.71875,20.0,79.15323685509044,0.15
2024-10-09,2540,72.5028305053711,91.85486242229955,76.43657065826461,32,0.71875,20.0,80.22810139125602,0.15
2025-03-11,2540,61.28571319580078,74.82357397921221,78.46414202922863,40,0.7,20.0,75.06310770107082,0.15
2025-03-12,2540,61.57142639160156,75.514382705448,70.79079716680192,40,0.7,20.0,73.35201410333488,0.15
2025-03-14,2540,61.35714340209961,77.4075267164136,71.84702658881167,41,0.7073170731707317,20.0,74.40352685724895,0.15
2025-03-19,2540,61.07142639160156,74.03919000843563,73.08657320185205,41,0.7073170731707317,20.0,73.70291249811565,0.15
2025-03-28,2540,60.64285659790039,82.23034915341385,77.14109854015626,41,0.7073170731707317,20.0,77.17389157618517,0.15
2025-03-31,2540,59.42856979370117,79.22830265085139,85.66175247995992,41,0.7073170731707317,20.0,78.40344111036734,0.15
2025-04-01,2540,59.35714340209961,77.83045356063047,84.64106481306088,41,0.7073170731707317,20.0,77.72891446657631,0.15
2025-04-02,2540,58.64285659790039,77.14080921294253,89.07834716718858,41,0.7073170731707317,20.0,78.63134175080185,0.15
2025-04-07,2540,53.07142639160156,85.62148146342781,98.0832514084824,41,0.7073170731707317,20.0,83.4267694862709,0.15
2025-04-09,2540,51.28571319580078,80.50038206127878,93.8663006682533,41,0.7073170731707317,20.0,80.83620198056892,0.15
2021-09-06,2601,15.050000190734863,97.68478773762885,65.23526803429402,16,0.75,20.0,80.11425332986215,0.1
2021-09-09,2601,15.300000190734863,98.48781300696285,67.27650453921777,16,0.75,20.0,80.8654700368933,0.1
2021-09-14,2601,15.300000190734863,92.5019731441637,65.06340831058256,16,0.75,20.0,78.51644402089475,0.1
2021-09-17,2601,15.25,83.18042686044772,66.01767372839403,16,0.75,20.0,75.95854649023282,0.1
2021-09-22,2601,14.649999618530273,75.73038703573032,81.9767836828216,16,0.75,20.0,77.7133120314245,0.1
2021-09-23,2601,14.800000190734863,75.0,73.69593561659305,16,0.75,20.0,75.42398390414826,0.1
2025-07-07,2603,195.5,85.16759171121954,81.32635797080125,43,0.6511627906976745,20.0,77.41675072699641,0.12
2025-07-08,2603,195.0,81.34330573585775,80.62904926253994,43,0.6511627906976745,20.0,76.09513775732253,0.12
2025-07-10,2603,195.0,76.434701607737,76.35114731028318,43,0.6511627906976745,20.0,73.55308103082211,0.12
2025-07-11,2603,196.5,75.17565151320173,65.09734099114479,43,0.6511627906976745,20.0,70.36191442267695,0.12
2025-07-22,2603,196.0,73.45627728814854,68.85032229353736,43,0.6511627906976745,20.0,70.78434748075912,0.12
2025-02-03,2613,30.100000381469727,91.18013889589184,88.62486356196568,46,0.6521739130434783,20.0,81.07547495056332,0.15
2025-02-04,2613,30.200000762939453,89.52448497914729,80.64379457695581,46,0.6521739130434783,20.0,78.58351152928749,0.15
2022-09-27,2618,31.0,96.90539976614534,65.54169264461851,12,0.8333333333333334,20.0,82.45704309099823,0.2
2022-09-29,2618,28.799999237060547,94.3661988154813,66.63457450327782,12,0.8333333333333334,20.0,81.96850327046384,0.2
2022-09-30,2618,28.200000762939453,91.50142021352627,81.4001526503555,12,0.8333333333333334,20.0,84.80046422664675,0.2
2022-10-03,2618,28.0,91.68020259003555,85.31103766971037,12,0.8333333333333334,20.0,85.83182019443827,0.2
2022-10-04,2618,27.899999618530273,89.8843995389133,86.41636522915255,12,0.8333333333333334,20.0,85.56941116896213,0.2
2022-10-05,2618,27.850000381469727,91.89766082408833,85.47445008484986,12,0.8333333333333334,20.0,85.93791076843897,0.2
2022-10-12,2618,27.899999618530273,88.72180494258531,72.51103967297523,12,0.8333333333333334,20.0,81.7443014010194,0.2
2022-10-13,2618,25.149999618530273,81.63265617526189,91.40207829658456,12,0.8333333333333334,20.0,84.34031642672471,0.2
2022-10-14,2618,24.350000381469727,80.66520411937344,92.93065513750524,12,0.8333333333333334,20.0,84.43222502018834,0.2
2022-10-17,2618,24.25,79.87928214021487,91.27965478335629,12,0.8333333333333334,20.0,83.78369833790353,0.2
2023-03-14,2618,26.5,68.18019311527621,88.94319726474782,16,0.75,20.0,77.18985725076982,0.2
2023-03-15,2618,26.700000762939453,70.97070471292763,75.89847866012911,16,0.75,20.0,74.76583107891057,0.2
2023-03-16,2618,25.75,68.81365883622513,91.36445170676198,16,0.75,20.0,77.98521057755804,0.2
2023-03-17,2618,26.100000381469727,68.38299161112019,71.63930383343589,16,0.75,20.0,72.92472344169502,0.2
2023-04-21,2618,26.0,66.02264490997631,73.43544414846767,16,0.75,20.0,72.6656545101098,0.2
2023-04-24,2618,25.950000762939453,65.63232252866536,75.61774707765863,16,0.75,20.0,73.09413352801427,0.2
2023-08-23,2618,33.29999923706055,90.91269922004133,68.47167057024463,20,0.75,20.0,78.89172740857356,0.2
2023-08-24,2618,33.29999923706055,90.61459139572742,66.30087115298242,20,0.75,20.0,78.25959520696384,0.2
2023-08-25,2618,33.04999923706055,88.96925256914412,75.07108403954447,20,0.75,20.0,79.95854678062935,0.2
2023-08-28,2618,32.04999923706055,88.66103520613856,86.11958969385427,20,0.75,20.0,82.62820798530514,0.2
2023-08-29,2618,32.29999923706055,82.36956040147149,75.09053523545846,20,0.75,20.0,77.98350192930606,0.2
2023-08-30,2618,31.799999237060547,80.40698795568576,84.82680821699259,20,0.75,20.0,79.82879844095388,0.2
2023-08-31,2618,31.5,80.62383078321494,86.21693475098651,20,0.75,20.0,80.24138292271111,0.2
2023-09-01,2618,32.0,78.85739774898634,66.37729748570476,20,0.75,20.0,74.7515436961221,0.2
2023-09-05,2618,31.799999237060547,75.21149470469354,70.37015699548483,20,0.75,20.0,74.65598766027927,0.2
2023-09-06,2618,31.649999618530273,72.7873033091274,74.66929259132974,20,0.75,20.0,75.00351414057064,0.2
2023-09-07,2618,31.25,72.78164111579319,84.13233046723784,20,0.75,20.0,77.36757495154741,0.2
2023-09-08,2618,30.950000762939453,68.89853536313747,88.01248549795247,20,0.75,20.0,77.17268198342936,0.2
2024-07-19,2618,33.5,65.45546683903733,85.38775085172094,24,0.7083333333333334,20.0,74.23357776464144,0.2
2024-07-22,2618,32.900001525878906,65.94720339869403,88.49234512020877,24,0.7083333333333334,20.0,75.1572472996604,0.2
2024-08-05,2618,30.700000762939453,72.03782991770981,94.57540162611454,24,0.7083333333333334,20.0,78.50519938184158,0.2
2024-08-06,2618,31.399999618530273,76.83154580188904,74.40370259048474,24,0.7083333333333334,20.0,74.9003893881879,0.2
2025-03-13,2618,42.79999923706055,71.13989748693908,75.74504758733667,26,0.6923076923076923,20.0,73.04746191214664,0.2
2025-03-17,2618,42.54999923706055,69.06808245596558,77.52377626909598,26,0.6923076923076923,20.0,72.87059957329444,0.2
2025-03-19,2618,42.599998474121094,69.8089691786347,70.53240116776983,26,0.6923076923076923,20.0,71.34502181476364,0.2
2025-04-07,2618,37.29999923706055,67.73617180398682,94.92700958191011,26,0.6923076923076923,20.0,76.82183470590434,0.2
2025-04-08,2618,36.75,69.33258982641442,95.86748371435796,26,0.6923076923076923,20.0,77.53587864574459,0.2
2024-07-04,2630,38.400001525878906,77.11971492589973,65.20412210317873,32,0.65625,20.0,71.1244450035646,0.15
2024-07-05,2630,38.25,73.51681107634893,73.41939241688723,32,0.65625,20.0,72.09739142712648,0.15
2024-07-08,2630,37.95000076293945,73.03318419064982,85.20111818442753,32,0.65625,20.0,74.89773480330183,0.15
2024-07-09,2630,36.900001525878906,74.04161532558791,90.39083370408811,32,0.65625,20.0,76.4976930236984,0.15
2024-07-11,2630,36.25,65.1070652115557,93.07931418848992,32,0.65625,20.0,74.4894481105892,0.15
2025-11-07,2630,50.400001525878906,99.14100734453126,79.80895117832326,39,0.6666666666666666,20.0,81.69453999794018,0.15
2025-11-10,2630,49.099998474121094,94.72674842778255,84.57112915547329,39,0.6666666666666666,20.0,81.56080681720309,0.15
2025-11-11,2630,49.0,92.15769371418102,85.03368110625516,39,0.6666666666666666,20.0,80.9057283908181,0.15
2025-11-13,2630,48.95000076293945,91.3799264594821,80.46294719865593,39,0.6666666666666666,20.0,79.52971473750861,0.15
2025-11-14,2630,48.900001525878906,89.71253432657458,79.89048406539486,39,0.6666666666666666,20.0,78.88638131432108,0.15
2025-11-17,2630,48.0,92.52136706728659,84.08816784433765,39,0.6666666666666666,20.0,80.77845208127039,0.15
2025-11-18,2630,47.349998474121094,92.96856791106427,85.8277630944035,39,0.6666666666666666,20.0,81.34751114692016,0.15
2025-11-19,2630,46.900001525878906,92.57387979072536,86.57767384684409,39,0.6666666666666666,20.0,81.41658239892863,0.15
2025-11-20,2630,47.599998474121094,93.57601501915033,71.52206921036674,39,0.6666666666666666,20.0,77.95332180833678,0.15
2025-11-21,2630,46.04999923706055,89.4946474303557,86.91657659274009,39,0.6666666666666666,20.0,80.57753837729173,0.15
2026-03-09,2630,48.0,96.15055394650658,79.74196825394696,43,0.6976744186046512,20.0,81.71089080557825,0.15
2026-03-27,2630,48.04999923706055,93.52875670341403,72.80507628918734,43,0.6976744186046512,20.0,79.19012864146057,0.15
2026-03-31,2630,47.0,89.92843978965274,81.67854368432914,43,0.6976744186046512,20.0,80.32840041611765,0.15
2026-04-02,2630,46.54999923706055,91.0305062398548,83.56897959062314,43,0.6976744186046512,20.0,81.13162932775177,0.15
2026-04-07,2630,46.5,89.31909212283044,82.21611172900396,43,0.6976744186046512,20.0,80.27998812723966,0.15
2026-04-09,2630,46.54999923706055,90.64922760259446,74.75194583513432,43,0.6976744186046512,20.0,78.81298729770145,0.15
2026-04-10,2630,45.849998474121094,88.91665562727829,82.23033379322547,43,0.6976744186046512,20.0,80.1628126946294,0.15
2026-04-13,2630,45.150001525878906,87.64869605499528,85.29512307519852,43,0.6976744186046512,20.0,80.54862214343775,0.15
2023-10-17,2634,51.599998474121094,81.53949729078634,90.19682705689519,12,0.9166666666666666,20.0,86.5110559514597,0.12
2023-10-18,2634,49.29999923706055,80.42198210788024,94.78437301082295,12,0.9166666666666666,20.0,87.32268788506981,0.12
2023-10-19,2634,49.79999923706055,80.57262114291044,84.43552728517481,12,0.9166666666666666,20.0,84.78066816416683,0.12
2023-10-20,2634,48.45000076293945,81.7295385117423,94.64757975337929,12,0.9166666666666666,20.0,87.68075649186751,0.12
2023-10-23,2634,48.400001525878906,79.68755019074567,94.73374230699011,12,0.9166666666666666,20.0,87.08970063397122,0.12
2023-10-31,2634,48.54999923706055,76.22212306843346,77.36573597305862,12,0.9166666666666666,20.0,81.70807091379469,0.12
2023-11-01,2634,48.70000076293945,65.78305061631725,71.285335620666,12,0.9166666666666666,20.0,77.05624909006167,0.12
2024-02-01,2634,48.849998474121094,66.08664621633196,70.55235422809629,17,0.7058823529411765,20.0,70.64055301015895,0.12
2024-04-03,2641,19.0,68.13647462206893,79.45237616618745,22,0.6818181818181818,20.0,72.75858188271299,0.12
2024-07-19,2641,19.5,83.80845766473408,89.80473332346301,25,0.72,20.0,81.19372063028597,0.15
2024-07-22,2641,19.1,84.68454234330338,92.08645615483749,25,0.72,20.0,82.02697674170038,0.15
2024-07-26,2641,19.35,84.00276121592387,71.43847695469621,25,0.72,20.0,76.6604476034512,0.15
2024-07-29,2641,18.95,84.06431157158971,85.4635873149979,25,0.72,20.0,80.18519030022638,0.15
2024-08-05,2641,17.4,86.71732820683728,93.3937855301584,25,0.72,20.0,82.96364484459077,0.15
2024-08-06,2641,18.05,89.6816274702143,68.03171998757708,25,0.72,20.0,77.51241823795856,0.15
2025-11-11,2641,20.2,79.73918631174969,77.14479765234763,33,0.6666666666666666,20.0,75.20795530661181,0.15
2025-11-13,2641,20.0,77.22589661699134,83.86945267539453,33,0.6666666666666666,20.0,76.13513215394603,0.15
2025-11-14,2641,20.15,76.62493542931767,65.92122622208888,33,0.6666666666666666,20.0,71.46778718431752,0.15
2025-11-17,2641,19.6,75.35194477460044,86.06296694900739,33,0.6666666666666666,20.0,76.12132516963197,0.15
2025-11-18,2641,19.35,76.46597020356921,87.66122040495571,33,0.6666666666666666,20.0,76.85509616230969,0.15
2025-11-19,2641,19.25,76.6669834550302,87.53096517649648,33,0.6666666666666666,20.0,76.88283633063318,0.15
2026-02-06,2641,19.4,73.18368948351082,74.8495667987679,35,0.6857142857142857,20.0,73.23892711617378,0.15
2026-02-09,2641,19.3,74.10500629752582,83.08267109795712,35,0.6857142857142857,20.0,75.5735982351756,0.15
2026-02-10,2641,19.35,71.59760710142956,75.88980162217771,35,0.6857142857142857,20.0,73.02316110740186,0.15
2026-03-09,2641,18.6,83.064546649666,87.92014639492255,35,0.6857142857142857,20.0,79.470829165059,0.15
2026-03-10,2641,18.7,78.8660745933576,80.35874465330107,35,0.6857142857142857,20.0,76.32093711276111,0.15
2026-03-13,2641,18.7,72.68282683468051,71.09205582051783,36,0.6944444444444444,20.0,72.41119533886695,0.15
2026-03-20,2641,18.55,71.87906137456991,77.66896267382442,36,0.6944444444444444,20.0,73.8142924141604,0.15
2026-03-23,2641,18.15,70.66482400245093,84.61940371112318,36,0.6944444444444444,20.0,75.1876314618494,0.15
2026-03-24,2641,18.15,70.65480331499386,81.76803662102826,36,0.6944444444444444,20.0,74.47178348308856,0.15
2026-03-26,2641,18.05,69.65901660624584,80.50539013494294,36,0.6944444444444444,20.0,73.85738584894281,0.15
2022-05-12,2642,68.30000305175781,89.62149678725608,79.74961301394609,12,0.6666666666666666,20.0,78.82385228966335,0.08
2022-06-13,2642,68.69999694824219,84.73017688950492,70.90360739660368,14,0.7142857142857143,20.0,76.57352634457382,0.12
2022-06-14,2642,68.0,83.51894658568033,83.43224470098114,14,0.7142857142857143,20.0,79.34231657952081,0.12
2022-06-15,2642,67.5999984741211,79.98921398393178,84.28387728620562,14,0.7142857142857143,20.0,78.49630494530237,0.12
2022-06-16,2642,63.70000076293945,82.91900012874828,91.0279486083034,14,0.7142857142857143,20.0,81.06125861927177,0.12
2022-06-17,2642,60.29999923706055,86.47301797989262,95.08397860845214,14,0.7142857142857143,20.0,83.14147147465225,0.12
2022-06-22,2642,56.400001525878906,89.79591908952645,81.57048435377475,14,0.7142857142857143,20.0,80.75996824387305,0.12
2022-06-23,2642,54.900001525878906,89.85276980486968,90.21519785003824,14,0.7142857142857143,20.0,82.93820183254189,0.12
2022-06-24,2642,55.70000076293945,84.8698143834022,78.94986924972098,14,0.7142857142857143,20.0,78.62698305602233,0.12
2023-08-15,2722,57.07316970825195,95.9487709399946,68.24940903301872,32,0.71875,20.0,79.40948354025306,0.15
2023-08-16,2722,55.70731735229492,98.21664072535803,80.48813887716526,32,0.71875,20.0,83.14952693689872,0.15
2023-08-17,2722,55.60975646972656,98.73026600116255,88.73795035777675,32,0.71875,20.0,85.36606738979296,0.15
2023-08-18,2722,54.146339416503906,98.05098209971038,91.6899506781627,32,0.71875,20.0,85.90028229945379,0.15
2023-08-21,2722,55.60975646972656,95.82762018739143,75.80666517461823,32,0.71875,20.0,81.26245234987198,0.15
2023-08-22,2722,54.63414764404297,94.73504036442603,81.34565928016858,32,0.71875,20.0,82.31942692936995,0.15
2023-08-23,2722,55.60975646972656,96.42773368298603,68.8640268426957,32,0.71875,20.0,79.70682681556973,0.15
2023-08-24,2722,55.414634704589844,95.9907879469094,70.77616871450067,32,0.71875,20.0,80.05377856269799,0.15
2023-08-28,2722,53.85365676879883,93.17350759425646,80.14412477241761,32,0.71875,20.0,81.55058347138134,0.15
2022-10-20,2727,108.2292251586914,89.49880028143583,68.81655793255392,14,0.7142857142857143,20.0,77.48235099614065,0.15
2022-10-21,2727,104.59127044677734,87.27352225298182,89.72722968340898,14,0.7142857142857143,20.0,82.04243552531823,0.15
2022-10-24,2727,105.5007553100586,88.16223093292467,78.386011648564,14,0.7142857142857143,20.0,79.47374362058983,0.15
2022-10-25,2727,104.59127044677734,87.89170491324782,85.23265805400149,14,0.7142857142857143,20.0,81.10424741604615,0.15
2023-07-10,2727,271.0278015136719,92.11725615681918,66.9725760311149,15,0.7333333333333333,20.0,78.37832085482448,0.15
2023-07-11,2727,270.1183166503906,93.04285284598411,81.03408962175021,15,0.7333333333333333,20.0,82.17137825923278,0.15
2023-07-12,2727,266.025634765625,93.23518327881212,88.4547804917905,15,0.7333333333333333,20.0,84.08425010659126,0.15
2023-07-13,2727,266.4803771972656,89.1046888024219,83.09288087202148,15,0.7333333333333333,20.0,81.50462685873194,0.15
2023-07-18,2727,266.025634765625,85.86610237030843,80.35109333840742,15,0.7333333333333333,20.0,79.84760404569438,0.15
2023-07-19,2727,264.2066345214844,85.75177958051287,82.57194326521626,15,0.7333333333333333,20.0,80.36851969045793,0.15
2023-07-24,2727,262.8424072265625,86.03429140991445,78.21360438212798,15,0.7333333333333333,20.0,79.36368851850632,0.15
2023-07-25,2727,264.661376953125,85.60696310866611,66.5438004513213,15,0.7333333333333333,20.0,76.31803904543015,0.15
2023-08-16,2727,258.74969482421875,94.03889701775287,66.76438456557108,15,0.7333333333333333,20.0,78.90276524671863,0.15
2023-08-22,2727,255.11175537109375,84.78668885625618,74.99690016815049,15,0.7333333333333333,20.0,78.18523169891448,0.15
2023-08-24,2727,254.65701293945312,82.90744791327046,73.16328016956562,15,0.7333333333333333,20.0,77.16305441637255,0.15
2023-08-16,2734,44.6,98.85927867579244,68.97732057562098,25,0.8,20.0,82.90211374664298,0.15
2023-08-18,2734,43.3,99.17675544794189,78.29009039349097,25,0.8,20.0,85.32554923275531,0.15
2023-08-21,2734,42.15,98.01318084900174,86.98740282974357,25,0.8,20.0,87.15080496213642,0.15
2023-08-22,2734,40.0,97.4292441497285,90.30424368778313,25,0.8,20.0,87.80483416686434,0.15
2023-08-23,2734,41.0,99.006253332687,77.83684728724256,25,0.8,20.0,85.16108782161675,0.15
2023-08-24,2734,39.65,97.97160243407708,85.74728321785345,25,0.8,20.0,86.82830153468649,0.15
2024-02-15,2743,115.5,76.72653714305922,86.78469343891324,19,0.7894736842105263,20.0,80.39834502896187,0.2
2024-02-16,2743,114.0,80.35826520064062,88.12393568838836,19,0.7894736842105263,20.0,81.82267400860506,0.2
2024-02-19,2743,113.5,78.24320515217406,88.57347317109748,19,0.7894736842105263,20.0,81.30054036474237,0.2
2024-02-20,2743,110.5,77.82724795523124,91.14352542984957,19,0.7894736842105263,20.0,81.81826627034755,0.2
2024-02-21,2743,112.0,74.70613058503527,77.73869744135271,19,0.7894736842105263,20.0,77.53072406216455,0.2
2024-02-22,2743,110.0,78.10635904825129,89.50168412693644,19,0.7894736842105263,20.0,81.49153927252527,0.2
2024-07-22,2743,136.0,94.93087557603687,87.66142742793089,23,0.7391304347826086,20.0,84.56853257327205,0.2
2024-07-26,2743,137.0,95.74468085106383,79.29943025535351,23,0.7391304347826086,20.0,82.7221748626358,0.2
2024-07-29,2743,135.5,94.50549450549451,85.65329958073598,23,0.7391304347826086,20.0,83.9388862903106,0.2
2024-07-30,2743,137.5,92.82595134123518,66.90798072610333,23,0.7391304347826086,20.0,78.74869362737465,0.2
2024-08-02,2743,137.0,99.17898193760263,65.22808231826302,23,0.7391304347826086,20.0,80.23462820432479,0.2
2024-08-05,2743,123.5,94.8868918500155,89.90659580827734,23,0.7391304347826086,20.0,85.11662955055223,0.2
2024-08-06,2743,118.5,93.47892023051259,91.97118125915273,23,0.7391304347826086,20.0,85.21038442742022,0.2
2024-08-08,2743,121.5,93.2392710170488,73.68816801220275,23,0.7391304347826086,20.0,80.56773635164359,0.2
2024-08-14,2743,116.0,80.57644110275689,83.94567973814068,23,0.7391304347826086,20.0,79.3332653088405,0.2
2023-09-04,2745,74.5,92.76061776061776,69.82777421340414,22,0.8636363636363636,20.0,83.19421979062727,0.2
2023-09-05,2745,74.4,89.44591029023746,70.13780836371124,22,0.8636363636363636,20.0,82.27731608708996,0.2
2023-09-07,2745,73.8,92.99590326417339,72.32633767749044,22,0.8636363636363636,20.0,83.88944630771553,0.2
2023-09-08,2745,73.0,89.1566265060241,74.26816118526918,22,0.8636363636363636,20.0,83.22311915721542,0.2
2023-09-11,2745,67.9,88.54961832061069,87.33935267299363,22,0.8636363636363636,20.0,86.30881457352251,0.2
2024-07-23,2745,110.0,95.61994609164421,81.42594426995824,32,0.84375,20.0,86.35496989498282,0.2
2024-07-26,2745,105.5,95.46218487394958,88.48184851099998,32,0.84375,20.0,88.07161758993487,0.2
2024-07-29,2745,104.5,93.87755102040816,89.10311263770456,32,0.84375,20.0,87.7515434655486,0.2
2024-08-05,2745,105.5,93.15549315549316,71.91293516727717,32,0.84375,20.0,83.23738173846723,0.2
2024-08-07,2745,97.1,91.05063543815291,77.41530444007589,32,0.84375,20.0,83.98151674146484,0.2
2024-08-08,2745,94.5,87.40296881383631,86.76559259696698,32,0.84375,20.0,85.22478879339263,0.2
2024-08-09,2745,95.5,89.68603594154254,76.26565577991751,32,0.84375,20.0,83.28472472744214,0.2
2024-08-13,2745,96.1,85.17104683600058,67.9911055304721,32,0.84375,20.0,79.8615904334182,0.2
2025-08-13,2745,118.5,96.33699633699634,65.40300323757754,40,0.8,20.0,81.25184971049327,0.2
2025-08-14,2745,116.0,94.50549450549451,79.17257115239855,40,0.8,20.0,84.144791139748,0.2
2025-08-18,2745,108.0,90.36713922210106,90.85440530258079,40,0.8,20.0,85.82374309227552,0.2
2025-08-19,2745,108.5,93.02676215604976,85.060545557387,40,0.8,20.0,85.17316503616168,0.2
2023-03-16,2906,16.8,85.62187522118806,77.82460836602797,16,0.6875,20.0,77.76771465786341,0.15
2020-07-08,2939,114.5,99.41690962099125,78.15313812809758,18,0.7222222222222222,20.0,83.03002408498844,0.15
2020-07-09,2939,111.5,96.90721649484536,88.54735529047703,18,0.7222222222222222,20.0,84.87567043773953,0.15
2020-07-10,2939,109.0,92.33599019006743,89.47358345770748,18,0.7222222222222222,20.0,83.73585958811375,0.15
2020-07-13,2939,107.0,87.88265306122449,89.6002207606611,18,0.7222222222222222,20.0,82.4315177751993,0.15
2020-07-14,2939,107.0,88.14862267777066,86.6330896722072,18,0.7222222222222222,20.0,81.76952588804966,0.15
2020-07-16,2939,108.5,90.15873015873015,73.52991503297513,18,0.7222222222222222,20.0,79.09676447252949,0.15
2020-07-17,2939,106.5,86.4334749918274,81.78714596805392,18,0.7222222222222222,20.0,80.04349565622837,0.15
2020-07-20,2939,106.0,86.3013698630137,81.06502354529209,18,0.7222222222222222,20.0,79.8233335118938,0.15
2020-07-21,2939,103.5,84.07224958949097,83.22261047625089,18,0.7222222222222222,20.0,79.69399416257667,0.15
2020-07-23,2939,105.0,82.14285714285714,71.57501506165141,18,0.7222222222222222,20.0,76.20327757493666,0.15
2020-10-15,2939,92.80000305175781,94.6851355281071,75.07195478472,21,0.6666666666666666,20.0,79.17352935461213,0.12
2020-10-16,2939,92.0999984741211,95.36283695698853,84.49422720816517,21,0.6666666666666666,20.0,81.73240788913785,0.12
2020-10-19,2939,90.5999984741211,93.25213887836209,90.27272542863369,22,0.6818181818181818,20.0,82.9983684752125,0.15
2020-10-20,2939,92.4000015258789,94.80968925554288,66.26999996444756,22,0.6818181818181818,20.0,77.4649522223202,0.15
2020-11-09,2939,91.0,87.46806717307915,75.62782282700641,22,0.6818181818181818,20.0,77.6019213132208,0.12
2023-07-07,3004,91.69999694824219,86.70338666565523,68.6056757841418,30,0.7333333333333333,20.0,77.16243494573202,0.12
2023-07-10,3004,91.0,86.41270163587008,78.30239584634349,30,0.7333333333333333,20.0,79.4994094523469,0.12
2023-07-26,3004,91.19999694824219,67.38213089747141,69.86901994101669,30,0.7333333333333333,20.0,71.68189425449559,0.12
2023-09-26,3004,91.69999694824219,95.38191739953496,75.99994820857634,33,0.7575757575757576,20.0,82.3418349992773,0.12
2023-10-11,3004,91.0,87.62545796252874,76.83425438691418,33,0.7575757575757576,20.0,80.22347371275988,0.12
2023-10-12,3004,90.80000305175781,84.31584077304329,76.35484429129906,33,0.7575757575757576,20.0,79.11073603201048,0.12
2023-10-13,3004,88.69999694824219,83.60556784554933,82.4545068422536,33,0.7575757575757576,20.0,80.42256979150092,0.12
2023-10-16,3004,86.30000305175781,87.80047112007588,89.46196334866221,33,0.7575757575757576,20.0,83.43290490046104,0.12
2023-10-17,3004,85.0999984741211,87.8649090702497,91.41885641123098,33,0.7575757575757576,20.0,83.94145955115538,0.12
2023-10-18,3004,83.0,85.96629181892959,93.4339042952089,33,0.7575757575757576,20.0,83.87563634675382,0.12
2023-10-19,3004,83.80000305175781,85.25223151946025,83.41022623361147,33,0.7575757575757576,20.0,81.15549874151367,0.12
2023-10-20,3004,81.9000015258789,86.34788705365881,93.15221555524148,33,0.7575757575757576,20.0,83.91969273218074,0.12
2023-10-23,3004,81.30000305175781,85.25947822949249,92.4207767014035,34,0.7647058823529411,20.0,83.62421411478685,0.15
2023-10-24,3004,82.80000305175781,85.05965131137268,71.79626141690117,34,0.7647058823529411,20.0,78.40813721822533,0.15
2023-10-26,3004,82.80000305175781,76.97287606757064,67.71512912983776,34,0.7647058823529411,20.0,74.96182157331887,0.15
2024-07-09,3004,100.0,73.32593373756214,77.1888134439422,37,0.7297297297297297,20.0,75.18687537414608,0.12
2024-07-10,3004,100.5,71.81654831209526,66.65943392366937,37,0.7297297297297297,20.0,72.10171486643782,0.12
2024-07-12,3004,99.9000015258789,73.18992027792497,74.36034335370088,37,0.7297297297297297,20.0,74.4389538136946,0.12
2024-07-15,3004,98.5,70.04950495049505,80.47556291168786,37,0.7297297297297297,20.0,75.02563410496236,0.12
2024-07-19,3004,98.30000305175781,68.57364660747109,76.31667743305579,37,0.7297297297297297,20.0,73.54315523239717,0.12
2024-07-22,3004,95.80000305175781,69.54881625683548,86.12041730442411,37,0.7297297297297297,20.0,76.28664109504857,0.12
2022-04-11,3006,135.5,92.73182957393485,88.17792399402943,20,0.65,20.0,81.3640298706878,0.12
2022-04-12,3006,133.0,92.84458950539795,89.11068118684254,20,0.65,20.0,81.63104714833003,0.12
2022-04-13,3006,133.0,93.64514489069649,87.87343713414269,20,0.65,20.0,81.56190275074462,0.12
2022-04-14,3006,133.5,94.48576558091818,80.49637001683358,20,0.65,20.0,79.96982217848385,0.12
2022-04-15,3006,132.0,95.690780882737,85.09610300536616,21,0.6666666666666666,20.0,81.98126001616264,0.12
2022-04-18,3006,129.0,93.98220826792254,86.16096787966919,21,0.6666666666666666,20.0,81.73490445029405,0.12
2022-04-19,3006,122.5,94.10222804718217,90.35282448691663,21,0.6666666666666666,20.0,82.81887453588381,0.12
2022-04-20,3006,124.5,93.67422245651028,77.81768493948037,21,0.6666666666666666,20.0,79.55668797182318,0.12
2022-09-06,3011,16.0,91.76258157876678,92.29625309967685,17,0.7058823529411765,20.0,83.77930833678454,0.12
2022-09-07,3011,15.699999809265137,91.76257967469772,93.65710046542404,17,0.7058823529411765,20.0,84.11951960700061,0.12
2024-11-08,3011,27.100000381469727,99.51409119951217,67.42385056122593,30,0.7,20.0,79.71019000016014,0.12
2024-11-11,3011,26.549999237060547,95.02133417140419,78.88324772103303,30,0.7,20.0,81.22721218167952,0.12
2024-11-12,3011,25.25,93.27265401575093,86.75832640788676,30,0.7,20.0,82.67137780669697,0.12
2024-11-13,3011,25.649999618530273,94.49035431153953,71.21064029911305,30,0.7,20.0,79.14976636824012,0.12
2020-09-24,3016,67.46598052978516,89.44514688770639,79.83973118304242,16,0.6875,20.0,79.41847686207252,0.12
2020-09-25,3016,64.87113189697266,90.67250896012573,85.6597157673589,16,0.6875,20.0,81.24168162987745,0.12
2020-09-28,3016,64.57173156738281,90.98252644530825,86.17801057147534,16,0.6875,20.0,81.46426057646131,0.12
2020-10-12,3016,64.77133178710938,85.95182213098221,73.92723232092116,16,0.6875,20.0,76.89235471952495,0.12
2020-10-13,3016,63.87311553955078,84.02529130111265,81.95720831040008,16,0.6875,20.0,78.32188946793381,0.12
2020-10-14,3016,64.37212371826172,85.15238249488917,68.20393892607633,16,0.6875,20.0,75.22169947998583,0.12
2020-10-20,3016,64.27232360839844,78.53884862715506,65.10095273017954,16,0.6875,20.0,72.4618927706914,0.12
2020-10-21,3016,64.07272338867188,79.63781466681434,68.81156141713522,16,0.6875,20.0,73.71923475432811,0.12
2020-10-22,3016,63.87311553955078,78.60573727101115,72.97636801759799,16,0.6875,20.0,74.45081318570284,0.12
2020-10-23,3016,63.57371139526367,78.05997096871961,76.30196488095153,16,0.6875,20.0,75.11848251085377,0.12
2020-10-26,3016,62.67549514770508,75.9907362413666,84.79291765077033,16,0.6875,20.0,76.62045028510256,0.12
2020-10-27,3016,62.17648696899414,72.07005752117803,87.10379130397064,16,0.6875,20.0,76.02196508234607,0.12
2020-10-28,3016,60.180450439453125,73.574975768184,91.35240264956302,16,0.6875,20.0,77.53559339284595,0.12
2020-10-29,3016,61.07866668701172,73.38858142692605,74.78236594581264,16,0.6875,20.0,73.33716591453097,0.12
2021-05-11,3016,65.17053985595703,98.39228510349393,85.63825407682393,22,0.6818181818181818,20.0,83.38179450479961,0.12
2021-05-12,3016,59.881046295166016,95.38461342016545,90.19419115493642,22,0.6818181818181818,20.0,83.61847726932919,0.12
2021-05-13,3016,59.98085021972656,94.27679560237387,87.68770367625568,22,0.6818181818181818,20.0,82.65951005432153,0.12
2021-05-14,3016,60.57965850830078,95.51703270886365,77.49298024082022,22,0.6818181818181818,20.0,80.4829003274096,0.12
2021-05-17,3016,54.69135665893555,91.30987291564875,93.30072298972827,22,0.6818181818181818,20.0,83.17268807667215,0.12
2021-10-04,3016,78.6437759399414,99.49276166707564,77.91463278368765,25,0.72,20.0,82.9264866960446,0.2
2022-02-18,3016,111.27894592285156,98.46573409565167,68.80717401067545,26,0.7307692307692307,20.0,80.66459065444128,0.2
2022-02-21,3016,110.28092956542969,93.89806421919135,75.77168091370235,26,0.7307692307692307,20.0,81.03541641725991,0.2
2022-02-22,3016,105.29084014892578,91.31513987889616,89.00466471209639,26,0.7307692307692307,20.0,83.56878506476986,0.2
2022-02-23,3016,106.28885650634766,86.24199410762932,80.00818597061398,26,0.7307692307692307,20.0,79.7977216480192,0.2
2022-02-24,3016,99.80174255371094,81.57894809445655,92.17023261883296,26,0.7307692307692307,20.0,81.43931950612212,0.2
2022-03-07,3016,100.79976654052734,80.63684245889017,81.8249330228821,26,0.7307692307692307,20.0,78.57036291646449,0.2
2022-06-20,3016,88.19999694824219,73.59176983124891,88.18938402691799,29,0.7241379310344828,20.0,77.84901488713865,0.2
2022-09-28,3016,71.5999984741211,95.88815706918757,90.09266405121457,36,0.7222222222222222,20.0,84.95627980022658,0.12
2022-09-29,3016,70.4000015258789,98.00072929005522,90.91789576777917,36,0.7222222222222222,20.0,85.79635939562803,0.12
2022-09-30,3016,72.69999694824219,97.43589380523983,65.22899336832405,36,0.7222222222222222,20.0,79.20468315031962,0.12
2022-10-11,3016,71.5,94.46889132636746,69.73991845450468,36,0.7222222222222222,20.0,79.44231367820308,0.15
2022-10-12,3016,70.80000305175781,93.89448803612422,74.73306812868432,36,0.7222222222222222,20.0,80.518280109675,0.15
2022-10-13,3016,66.0999984741211,91.84657333085644,87.6383841448154,36,0.7222222222222222,20.0,83.13023470212744,0.15
2022-10-21,3016,67.0999984741211,90.93428347965418,71.02557396816374,36,0.7222222222222222,20.0,78.70334520260386,0.15
2023-08-10,3016,62.0,88.83734195398753,83.15918916577006,40,0.725,20.0,81.19099987763877,0.15
2023-08-11,3016,61.599998474121094,87.48897814053193,83.30947280689354,40,0.725,20.0,80.82406164388297,0.15
2023-08-14,3016,58.900001525878906,88.54584389382546,89.16260475174879,40,0.725,20.0,82.60440435608484,0.15
2023-08-15,3016,58.20000076293945,86.7314970245406,90.1731596490942,40,0.725,20.0,82.31273901963573,0.15
2023-08-16,3016,57.20000076293945,87.26421319928755,91.57862934104058,40,0.725,20.0,82.8239212950464,0.15
2023-08-17,3016,58.5,87.40255015681643,66.23750988773209,40,0.725,20.0,76.53014251897795,0.15
2023-08-18,3016,57.70000076293945,86.11539043487583,78.1167491992268,40,0.725,20.0,79.11380443026945,0.15
2023-08-21,3016,57.599998474121094,84.12730459935996,77.74758758978999,40,0.725,20.0,78.42508827725548,0.15
2023-08-22,3016,57.099998474121094,82.98377293012709,84.00779111091663,40,0.725,20.0,79.64707965676729,0.15
2023-08-23,3016,57.70000076293945,81.31225083134485,66.43069343022776,40,0.725,20.0,74.75134860696039,0.15
2024-08-05,3016,55.900001525878906,96.39580825056069,88.1725329341808,44,0.6590909090909091,20.0,82.73460298144067,0.12
2024-08-06,3016,54.400001525878906,96.24060314460215,89.64882587126317,44,0.6590909090909091,20.0,83.0571146839237,0.12
2024-09-04,3016,55.5,89.91331740257624,73.72696175080249,44,0.6590909090909091,20.0,77.17846293120076,0.12
2024-09-05,3016,55.29999923706055,91.44910573599263,76.24176037117726,44,0.6590909090909091,20.0,78.26789908631937,0.12
2020-12-31,3017,65.34219360351562,69.96209369384114,73.25340679239223,17,0.7058823529411765,20.0,72.47845039448569,0.15
2021-01-05,3017,64.94677734375,75.27860196746434,75.10811648022046,17,0.7058823529411765,20.0,74.5370802985297,0.15
2021-01-06,3017,63.56282424926758,76.8314082838409,86.02881351651337,17,0.7058823529411765,20.0,77.73309645251591,0.15
2021-02-04,3017,63.56282424926758,83.52067774119801,76.97878700049233,17,0.7058823529411765,20.0,77.47737066071778,0.15
2021-02-05,3017,63.661678314208984,73.54316072479544,71.37297309197896,17,0.7058823529411765,20.0,73.08266207866866,0.15
2021-05-12,3017,56.939640045166016,92.04022131938022,92.04648593504794,21,0.6666666666666666,20.0,82.62368787957605,0.15
2021-05-13,3017,57.631614685058594,92.04021682737546,81.06392315167622,22,0.6818181818181818,20.0,80.33259129067714,0.15
2021-05-17,3017,56.346519470214844,92.74786773331621,89.31660619328707,22,0.6818181818181818,20.0,82.60805732286208,0.15
2021-08-17,3017,68.70320892333984,97.46835305240724,67.09443585228259,23,0.6956521739130435,20.0,78.88368009618412,0.15
2021-08-19,3017,68.99977111816406,98.9177492341386,73.37020735288586,23,0.6956521739130435,20.0,80.88744182585434,0.15
2021-08-24,3017,68.99977111816406,96.76955590144135,66.91422122164813,23,0.6956521739130435,20.0,78.62898729323574,0.15
2021-08-27,3017,68.20894622802734,90.00672129839049,74.97012057161291,23,0.6956521739130435,20.0,78.61411174981167,0.15
2022-05-09,3017,99.84207916259766,99.78929843690818,80.30811912153528,26,0.7307692307692307,20.0,83.9368962345332,0.15
2022-06-20,3017,96.87647247314453,89.41798972047334,87.84409220387843,26,0.7307692307692307,20.0,82.70949689018853,0.15
2022-06-21,3017,96.97532653808594,90.86190211750028,84.15841347859164,26,0.7307692307692307,20.0,82.22125092797492,0.15
2022-06-22,3017,91.53837585449219,89.93288546459713,92.41313515502105,26,0.7307692307692307,20.0,84.00622635121132,0.15
2022-06-23,3017,92.82347869873047,87.29792145845794,79.13130204747341,26,0.7307692307692307,20.0,79.89527887248265,0.15
2022-10-17,3017,100.33634185791016,98.01587354758313,81.31065456241069,30,0.7666666666666667,20.0,84.73242570487761,0.15
2022-10-18,3017,100.33634185791016,98.5014979623259,77.86092561458219,30,0.7666666666666667,20.0,84.01568079234332,0.15
2022-10-19,3017,99.34780883789062,93.69747636873865,79.20624464001109,30,0.7666666666666667,20.0,82.91080407062437,0.15
2022-10-20,3017,97.66729736328125,92.02852568148043,81.29600716800532,30,0.7666666666666667,20.0,82.93255949644546,0.15
2022-10-21,3017,94.3062744140625,89.30647571498908,86.52590767891971,30,0.7666666666666667,20.0,83.42341963422665,0.15
2022-10-24,3017,95.19596099853516,89.24675022593738,73.91339795225757,30,0.7666666666666667,20.0,80.2523745558456,0.15
2022-10-25,3017,93.41659545898438,87.86282148866779,83.35331237835227,30,0.7666666666666667,20.0,82.1971745411884,0.15
2022-10-26,3017,92.52691650390625,88.5567958163664,83.464137489939,30,0.7666666666666667,20.0,82.43307311739467,0.15
2023-10-31,3017,283.5,96.15199615199614,68.22637058347311,33,0.7878787878787878,20.0,81.53855512783076,0.2
2024-07-22,3017,634.0,99.06716417910448,70.94210423904454,38,0.8157894736842105,20.0,83.92935952401879,0.2
2024-07-26,3017,613.0,99.17460317460318,86.84297264279262,38,0.8157894736842105,20.0,87.93680832360542,0.2
2024-07-29,3017,590.0,95.91836734693878,89.00215508064198,38,0.8157894736842105,20.0,87.49973318476844,0.2
2024-08-02,3017,594.0,95.36178107606679,77.13254982535688,38,0.8157894736842105,20.0,84.36535598968557,0.2
2024-08-05,3017,535.0,92.85714285714286,89.27832809754022,38,0.8157894736842105,20.0,86.65040909205423,0.2
2024-08-06,3017,526.0,92.85714285714286,89.91285807475083,38,0.8157894736842105,20.0,86.80904158635688,0.2
2024-08-08,3017,530.0,94.78147423352902,80.37035180273912,38,0.8157894736842105,20.0,85.0007144312698,0.2
2025-01-08,3017,615.0,83.78400903398287,71.97289288419992,42,0.8095238095238095,20.0,79.41414021695913,0.2
2025-01-10,3017,549.0,87.79080945971928,93.15085412046976,42,0.8095238095238095,20.0,85.9106706537475,0.2
2025-01-13,3017,516.0,84.93808907780448,96.51465205982606,42,0.8095238095238095,20.0,85.89580402401214,0.2
2025-01-14,3017,520.0,85.16129032258064,90.36910895778473,42,0.8095238095238095,20.0,84.42637862193466,0.2
2025-01-15,3017,502.0,84.1571609632446,96.96153746025288,42,0.8095238095238095,20.0,85.77324693975089,0.2
2021-05-11,3025,33.75,95.36178107606679,85.1339754652498,23,0.6521739130434783,20.0,81.45724558043683,0.15
2021-05-12,3025,31.4375,94.67499081894968,92.1831728560656,23,0.6521739130434783,20.0,83.01350785100564,0.15
2021-05-13,3025,29.3125,92.91075896580483,94.42007905797499,23,0.6521739130434783,20.0,83.04346484553955,0.15
2023-12-12,3025,48.400001525878906,93.79758676822757,95.71117426104738,55,0.6727272727272727,20.0,84.2488877775483,0.15
2023-12-22,3025,49.099998474121094,94.22106309217895,71.7146999133914,55,0.6727272727272727,20.0,78.37681208781972,0.15
2023-12-25,3025,48.650001525878906,95.62924722862925,76.7976322872899,55,0.6727272727272727,20.0,80.07000042222944,0.15
2023-12-26,3025,48.900001525878906,96.38623313625813,69.53985694484827,55,0.6727272727272727,20.0,78.48265235890767,0.15
2023-12-27,3025,48.70000076293945,95.37899676672313,71.36530991717918,55,0.6727272727272727,20.0,78.63684469112991,0.15
2023-12-28,3025,48.349998474121094,93.26297776507317,78.36979535447269,55,0.6727272727272727,20.0,79.7531603499583,0.15
2024-01-03,3025,48.150001525878906,86.99328148104993,75.74595340517199,55,0.6727272727272727,20.0,77.21629097742615,0.15
2024-01-04,3025,47.29999923706055,87.11423996093808,79.71361337818988,55,0.6727272727272727,20.0,78.24449351464708,0.15
2024-07-22,3025,65.9000015258789,97.65765896357891,66.18039794220127,58,0.6896551724137931,20.0,78.53205234703779,0.15
2024-07-23,3025,65.5999984741211,95.3246165935413,72.01593156046438,58,0.6896551724137931,20.0,79.29102304059228,0.15
2024-07-26,3025,65.30000305175781,97.05691978409754,75.98573638891247,58,0.6896551724137931,20.0,80.80316520487118,0.15
2024-07-29,3025,62.79999923706055,96.377488848501,90.81577589923198,58,0.6896551724137931,20.0,84.30684580177208,0.15
2024-07-30,3025,63.400001525878906,96.27976390045207,78.86407588880675,58,0.6896551724137931,20.0,81.2896033147511,0.15
2024-07-31,3025,63.0,92.77039182455339,82.68326763174335,58,0.6896551724137931,20.0,81.19158962771564,0.15
2024-08-02,3025,61.599998474121094,95.65049572818336,86.64882936334342,58,0.6896551724137931,20.0,83.04701123170466,0.15
2024-08-05,3025,55.5,90.43448005215977,96.05321335947338,58,0.6896551724137931,20.0,83.83330252793007,0.15
2025-01-09,3025,70.69999694824219,95.82100860625951,74.17226008005771,60,0.6833333333333333,20.0,79.78936760189228,0.2
2025-01-10,3025,70.5999984741211,94.79572975236934,73.02359480642286,60,0.6833333333333333,20.0,79.19461762731652,0.2
2025-01-13,3025,66.9000015258789,92.97734763703491,83.26230355379039,60,0.6833333333333333,20.0,81.20878017955806,0.2
2025-01-15,3025,67.0999984741211,91.57828621566523,75.10374816452374,60,0.6833333333333333,20.0,78.7494229058305,0.2
2025-01-17,3025,66.9000015258789,92.29813212148038,74.983172372854,60,0.6833333333333333,20.0,78.93523272965761,0.2
2026-07-09,3025,59.79999923706055,97.49231415288436,73.69632069039707,75,0.6666666666666666,20.0,79.67177441846458,0.15
2026-07-13,3025,59.400001525878906,96.3349091132971,77.33896181389659,75,0.6666666666666666,20.0,80.23521318746327,0.15
2026-07-14,3025,57.400001525878906,95.3451063427981,91.77634126145466,75,0.6666666666666666,20.0,83.5476172182031,0.15
2026-07-15,3025,57.70000076293945,94.48052177462908,85.04104297267465,75,0.6666666666666666,20.0,81.60441727555738,0.15
2026-07-16,3025,58.400001525878906,95.1628522761366,72.45357829758042,75,0.6666666666666666,20.0,78.66225025723608,0.15
2026-07-17,3025,55.79999923706055,93.26441154517492,89.50326662342471,75,0.6666666666666666,20.0,82.35514011940865,0.15
2026-07-20,3025,55.20000076293945,92.91166911929807,89.11293145688698,75,0.6666666666666666,20.0,82.15173360001117,0.15
2026-07-21,3025,56.70000076293945,96.81122552158152,66.81115509317891,75,0.6666666666666666,20.0,77.74615642976919,0.15
2021-05-17,3031,15.0,100.0,81.8391716467637,15,0.7333333333333333,20.0,84.45979291169093,0.15
2021-10-13,3031,20.600000381469727,99.26362303288184,71.06548482889664,16,0.75,20.0,82.04545811708871,0.15
2022-01-21,3031,23.149999618530273,88.41956189610602,81.0988616524589,18,0.7777777777777778,20.0,82.13391731527986,0.15
2022-01-24,3031,22.700000762939453,91.5797495207002,84.56117918917413,18,0.7777777777777778,20.0,83.94755298683694,0.15
2022-01-25,3031,22.100000381469727,89.53990619990114,89.70909180247689,18,0.7777777777777778,20.0,84.62257814392291,0.15
2021-05-17,3034,466.5,97.49231515935932,87.64516097021686,16,0.75,20.0,85.65898479036201,0.15
2021-05-20,3034,460.0,93.1350114416476,80.96860041258178,16,0.75,20.0,82.68265353563973,0.15
2021-08-19,3034,470.5,98.19376026272577,83.1844142541502,19,0.6842105263157895,20.0,82.78054743182896,0.15
2021-08-20,3034,470.0,97.17388895045994,82.1553236420524,19,0.6842105263157895,20.0,82.21731338512477,0.15
2021-08-24,3034,461.0,91.80143755615454,82.5886924855026,19,0.6842105263157895,20.0,80.7139201776957,0.15
2021-08-26,3034,459.5,95.54655870445345,79.66407864037247,19,0.6842105263157895,20.0,81.10630306090283,0.15
2021-08-27,3034,446.0,93.24633699633699,83.85879064172465,19,0.6842105263157895,20.0,81.46491454880595,0.15
2021-08-31,3034,449.0,91.85667752442997,72.48937290657082,19,0.6842105263157895,20.0,78.20566227344538,0.15
2021-09-06,3034,430.0,91.54428126390744,84.32959877580345,20,0.7,20.0,81.54568407312308,0.15
2021-09-07,3034,431.0,89.63317384370016,79.4833271133965,20,0.7,20.0,79.76078393145917,0.15
2021-09-08,3034,425.5,90.27282145735006,83.84996178777224,20,0.7,20.0,81.04433688414808,0.15
2022-02-08,3034,453.0,68.79544108786732,70.59613473107412,27,0.6666666666666666,20.0,70.28766600912873,0.15
2022-02-15,3034,453.0,72.17735006389137,78.54159194308333,27,0.6666666666666666,20.0,73.28860300493824,0.15
2022-02-16,3034,456.0,71.70693106131714,68.43981281386314,27,0.6666666666666666,20.0,70.62203252186093,0.15
2022-02-17,3034,450.5,68.00136092621264,81.99275076181695,27,0.6666666666666666,20.0,72.89859596831803,0.15
2022-02-18,3034,446.5,67.13972239088105,83.67804282538178,27,0.6666666666666666,20.0,73.06142742360976,0.15
2019-11-14,3035,54.20000076293945,81.91118115937678,68.87310507709452,15,0.6666666666666666,20.0,73.79163061708667,0.2
2019-12-03,3035,53.20000076293945,65.01425448109237,84.6989104540411,15,0.6666666666666666,20.0,72.67900395783798,0.2
2020-01-30,3035,52.099998474121094,80.04876189166315,88.33873720641752,16,0.6875,20.0,78.72431286910333,0.2
2021-09-29,3037,131.0,99.64463397299218,84.45650218673485,18,0.6666666666666666,20.0,83.00751573858136,0.1
2021-09-30,3037,132.0,99.82275788727401,73.34000192362264,18,0.6666666666666666,20.0,80.28182784708785,0.1
2021-10-01,3037,127.5,96.63239985820631,87.25232373308951,18,0.6666666666666666,20.0,82.80280089073428,0.1
2021-10-04,3037,122.5,93.47442680776014,90.29844527633117,18,0.6666666666666666,20.0,82.61693936141083,0.1
2021-10-05,3037,125.5,94.04761904761905,67.70011374345799,18,0.6666666666666666,20.0,77.13931415015021,0.1
2021-10-06,3037,121.5,93.41192787794729,88.97372584847967,18,0.6666666666666666,20.0,82.2670098255041,0.1
2021-10-13,3037,116.0,90.92708677004289,87.77225016403455,18,0.6666666666666666,20.0,81.2211885720215,0.1
2021-10-14,3037,117.0,91.73280423280423,77.4757723925227,18,0.6666666666666666,20.0,78.88878436797194,0.1
2022-04-25,3037,202.0,96.3200603887526,67.99701707355557,21,0.7142857142857143,20.0,79.3238438135861,0.1
2022-04-26,3037,199.5,95.77623427820537,79.8226793870095,21,0.7142857142857143,20.0,82.11711155878541,0.1
2022-05-26,3037,201.5,89.98664886515354,73.25585782917238,22,0.7272727272727273,20.0,79.12814093502098,0.1
2022-05-27,3037,201.5,91.241728298949,72.42252449583907,22,0.7272727272727273,20.0,79.29633143182627,0.1
2023-10-23,3043,36.5,98.42347747398964,66.26754429582444,54,0.8518518518518519,20.0,83.64948487170855,0.15
2020-12-11,3047,13.600000381469727,88.54223521669336,67.80323300867104,16,0.8125,20.0,79.88847881717577,0.12
2020-12-15,3047,13.449999809265137,85.04047368175098,77.79609341025572,16,0.8125,20.0,81.33616545708922,0.12
2020-12-16,3047,13.5,84.33730865439131,68.93202629557979,16,0.8125,20.0,78.90919917021233,0.12
2020-12-21,3047,13.350000381469727,82.13797491797698,80.39341811943109,16,0.8125,20.0,81.11474700525086,0.12
2020-12-22,3047,13.100000381469727,86.07495566491586,84.8015173034725,16,0.8125,20.0,83.39786602534288,0.12
2020-12-23,3047,13.149999618530273,89.26224273790817,76.48178767003614,16,0.8125,20.0,82.27411973888148,0.12
2021-01-07,3047,13.149999618530273,82.04778271754913,74.7919860363739,16,0.8125,20.0,79.68733132435821,0.12
2021-01-08,3047,12.949999809265137,82.22259632141315,86.38676433742737,16,0.8125,20.0,82.63846998078078,0.12
2021-01-12,3047,12.399999618530273,85.94502797760956,91.61440939029188,16,0.8125,20.0,85.06211074085584,0.12
2021-01-20,3047,12.300000190734863,87.75172529268883,87.65032369521072,16,0.8125,20.0,84.61309851160932,0.12
2021-01-21,3047,12.050000190734863,89.25886082315927,89.63014312662908,16,0.8125,20.0,85.56019402860505,0.12
2021-01-22,3047,12.149999618530273,91.27589657668112,79.81074354161105,16,0.8125,20.0,83.7104548584071,0.12
2021-05-11,3047,11.649999618530273,98.58088871185217,89.05699449679732,22,0.7272727272727273,20.0,85.6566970559368,0.12
2021-05-12,3047,10.600000381469727,94.64285895228353,93.74864474803495,22,0.7272727272727273,20.0,85.64820069087563,0.12
2021-05-13,3047,10.300000190734863,92.70234733406792,94.86076543244742,22,0.7272727272727273,20.0,85.34407737651405,0.12
2021-05-14,3047,10.350000381469727,92.70234733406792,90.55370067211838,22,0.7272727272727273,20.0,84.26731118643178,0.12
2023-05-09,3047,15.449999809265137,71.20990831478636,67.33515816235366,42,0.6666666666666666,20.0,70.19676203502432,0.12
2023-05-10,3047,15.399999618530273,70.93495403654316,73.74644683701233,42,0.6666666666666666,20.0,71.71709792021603,0.12
2023-05-11,3047,14.850000381469727,70.22114539417721,90.72861727426793,42,0.6666666666666666,20.0,75.74849793682014,0.12
2023-05-15,3047,14.949999809265137,73.10757927038071,75.22307037175257,42,0.6666666666666666,20.0,72.73804137405236,0.12
2023-08-11,3047,15.0,80.17798359728225,87.05844936341268,46,0.6521739130434783,20.0,77.38322481134219,0.1
2023-08-14,3047,14.649999618530273,79.50916974440403,90.47937018656279,46,0.6521739130434783,20.0,78.03781086126625,0.1
2023-08-15,3047,14.850000381469727,77.98734466241947,70.5644262315089,46,0.6521739130434783,20.0,72.60252734790741,0.1
2023-08-16,3047,14.75,78.3093408388461,77.34390857619196,46,0.6521739130434783,20.0,74.39399678700616,0.1
2022-03-08,3051,22.600000381469727,98.74549881233459,68.19230753689833,23,0.782608695652174,20.0,82.14998739749018,0.2
2022-03-10,3051,22.799999237060547,98.00466343373529,68.7776999314618,23,0.782608695652174,20.0,82.07408488255125,0.2
2022-03-11,3051,22.5,98.94575843123319,84.61474887725458,23,0.782608695652174,20.0,86.31567561824882,0.2
2022-03-14,3051,22.850000381469727,99.12460128113126,69.72051320829188,23,0.782608695652174,20.0,82.64576955597757,0.2
2022-03-15,3051,21.799999237060547,95.29865121811187,85.87789177140179,23,0.782608695652174,20.0,85.53732917784923,0.2
2022-03-16,3051,21.450000762939453,91.66337588530241,86.66131004950164,23,0.782608695652174,20.0,84.64260114753135,0.2
2022-10-13,3051,15.699999809265137,98.89770508316042,69.17514717296487,34,0.7352941176470589,20.0,81.0219218476011,0.15
2024-05-09,3051,34.150001525878906,98.3783742002453,85.55576701307,40,0.775,20.0,86.15245401334109,0.2
2024-05-10,3051,33.70000076293945,97.68037059391762,86.96517009830679,40,0.775,20.0,86.29540370275198,0.2
2024-05-13,3051,33.5,96.45275710568323,87.59202481017465,40,0.775,20.0,86.08383333424862,0.2
2024-05-14,3051,33.25,96.07182946007843,87.66430765735876,40,0.775,20.0,85.98762575236321,0.2
2024-05-15,3051,33.45000076293945,97.17514221703749,76.63881999946061,40,0.775,20.0,83.5622476649764,0.2
2024-05-23,3051,33.099998474121094,94.90373760881354,79.87643091898475,40,0.775,20.0,83.69022901239025,0.2
2024-05-24,3051,33.04999923706055,94.70952999696063,78.85245547277222,40,0.775,20.0,83.37597286728123,0.2
2024-06-05,3051,33.150001525878906,82.59492845557119,70.08797958152968,40,0.775,20.0,77.55047343205378,0.2
2024-06-06,3051,32.900001525878906,75.95051338926481,78.89625147976004,40,0.775,20.0,77.75921688671946,0.2
2026-07-17,3051,22.899999618530273,97.27691524141193,88.07780517659894,53,0.6981132075471698,20.0,84.1459220929884,0.15
2026-07-20,3051,22.700000762939453,96.49859891598041,86.90219878150569,53,0.6981132075471698,20.0,83.61852559658564,0.15
2026-07-21,3051,23.149999618530273,100.0,66.69131644957433,53,0.6981132075471698,20.0,79.61622533880868,0.15
2022-01-25,3060,22.350000381469727,91.92673694480777,66.7292677457317,27,0.7037037037037037,20.0,77.37144913098636,0.12
2024-08-05,3060,25.200000762939453,95.71680563472606,90.59899328132603,50,0.68,20.0,83.76479001074932,0.12
2024-08-06,3060,24.799999237060547,98.74917608566234,91.32378311669807,50,0.68,20.0,84.85569860487323,0.12
2024-11-11,3060,24.549999237060547,94.71315967909203,83.34595378887677,53,0.660377358490566,20.0,81.06175710566379,0.12
2024-11-12,3060,23.799999237060547,90.05714137834812,88.60765976387316,54,0.6666666666666666,20.0,81.16905735447273,0.12
2024-11-13,3060,24.049999237060547,92.11502409531647,79.03296465070406,54,0.6666666666666666,20.0,79.39274839127096,0.12
2024-11-14,3060,23.5,90.61355189593212,88.77608827784395,54,0.6666666666666666,20.0,81.37808763824061,0.12
2024-11-15,3060,23.75,90.61355189593212,75.96258904480288,54,0.6666666666666666,20.0,78.17471282998035,0.12
2024-11-18,3060,23.25,88.45714460100446,85.40506053189134,54,0.6666666666666666,20.0,79.88840851327417,0.12
2024-11-19,3060,23.600000381469727,89.95892410393682,67.98631365564077,54,0.6666666666666666,20.0,75.98425564509124,0.12
2024-11-20,3060,23.049999237060547,89.37612924386549,82.26545768393916,54,0.6666666666666666,20.0,79.37920319414444,0.12
2024-11-21,3060,23.399999618530273,90.85984945816712,65.55892463625946,54,0.6666666666666666,20.0,75.647685996515,0.12
2025-04-08,3060,22.25,94.88859492551,90.2020284080785,61,0.6557377049180327,20.0,82.6892167272136,0.12
2025-04-09,3060,20.049999237060547,89.37728775304824,94.49620585021175,61,0.6557377049180327,20.0,82.1093689360084,0.12
2025-04-11,3060,19.950000762939453,91.89069170886769,90.07867415259933,61,0.6557377049180327,20.0,81.75900719835113,0.12
2026-07-28,3060,26.799999237060547,98.67035424785055,79.48471155749056,74,0.6621621621621622,20.0,81.33714902859268,0.12
2026-07-29,3060,26.149999618530273,98.20371861223543,85.52776557037745,74,0.6621621621621622,20.0,82.70792184112986,0.12
2026-07-30,3060,25.399999618530273,96.67405822123507,86.37516895068799,74,0.6621621621621622,20.0,82.46087456890737,0.12
2022-09-26,3062,23.399999618530273,96.22437904096842,90.62986669612049,27,0.6666666666666666,20.0,83.52478038632064,0.12
2022-09-27,3062,24.100000381469727,97.34325224744822,71.40959755261218,27,0.6666666666666666,20.0,79.05537506238751,0.12
2022-09-28,3062,22.549999237060547,93.95432084434458,90.64205706993187,27,0.6666666666666666,20.0,82.84681052078633,0.12
2022-09-29,3062,23.149999618530273,97.4735884823566,72.71954442145592,27,0.6666666666666666,20.0,79.42196265007095,0.12
2022-10-13,3062,22.700000762939453,91.46141590218909,75.29302948922046,27,0.6666666666666666,20.0,78.26168214296185,0.12
2023-04-25,3062,22.450000762939453,74.42280300091522,82.94899206418923,32,0.65625,20.0,74.75158891632188,0.1
2023-04-26,3062,22.399999618530273,74.74221510531781,81.50203177956644,32,0.65625,20.0,74.48567247648695,0.1
2019-05-16,3081,268.5,94.22732588425593,73.82193851421576,13,0.7692307692307693,20.0,81.8006054707538,0.15
2019-05-20,3081,218.0,86.81318681318682,94.86532696961243,13,0.7692307692307693,20.0,84.83721086328222,0.15
2019-05-21,3081,224.5,87.45910577971647,79.75077497792219,13,0.7692307692307693,20.0,81.25234855531856,0.15
2019-05-22,3081,227.5,81.51031529778123,69.83191007153941,13,0.7692307692307693,20.0,76.9879951841423,0.15
2019-05-23,3081,205.0,79.0352504638219,94.29433739865817,13,0.7692307692307693,20.0,82.3610825657342,0.15
2019-10-09,3081,240.5,74.05705662701777,67.49213645759988,17,0.7647058823529411,20.0,74.03132757309353,0.15
2020-02-03,3081,242.0,94.87724724531219,89.55633454487807,19,0.7894736842105263,20.0,86.53646833612896,0.15
2020-03-13,3081,229.5,96.53259361997226,86.9370313418594,19,0.7894736842105263,20.0,86.37824644777231,0.15
2020-03-16,3081,225.0,96.09554432705558,87.82271436824759,19,0.7894736842105263,20.0,86.46855241649436,0.15
2020-03-17,3081,229.0,96.57690552259243,76.20335696617161,19,0.7894736842105263,20.0,83.70812142463642,0.15
2020-03-18,3081,224.0,95.62065841135609,85.1207034704572,19,0.7894736842105263,20.0,85.65058391733692,0.15
2020-03-19,3081,207.0,92.65138154027042,90.67376432989502,19,0.7894736842105263,20.0,86.14806607087067,0.15
2020-08-19,3081,263.5,87.46716410831189,71.95270525623127,21,0.8095238095238095,20.0,80.51403983226567,0.2
2020-08-20,3081,240.0,93.40309372156506,92.54461346274284,21,0.8095238095238095,20.0,87.44279576786951,0.2
2020-08-21,3081,245.0,95.14782216204017,76.41104260154754,21,0.8095238095238095,20.0,83.93282158471322,0.2
2020-08-24,3081,235.0,92.62601804974686,91.92047078820673,21,0.8095238095238095,20.0,87.05363739769003,0.2
2020-08-25,3081,236.0,93.97321428571428,87.4988697966805,21,0.8095238095238095,20.0,86.35239602059869,0.2
2020-09-07,3081,235.0,90.41538442813491,77.56616746282025,21,0.8095238095238095,20.0,82.80187147985981,0.2
2020-09-08,3081,236.0,88.30203568317872,69.58744832086646,21,0.8095238095238095,20.0,80.17318707088452,0.2
2020-09-09,3081,235.0,87.93072112009214,74.310807089164,21,0.8095238095238095,20.0,81.24263239403294,0.2
2021-02-05,3081,274.5,94.75020800890006,71.6687331290519,27,0.7777777777777778,20.0,81.67557901826632,0.15
2021-03-19,3081,272.5,79.63660304112189,76.86078043610276,27,0.7777777777777778,20.0,78.43950935469559,0.15
2021-03-22,3081,270.5,80.68418369210988,80.47573276433324,27,0.7777777777777778,20.0,79.65752163204962,0.15
2021-03-23,3081,266.5,78.53546148910429,84.64951470074244,27,0.7777777777777778,20.0,80.05635045525023,0.15
2021-03-24,3081,268.0,76.61696362298048,76.60428641308984,27,0.7777777777777778,20.0,77.46949402349995,0.15
2021-03-26,3081,261.5,76.6178332839429,81.70640226518971,27,0.7777777777777778,20.0,78.74528388481363,0.15
2021-04-14,3081,258.0,66.38912687204828,86.96689502362976,28,0.75,20.0,76.15846181752192,0.15
2021-08-12,3081,232.0,69.34423645079809,68.52749641990361,34,0.6764705882352942,20.0,70.22926268727416,0.15
2021-08-18,3081,221.0,85.39646273275484,70.03513752971106,34,0.6764705882352942,20.0,75.42184084931304,0.15
2021-08-19,3081,214.0,84.24067094913885,87.59227831738704,34,0.6764705882352942,20.0,79.46438851114723,0.15
2021-08-20,3081,211.0,82.32268963003082,88.72098973070862,34,0.6764705882352942,20.0,79.17117196874523,0.15
2020-07-15,3090,47.599998474121094,66.84866889402183,78.54739022077945,12,0.6666666666666666,20.0,71.69144822340141,0.12
2020-07-17,3090,47.099998474121094,67.5,93.01453454015326,12,0.6666666666666666,20.0,75.50363363503831,0.12
2020-07-20,3090,47.099998474121094,66.3698010304167,89.78443048830407,12,0.6666666666666666,20.0,74.35704793120102,0.12
2024-07-29,3090,61.400001525878906,73.95178151557948,65.13383498790085,16,0.6875,20.0,71.09399320164906,0.12
2024-08-06,3090,59.400001525878906,76.11853599949725,81.0129966334228,16,0.6875,20.0,75.71380995820488,0.12
2020-01-08,3105,275.0,88.33712150000528,84.09916080616392,16,0.6875,20.0,80.15092665154256,0.12
2020-01-30,3105,275.5,74.85572546822813,78.75889349650267,16,0.6875,20.0,74.7714410145941,0.12
2020-02-03,3105,270.5,82.38089054445928,84.05957865945639,16,0.6875,20.0,78.35416182820188,0.12
2020-03-11,3105,264.0,93.306825994967,80.11315311678692,17,0.7058823529411765,20.0,81.19680666592213,0.12
2020-03-12,3105,238.0,89.85167837626854,91.69120352762904,18,0.7222222222222222,20.0,83.54497106145448,0.12
2021-04-21,3105,371.5,72.99532189701635,66.085215500674,24,0.7083333333333334,20.0,71.66990044427341,0.12
2021-04-22,3105,367.5,66.25196374090653,82.34592156498681,24,0.7083333333333334,20.0,73.71206951351866,0.12
2021-05-04,3105,322.0,74.85052989763199,96.73288411397243,24,0.7083333333333334,20.0,79.8883799977827,0.12
2021-05-05,3105,326.0,78.11101828798414,86.7344105857102,24,0.7083333333333334,20.0,78.36690813282279,0.12
2021-05-06,3105,326.0,78.12633285871587,85.90107725237687,24,0.7083333333333334,20.0,78.16316917070898,0.12
2021-08-16,3105,321.0,77.69262011525208,65.96326405990938,28,0.6785714285714286,20.0,72.15574490669583,0.1
2021-08-17,3105,319.5,78.36439533391881,86.25308238837125,28,0.6785714285714286,20.0,77.42973205441132,0.1
2021-08-20,3105,310.0,75.2867203219316,89.74760362859952,28,0.6785714285714286,20.0,77.38005986087222,0.12
2022-02-14,3105,312.5,80.84382209790937,89.79481777908751,32,0.6875,20.0,79.32685107414468,0.12
2022-02-15,3105,308.0,79.13528726566301,91.09429489558741,32,0.6875,20.0,79.13915990359575,0.12
2022-02-22,3105,310.0,76.25842680531792,75.99170277842148,32,0.6875,20.0,74.50045373620074,0.12
2022-02-23,3105,310.5,73.96157785204089,70.77068457097624,32,0.6875,20.0,72.50614449835632,0.12
2022-02-24,3105,302.5,72.16014653942597,86.08060650075689,32,0.6875,20.0,75.79319558701701,0.12
2022-02-25,3105,302.0,70.67024245010836,84.34265832443154,32,0.6875,20.0,74.91173731614039,0.12
2022-05-09,3122,50.2,98.04602692140686,66.7910199008582,25,0.68,20.0,78.51156305163661,0.15
2022-05-11,3122,49.2,97.36504771400087,76.88057396577268,25,0.68,20.0,80.82965780564342,0.15
2022-05-12,3122,47.55,96.1778525843327,83.07581758812019,25,0.68,20.0,82.02231017232985,0.15
2022-05-13,3122,48.35,97.98144344500318,70.14128875716305,25,0.68,20.0,79.3297552227917,0.15
2022-06-13,3122,47.0,91.13874053690111,85.67764838317103,25,0.68,20.0,81.16103425686309,0.2
2022-06-14,3122,46.7,91.11761411311572,86.33699314842359,25,0.68,20.0,81.3195325210406,0.2
2022-06-15,3122,47.05,85.60136917856964,76.39231224415366,25,0.68,20.0,77.1784888146093,0.2
2022-06-16,3122,45.35,89.11154180368746,88.65041723315126,25,0.68,20.0,81.29606684939405,0.2
2022-06-17,3122,42.5,89.6961229479567,93.47564165561828,25,0.68,20.0,82.67774729829156,0.2
2023-09-11,3131,485.5,96.78024382619569,84.49597784364276,26,0.7307692307692307,20.0,84.08114453184632,0.15
2023-09-12,3131,480.0,96.4534594325535,85.30786547415005,26,0.7307692307692307,20.0,84.18608112138048,0.15
2023-09-13,3131,489.5,96.68134731096086,67.85627262253222,26,0.7307692307692307,20.0,79.89154927199823,0.15
2023-09-18,3131,486.0,95.25862068965517,69.69305627527771,26,0.7307692307692307,20.0,79.9239271987929,0.15
2023-09-19,3131,485.0,96.42857142857143,70.91907219821078,26,0.7307692307692307,20.0,80.58141640120104,0.15
2023-09-21,3131,476.0,98.86621315192744,79.25860972343442,26,0.7307692307692307,20.0,83.39759329951376,0.15
2021-08-16,3138,170.5129852294922,98.72600659873956,91.44002910044179,16,0.6875,20.0,85.1028092547323,0.15
2021-08-17,3138,170.5129852294922,99.30143068928516,90.6036832726052,16,0.6875,20.0,85.06635002493684,0.15
2021-08-19,3138,168.541748046875,95.07389275265194,86.24724223151804,16,0.6875,20.0,82.70897838367509,0.15
2021-08-20,3138,171.4986114501953,95.63394975384796,70.84214545467081,16,0.6875,20.0,79.02572128982209,0.15
2022-01-13,3138,202.5457763671875,99.79935749170934,68.20680437188432,20,0.75,20.0,81.49150834048388,0.2
2022-01-14,3138,196.6320343017578,97.06180300870975,87.40785753587534,20,0.75,20.0,85.47050528658175,0.2
2022-01-19,3138,198.1104736328125,95.93669873630142,74.61093691476567,20,0.75,20.0,81.93374384958184,0.2
2022-01-20,3138,199.09609985351562,95.36737712662071,66.7527306695404,20,0.75,20.0,79.79839580537131,0.2
2022-01-21,3138,191.2111053466797,94.8674093891752,84.95678197793895,20,0.75,20.0,84.1994183112373,0.2
2022-01-24,3138,183.32611083984375,94.17989393719225,90.19022625499409,20,0.75,20.0,85.3015247449062,0.2
2022-01-25,3138,178.39797973632812,90.74870463772267,91.84989964611606,20,0.75,20.0,84.68708630284581,0.2
2022-01-26,3138,178.8907928466797,93.71068786535872,85.82287488221131,20,0.75,20.0,84.06892508016044,0.2
2022-02-14,3138,181.84767150878906,84.65070763165278,67.512974775563,20,0.75,20.0,76.77345598338658,0.2
2022-02-15,3138,180.36923217773438,86.21117512069145,71.50862358671272,20,0.75,20.0,78.2405084328856,0.2
2020-02-03,3144,27.35,91.70829170829171,93.74900691917665,15,0.7333333333333333,20.0,84.94973924228168,0.12
2020-02-05,3144,28.25,95.1606658923732,70.00292838118682,15,0.7333333333333333,20.0,80.04893186300866,0.12
2020-02-07,3144,28.1,96.2602842183994,67.93827368296014,15,0.7333333333333333,20.0,79.86265368625986,0.12
2020-02-10,3144,28.0,96.171802054155,68.56340746993854,15,0.7333333333333333,20.0,79.99239248373112,0.12
2024-11-14,3147,130.5,98.25783972125436,86.52546522391692,26,0.6923076923076923,20.0,83.8779489915863,0.2
2024-11-15,3147,131.5,98.25783972125436,76.13506975633668,26,0.6923076923076923,20.0,81.28035012469124,0.2
2024-11-18,3147,130.5,97.5609756097561,81.60931846240041,26,0.6923076923076923,20.0,82.4398530677577,0.2
2025-04-08,3147,152.5,93.37680864071734,84.15774068047375,28,0.7142857142857143,20.0,82.48104919090507,0.2
2025-04-09,3147,137.5,89.37015696403735,88.87732949880552,28,0.7142857142857143,20.0,82.45895089248401,0.2
2025-07-14,3147,190.5,96.92680201154778,82.46481625916897,29,0.7241379310344828,20.0,83.41838259929105,0.2
2025-07-15,3147,192.5,97.21706864564007,68.27413814237322,29,0.7241379310344828,20.0,79.9577930603198,0.2
2025-07-21,3147,191.5,78.20825762565306,69.87193994681104,29,0.7241379310344828,20.0,74.65460020543316,0.2
2025-07-22,3147,183.0,74.50038791938715,87.9786583156786,29,0.7241379310344828,20.0,78.06891888577027,0.2
2025-07-23,3147,187.0,69.70294643140633,71.70925640063672,29,0.7241379310344828,20.0,72.56233596061556,0.2
2025-07-24,3147,183.5,69.76871585602578,81.4177639539349,29,0.7241379310344828,20.0,75.00919367632594,0.2
2025-07-25,3147,183.5,67.88608537630351,78.57287065858468,29,0.7241379310344828,20.0,73.73318120857171,0.2
2025-09-23,3147,183.5,68.8948600080492,65.88595715093308,31,0.7419354838709677,20.0,71.39801180627705,0.2
2025-09-26,3147,182.0,70.71475876982348,77.98483721268111,31,0.7419354838709677,20.0,74.96870145024634,0.2
2025-10-03,3147,182.0,72.7841575279958,73.6023494333193,32,0.75,20.0,74.73583461672857,0.2
2025-10-07,3147,178.5,71.28656186180706,83.77317626232174,32,0.75,20.0,76.82926262412255,0.2
2025-10-13,3147,173.5,72.10697299300993,87.56417699064393,32,0.75,20.0,78.02313614556397,0.2
2025-10-23,3147,169.5,68.04451454896727,66.67293825272255,33,0.7272727272727273,20.0,70.89977074605264,0.2
2025-10-27,3147,168.0,67.15028196793733,78.85391995062024,33,0.7272727272727273,20.0,73.67674639621808,0.2
2025-10-28,3147,165.5,65.9471356117413,84.17592051879475,33,0.7272727272727273,20.0,74.6463026314029,0.2
2026-03-31,3147,153.5,95.0,82.66938273005155,41,0.6585365853658537,20.0,80.92344324348849,0.15
2026-04-02,3147,155.0,96.1947152465714,67.59331244585422,41,0.6585365853658537,20.0,77.51284024641058,0.15
2020-03-04,3152,294.0,98.49707324790381,76.68394804025291,19,0.6842105263157895,20.0,81.24642477390806,0.15
2020-03-09,3152,287.5,97.42388758782201,82.07324570233884,19,0.6842105263157895,20.0,82.27179349140499,0.15
2020-03-10,3152,289.5,98.20059458613676,71.71688476749564,19,0.6842105263157895,20.0,79.91571535718862,0.15
2020-03-11,3152,273.5,96.41713675865223,87.62951797176413,19,0.6842105263157895,20.0,83.35883631001039,0.15
2020-03-13,3152,235.0,84.6775423082787,94.94561984987763,19,0.6842105263157895,20.0,81.6659834444267,0.15
2020-03-16,3152,216.0,83.10610551274452,97.52248872951472,19,0.6842105263157895,20.0,81.83876962567572,0.15
2021-05-10,3152,465.5,98.7807356228409,71.683776897396,22,0.6818181818181818,20.0,80.00971036574671,0.15
2021-05-11,3152,460.0,99.58411312123103,80.64270437218573,22,0.6818181818181818,20.0,82.49045548396118,0.15
2021-05-12,3152,446.0,98.98104748318728,89.03984432277684,22,0.6818181818181818,20.0,84.40882078019584,0.15
2021-05-14,3152,441.5,97.0095107363467,85.58653015626531,22,0.6818181818181818,20.0,82.9540312145158,0.15
2021-05-17,3152,434.5,96.25595643294758,85.85800856924698,22,0.6818181818181818,20.0,82.79583452674147,0.15
2021-05-18,3152,441.0,96.61246612466124,71.8439497742054,22,0.6818181818181818,20.0,79.39927273549517,0.15
2021-05-19,3152,436.5,85.31190308635769,76.71834478799286,22,0.6818181818181818,20.0,77.22770257745097,0.15
2021-05-20,3152,428.0,85.08665598076539,82.33164409784347,22,0.6818181818181818,20.0,78.56345327323594,0.15
2021-05-21,3152,429.0,85.83198625985048,77.55318032380464,22,0.6818181818181818,20.0,77.59243641345175,0.15
2021-05-24,3152,434.5,87.03662484823957,65.17259193825292,22,0.6818181818181818,20.0,74.85868089358055,0.15
2021-08-20,3152,440.5,78.41917564590263,80.85811266956075,24,0.7083333333333334,20.0,76.99028086116098,0.15
2021-08-24,3152,442.5,72.44193228540178,67.63968144382903,24,0.7083333333333334,20.0,71.8925000465778,0.15
2022-01-06,3152,332.5,73.72049979934775,72.95765625125654,31,0.6774193548387096,20.0,72.67814464777975,0.15
2022-01-07,3152,328.0,75.35514507205615,85.98818204492753,31,0.6774193548387096,20.0,76.42616967801001,0.15
2022-01-10,3152,330.0,72.21004673882211,78.92321832876851,31,0.6774193548387096,20.0,73.71639924900006,0.15
2022-10-13,3162,42.75,96.8167094828549,71.67754487940446,12,0.6666666666666666,20.0,78.96439906470758,0.1
2022-10-19,3162,42.65,98.02994483845548,67.86225854861571,12,0.6666666666666666,20.0,78.37454808869057,0.1
2022-10-21,3162,42.0,99.31756141947224,78.22525549474315,12,0.6666666666666666,20.0,81.35158229952745,0.1
2022-10-24,3162,41.45,95.83968123754835,82.05672596517631,12,0.6666666666666666,20.0,81.26608586255858,0.1
2022-10-25,3162,39.0,91.34548811447034,91.15561520952551,12,0.6666666666666666,20.0,82.19255023672248,0.1
2022-10-26,3162,38.5,91.65120593692022,91.99508640579438,12,0.6666666666666666,20.0,82.49413338252467,0.1
2023-05-09,3162,50.5,92.26789850893353,72.50150805207943,15,0.7333333333333333,20.0,79.80574656569992,0.12
2023-05-10,3162,50.7,87.36653899736751,65.09700942232628,15,0.7333333333333333,20.0,76.48421405479182,0.12
2023-07-11,3162,48.95,78.68698626110529,88.03278525379841,17,0.7647058823529411,20.0,80.55546866236942,0.12
2023-07-12,3162,47.25,80.89207471516515,91.51888130185921,17,0.7647058823529411,20.0,82.08851921060258,0.12
2023-08-10,3162,46.0,76.08515572922315,84.43980487611941,19,0.6842105263157895,20.0,76.46181372727048,0.1
2023-10-23,3162,45.7,88.3839536491681,84.99718699355054,24,0.6666666666666666,20.0,79.76448284313807,0.1
2023-10-30,3162,46.0,86.03785585663269,67.24091887262365,24,0.6666666666666666,20.0,74.62158647514572,0.1
2023-10-31,3162,42.9,95.5595026642984,89.62963897033285,24,0.6666666666666666,20.0,83.07526054187274,0.1
2023-11-01,3162,42.85,94.47584789311409,89.72230615114498,24,0.6666666666666666,20.0,82.77333090572047,0.1
2024-01-26,3162,44.0,77.91802030108109,70.50019760988654,26,0.6538461538461539,20.0,72.61584010818058,0.1
2024-01-30,3162,44.2,77.57433586005993,69.9572726595314,26,0.6538461538461539,20.0,72.37700353828545,0.1
2024-01-31,3162,44.05,75.18126311869752,74.99040488236759,26,0.6538461538461539,20.0,72.91736477158577,0.1
2024-02-01,3162,43.9,72.82286964300265,78.77441602150441,26,0.6538461538461539,20.0,73.15584951366151,0.1
2024-02-15,3162,42.2,74.38011830942544,89.66215984039317,26,0.6538461538461539,20.0,76.34496006831054,0.1
2024-03-08,3162,39.9,68.88278095941808,91.14009360495322,26,0.6538461538461539,20.0,75.06524230444835,0.1
2026-03-04,3162,54.6,98.41709537000395,84.11311986560278,43,0.6511627906976745,20.0,82.0882922983321,0.1
2026-03-09,3162,54.8,99.25400969787393,75.51586366426427,43,0.6511627906976745,20.0,80.19005254635849,0.1
2026-03-10,3162,55.0,99.5343639411436,67.21760074617372,43,0.6511627906976745,20.0,78.19959308981674,0.1
2026-03-11,3162,53.8,97.39583333333333,82.2068178777971,43,0.6511627906976745,20.0,81.3053381903795,0.1
2026-03-12,3162,54.2,97.39583333333334,69.61066667542512,43,0.6511627906976745,20.0,78.15630038978651,0.1
2026-03-13,3162,53.6,95.38866930171278,79.53906876332115,43,0.6511627906976745,20.0,80.03625170227434,0.1
2026-07-17,3162,70.6,99.35358758888171,92.53122201244747,45,0.6666666666666666,20.0,84.93888177977638,0.12
2026-07-20,3162,67.5,95.11978704525288,95.1183765922014,45,0.6666666666666666,20.0,84.31553026162621,0.12
2026-07-21,3162,67.5,90.33474776049033,94.28504325886807,45,0.6666666666666666,20.0,82.67168514286412,0.12
2026-07-22,3162,67.6,91.4908916586769,90.351012881433,45,0.6666666666666666,20.0,82.03502071796132,0.12
2026-07-23,3162,66.9,91.2280701754386,93.14778551075392,45,0.6666666666666666,20.0,82.65536743032006,0.12
2026-07-24,3162,65.5,90.43683589138135,93.91340983767523,45,0.6666666666666666,20.0,82.60940322683321,0.12
2026-07-27,3162,64.1,91.6355758815742,94.59932309071951,45,0.6666666666666666,20.0,83.14050353715213,0.12
2026-07-31,3162,59.0,79.81651376146789,70.4910710222235,45,0.6666666666666666,20.0,73.56772188399624,0.12
2023-04-25,3163,51.9,73.49607621333232,76.56179800294035,35,0.6571428571428571,20.0,72.90355807902048,0.15
2023-04-27,3163,52.5,73.53563293198829,67.97928699941326,35,0.6571428571428571,20.0,70.7697973437355,0.15
2023-05-11,3163,52.0,67.94320137693632,75.85079387250164,35,0.6571428571428571,20.0,71.05994459549201,0.15
2023-10-31,3163,85.1,98.77969410999023,72.27272419691847,37,0.6756756756756757,20.0,79.97235955249695,0.15
2023-11-10,3163,86.1,96.38485261644797,68.12932417202909,37,0.6756756756756757,20.0,78.21805709821193,0.15
2024-11-06,3163,139.0,99.32930918846412,72.43755431744813,43,0.6744186046511628,20.0,80.14073947543615,0.15
2024-11-12,3163,136.0,98.0340760157274,82.74759849708998,43,0.6744186046511628,20.0,82.3296805685256,0.15
2024-11-13,3163,136.0,98.67724867724868,80.55893178654927,43,0.6744186046511628,20.0,81.9754656893468,0.15
2024-11-14,3163,131.0,97.4025974025974,87.52455457544009,43,0.6744186046511628,20.0,83.33447600417412,0.15
2024-11-15,3163,131.0,95.85681140205503,84.87304960944067,43,0.6744186046511628,20.0,82.20786396251157,0.15
2024-11-18,3163,124.5,92.28243021346469,92.73259346218798,43,0.6744186046511628,20.0,83.10043556912129,0.15
2024-11-19,3163,128.0,88.06641300588032,70.22168992765424,43,0.6744186046511628,20.0,76.20790452321255,0.15
2024-11-20,3163,127.5,88.06641300588032,71.78166602224594,43,0.6744186046511628,20.0,76.59789854686046,0.15
2024-11-21,3163,126.0,89.3917963224894,78.8515025118644,43,0.6744186046511628,20.0,78.7629726642478,0.15
2024-11-22,3163,126.0,86.8804664723032,76.75275800922893,43,0.6744186046511628,20.0,77.48488758353308,0.15
2024-11-25,3163,126.5,87.39495798319328,70.34272236359422,43,0.6744186046511628,20.0,76.03672612539143,0.15
2025-04-08,3163,136.5,99.43310657596372,88.73313245379637,47,0.6808510638297872,20.0,84.43874700113182,0.2
2025-04-09,3163,123.0,96.60737208875848,92.09717916224959,47,0.6808510638297872,20.0,84.43203833208355,0.2
2022-01-21,3167,75.24272155761719,98.44495161803313,77.97277790521483,13,0.6923076923076923,20.0,81.7959107309444,0.1
2022-01-24,3167,75.33980560302734,98.3388702421609,74.01896901931747,13,0.6923076923076923,20.0,80.7756340967084,0.1
2022-01-25,3167,73.2038803100586,97.38862991314097,86.65690616910118,13,0.6923076923076923,20.0,83.65004628544835,0.1
2022-01-26,3167,73.00970458984375,99.5248650657692,85.73531523433319,13,0.6923076923076923,20.0,84.06051909754481,0.1
2022-02-10,3167,74.36893463134766,95.48756682897158,67.92437263681343,13,0.6923076923076923,20.0,78.3965939771256,0.1
2022-02-14,3167,72.13592529296875,92.49282476715298,84.6592442069918,13,0.6923076923076923,20.0,81.6818892511246,0.1
2022-02-15,3167,72.81553649902344,93.36576822039922,76.16357746209493,13,0.6923076923076923,20.0,79.81985560087426,0.1
2022-02-16,3167,72.81553649902344,90.74285939885633,74.89721864213722,13,0.6923076923076923,20.0,78.71639324942197,0.1
2022-02-17,3167,71.45630645751953,87.53204019775242,85.07205570573477,13,0.6923076923076923,20.0,80.29685675499019,0.1
2022-02-18,3167,71.45630645751953,86.63289992063149,82.9642628574964,13,0.6923076923076923,20.0,79.50016645979431,0.1
2022-02-21,3167,70.48543548583984,79.62776113658364,87.07395074495818,13,0.6923076923076923,20.0,78.4260467964454,0.1
2022-02-24,3169,195.0,91.99762892708951,83.58712991000051,19,0.6842105263157895,20.0,81.02238694510066,0.15
2022-03-08,3169,193.5,88.89862693543675,81.21718627416205,19,0.6842105263157895,20.0,79.50020043864522,0.15
2022-03-09,3169,193.0,89.90198990198991,79.41098788681535,19,0.6842105263157895,20.0,79.3496597317745,0.15
2025-01-13,3169,93.0,90.56144196809159,87.49403264888811,50,0.66,20.0,80.8419407526495,0.12
2025-03-31,3169,96.2,94.10571682088985,65.29529399608134,51,0.6666666666666666,20.0,76.55553854528729,0.12
2025-04-07,3169,89.4,89.79591836734694,93.14554773514296,51,0.6666666666666666,20.0,82.22516244398982,0.12
2023-09-20,3178,86.6,89.08432934671083,76.34532970887781,33,0.696969696969697,20.0,78.72072214032362,0.2
2023-09-21,3178,85.7,88.47725910077902,83.46375399145033,33,0.696969696969697,20.0,80.3182071371872,0.2
2023-09-22,3178,86.5,86.66743389630136,66.8128591398592,33,0.696969696969697,20.0,75.61253586294612,0.2
2024-05-10,3178,105.5,99.41927990708479,65.88146229642257,38,0.7105263157894737,20.0,79.61193901991528,0.2
2024-05-13,3178,104.0,99.80747015787446,75.4904685637536,38,0.7105263157894737,20.0,82.13064766198494,0.2
2024-06-05,3178,105.0,93.4369386305316,76.7336067018351,38,0.7105263157894737,20.0,80.53027273830246,0.2
2024-06-11,3178,105.0,95.32495803471767,75.07046659146991,38,0.7105263157894737,20.0,80.68089353196699,0.2
2019-08-05,3189,38.099998474121094,77.01922277274288,86.69973400081264,12,0.6666666666666666,20.0,76.78070033202602,0.12
2019-08-06,3189,37.599998474121094,78.99957666230469,88.19474114211293,12,0.6666666666666666,20.0,77.74855828421964,0.12
2019-08-07,3189,37.5,78.33652772766854,86.51799533644909,12,0.6666666666666666,20.0,77.13045715241283,0.12
2019-08-15,3189,37.70000076293945,73.10923566179164,67.478145210563,12,0.6666666666666666,20.0,70.80230700117824,0.12
2020-09-11,3189,62.20000076293945,98.9703976036948,75.94181603535286,21,0.6666666666666666,20.0,80.67657328994666,0.12
2020-09-25,3189,62.5,94.21891042716162,75.27406458147875,21,0.6666666666666666,20.0,79.08418927351818,0.12
2021-02-01,3189,74.30000305175781,90.40129285148458,90.78403209579051,25,0.72,20.0,83.416395879393,0.12
2021-02-02,3189,75.5,90.84555964532262,72.59502982225314,25,0.72,20.0,79.00242534916006,0.12
2022-01-07,3189,212.5,97.56382771389593,74.65979153150823,27,0.7407407407407407,20.0,82.15631841926805,0.12
2022-01-10,3189,206.5,99.3103448275862,88.46042005715951,27,0.7407407407407407,20.0,86.13043068478797,0.12
2022-01-11,3189,200.0,96.85163321526957,90.77391237771153,27,0.7407407407407407,20.0,85.97119028123097,0.12
2022-01-12,3189,201.0,92.38790406673618,85.14604480876244,27,0.7407407407407407,20.0,83.22510464443369,0.12
2022-01-13,3189,200.5,89.79591836734694,85.99819114135161,27,0.7407407407407407,20.0,82.6605455177642,0.12
2022-01-14,3189,201.0,92.81221922731356,78.52099405860638,27,0.7407407407407407,20.0,81.69613650506788,0.12
2022-01-21,3189,200.5,89.53594176524113,73.43518747123889,27,0.7407407407407407,20.0,79.44180161960429,0.12
2022-01-25,3189,198.0,90.75105861377313,76.78128761606376,27,0.7407407407407407,20.0,80.6428617103701,0.12
2023-04-25,3189,104.5,79.48645220932895,90.98304146381102,47,0.6595744680851063,20.0,78.37893007130464,0.12
2023-07-27,3189,106.5,83.93821426741911,84.05846041968078,49,0.673469387755102,20.0,78.40016101779898,0.12
2023-07-28,3189,106.5,81.62445936923942,80.83910220428743,49,0.673469387755102,20.0,76.90119499449673,0.12
2023-07-31,3189,103.5,81.76049514000668,88.36728328551136,49,0.673469387755102,20.0,78.8240509960329,0.12
2023-08-10,3189,104.5,80.60752289330092,65.23152181326104,49,0.673469387755102,20.0,72.6942189539586,0.12
2023-08-14,3189,101.0,78.60282651909384,85.47282978337422,49,0.673469387755102,20.0,77.15313703422476,0.12
2023-08-15,3189,101.5,74.83838787137203,75.3577262276761,49,0.673469387755102,20.0,73.49502955098369,0.12
2023-08-21,3189,102.0,72.86428187999739,65.45883050941164,49,0.673469387755102,20.0,70.42807382400518,0.12
2020-12-07,3202,21.45,97.33333333333333,80.46167497770566,24,0.6666666666666666,20.0,81.31541874442641,0.15
2020-12-10,3202,21.5,97.53013238490416,74.63237883578756,24,0.6666666666666666,20.0,79.91713442441814,0.15
2020-12-11,3202,21.15,93.45067539909945,84.91941027526394,24,0.6666666666666666,20.0,81.26505518854582,0.15
2020-12-14,3202,20.5,91.13511310372937,88.13344346780279,24,0.6666666666666666,20.0,81.3738947980695,0.15
2020-12-15,3202,19.8,90.1685393258427,91.08022408338428,24,0.6666666666666666,20.0,81.82061781859888,0.15
2020-12-16,3202,20.0,86.46947765890496,84.21643365708118,24,0.6666666666666666,20.0,78.99495171194178,0.15
2020-12-17,3202,19.95,82.60774447604463,83.11863913255412,24,0.6666666666666666,20.0,77.56198312595191,0.15
2020-12-21,3202,19.9,77.59103641456582,78.35143851491785,24,0.6666666666666666,20.0,74.8651705530992,0.15
2024-08-05,3207,131.0,91.2280701754386,84.39927842568085,15,0.6666666666666666,20.0,80.46824065905179,0.1
2024-08-06,3207,123.0,91.7027417027417,88.22230192553788,15,0.6666666666666666,20.0,81.56639799220697,0.1
2025-11-07,3213,102.5,95.61015111354737,70.8756744344555,12,0.6666666666666666,20.0,78.40196394267808,0.15
2025-11-10,3213,102.0,91.86700931539976,74.99376545675278,12,0.6666666666666666,20.0,78.30854415880812,0.15
2025-11-11,3213,100.5,87.58358060901045,85.67321546832213,12,0.6666666666666666,20.0,79.69337804978366,0.15
2025-11-12,3213,101.5,86.85172016455495,72.2379857913386,12,0.6666666666666666,20.0,76.11501249720114,0.15
2025-11-14,3213,101.5,86.81304459210921,67.36893653403331,12,0.6666666666666666,20.0,74.88614751114109,0.15
2025-11-17,3213,98.6,88.01439491154395,86.90447527172219,12,0.6666666666666666,20.0,80.13043729139373,0.15
2025-11-18,3213,96.7,88.24785427479907,88.93131077587536,12,0.6666666666666666,20.0,80.70718397640856,0.15
2025-11-19,3213,95.5,85.13833958663193,90.1469215675655,12,0.6666666666666666,20.0,80.07823226788095,0.15
2025-11-21,3213,95.3,84.9125972490881,84.44851616974151,12,0.6666666666666666,20.0,78.5859082171618,0.15
2021-05-03,3217,110.5,94.27483842270121,82.09381554272346,16,0.6875,20.0,81.43090541249123,0.15
2021-05-04,3217,105.5,93.37748344370861,88.87180968655458,16,0.6875,20.0,82.85619745475122,0.15
2021-05-05,3217,103.5,92.95112781954887,90.18076199917168,16,0.6875,20.0,83.05552884565758,0.15
2021-05-06,3217,103.0,92.95112781954887,90.51049141780538,16,0.6875,20.0,83.137961200316,0.15
2021-05-11,3217,99.8,90.93682699210338,88.79163537332313,16,0.6875,20.0,82.1039569409618,0.15
2021-05-13,3217,91.8,81.56535918108524,84.75581142056512,16,0.6875,20.0,78.28356060946686,0.15
2021-05-17,3217,90.0,82.45690028588754,87.90050502175038,16,0.6875,20.0,79.33719634120385,0.15
2021-08-16,3217,96.9,86.53940461845917,72.44338013567675,19,0.6842105263157895,20.0,76.59898220893062,0.15
2021-08-17,3217,96.2,87.52401253324224,84.48883234786076,19,0.6842105263157895,20.0,79.90572763641154,0.15
2021-08-18,3217,96.0,87.58200228196583,82.69827952829924,19,0.6842105263157895,20.0,79.47548635613823,0.15
2021-08-19,3217,91.9,87.49938263983208,90.85173670566614,19,0.6842105263157895,20.0,81.48906475783984,0.15
2021-08-20,3217,91.1,84.16264497375775,91.12874745128109,19,0.6842105263157895,20.0,80.55729614442127,0.15
2021-08-23,3217,92.8,82.39709173524295,68.705279792292,19,0.6842105263157895,20.0,74.42176325811957,0.15
2021-09-15,3217,91.2,66.56444144751033,80.92771210294127,19,0.6842105263157895,20.0,72.7275762494621,0.15
2021-09-16,3217,91.7,67.96052528940407,72.4792788925884,19,0.6842105263157895,20.0,71.03429309944201,0.15
2021-09-22,3217,91.2,68.00309881490467,78.16248083794828,19,0.6842105263157895,20.0,72.46786564343215,0.15
2021-11-23,3218,278.0,76.73214729012682,91.76424698900318,14,0.7142857142857143,20.0,79.38927736286027,0.12
2021-11-24,3218,270.5,75.89840113478999,96.21481780364013,14,0.7142857142857143,20.0,80.25179621991846,0.12
2021-11-25,3218,270.5,75.45344427232504,92.96278005871433,14,0.7142857142857143,20.0,79.30529972494752,0.12
2021-11-26,3218,269.5,68.99978249048434,92.7230302593113,14,0.7142857142857143,20.0,77.30926374054455,0.12
2021-11-29,3218,266.5,68.46791807793414,93.81963578802855,14,0.7142857142857143,20.0,77.42385579895881,0.12
2021-12-02,3218,270.0,81.45279775177643,67.69391646189435,14,0.7142857142857143,20.0,74.78788986957794,0.12
2022-01-25,3221,32.6,99.5369298448715,75.78123178425544,24,0.6666666666666666,20.0,80.80638689952531,0.2
2022-01-26,3221,32.2,99.53084682148722,88.195844665043,24,0.6666666666666666,20.0,83.9082152127069,0.2
2022-02-14,3221,32.6,97.72520473157415,73.135236685174,24,0.6666666666666666,20.0,79.60137059076574,0.2
2022-07-06,3221,32.7,99.63556851311954,70.18929170480527,29,0.6896551724137931,20.0,80.12764865255097,0.15
2022-09-06,3221,33.05,80.86147135590652,74.71809026398907,30,0.7,20.0,75.93796397276923,0.15
2022-09-07,3221,32.8,80.1576955762219,82.01902745238056,30,0.7,20.0,77.5520655359617,0.15
2019-07-30,3227,106.5,94.23249825115332,83.03750209536135,13,0.7692307692307693,20.0,84.1060480761094,0.15
2019-08-13,3227,107.5,93.37260677466863,65.05010153174436,13,0.7692307692307693,20.0,79.35123049225976,0.15
2019-08-14,3227,104.5,89.86653484923382,83.08315764125483,13,0.7692307692307693,20.0,82.80767294200693,0.15
2019-08-15,3227,102.0,88.2583170254403,85.22939554004903,13,0.7692307692307693,20.0,82.86176706956743,0.15
2019-08-16,3227,103.0,90.72681704260651,74.22365447384841,13,0.7692307692307693,20.0,80.85088180816714,0.15
2020-03-16,3227,145.0,99.75621647976597,76.08678530585578,16,0.75,20.0,83.44856127039374,0.15
2020-03-17,3227,144.5,98.37945649463974,78.41290654733073,16,0.75,20.0,83.6170635852246,0.15
2020-03-18,3227,131.5,94.83793517406963,91.54164706099718,16,0.75,20.0,85.83679231747018,0.15
2020-03-19,3227,118.5,92.78734295020939,94.2906925815692,16,0.75,20.0,85.90887603045512,0.15
2020-03-20,3227,124.0,93.54838709677419,77.12508522430521,16,0.75,20.0,81.84578743510856,0.15
2020-03-23,3227,118.0,92.7206551410373,90.20873827955057,16,0.75,20.0,84.86838111219883,0.15
2020-09-25,3227,168.5,93.77562989805784,73.34515925630694,18,0.7777777777777778,20.0,81.80231211682742,0.15
2021-02-01,3227,185.0,90.85555426813052,76.63519339631343,22,0.7727272727272727,20.0,81.5972828113357,0.15
2021-02-05,3227,183.0,86.24703360007732,80.24626629335265,22,0.7727272727272727,20.0,81.11749483517954,0.15
2021-02-17,3227,181.0,85.77967927149041,82.21033205161959,22,0.7727272727272727,20.0,81.4683049761702,0.15
2021-02-24,3227,181.5,77.52905842331114,69.94047848511515,22,0.7727272727272727,20.0,75.92565533009031,0.15
2021-02-25,3227,181.5,74.87313640481263,67.96387478802698,22,0.7727272727272727,20.0,74.6347278002687,0.15
2021-03-02,3227,180.5,75.48368410476466,74.247380910232,22,0.7727272727272727,20.0,76.38876864080558,0.15
2021-03-03,3227,180.0,74.00960457583221,74.34576503567776,22,0.7727272727272727,20.0,75.97114081348728,0.15
2021-03-04,3227,178.0,69.69656148404898,78.88046314258258,22,0.7727272727272727,20.0,75.81090241267853,0.15
2021-03-05,3227,178.0,70.99903051527374,76.41720449099017,22,0.7727272727272727,20.0,75.58582845914785,0.15
2021-03-08,3227,178.5,70.69785113826204,68.76261480592784,22,0.7727272727272727,20.0,73.58182722477875,0.15
2021-05-11,3227,175.0,95.64228874573702,74.10387481278471,24,0.7916666666666666,20.0,82.96865532691729,0.15
2021-05-12,3227,171.0,94.76439790575915,86.65175556046103,24,0.7916666666666666,20.0,85.842258261843,0.15
2021-05-14,3227,173.0,92.68841394825647,69.6017690410332,24,0.7916666666666666,20.0,80.95696644473523,0.15
2021-05-17,3227,159.0,88.74032371569317,90.25449721169791,24,0.7916666666666666,20.0,84.93572141763242,0.15
2021-08-11,3227,166.0,90.58673469387756,89.38481213549431,27,0.8148148148148148,20.0,85.96666788648129,0.15
2021-08-12,3227,163.5,90.27777777777777,90.22595069437463,27,0.8148148148148148,20.0,86.08426545137144,0.15
2021-08-13,3227,160.5,89.2032967032967,91.23245837323314,27,0.8148148148148148,20.0,86.01354804874174,0.15
2021-08-16,3227,161.5,88.87338379060233,83.68924944013766,27,0.8148148148148148,20.0,84.02877194165956,0.15
2021-08-17,3227,157.5,87.02954048140043,89.43470501523792,27,0.8148148148148148,20.0,84.91198284267405,0.15
2021-08-19,3227,153.0,84.3625678119349,87.41870267422027,27,0.8148148148148148,20.0,83.60789045657998,0.15
2021-08-20,3227,150.0,82.89615846338535,87.84330705841847,27,0.8148148148148148,20.0,83.27411874806467,0.15
2022-01-07,3227,146.0,72.69585253456222,66.69703514625995,33,0.696969696969697,20.0,71.39210545602457,0.15
2022-01-10,3227,145.0,74.1108476585655,79.63074839956916,33,0.696969696969697,20.0,75.05003230655285,0.15
2022-01-11,3227,143.0,72.95918367346938,86.3498629234856,33,0.696969696969697,20.0,76.38431174200312,0.15
2022-01-12,3227,142.0,70.23809523809524,87.66749198239617,33,0.696969696969697,20.0,75.89739247611853,0.15
2022-01-13,3227,141.0,69.04761904761905,88.95440601471898,33,0.696969696969697,20.0,75.86197812705637,0.15
2022-01-14,3227,139.5,69.04761904761905,90.78984910335171,33,0.696969696969697,20.0,76.32083889921455,0.15
2021-09-16,3228,357.0,96.57827202737383,69.29503047973353,17,0.8235294117647058,20.0,83.0031215810867,0.2
2021-09-22,3228,345.0,97.79621467461757,87.01441811967135,17,0.8235294117647058,20.0,87.79835128524428,0.2
2021-09-23,3228,342.5,97.36409990493475,88.32913697550173,17,0.8235294117647058,20.0,87.99739656829703,0.2
2021-09-24,3228,350.0,98.1135311267364,66.02340044155423,17,0.8235294117647058,20.0,82.64579180135065,0.2
2021-09-27,3228,349.0,99.6459550362896,67.89718893687484,17,0.8235294117647058,20.0,83.57396609804677,0.2
2021-09-28,3228,347.0,97.00267453656737,70.07576993883035,17,0.8235294117647058,20.0,83.32562719861897,0.2
2021-09-29,3228,326.5,94.5124716553288,89.24603603511211,17,0.8235294117647058,20.0,87.37113285831784,0.2
2021-09-30,3228,325.0,95.01873686134722,87.53979455385449,17,0.8235294117647058,20.0,87.09645204980896,0.2
2021-10-01,3228,306.5,93.93149330216669,94.01957842335422,17,0.8235294117647058,20.0,88.39022494942974,0.2
2021-10-04,3228,299.5,89.5823600859572,94.8339220288523,17,0.8235294117647058,20.0,87.28907088594141,0.2
2022-02-24,3228,401.5,89.69538554337991,81.02041538940308,19,0.8421052631578947,20.0,84.42687740510158,0.2
2022-03-07,3228,403.0,90.24144869215291,70.81372425489437,19,0.8421052631578947,20.0,82.03902356610631,0.2
2022-07-01,3228,300.5,91.24501871754619,90.72912638524487,25,0.76,20.0,84.85578721157508,0.2
2022-07-04,3228,270.5,90.20306376914856,94.39959785663146,25,0.76,20.0,85.46081859490243,0.2
2022-10-03,3228,287.0,98.64803965750338,69.39360309831267,26,0.7692307692307693,20.0,82.01973574875225,0.2
2022-10-04,3228,274.0,97.01423977951309,84.83921195459779,26,0.7692307692307693,20.0,85.39099799942645,0.2
2022-10-05,3228,250.0,94.98551370626254,91.102284614935,26,0.7692307692307693,20.0,86.3481483425356,0.2
2022-10-06,3228,252.5,94.80621020886854,82.93537828228052,26,0.7692307692307693,20.0,84.25263071015377,0.2
2023-04-19,3228,179.0,91.67724781363057,74.32655513290537,31,0.7741935483870968,20.0,81.31061957892842,0.2
2023-04-20,3228,174.0,93.12514166392769,87.88437796664776,31,0.7741935483870968,20.0,85.13444344245315,0.2
2023-04-21,3228,167.5,94.88087949421144,91.467241980854,31,0.7741935483870968,20.0,86.55688079508982,0.2
2023-04-24,3228,169.0,91.4509536637729,81.53978119854543,31,0.7741935483870968,20.0,83.04603785038114,0.2
2023-04-25,3228,159.0,93.18973709217612,94.29255660394846,31,0.7741935483870968,20.0,86.75586673025285,0.2
2023-04-26,3228,161.0,94.02139710509755,82.63830952175476,31,0.7741935483870968,20.0,84.09180296358085,0.2
2023-04-27,3228,160.0,91.81380417335473,84.70946376635742,31,0.7741935483870968,20.0,83.94731364520868,0.2
2024-04-22,3228,377.5,98.61888235710745,91.40219795857772,43,0.6511627906976745,20.0,83.97109791770689,0.15
2024-04-23,3228,340.0,95.85474477560808,94.52056890015646,43,0.6511627906976745,20.0,83.92144937865177,0.15
2024-04-24,3228,306.0,93.97269397269397,96.84295183544023,43,0.6511627906976745,20.0,83.93742987159848,0.15
2024-05-10,3228,305.0,91.43372407574391,80.40255044442922,43,0.6511627906976745,20.0,79.06563855476071,0.15
2024-07-22,3228,297.0,96.26612355736592,94.78834504318021,46,0.6739130434782609,20.0,84.79431463235265,0.15
2025-03-19,3228,178.0,88.19875776397515,77.8769655336931,58,0.6551724137931034,20.0,77.58404112640892,0.15
2026-07-17,3228,159.5,98.89200768208008,84.28742217228836,76,0.6710526315789473,20.0,82.87103679506454,0.15
2026-07-20,3228,158.0,96.11221222747369,84.88394941057652,76,0.6710526315789473,20.0,82.18622996825466,0.15
2026-07-21,3228,161.0,93.62104268388723,67.79293477352822,76,0.6710526315789473,20.0,77.16612544591665,0.15
2026-07-23,3228,159.5,90.64149736042233,72.92073473610625,76,0.6710526315789473,20.0,77.55421183952168,0.15
2026-07-24,3228,157.0,90.50279329608938,79.58106403584596,76,0.6710526315789473,20.0,79.17768294515672,0.15
2026-07-27,3228,153.0,92.57670735730781,83.33315030142263,76,0.6710526315789473,20.0,80.73787872991642,0.15
2020-02-27,3234,33.0,99.91235758106924,85.12905204072693,15,0.6666666666666666,20.0,83.25597028450251,0.2
2020-03-02,3234,32.55,99.13314840499307,86.34599754853859,15,0.6666666666666666,20.0,83.32644390863257,0.2
2020-03-04,3234,32.8,96.48135116115412,73.50791420493141,15,0.6666666666666666,20.0,79.32138389957909,0.2
2020-03-12,3234,30.65,95.00900016363933,87.90467425754012,15,0.6666666666666666,20.0,82.47886861347682,0.2
2020-03-13,3234,28.3,81.60954516335681,92.54568044469552,15,0.6666666666666666,20.0,79.61928366018093,0.2
2020-03-16,3234,25.5,78.21428571428571,96.55223043882631,15,0.6666666666666666,20.0,79.60234332399229,0.2
2020-09-11,3234,39.3,99.76529494601783,81.95240977347599,18,0.6666666666666666,20.0,82.41769092717435,0.2
2020-09-22,3234,39.5,96.41447103376038,76.7155714659062,18,0.6666666666666666,20.0,80.10323417660466,0.2
2020-09-23,3234,39.1,95.12432959531935,81.47400725187154,18,0.6666666666666666,20.0,80.90580069156368,0.2
2020-09-24,3234,38.5,91.32412398921834,83.99069104215882,18,0.6666666666666666,20.0,80.3949099573052,0.2
2020-09-25,3234,37.45,85.76716312681766,87.3786070229345,18,0.6666666666666666,20.0,79.57480069377893,0.2
2020-09-28,3234,38.15,80.61291226758853,72.11876992057745,18,0.6666666666666666,20.0,74.21356616042092,0.2
2020-09-29,3234,37.55,81.86776385034925,79.4908764211771,18,0.6666666666666666,20.0,76.43304826039905,0.2
2020-09-30,3234,37.4,81.03581055063535,81.92631912963596,18,0.6666666666666666,20.0,76.79232294759959,0.2
2021-01-20,3234,35.2,96.63561076604556,92.65004056177443,23,0.6956521739130435,20.0,85.02275858764857,0.2
2021-01-21,3234,34.9,97.89140748550342,91.35503378409908,23,0.6956521739130435,20.0,85.0757459090671,0.2
2021-02-01,3234,35.15,90.34172079200255,73.27867404151354,23,0.6956521739130435,20.0,78.29174996537044,0.2
2021-02-02,3234,35.1,82.52342785449886,74.13237383408467,23,0.6956521739130435,20.0,76.15968703226213,0.2
2021-05-03,3234,34.6,93.66917636887331,91.97800799032272,25,0.72,20.0,84.69525490824267,0.15
2021-05-04,3234,32.5,94.1878250229428,96.08430733222865,25,0.72,20.0,85.87742433993999,0.15
2021-05-05,3234,33.05,94.02207234825259,83.70936173370951,25,0.72,20.0,82.73396213790315,0.15
2021-05-06,3234,32.55,94.37509631684388,90.31293587165106,25,0.72,20.0,84.49076286296592,0.15
2021-05-11,3234,30.2,92.10923562508576,92.91644739082466,25,0.72,20.0,84.4618825352319,0.2
2021-05-12,3234,27.95,90.3871829105474,95.9481491408791,25,0.72,20.0,84.70319215838398,0.2
2021-05-13,3234,28.0,90.520694259012,93.59441403483592,25,0.72,20.0,84.15481178641258,0.2
2021-05-14,3234,27.75,89.47015425888665,94.09659402850272,25,0.72,20.0,83.96519478479168,0.2
2021-08-13,3234,27.8,98.1635414653006,87.48263129562984,29,0.6896551724137931,20.0,84.00937543591144,0.15
2021-08-16,3234,26.1,94.32485322896282,92.37872929454191,29,0.6896551724137931,20.0,84.08179346473813,0.15
2021-08-17,3234,26.9,95.97855227882037,67.59433399546444,29,0.6896551724137931,20.0,78.38180435492602,0.15
2021-08-19,3234,26.5,93.78062570674707,73.78166870408852,30,0.7,20.0,79.57960488804625,0.15
2021-09-07,3234,26.2,89.3582942738729,77.22658407262105,30,0.7,20.0,79.11413430031713,0.15
2021-09-08,3234,25.4,83.18529282956517,88.52227852418359,30,0.7,20.0,80.08615747991544,0.15
2021-09-09,3234,25.9,83.16844833985522,69.21591401632483,30,0.7,20.0,75.25451300603777,0.15
2024-01-04,3234,26.55,78.39537874034264,81.14539164516711,56,0.6964285714285714,20.0,76.69781867625171,0.15
2024-01-05,3234,26.55,77.46861093340937,78.42742369692658,56,0.6964285714285714,20.0,75.7402963471116,0.15
2024-01-08,3234,26.15,78.25663954703617,83.24055038120437,56,0.6964285714285714,20.0,77.17998660226908,0.15
2024-07-22,3234,41.0,99.91414835164835,88.79282541021625,59,0.711864406779661,20.0,85.52838306143839,0.2
2024-07-23,3234,39.6,95.25583045136118,90.90970933031329,59,0.711864406779661,20.0,84.6601086713765,0.2
2024-07-26,3234,39.4,90.63845721774949,91.20463015537763,59,0.711864406779661,20.0,83.34862690755908,0.2
2024-07-29,3234,38.05,88.92185037545192,93.14398552902915,59,0.711864406779661,20.0,83.31848369828269,0.2
2024-07-30,3234,38.65,88.92185037545192,81.62831798245936,59,0.711864406779661,20.0,80.43956681164025,0.2
2024-07-31,3234,38.1,90.82042455536431,86.83747834731557,59,0.711864406779661,20.0,82.31142915682801,0.2
2024-08-01,3234,39.0,93.234100135318,66.64568511547094,59,0.711864406779661,20.0,77.98758352285296,0.2
2024-08-02,3234,37.25,89.574241101736,86.64784323812437,59,0.711864406779661,20.0,81.89016534344172,0.2
2024-08-05,3234,33.55,86.76905995558845,95.92217679979802,59,0.711864406779661,20.0,83.36719439001587,0.2
2024-08-06,3234,32.1,86.92022263450835,97.38423567012403,59,0.711864406779661,20.0,83.77805791127334,0.2
2025-01-14,3234,43.3,93.99585921325051,76.52622947809837,61,0.7049180327868853,20.0,80.4778561171063,0.2
2025-01-15,3234,43.0,91.89112960090256,82.52349773764641,61,0.7049180327868853,20.0,81.34575429828892,0.2
2026-07-20,3234,96.3,95.96338988904719,69.67291167043345,73,0.726027397260274,20.0,79.98806680213073,0.2
2026-07-29,3234,90.0,95.89745864194794,85.96557448416159,73,0.726027397260274,20.0,84.041453131433,0.2
2026-07-30,3234,87.0,95.68908343281602,86.54996320374438,73,0.726027397260274,20.0,84.12503774858911,0.2
2021-08-19,3236,24.4,96.8103614923642,85.03896658096131,23,0.6521739130434783,20.0,81.86806748425393,0.1
2021-08-20,3236,24.7,97.68964189449365,69.17196439780724,23,0.6521739130434783,20.0,78.16510105910424,0.1
2020-03-02,3264,26.1,67.98308744152573,85.93496526648508,12,0.75,20.0,76.37866754907898,0.08
2020-03-12,3264,25.1,77.08099948438314,86.9001072817992,12,0.75,20.0,79.34932666576474,0.08
2020-03-13,3264,23.8,83.97479696478219,91.42492502310779,12,0.75,20.0,82.5486703452116,0.08
2020-03-16,3264,22.35,83.62235067437379,95.21307596572763,12,0.75,20.0,83.38997419374404,0.08
2020-03-17,3264,21.5,81.97596795727637,97.020409796943,12,0.75,20.0,83.34789283641865,0.08
2020-03-18,3264,21.0,79.98939835674528,97.99853443497695,12,0.75,20.0,82.99645311576782,0.08
2021-05-05,3264,42.0,93.26625365168977,73.19116271581727,18,0.6666666666666666,20.0,78.27766677446124,0.08
2021-05-06,3264,40.9,93.99916030298195,87.60773651054811,18,0.6666666666666666,20.0,82.10168221853161,0.08
2021-05-11,3264,40.55,98.39322231960269,84.92114432794278,18,0.6666666666666666,20.0,82.7482527778665,0.08
2021-05-12,3264,38.4,95.51820728291315,89.31589108758418,18,0.6666666666666666,20.0,82.98443495676999,0.08
2021-05-13,3264,38.35,92.35474006116208,89.40017264914155,18,0.6666666666666666,20.0,82.056465180634,0.08
2021-05-14,3264,38.55,89.16830783214664,79.00597814231999,18,0.6666666666666666,20.0,78.50198688522399,0.08
2021-05-17,3264,36.15,82.46274273671534,92.62539154724362,18,0.6666666666666666,20.0,79.8951707078255,0.08
2021-10-12,3264,52.9,99.66839103329355,81.96233982041308,20,0.65,20.0,81.89110226509133,0.12
2021-10-13,3264,53.5,99.86698590050545,70.81964208560717,20,0.65,20.0,79.16500629155342,0.12
2021-11-26,3264,53.0,77.6697250731977,83.28641981159187,20,0.65,20.0,75.62252247485728,0.12
2024-11-18,3305,62.400001525878906,76.33625911616551,90.49165581131679,35,0.6857142857142857,20.0,78.09522025910742,0.12
2024-11-20,3305,63.5,75.72165380228701,65.31146671433632,35,0.6857142857142857,20.0,71.61579139069875,0.12
2025-11-18,3305,96.19999694824219,99.91639389948689,66.89863182820473,40,0.65,20.0,78.19957612689726,0.12
2025-11-19,3305,94.19999694824219,99.29723957386021,80.19420291884961,40,0.65,20.0,81.33772260187047,0.12
2025-11-21,3305,91.19999694824219,96.81600384007245,84.90701999211137,40,0.65,20.0,81.77155615004958,0.12
2025-11-24,3305,93.0999984741211,94.97632511104374,71.70773650088499,40,0.65,20.0,77.91983165853436,0.12
2026-07-17,3305,109.0,97.45432764300689,69.63328593593329,46,0.6956521739130435,20.0,79.51418499427669,0.15
2026-07-20,3305,106.0,97.31022115959354,85.18328596592193,46,0.6956521739130435,20.0,83.35845305674984,0.15
2026-07-27,3305,108.0,99.5507637017071,74.12324894315142,46,0.6956521739130435,20.0,81.26560656369128,0.15
2026-07-28,3305,101.0,97.79994133176885,89.526622617699,46,0.6956521739130435,20.0,84.5912032713467,0.15
2026-07-29,3305,94.69999694824219,96.1893292966167,94.85366113079962,46,0.6956521739130435,20.0,85.43977928907621,0.15
2026-07-30,3305,90.5,94.15454804676361,96.6286338584998,46,0.6956521739130435,20.0,85.27308809604533,0.15
2024-07-29,3306,54.8,99.36081815276447,74.22776016977627,39,0.6923076923076923,20.0,81.13441625750417,0.15
2024-08-05,3306,49.7,93.72637944066516,91.47259722915646,39,0.6923076923076923,20.0,83.75529390871944,0.15
2024-08-06,3306,51.0,95.97692424472446,72.71081158465033,39,0.6923076923076923,20.0,79.74001093881068,0.15
2025-01-13,3306,49.0,89.21190097660686,86.66229497419667,43,0.6976744186046512,20.0,81.35937659467076,0.15
2025-01-14,3306,49.6,90.67333939945405,73.09000035120624,44,0.7045454545454546,20.0,78.61086554400141,0.15
2025-01-15,3306,48.5,87.77142857142857,86.1380880169165,44,0.7045454545454546,20.0,81.00231421202133,0.15
2025-01-16,3306,49.25,89.0502666515375,68.02332826591459,44,0.7045454545454546,20.0,76.85727569830354,0.15
2025-01-17,3306,49.0,88.68009961512338,71.94536280196539,44,0.7045454545454546,20.0,77.726734221392,0.15
2025-01-20,3306,48.45,89.5988966785427,81.65879904199852,44,0.7045454545454546,20.0,80.43073240042608,0.15
2025-01-21,3306,48.5,87.75586200902667,76.55495443879795,44,0.7045454545454546,20.0,78.60186084877112,0.15
2025-01-22,3306,48.5,86.35052824123022,74.35124828720396,44,0.7045454545454546,20.0,77.62933418053369,0.15
2025-02-03,3306,46.4,89.2271662763466,84.87001865750348,44,0.7045454545454546,20.0,81.12201818364349,0.15
2025-11-14,3306,50.0,98.4630318718654,69.07163208546905,53,0.6792452830188679,20.0,79.18417607349292,0.15
2025-11-17,3306,49.25,99.42594718714122,77.03298595007809,53,0.6792452830188679,20.0,81.46338913422792,0.15
2025-11-18,3306,47.9,99.50738916256158,86.59435337127731,53,0.6792452830188679,20.0,83.87816358215383,0.15
2025-11-19,3306,47.55,89.59571512753598,85.82656834401338,53,0.6792452830188679,20.0,80.71271511483017,0.15
2025-11-20,3306,48.2,90.81337493675156,73.13541517825496,53,0.6792452830188679,20.0,77.90522476615524,0.15
2025-11-21,3306,47.5,85.6592039800995,82.60069514283049,53,0.6792452830188679,20.0,78.72529347030351,0.15
2025-11-24,3306,47.65,84.22170451461142,76.60917010719692,53,0.6792452830188679,20.0,76.7961623717487,0.15
2025-11-10,3311,32.400001525878906,86.38797511921248,84.0870095607794,31,0.7419354838709677,20.0,81.19620944208762,0.1
2025-11-11,3311,32.400001525878906,83.64083165751012,81.31720388315003,31,0.7419354838709677,20.0,79.67961498416958,0.1
2020-07-27,3317,35.55,83.58316598229283,86.50872244137706,21,0.6666666666666666,20.0,78.70213040503211,0.15
2020-07-28,3317,34.15,85.46867716201251,90.80779808751632,21,0.6666666666666666,20.0,80.34255267048283,0.15
2020-07-29,3317,34.9,88.4545527839207,66.96816376937802,21,0.6666666666666666,20.0,75.27840677752071,0.15
2021-09-22,3317,68.0,98.16849816849816,82.91277285715819,26,0.6923076923076923,20.0,82.94797343406975,0.15
2021-09-23,3317,68.8,98.96616541353383,70.39561532013148,26,0.6923076923076923,20.0,80.05798422332379,0.15
2021-09-29,3317,65.1,93.71038517796197,83.47763156207155,26,0.6923076923076923,20.0,81.75175421313725,0.15
2021-10-01,3317,63.5,93.39333588663348,85.84481270290871,26,0.6923076923076923,20.0,82.24843471094798,0.15
2021-10-06,3317,63.8,89.71273291925465,78.41304253995231,26,0.6923076923076923,20.0,79.28631127999523,0.15
2021-10-12,3317,62.9,91.77834806577322,80.12105560995595,26,0.6923076923076923,20.0,80.33299909145171,0.15
2022-01-14,3317,69.9,97.95081967213113,66.02540568280426,30,0.7333333333333333,20.0,79.8915973223404,0.15
2022-01-19,3317,70.5,94.45002902069939,67.71498117509928,30,0.7333333333333333,20.0,79.26375399998463,0.15
2022-01-21,3317,69.7,93.2183941208813,78.15511443720375,30,0.7333333333333333,20.0,81.50429684556532,0.15
2022-01-24,3317,69.3,89.77399663172183,78.12056836189116,30,0.7333333333333333,20.0,80.46234107998933,0.15
2022-01-25,3317,67.3,86.72022817679533,82.98659258648058,30,0.7333333333333333,20.0,80.76271659965875,0.15
2022-01-26,3317,67.0,86.19873552055115,82.29818592543084,30,0.7333333333333333,20.0,80.43416713752305,0.15
2022-07-01,3317,54.5,80.1847290640394,85.4294076985216,37,0.6756756756756757,20.0,77.6830409141125,0.15
2022-07-04,3317,53.7,73.75586474680473,93.08197234372545,37,0.6756756756756757,20.0,77.66752278024306,0.15
2022-07-06,3317,51.8,74.54703832752612,91.64897267519576,37,0.6756756756756757,20.0,77.54662493732705,0.15
2024-01-11,3317,56.0,77.64902494952844,66.87557096686999,45,0.6666666666666666,20.0,72.01360022657603,0.15
2022-04-18,3322,20.6,93.27517266448564,77.23788473330515,27,0.7037037037037037,20.0,80.4031340937831,0.15
2022-04-19,3322,20.75,95.4367666232073,66.70694544778276,27,0.7037037037037037,20.0,78.41887746001899,0.15
2023-05-12,3322,19.15,95.31615925058547,84.38073096319943,39,0.6923076923076923,20.0,82.45926128520625,0.15
2023-05-15,3322,19.1,96.00709849157055,85.29451765694378,39,0.6923076923076923,20.0,82.89498973093788,0.15
2023-05-16,3322,19.4,95.70977534767738,65.10184996610091,39,0.6923076923076923,20.0,77.7576258650592,0.15
2023-12-14,3322,22.6,80.35168954872313,66.70797370078716,43,0.6976744186046512,20.0,73.71273284795326,0.15
2023-12-15,3322,22.5,79.41644950591824,73.6363246873781,43,0.6976744186046512,20.0,75.16424858175954,0.15
2023-12-18,3322,22.25,76.98563033944191,85.35199435777298,43,0.6976744186046512,20.0,77.36392024941536,0.15
2023-12-19,3322,22.0,78.56398685569613,88.10129557779119,43,0.6976744186046512,20.0,78.52475250929616,0.15
2023-12-20,3322,22.1,65.37254272505265,78.05475059845533,43,0.6976744186046512,20.0,72.05568302526916,0.15
2024-04-19,3322,21.3,97.98224374495561,86.9378515694013,45,0.6888888888888889,20.0,83.79580268250368,0.15
2024-04-22,3322,21.5,99.32487172562787,76.43211530859826,45,0.6888888888888889,20.0,81.5721570115046,0.15
2024-04-23,3322,21.65,99.32487172562787,65.12471706190568,45,0.6888888888888889,20.0,78.74530744983144,0.15
2021-05-11,3323,44.95,95.17808923749517,90.6945085232542,15,0.6666666666666666,20.0,83.2270539020621,0.15
2021-05-12,3323,41.35,93.88475602067834,95.47551470098722,15,0.6666666666666666,20.0,84.0343054814503,0.15
2021-05-13,3323,41.1,93.3920704845815,95.75650235843858,15,0.6666666666666666,20.0,83.9567467349841,0.15
2021-05-14,3323,41.65,94.1983780411728,83.16359763377784,15,0.6666666666666666,20.0,81.0504128207963,0.15
2021-05-17,3323,38.65,90.9306461173681,97.11156710347784,15,0.6666666666666666,20.0,83.55708561107988,0.15
2020-01-06,3324,199.0,88.84242519815368,84.71984342419832,12,0.75,20.0,82.33268841549568,0.15
2020-01-07,3324,189.5,88.30167905312413,89.81260219036265,12,0.75,20.0,83.4436542635279,0.15
2020-01-08,3324,189.5,89.35574229691876,88.97926885702933,12,0.75,20.0,83.55153990333295,0.15
2020-01-09,3324,191.0,90.5607213299521,79.74070804377008,12,0.75,20.0,81.60339340992815,0.15
2020-01-10,3324,186.5,86.85714285714286,90.38984880353021,12,0.75,20.0,83.15460505802541,0.15
2020-01-13,3324,190.0,86.51749856569134,66.2048618684026,12,0.75,20.0,77.00646503680805,0.15
2020-01-16,3324,188.5,81.6134681136204,69.89299181259858,12,0.75,20.0,76.45728838723576,0.15
2020-01-17,3324,187.5,79.85417861003236,73.17310750686893,12,0.75,20.0,76.74953045972694,0.15
2020-01-20,3324,186.0,78.67655158592332,78.83568417339634,12,0.75,20.0,77.81188651912608,0.15
2020-12-11,3324,214.0,92.56179318086541,82.83836986472778,18,0.6666666666666666,20.0,80.47813042044156,0.12
2020-12-15,3324,214.5,88.40368784175509,76.27902496909287,18,0.6666666666666666,20.0,77.59086259479975,0.12
2020-12-21,3324,215.0,84.05041282989782,66.2916184858235,19,0.6842105263157895,20.0,74.3143442598989,0.12
2020-12-22,3324,210.5,86.4397389420718,80.54475324280621,19,0.6842105263157895,20.0,78.59442578279678,0.12
2020-12-23,3324,210.5,86.38438577414263,78.0864203820913,19,0.6842105263157895,20.0,77.9632366172393,0.12
2020-12-29,3324,211.5,69.80040338811511,68.46268751641398,19,0.6842105263157895,20.0,70.58210868501172,0.12
2021-01-29,3324,212.0,86.28512116934775,66.830309287604,19,0.6842105263157895,20.0,75.119429462179,0.12
2021-02-01,3324,208.5,83.4061467350052,80.73260884517934,20,0.7,20.0,78.2049962317964,0.12
2021-02-02,3324,209.0,79.66229368864546,75.33408830896445,20,0.7,20.0,75.73221018383475,0.12
2021-02-03,3324,210.0,77.96690116754561,68.41006449249056,20,0.7,20.0,73.49258647338632,0.12
2022-04-07,3324,194.5,98.36921069797782,84.66348152243263,33,0.6666666666666666,20.0,82.6766335900015,0.12
2022-04-08,3324,198.0,99.1394148020654,65.07271185657135,33,0.6666666666666666,20.0,78.01000240476246,0.12
2022-04-11,3324,186.5,96.55891553701773,86.85352070192522,33,0.6666666666666666,20.0,82.68105483658663,0.12
2022-04-12,3324,188.0,96.44945697577276,79.53509894460485,33,0.6666666666666666,20.0,80.81861182888304,0.12
2022-04-13,3324,184.0,96.15304637138698,87.34160087922155,33,0.6666666666666666,20.0,82.68131413122147,0.12
2022-04-14,3324,185.0,94.1276959214179,79.44121415765576,33,0.6666666666666666,20.0,80.0986123158393,0.12
2022-04-15,3324,177.5,91.04477611940298,89.42958719374,33,0.6666666666666666,20.0,81.6708296342559,0.12
2022-04-18,3324,182.5,91.16457313178626,68.05754641484265,33,0.6666666666666666,20.0,76.36375854324653,0.12
2022-04-19,3324,179.0,91.82444061962134,78.34611046759204,33,0.6666666666666666,20.0,79.13385980278441,0.12
2022-04-20,3324,177.0,90.5986600389021,83.47693403533492,33,0.6666666666666666,20.0,80.04883152050435,0.12
2022-04-21,3324,176.5,91.16684841875681,82.19576946714676,33,0.6666666666666666,20.0,79.89899689241373,0.12
2022-04-22,3324,174.5,90.17038007863695,83.22281019003253,33,0.6666666666666666,20.0,79.85681657109922,0.12
2022-04-25,3324,162.0,86.78038379530916,93.4993657711832,33,0.6666666666666666,20.0,81.40895658138855,0.12
2024-07-22,3324,705.0,96.73727537395844,84.24659901203607,45,0.6666666666666666,20.0,82.08283236519655,0.12
2024-07-26,3324,708.0,95.64701226751089,75.045222165793,45,0.6666666666666666,20.0,79.45540922170152,0.12
2024-07-29,3324,657.0,93.14937242502634,86.45291158239874,45,0.6666666666666666,20.0,81.55803962310759,0.12
2024-07-30,3324,671.0,92.78013092029265,72.08845584172957,45,0.6666666666666666,20.0,77.85615323652019,0.12
2024-07-31,3324,670.0,92.91019581363943,70.74280529626827,45,0.6666666666666666,20.0,77.55876006815889,0.12
2024-08-01,3324,668.0,93.56850516468525,70.55595358346635,45,0.6666666666666666,20.0,77.70953994527216,0.12
2024-08-02,3324,602.0,89.15731405744721,89.762547411735,45,0.6666666666666666,20.0,81.18783107016792,0.12
2024-08-05,3324,542.0,86.77587626979043,93.4357780271117,45,0.6666666666666666,20.0,81.39170738771504,0.12
2024-08-06,3324,514.0,84.82370047255543,94.84610998890295,45,0.6666666666666666,20.0,81.15863763899236,0.12
2025-01-15,3324,611.0,90.81632653061224,69.52452877925046,50,0.66,20.0,76.42603015399628,0.12
2025-02-03,3324,571.0,94.24307036247335,88.07351148091442,50,0.66,20.0,82.09129897897061,0.12
2026-03-31,3324,879.0,93.87009825232589,85.44443875053125,57,0.6842105263157895,20.0,82.04845495280426,0.12
2026-07-08,3324,925.0,99.45914761664383,84.87837178434694,59,0.6949152542372882,20.0,83.90479485819853,0.12
2026-07-09,3324,920.0,98.36089458730967,85.25394649953739,59,0.6949152542372882,20.0,83.6692126281959,0.12
2026-07-13,3324,905.0,97.56946963650874,86.40447404924784,59,0.6949152542372882,20.0,83.71941703038323,0.12
2026-07-14,3324,864.0,93.32546647982889,89.31785856969242,59,0.6949152542372882,20.0,83.17456221349042,0.12
2026-07-15,3324,896.0,94.93181652446583,66.78345659096607,59,0.6949152542372882,20.0,78.0228667321999,0.12
2026-07-20,3324,858.0,88.89885624579502,84.19195171475938,60,0.7,20.0,80.71764480242835,0.12
2024-08-02,3339,38.5,99.783418522048,86.66117787769582,30,0.7,20.0,84.60032002603836,0.15
2024-08-05,3339,34.65,95.41747246279324,90.90240102929681,30,0.7,20.0,84.35084199616217,0.15
2024-08-06,3339,33.4,90.70212026416405,92.09419206668649,30,0.7,20.0,83.23418409592084,0.15
2025-01-06,3339,30.7,91.26182459515795,95.30760787733598,32,0.71875,20.0,84.76794934788138,0.15
2025-01-07,3339,31.45,79.09653885307092,79.97434212590461,32,0.71875,20.0,77.28504718739742,0.15
2025-01-08,3339,31.9,76.6075794621027,67.29035085243008,32,0.71875,20.0,73.36736155173833,0.15
2025-01-09,3339,31.15,74.85904531304048,80.0892946631102,32,0.71875,20.0,76.0425372596897,0.15
2025-07-22,3339,32.0,99.27606177606177,75.1051311270834,37,0.7297297297297297,20.0,82.45099320648127,0.15
2025-07-23,3339,32.25,98.73417721518987,76.32158145183169,37,0.7297297297297297,20.0,82.59254041940677,0.15
2025-07-25,3339,32.2,98.04639804639805,75.00305348148336,37,0.7297297297297297,20.0,82.05657467618215,0.15
2025-07-29,3339,32.25,95.00454132606721,68.53217229364773,37,0.7297297297297297,20.0,79.52629736312399,0.15
2025-10-08,3339,32.0,90.10314070910314,78.01482493700071,38,0.7368421052631579,20.0,80.63991160487586,0.15
2026-07-02,3339,42.1,99.62524359166542,70.68481271660127,49,0.7142857142857143,20.0,80.98734768522137,0.15
2026-07-06,3339,41.25,97.0913770913771,76.57970368153893,49,0.7142857142857143,20.0,81.70091047636929,0.15
2026-07-07,3339,38.1,95.75971731448763,87.92912177780713,49,0.7142857142857143,20.0,84.1387670673695,0.15
2026-07-08,3339,39.2,93.84057971014494,73.32485310227837,49,0.7142857142857143,20.0,79.9119586171845,0.15
2026-07-09,3339,38.2,92.80538302277432,80.61963612289489,49,0.7142857142857143,20.0,81.42509536612745,0.15
2026-07-13,3339,36.35,88.88653121850301,88.03675567461053,49,0.7142857142857143,20.0,82.10371971277496,0.15
2026-07-14,3339,35.0,84.65080583269379,90.11923383122736,49,0.7142857142857143,20.0,81.3536216361864,0.15
2026-07-15,3339,35.7,80.75380914194066,79.31846885427609,49,0.7142857142857143,20.0,77.48433138472265,0.15
2022-01-24,3354,17.25,98.9971027412525,77.66184944208017,27,0.7777777777777778,20.0,84.44792651622913,0.2
2022-01-25,3354,16.45,97.32142857142857,89.22116337672419,27,0.7777777777777778,20.0,86.83505274894296,0.2
2022-02-14,3354,16.65,95.38024164889836,73.02475016699022,27,0.7777777777777778,20.0,82.2035933697504,0.2
2026-03-31,3354,23.7,98.40725312423426,66.10308109182425,69,0.7246376811594203,20.0,79.78707664500895,0.12
2021-05-12,3356,30.0,98.75311839839009,85.67980024423345,23,0.6956521739130435,20.0,83.91545079796668,0.2
2021-05-13,3356,30.28089714050293,99.81917053609631,71.65175589535605,23,0.6956521739130435,20.0,80.72825535205921,0.2
2021-05-14,3356,29.83146095275879,98.54967408274264,82.51731180579606,23,0.6956521739130435,20.0,83.0637953936631,0.2
2021-05-17,3356,26.910112380981445,95.16908341314985,90.59351825016091,23,0.6956521739130435,20.0,84.06866980387647,0.2
2024-08-05,3362,205.5,99.42084942084942,71.51353301700206,45,0.6666666666666666,20.0,79.70463808050533,0.15
2024-08-06,3362,196.5,99.33598937583001,95.21000282411123,45,0.6666666666666666,20.0,85.60329751877681,0.15
2024-08-08,3362,204.5,98.81104810682275,66.7898214769237,45,0.6666666666666666,20.0,78.34076980127774,0.15
2024-11-11,3362,213.0,98.06949806949807,73.0253771920747,46,0.6739130434782609,20.0,79.89458502321592,0.15
2024-11-12,3362,207.5,95.81163685759566,87.79465979151492,46,0.6739130434782609,20.0,82.90954730950526,0.15
2024-11-13,3362,208.0,95.5712014535544,81.2315238238299,46,0.6739130434782609,20.0,81.19663269637162,0.15
2024-11-14,3362,203.0,95.14782216204017,88.0386075352406,46,0.6739130434782609,20.0,82.77138983677003,0.15
2024-11-15,3362,203.0,93.54838709677419,84.74954079352617,46,0.6739130434782609,20.0,81.46929263176162,0.15
2024-11-18,3362,200.0,90.37989899824626,86.77762709132296,46,0.6739130434782609,20.0,81.02576777665244,0.15
2024-11-27,3362,202.5,79.39792844278281,69.63838524100576,46,0.6739130434782609,20.0,73.4463661474341,0.15
2024-11-28,3362,199.5,72.29672928357664,79.35920506642861,46,0.6739130434782609,20.0,73.74621135602797,0.15
2025-03-11,3362,192.5,83.11524681362343,86.4404723376177,49,0.673469387755102,20.0,78.74877376114452,0.15
2025-03-12,3362,190.5,82.31912665413732,91.57742314348101,50,0.68,20.0,79.99009378211144,0.15
2025-03-13,3362,185.5,85.0514221869546,94.4281706538278,50,0.68,20.0,81.52246931954332,0.12
2025-03-14,3362,183.5,86.67267834349829,95.44734600413608,50,0.68,20.0,82.2636400040835,0.12
2025-03-17,3362,186.5,86.7475809761298,71.99919189290348,50,0.68,20.0,76.4240722660648,0.12
2025-03-19,3362,184.5,83.93811542475834,79.57877220211626,50,0.68,20.0,77.47612767795655,0.12
2025-03-20,3362,186.0,82.90455424702898,66.16509966536803,50,0.68,20.0,73.8126411904507,0.12
2025-03-21,3362,184.0,84.24512594267856,78.58309854917108,50,0.68,20.0,77.31931242009634,0.12
2025-03-24,3362,180.0,81.64522664389466,86.76541851533885,50,0.68,20.0,78.58492262200312,0.12
2025-03-25,3362,179.0,72.88136974229354,86.91088141359762,50,0.68,20.0,75.99213127608746,0.12
2025-03-26,3362,181.5,72.70390128426946,68.00306085979025,51,0.6862745098039216,20.0,71.40017089434605,0.12
2025-03-27,3362,180.5,74.33689626947007,72.17187227121417,51,0.6862745098039216,20.0,72.93227224276221,0.12
2025-07-31,3362,117.0,87.64090539307992,67.37499916277086,57,0.6842105263157895,20.0,75.66233719809037,0.12
2025-08-20,3362,117.0,95.82560296846012,66.93555113496508,59,0.6779661016949152,20.0,77.82055172512676,0.12
2025-08-22,3362,115.0,93.48207706242512,78.50387739976732,59,0.6779661016949152,20.0,80.00957551951683,0.12
2025-09-11,3362,114.5,90.63787765172682,78.98862189490586,60,0.6666666666666666,20.0,78.93851876924451,0.12
2025-09-12,3362,114.5,90.69597318583747,76.24524686871315,60,0.6666666666666666,20.0,78.27010367292952,0.12
2025-09-15,3362,113.0,90.36435951437178,80.91623430404206,60,0.6666666666666666,20.0,79.33836643032205,0.12
2025-09-17,3362,113.0,84.08245552987553,76.50518130076786,61,0.6557377049180327,20.0,76.02316313169561,0.12
2024-08-05,3372,17.95,99.49627241587748,75.97635903044403,36,0.6666666666666666,20.0,80.84297148237425,0.12
2024-08-06,3372,17.35,99.19743178170145,92.89013961535319,36,0.6666666666666666,20.0,84.98176443834873,0.12
2026-07-13,3372,18.15,95.77142857142857,84.2502870453629,52,0.6538461538461539,20.0,81.40938494815391,0.12
2026-07-14,3372,17.65,94.71316085489313,85.83354083030878,53,0.660377358490566,20.0,81.68365421876211,0.12
2026-07-16,3372,17.85,95.2528151909914,72.35455309246024,53,0.660377358490566,20.0,78.47580358512946,0.12
2026-07-17,3372,16.95,92.73791458920442,85.68873871047298,53,0.660377358490566,20.0,81.05487980909655,0.12
2026-07-20,3372,16.5,92.44712990936557,86.7168220536541,53,0.660377358490566,20.0,81.22466524094017,0.12
2019-05-08,3374,37.75,83.46777996649922,75.55082056842433,15,0.6666666666666666,20.0,75.92803913205584,0.12
2019-05-09,3374,36.1,87.6433341444482,89.87057936559806,15,0.6666666666666666,20.0,80.76064508473398,0.12
2019-05-10,3374,35.6,86.95344581973164,91.00449617255623,15,0.6666666666666666,20.0,80.83715778905855,0.12
2019-05-13,3374,35.0,83.66018491698486,92.09040959624805,15,0.6666666666666666,20.0,80.12065787415747,0.12
2019-05-14,3374,35.1,85.34910814719589,85.32482723403369,15,0.6666666666666666,20.0,78.93593925266718,0.12
2019-05-16,3374,35.0,78.77972725760851,82.60086240919793,15,0.6666666666666666,20.0,76.28413377958204,0.12
2019-05-17,3374,33.95,79.04970760233918,87.55532077373293,15,0.6666666666666666,20.0,77.60374247413499,0.12
2019-05-20,3374,33.45,79.59731826614944,88.24769939439305,15,0.6666666666666666,20.0,77.94112032844309,0.12
2019-05-21,3374,33.9,79.89495798319328,74.40181097497396,15,0.6666666666666666,20.0,74.56894013870146,0.12
2019-05-22,3374,33.0,79.07606894265827,86.80781545723266,15,0.6666666666666666,20.0,77.42477454710564,0.12
2019-05-23,3374,31.5,76.33968972204266,93.18467266750578,15,0.6666666666666666,20.0,78.19807508348924,0.12
2019-05-24,3374,31.85,70.48597521200261,82.33630928377892,15,0.6666666666666666,20.0,73.72986988454551,0.12
2019-05-27,3374,31.55,70.09880142533204,86.32593195966749,15,0.6666666666666666,20.0,74.61112341751648,0.12
2021-03-02,3374,166.5,97.03861644160152,71.88684047149087,21,0.7142857142857143,20.0,80.5118664789246,0.15
2021-03-08,3374,166.5,96.84542586750788,67.90308133147967,21,0.7142857142857143,20.0,79.45796952169371,0.15
2021-03-25,3374,166.5,91.61964122276979,65.14177029445358,21,0.7142857142857143,20.0,77.19990636901576,0.15
2021-04-13,3374,164.5,86.27714795046326,83.67148173351079,21,0.7142857142857143,20.0,80.22958624708811,0.15
2021-04-14,3374,159.0,91.40486069946651,87.63986661584187,21,0.7142857142857143,20.0,82.75999629237185,0.15
2021-04-16,3374,161.0,86.65378089535292,72.24865680883144,21,0.7142857142857143,20.0,77.48686989938517,0.15
2021-04-19,3374,158.0,86.75143325443125,84.57982177697379,22,0.6818181818181818,20.0,79.62493087511827,0.15
2021-04-21,3374,159.5,82.4967603930716,67.86263089527273,22,0.6818181818181818,20.0,74.16923129628512,0.15
2021-04-22,3374,156.0,83.59903792599034,81.54272082933767,22,0.6818181818181818,20.0,77.91993703967697,0.15
2020-10-30,3437,20.55,94.61101312953164,76.03573516987188,29,0.6551724137931034,20.0,79.04741014512057,0.12
2020-11-02,3437,20.35,92.08575435784412,81.92851554399748,29,0.6551724137931034,20.0,79.76302760714572,0.12
2021-05-05,3437,29.8,94.47320554078635,73.23956641001439,32,0.6875,20.0,79.2768532647395,0.15
2021-05-06,3437,29.25,95.72284003421728,85.73723061388955,32,0.6875,20.0,82.77615966373757,0.15
2021-05-11,3437,27.5,96.7151874275409,89.68517857039097,32,0.6875,20.0,84.06085087086001,0.15
2021-05-12,3437,25.35,94.45759123178479,92.46065518421666,32,0.6875,20.0,84.0774411655896,0.15
2021-05-13,3437,26.8,96.09946367625548,67.22008845945088,32,0.6875,20.0,78.25986121773937,0.15
2021-05-14,3437,26.5,96.09946367625548,69.47313925205894,32,0.6875,20.0,78.82312391589139,0.15
2021-05-17,3437,25.3,94.79976090854753,85.552608534021,32,0.6875,20.0,82.4530804060695,0.15
2021-08-17,3437,26.05,95.71734475374731,78.73202094472519,35,0.6857142857142857,20.0,80.96963723373406,0.15
2021-08-19,3437,25.2,91.63725640632192,83.90425905509738,36,0.6944444444444444,20.0,81.30057501900426,0.15
2021-08-20,3437,25.0,92.88061336254107,82.56598637809506,36,0.6944444444444444,20.0,81.33901393661941,0.15
2021-09-06,3437,25.2,95.29973801818463,72.33024337297776,37,0.7027027027027027,20.0,79.75356332978092,0.15
2021-09-07,3437,24.85,94.47004608294931,81.67015876542216,37,0.7027027027027027,20.0,81.8396345973214,0.15
2022-03-07,3437,23.15,98.62433862433862,87.85665629645666,43,0.6511627906976745,20.0,83.08634938234599,0.15
2022-03-08,3437,22.35,95.23809523809524,90.38703401275875,43,0.6511627906976745,20.0,82.70307079554848,0.15
2022-03-09,3437,22.55,96.48711943793911,80.37425902041727,43,0.6511627906976745,20.0,80.57458430741627,0.15
2021-10-01,3438,76.9,99.96198585873945,77.6957198879986,16,0.6875,20.0,82.03752572962148,0.2
2021-10-04,3438,69.8,96.59511472982976,88.93859733151628,16,0.6875,20.0,83.838183751828,0.2
2022-01-11,3438,79.6,98.59154929577466,86.36645937449933,19,0.6842105263157895,20.0,83.69539542183091,0.2
2022-01-12,3438,79.5,99.93164730006836,85.52836075820802,19,0.6842105263157895,20.0,83.88790016904619,0.2
2022-01-13,3438,78.1,98.15800245599672,88.13468921523233,19,0.6842105263157895,20.0,84.00738883008079,0.2
2022-01-14,3438,76.9,97.69585253456222,89.36627651478999,19,0.6842105263157895,20.0,84.17664067853984,0.2
2022-01-19,3438,77.9,90.41193561779079,69.30895529658609,19,0.6842105263157895,20.0,76.97713529895744,0.2
2022-01-20,3438,77.0,88.2087954177367,78.14723591378603,19,0.6842105263157895,20.0,78.5257633932412,0.2
2022-01-21,3438,76.3,86.10332626610429,81.511751587102,19,0.6842105263157895,20.0,78.73525156608046,0.2
2024-04-16,3438,71.9,99.2289359315856,87.82126590499468,40,0.675,20.0,83.97399725572434,0.15
2024-04-17,3438,72.9,99.08515130190005,72.16877719972629,40,0.675,20.0,80.01773969050159,0.15
2024-04-18,3438,72.3,98.4894259818731,80.22278182006892,40,0.675,20.0,81.85252324957915,0.15
2024-04-19,3438,69.5,97.44897959183675,90.49728716633143,40,0.675,20.0,84.10901566913388,0.15
2024-04-22,3438,67.3,95.53571428571428,92.90734889992338,40,0.675,20.0,84.13755151069512,0.15
2024-04-23,3438,69.3,96.91823037940009,69.50204335995716,40,0.675,20.0,78.70097995380931,0.15
2024-08-05,3438,69.5,93.89048121888672,87.09816441348448,43,0.6744186046511628,20.0,82.17424360857203,0.15
2024-08-06,3438,65.7,92.67209474463361,90.31765981794932,43,0.6744186046511628,20.0,82.61360151741229,0.15
2019-08-07,3443,203.0,96.35208284302189,87.63164560123396,13,0.7692307692307693,20.0,85.89045933013813,0.15
2019-08-08,3443,204.5,95.72852396772663,77.65306185213656,13,0.7692307692307693,20.0,83.20874573027521,0.15
2019-12-11,3443,239.0,95.31011426665215,66.12425372283035,14,0.7857142857142857,20.0,80.6955262821318,0.2
2019-12-13,3443,240.0,90.76488011111717,78.03455305084357,14,0.7857142857142857,20.0,82.3095308674746,0.2
2020-09-25,3443,258.0,94.4132859308557,66.15190072389562,20,0.65,20.0,76.36196096023062,0.12
2020-09-29,3443,257.0,87.21923659329211,72.50432018120314,20,0.65,20.0,75.79185102328842,0.12
2021-05-03,3443,387.0,97.28901461574729,67.04938007304489,23,0.6956521739130435,20.0,78.8186146203767,0.15
2021-05-04,3443,377.0,95.74344023323616,82.63817679082476,23,0.6956521739130435,20.0,82.25214148506834,0.15
2021-05-05,3443,360.0,94.13773477518498,86.34934502562594,23,0.6956521739130435,20.0,82.69822190635328,0.15
2021-05-06,3443,352.5,94.55836865620346,87.82407447368955,23,0.6956521739130435,20.0,83.19309443267473,0.15
2021-05-11,3443,333.0,93.05866547245859,88.82610210565106,23,0.6956521739130435,20.0,82.99369038554164,0.15
2021-05-12,3443,319.5,90.0995637095872,90.88658004829992,23,0.6956521739130435,20.0,82.62107934234244,0.15
2021-05-13,3443,312.0,88.22605965463109,91.96751989577211,23,0.6956521739130435,20.0,82.32926308772365,0.15
2021-05-17,3443,304.5,89.20327624720774,88.73196537227102,23,0.6956521739130435,20.0,81.81353943462138,0.15
2022-01-10,3443,523.0,97.00262770789725,66.3291042061985,27,0.7037037037037037,20.0,78.7941754750299,0.15
2022-01-11,3443,505.0,100.0,92.52375885351643,27,0.7037037037037037,20.0,86.24205082449022,0.15
2022-01-12,3443,505.0,98.76135425268373,91.08496556221513,27,0.7037037037037037,20.0,85.51075877747002,0.15
2022-01-13,3443,498.0,97.14310525386436,91.66975767686922,27,0.7037037037037037,20.0,85.17148210648773,0.15
2022-01-14,3443,507.0,96.8654754901753,70.84898289550294,27,0.7037037037037037,20.0,79.88299948203944,0.15
2022-01-19,3443,504.0,93.25337331334333,72.03196678503616,27,0.7037037037037037,20.0,79.09511480137316,0.15
2022-01-20,3443,495.5,88.38243468593663,81.92013519753732,27,0.7037037037037037,20.0,80.10587531627642,0.15
2022-01-21,3443,486.5,87.6468650488635,84.29948601655076,27,0.7037037037037037,20.0,80.48004212990786,0.15
2022-01-24,3443,485.0,87.60149220978714,83.64104800564961,27,0.7037037037037037,20.0,80.30182077545966,0.15
2022-01-25,3443,467.0,84.58532349109856,89.55084049847385,27,0.7037037037037037,20.0,80.87441828305914,0.15
2022-01-26,3443,472.5,86.61746888423835,78.174934107204,27,0.7037037037037037,20.0,78.64008530318361,0.15
2022-02-08,3443,458.0,84.8800834202294,68.44076702647249,27,0.7037037037037037,20.0,75.68532789379805,0.15
2022-04-25,3443,406.0,88.91108891108891,90.1465173386556,30,0.7,20.0,82.20995600799057,0.15
2022-04-26,3443,391.0,86.97711128650354,92.16066316452975,30,0.7,20.0,82.1332991770835,0.15
2022-10-12,3443,493.5,96.37596446107085,84.9813124874994,35,0.7428571428571429,20.0,84.44383174591039,0.15
2022-10-17,3443,446.5,92.07176356733417,72.6186511035049,35,0.7428571428571429,20.0,80.06190613179076,0.15
2022-10-19,3443,421.5,90.64494827206691,77.95684265821696,35,0.7428571428571429,20.0,80.9684094318886,0.15
2022-10-20,3443,427.0,91.29098360655738,68.01993905863198,35,0.7428571428571429,20.0,78.67799413233949,0.15
2022-10-21,3443,398.5,89.6330602066263,86.72313546824027,35,0.7428571428571429,20.0,82.85641621476225,0.15
2022-10-24,3443,399.0,90.91701787530882,82.52845631607536,35,0.7428571428571429,20.0,82.19293372732578,0.15
2022-10-25,3443,399.0,92.14582098399526,80.0561661021775,35,0.7428571428571429,20.0,81.94350210645725,0.15
2022-10-26,3443,398.5,89.91551868483141,80.82227738292045,35,0.7428571428571429,20.0,81.46593923689383,0.15
2024-08-08,3443,998.0,90.10627678938407,69.96369908192698,46,0.7391304347826086,20.0,78.69672085077522,0.2
2025-11-04,3447,57.400001525878906,97.78706780431864,75.81191323168139,35,0.6571428571428571,20.0,80.00338436350165,0.12
2025-11-05,3447,56.0,92.88917555728051,85.16300404301393,35,0.6571428571428571,20.0,80.87178939222335,0.12
2025-11-06,3447,56.0,93.53002168759713,83.01711639644384,35,0.6571428571428571,20.0,80.5275713196758,0.12
2025-11-07,3447,54.5,93.17889509847112,89.76044423350507,35,0.6571428571428571,20.0,82.10806530220331,0.12
2025-11-11,3447,55.20000076293945,93.93173156231614,75.14890456576514,35,0.6571428571428571,20.0,78.68103132442184,0.12
2025-11-12,3447,54.79999923706055,95.04950524188716,78.1516457122921,35,0.6571428571428571,20.0,79.76704871492488,0.12
2025-11-13,3447,54.599998474121094,94.5848374563469,78.84867711450275,35,0.6571428571428571,20.0,79.80190622981547,0.12
2025-11-14,3447,54.900001525878906,92.00426587186502,70.10429196844477,35,0.6571428571428571,20.0,76.8416384679564,0.12
2025-11-17,3447,53.5,91.5927479328339,83.75249582270044,35,0.6571428571428571,20.0,80.130234049811,0.12
2025-11-18,3447,51.0,92.24184290707885,92.34090969874642,35,0.6571428571428571,20.0,82.47206601109596,0.12
2024-12-20,3466,57.8,98.7607030193781,67.85362791541853,40,0.65,20.0,78.09161788466807,0.12
2024-12-25,3466,57.3,99.6667407242835,69.4498895268543,40,0.65,20.0,78.76249459899863,0.12
2025-01-08,3466,50.8,88.57604431110086,89.95203547314775,41,0.6585365853658537,20.0,80.81691972259281,0.15
2025-01-09,3466,49.35,84.40748440748442,91.41138966610481,41,0.6585365853658537,20.0,79.93119029974713,0.15
2026-05-25,3466,32.95,97.27259324782545,88.14652024152645,61,0.6557377049180327,20.0,82.89053918227023,0.15
2026-05-26,3466,33.65,97.34904270986745,65.86368386909858,61,0.6557377049180327,20.0,77.34276492777586,0.15
2026-05-28,3466,32.75,94.33106575963718,82.8140886311699,61,0.6557377049180327,20.0,80.6749730332246,0.15
2026-05-29,3466,32.95,97.64002517306483,73.96406127022965,62,0.6612903225806451,20.0,79.62173254689621,0.15
2026-06-01,3466,32.6,94.59241323648104,79.94428636751572,62,0.6612903225806451,20.0,80.2025052402426,0.15
2026-06-02,3466,32.65,94.06793434097189,75.75834190142359,62,0.6612903225806451,20.0,78.99867545506682,0.15
2023-07-24,3479,97.8,99.27064086356123,88.54261893666298,14,0.7142857142857143,20.0,85.34541842180553,0.12
2023-07-26,3479,98.7,93.52563427729234,74.00486432088708,14,0.7142857142857143,20.0,79.9874777919809,0.12
2023-08-02,3479,95.4,87.19062092922275,86.04458128478701,14,0.7142857142857143,20.0,81.09690302853501,0.12
2023-08-09,3479,96.9,83.43949079709947,66.25139260851124,14,0.7142857142857143,20.0,75.02326681982908,0.12
2023-10-18,3479,93.6,69.0,77.86405693067918,17,0.7058823529411765,20.0,73.34248482090509,0.12
2023-10-19,3479,93.8,70.15125199015776,73.08954491027679,17,0.7058823529411765,20.0,72.49423241285182,0.12
2023-10-20,3479,93.1,71.52829073718422,84.61422173006727,17,0.7058823529411765,20.0,75.78851324190738,0.12
2023-10-23,3479,92.1,69.09124906507105,89.22221903474569,18,0.6666666666666666,20.0,75.03292947820773,0.12
2024-03-11,3479,109.5,95.66585493530968,77.28129150144892,20,0.7,20.0,81.02007935595513,0.12
2024-07-04,3479,112.0,66.07142857142857,81.17592345826338,22,0.6818181818181818,20.0,72.56995489053986,0.12
2024-07-05,3479,111.5,65.17857142857143,81.53552254141455,22,0.6818181818181818,20.0,72.39199751847052,0.12
2024-07-08,3479,111.0,66.75824175824175,81.62485433093357,22,0.6818181818181818,20.0,72.88823156475136,0.12
2024-07-10,3479,102.0,67.74282694342232,95.26477148182711,23,0.6521739130434783,20.0,75.70425834478782,0.12
2024-07-11,3479,101.5,69.01062388523243,95.69046148067366,23,0.6521739130434783,20.0,76.19101992704249,0.12
2025-11-17,3479,101.0,80.05511831582437,74.29712039682715,30,0.6666666666666666,20.0,74.5908155939541,0.12
2025-11-18,3479,99.5,80.11241258663114,88.88671118752133,30,0.6666666666666666,20.0,78.25540157286967,0.12
2025-11-19,3479,98.1,74.80700836259342,90.24258924304644,30,0.6666666666666666,20.0,77.00274981953963,0.12
2025-11-20,3479,99.4,74.48095639975415,70.35696632398111,30,0.6666666666666666,20.0,71.93352850092153,0.12
2025-11-21,3479,98.7,71.7347854115031,76.48163109653576,30,0.6666666666666666,20.0,72.64084339758487,0.12
2025-11-24,3479,97.3,67.04520465277412,85.42339251603848,30,0.6666666666666666,20.0,73.46940952484185,0.12
2025-11-25,3479,96.6,67.64657415491564,85.78568278033332,30,0.6666666666666666,20.0,73.74039294155801,0.12
2020-10-27,3483,73.2,99.23574368018812,86.94131183387998,14,0.7142857142857143,20.0,84.93462249109785,0.2
2020-10-28,3483,72.1,96.91143352356701,88.2249668580505,14,0.7142857142857143,20.0,84.55824320015415,0.2
2020-10-29,3483,71.8,96.79106251485618,87.36204788505984,14,0.7142857142857143,20.0,84.30640215429324,0.2
2020-10-30,3483,70.0,95.28524280999528,90.48065259718379,14,0.7142857142857143,20.0,84.63430742086597,0.2
2020-11-02,3483,69.4,91.3401302051345,89.45081115952638,14,0.7142857142857143,20.0,83.19331327999338,0.2
2020-11-03,3483,70.1,91.84847615042027,75.74105156931768,14,0.7142857142857143,20.0,79.91837716602693,0.2
2020-11-04,3483,70.2,89.61386517140308,71.44121422828968,14,0.7142857142857143,20.0,78.17303453706477,0.2
2020-11-06,3483,70.3,91.97579584319915,66.30090727600964,14,0.7142857142857143,20.0,77.59653700053359,0.2
2021-05-12,3483,79.4,98.30562321296198,79.4326856161168,19,0.6842105263157895,20.0,81.87617415739147,0.2
2021-05-13,3483,81.5,98.51301115241635,69.28238255670425,19,0.6842105263157895,20.0,79.40081477437465,0.2
2021-05-14,3483,80.2,98.88971132494449,83.61816541750744,19,0.6842105263157895,20.0,83.09777054133389,0.2
2021-05-17,3483,74.4,98.31436999578592,90.36704458826227,19,0.6842105263157895,20.0,84.61238793527502,0.2
2021-08-11,3483,82.5,99.61028838659392,75.46307331211186,21,0.7142857142857143,20.0,82.17742627257756,0.2
2021-08-13,3483,82.2,99.09584086799276,83.22191054657222,21,0.7142857142857143,20.0,83.9628013256123,0.2
2021-08-16,3483,79.9,96.58762290341238,87.13801298150425,21,0.7142857142857143,20.0,84.1893615449712,0.2
2021-08-17,3483,79.0,95.36178107606679,87.30948895039626,21,0.7142857142857143,20.0,83.86447798899053,0.2
2021-08-18,3483,78.8,91.01796407185628,86.61605459311642,22,0.7272727272727273,20.0,82.77758468801781,0.2
2021-08-19,3483,74.0,88.70322428806779,94.77308384497081,22,0.7272727272727273,20.0,84.12242006584486,0.2
2021-08-20,3483,72.6,90.22683397683397,95.72264600558762,22,0.7272727272727273,20.0,84.81689351262892,0.2
2022-03-07,3483,75.8,79.62266468991432,86.2075259795556,30,0.7,20.0,78.4386809018632,0.2
2022-03-08,3483,74.4,76.41965986211748,87.9627209288162,30,0.7,20.0,77.91657819083929,0.2
2022-03-09,3483,75.0,75.53887641091751,81.07845330728725,30,0.7,20.0,75.93127625009706,0.2
2022-04-25,3483,74.9,81.83027148890767,72.4916096527903,32,0.6875,20.0,75.29698385986987,0.2
2022-04-26,3483,74.2,81.37884740360977,85.16802317221673,32,0.6875,20.0,78.33066001413711,0.2
2022-04-27,3483,73.0,83.39659173915084,87.87942298719317,32,0.6875,20.0,79.61383326854354,0.2
2022-04-28,3483,72.6,82.06058545886555,86.85194019484861,32,0.6875,20.0,78.95616068637182,0.2
2022-04-29,3483,72.8,82.28360944825242,80.17743740706064,32,0.6875,20.0,77.35444218624089,0.2
2022-05-03,3483,71.8,80.63885853518683,85.42139460700007,33,0.696969696969697,20.0,78.45609712139698,0.2
2022-05-09,3483,70.8,76.01997123076002,82.93690091514881,33,0.696969696969697,20.0,76.44930750710611,0.2
2022-05-10,3483,70.7,76.68753104520067,81.93693616956232,33,0.696969696969697,20.0,76.39958426504168,0.2
2022-05-11,3483,70.8,76.60763878762971,76.93575310614759,33,0.696969696969697,20.0,75.12532082191672,0.2
2022-06-17,3483,69.3,72.3822472355474,75.73986186518027,34,0.7058823529411765,20.0,73.82611022519458,0.2
2022-06-20,3483,65.3,75.64449122462824,92.09369853617213,34,0.7058823529411765,20.0,78.8932425896668,0.2
2022-06-21,3483,67.2,74.66770984092676,69.80199059002948,34,0.7058823529411765,20.0,73.0272811880207,0.2
2022-06-22,3483,64.1,77.99560284169993,90.39402124274201,35,0.6857142857142857,20.0,78.56861473462405,0.2
2022-06-23,3483,62.2,81.76080696299597,92.67872274781695,35,0.6857142857142857,20.0,80.2693513472816,0.2
2022-06-24,3483,63.2,81.62452595871395,81.00996440896353,35,0.6857142857142857,20.0,77.31127746128364,0.2
2021-05-12,3508,21.1,99.91761410446531,87.20213251648312,30,0.6666666666666666,20.0,83.77581736046037,0.15
2021-05-13,3508,20.3,98.45954272742014,90.93867656960725,30,0.6666666666666666,20.0,84.27253196062786,0.15
2021-05-14,3508,20.0,97.31838127742564,91.43814742903017,30,0.6666666666666666,20.0,84.05505124048523,0.15
2021-05-17,3508,18.2,94.68583932478899,94.2137000864908,30,0.6666666666666666,20.0,83.9591768190594,0.15
2022-02-14,3508,46.65,98.9185291997116,65.94910640296064,38,0.7105263157894737,20.0,79.47862483433785,0.15
2022-02-15,3508,45.95,98.38564547716085,73.71583159813906,38,0.7105263157894737,20.0,81.26044101636722,0.15
2022-02-22,3508,46.1,95.6531954887218,65.12107972777166,38,0.7105263157894737,20.0,78.29201805224366,0.15
2022-02-24,3508,44.5,94.38202247191012,82.6750292241257,38,0.7105263157894737,20.0,82.29915352128866,0.15
2022-02-25,3508,45.2,97.73809523809524,69.2748918178724,38,0.7105263157894737,20.0,79.95594099958087,0.15
2022-03-07,3508,44.2,94.77791116446579,82.18129978199721,38,0.7105263157894737,20.0,82.29448776852324,0.15
2022-03-08,3508,41.85,91.11313315134971,86.52059663590165,38,0.7105263157894737,20.0,82.27987857806454,0.15
2022-03-09,3508,42.0,94.28063040162684,83.39212869783887,38,0.7105263157894737,20.0,82.44801076863197,0.15
2022-03-10,3508,42.6,91.06315371375612,72.96106964682306,38,0.7105263157894737,20.0,78.87500299951681,0.15
2022-09-19,3508,35.65,99.36180657830143,85.08099525933805,47,0.6808510638297872,20.0,83.50432270321855,0.12
2022-09-20,3508,35.65,95.6099576490032,81.66697945059849,47,0.6808510638297872,20.0,81.5252640722442,0.12
2022-09-21,3508,35.2,93.38235294117648,84.20530850291378,47,0.6808510638297872,20.0,81.491564922975,0.12
2022-09-22,3508,35.05,95.7023174844957,83.1218289941736,47,0.6808510638297872,20.0,81.91668440878571,0.12
2022-09-23,3508,33.35,96.01049295004918,90.9594558363064,47,0.6808510638297872,20.0,83.96854375898496,0.12
2022-09-26,3508,30.7,92.51194901752523,95.64044674781066,47,0.6808510638297872,20.0,84.08922830710384,0.12
2022-09-28,3508,31.4,87.86039453717754,79.91413006420332,47,0.6808510638297872,20.0,78.7621827920977,0.12
2022-09-29,3508,31.05,91.58986175115207,82.90445999120035,47,0.6808510638297872,20.0,80.62860543803932,0.12
2022-09-30,3508,30.05,89.21941658019139,90.50545553550678,47,0.6808510638297872,20.0,81.81772077282773,0.12
2022-10-03,3508,29.9,90.93064611736811,89.11573266226368,47,0.6808510638297872,20.0,81.98365891566996,0.12
2020-07-15,3511,25.05,94.34571890145396,83.65743468378197,14,0.7142857142857143,20.0,82.64664576995311,0.2
2020-07-16,3511,25.15,88.59126984126983,75.43341632144862,14,0.7142857142857143,20.0,78.86430646131453,0.2
2020-07-17,3511,24.4,90.5273937532002,86.21120276154303,14,0.7142857142857143,20.0,82.13959024491724,0.2
2020-07-20,3511,24.3,87.30158730158729,86.62475443960348,14,0.7142857142857143,20.0,81.27523622894849,0.2
2020-07-21,3511,24.35,88.11748998664886,79.95432371842554,14,0.7142857142857143,20.0,79.85239935417248,0.2
2020-07-22,3511,24.5,88.5844763179564,67.26428727774201,14,0.7142857142857143,20.0,76.81998614339385,0.2
2020-07-27,3511,23.25,87.43973610758691,89.0037390324336,14,0.7142857142857143,20.0,81.9114270189559,0.2
2020-07-28,3511,21.9,82.17402144103714,93.49869938774214,14,0.7142857142857143,20.0,81.45545270781811,0.2
2021-09-29,3511,38.55,97.74436090225564,78.66639318684976,21,0.7619047619047619,20.0,83.84704942453199,0.2
2021-09-30,3511,38.8,94.8878159613746,71.84591522854973,21,0.7619047619047619,20.0,81.28496645269267,0.2
2021-10-01,3511,36.5,93.2535818611768,88.05734719003539,21,0.7619047619047619,20.0,84.84755421300474,0.2
2021-10-04,3511,37.5,90.41372351160445,72.33091397100054,21,0.7619047619047619,20.0,80.06398840337432,0.2
2022-01-21,3511,37.3,74.67383610560655,85.69188102117778,24,0.7916666666666666,20.0,79.57512108697641,0.15
2022-01-24,3511,36.9,74.396484713562,86.3389292546722,24,0.7916666666666666,20.0,79.65367772773665,0.15
2022-01-25,3511,35.65,78.19377953646044,91.44464633333075,24,0.7916666666666666,20.0,82.06929544427082,0.15
2022-01-26,3511,35.0,82.06903050307406,93.04765377379903,24,0.7916666666666666,20.0,83.63262259437197,0.15
2022-05-12,3511,34.0,92.7494615936827,85.92868304347297,29,0.7931034482758621,20.0,85.10011268724891,0.15
2022-05-13,3511,34.7,95.02666858872712,66.12358108636874,29,0.7931034482758621,20.0,80.83199929648617,0.15
2022-10-21,3511,31.85,99.66339033257034,81.0990374563005,34,0.7647058823529411,20.0,85.11495293443446,0.15
2022-10-25,3511,32.2,98.03656059580231,65.98969395678753,34,0.7647058823529411,20.0,80.84956813852581,0.15
2022-10-26,3511,31.75,97.9051223138262,76.36349931318448,34,0.7647058823529411,20.0,83.4035879930322,0.15
2025-01-10,3511,31.8,94.90944164612581,74.29185950634002,54,0.6666666666666666,20.0,79.04579737042275,0.15
2026-07-20,3511,20.0,97.41824440619621,68.60436501034297,75,0.6533333333333333,20.0,77.9765645744446,0.12
2026-07-28,3511,19.4,94.2084942084942,80.78766612759954,75,0.6533333333333333,20.0,80.05946479444815,0.12
2026-07-29,3511,18.45,92.50288350634371,85.10715431128968,75,0.6533333333333333,20.0,80.62765362972553,0.12
2026-07-30,3511,18.1,91.07142857142857,85.37030382194354,75,0.6533333333333333,20.0,80.26400452691445,0.12
2019-11-20,3527,110.5,77.34082092948088,67.73789627251523,12,0.75,20.0,74.63672034697308,0.2
2019-12-03,3527,110.5,81.30237061706944,65.29234963204857,12,0.75,20.0,75.21379859313298,0.2
2019-12-12,3527,110.0,76.01694273045202,72.94608508449511,13,0.7692307692307693,20.0,76.11852716718246,0.2
2019-12-13,3527,109.5,73.75787394127074,75.84943599207709,13,0.7692307692307693,20.0,76.16664425732358,0.2
2020-02-03,3527,104.0,85.31375166889185,87.82956471686546,14,0.7142857142857143,20.0,80.98008810845535,0.2
2020-02-04,3527,106.0,89.40533151059466,65.51564077865727,14,0.7142857142857143,20.0,76.62908107641414,0.2
2020-02-05,3527,103.0,87.70764119601328,86.80814682238257,15,0.7333333333333333,20.0,82.01432906439962,0.2
2020-02-07,3527,103.5,87.61904761904762,74.8609645762479,15,0.7333333333333333,20.0,79.00095542977625,0.2
2020-02-10,3527,100.5,88.14862267777066,84.290553420573,15,0.7333333333333333,20.0,81.51722515847445,0.2
2020-03-02,3527,101.5,91.10728628800918,66.36886025873119,16,0.75,20.0,78.42440095108554,0.2
2020-03-09,3527,100.0,94.20849420849422,76.25637087020701,17,0.7647058823529411,20.0,82.26781745068826,0.2
2020-03-11,3527,99.0,93.01825993555317,77.47422931579993,17,0.7647058823529411,20.0,82.21521178020417,0.2
2020-03-12,3527,90.0,89.14689550731953,89.94554853776418,17,0.7647058823529411,20.0,84.17163225722514,0.2
2020-03-13,3527,86.1,87.93035219628017,92.17317090220482,17,0.7647058823529411,20.0,84.36357485502349,0.2
2020-03-16,3527,80.8,85.25314631568834,94.78622117992312,17,0.7647058823529411,20.0,84.21367566027551,0.2
2020-08-20,3527,81.8,83.1078480536192,94.67179454211956,22,0.7272727272727273,20.0,82.41848486979747,0.12
2021-05-12,3527,92.5,98.8071380856952,87.7640954317375,25,0.76,20.0,86.38316528364294,0.1
2021-05-13,3527,93.1,99.23809523809524,77.83571006811404,25,0.76,20.0,84.03035608845708,0.1
2021-05-14,3527,88.8,98.0340760157274,89.60084553170661,25,0.76,20.0,86.61043418764487,0.1
2021-05-17,3527,82.0,94.9748743718593,92.99785318503046,25,0.76,20.0,86.5419256078154,0.15
2022-01-04,3527,178.5,94.712820200982,65.02314591914755,27,0.7777777777777778,20.0,80.00296587341482,0.15
2022-01-05,3527,177.0,93.27056659945484,74.65938964663627,28,0.7857142857142857,20.0,82.21744596292409,0.15
2022-01-06,3527,170.5,95.50692098710864,87.33206269566784,28,0.7857142857142857,20.0,86.05652054147812,0.15
2022-01-07,3527,173.0,96.18155096907124,74.13819089107926,28,0.7857142857142857,20.0,82.96044158491975,0.15
2022-01-10,3527,173.5,95.02813883931952,67.94372274314199,28,0.7857142857142857,20.0,81.06580090900992,0.15
2022-01-11,3527,171.5,96.12911884058072,78.34915476291054,28,0.7857142857142857,20.0,83.99745291433042,0.15
2022-03-08,3527,165.0,89.6694214876033,84.70754832400819,31,0.7096774193548387,20.0,81.36803610792819,0.12
2022-03-09,3527,167.0,92.03007518796993,72.35317642807959,31,0.7096774193548387,20.0,78.98763924405603,0.12
2022-03-11,3527,167.0,89.66368404813329,67.06764451003082,31,0.7096774193548387,20.0,76.95633892259286,0.12
2023-05-04,3527,112.0,78.44941020819647,66.73922985413303,47,0.6808510638297872,20.0,72.64516244088581,0.1
2023-05-09,3527,110.5,75.09815547406141,76.42074648106411,47,0.6808510638297872,20.0,74.06016517737807,0.1
2023-05-11,3527,103.0,75.9938887771825,92.31792538466759,47,0.6808510638297872,20.0,78.30317989421526,0.1
2021-03-08,3530,109.0,89.4795127353267,72.03634466996827,28,0.6785714285714286,20.0,77.21008284523293,0.12
2021-03-09,3530,108.5,90.27673896783844,74.42518575669035,28,0.6785714285714286,20.0,78.04646098666699,0.12
2021-03-10,3530,109.0,90.27673896783844,65.99518893412753,28,0.6785714285714286,20.0,75.93896178102628,0.12
2021-05-05,3530,107.0,96.79607990953637,84.01105587561322,29,0.6896551724137931,20.0,82.73124311417801,0.12
2021-05-06,3530,108.0,98.47211611917494,75.85985670472039,29,0.6896551724137931,20.0,81.19625418434637,0.12
2021-05-11,3530,99.80000305175781,96.73388345364039,85.73404815147005,29,0.6896551724137931,20.0,83.14333224637342,0.12
2021-05-12,3530,91.0999984741211,93.72356344937927,89.02725875771935,29,0.6896551724137931,20.0,83.0635388966574,0.12
2021-05-13,3530,94.0,94.05611040484695,74.02750627397344,30,0.7,20.0,79.72370968994744,0.12
2021-05-17,3530,85.80000305175781,91.43902881430078,88.48044956218637,30,0.7,20.0,82.55182103483682,0.12
2021-09-06,3530,151.5,97.30893433799784,86.64489148032352,33,0.7272727272727273,20.0,84.67208498966204,0.15
2021-09-07,3530,151.0,97.15515915731201,86.79488162828042,33,0.7272727272727273,20.0,84.66344997244553,0.15
2021-09-08,3530,152.0,97.98574527424853,78.33764992636819,33,0.7272727272727273,20.0,82.79831788204842,0.15
2021-09-13,3530,153.0,97.870249017038,69.53934230023145,33,0.7272727272727273,20.0,80.56409209835108,0.15
2021-09-15,3530,150.0,95.0361770149756,78.97018682185876,33,0.7272727272727273,20.0,82.0715816281392,0.15
2021-09-22,3530,150.0,98.20359281437126,73.63512597590324,33,0.7272727272727273,20.0,81.68804115646901,0.15
2021-09-23,3530,148.5,98.79227053140096,75.25819773605502,33,0.7272727272727273,20.0,82.27041241161587,0.15
2021-09-28,3530,147.0,93.71859296482413,73.95969687127335,33,0.7272727272727273,20.0,80.42368392544739,0.15
2021-09-29,3530,141.0,89.0821613619541,81.54737126350568,33,0.7272727272727273,20.0,80.92967304264448,0.15
2022-01-05,3530,130.0,88.35498411392878,80.46399336400455,38,0.6578947368421053,20.0,78.35933568044294,0.12
2022-01-06,3530,126.5,88.69125103486905,89.80970401272083,38,0.6578947368421053,20.0,80.79664341890408,0.12
2022-01-07,3530,124.5,87.78326095822135,91.53615306418885,39,0.6666666666666666,20.0,81.21901655351361,0.12
2022-01-10,3530,124.5,87.71367214448935,90.70281973085551,39,0.6666666666666666,20.0,80.98980657606069,0.12
2022-01-11,3530,123.0,86.62839847583035,92.85158755914195,39,0.6666666666666666,20.0,81.20141643253459,0.12
2022-01-12,3530,120.5,85.16828746191138,94.86759616194274,39,0.6666666666666666,20.0,81.2673852790591,0.12
2022-01-13,3530,119.0,83.91700471999826,95.98051020224808,39,0.6666666666666666,20.0,81.1702289665615,0.12
2022-01-19,3530,120.0,80.57799169886265,75.98114578305528,39,0.6666666666666666,20.0,75.16868395542261,0.12
2022-01-21,3530,118.0,84.19394547762865,82.4165334294896,39,0.6666666666666666,20.0,77.862317000661,0.12
2022-01-24,3530,116.0,85.82827535739338,85.4153086821366,39,0.6666666666666666,20.0,79.10230977775215,0.12
2022-01-25,3530,115.5,84.6344367516612,84.99996356111598,40,0.675,20.0,78.89032191577735,0.12
2020-02-27,3533,293.4350280761719,83.98930904155998,83.60271687138406,12,0.8333333333333334,20.0,83.09747193031401,0.2
2020-03-02,3533,294.4263610839844,88.69054856466492,75.1028122418249,12,0.8333333333333334,20.0,82.38286762985571,0.2
2020-03-03,3533,295.9133605957031,87.72398023094442,65.56516357193064,12,0.8333333333333334,20.0,79.70848496226598,0.2
2020-03-04,3533,290.4610290527344,86.31051290290722,81.10202745734912,12,0.8333333333333334,20.0,83.16866073520944,0.2
2020-03-09,3533,286.4956970214844,88.10898647142847,82.7573075892123,12,0.8333333333333334,20.0,84.12202283873161,0.2
2020-03-10,3533,286.4956970214844,85.74927299728733,79.85503708927753,12,0.8333333333333334,20.0,82.68854117150559,0.2
2020-03-11,3533,280.5476989746094,86.95202728180541,86.49214605882517,12,0.8333333333333334,20.0,84.70864469924791,0.2
2020-03-12,3533,258.7383117675781,84.04269237426436,92.93278476338106,12,0.8333333333333334,20.0,85.44600390312458,0.2
2020-03-13,3533,248.32931518554688,79.7631004488037,95.2069598810808,12,0.8333333333333334,20.0,84.73067010491131,0.2
2020-03-17,3533,229.9896240234375,75.6029299002556,85.7068747945024,12,0.8333333333333334,20.0,81.10759766870228,0.2
2020-03-18,3533,231.47662353515625,76.85375032915888,79.8673819327115,12,0.8333333333333334,20.0,80.02297058192553,0.2
2020-08-20,3533,375.7157897949219,87.17532132430249,86.42824617228919,14,0.7857142857142857,20.0,83.33108651179161,0.2
2021-04-12,3533,480.3016052246094,74.59208188422228,78.18855266443815,16,0.8125,20.0,78.29976273137622,0.2
2021-04-13,3533,465.92724609375,75.5244670224109,85.45728303555818,16,0.8125,20.0,80.39666086561282,0.2
2021-04-14,3533,470.8839111328125,75.834136757271,74.15486881161979,16,0.8125,20.0,77.66395823008625,0.2
2021-04-15,3533,465.92724609375,68.23806311493328,83.81495531215128,16,0.8125,20.0,77.80015776251781,0.2
2021-05-13,3533,462.9532470703125,93.19178399486091,78.58205133756717,16,0.8125,20.0,83.97804803285007,0.2
2021-08-16,3533,520.4506225585938,88.49449796914212,73.97281192483538,19,0.8421052631578947,20.0,82.30471026668832,0.2
2021-08-17,3533,520.4506225585938,84.5123304410829,70.86327422761958,19,0.8421052631578947,20.0,80.3326755839666,0.2
2021-08-18,3533,502.60662841796875,87.74987477047243,87.13825225196159,19,0.8421052631578947,20.0,85.37268338886896,0.2
2021-08-19,3533,499.63262939453125,87.37965476388828,87.75699760917436,19,0.8421052631578947,20.0,85.41630372619692,0.2
2022-03-08,3533,666.7413330078125,90.26981867915835,81.27833062176083,22,0.8636363636363636,20.0,85.30961916827862,0.2
2022-03-09,3533,641.8629150390625,95.75832931911748,88.705575352814,22,0.8636363636363636,20.0,88.81298354302965,0.2
2022-03-15,3533,611.0137329101562,92.57759847905307,88.80915799955555,22,0.8636363636363636,20.0,87.88465995269571,0.2
2022-03-16,3533,614.9942626953125,93.26145485719954,81.2154461764868,22,0.8636363636363636,20.0,86.19138891037247,0.2
2022-06-30,3533,664.7510986328125,96.9406780056483,86.09701157317244,24,0.875,20.0,88.8564562949876,0.2
2022-07-04,3533,608.0283203125,96.25443611527295,89.32086923029881,24,0.875,20.0,89.45654814215659,0.2
2022-07-05,3533,603.0526123046875,94.03085347683685,91.98157904316923,24,0.875,20.0,89.45465080384336,0.2
2022-07-06,3533,584.14501953125,94.33962208004786,93.06449926745378,24,0.875,20.0,89.8180114408778,0.2
2022-07-07,3533,593.1012573242188,92.40121670694029,79.71286615847981,24,0.875,20.0,85.89858155170204,0.2
2023-01-31,3533,754.3133544921875,89.98392321929956,78.00522112215327,27,0.8888888888888888,20.0,85.16314891299484,0.2
2023-07-07,3533,829.0,75.8433523153504,81.2522342745951,29,0.896551724137931,20.0,81.96261598739183,0.2
2023-07-10,3533,819.0,74.28794346505929,86.20291834777653,29,0.896551724137931,20.0,82.73366435059985,0.2
2023-07-11,3533,824.0,75.62956281335312,74.26715246337626,29,0.896551724137931,20.0,80.15220868398794,0.2
2023-07-12,3533,810.0,75.38127336926372,86.9205714232602,29,0.896551724137931,20.0,83.2410765907321,0.2
2023-07-14,3533,794.0,80.80271028289489,87.25056968275402,29,0.896551724137931,20.0,84.9500072296949,0.2
2023-07-17,3533,767.0,82.2565499340015,90.80932102780243,29,0.896551724137931,20.0,86.27584696128899,0.2
2023-07-18,3533,782.0,83.15939879917912,70.018700066389,29,0.896551724137931,20.0,81.34904638048891,0.2
2022-10-13,3535,23.649999618530273,91.42856949094752,75.76497945140676,36,0.6666666666666666,20.0,78.36981571013594,0.12
2022-12-13,3535,23.25,90.85794887187063,86.17702332454101,40,0.675,20.0,81.05164049269644,0.12
2022-12-14,3535,23.149999618530273,88.79488893011825,87.39447253174771,40,0.675,20.0,80.73708481197241,0.12
2022-12-15,3535,23.200000762939453,86.38135487722901,81.73840775425029,40,0.675,20.0,78.59900840173128,0.12
2022-12-16,3535,22.450000762939453,89.47664895752976,89.95451433576864,40,0.675,20.0,81.58162327120108,0.12
2022-12-19,3535,22.049999237060547,89.90032178928686,91.38126620095545,40,0.675,20.0,82.06541308702492,0.12
2022-12-20,3535,21.200000762939453,92.31400011634082,94.09216081063403,40,0.675,20.0,83.46724023756076,0.12
2022-12-21,3535,21.350000381469727,89.54632711206116,85.30847076310661,40,0.675,20.0,80.44101582439501,0.12
2022-12-22,3535,21.649999618530273,90.42500882188455,70.09523935926026,40,0.675,20.0,76.90131248638043,0.12
2022-12-28,3535,21.350000381469727,80.09945032979044,74.54014460294559,41,0.6829268292682927,20.0,75.1526761277223,0.12
2025-11-21,3535,67.30000305175781,95.50359699890348,68.2004403593389,60,0.6833333333333333,20.0,78.20118918950577,0.12
2026-07-06,3535,113.0,97.43881616391576,67.09085619513016,61,0.6885245901639344,20.0,78.6600966028753,0.12
2026-07-07,3535,105.0,91.61364950838635,87.36510149461508,61,0.6885245901639344,20.0,81.9811079310877,0.12
2026-07-08,3535,105.0,92.51980052801409,84.54612353061533,61,0.6885245901639344,20.0,81.5482087459761,0.12
2026-07-09,3535,104.5,92.65138154027042,83.79689949793439,61,0.6885245901639344,20.0,81.40037704148276,0.12
2026-07-13,3535,100.0,91.61364950838635,88.46006550256884,61,0.6885245901639344,20.0,82.25484893307615,0.12
2026-07-14,3535,99.9000015258789,92.36261525215859,86.18350256250241,61,0.6885245901639344,20.0,81.91039792119122,0.12
2026-07-15,3535,100.5,94.0277113428202,77.59534932126368,61,0.6885245901639344,20.0,80.26288843808001,0.12
2026-07-16,3535,97.0999984741211,91.79738902493546,86.5147215701733,61,0.6885245901639344,20.0,81.823634804942,0.12
2026-07-17,3535,91.69999694824219,89.21888831251624,92.70546074319243,61,0.6885245901639344,20.0,82.59776938447101,0.12
2026-07-20,3535,88.0,88.42253341501767,95.96571210805695,61,0.6885245901639344,20.0,83.17392575643757,0.12
2020-08-27,3545,45.84987258911133,97.75089010653208,72.0573070962906,16,0.875,20.0,85.58959380603227,0.12
2020-09-24,3545,45.7784538269043,82.65619484232919,81.16522752126022,16,0.875,20.0,83.3381653330138,0.12
2020-09-25,3545,43.63593673706055,82.22847459546394,90.23237222952486,16,0.875,20.0,85.47663543602039,0.12
2021-08-19,3545,189.5,99.58949096880131,90.85844769307802,19,0.8421052631578947,20.0,89.85461710864674,0.12
2021-08-20,3545,190.5,98.68366357212138,86.24365548647847,19,0.8421052631578947,20.0,88.42917083799287,0.12
2021-08-24,3545,190.0,97.08316374983042,80.86711766307322,19,0.8421052631578947,20.0,86.60488643545426,0.12
2021-08-25,3545,193.5,94.52708391804659,67.5460827537855,19,0.8421052631578947,20.0,82.50780375859719,0.12
2021-08-26,3545,190.5,96.32405939166787,73.40065902065861,19,0.8421052631578947,20.0,84.51054046740185,0.12
2021-08-27,3545,190.5,94.14033526183059,71.3289425848524,19,0.8421052631578947,20.0,83.33749411949911,0.12
2021-08-30,3545,189.0,94.41382392373008,77.76874610227479,19,0.8421052631578947,20.0,85.02949159742455,0.12
2021-09-02,3545,186.0,90.35169623404917,76.26052473612474,19,0.8421052631578947,20.0,83.43379794898277,0.12
2021-09-03,3545,180.5,90.69003285870755,79.88337056476038,19,0.8421052631578947,20.0,84.4410103935392,0.12
2021-09-06,3545,174.5,89.70747562296859,83.62973732799,19,0.8421052631578947,20.0,85.08283491362491,0.12
2021-09-07,3545,176.5,89.79591836734694,76.36232867825694,19,0.8421052631578947,20.0,83.29251557450516,0.12
2021-09-08,3545,169.0,91.42857142857143,86.25630785598625,19,0.8421052631578947,20.0,86.25580628730482,0.12
2022-01-25,3545,145.0,96.44403426022296,78.30197565374091,25,0.76,20.0,83.30870419150212,0.12
2022-01-26,3545,145.5,95.35408851147712,74.98798739003357,25,0.76,20.0,82.15322340095152,0.2
2022-02-15,3545,146.0,89.07195636957995,69.63199421160557,25,0.76,20.0,78.92958546377538,0.2
2022-02-22,3545,146.0,76.89141416931483,65.46037719049933,25,0.76,20.0,74.23251854841928,0.2
2022-03-08,3545,142.5,84.24900414523762,84.46692724637478,25,0.76,20.0,81.19143305516498,0.2
2020-03-13,3546,80.5,96.76564570181591,93.73174536933342,16,0.6875,20.0,85.08763005287813,0.15
2020-03-16,3546,77.5,98.20931157978512,94.9337095990902,16,0.6875,20.0,85.82122087370809,0.15
2020-03-17,3546,80.0,98.08673469387756,78.82601041080147,16,0.6875,20.0,81.75752301086364,0.15
2020-03-18,3546,72.9,92.99564701226751,94.80506683652884,16,0.6875,20.0,84.22496081281247,0.15
2020-03-19,3546,65.7,90.65670048051254,97.3312939865538,16,0.6875,20.0,84.15483364079222,0.15
2020-03-20,3546,70.0,91.93003528263644,74.11924115627185,16,0.6875,20.0,78.73382087385889,0.15
2020-03-23,3546,69.2,91.79713836242415,75.26829882641024,16,0.6875,20.0,78.98121621532981,0.15
2020-07-24,3546,80.1,90.71757735352205,92.72802776072062,18,0.7222222222222222,20.0,84.06394681290342,0.15
2020-07-27,3546,77.2,87.2870249017038,94.89824236638546,18,0.7222222222222222,20.0,83.57733472877416,0.15
2020-07-28,3546,75.6,87.17948717948717,95.9928529519342,18,0.7222222222222222,20.0,83.81872605849637,0.15
2020-07-29,3546,78.0,90.37580201649862,72.05200257042404,18,0.7222222222222222,20.0,78.79240791422225,0.15
2020-07-30,3546,78.1,85.65660387055277,66.92269425962428,18,0.7222222222222222,20.0,76.09432139273856,0.15
2021-05-11,3548,69.9,99.4722026741731,90.05215820267733,14,0.7857142857142857,20.0,87.92612892434983,0.15
2021-05-17,3548,62.6,93.9963054187192,91.92956347569424,14,0.7857142857142857,20.0,86.75271106596789,0.15
2022-04-18,3548,63.5,98.4988741556167,85.28504738549921,19,0.6842105263157895,20.0,83.3972398825335,0.12
2022-04-22,3548,62.5,97.28596101653096,85.0644376469547,19,0.6842105263157895,20.0,82.97821350617164,0.12
2022-04-25,3548,60.9,96.2213554363725,87.95106716818543,19,0.6842105263157895,20.0,83.3804892124318,0.12
2022-04-26,3548,61.1,96.28547071002313,81.07432380513329,19,0.6842105263157895,20.0,81.68053795376395,0.12
2022-04-27,3548,61.5,92.79979610042054,72.12468126211658,19,0.6842105263157895,20.0,78.397424935129,0.12
2023-07-25,3548,68.9,85.5097965764149,68.59094030413124,28,0.6785714285714286,20.0,75.15781690610014,0.12
2023-07-31,3548,68.6,88.65778922868262,69.48438364597817,28,0.6785714285714286,20.0,76.32557553724219,0.12
2023-08-02,3548,67.4,86.59336488210734,84.54771531319615,28,0.6785714285714286,20.0,79.4720811500741,0.12
2024-05-06,3548,209.5,99.21218487394958,71.9602557106792,29,0.6896551724137931,20.0,80.44337456226847,0.12
2024-05-07,3548,212.5,99.34227834780322,65.98241408317101,29,0.6896551724137931,20.0,78.98794219754751,0.12
2024-05-09,3548,212.0,97.09420191917826,65.00860929653983,29,0.6896551724137931,20.0,78.07006807230223,0.12
2024-05-13,3548,211.5,95.7004160887656,65.87893614104496,29,0.6896551724137931,20.0,77.86951403430471,0.12
2024-05-14,3548,210.0,91.80565627266135,70.39760018337002,29,0.6896551724137931,20.0,77.8307521000547,0.12
2024-05-15,3548,203.5,91.10728628800918,79.95155633069885,29,0.6896551724137931,20.0,80.00973014149126,0.12
2024-05-16,3548,205.0,92.43526331102706,72.6224176360476,29,0.6896551724137931,20.0,78.57583857473381,0.12
2024-05-17,3548,203.0,95.1471034273582,81.97336964525489,29,0.6896551724137931,20.0,81.72712861193497,0.12
2024-05-20,3548,203.0,94.90339266697094,81.13332448916115,29,0.6896551724137931,20.0,81.44400409479536,0.12
2024-05-21,3548,203.0,92.20349661363994,78.43566282401909,29,0.6896551724137931,20.0,79.95961986251055,0.12
2024-05-23,3548,202.0,94.56695429849792,79.67775768184676,29,0.6896551724137931,20.0,80.97918088242486,0.12
2024-05-24,3548,198.5,94.19990465596695,84.54136363533233,29,0.6896551724137931,20.0,82.08496747803696,0.12
2024-05-27,3548,198.0,93.34616001282669,83.15113427122657,29,0.6896551724137931,20.0,81.48128674406844,0.12
2019-12-02,3552,68.3,72.72179040471723,70.48344438630957,22,0.6818181818181818,20.0,71.891943672538,0.1
2022-01-06,3552,167.5,81.47649831705317,65.9710440380078,38,0.6578947368421053,20.0,72.67255260988107,0.12
2022-01-07,3552,164.0,85.33014616940011,85.65458663544051,38,0.6578947368421053,20.0,78.74953261494332,0.12
2022-01-10,3552,165.5,84.9093468279765,71.39704081150644,38,0.6578947368421053,20.0,75.05890635653273,0.12
2022-01-11,3552,164.0,86.05977418645644,80.28925447975124,38,0.6578947368421053,20.0,77.6270879811379,0.12
2022-01-12,3552,158.5,85.09896729776247,89.51804762870609,38,0.6578947368421053,20.0,79.64604420176842,0.12
2022-01-13,3552,161.5,83.45558657084993,69.50156995402398,38,0.6578947368421053,20.0,74.14891056502414,0.12
2022-01-14,3552,153.0,83.59243697478992,90.74726509339106,38,0.6578947368421053,20.0,79.5013894710479,0.12
2022-01-17,3552,154.5,83.40296495956873,81.24371289402862,38,0.6578947368421053,20.0,77.06865981664093,0.12
2022-01-18,3552,152.0,81.71832884097034,88.8636299829267,38,0.6578947368421053,20.0,78.46824825328594,0.12
2022-01-19,3552,145.5,72.3717491984325,93.59907918365572,38,0.6578947368421053,20.0,76.84813666070684,0.12
2022-01-21,3552,147.5,82.10023866348449,76.72929802911659,38,0.6578947368421053,20.0,75.54923821158766,0.12
2022-01-24,3552,145.5,81.38117806364252,83.29644780572285,38,0.6578947368421053,20.0,76.97530747578664,0.12
2022-07-01,3552,144.0,95.06993808759458,84.11527125596567,45,0.6888888888888889,20.0,82.21646590693646,0.15
2022-07-04,3552,145.0,95.96122778675283,75.66711476829941,45,0.6888888888888889,20.0,80.37181369476735,0.15
2022-07-06,3552,132.5,96.55489205328433,88.66634382313423,45,0.6888888888888889,20.0,83.79972023843553,0.15
2022-10-13,3552,144.0,97.75910364145659,75.3551882241298,47,0.7021276595744681,20.0,81.23035793570347,0.15
2022-10-17,3552,142.5,96.10894941634241,80.19687166643047,47,0.7021276595744681,20.0,81.94573252874437,0.15
2022-10-18,3552,140.0,96.10894941634241,86.55052300559076,47,0.7021276595744681,20.0,83.53414536353445,0.15
2022-10-19,3552,139.0,96.90663667041619,85.17346309710827,47,0.7021276595744681,20.0,83.42918656263596,0.15
2022-10-20,3552,135.0,97.44897959183673,87.31487625946066,47,0.7021276595744681,20.0,84.12724272965022,0.15
2022-10-21,3552,132.0,95.14285714285714,88.43584106425942,47,0.7021276595744681,20.0,83.71564719615604,0.15
2022-10-24,3552,133.0,95.84884053821929,80.62765730987395,47,0.7021276595744681,20.0,81.97539627616831,0.15
2022-10-25,3552,129.5,94.15454804676361,86.5354709534694,47,0.7021276595744681,20.0,82.94406193963047,0.15
2022-10-26,3552,128.5,94.15454804676361,85.84763602340647,47,0.7021276595744681,20.0,82.77210320711474,0.15
2022-10-28,3552,128.5,95.68365357839042,79.78395013818943,47,0.7021276595744681,20.0,81.71491339529852,0.15
2023-04-25,3552,140.5,83.37212870945027,71.31534953447596,51,0.7058823529411765,20.0,76.01694658468936,0.15
2023-04-27,3552,141.0,81.47235727759882,68.5562082724091,51,0.7058823529411765,20.0,74.75722983961721,0.15
2023-04-28,3552,141.0,79.55997551286697,78.21114513083992,51,0.7058823529411765,20.0,76.59724952480536,0.15
2023-05-02,3552,141.5,80.44125268626246,68.8005974603551,51,0.7058823529411765,20.0,74.5089957592028,0.15
2023-05-09,3552,140.5,72.58173993706723,75.12729940095451,51,0.7058823529411765,20.0,73.73281741959408,0.15
2023-05-11,3552,140.5,74.75669679712357,70.75306319961018,51,0.7058823529411765,20.0,73.2917454272749,0.15
2023-08-08,3552,133.0,70.06686941271757,78.78857676416025,54,0.7037037037037037,20.0,73.82831612596644,0.15
2023-08-10,3552,127.0,71.02233801022668,90.46256272825983,54,0.7037037037037037,20.0,77.03345319624407,0.15
2023-08-11,3552,125.5,67.79048311972163,91.59421688677668,54,0.7037037037037037,20.0,76.34681026872177,0.15
2024-08-06,3552,80.8,80.15513897866839,96.5561966834123,56,0.6964285714285714,20.0,81.07844800731073,0.1
2025-09-24,3577,73.6,85.66239233462146,67.99654553153735,28,0.7142857142857143,20.0,76.1264255118422,0.15
2025-09-25,3577,73.6,82.12665758364926,66.71357412558955,28,0.7142857142857143,20.0,74.7449622350636,0.15
2025-09-26,3577,70.1,83.03201082055907,92.0025511875665,28,0.7142857142857143,20.0,81.33881247163077,0.15
2021-11-26,3587,134.5,82.38305151803048,75.7084339935107,18,0.6666666666666666,20.0,75.64202395378682,0.2
2021-11-29,3587,132.0,81.53239026605733,83.94271698261706,18,0.6666666666666666,20.0,77.44539632547146,0.2
2021-12-02,3587,132.5,79.37747954765787,75.25547561195327,18,0.6666666666666666,20.0,74.62711276728568,0.2
2021-12-06,3587,133.0,77.59132863221714,65.507123570913,18,0.6666666666666666,20.0,71.65417948239339,0.2
2022-03-15,3587,137.5,86.32085522698539,81.36090768631401,21,0.7142857142857143,20.0,79.66505491824554,0.15
2022-03-16,3587,136.5,78.60297039614123,82.24242175674097,21,0.7142857142857143,20.0,77.57006798659904,0.15
2022-04-07,3587,137.5,66.14825303594817,72.65607751842772,22,0.7272727272727273,20.0,71.8266771085732,0.15
2022-04-18,3587,134.0,71.96957744598576,83.7318995093836,22,0.7272727272727273,20.0,76.34202992932345,0.15
2022-04-20,3587,135.0,70.07018572243055,68.19581582983037,22,0.7272727272727273,20.0,71.88819149236858,0.15
2022-04-22,3587,134.0,70.6026714337749,77.26646541416693,22,0.7272727272727273,20.0,74.31559960185602,0.15
2024-07-22,3587,253.0,79.00752897728742,82.23790121067533,39,0.6666666666666666,20.0,76.26173399585505,0.1
2024-08-05,3587,239.5,93.54992833253704,88.59354316673975,39,0.6666666666666666,20.0,82.21336429144604,0.12
2024-08-06,3587,243.0,95.1108991175769,74.77681357629392,39,0.6666666666666666,20.0,79.22747312934655,0.12
2024-11-12,3587,257.0,74.40559332970312,86.90790164963458,42,0.6904761904761905,20.0,76.7629391256053,0.12
2024-11-13,3587,258.0,73.51634135224658,75.143456345327,42,0.6904761904761905,20.0,73.55505220629144,0.12
2024-11-14,3587,258.5,75.97977953539711,67.60500256924637,42,0.6904761904761905,20.0,72.40947021721644,0.12
2024-11-18,3587,251.0,74.66141208938362,87.05496972326019,42,0.6904761904761905,20.0,76.87645177191584,0.12
2021-05-14,3622,30.799999237060547,99.82815729998819,74.24869452306581,18,0.7222222222222222,20.0,82.17728748742957,0.12
2021-05-17,3622,28.0,97.24000935270269,93.0417048908649,18,0.7222222222222222,20.0,86.0990956951937,0.12
2025-04-07,3645,52.400001525878906,97.74495441679947,71.70113985211928,62,0.6612903225806451,20.0,79.08748096548902,0.12
2025-04-08,3645,47.20000076293945,99.04834416298779,97.17071487438879,62,0.6612903225806451,20.0,85.84589164491288,0.12
2025-04-10,3645,46.75,98.74416905604538,72.26188149005755,62,0.6612903225806451,20.0,79.52743076674736,0.12
2025-04-11,3645,46.95000076293945,98.48243193980268,66.86065938457278,62,0.6612903225806451,20.0,78.09860410550334,0.12
2025-04-22,3645,45.099998474121094,86.48342975643973,69.1615622511442,62,0.6612903225806451,20.0,75.07412916713733,0.12
2025-10-30,3645,59.400001525878906,85.33336803308845,78.16472033251455,65,0.676923076923077,20.0,77.44888280074747,0.12
2025-11-04,3645,59.0,73.05547318323462,78.39245104236349,65,0.676923076923077,20.0,73.82244702325357,0.12
2025-11-05,3645,58.79999923706055,74.42552956177673,79.1520862859721,65,0.676923076923077,20.0,74.42337274771835,0.12
2025-11-07,3645,58.099998474121094,73.75978067867193,85.60811364715735,65,0.676923076923077,20.0,75.83765492308322,0.12
2025-11-10,3645,57.29999923706055,74.53721796115926,88.50076908597154,65,0.676923076923077,20.0,76.79404996753297,0.12
2025-11-11,3645,56.5,71.40572322966702,89.96473453746349,65,0.676923076923077,20.0,76.22059291095829,0.12
2025-11-13,3645,57.599998474121094,71.54319504580285,67.91058009628365,65,0.676923076923077,20.0,70.74829584550407,0.12
2025-11-14,3645,56.099998474121094,70.34376828597124,87.56189246631492,65,0.676923076923077,20.0,75.30129591006241,0.12
2025-11-17,3645,54.599998474121094,70.01009582834024,90.13623017150067,65,0.676923076923077,20.0,75.84477859906954,0.12
2025-11-18,3645,51.70000076293945,71.8610912303416,94.17260174341254,65,0.676923076923077,20.0,77.40917011264793,0.12
2025-11-19,3645,51.5,68.25700990609664,94.4193222161797,65,0.676923076923077,20.0,76.38962583356621,0.12
2025-11-20,3645,53.20000076293945,70.38662962284553,71.0073138932325,65,0.676923076923077,20.0,71.1755096678541,0.12
2025-11-21,3645,50.79999923706055,69.05536761387617,91.81524371496397,65,0.676923076923077,20.0,75.97811352059615,0.12
2025-11-24,3645,51.20000076293945,70.41535514243188,83.09826401205599,65,0.676923076923077,20.0,74.20686485343586,0.12
2025-11-25,3645,51.5,68.52777124440553,75.15104290645895,65,0.676923076923077,20.0,71.6537844076287,0.12
2026-07-07,3645,85.5,98.86512041481234,83.72972068486827,71,0.676056338028169,20.0,82.87365643650584,0.12
2026-07-08,3645,84.0999984741211,97.76007865865799,84.89208759185317,71,0.676056338028169,20.0,82.83273563640576,0.12
2026-07-09,3645,82.9000015258789,97.86355226554542,85.88932298641028,71,0.676056338028169,20.0,83.11308656711127,0.12
2026-07-13,3645,79.5,94.98495509485511,88.5537345500905,71,0.676056338028169,20.0,82.91561030682422,0.12
2026-07-14,3645,75.69999694824219,90.97131152294705,91.16577697718793,71,0.676056338028169,20.0,82.36452784202616,0.12
2026-07-15,3645,77.69999694824219,90.14270951627105,77.63704416925401,71,0.676056338028169,20.0,78.7337640380399,0.12
2026-07-16,3645,75.4000015258789,85.02489587337901,89.13427689685855,71,0.676056338028169,20.0,80.0727281270734,0.12
2026-07-17,3645,69.4000015258789,84.72381072668645,93.43405791461998,71,0.676056338028169,20.0,81.057347837506,0.12
2026-07-20,3645,69.0,82.71576253219408,93.6573475474965,71,0.676056338028169,20.0,80.51075578737742,0.12
2026-07-21,3645,71.5,86.06466068886199,73.05406350754279,71,0.676056338028169,20.0,76.36460422438937,0.12
2026-07-22,3645,71.19999694824219,86.12882625908965,72.84913382199059,71,0.676056338028169,20.0,76.33262147406961,0.12
2026-07-23,3645,70.19999694824219,87.91714626045714,76.57208027651723,71,0.676056338028169,20.0,77.79985408811152,0.12
2021-04-22,3653,246.82647705078125,92.12249938072028,76.07233879292629,13,0.8461538461538461,20.0,84.03944989706304,0.2
2021-04-26,3653,247.73561096191406,92.93563643621391,66.71205498045508,13,0.8461538461538461,20.0,81.94332006059332,0.2
2021-04-27,3653,243.64456176757812,91.85159629236091,77.09797536446193,13,0.8461538461538461,20.0,84.21458811343913,0.2
2021-04-28,3653,237.7352752685547,89.69696833010981,83.26256646322065,13,0.8461538461538461,20.0,85.10934749945349,0.2
2021-04-29,3653,233.18966674804688,90.59919016084629,86.14518971658426,13,0.8461538461538461,20.0,86.10066986201534,0.2
2021-05-03,3653,222.73475646972656,87.79220726378261,90.56007433043992,13,0.8461538461538461,20.0,86.36229614636015,0.2
2021-05-05,3653,200.00672912597656,83.6052031203403,95.90052960752456,13,0.8461538461538461,20.0,86.44130872259862,0.2
2021-05-06,3653,198.1884765625,84.4429534473486,96.27630644513772,13,0.8461538461538461,20.0,86.7865780301044,0.2
2022-02-24,3653,347.2843933105469,85.01867468211539,66.03482432605789,18,0.8888888888888888,20.0,80.68097515281576,0.2
2022-03-01,3653,345.4661560058594,82.57181756184035,72.77850297414773,18,0.8888888888888888,20.0,81.63283767875569,0.2
2022-03-02,3653,344.5570373535156,80.2430135760281,77.98843457103104,18,0.8888888888888888,20.0,82.23667938223286,0.2
2022-03-03,3653,341.8296813964844,81.51823492797243,81.50122687388989,18,0.8888888888888888,20.0,83.49744386353086,0.2
2022-03-07,3653,307.73760986328125,82.68136434964545,94.2322300774461,18,0.8888888888888888,20.0,87.02913349092182,0.2
2022-03-09,3653,301.373779296875,82.59971260319638,69.9055642624533,18,0.8888888888888888,20.0,80.9229715132389,0.2
2022-07-04,3653,285.4641418457031,88.75328636562476,86.74965188936298,23,0.782608695652174,20.0,83.79165975159339,0.2
2022-07-05,3653,285.4641418457031,90.092950617362,84.82050948083439,23,0.782608695652174,20.0,83.71127342498241,0.2
2022-10-20,3653,327.5,97.44256382321849,88.4338780532338,25,0.8,20.0,87.341238660274,0.2
2022-10-21,3653,317.0,96.03096806468326,90.20460507062273,25,0.8,20.0,87.36044168706066,0.2
2022-10-24,3653,325.5,98.29613647386192,70.33139798675269,25,0.8,20.0,83.07169043884674,0.2
2022-10-25,3653,323.0,95.54960869950963,73.23737839240749,25,0.8,20.0,82.97422720795475,0.2
2022-10-26,3653,314.0,95.92992789384587,86.55358288961354,25,0.8,20.0,86.41737409055715,0.2
2020-09-11,3661,411.0,97.76393146073062,69.1240766002681,15,0.6666666666666666,20.0,78.61019858828621,0.15
2021-04-13,3661,658.0,98.96839151605182,93.7362591340347,18,0.7222222222222222,20.0,86.79124890499088,0.15
2021-04-14,3661,593.0,94.58071876782658,96.52133990834415,18,0.7222222222222222,20.0,86.17121727410068,0.15
2022-01-11,3661,898.0,98.69291096417038,84.16658373953281,22,0.7272727272727273,20.0,84.46770104231614,0.15
2022-01-14,3661,916.0,97.36904107437368,66.91057170938582,22,0.7272727272727273,20.0,79.75653706784038,0.15
2022-01-25,3661,899.0,90.46793760831889,73.23122103895975,22,0.7272727272727273,20.0,79.26636836041743,0.15
2022-03-16,3661,908.0,97.16155747011287,75.73032938297567,23,0.7391304347826086,20.0,82.25496263025605,0.15
2022-04-22,3661,859.0,98.21193299454168,86.3802171433512,24,0.75,20.0,85.5586341842003,0.2
2022-04-25,3661,821.0,96.19130869130869,88.5889713556304,24,0.75,20.0,85.5046354463002,0.2
2022-04-26,3661,801.0,94.77504536637257,89.4498488012594,24,0.75,20.0,85.29497581022662,0.2
2022-10-21,3661,620.0,97.53415797558412,83.21040824529439,33,0.696969696969697,20.0,82.97194036308974,0.15
2022-10-24,3661,597.0,96.83873549419768,86.96163745360788,33,0.696969696969697,20.0,83.70112092075217,0.15
2022-10-25,3661,580.0,94.92099322799098,87.04346912013004,33,0.696969696969697,20.0,83.14625615752071,0.15
2022-10-26,3661,583.0,96.89800645214657,81.4560164043727,33,0.696969696969697,20.0,82.34249694582806,0.15
2020-02-07,3665,204.65423583984375,83.9744556845022,67.68829143990496,20,0.65,20.0,73.6144095653269,0.12
2020-02-10,3665,200.25831604003906,84.81225135638239,89.64498522629482,20,0.65,20.0,79.35492171348842,0.12
2020-02-11,3665,201.72361755371094,83.21978335714763,78.6902239087795,20,0.65,20.0,76.13849098433917,0.12
2020-02-26,3665,199.2814483642578,67.9021848015336,80.41505900385737,20,0.65,20.0,71.97442019142441,0.12
2020-02-27,3665,187.07057189941406,74.15948923591549,91.79171388741514,20,0.65,20.0,76.69577524262843,0.12
2020-03-02,3665,184.62840270996094,75.58560671733954,92.83832973199685,20,0.65,20.0,77.38526444820107,0.12
2020-03-03,3665,189.02430725097656,74.64169813743001,66.75785383968899,20,0.65,20.0,70.58197290115125,0.12
2020-03-04,3665,187.5590057373047,72.83530561739637,72.0736837339369,20,0.65,20.0,71.36901261870314,0.12
2020-03-09,3665,179.255615234375,74.02057669672331,90.80466162151691,20,0.65,20.0,76.40733841439622,0.12
2020-03-10,3665,183.16310119628906,77.44765522020289,68.09005998340163,20,0.65,20.0,71.75681156191128,0.12
2021-04-29,3665,254.96302795410156,70.4462607407661,80.33623545552312,26,0.6538461538461539,20.0,72.83332170149522,0.12
2021-05-03,3665,252.0324249267578,67.59259176613257,84.56028005770366,26,0.6538461538461539,20.0,73.0332321596503,0.12
2021-05-04,3665,245.1943359375,67.2451755019298,90.2955042556963,26,0.6538461538461539,20.0,74.36281332988763,0.12
2021-05-05,3665,236.40249633789062,70.03412570969937,94.33236993310945,26,0.6538461538461539,20.0,76.20871481157178,0.12
2021-05-11,3665,238.8446807861328,72.29680294296172,78.04013452072698,26,0.6538461538461539,20.0,72.81445912845487,0.12
2021-05-12,3665,234.44876098632812,78.97104316294131,87.17211024064557,26,0.6538461538461539,20.0,77.0997251244284,0.12
2021-05-13,3665,232.49502563476562,77.93203229132888,87.67250136381386,26,0.6538461538461539,20.0,76.91311964373675,0.12
2022-06-20,3665,276.9425964355469,90.03404419126676,86.11834033780734,34,0.6764705882352942,20.0,80.83391598889068,0.15
2022-09-26,3665,279.384765625,99.06261323757542,85.80099075110085,37,0.6756756756756757,20.0,83.4393019293181,0.15
2022-09-28,3665,270.59295654296875,96.32550854116027,86.8768384245616,37,0.6756756756756757,20.0,82.88713243875875,0.15
2022-09-29,3665,271.0813903808594,92.87589398779808,83.41489437845242,37,0.6756756756756757,20.0,80.9867620612228,0.15
2022-09-30,3665,274.0119934082031,90.64970281785504,68.75761671302737,37,0.6756756756756757,20.0,76.65458529388363,0.15
2022-10-03,3665,269.1276550292969,89.495802355435,83.77201667223525,37,0.6756756756756757,20.0,80.06201514495959,0.15
2022-10-11,3665,269.1276550292969,89.24560268269121,75.75638064876124,37,0.6756756756756757,20.0,77.98304623726794,0.15
2022-10-13,3665,247.63650512695312,88.07908310564659,89.57080542843721,37,0.6756756756756757,20.0,81.08669655907354,0.15
2024-07-29,3675,290.0,97.12893683661041,76.4902591775493,35,0.6571428571428571,20.0,79.97553155965616,0.15
2024-08-05,3675,273.5,97.09894934922377,90.22153991876758,35,0.6571428571428571,20.0,83.39935549874474,0.15
2024-08-06,3675,267.0,96.65056862439633,90.77803757028711,35,0.6571428571428571,20.0,83.40396569417638,0.15
2024-09-05,3675,271.0,88.77767667576585,82.54975182921093,35,0.6571428571428571,20.0,78.98502667431819,0.15
2024-09-06,3675,271.0,88.4252208346025,81.71641849587759,35,0.6571428571428571,20.0,78.67095658863586,0.15
2024-09-09,3675,268.0,87.95637024693228,87.22174864634863,35,0.6571428571428571,20.0,79.90663394995255,0.15
2024-09-10,3675,258.5,86.252241482367,92.73294694836143,35,0.6571428571428571,20.0,80.77319489608617,0.15
2024-11-18,3675,256.0,89.41798941798942,79.58492907068452,38,0.6578947368421053,20.0,78.45847119833113,0.12
2024-11-19,3675,257.0,90.12158054711246,73.27502701962543,38,0.6578947368421053,20.0,77.09207302430326,0.12
2024-11-20,3675,256.5,90.53356282271945,73.71621227444004,38,0.6578947368421053,20.0,77.325964020689,0.12
2024-11-21,3675,256.0,90.34232166762287,75.31213082978978,39,0.6666666666666666,20.0,77.9307292077343,0.12
2024-11-11,3680,512.0,87.34412524588798,75.88924203639607,46,0.6521739130434783,20.0,76.74076547416976,0.12
2024-11-12,3680,502.0,89.14004416952952,89.60574074256157,46,0.6521739130434783,20.0,80.70866582780359,0.12
2024-11-13,3680,504.0,87.921449357203,82.32048462892837,46,0.6521739130434783,20.0,78.52177335569733,0.12
2024-11-14,3680,503.0,85.65711791290316,82.50859456288573,46,0.6521739130434783,20.0,77.88950140589672,0.12
2024-11-18,3680,487.5,84.22440081234807,91.16937211275092,46,0.6521739130434783,20.0,79.62488066319649,0.12
2024-11-19,3680,490.0,79.77677533245136,81.39168692714087,46,0.6521739130434783,20.0,75.84617172282498,0.12
2024-11-20,3680,488.0,79.08040765761532,83.81613861303467,46,0.6521739130434783,20.0,76.24337434184761,0.12
2020-01-30,3687,38.65,96.46539027982328,83.34678894667105,12,0.6666666666666666,20.0,81.77631432061474,0.1
2020-01-31,3687,38.45,97.74909963985594,83.82447222345002,12,0.6666666666666666,20.0,82.28084794781928,0.1
2020-02-03,3687,35.35,92.97772733721096,90.06845150085505,12,0.6666666666666666,20.0,82.41043107637705,0.1
2022-04-07,3687,140.5,89.4681960375391,79.36248277611789,26,0.7692307692307693,20.0,81.75800258221429,0.12
2022-04-11,3687,136.0,87.7200163733115,88.76430859454386,26,0.7692307692307693,20.0,83.5840051375525,0.12
2022-04-12,3687,136.0,86.50332225913621,86.57367884914002,26,0.7692307692307693,20.0,82.67133946694895,0.12
2024-07-22,3687,92.3,94.129903194131,89.45799583247886,51,0.6666666666666666,20.0,82.60346991635902,0.1
2023-10-31,3693,417.0,97.03108627314006,71.64102658740417,33,0.6666666666666666,20.0,79.01958252879305,0.2
2023-11-01,3693,421.0,98.89373916163368,75.78618124894761,33,0.6666666666666666,20.0,80.614667060727,0.2
2025-03-31,3693,303.0,77.44951108826987,92.56620344419939,52,0.6538461538461539,20.0,77.99178880291542,0.15
2025-04-07,3693,282.0,76.38078170336235,93.92084993634211,52,0.6538461538461539,20.0,78.00983161047884,0.15
2025-04-08,3693,254.0,73.58447488584474,97.89785569184679,52,0.6538461538461539,20.0,78.16519100409974,0.15
2025-08-11,3693,293.0,87.2742568290376,70.95521201777929,54,0.6666666666666666,20.0,75.9210800531561,0.15
2025-08-12,3693,293.5,86.52442090671408,66.72499025849737,54,0.6666666666666666,20.0,74.63857383663857,0.15
2025-08-13,3693,286.0,86.31659166355801,89.35130974240676,54,0.6666666666666666,20.0,80.23280493466909,0.15
2025-08-14,3693,287.5,82.19750661933114,81.66684794669476,54,0.6666666666666666,20.0,77.07596397247303,0.15
2025-08-15,3693,285.0,80.39955167988143,86.98577529325597,54,0.6666666666666666,20.0,77.86630932727842,0.15
2025-08-18,3693,275.5,80.9231279765182,92.17980708172459,54,0.6666666666666666,20.0,79.32189016338661,0.15
2025-08-19,3693,275.0,78.4689100739326,89.99967397938694,54,0.6666666666666666,20.0,78.04059151702651,0.15
2025-08-20,3693,268.0,80.06831156785573,92.70240108003242,54,0.6666666666666666,20.0,79.19609374036482,0.15
2025-08-21,3693,269.0,77.17366990211434,85.28537818915916,54,0.6666666666666666,20.0,76.47344551792409,0.15
2025-08-22,3693,273.0,74.9197411910463,68.63587850477192,54,0.6666666666666666,20.0,71.63489198350686,0.15
2025-08-25,3693,272.0,76.16195988035335,70.24557294989596,54,0.6666666666666666,20.0,72.40998120158,0.15
2026-06-26,3693,482.5,98.80628504802621,65.6066069401959,61,0.6721311475409836,20.0,78.20747167568634,0.15
2026-06-29,3693,474.0,99.94349005424955,76.81629509728857,61,0.6721311475409836,20.0,81.35105521682651,0.15
2026-07-02,3693,479.5,98.92084232631395,67.2702000960955,61,0.6721311475409836,20.0,78.65773714814756,0.15
2026-07-14,3693,476.5,92.73264230702415,71.59781301612338,61,0.6721311475409836,20.0,77.88318037236759,0.15
2020-01-31,3698,16.8,82.47600400356268,65.42666038685287,18,0.6666666666666666,20.0,73.09946629778202,0.12
2020-02-03,3698,16.3,85.43338489462816,87.83032137665815,18,0.6666666666666666,20.0,79.58759581255298,0.12
2020-02-07,3698,16.45,84.07861128314065,66.85867969536649,18,0.6666666666666666,20.0,73.93825330878381,0.12
2020-02-10,3698,16.15,85.0752936131664,82.84574045369872,18,0.6666666666666666,20.0,78.2340231973746,0.12
2020-02-24,3698,16.15,74.91724487002125,71.1194921688014,18,0.6666666666666666,20.0,72.25504650320673,0.12
2020-02-25,3698,15.95,73.46498056922748,77.44811727814859,18,0.6666666666666666,20.0,73.4015234903054,0.12
2022-01-07,3707,123.5,98.08541973490426,88.23913270236403,21,0.7619047619047619,20.0,86.34255195320515,0.2
2022-01-10,3707,125.5,99.0803188228081,76.62518670183498,21,0.7619047619047619,20.0,83.73753517944404,0.2
2022-01-11,3707,117.5,95.6390977443609,90.27014377513687,21,0.7619047619047619,20.0,86.11640812423535,0.2
2022-01-12,3707,116.5,96.06537530266344,90.74503323424477,21,0.7619047619047619,20.0,86.36301375650308,0.2
2022-01-13,3707,114.5,93.5344827586207,91.70680482338814,21,0.7619047619047619,20.0,85.8441888905761,0.2
2022-01-14,3707,115.5,94.72049689440993,82.58304483065832,21,0.7619047619047619,20.0,83.91905313313042,0.2
2022-01-18,3707,116.0,94.15024630541872,73.4045969856877,21,0.7619047619047619,20.0,81.4533659951904,0.2
2022-01-19,3707,113.0,91.61490683229813,84.07470161439305,21,0.7619047619047619,20.0,83.36029031043056,0.2
2022-01-20,3707,113.0,91.09096592685214,81.64876030920551,21,0.7619047619047619,20.0,82.59662271249988,0.2
2022-01-21,3707,107.5,89.27038626609442,88.03826117137386,21,0.7619047619047619,20.0,83.64782402981464,0.2
2022-01-25,3707,105.0,80.49016446307643,85.11903832103155,21,0.7619047619047619,20.0,80.28395177632368,0.2
2022-01-26,3707,106.0,83.75084631008801,77.58174773456189,21,0.7619047619047619,20.0,79.37783368380973,0.2
2022-04-28,3707,102.5,96.45390070921985,81.91218804035174,24,0.75,20.0,83.91421722285389,0.2
2022-07-01,3707,101.0,89.84509466437177,87.7415916860558,26,0.7692307692307693,20.0,83.96584939774856,0.2
2022-07-05,3707,90.1,87.04096286671681,92.04767872353115,26,0.7692307692307693,20.0,84.2011316178209,0.2
2022-10-11,3707,90.8,99.07235621521336,77.34453510533275,31,0.8064516129032258,20.0,85.25138902799397,0.2
2022-10-12,3707,90.0,98.74097700184657,79.33301625495186,31,0.8064516129032258,20.0,85.64909555138871,0.2
2022-10-13,3707,83.0,95.41135385365061,89.2939131291505,31,0.8064516129032258,20.0,87.14043282547958,0.2
2022-10-21,3707,84.0,93.63345108025959,72.59487179510418,31,0.8064516129032258,20.0,82.4323016599507,0.2
2022-10-25,3707,82.5,91.71362280411005,80.0422260061224,31,0.8064516129032258,20.0,83.71819172986038,0.2
2022-10-26,3707,81.9,92.23057644110276,80.01352433772627,31,0.8064516129032258,20.0,83.86610240385916,0.2
2023-04-19,3707,86.5,72.81244055544988,78.57018512738071,35,0.8285714285714286,20.0,78.343421305623,0.2
2023-04-25,3707,77.0,66.41842261729333,96.0437937250439,35,0.8285714285714286,20.0,80.79361807359183,0.2
2023-04-26,3707,76.7,67.72960246940502,96.32836534596203,35,0.8285714285714286,20.0,81.25811493445487,0.2
2023-04-28,3707,77.9,65.04717557073721,69.30685308577284,35,0.8285714285714286,20.0,73.69800879980723,0.2
2023-08-10,3707,75.8,86.02912127475278,80.6244858574462,37,0.8108108108108109,20.0,82.2891821711117,0.2
2023-08-11,3707,75.0,86.11806244347,82.65532000159038,37,0.8108108108108109,20.0,82.82357305776291,0.2
2023-08-14,3707,72.2,89.22331981868678,90.30794493116517,37,0.8108108108108109,20.0,85.66830650272165,0.2
2023-08-15,3707,73.2,86.92361830151623,75.2542873770683,37,0.8108108108108109,20.0,81.21498165904626,0.2
2023-09-26,3707,72.1,75.63029256087994,89.23231847831079,38,0.7894736842105263,20.0,80.68137791415747,0.2
2023-09-27,3707,71.4,73.06255990347253,90.38348683021482,38,0.7894736842105263,20.0,80.19885020491125,0.2
2024-07-02,3707,59.3,73.92108872450275,73.3435886667503,42,0.7380952380952381,20.0,74.65508092689554,0.2
2024-11-14,3707,52.5,84.63651226796053,73.09865181450279,47,0.7659574468085106,20.0,78.64434003826918,0.15
2024-11-18,3707,50.7,79.55519947331993,87.39821941038862,47,0.7659574468085106,20.0,80.69483809884845,0.15
2024-11-19,3707,51.1,73.99983188179525,79.27696398508817,47,0.7659574468085106,20.0,76.99791396506593,0.15
2024-11-20,3707,50.2,68.9173400780703,87.75419237313115,47,0.7659574468085106,20.0,77.5924735209592,0.15
2024-11-21,3707,50.5,69.89754890839997,78.2652572703024,47,0.7659574468085106,20.0,75.5143023943509,0.15
2024-11-22,3707,50.6,65.67728970484427,72.67426352628733,47,0.7659574468085106,20.0,72.85047619728043,0.15
2024-11-25,3707,50.6,65.6166019549087,70.47315614313,47,0.7659574468085106,20.0,72.28199302651043,0.15
2025-03-31,3707,41.75,88.7967879808315,75.23703309830887,55,0.7090909090909091,20.0,78.72102194155393,0.12
2025-04-07,3707,38.6,85.54421768707482,94.17890821616805,55,0.7090909090909091,20.0,82.48071963289172,0.12
2025-04-08,3707,34.75,83.89760528488851,98.29968325931034,55,0.7090909090909091,20.0,83.01692967302141,0.12
2025-11-21,3707,45.6,99.77303676804357,75.98358678790383,60,0.7166666666666667,20.0,82.42780772738902,0.12
2026-03-31,3707,48.85,98.57209271435212,86.26943085646813,63,0.7301587301587301,20.0,85.04374743318456,0.15
2026-04-01,3707,49.75,99.50373850327533,72.5870720193969,63,0.7301587301587301,20.0,81.90265146059372,0.15
2026-04-02,3707,48.3,98.02683504340962,84.89002920983096,63,0.7301587301587301,20.0,84.53531972024253,0.15
2026-04-07,3707,48.95,98.59173380493876,70.81096900133161,63,0.7301587301587301,20.0,81.18502429657643,0.15
2026-07-24,3707,61.5,99.84232103437401,77.53963087557415,65,0.7384615384615385,20.0,83.4914501830519,0.15
2026-07-27,3707,60.9,99.7780736795384,82.88870572624003,65,0.7384615384615385,20.0,84.80944468926768,0.15
2026-07-28,3707,54.9,96.41747511254835,89.26840088376625,65,0.7384615384615385,20.0,85.39618890855222,0.15
2026-07-29,3707,52.8,94.95013656863368,89.38134330301817,65,0.7384615384615385,20.0,84.9842229501908,0.15
2026-07-30,3707,48.75,91.39899038616122,91.74287369385675,65,0.7384615384615385,20.0,84.5092616931587,0.15
2026-07-31,3707,52.5,93.41642697347396,69.07866786952182,65,0.7384615384615385,20.0,79.44844121326881,0.15
2019-05-10,3708,89.4000015258789,99.94812818084925,87.33203910664871,12,0.6666666666666666,20.0,83.81744823091695,0.12
2019-05-13,3708,84.0,95.12169987296511,91.9276117040705,12,0.6666666666666666,20.0,83.51841288790716,0.12
2019-05-14,3708,86.9000015258789,91.6219113003489,68.52832132881896,12,0.6666666666666666,20.0,76.6186537223094,0.12
2019-06-25,3708,83.5,89.36611422470445,88.61202642887855,12,0.6666666666666666,20.0,80.96284087463097,0.12
2019-06-26,3708,85.30000305175781,91.78440583028639,68.11169809301624,12,0.6666666666666666,20.0,76.56324627233998,0.12
2019-06-27,3708,84.5999984741211,88.43742936841767,71.74082909155294,12,0.6666666666666666,20.0,76.46643608341353,0.12
2019-06-28,3708,84.5999984741211,88.66471111704462,69.32134448563005,12,0.6666666666666666,20.0,75.9297494565209,0.12
2019-07-03,3708,84.0999984741211,86.1993264015936,70.7219211345946,12,0.6666666666666666,20.0,75.54027820412672,0.12
2022-01-25,3712,30.75,77.51421323691527,78.25808244322589,18,0.6666666666666666,20.0,74.81878458188105,0.15
2022-01-26,3712,30.850000381469727,77.73649286868795,71.05495263021986,18,0.6666666666666666,20.0,73.08468601816135,0.15
2022-07-01,4128,54.7,93.14201308292888,75.53990026384184,32,0.65625,20.0,78.51507899083913,0.12
2022-07-04,4128,51.9,91.46968139773895,84.71871899547628,32,0.65625,20.0,80.30808416819076,0.12
2022-07-18,4128,52.0,88.19202477739063,69.86847995018294,33,0.6666666666666666,20.0,75.92472742076292,0.12
2022-10-25,4128,53.3,96.30166787527193,80.7447955305803,39,0.717948717948718,20.0,82.61516078368818,0.12
2022-10-26,4128,53.6,97.29492615879515,68.9069872583291,39,0.717948717948718,20.0,79.95368620068236,0.12
2023-04-26,4128,61.2,81.77279254653675,87.62937916569577,42,0.7380952380952381,20.0,80.58203969824211,0.15
2023-04-27,4128,61.5,81.48730194338691,76.35472657239441,42,0.7380952380952381,20.0,77.67772936897181,0.15
2023-06-16,4128,57.5,66.25039770919504,81.83333410497032,43,0.7441860465116279,20.0,74.65903423434993,0.12
2024-01-09,4128,48.65,73.45954272742014,68.47854422461808,48,0.7083333333333334,20.0,72.40749887438056,0.15
2024-01-11,4128,48.8,73.49447975911676,76.30547261310525,48,0.7083333333333334,20.0,74.37471208101134,0.15
2024-11-13,4128,36.2,66.47449581026922,89.5256179943353,58,0.6551724137931034,20.0,73.97892565545769,0.12
2024-11-14,4128,35.2,66.44183478493643,92.54518154608144,58,0.6551724137931034,20.0,74.7240182357944,0.12
2025-10-03,4128,22.6,82.28128848206457,77.2683044399318,71,0.6619718309859155,20.0,75.86061758417978,0.12
2022-06-15,4133,41.099998474121094,98.2443818531619,68.15087184339744,32,0.65625,20.0,78.19853251679793,0.08
2022-06-16,4133,39.20000076293945,99.5523270836274,86.67789840370524,32,0.65625,20.0,83.22267272601454,0.08
2022-06-17,4133,39.599998474121094,99.6513264332931,81.45828575594057,32,0.65625,20.0,81.94746936897306,0.08
2022-06-20,4133,37.349998474121094,99.31271391943588,93.90500239681218,32,0.65625,20.0,84.9575647750338,0.08
2022-06-22,4133,38.099998474121094,98.84404111024939,81.17692228339187,32,0.65625,20.0,81.63494290392279,0.08
2022-06-23,4133,39.150001525878906,99.9276805703929,68.33952842332218,32,0.65625,20.0,78.75068627694841,0.08
2022-06-24,4133,38.599998474121094,97.7308589197927,71.17295765821945,32,0.65625,20.0,78.79999709049267,0.08
2022-06-30,4133,37.45000076293945,94.50152371852305,76.96245466697343,32,0.65625,20.0,79.27857078230028,0.08
2022-07-01,4133,36.45000076293945,91.26718547446706,81.83961173759076,32,0.65625,20.0,79.5275585767378,0.08
2022-07-04,4133,37.29999923706055,88.5889831287942,71.17220943256852,32,0.65625,20.0,76.05724729678039,0.08
2022-07-06,4133,37.0,80.23809454176151,71.96779240871771,32,0.65625,20.0,73.75087646470789,0.08
2023-08-11,4153,38.4,93.29192546583852,82.2593339163108,35,0.6571428571428571,20.0,80.26669683311496,0.12
2023-08-14,4153,35.95,89.96755977411992,88.60054539029208,35,0.6571428571428571,20.0,80.85468999409471,0.12
2023-08-15,4153,36.0,90.13949013949014,85.6246139599746,35,0.6571428571428571,20.0,80.1622862461264,0.12
2023-08-16,4153,36.4,91.1541701769166,72.52519101289901,35,0.6571428571428571,20.0,77.19183452058545,0.12
2021-01-06,4157,21.35,83.47204595244229,84.72624253697775,18,0.6666666666666666,20.0,78.22317441997713,0.1
2021-01-07,4157,21.0,82.82683260532716,86.7236512429517,18,0.6666666666666666,20.0,78.52896259233607,0.1
2021-01-08,4157,21.0,82.88927173295784,85.89031790961837,18,0.6666666666666666,20.0,78.33936099729195,0.1
2021-08-09,4171,120.0,94.60916442048517,75.29139683601247,28,0.75,20.0,81.70559853514867,0.1
2021-08-10,4171,118.5,89.95756718528996,79.10273469960015,28,0.75,20.0,81.26295383048702,0.1
2021-08-11,4171,117.0,84.4590555887627,82.80611502000423,28,0.75,20.0,80.53924543162987,0.1
2021-08-12,4171,116.5,86.77248677248677,82.69032345565657,28,0.75,20.0,81.20432689566017,0.1
2022-03-08,4171,85.1,96.5241571080987,81.64196173217725,38,0.7105263157894737,20.0,82.68352703915814,0.1
2022-03-11,4171,82.6,96.46074646074646,84.68892098934482,38,0.7105263157894737,20.0,83.42624365924435,0.1
2022-03-14,4171,84.5,98.22437449556094,69.0924159167776,38,0.7105263157894737,20.0,80.05620580154688,0.1
2022-03-15,4171,83.0,97.3068574644264,77.11491757669255,38,0.7105263157894737,20.0,81.78657610718527,0.1
2022-03-16,4171,83.6,98.22035269373887,69.06838967833815,38,0.7105263157894737,20.0,80.0489927013904,0.1
2022-06-16,4171,93.0,98.01869538711644,71.85229349894281,41,0.7317073170731707,20.0,81.31990150306575,0.15
2022-06-20,4171,90.4,99.35872138910813,83.65254060904368,41,0.7317073170731707,20.0,84.67197108118847,0.15
2022-06-22,4171,91.2,99.95173745173744,78.62951975828186,41,0.7317073170731707,20.0,83.59412068728682,0.15
2022-06-23,4171,92.6,99.34911527891616,70.21464515556704,41,0.7317073170731707,20.0,81.30961538476173,0.15
2022-06-28,4171,92.4,99.8304510003391,68.74263770078699,41,0.7317073170731707,20.0,81.0860142374936,0.15
2022-06-30,4171,87.4,97.05200077324571,83.50135564441408,41,0.7317073170731707,20.0,83.94215865527235,0.15
2022-07-01,4171,84.2,94.67461403165917,87.87005374288827,41,0.7317073170731707,20.0,84.32111715741495,0.15
2022-07-04,4171,86.1,92.34873653478304,76.2316111241739,41,0.7317073170731707,20.0,80.71374325367351,0.15
2022-07-05,4171,87.6,93.21768947607282,65.0747503920282,41,0.7317073170731707,20.0,78.18521395302402,0.15
2022-07-06,4171,84.2,89.2999637286906,81.3532732003801,41,0.7317073170731707,20.0,81.07952693089733,0.15
2022-07-11,4171,80.5,86.71343537414965,87.8871185523953,41,0.7317073170731707,20.0,81.93702976253884,0.15
2022-09-14,4171,71.8,87.6453488372093,67.36251673299816,44,0.7045454545454546,20.0,76.27059747077597,0.12
2022-09-15,4171,71.1,89.27771257868345,76.48071462951648,44,0.7045454545454546,20.0,79.0398560673478,0.12
2022-09-16,4171,68.6,87.3015873015873,88.36392017220874,44,0.7045454545454546,20.0,81.41781986989201,0.12
2022-09-19,4171,65.8,84.85167262781401,90.18667921854879,44,0.7045454545454546,20.0,81.13853522934504,0.12
2022-09-20,4171,65.4,84.4308857563644,89.00933390651119,44,0.7045454545454546,20.0,80.71796283990075,0.12
2022-09-21,4171,62.8,84.43088575636439,90.4648186725351,45,0.7111111111111111,20.0,81.27880372837642,0.12
2022-05-12,4173,16.9,97.00176366843033,81.44099933082207,15,0.6666666666666666,20.0,81.46077893323461,0.15
2019-07-12,4426,53.698299407958984,87.4102703206521,69.77170691507871,12,0.6666666666666666,20.0,75.6660078249653,0.2
2019-07-16,4426,53.526187896728516,85.48609030536477,73.59093949845479,12,0.6666666666666666,20.0,76.04356196622312,0.2
2019-07-17,4426,52.407474517822266,85.44386702739361,88.82759370259478,12,0.6666666666666666,20.0,79.84005853386678,0.2
2019-07-18,4426,52.06325149536133,83.55389894651472,88.30567114230894,12,0.6666666666666666,20.0,79.14258746953165,0.2
2019-07-19,4426,52.14930725097656,78.77579072937976,82.29380954090509,12,0.6666666666666666,20.0,76.2061896040402,0.2
2019-07-22,4426,51.719032287597656,75.28864813137079,85.10892704200522,12,0.6666666666666666,20.0,75.86382619991254,0.2
2019-07-23,4426,51.63298034667969,75.95999836328876,83.69579196128899,12,0.6666666666666666,20.0,75.71194749930888,0.2
2024-12-30,4503,49.0,96.13403002412484,73.20363111309078,56,0.6607142857142857,20.0,78.96254535693872,0.15
2025-03-31,4503,49.85,99.69493593654667,75.24478611892135,57,0.6666666666666666,20.0,80.71967731069434,0.15
2025-04-01,4503,49.95,98.80878849377923,72.22541556912435,57,0.6666666666666666,20.0,79.69899044041486,0.15
2025-04-02,4503,50.2,99.64151281591683,66.91548691077767,57,0.6666666666666666,20.0,78.62132557246946,0.15
2025-04-07,4503,45.2,95.9425190194421,94.14077696916716,57,0.6666666666666666,20.0,84.31794994812442,0.15
2025-04-08,4503,40.7,93.26298701298701,97.69020795216376,57,0.6666666666666666,20.0,84.40144809193704,0.15
2025-04-10,4503,39.55,91.6303600091722,73.23129674295608,57,0.6666666666666666,20.0,77.79693218849067,0.15
2025-04-11,4503,38.3,90.4559915164369,80.39891728142617,57,0.6666666666666666,20.0,79.2365267752876,0.15
2025-04-08,4510,38.5,93.33542418064921,91.35317958975824,18,0.6666666666666666,20.0,82.83892215163432,0.1
2025-04-09,4510,34.65,89.10541660273131,94.3873518382048,18,0.6666666666666666,20.0,82.32846294037058,0.1
2025-09-26,4510,45.2,94.941819690444,83.31720405971289,22,0.7272727272727273,20.0,83.13002874024323,0.1
2025-09-30,4510,45.4,93.07358073382312,70.57576486695554,22,0.7272727272727273,20.0,79.38419725506765,0.1
2025-10-01,4510,44.3,94.09103209842775,88.48852612557351,22,0.7272727272727273,20.0,84.16762297910353,0.1
2025-10-02,4510,43.0,94.30095534946258,91.44175227061774,22,0.7272727272727273,20.0,84.96890649067504,0.1
2025-10-03,4510,43.3,90.95414488452111,82.23748032209234,22,0.7272727272727273,20.0,81.66379536406123,0.1
2025-10-07,4510,43.8,87.93377982361747,67.01280061681183,22,0.7272727272727273,20.0,76.95151591947001,0.1
2025-10-08,4510,43.2,87.24179095258867,79.57025906826968,22,0.7272727272727273,20.0,79.88328387102584,0.1
2025-10-09,4510,42.15,87.26469668530386,89.79145192715369,22,0.7272727272727273,20.0,82.4454538055614,0.1
2025-10-13,4510,42.1,91.07030139319676,88.48250908438025,22,0.7272727272727273,20.0,83.2598995072359,0.1
2025-10-14,4510,41.1,92.44362781401675,92.70314090487408,22,0.7272727272727273,20.0,84.72705538860536,0.1
2025-10-15,4510,40.6,81.9543753371706,93.18039910758617,22,0.7272727272727273,20.0,81.69959419622955,0.1
2025-10-16,4510,41.0,80.96160859943731,80.88375151647377,22,0.7272727272727273,20.0,78.32760227713146,0.1
2025-10-17,4510,40.15,81.15473691550646,90.52878358395894,22,0.7272727272727273,20.0,80.7967987888235,0.1
2025-10-20,4510,40.45,75.70132100413414,80.8273884080889,22,0.7272727272727273,20.0,76.73542522144427,0.1
2025-10-23,4510,40.6,78.01115359022103,69.49786759340482,22,0.7272727272727273,20.0,74.59599479359933,0.1
2025-10-28,4510,40.45,69.50383442130125,71.20319448394686,22,0.7272727272727273,20.0,72.4701307655589,0.1
2025-10-29,4510,40.05,68.24446135466115,80.26179631030081,22,0.7272727272727273,20.0,74.35696930215536,0.1
2026-06-26,4510,41.4,98.62637362637362,72.11322033179215,29,0.6896551724137931,20.0,80.30587234327392,0.12
2026-06-29,4510,41.1,97.6679910174469,76.00618990138267,29,0.6896551724137931,20.0,80.99159995299352,0.12
2026-07-01,4510,41.2,99.43067355697644,70.88122694102324,29,0.6896551724137931,20.0,80.23916397476253,0.12
2026-07-16,4510,41.15,94.64175006642458,71.45294825829654,29,0.6896551724137931,20.0,78.9454172569153,0.12
2026-07-17,4510,39.0,93.83256058087656,86.93321342618052,29,0.6896551724137931,20.0,82.57272670322189,0.12
2026-07-20,4510,38.1,92.2093837535014,88.57964806428589,29,0.6896551724137931,20.0,82.49738231453568,0.12
2026-07-21,4510,38.95,95.250044810898,71.82188495469074,29,0.6896551724137931,20.0,79.22013985435588,0.12
2026-07-23,4510,38.9,93.44776670358065,68.81369571301441,29,0.6896551724137931,20.0,77.9274091117416,0.12
2026-07-24,4510,38.35,91.45099504811735,76.49107670188182,29,0.6896551724137931,20.0,79.24772286231945,0.12
2026-07-27,4510,38.7,92.14659685863874,66.77693123265159,29,0.6896551724137931,20.0,77.02786703816831,0.12
2026-07-28,4510,36.5,90.44585987261146,88.54099151538283,29,0.6896551724137931,20.0,81.95866101304294,0.12
2023-09-11,4543,40.2,88.12698412698413,83.84626646276025,16,0.6875,20.0,80.0246618537853,0.15
2023-09-12,4543,39.3,84.98635122838944,85.87339823626152,16,0.6875,20.0,79.5892549275822,0.15
2023-09-13,4543,39.35,84.63094694250474,82.59377699772868,16,0.6875,20.0,78.66272833218359,0.15
2023-09-14,4543,40.45,88.87671983024163,65.1995963629418,16,0.6875,20.0,75.58791503980794,0.15
2024-07-29,4543,50.8,97.86479735718315,65.07144214417889,23,0.7391304347826086,20.0,79.80121278667792,0.2
2024-08-02,4543,51.9,98.0963416652872,66.9723060245307,23,0.7391304347826086,20.0,80.34589204919709,0.2
2024-08-05,4543,46.75,94.1810513160978,91.39353108640192,23,0.7391304347826086,20.0,85.27661120990808,0.2
2024-08-06,4543,44.6,93.29634766527971,93.51236699684588,23,0.7391304347826086,20.0,85.54090909227364,0.2
2022-10-11,4551,151.5,96.07142857142857,72.94191392960263,32,0.71875,20.0,80.61940705382924,0.15
2022-10-12,4551,146.5,94.04761904761905,86.41031557708877,32,0.71875,20.0,83.3793646085579,0.15
2022-10-13,4551,140.0,91.45591250854409,89.18607849725194,32,0.71875,20.0,83.29579337687622,0.15
2022-10-14,4551,141.0,91.98772587794068,82.12358771623929,32,0.71875,20.0,81.68971469244202,0.15
2023-01-11,4551,143.5,77.24916826452771,71.3737044129203,35,0.7142857142857143,20.0,74.44674801115981,0.15
2024-11-27,4551,116.5,99.35064935064935,79.08551693023308,41,0.6829268292682927,20.0,82.06437891580185,0.15
2024-11-28,4551,116.5,99.67384213959556,77.39498231228787,41,0.6829268292682927,20.0,81.73870309799942,0.15
2024-11-29,4551,115.0,96.64654594232059,83.71551420099951,41,0.6829268292682927,20.0,82.41064721099482,0.15
2024-12-02,4551,115.0,96.29380053908356,80.29692256214099,41,0.6829268292682927,20.0,81.4501756803091,0.15
2024-12-05,4551,115.5,95.6043956043956,68.67305480682154,41,0.6829268292682927,20.0,78.33738726107285,0.15
2024-12-09,4551,114.5,96.7032967032967,74.77140357572152,41,0.6829268292682927,20.0,80.19164478296817,0.15
2024-12-10,4551,114.0,93.54103343465046,76.12243024585277,41,0.6829268292682927,20.0,79.5807224699071,0.15
2024-12-11,4551,113.0,91.28919860627178,77.89334451554265,41,0.6829268292682927,20.0,79.34790058881597,0.15
2024-12-12,4551,113.0,87.89346246973366,75.62080788055914,41,0.6829268292682927,20.0,77.76104558910866,0.15
2024-12-13,4551,112.5,88.30598504354015,77.80639666136152,41,0.6829268292682927,20.0,78.4311995564512,0.15
2024-12-16,4551,108.5,89.97493734335839,87.97855288669767,41,0.6829268292682927,20.0,81.47492430273071,0.15
2024-12-17,4551,108.0,90.33613445378151,87.13956828545479,41,0.6829268292682927,20.0,81.37353728554693,0.15
2026-06-08,4577,93.9,99.91591692592282,68.36579865144296,12,0.8333333333333334,20.0,84.06622474063758,0.2
2026-06-10,4577,86.7,98.16849816849816,91.71325215945781,12,0.8333333333333334,20.0,89.3788624904139,0.2
2026-06-11,4577,88.6,98.52959449944083,80.09620050921434,12,0.8333333333333334,20.0,86.58292847713584,0.2
2026-06-12,4577,85.7,99.04038718291055,87.51809560431283,12,0.8333333333333334,20.0,88.59164005595137,0.2
2026-06-16,4577,89.2,99.9590197524793,66.27236970639417,12,0.8333333333333334,20.0,83.55579835234234,0.2
2026-06-17,4577,86.8,97.59886415834968,74.07524524382221,12,0.8333333333333334,20.0,84.79847055846045,0.2
2026-06-18,4577,87.4,98.71052297805775,68.52619063911197,12,0.8333333333333334,20.0,83.74470455319532,0.2
2026-07-07,4577,86.0,90.7221104404203,70.49490346034524,12,0.8333333333333334,20.0,81.8403589972124,0.2
2026-07-28,4585,292.0,97.06261642069065,75.80750497137394,14,0.7857142857142857,20.0,83.64208974047925,0.2
2026-07-29,4585,288.5,91.65908401577191,78.45923784905527,14,0.7857142857142857,20.0,82.68396323842396,0.2
2026-07-30,4585,270.0,89.46135831381733,88.4711103270547,14,0.7857142857142857,20.0,84.52761364733745,0.2
2022-06-30,4721,124.5,89.21130952380952,76.12996124029931,32,0.65625,20.0,77.48338316721768,0.15
2022-07-01,4721,118.5,88.27838827838828,83.52342385091188,32,0.65625,20.0,79.05187244624446,0.15
2022-07-04,4721,116.0,90.17384731670447,84.68254006159808,32,0.65625,20.0,79.91028921041087,0.15
2022-10-11,4721,105.5,94.76190476190476,89.37912256547241,37,0.6756756756756757,20.0,83.04362234020981,0.15
2022-10-12,4721,105.0,94.28571428571428,89.6822235263989,37,0.6756756756756757,20.0,82.97654043758428,0.15
2022-10-14,4721,97.6,90.7905173173526,77.64073108742257,37,0.6756756756756757,20.0,78.91760823733169,0.15
2022-10-17,4721,97.5,88.18611414031261,75.37098179336652,37,0.6756756756756757,20.0,77.56884996070569,0.15
2022-10-18,4721,98.1,88.69312505676142,66.26043216424007,37,0.6756756756756757,20.0,75.44331582835872,0.15
2022-10-19,4721,97.0,88.84639898024218,73.671072700805,37,0.6756756756756757,20.0,77.34195813954418,0.15
2022-10-20,4721,94.5,89.428203713918,86.05850390633756,37,0.6756756756756757,20.0,80.61335736103005,0.15
2022-10-21,4721,93.0,86.4079490063742,87.83962089346349,37,0.6756756756756757,20.0,80.1525601955484,0.15
2022-10-24,4721,95.2,88.39168695000936,68.21278731085403,37,0.6756756756756757,20.0,75.84097318298659,0.15
2022-10-25,4721,93.5,86.07308091776036,79.28242774961998,37,0.6756756756756757,20.0,77.91280148300338,0.15
2023-04-25,4721,99.9,77.70374900194065,69.44046512462702,41,0.6829268292682927,20.0,73.15904585978772,0.15
2023-04-26,4721,100.0,77.19020831857259,68.15032499226109,41,0.6829268292682927,20.0,72.68244862168582,0.15
2023-04-27,4721,100.0,76.02945866534753,70.73422180782111,41,0.6829268292682927,20.0,72.98019792960832,0.15
2024-07-26,4721,71.7,86.07716719212232,89.19653783390686,43,0.6744186046511628,20.0,80.35484275564829,0.12
2024-07-29,4721,69.3,84.99638200355285,92.25696557475358,43,0.6744186046511628,20.0,80.79571413428914,0.12
2024-07-30,4721,71.1,88.23104193795743,65.0844793567781,43,0.6744186046511628,20.0,74.97299056011664,0.12
2024-07-31,4721,70.5,86.54384639200377,70.61918069481848,43,0.6744186046511628,20.0,75.85050723084063,0.12
2024-08-02,4721,69.5,83.39154091089756,78.80227429907956,43,0.6744186046511628,20.0,76.95058898757404,0.12
2024-08-05,4721,62.6,89.4645273535666,95.17171223584069,43,0.6744186046511628,20.0,82.86484440456503,0.12
2024-12-30,4721,69.2,79.85162564275188,65.33560604436629,45,0.6666666666666666,20.0,72.28938920391714,0.12
2024-12-31,4721,66.8,82.97901927743084,85.55751608466134,45,0.6666666666666666,20.0,78.28308480439459,0.12
2025-01-02,4721,66.4,80.09336488417881,84.91554604942192,45,0.6666666666666666,20.0,77.25689597760912,0.12
2025-01-03,4721,65.9,80.91213160055143,85.00279859642377,45,0.6666666666666666,20.0,77.52433912927137,0.12
2025-01-06,4721,65.7,79.30613136004041,83.82799498079713,45,0.6666666666666666,20.0,76.74883815321141,0.12
2025-01-07,4721,65.1,79.23326543769116,85.09241749800361,45,0.6666666666666666,20.0,77.04308400580825,0.12
2025-01-08,4721,65.1,77.57108949738394,82.63232417783155,45,0.6666666666666666,20.0,75.92940789367307,0.12
2025-01-09,4721,62.0,78.9413368730074,95.22334017054007,45,0.6666666666666666,20.0,79.48823610453724,0.12
2025-11-04,4721,70.6,81.62091328698156,83.04295063865443,53,0.6981132075471698,20.0,78.19040787217317,0.12
2025-11-05,4721,69.9,80.32216632411614,85.93290849704734,53,0.6981132075471698,20.0,78.52327324791176,0.12
2025-11-06,4721,70.4,80.38245543304079,73.94868936697154,53,0.6981132075471698,20.0,75.54530519807021,0.12
2025-11-07,4721,69.9,83.34869548623662,80.75454648307205,53,0.6981132075471698,20.0,78.13664149305409,0.12
2026-07-09,4721,83.3,98.67068415455512,65.30412646359271,62,0.6774193548387096,20.0,78.249817507426,0.12
2026-07-13,4721,81.0,97.92306303052194,83.40579190801164,62,0.6774193548387096,20.0,82.55094753132079,0.12
2026-07-14,4721,78.7,95.12261828790227,84.98725237401005,62,0.6774193548387096,20.0,82.10617922503448,0.12
2026-07-15,4721,77.4,93.68940918236693,85.24070805091841,62,0.6774193548387096,20.0,81.73958041260096,0.12
2026-07-16,4721,76.7,93.29929802169751,83.96107875950719,62,0.6774193548387096,20.0,81.30263974154734,0.12
2026-07-17,4721,71.9,90.57446618422229,89.51549051169208,62,0.6774193548387096,20.0,81.873793128351,0.12
2026-07-20,4721,71.2,90.05086106897475,88.57479160192425,62,0.6774193548387096,20.0,81.48153686633478,0.12
2026-07-21,4721,73.1,93.07580174927114,68.33913220549755,62,0.6774193548387096,20.0,77.33010422131701,0.12
2026-07-27,4721,72.4,93.87485865058424,67.91422588068606,62,0.6774193548387096,20.0,77.46359471050808,0.12
2026-07-28,4721,68.0,92.8154259757115,84.75401563899793,62,0.6774193548387096,20.0,81.35571234762422,0.12
2026-07-29,4721,65.0,90.03430054695467,88.30248713032051,62,0.6774193548387096,20.0,81.40849259182781,0.12
2026-07-30,4721,63.0,87.90922619047619,89.62436614860813,62,0.6774193548387096,20.0,81.10144003945618,0.12
2026-07-28,4722,184.5,99.9455159638226,86.92865640717704,21,0.7619047619047619,20.0,86.5729617480839,0.15
2026-07-29,4722,166.5,98.19302721088435,92.65974812067526,21,0.7619047619047619,20.0,87.47998805057698,0.15
2026-07-30,4722,160.5,97.13861805849936,93.50529460230514,21,0.7619047619047619,20.0,87.37505192526895,0.15
2026-07-31,4722,170.5,96.58338671791586,70.75596849474006,21,0.7619047619047619,20.0,81.52115099620264,0.15
2022-09-26,4739,103.75729370117188,92.38095057582021,89.89485194874732,36,0.6666666666666666,20.0,82.18799815993289,0.15
2023-04-25,4739,91.54470825195312,73.439665269757,73.79460618783312,42,0.6904761904761905,20.0,73.1948368421711,0.15
2023-04-27,4739,91.9418716430664,74.02637260786608,68.22974731445001,42,0.6904761904761905,20.0,71.97963432525805,0.15
2023-10-31,4739,71.5999984741211,67.3347495333455,80.88803099277962,43,0.6744186046511628,20.0,72.65499074773344,0.15
2024-08-02,4739,62.70000076293945,79.23444244284381,69.12578631562724,47,0.6595744680851063,20.0,72.83901335431315,0.12
2024-08-05,4739,56.5,86.59237108054631,94.24862388625392,47,0.6595744680851063,20.0,81.32710133828057,0.12
2024-08-06,4739,53.79999923706055,83.92029912365004,96.65535897066556,47,0.6595744680851063,20.0,81.12716352231459,0.12
2026-02-05,4739,64.5,98.03859815426657,74.20746658706518,58,0.6724137931034483,20.0,80.13585988614972,0.12
2026-02-06,4739,62.900001525878906,94.56929947720818,86.47498479659714,58,0.6724137931034483,20.0,82.16194983541519,0.12
2026-07-17,4739,84.0999984741211,97.47182345664496,84.37170548906299,61,0.6885245901639344,20.0,82.99021111417727,0.12
2026-07-20,4739,80.30000305175781,95.44847634384195,91.41802783199044,61,0.6885245901639344,20.0,84.14478756606823,0.12
2026-07-21,4739,82.9000015258789,94.59990182444092,74.85474436824578,61,0.6885245901639344,20.0,79.74939434431175,0.12
2026-07-22,4739,83.0,97.59661580504212,70.21756119653355,61,0.6885245901639344,20.0,79.48911274556406,0.12
2026-07-24,4739,81.80000305175781,99.6103905471749,74.68504793011193,61,0.6885245901639344,20.0,81.21011685159849,0.12
2026-07-27,4739,81.80000305175781,98.88495529147218,72.46864987793143,61,0.6885245901639344,20.0,80.43838676184254,0.12
2026-07-28,4739,75.4000015258789,96.9998715820744,86.51086460507909,61,0.6885245901639344,20.0,83.38341533081012,0.12
2026-07-29,4739,71.5,95.0564078385791,89.44627769459186,61,0.6885245901639344,20.0,83.53422948013971,0.12
2026-07-30,4739,69.0999984741211,92.76753726458153,90.35756958918506,61,0.6885245901639344,20.0,83.07539128158876,0.12
2024-07-29,4768,220.0,90.06939459200765,86.1315180477732,12,0.9166666666666666,20.0,88.05369788954559,0.1
2024-08-02,4768,212.0,85.13902205177372,86.29679854363667,13,0.9230769230769231,20.0,86.80821394374898,0.1
2024-11-11,4768,201.5,96.1038961038961,86.88505211774577,17,0.8823529411764706,20.0,89.0230200958994,0.1
2024-11-12,4768,203.5,97.01840808918848,70.43317816824845,17,0.8823529411764706,20.0,85.18440520411278,0.1
2024-11-14,4768,198.0,93.88498568826438,84.26881993968692,18,0.8888888888888888,20.0,87.8993673580677,0.1
2024-11-15,4768,198.0,94.1237921128232,81.57890559496008,18,0.8888888888888888,20.0,87.29853069925363,0.1
2024-11-18,4768,193.5,93.17889317889318,86.20719157039636,18,0.8888888888888888,20.0,88.1721325129337,0.1
2024-11-27,4768,194.0,91.77594089551108,77.77980326361427,18,0.8888888888888888,20.0,85.64439975122355,0.1
2024-11-28,4768,192.0,90.98869241637863,82.73581735626902,18,0.8888888888888888,20.0,86.6472287306475,0.1
2024-11-29,4768,194.0,90.22520130832794,66.69564103472759,18,0.8888888888888888,20.0,82.40813731784695,0.1
2024-12-02,4768,189.5,89.00481030214384,84.41968375808692,18,0.8888888888888888,20.0,86.47303069683154,0.1
2024-06-04,4770,381.5,78.50317774590526,79.48339672410107,15,0.6666666666666666,20.0,75.42180250479684,0.15
2024-06-05,4770,379.0,79.47252175268217,84.13093238994539,15,0.6666666666666666,20.0,76.874489623291,0.15
2024-08-02,4770,379.0,81.38621974428818,81.81812951510493,16,0.6875,20.0,77.49539830206268,0.15
2021-08-10,4906,27.649999618530273,92.66041715579962,93.6680912313421,18,0.6666666666666666,20.0,83.21514795457541,0.12
2021-08-11,4906,27.75,84.32756849112853,88.9784088292517,18,0.6666666666666666,20.0,79.54287275465148,0.12
2021-08-12,4906,27.649999618530273,81.67105489352411,89.89968743598558,18,0.6666666666666666,20.0,78.97623832705362,0.12
2021-08-13,4906,26.799999237060547,82.16463597767867,93.51280493658317,18,0.6666666666666666,20.0,80.02759202744939,0.12
2021-08-16,4906,26.149999618530273,80.32844161168757,94.60875407251832,18,0.6666666666666666,20.0,79.75072100163585,0.12
2021-08-17,4906,26.149999618530273,75.23629420278564,91.43962117462296,18,0.6666666666666666,20.0,77.43079355449143,0.12
2021-08-18,4906,26.700000762939453,76.32864184425915,70.70238350107859,18,0.6666666666666666,20.0,72.57418842854739,0.12
2021-08-19,4906,26.100000381469727,74.47196394690944,86.6204436157698,18,0.6666666666666666,20.0,75.99670008801527,0.12
2021-08-20,4906,25.75,73.44944576488591,87.37558986817626,18,0.6666666666666666,20.0,75.87873119650983,0.12
2021-08-24,4906,25.899999618530273,70.7488336777167,77.49729025488249,18,0.6666666666666666,20.0,72.59897266703562,0.12
2025-03-07,4908,89.8,88.34068947339776,70.20943803584804,52,0.6538461538461539,20.0,75.66995096636595,0.15
2025-03-10,4908,88.5,83.78473430048498,84.55705459674172,52,0.6538461538461539,20.0,77.89006855471554,0.15
2025-03-11,4908,87.0,79.74272210404412,86.59483973885547,52,0.6538461538461539,20.0,77.18691118131171,0.15
2025-03-12,4908,87.7,76.42564914653167,77.02182453186906,52,0.6538461538461539,20.0,73.79853549231137,0.15
2025-03-13,4908,87.0,75.2961745435303,82.38021435796314,52,0.6538461538461539,20.0,74.79929056793449,0.15
2021-05-17,4909,20.8,98.81068979991605,70.07819504158425,15,0.6666666666666666,20.0,79.16275570037088,0.12
2022-06-24,4919,140.0,90.45899948427024,89.45734053820912,32,0.65625,20.0,81.18953497983335,0.15
2022-06-28,4919,140.5,86.77248677248677,80.20177343320353,32,0.65625,20.0,77.76968939004692,0.15
2022-06-30,4919,136.0,87.61201897733262,83.6725355879073,32,0.65625,20.0,78.88923959017662,0.15
2022-07-01,4919,122.5,85.40979446840903,92.20510128536209,32,0.65625,20.0,80.36171366186323,0.15
2022-07-04,4919,122.0,86.8592245641426,91.00467332927548,32,0.65625,20.0,80.49643570156165,0.15
2022-07-05,4919,118.0,85.86844809866393,92.09784415172437,32,0.65625,20.0,80.47249546753028,0.15
2022-09-26,4919,108.5,94.31818181818181,69.44865463090822,35,0.6571428571428571,20.0,77.37190391746731,0.15
2022-09-28,4919,105.0,94.98069498069498,86.31106607111982,36,0.6666666666666666,20.0,82.07197501198844,0.12
2023-04-27,4919,129.5,86.36478257301295,72.5077142805846,41,0.6585365853658537,20.0,75.79246090302564,0.15
2023-05-02,4919,131.0,84.4079641181017,67.97370554865141,41,0.6585365853658537,20.0,74.07191318356897,0.15
2023-05-09,4919,126.5,78.78416043687976,83.47594357435219,41,0.6585365853658537,20.0,76.2603315856276,0.15
2023-05-11,4919,124.0,78.29110669087287,84.09586038258163,41,0.6585365853658537,20.0,76.26739466388287,0.15
2023-05-12,4919,125.5,77.84297932394568,70.04545361609205,41,0.6585365853658537,20.0,72.62035476218233,0.15
2023-05-15,4919,122.5,78.12858213067402,83.5897901462225,41,0.6585365853658537,20.0,76.09211973673345,0.15
2023-05-16,4919,121.5,77.55139379554987,84.77733808629799,41,0.6585365853658537,20.0,76.21585022121508,0.15
2023-08-11,4919,124.0,88.53959993673922,72.54557490035248,44,0.6590909090909091,20.0,76.47100097883715,0.15
2023-08-21,4919,121.5,88.50755983382379,79.78989018066574,44,0.6590909090909091,20.0,78.27246776804084,0.15
2023-08-22,4919,120.0,86.66454815465039,82.15887050725536,44,0.6590909090909091,20.0,78.31180934593623,0.15
2023-08-24,4919,120.5,76.55252103121926,71.86055565211151,44,0.6590909090909091,20.0,72.70362249512092,0.15
2023-08-25,4919,120.5,75.79492983520554,70.21173672042212,44,0.6590909090909091,20.0,72.06414040339446,0.15
2023-08-28,4919,120.0,73.79381582904513,77.21690323690406,44,0.6590909090909091,20.0,73.21509783066682,0.15
2023-08-29,4919,120.0,74.56656341777752,77.50784320212858,44,0.6590909090909091,20.0,73.51965709859267,0.15
2020-12-15,4927,71.5999984741211,70.96600847208701,71.7409850174771,12,0.6666666666666666,20.0,71.22504879599538,0.2
2020-12-21,4927,68.30000305175781,65.7592603138422,92.01852915081649,12,0.6666666666666666,20.0,74.73241038185678,0.2
2022-02-24,4934,32.95000076293945,83.97227986740316,80.70091244004657,27,0.6666666666666666,20.0,77.36691207023259,0.1
2022-03-07,4934,32.849998474121094,85.0948980726015,80.39362606394127,28,0.6785714285714286,20.0,77.98401879490862,0.1
2022-03-08,4934,31.600000381469727,88.98309667928312,86.36730026369679,28,0.6785714285714286,20.0,80.643896926852,0.1
2022-03-15,4934,31.5,87.53390183955622,82.76085459048505,28,0.6785714285714286,20.0,79.30752705663099,0.1
2022-03-17,4934,31.75,85.45630433762773,67.40740120775462,28,0.6785714285714286,20.0,74.84588446036983,0.1
2022-03-21,4934,31.700000762939453,84.4795570029128,66.83024728963872,28,0.6785714285714286,20.0,74.40857178042639,0.1
2022-03-25,4934,31.350000381469727,68.1121305441161,75.40343791861007,29,0.6551724137931034,20.0,70.93967105668045,0.1
2022-03-28,4934,30.299999237060547,69.99965939455159,88.38568785732728,29,0.6551724137931034,20.0,74.7514921964904,0.1
2022-03-29,4934,29.399999618530273,73.21119902292207,91.84194702616618,29,0.6551724137931034,20.0,76.57901887721127,0.12
2022-03-31,4934,29.700000762939453,71.88557497723548,79.02836579274295,29,0.6551724137931034,20.0,72.97793635514948,0.12
2022-04-01,4934,29.149999618530273,70.10821532393295,89.42698050178112,29,0.6551724137931034,20.0,75.04438213641828,0.12
2021-05-12,4939,20.15,99.46294307196563,79.84262334270821,20,0.7,20.0,82.79953875726673,0.15
2021-05-13,4939,20.35,99.46294307196563,74.46323720766176,20,0.7,20.0,81.45469222350513,0.15
2021-05-14,4939,20.45,99.03329752953813,69.15225194141885,20,0.7,20.0,79.99805224421615,0.15
2021-05-17,4939,18.6,97.24882820460567,93.41727491698116,20,0.7,20.0,85.52896719062699,0.15
2019-06-06,4943,183.47193908691406,98.8610490594076,71.59322164843506,14,0.8571428571428571,20.0,85.27090584421676,0.15
2019-06-10,4943,184.22080993652344,99.344690351495,66.1317720772129,14,0.8571428571428571,20.0,84.05063583903744,0.15
2019-12-26,4943,260.27093505859375,86.36372899651073,74.85420363404664,16,0.875,20.0,82.87266960746487,0.15
2020-01-07,4943,247.72776794433594,91.62721509794969,86.90958643188787,16,0.875,20.0,87.46556113735687,0.15
2020-01-08,4943,243.8080291748047,92.40121344531917,88.4377197571168,16,0.875,20.0,88.07979397287495,0.15
2020-01-09,4943,246.15988159179688,92.47915490378594,78.44949195653568,16,0.875,20.0,85.6061194602697,0.15
2020-01-10,4943,240.6722412109375,90.6666659746127,88.78824114277768,16,0.875,20.0,87.64706007807823,0.15
2020-01-14,4943,243.8080291748047,90.45473861910884,69.66082565921964,16,0.875,20.0,82.80162800053756,0.15
2020-01-30,4943,224.2093048095703,80.48399332793005,91.94605068619234,16,0.875,20.0,85.3817106699271,0.15
2020-08-20,4943,172.4687042236328,95.17684930582399,81.35396046208584,24,0.75,20.0,83.39154490726865,0.15
2020-08-24,4943,156.78973388671875,92.98860897109064,87.04210869097565,24,0.75,20.0,84.1571098640711,0.15
2020-08-25,4943,155.69219970703125,92.47198912959325,90.10867858891572,24,0.75,20.0,84.7687663861069,0.15
2020-08-26,4943,156.78973388671875,91.34333968207885,82.04654491485624,24,0.75,20.0,82.41463813333772,0.15
2020-08-27,4943,156.78973388671875,90.33534162543279,78.81873414870866,24,0.75,20.0,81.305286024807,0.15
2020-09-07,4943,154.7040252685547,93.43839294692089,78.76354222673496,24,0.75,20.0,82.22240344076,0.15
2020-09-08,4943,151.45848083496094,93.41028189808756,81.08453288818991,24,0.75,20.0,82.79421779147374,0.15
2021-01-11,4943,149.11448669433594,95.84643233696634,84.34380495708216,29,0.6896551724137931,20.0,82.52953611277424,0.15
2021-01-12,4943,144.78709411621094,95.10198734379391,87.41083851124574,29,0.6896551724137931,20.0,83.0729610033634,0.15
2021-01-13,4943,146.77047729492188,95.2539923524624,72.27855944055543,29,0.6896551724137931,20.0,79.33549273829138,0.15
2021-01-15,4943,146.22955322265625,91.55478865980979,71.43897232353203,29,0.6896551724137931,20.0,78.01583485123973,0.15
2021-01-18,4943,145.50833129882812,91.947893031745,74.80772290403708,29,0.6896551724137931,20.0,78.97595380794655,0.15
2021-01-19,4943,144.9674072265625,92.74173882938197,77.08008720789218,29,0.6896551724137931,20.0,79.78219862320142,0.15
2021-01-20,4943,138.83694458007812,87.17644853002523,89.4444541596788,29,0.6896551724137931,20.0,81.20370327134106,0.15
2021-01-21,4943,133.42770385742188,87.26216791737093,92.56498712667272,29,0.6896551724137931,20.0,82.00955232929326,0.15
2021-01-22,4943,137.3944854736328,90.95022946219912,67.01144910406312,29,0.6896551724137931,20.0,76.72758628708931,0.15
2021-01-26,4943,135.41110229492188,91.15044484483576,73.43371019840006,29,0.6896551724137931,20.0,78.39321617546454,0.15
2021-02-01,4943,133.788330078125,87.9242275430235,75.23783020567753,29,0.6896551724137931,20.0,77.87638098674023,0.15
2021-02-02,4943,134.87017822265625,89.07190296309125,66.62778520621765,29,0.6896551724137931,20.0,76.06817236289558,0.15
2024-07-26,4945,89.2,93.40735600277586,86.86405518453715,21,0.7619047619047619,20.0,84.5953634541099,0.2
2024-07-29,4945,87.0,93.54261871647128,88.77622023473131,21,0.7619047619047619,20.0,85.11398353076707,0.2
2024-07-30,4945,87.8,94.2916708031371,79.20979045331926,21,0.7619047619047619,20.0,82.9470917114138,0.2
2024-07-31,4945,88.1,94.13052128929566,72.98007769948191,21,0.7619047619047619,20.0,81.34131866880203,0.2
2024-08-05,4945,80.3,92.10406207211318,90.5186894517295,21,0.7619047619047619,20.0,85.11803384170919,0.2
2024-08-06,4945,73.1,89.90922710848682,94.59767254251896,21,0.7619047619047619,20.0,85.47932912531864,0.2
2021-10-01,4952,60.5,98.43014085541857,75.95912686849991,12,0.6666666666666666,20.0,80.51882397375054,0.1
2021-10-04,4952,59.5,99.5087443299384,88.97415307483024,12,0.6666666666666666,20.0,84.09616156768908,0.1
2021-10-06,4952,60.0,94.42534278038464,79.29688101405765,12,0.6666666666666666,20.0,80.15182308762981,0.1
2021-10-13,4952,59.79999923706055,88.95190834402989,76.11205881283578,12,0.6666666666666666,20.0,77.71358720641791,0.1
2022-01-11,4952,62.599998474121094,82.3007710385281,88.12407808306995,14,0.7142857142857143,20.0,80.14982226089734,0.15
2022-01-12,4952,63.20000076293945,73.75234264967844,77.87541491941543,14,0.7142857142857143,20.0,75.02312795332882,0.15
2022-01-13,4952,62.20000076293945,72.91551287587774,87.87359151924309,14,0.7142857142857143,20.0,77.27162317114552,0.15
2022-01-14,4952,61.400001525878906,70.61208833221876,89.3098104591333,14,0.7142857142857143,20.0,76.93965054302038,0.15
2022-01-19,4952,62.0,70.10732940500823,71.19050332029151,14,0.7142857142857143,20.0,72.25839608014678,0.15
2022-01-21,4952,60.5,66.64562703947706,83.93609093362072,14,0.7142857142857143,20.0,74.40628227381973,0.15
2022-06-22,4952,64.5,86.55110665660298,92.62099837124981,16,0.75,20.0,83.62058158979335,0.15
2022-06-23,4952,63.5,86.73362585711172,93.46380235031788,16,0.75,20.0,83.88603834471299,0.15
2022-06-24,4952,63.400001525878906,86.31579176823895,93.55067821380737,16,0.75,20.0,83.78240708392353,0.15
2022-06-28,4952,63.70000076293945,86.13846433486007,80.3098897556174,16,0.75,20.0,80.41901173936238,0.15
2022-06-29,4952,61.79999923706055,86.75547436952431,88.60688655470821,16,0.75,20.0,82.67836394953434,0.15
2022-06-30,4952,59.400001525878906,85.89531034027792,91.67259531271304,16,0.75,20.0,83.18674193026163,0.15
2022-07-01,4952,55.0,84.42093061886254,97.59571917691876,16,0.75,20.0,84.22520897988845,0.15
2022-07-04,4952,55.20000076293945,86.81201471550719,91.4050098931264,16,0.75,20.0,83.39485688793376,0.15
2024-11-14,4952,50.900001525878906,81.11011018385346,67.48982919158739,29,0.6551724137931034,20.0,72.86066276684599,0.1
2024-11-18,4952,50.29999923706055,75.62863394749478,83.79217716672403,29,0.6551724137931034,20.0,75.29180688972255,0.1
2026-07-28,4952,45.70000076293945,99.37051136709195,83.43259587452685,44,0.6590909090909091,20.0,82.44202965148656,0.12
2026-07-29,4952,42.849998474121094,97.15151020886665,89.67296263913747,44,0.6590909090909091,20.0,83.33642099517164,0.12
2026-07-30,4952,43.0,96.8881175250962,83.18369917446745,44,0.6590909090909091,20.0,81.635087323873,0.12
2020-01-30,4953,96.8,82.40634011680721,87.5874306915672,14,0.7142857142857143,20.0,80.04733113650539,0.2
2020-01-31,4953,90.4,85.96246316116023,92.61329234623598,14,0.7142857142857143,20.0,82.3706334634785,0.2
2020-02-03,4953,84.9,82.72833723653396,95.8310037017385,14,0.7142857142857143,20.0,82.20482352496624,0.2
2021-05-14,4953,92.5,97.84898383029224,67.50477636952942,26,0.6538461538461539,20.0,77.84627385685464,0.15
2021-05-17,4953,88.2,97.08454810495627,92.96406632455535,26,0.6538461538461539,20.0,83.98176562801034,0.15
2022-05-09,4953,84.5,83.57142347592169,80.81996895899654,29,0.6896551724137931,20.0,77.96607445493943,0.15
2024-04-22,4953,133.5,84.44941539462245,85.41258951728564,44,0.6590909090909091,20.0,78.46069927043541,0.15
2024-04-23,4953,134.5,83.30082406969305,68.18760915278895,44,0.6590909090909091,20.0,73.80987678183241,0.15
2024-04-25,4953,134.0,79.52536324162664,71.13556221690128,44,0.6590909090909091,20.0,73.41422679944058,0.15
2024-05-17,4953,133.5,70.72649572649573,73.52581233582762,44,0.6590909090909091,20.0,71.3721290746329,0.15
2021-05-17,4956,18.5,99.35649853508654,93.55669634797509,24,0.6666666666666666,20.0,85.19612364751973,0.12
2022-02-24,4956,24.100000381469727,94.69671984417305,75.78588222668157,30,0.6666666666666666,20.0,79.3554865099223,0.15
2022-02-25,4956,23.75,91.65557283109248,83.08906667085678,30,0.6666666666666666,20.0,80.26893851704193,0.15
2022-03-04,4956,23.75,87.70552369788413,77.44035879290179,30,0.6666666666666666,20.0,77.67174680759068,0.15
2020-11-19,4958,119.0,87.2245495788826,80.02220619351253,12,0.75,20.0,80.67291642204292,0.15
2020-11-23,4958,118.0,84.85084844959492,65.92692604250956,12,0.75,20.0,76.43698604550586,0.15
2020-11-25,4958,117.0,86.10936986306123,74.44950377224363,13,0.7692307692307693,20.0,79.52210997890236,0.15
2020-12-15,4958,113.0,77.91971850485248,87.37565167677676,14,0.7142857142857143,20.0,78.64839989922136,0.1
2020-12-31,4958,114.0,75.7532714604646,69.61089214455029,15,0.6666666666666666,20.0,72.12870447427696,0.1
2021-09-08,4960,12.885523796081543,90.01005299933746,79.68348728383187,23,0.6521739130434783,20.0,78.48910511206356,0.1
2021-09-22,4960,12.885523796081543,77.76988801138127,75.3479881355434,23,0.6521739130434783,20.0,73.73318082860457,0.1
2021-10-04,4960,12.355981826782227,72.78528930976616,86.51036072448412,23,0.6521739130434783,20.0,75.02839436535523,0.1
2021-10-05,4960,12.591334342956543,79.41902663512192,69.93379854257893,23,0.6521739130434783,20.0,72.87437501748565,0.1
2021-10-06,4960,12.414819717407227,79.19121021448642,80.11248372561813,23,0.6521739130434783,20.0,75.3507013870548,0.1
2022-03-31,4960,14.062285423278809,74.65412508490029,77.3777137695493,29,0.6551724137931034,20.0,73.39583838165052,0.15
2022-04-01,4960,13.826932907104492,70.41738394037989,88.07175675418365,29,0.6551724137931034,20.0,74.79832678445298,0.15
2022-04-06,4960,13.944608688354492,69.94545812167323,70.67556896389294,29,0.6551724137931034,20.0,70.30770209126831,0.15
2022-04-07,4960,13.17971420288086,71.77500829992374,92.9802814677267,29,0.6551724137931034,20.0,76.4327452707019,0.15
2021-05-03,4968,348.7304382324219,91.50743317241445,85.76361800437249,20,0.65,20.0,80.39313445281746,0.15
2021-05-04,4968,313.8573913574219,87.46355922404545,92.23234731893143,20,0.65,20.0,80.7971545969465,0.15
2021-05-05,4968,304.6053466796875,86.09098856675139,93.31248938871646,20,0.65,20.0,80.65541891720453,0.15
2021-05-06,4968,315.2807922363281,90.0731483089312,74.5956431143009,20,0.65,20.0,77.17085527125458,0.15
2021-05-11,4968,295.70916748046875,89.50103461119876,88.88031854443895,20,0.65,20.0,80.57039001946936,0.15
2021-05-12,4968,307.8079833984375,91.79512878687652,66.20399049552309,20,0.65,20.0,75.58953625994373,0.15
2021-05-13,4968,305.67291259765625,89.24378568162139,67.33520637666926,20,0.65,20.0,75.10693729865373,0.15
2025-03-24,4974,103.0,99.82704946385334,79.10596197968772,12,0.6666666666666666,20.0,81.72460533407794,0.12
2025-03-25,4974,104.0,98.76543209876543,68.95735730806682,12,0.6666666666666666,20.0,78.86896895664633,0.12
2025-03-28,4974,101.0,96.97185607410046,81.85632947069273,12,0.6666666666666666,20.0,81.55563918990332,0.12
2025-03-31,4974,96.2,96.70002129018522,91.05244417604027,12,0.6666666666666666,20.0,83.77311743106563,0.12
2025-04-01,4974,98.8,93.6475107105924,72.00058275462573,12,0.6666666666666666,20.0,78.09439890183415,0.12
2025-04-07,4974,90.5,82.44192328471097,91.47192217390932,12,0.6666666666666666,20.0,79.60055752889062,0.12
2025-04-08,4974,85.8,80.62953995157385,94.13279245643079,12,0.6666666666666666,20.0,79.72206009957985,0.12
2025-04-09,4974,82.0,78.14948764315852,95.99158849503628,12,0.6666666666666666,20.0,79.44274341670662,0.12
2020-08-18,4977,119.59015655517578,100.0,65.32771112178327,15,0.6666666666666666,20.0,78.33192778044581,0.2
2020-08-20,4977,106.30236053466797,92.3395465601723,93.53957085880995,15,0.6666666666666666,20.0,83.08675668275417,0.2
2020-09-07,4977,105.31807708740234,93.58178303157263,83.30597066411093,15,0.6666666666666666,20.0,80.90102757549951,0.2
2020-09-08,4977,105.31807708740234,93.96085000363898,81.8993954758632,15,0.6666666666666666,20.0,80.6631038700575,0.2
2021-05-04,4977,98.42810821533203,69.11550422785697,94.10862608620361,23,0.6521739130434783,20.0,75.82702518121233,0.15
2021-05-05,4977,95.67212677001953,69.65431880930919,96.0700419602608,24,0.6666666666666666,20.0,76.91380613285796,0.15
2021-05-06,4977,92.71927642822266,73.40312183066811,97.90806041131275,24,0.6666666666666666,20.0,78.49795165202862,0.15
2021-05-07,4977,95.9674072265625,72.68954230601304,65.68397397783232,24,0.6666666666666666,20.0,70.22785618626199,0.15
2021-05-10,4977,93.21141815185547,73.79642028863982,87.16985137823505,24,0.6666666666666666,20.0,75.9313889311507,0.15
2021-05-11,4977,86.81359100341797,73.4841211908298,97.03053703986302,24,0.6666666666666666,20.0,78.3028706172147,0.15
2021-05-13,4977,83.86074829101562,71.99360617426144,83.9224734638077,24,0.6666666666666666,20.0,74.57870021823035,0.15
2021-05-14,4977,84.15603637695312,71.82524358921876,78.08742575121363,24,0.6666666666666666,20.0,73.06942951456904,0.15
2023-04-27,4977,105.5,99.79415397282833,84.81141152080242,38,0.6578947368421053,20.0,82.87794117731227,0.15
2023-05-02,4977,106.5,97.22814498933901,68.56802164326886,38,0.6578947368421053,20.0,78.04729101288208,0.15
2023-05-03,4977,103.5,95.7983193277311,82.86738919430144,38,0.6578947368421053,20.0,81.19318520215785,0.15
2023-05-04,4977,102.0,95.40517961570593,83.56343833109516,38,0.6578947368421053,20.0,81.24925557274874,0.15
2023-05-09,4977,102.0,96.08892548373817,76.97698374047357,38,0.6578947368421053,20.0,79.807765685503,0.15
2023-05-11,4977,98.5,95.48440065681444,81.68503234580169,38,0.6578947368421053,20.0,80.80342038875791,0.15
2023-05-12,4977,100.0,95.26554137505147,66.41770840728014,38,0.6578947368421053,20.0,76.92093161959863,0.15
2023-05-15,4977,99.5999984741211,95.49698362815661,68.23220320896394,38,0.6578947368421053,20.0,77.44398799595113,0.15
2023-06-12,4977,91.4000015258789,89.26894775113972,87.85777302568954,38,0.6578947368421053,20.0,80.48196968702746,0.15
2020-01-30,4979,22.35,91.10232328225408,85.61768267124994,19,0.6842105263157895,20.0,81.2614334419624,0.15
2020-01-31,4979,21.45,89.41798941798942,88.85698194232697,19,0.6842105263157895,20.0,81.56595810045225,0.15
2020-02-03,4979,19.7,84.51225150254277,93.72503014259968,19,0.6842105263157895,20.0,81.31124877588643,0.15
2020-02-07,4979,20.25,85.47619047619048,66.9910460902457,19,0.6842105263157895,20.0,74.91693445489226,0.15
2024-03-21,4979,138.0,91.45591250854409,86.60454475501898,49,0.6530612244897959,20.0,80.67974667601186,0.15
2024-03-22,4979,139.0,92.44505494505495,70.94544960552216,49,0.6530612244897959,20.0,77.0617156195909,0.15
2024-07-22,4979,116.0,99.29627023223082,79.00499046460155,56,0.6607142857142857,20.0,81.3615572572482,0.15
2024-07-23,4979,113.0,99.30313588850174,87.13990307813151,56,0.6607142857142857,20.0,83.39734510751197,0.15
2024-07-26,4979,108.5,95.98323436954243,89.57418911895343,56,0.6607142857142857,20.0,83.00994616202965,0.15
2024-07-29,4979,103.0,93.66221308667352,92.1839682564133,56,0.6607142857142857,20.0,82.96608456153395,0.15
2024-07-30,4979,103.5,94.96002780674314,88.18727725951763,56,0.6607142857142857,20.0,82.35625622833092,0.15
2024-07-31,4979,104.0,94.39775910364145,82.299657596552,56,0.6607142857142857,20.0,80.71567070165901,0.15
2024-08-01,4979,105.5,95.61249561249561,69.8086789281698,56,0.6607142857142857,20.0,77.9573469872197,0.15
2024-08-02,4979,99.3,93.6303562913005,90.08450993060487,56,0.6607142857142857,20.0,82.43166294146994,0.15
2024-08-05,4979,89.4,87.84266181720213,96.41338627762084,56,0.6607142857142857,20.0,82.27757368599441,0.15
2025-03-11,4979,171.5,92.83058948486457,68.20620489185131,58,0.6724137931034483,20.0,77.07314186152564,0.15
2025-03-31,4979,168.5,99.66307277628033,82.40367856576752,58,0.6724137931034483,20.0,82.67225526742942,0.15
2025-04-01,4979,164.5,97.14976679910174,84.80822940757815,58,0.6724137931034483,20.0,82.51940118472851,0.15
2025-04-02,4979,168.0,97.05984088550674,68.76235380101552,58,0.6724137931034483,20.0,78.48095450900935,0.15
2025-04-07,4979,151.5,95.12605042016807,87.96381615154773,58,0.6724137931034483,20.0,82.7011829570408,0.15
2025-04-08,4979,136.5,93.22448979591837,91.52149668083082,58,0.6724137931034483,20.0,83.02013490208667,0.15
2025-04-09,4979,123.0,89.47197926789764,94.15952714179348,58,0.6724137931034483,20.0,82.55388935892111,0.15
2025-04-10,4979,135.0,91.11111111111111,69.47368410424212,58,0.6724137931034483,20.0,76.8741681524973,0.15
2025-04-11,4979,130.5,87.82467532467533,75.47570294086611,58,0.6724137931034483,20.0,77.38874212572257,0.15
2025-04-14,4979,133.0,89.32676518883416,66.27839128775435,58,0.6724137931034483,20.0,75.54004117169228,0.15
2025-10-14,4979,179.0,96.95550351288057,87.3790620078874,63,0.6825396825396826,20.0,83.4076070320265,0.15
2025-10-15,4979,180.0,95.71428571428572,81.92397753348956,63,0.6825396825396826,20.0,81.67147057384858,0.15
2026-07-07,4979,428.0,99.15364327047986,80.63545947923137,65,0.6923076923076923,20.0,82.67418862018258,0.15
2026-07-08,4979,434.5,98.79336946631325,71.33891079930406,65,0.6923076923076923,20.0,80.24196930895076,0.15
2026-07-09,4979,432.5,97.9020979020979,71.7650888789891,65,0.6923076923076923,20.0,80.08113235960741,0.15
2026-07-13,4979,419.0,95.35490180099421,79.1253519783804,65,0.6923076923076923,20.0,81.15703930412414,0.15
2026-07-14,4979,403.0,92.38261738261738,82.2170590412059,65,0.6923076923076923,20.0,81.03828074431746,0.15
2026-07-15,4979,410.0,89.96138996138995,72.76696576168756,65,0.6923076923076923,20.0,77.94938919806964,0.15
2026-07-16,4979,392.0,86.05841348274949,82.4597766490137,65,0.6923076923076923,20.0,79.20169897630905,0.15
2026-07-17,4979,356.0,86.66845015159622,90.9075602916167,65,0.6923076923076923,20.0,81.4966558876138,0.15
2026-07-20,4979,340.0,87.03338119167265,92.69757219697101,65,0.6923076923076923,20.0,82.05363817597532,0.15
2026-07-21,4979,357.0,90.3038138332256,74.81135558372915,65,0.6923076923076923,20.0,78.56321381513072,0.15
2025-01-06,5202,23.15,99.90946949121854,70.56494257183684,12,0.8333333333333334,20.0,84.61407649032478,0.2
2025-01-07,5202,22.75,98.17784256559767,76.17178897093875,12,0.8333333333333334,20.0,85.49630001241398,0.2
2025-01-08,5202,22.6,98.26673964604998,79.11462483864041,12,0.8333333333333334,20.0,86.25867810347509,0.2
2025-04-08,5202,21.6,96.78111587982832,75.82578397439686,16,0.875,20.0,86.24078075754771,0.2
2025-04-09,5202,19.45,93.90691528409926,88.46493161964776,16,0.875,20.0,88.53830749014172,0.2
2025-04-22,5202,19.9,94.89795918367346,67.8678597288669,16,0.875,20.0,83.68635268731876,0.2
2021-05-03,5215,124.0,85.09248243067931,90.76651370970949,16,0.75,20.0,82.71937315663116,0.15
2021-05-04,5215,120.5,86.22346089924486,93.51464889431499,16,0.75,20.0,83.7457004933522,0.15
2021-05-05,5215,118.0,83.3388403715507,95.22836936795545,16,0.75,20.0,83.30874445345407,0.15
2021-05-06,5215,118.5,82.17303308582063,87.60622239312647,16,0.75,20.0,81.05346552402781,0.15
2021-05-11,5215,113.0,89.37053135097332,92.86338785610062,16,0.75,20.0,84.52700636931715,0.15
2021-05-14,5215,101.0,85.95090150819063,90.4415338334694,16,0.75,20.0,82.89565391082454,0.15
2022-10-11,5222,84.01319885253906,96.76956125001517,83.6707691878024,25,0.68,20.0,82.34856067195514,0.12
2022-10-12,5222,84.35472106933594,96.20253064330697,77.15316313218528,25,0.68,20.0,80.54904997603842,0.12
2022-10-13,5222,80.25651550292969,94.6958967925236,87.09538719806314,25,0.68,20.0,82.58261583727287,0.12
2022-10-17,5222,81.28106689453125,92.53731094456226,72.8604309051027,25,0.68,20.0,78.37630100964435,0.12
2022-10-18,5222,80.9395523071289,93.18018676840622,73.94626736967423,25,0.68,20.0,78.84062287294043,0.12
2023-06-27,5222,124.99525451660156,96.16586151693659,76.73976074650074,28,0.6785714285714286,20.0,80.39184149884902,0.12
2023-06-29,5222,125.3367691040039,96.50645204989301,69.08281389342406,28,0.6785714285714286,20.0,78.57978194546678,0.12
2023-06-30,5222,124.31221771240234,95.5668269656028,83.06904457107802,28,0.6785714285714286,20.0,81.79445208959321,0.12
2023-07-03,5222,124.65373229980469,93.55059597085196,75.18976901592559,28,0.6785714285714286,20.0,79.21976390237984,0.12
2023-07-04,5222,123.62918090820312,91.66703120381247,81.44285965790633,28,0.6785714285714286,20.0,80.21796713276318,0.12
2023-07-18,5222,119.53097534179688,85.89552768488022,83.07029272202296,28,0.6785714285714286,20.0,78.89337434311267,0.12
2023-07-19,5222,119.18946075439453,85.91148515669238,84.08415990745226,28,0.6785714285714286,20.0,79.15162838101364,0.12
2023-07-21,5222,117.82339477539062,84.5083050687779,87.09201173031886,28,0.6785714285714286,20.0,79.48263731035594,0.12
2023-07-24,5222,116.11580657958984,77.287750393213,88.80196617982594,28,0.6785714285714286,20.0,77.74395952006324,0.12
2023-07-25,5222,114.74974060058594,77.72202268516278,90.11184296549618,28,0.6785714285714286,20.0,78.20171040406574,0.12
2023-07-26,5222,112.70063781738281,74.90518050543811,91.96560902550229,28,0.6785714285714286,20.0,77.82009926514986,0.12
2023-07-27,5222,114.06670379638672,69.56176254693676,78.80006683850264,28,0.6785714285714286,20.0,72.92568833084955,0.12
2025-03-31,5222,97.52362060546875,88.86545126723715,87.85259777603873,39,0.6666666666666666,20.0,80.62278482418083,0.12
2025-04-07,5222,89.25890350341797,83.23520321506143,92.84891449633983,39,0.6666666666666666,20.0,80.18278958860338,0.12
2025-04-08,5222,82.64713287353516,78.66600683380032,96.42740116429962,39,0.6666666666666666,20.0,79.706652341215,0.12
2025-11-18,5222,115.91260528564453,87.637694025503,65.92181324521026,42,0.6666666666666666,20.0,74.77176151895345,0.12
2025-11-19,5222,114.5489273071289,86.56713193301417,84.94824656907976,42,0.6666666666666666,20.0,79.20720122217419,0.12
2025-11-21,5222,113.18524932861328,85.26305041692204,85.95019091457677,42,0.6666666666666666,20.0,79.06646285372081,0.12
2026-03-31,5222,115.45804595947266,96.30916007975065,82.91365528442621,47,0.6595744680851063,20.0,81.40839588758494,0.12
2026-04-01,5222,115.45804595947266,96.63784897504166,82.08032195109288,47,0.6595744680851063,20.0,81.29866922283891,0.12
2026-04-02,5222,111.36701202392578,94.66950692420136,86.64930311388613,47,0.6595744680851063,20.0,81.85041189828513,0.12
2026-04-07,5222,101.8212661743164,90.54325508626013,93.01762982963619,47,0.6595744680851063,20.0,82.20461802584028,0.12
2026-04-08,5222,105.91230010986328,93.07478902399392,67.49057819519962,47,0.6595744680851063,20.0,76.58231529855126,0.12
2026-04-09,5222,105.91230010986328,94.9124924797451,65.32973881799417,47,0.6595744680851063,20.0,76.59341649097526,0.12
2026-07-28,5222,100.0030288696289,89.58837772397095,85.58400659563323,51,0.6862745098039216,20.0,80.86075026021723,0.12
2026-07-29,5222,94.54832458496094,84.94983594068218,89.88307489084103,51,0.6862745098039216,20.0,80.54395479903255,0.12
2023-03-16,5227,63.1,77.47100820087522,92.51458409217882,53,0.6792452830188679,20.0,78.74730697387331,0.15
2023-03-17,5227,63.4,77.10072368073611,85.27765953058838,53,0.6792452830188679,20.0,76.82699047743397,0.15
2020-03-19,5269,617.0,99.61442066705224,78.58239882341837,12,0.8333333333333334,20.0,86.52992590597027,0.15
2020-03-20,5269,626.0,99.90412272291466,69.96966845879518,12,0.8333333333333334,20.0,84.46365393157319,0.15
2023-07-12,5269,998.0,85.47288559358566,81.79592961728476,45,0.6666666666666666,20.0,78.09084808239689,0.15
2022-07-12,5272,30.4,96.9379801803808,84.67080483489265,35,0.6857142857142857,20.0,82.82052383426597,0.12
2024-05-09,5284,132.5,98.86920467395402,78.05076065371429,17,0.7058823529411765,20.0,82.34992215385007,0.2
2024-05-10,5284,131.0,98.67724867724868,92.18913039446562,17,0.7058823529411765,20.0,85.8269277900263,0.2
2024-05-13,5284,125.5,98.27652240520874,95.97876325539573,17,0.7058823529411765,20.0,86.65411812364684,0.2
2024-05-14,5284,129.5,97.28260869565217,80.9644746830917,17,0.7058823529411765,20.0,82.60237186770387,0.2
2024-05-15,5284,126.0,93.7062937062937,88.13118599150872,17,0.7058823529411765,20.0,83.32115519800058,0.2
2024-05-16,5284,124.5,89.91474318985236,90.5874757395136,17,0.7058823529411765,20.0,82.7977624800694,0.2
2024-05-17,5284,124.0,89.3483709273183,89.70427699455944,17,0.7058823529411765,20.0,82.40705111507064,0.2
2024-05-20,5284,123.5,89.88621997471554,88.82778714019365,17,0.7058823529411765,20.0,82.34928336569837,0.2
2024-05-21,5284,122.5,88.11308631398586,88.33807451207448,17,0.7058823529411765,20.0,81.69491511044967,0.2
2024-05-22,5284,123.5,85.5376462795319,81.07379067497241,17,0.7058823529411765,20.0,79.10621214083797,0.2
2024-05-23,5284,121.5,86.88969258589512,86.1809548227608,17,0.7058823529411765,20.0,80.78861706969403,0.2
2024-05-24,5284,122.5,84.55284552845528,79.08280396535667,17,0.7058823529411765,20.0,78.31302523811104,0.2
2024-05-27,5284,123.0,85.52600611908684,73.88202899816508,17,0.7058823529411765,20.0,77.30477967350261,0.2
2022-06-20,5291,36.3,78.42395956674764,89.72265480328917,19,0.7894736842105263,20.0,81.64206209716238,0.15
2026-06-26,5291,55.9,89.50712360415864,89.1515451714274,36,0.6944444444444444,20.0,81.97335670743777,0.12
2026-06-29,5291,54.0,89.54821308159137,90.87870796411676,36,0.6944444444444444,20.0,82.41747424883992,0.12
2026-07-07,5291,55.0,91.85867895545314,73.81582358117672,36,0.6944444444444444,20.0,78.84489291526346,0.12
2021-08-17,5302,13.55,98.32915622389307,82.73560489197082,24,0.6666666666666666,20.0,82.18264809016063,0.15
2021-08-19,5302,13.5,97.21984602224123,80.91849390461279,24,0.6666666666666666,20.0,81.39557728282556,0.15
2021-08-20,5302,13.55,98.26839826839827,74.52956855811476,24,0.6666666666666666,20.0,80.11291162004817,0.15
2021-08-17,5309,28.9,97.07526322630963,80.52579827308945,13,0.9230769230769231,20.0,88.94633622847294,0.15
2021-08-19,5309,29.1,95.86886993603412,68.53151357291534,13,0.9230769230769231,20.0,85.58584706634676,0.15
2021-08-20,5309,29.0,97.93956043956044,68.75637746752922,13,0.9230769230769231,20.0,86.26327019105813,0.15
2022-07-06,5309,37.8,93.79166122075546,85.6960854390973,19,0.9473684210526315,20.0,89.98257235757991,0.15
2022-07-12,5309,37.4,94.3575275711721,80.19398341859635,19,0.9473684210526315,20.0,88.77680675757966,0.15
2022-07-13,5309,37.3,95.99158890787226,79.12917313976102,19,0.9473684210526315,20.0,89.00082258888088,0.15
2022-07-14,5309,35.75,93.21266968325793,84.92746481101352,19,0.9473684210526315,20.0,89.6167197393097,0.15
2022-07-15,5309,35.5,92.92149292149293,84.25507759337468,19,0.9473684210526315,20.0,89.3612699063705,0.15
2022-07-18,5309,35.65,91.55427523896819,77.56752878059166,19,0.9473684210526315,20.0,87.27921739841732,0.15
2022-07-20,5309,35.5,92.96885267446444,77.97852549478341,19,0.9473684210526315,20.0,87.80633980761414,0.15
2022-09-28,5309,35.9,93.97031539888684,76.21879847610805,21,0.9523809523809523,20.0,87.81722281012163,0.15
2022-10-13,5309,34.9,98.1285090455396,88.47317302553546,22,0.9545454545454546,20.0,92.19320960640938,0.15
2023-06-12,5309,40.8,74.6383363471971,75.02788376856253,25,0.96,20.0,81.94847184629975,0.15
2023-06-13,5309,40.65,73.0744544287548,79.02579142749786,25,0.96,20.0,82.4787841855009,0.15
2023-06-15,5309,40.75,74.44485566247225,77.20936759001054,25,0.96,20.0,82.43579859624431,0.15
2023-06-16,5309,40.35,72.67787479100873,83.90165101581155,25,0.96,20.0,83.5787751912555,0.15
2024-04-16,5309,33.8,79.92328476259583,74.39143381322533,30,0.8333333333333334,20.0,79.57484388208508,0.15
2024-04-22,5309,33.25,87.48645539866858,78.6584271800229,30,0.8333333333333334,20.0,82.9105434146063,0.15
2024-04-23,5309,33.3,87.63614406307516,73.35799138352031,30,0.8333333333333334,20.0,81.63034106480264,0.15
2024-09-09,5309,35.1,98.8458579122852,66.58663293362186,34,0.7941176470588235,20.0,82.12394501885572,0.2
2024-09-10,5309,34.25,99.93673288624574,86.71299289968039,34,0.7941176470588235,20.0,87.48279750255853,0.2
2024-09-11,5309,34.2,97.988841313092,84.5706736735657,34,0.7941176470588235,20.0,86.36285022408373,0.2
2024-09-12,5309,34.8,99.03387865515909,65.16628691688662,34,0.7941176470588235,20.0,81.82526473753407,0.2
2025-03-31,5309,37.4,95.12459371614301,84.0786128193466,41,0.8048780487804879,20.0,85.70337278309418,0.2
2025-04-07,5309,35.75,90.19320843091334,88.88769696107462,41,0.8048780487804879,20.0,85.4262282329573,0.2
2025-04-08,5309,32.2,86.905916585839,93.60470300342547,41,0.8048780487804879,20.0,85.61929219002269,0.2
2025-04-09,5309,29.0,83.49641226353555,96.76599980115165,41,0.8048780487804879,20.0,85.38676509276321,0.2
2025-11-14,5309,55.5,99.26085203601666,74.8020146104683,43,0.7906976744186046,20.0,84.19968949598021,0.2
2025-11-17,5309,54.7,97.41988049972841,81.91878800248051,43,0.7906976744186046,20.0,85.42659138309679,0.2
2025-11-18,5309,53.0,97.55102040816327,90.16575404007867,43,0.7906976744186046,20.0,87.5276748650268,0.2
2025-11-19,5309,53.2,96.62487945998072,83.80940592606159,43,0.7906976744186046,20.0,85.66074555206774,0.2
2025-11-20,5309,54.0,98.46839320523532,70.19511196974538,43,0.7906976744186046,20.0,82.81022618656507,0.2
2025-11-21,5309,52.4,96.45980841316118,85.50358123505723,43,0.7906976744186046,20.0,86.03476806527081,0.2
2025-11-24,5309,53.5,96.16724738675958,65.18939454023038,43,0.7906976744186046,20.0,80.8684530836436,0.2
2026-03-04,5309,58.6,98.73949579831933,82.13526680003409,44,0.7954545454545454,20.0,86.01930180314068,0.2
2026-03-09,5309,55.9,95.44953116381689,86.41225310182357,44,0.7954545454545454,20.0,86.10155898823731,0.2
2026-03-31,5309,56.4,88.46447669977081,77.42222136951422,44,0.7954545454545454,20.0,81.75853471594615,0.2
2026-07-14,5309,58.6,99.59338574139333,85.51973818653407,47,0.7872340425531915,20.0,86.87497154564727,0.2
2026-07-15,5309,59.1,99.7968855788761,76.8988907332038,47,0.7872340425531915,20.0,84.78080963355953,0.2
2026-07-16,5309,58.0,98.50624660510591,83.91278643407962,47,0.7872340425531915,20.0,86.14709186664743,0.2
2026-07-17,5309,53.3,94.5358788676761,90.74101166967279,47,0.7872340425531915,20.0,86.66303785431677,0.2
2026-07-20,5309,53.3,93.67594195180402,89.90767833633946,47,0.7872340425531915,20.0,86.19672344622182,0.2
2026-07-21,5309,54.0,95.22913586883483,79.39997008031638,47,0.7872340425531915,20.0,84.03575455732529,0.2
2026-07-22,5309,54.6,96.3543073183905,69.71222650106388,47,0.7872340425531915,20.0,81.95137009737887,0.2
2026-07-23,5309,54.2,94.43145882029424,71.73368245810155,47,0.7872340425531915,20.0,81.8798795372094,0.2
2026-07-24,5309,52.2,92.8164814312822,86.54563543116821,47,0.7872340425531915,20.0,85.09837456377245,0.2
2026-07-27,5309,52.6,94.54796411318151,78.977757848792,47,0.7872340425531915,20.0,83.7258499727482,0.2
2026-07-28,5309,49.5,92.93119698397739,89.999550877495,47,0.7872340425531915,20.0,85.99626809116272,0.2
2026-07-29,5309,46.6,90.7749077490775,94.70871173963111,47,0.7872340425531915,20.0,86.52667153622677,0.2
2026-07-30,5309,44.8,86.762531917753,95.90284150790991,47,0.7872340425531915,20.0,85.62149122889912,0.2
2021-05-17,5315,15.95,97.90794979079499,65.10953525645806,15,0.8666666666666667,20.0,83.64976875135301,0.12
2025-04-08,5315,19.35,97.22607489597782,89.48275260196267,26,0.6923076923076923,20.0,84.30774138851478,0.15
2025-04-09,5315,17.8,93.00357956394403,93.6571938149118,26,0.6923076923076923,20.0,84.08460309214192,0.15
2021-10-04,5328,14.35,93.46076458752515,86.13871341136716,24,0.6666666666666666,20.0,81.57290772909933,0.15
2021-10-06,5328,14.35,91.7239623121976,83.91216099554389,24,0.6666666666666666,20.0,80.49522894254525,0.15
2024-05-09,5340,52.0,96.04638903531892,75.79200805161011,40,0.65,20.0,79.26191872349821,0.15
2024-05-14,5340,47.85,89.70832968380485,88.47435571715634,40,0.65,20.0,80.53108783443054,0.15
2024-05-15,5340,48.6,90.35453597497393,71.48812061000994,40,0.65,20.0,76.47839094499466,0.15
2024-07-22,5340,47.25,93.31690207602617,89.71458260247914,45,0.6888888888888889,20.0,83.09038294009429,0.15
2024-07-23,5340,47.75,93.91796322489391,80.65376548643779,45,0.6888888888888889,20.0,81.00549700574427,0.15
2024-07-26,5340,47.6,93.0661094224924,82.60387561500423,45,0.6888888888888889,20.0,81.23746839716543,0.15
2024-12-20,5340,39.75,74.80698033233361,74.06531464306211,49,0.6938775510204082,20.0,73.77474929107785,0.15
2026-06-05,5340,95.1,93.7464647099491,84.86238375322752,60,0.7333333333333333,20.0,83.3395353512916,0.15
2026-06-08,5340,91.8,91.42604967847686,87.20816893147065,60,0.7333333333333333,20.0,83.22985713641071,0.15
2026-06-09,5340,92.0,92.6263144395999,84.50993744865596,60,0.7333333333333333,20.0,82.91537869404395,0.15
2026-06-10,5340,85.7,89.0673806336457,91.02193074210135,60,0.7333333333333333,20.0,83.47569687561905,0.15
2026-06-11,5340,85.8,89.92508395763369,88.87981742474025,60,0.7333333333333333,20.0,83.19747954347517,0.15
2022-01-07,5347,142.5,83.1954155769653,72.13232652010205,15,0.6666666666666666,20.0,74.99170630311511,0.15
2022-01-11,5347,139.5,84.57187879152882,90.52874165352284,15,0.6666666666666666,20.0,80.00374905083936,0.15
2022-01-13,5347,139.0,81.8466548119557,86.9248049240861,15,0.6666666666666666,20.0,78.28519767460823,0.15
2022-01-14,5347,139.0,83.46316154847194,83.67155068952977,15,0.6666666666666666,20.0,77.95683613692403,0.15
2022-01-19,5347,138.5,79.69603917180206,79.41844983268896,15,0.6666666666666666,20.0,75.76342420971285,0.15
2022-01-21,5347,138.0,80.6738275778854,76.86054841752683,15,0.6666666666666666,20.0,75.41728537774732,0.15
2022-01-24,5347,137.5,79.83028099986697,76.86542868322648,15,0.6666666666666666,20.0,75.16544147076671,0.15
2022-01-26,5347,130.5,79.94212363519298,89.61344564724807,15,0.6666666666666666,20.0,78.38599850236992,0.15
2022-02-07,5347,123.5,85.86218185494246,95.53357641890257,15,0.6666666666666666,20.0,81.64204866120838,0.15
2022-02-08,5347,123.5,87.28793810337264,94.70024308556924,15,0.6666666666666666,20.0,81.8614422024041,0.15
2022-02-09,5347,127.5,87.18762745742796,65.47567336091917,15,0.6666666666666666,20.0,74.52520657745818,0.15
2022-02-14,5347,124.0,84.33794430077624,81.24807593463632,15,0.6666666666666666,20.0,77.61340227389195,0.15
2022-02-11,5371,74.0,96.48702102944141,71.04009404682715,12,0.6666666666666666,20.0,78.7061298205392,0.12
2022-02-14,5371,71.9,98.18594104308391,84.06365573718489,12,0.6666666666666666,20.0,82.47169624722139,0.12
2022-02-15,5371,71.4,97.85262206148282,83.73400018617329,12,0.6666666666666666,20.0,82.28928666498817,0.12
2022-02-22,5371,71.1,83.15177871502598,79.62943518903009,12,0.6666666666666666,20.0,76.85289241176531,0.12
2022-02-23,5371,71.7,79.80605128835327,67.8820694200434,12,0.6666666666666666,20.0,72.91233274151683,0.12
2022-02-24,5371,69.3,81.62170936870237,86.55295717151904,12,0.6666666666666666,20.0,78.12475210349047,0.12
2022-03-07,5371,69.3,83.74470323131203,82.21417842485153,12,0.6666666666666666,20.0,77.67695557560648,0.12
2026-03-23,5381,24.05,100.0,82.11056774552314,27,0.7037037037037037,20.0,83.6387530474919,0.12
2026-03-24,5381,23.5,95.32265736483272,84.85877951428735,27,0.7037037037037037,20.0,82.92260319913277,0.12
2026-03-25,5381,24.0,97.44327261105784,67.78541402639682,27,0.7037037037037037,20.0,79.29044640102767,0.12
2026-03-26,5381,23.25,97.98679336447093,82.91545506849468,27,0.7037037037037037,20.0,83.23601288757605,0.12
2026-03-27,5381,23.1,98.0651402773299,82.5774708069144,27,0.7037037037037037,20.0,83.17502089603869,0.12
2026-03-30,5381,22.5,96.55282988616322,86.10766770956414,27,0.7037037037037037,20.0,83.60387700435112,0.12
2026-03-31,5381,22.5,96.55282988616322,83.11378044225245,27,0.7037037037037037,20.0,82.85540518752319,0.12
2020-01-30,5425,45.65,69.81791615451573,95.39412388305277,13,0.7692307692307693,20.0,79.87082889404098,0.12
2020-01-31,5425,45.0,73.68832241058507,96.48008029852254,13,0.7692307692307693,20.0,81.30343987472924,0.12
2020-02-27,5425,43.9,75.53917526601464,72.57445543074311,13,0.7692307692307693,20.0,75.88228951441324,0.12
2020-03-13,5425,40.0,80.4098854731766,91.12749294824295,13,0.7692307692307693,20.0,81.9817619559368,0.12
2021-05-04,5425,50.8,96.2406015037594,84.54770492455005,22,0.7272727272727273,20.0,83.82728850044714,0.12
2021-05-05,5425,49.6,93.80406827215339,90.03276515134893,22,0.7272727272727273,20.0,84.46759358766508,0.12
2021-05-06,5425,48.5,93.1697152118546,91.72976016201241,23,0.7391304347826086,20.0,85.05726764753774,0.12
2021-05-11,5425,46.95,93.12249539694574,89.8949152185702,23,0.7391304347826086,20.0,84.58439046720453,0.12
2021-05-12,5425,42.4,91.26867241742058,94.90455559378607,23,0.7391304347826086,20.0,85.28065366715094,0.12
2021-05-13,5425,43.0,86.51660352128371,85.91044071545865,23,0.7391304347826086,20.0,81.60650427872804,0.12
2021-05-14,5425,42.8,86.60714285714286,86.72898053864863,23,0.7391304347826086,20.0,81.83830103528328,0.12
2021-05-17,5425,38.6,84.34148434148433,97.28046710473599,23,0.7391304347826086,20.0,83.79647512210755,0.12
2021-09-22,5425,63.2,99.56080811307194,70.1796340270161,25,0.76,20.0,82.2131509406756,0.12
2021-09-28,5425,63.8,98.13147613385425,67.19989550699124,25,0.76,20.0,81.03941671690409,0.12
2021-09-29,5425,61.0,93.90986601705238,83.84402788053802,25,0.76,20.0,83.93396677525021,0.12
2021-10-01,5425,60.9,89.9211218229623,83.55213681199754,25,0.76,20.0,82.66437074988808,0.12
2021-10-04,5425,57.3,87.2822299651568,87.14436104528907,25,0.76,20.0,82.7707592508693,0.12
2021-10-06,5425,59.2,82.47291268323774,69.3239288752605,25,0.76,20.0,76.87285602378644,0.12
2022-01-10,5425,71.0,95.95044184900583,81.55497512190118,28,0.7857142857142857,20.0,84.74530490660561,0.15
2022-01-11,5425,69.3,99.04214559386972,89.68518713864336,28,0.7857142857142857,20.0,87.70536903425032,0.15
2022-01-12,5425,69.3,95.57010876862307,88.80145892136696,28,0.7857142857142857,20.0,86.44282593235724,0.15
2022-01-13,5425,67.8,94.58670153728949,91.60401826751577,28,0.7857142857142857,20.0,86.84844359949436,0.15
2022-01-14,5425,68.8,92.25480629612755,75.18613627141947,28,0.7857142857142857,20.0,82.0444045281217,0.15
2022-01-21,5425,68.8,87.59804819758388,66.11471781188433,28,0.7857142857142857,20.0,78.37952248367482,0.15
2022-01-25,5425,67.4,82.86653105930215,78.6254236200939,28,0.7857142857142857,20.0,80.08774379424268,0.15
2022-01-26,5425,67.5,83.45509195944875,74.46569386695832,28,0.7857142857142857,20.0,79.22437962600277,0.15
2022-06-30,5425,71.1,91.23938514457701,86.72935203253287,32,0.78125,20.0,84.49165355150632,0.15
2022-07-01,5425,64.1,88.27444956477214,91.23247579027033,32,0.78125,20.0,84.72795381699922,0.15
2022-07-04,5425,62.0,89.85598654472827,92.38903986688652,32,0.78125,20.0,85.49155593014011,0.15
2022-07-05,5425,64.7,90.45184180319316,68.23041734190164,32,0.78125,20.0,79.63065687643336,0.15
2022-07-06,5425,60.9,90.45184180319315,90.92541665898653,32,0.78125,20.0,85.30440670570458,0.15
2022-10-13,5425,69.7,95.89929429715812,86.11143999490774,34,0.7647058823529411,20.0,85.2388247584626,0.15
2022-10-18,5425,70.7,95.21953030724961,67.72705076721266,34,0.7647058823529411,20.0,80.43879825456628,0.15
2022-10-19,5425,70.0,94.81865284974093,74.39924005384844,34,0.7647058823529411,20.0,81.98658233897262,0.15
2022-10-20,5425,70.6,95.59082892416225,65.0052879475184,34,0.7647058823529411,20.0,79.8697471347165,0.15
2022-10-26,5425,69.6,94.83204134366925,74.79706595634191,34,0.7647058823529411,20.0,82.09005536277448,0.15
2023-05-26,5425,90.6,81.4478341270426,65.47206752349467,37,0.7837837837837838,20.0,76.31588063249995,0.15
2023-07-27,5425,90.8,87.20775741627953,70.23726889452088,40,0.775,20.0,78.97164444851408,0.15
2023-07-28,5425,90.3,86.17486689223121,78.71770780688134,40,0.775,20.0,80.7818870193897,0.15
2023-07-31,5425,88.3,86.10558251354918,88.2758406769891,40,0.775,20.0,83.15063492331203,0.15
2023-08-01,5425,88.2,85.39716902716889,88.06816680838648,40,0.775,20.0,82.88619241024729,0.15
2023-08-02,5425,87.6,85.75351163066786,87.26515152445259,40,0.775,20.0,82.79234137031351,0.15
2023-08-04,5425,86.5,85.39124357478823,88.35047373523648,40,0.775,20.0,82.95499150624559,0.15
2023-08-07,5425,87.4,82.47434836838414,71.44060795120002,40,0.775,20.0,77.85245649831525,0.15
2023-08-08,5425,85.7,82.40199760004711,85.55032773849143,40,0.775,20.0,81.35818121463699,0.15
2023-08-09,5425,83.4,85.14213088683728,90.39370929103546,40,0.775,20.0,83.39106658881005,0.15
2023-08-10,5425,81.1,85.69935446382209,93.9524412600781,40,0.775,20.0,84.44791665416615,0.15
2023-08-11,5425,80.2,84.42357342599296,93.62047709597098,40,0.775,20.0,83.98219130179064,0.15
2023-08-14,5425,78.5,84.86287002558888,95.39266882896806,40,0.775,20.0,84.55702821491867,0.15
2023-08-15,5425,78.4,82.0715524923012,93.91260871674126,40,0.775,20.0,83.34961792687568,0.15
2023-08-16,5425,78.2,80.49403173488719,92.73810089915501,40,0.775,20.0,82.58273474525491,0.15
2024-07-22,5425,69.7,79.94430269731069,91.43434420486419,50,0.7,20.0,79.84187686040926,0.15
2024-07-23,5425,69.8,79.78472261197163,87.86253020166627,50,0.7,20.0,78.90104933400806,0.15
2024-07-26,5425,67.3,69.17162312462557,94.70150764585217,50,0.7,20.0,77.42686384885072,0.15
2024-07-30,5425,64.0,74.58779566217922,81.49555944500595,50,0.7,20.0,75.75022855990525,0.15
2024-07-31,5425,63.1,72.50089278323377,90.29298622911186,50,0.7,20.0,77.32351439224809,0.15
2024-08-02,5425,63.0,74.88229474222481,83.42109201200218,50,0.7,20.0,76.31996142566798,0.15
2024-08-05,5425,56.7,77.29127333752884,97.89602640039143,50,0.7,20.0,80.6613886013565,0.15
2024-11-27,5425,59.6,71.85964281929459,67.71145751890144,53,0.6981132075471698,20.0,71.42915345192883,0.15
2024-11-28,5425,59.5,70.83426626393214,67.74761475678397,53,0.6981132075471698,20.0,71.13057979479072,0.15
2024-11-29,5425,59.4,69.50049036903866,68.48797652756296,53,0.6981132075471698,20.0,70.91553746901742,0.15
2024-12-13,5425,57.7,73.7843385040481,87.29206111915568,54,0.7037037037037037,20.0,77.06942794211446,0.15
2024-12-16,5425,55.3,67.41075201228239,92.73737679250772,54,0.7037037037037037,20.0,76.51868091292276,0.15
2024-12-17,5425,55.2,68.18173750403903,92.93076733341854,54,0.7037037037037037,20.0,76.79832419567745,0.15
2024-12-18,5425,55.9,67.06304068985055,75.31647434882301,54,0.7037037037037037,20.0,72.05914190527203,0.15
2024-12-19,5425,55.0,66.30904571611671,90.71890354686539,54,0.7037037037037037,20.0,75.68355071266248,0.15
2025-12-19,5425,51.9,96.91173540545925,71.1685073923409,60,0.6666666666666666,20.0,78.865647469723,0.15
2025-12-24,5425,51.8,94.41998987812788,66.86685778085712,60,0.6666666666666666,20.0,77.04271140865264,0.15
2025-12-31,5425,51.6,87.22894878803773,66.82151532883597,60,0.6666666666666666,20.0,74.8740634686203,0.15
2026-01-05,5425,50.8,85.68568030437174,79.67011449036468,60,0.6666666666666666,20.0,77.6232327139027,0.15
2026-07-29,5425,70.1,98.30346267617888,71.4297309511654,65,0.6923076923076923,20.0,80.11770230987577,0.15
2026-07-30,5425,67.2,99.43551888840642,85.90597726480887,65,0.6923076923076923,20.0,84.0763807519549,0.15
2020-07-28,5439,42.1,83.8538265279749,94.04410241264065,12,0.6666666666666666,20.0,80.66717356155263,0.15
2020-07-29,5439,43.0,81.00151133587671,68.16515949645373,12,0.6666666666666666,20.0,73.34174327487645,0.15
2026-07-14,5439,293.0,89.19065725149375,86.33848412124117,43,0.6511627906976745,20.0,79.87670192668864,0.15
2026-07-15,5439,296.0,88.43328582392282,76.49829268959475,43,0.6511627906976745,20.0,77.18944264050577,0.15
2026-07-16,5439,289.0,82.38826654348077,84.52518127220085,43,0.6511627906976745,20.0,77.38265900202467,0.15
2026-07-17,5439,262.0,80.37798777098388,91.58268143127434,43,0.6511627906976745,20.0,78.54395041004398,0.15
2026-07-20,5439,248.0,80.90745732255166,93.62129408758904,43,0.6511627906976745,20.0,79.21244443959299,0.15
2026-07-21,5439,256.5,85.78535891968727,78.79222148032933,43,0.6511627906976745,20.0,76.96854676691873,0.15
2020-03-12,5457,72.0,94.08983451536643,66.63860152670392,12,0.8333333333333334,20.0,81.88660073628591,0.2
2020-03-13,5457,69.2,89.77960488751856,84.72682955220853,12,0.8333333333333334,20.0,85.1155888543077,0.2
2020-03-16,5457,62.3,84.33681404132415,89.9689272801549,12,0.8333333333333334,20.0,84.79327603243597,0.2
2020-03-17,5457,56.1,81.63871789428995,93.53278287709134,12,0.8333333333333334,20.0,84.87481108755982,0.2
2020-03-18,5457,50.5,78.18896009923506,96.12366328746093,12,0.8333333333333334,20.0,84.48760385163575,0.2
2020-03-19,5457,45.45,77.95668501466126,98.08869926598899,12,0.8333333333333334,20.0,84.90918032089563,0.2
2020-10-28,5457,96.3,97.20339540698822,67.52731908664236,16,0.875,20.0,84.29284839375705,0.2
2020-10-29,5457,93.4,100.0,84.36491107182977,16,0.875,20.0,89.34122776795743,0.2
2020-11-02,5457,91.4,95.1926355267644,82.9238093275199,16,0.875,20.0,87.5387429899093,0.2
2020-11-03,5457,93.0,95.04679920748788,69.84167145773937,16,0.875,20.0,84.2244576266812,0.2
2021-01-27,5457,91.9,99.40968122786305,66.16777673774178,18,0.8888888888888888,20.0,85.03151521946103,0.15
2021-01-28,5457,91.6,97.22580608502327,71.40658748626349,18,0.8888888888888888,20.0,85.68605536373951,0.15
2021-01-29,5457,87.0,92.91166848418757,86.89610702440358,18,0.8888888888888888,20.0,88.26419396802382,0.15
2021-12-02,5457,75.7,91.09522510040765,73.92332747475076,28,0.8214285714285714,20.0,82.45225654166713,0.15
2021-12-03,5457,75.3,90.78885092437966,78.33835944880674,28,0.8214285714285714,20.0,83.46410228237272,0.15
2021-12-06,5457,75.4,89.71728708897193,72.83727639336055,28,0.8214285714285714,20.0,81.76736236788885,0.15
2021-12-17,5457,75.1,76.90414947732782,73.32555597220833,28,0.8214285714285714,20.0,78.04549097910757,0.15
2021-12-20,5457,75.0,70.23216185506108,76.05845810703076,28,0.8214285714285714,20.0,76.72712022613315,0.15
2022-01-14,5457,75.0,69.17991063738145,78.12525771924169,28,0.8214285714285714,20.0,76.928144763882,0.15
2022-07-01,5457,50.6,91.59120310478654,83.92602723536402,35,0.7428571428571429,20.0,82.74458202599126,0.15
2022-07-04,5457,49.2,92.92319305529345,86.53113718137143,35,0.7428571428571429,20.0,83.79545649764519,0.15
2022-07-05,5457,49.5,93.40369393139842,77.91700878306696,35,0.7428571428571429,20.0,81.78607466090055,0.15
2022-07-06,5457,48.6,94.27043544690603,85.04891966046881,36,0.75,20.0,84.04336054918902,0.15
2022-07-07,5457,49.4,95.88831516542359,68.4866636381401,36,0.75,20.0,80.3881604591621,0.15
2022-07-12,5457,48.75,93.79088065219452,75.80525099124712,36,0.75,20.0,81.58857694347013,0.15
2022-09-28,5457,49.25,99.77580486055062,76.72857267423348,39,0.7435897435897436,20.0,83.42257693441586,0.15
2022-09-29,5457,49.55,99.14159212071925,67.66273974254854,40,0.75,20.0,81.15816257185291,0.15
2022-10-11,5457,48.3,96.53790087463557,78.67869899748328,40,0.75,20.0,83.13104501176149,0.15
2022-10-12,5457,48.15,95.83066067992303,77.82317384853172,40,0.75,20.0,82.70499166610983,0.15
2022-10-13,5457,44.15,92.45134828519068,87.85750825623516,40,0.75,20.0,84.19978154961599,0.15
2022-10-21,5457,44.3,90.82490138912708,79.66395008323992,40,0.75,20.0,81.6634579375481,0.15
2023-05-09,5457,52.0,78.80095731309183,72.04982951847009,43,0.7674418604651163,20.0,76.67600038749856,0.15
2023-05-12,5457,49.45,81.39115725977754,76.9332034879562,43,0.7674418604651163,20.0,78.6739038638758,0.15
2023-05-15,5457,48.8,80.17078468913628,88.73900054713755,43,0.7674418604651163,20.0,81.25924135747876,0.15
2023-08-14,5457,50.3,84.75155279503105,65.36823437091545,46,0.7608695652173914,20.0,76.59361138775992,0.15
2024-04-19,5457,56.8,94.06420105536068,72.9437476375874,51,0.7647058823529411,20.0,81.39637369659329,0.15
2024-04-22,5457,55.9,97.72054530772971,86.12873682737403,51,0.7647058823529411,20.0,85.78952426975066,0.15
2024-04-23,5457,55.6,94.57106555539174,86.64403398512036,51,0.7647058823529411,20.0,84.97350463348585,0.15
2024-04-24,5457,56.4,93.89302571606393,67.50339062773355,51,0.7647058823529411,20.0,79.9849318423408,0.15
2024-07-22,5457,52.2,79.70636164596003,92.3958870844188,53,0.7735849056603774,20.0,82.21842743470403,0.15
2024-07-23,5457,52.6,78.83645476553447,82.90146591370103,53,0.7735849056603774,20.0,79.58385007789693,0.15
2025-02-04,5457,49.3,93.43124905545011,71.7346190548565,59,0.7288135593220338,20.0,79.82743626001017,0.15
2026-05-21,5457,28.5,88.98216159496327,80.40466616583576,69,0.6521739130434783,20.0,78.36103241125227,0.12
2021-05-12,5469,44.0217399597168,83.2078857340478,93.48751635959505,14,0.7142857142857143,20.0,81.76281623868454,0.12
2021-05-13,5469,43.80434799194336,81.90189593651537,93.77331776133792,14,0.7142857142857143,20.0,81.44246964986053,0.12
2021-05-14,5469,44.07608413696289,81.81198985687126,84.03404075161815,14,0.7142857142857143,20.0,78.98067857353735,0.12
2021-05-17,5469,42.33695602416992,79.50549450549451,94.02309173343144,14,0.7142857142857143,20.0,80.78599271357764,0.12
2021-08-13,5469,45.59782409667969,73.05472286295648,93.90987176260295,15,0.7333333333333333,20.0,79.39388479953767,0.12
2021-08-16,5469,45.21739196777344,75.68518553568362,94.56637062085805,15,0.7333333333333333,20.0,80.3471483159196,0.12
2021-08-17,5469,45.21739196777344,72.01907513731811,93.73303728752472,15,0.7333333333333333,20.0,79.03898186307661,0.12
2021-08-18,5469,45.869564056396484,73.6853926949272,70.56329367996487,15,0.7333333333333333,20.0,73.74644122846938,0.12
2021-08-19,5469,44.34782409667969,73.78306236379954,93.00313701394549,15,0.7333333333333333,20.0,79.38570296262624,0.12
2021-08-20,5469,44.07608413696289,72.2934876147901,91.59964306821317,15,0.7333333333333333,20.0,78.58795705149032,0.12
2021-08-24,5469,44.565216064453125,71.34372192011173,71.00161538445816,15,0.7333333333333333,20.0,73.15352042214806,0.12
2022-01-13,5471,85.0,74.89722663402007,69.43940071981717,15,0.8,20.0,75.82901817016031,0.2
2022-01-14,5471,83.30000305175781,71.93877484290995,92.70396161511675,15,0.8,20.0,80.75762285665218,0.2
2022-01-24,5471,83.4000015258789,72.50103847674507,79.97946531730321,15,0.8,20.0,77.74517787234932,0.2
2022-01-25,5471,83.19999694824219,69.03858467061133,82.08388608723325,15,0.8,20.0,77.23254692299172,0.2
2022-01-26,5471,82.5,71.40611166147575,83.57650858515964,15,0.8,20.0,78.31596064473263,0.2
2022-04-15,5471,81.69999694824219,65.01535054176256,83.67882680644774,17,0.7647058823529411,20.0,75.36548833472894,0.2
2022-04-18,5471,80.69999694824219,65.97391443213343,86.2125751736309,17,0.7647058823529411,20.0,76.28649459363598,0.2
2022-04-19,5471,81.5,66.9656554538769,65.58953060268995,17,0.7647058823529411,20.0,71.4282557574238,0.2
2022-04-22,5471,80.5999984741211,71.83320996189758,78.96323114796843,18,0.7777777777777778,20.0,76.62410410889473,0.15
2022-04-25,5471,77.0,66.02884027858195,91.58377291817924,18,0.7777777777777778,20.0,78.03792864645274,0.15
2022-04-28,5471,75.5999984741211,65.37549362508595,66.95292518666987,18,0.7777777777777778,20.0,71.68421271752658,0.15
2025-03-31,5474,156.0,93.27265532251681,90.30724389100357,57,0.6666666666666666,20.0,82.55860756950594,0.12
2025-04-01,5474,160.5,90.00206143063286,72.62543540604119,57,0.6666666666666666,20.0,77.15697728070016,0.12
2025-04-07,5474,148.5,89.03378778897451,89.79890350215285,57,0.6666666666666666,20.0,81.15986221223056,0.12
2025-04-08,5474,134.0,86.0206817311375,93.80549255553724,57,0.6666666666666666,20.0,81.25757765822556,0.12
2025-04-09,5474,121.0,83.63095238095238,96.60135642057969,57,0.6666666666666666,20.0,81.23962481943063,0.12
2025-04-10,5474,133.0,88.17284410504749,67.3776218224638,57,0.6666666666666666,20.0,75.29625868713019,0.12
2025-04-11,5474,123.0,87.25472217128186,86.78538673901043,57,0.6666666666666666,20.0,79.87276333613717,0.12
2022-02-14,5483,194.0,100.0,75.2233958727541,20,0.65,20.0,80.30584896818853,0.2
2022-02-15,5483,192.5,99.85685657028343,83.45161078805629,20,0.65,20.0,82.3199596680991,0.2
2022-02-16,5483,192.5,99.85685657028343,81.24605013367457,20,0.65,20.0,81.76856950450367,0.2
2022-02-17,5483,193.5,98.69091673855567,72.52257490068604,20,0.65,20.0,79.23791874673822,0.2
2022-02-22,5483,188.5,92.66963714366645,83.55371952978714,20,0.65,20.0,80.18932102554672,0.2
2022-02-24,5483,183.0,91.43452066304049,88.39682321726242,20,0.65,20.0,81.02956200322775,0.2
2022-02-25,5483,182.0,89.38094676782956,87.7935198517669,20,0.65,20.0,80.26266399329059,0.2
2022-03-02,5483,185.0,84.84323749535001,67.09582627998489,20,0.65,20.0,73.72692781860123,0.2
2022-03-03,5483,183.5,87.09666595551803,72.8004429216999,20,0.65,20.0,75.82911051708038,0.2
2022-03-04,5483,183.0,83.37947702281043,75.20608326143869,20,0.65,20.0,75.3153639222028,0.2
2022-03-07,5483,173.0,89.02980230779916,92.40519005854824,20,0.65,20.0,81.3102382069768,0.2
2022-03-08,5483,169.0,89.0893220832121,94.03214406512016,20,0.65,20.0,81.73483264124367,0.2
2022-03-09,5483,172.5,89.02736863694281,78.10807779114624,20,0.65,20.0,77.7352300388694,0.2
2022-03-11,5483,171.5,78.1220085385094,77.65533896657233,20,0.65,20.0,74.3504373031959,0.2
2022-03-14,5483,173.0,78.6228229133786,65.886187258999,20,0.65,20.0,71.55839368876333,0.2
2026-07-30,5536,906.0,98.73626373626374,69.04884902533314,13,0.6923076923076923,20.0,79.65232214644317,0.15
2026-08-12,5536,918.0,98.19747107882701,71.12120887542582,13,0.6923076923076923,20.0,80.00877431173532,0.15
2026-08-13,5536,903.0,98.88605118730642,79.40514655645806,13,0.6923076923076923,20.0,82.2863327645372,0.15
2026-08-17,5536,908.0,99.42900647126,70.54317442660968,13,0.6923076923076923,20.0,80.23372631726119,0.15
2026-08-19,5536,873.0,97.94216397703889,79.50373397578274,13,0.6923076923076923,20.0,82.02781345628811,0.15
2022-08-30,5603,32.0,67.82397536128879,73.42692259557303,12,0.6666666666666666,20.0,70.7039232572799,0.2
2022-08-31,5603,30.9,67.06985165284428,85.32622120652083,12,0.6666666666666666,20.0,73.45251079748348,0.2
2022-09-01,5603,29.95,66.67903525046381,90.90676359053087,12,0.6666666666666666,20.0,74.73040147277186,0.2
2022-09-02,5603,29.05,66.29388741798088,90.67046501467783,12,0.6666666666666666,20.0,74.55578247906372,0.2
2022-09-05,5603,28.5,66.8954476656188,89.74665532633453,12,0.6666666666666666,20.0,74.50529813126927,0.2
2022-09-06,5603,27.65,66.85202419730106,89.73713600822472,12,0.6666666666666666,20.0,74.4898912612465,0.2
2022-09-07,5603,26.6,65.22598870056495,90.24370860501507,12,0.6666666666666666,20.0,74.12872376142325,0.2
2022-10-13,5706,45.19480514526367,90.15391396338178,87.13046992466585,12,0.8333333333333334,20.0,85.82879167018099,0.2
2022-10-14,5706,43.6363639831543,87.03389575566257,89.85091343500856,12,0.8333333333333334,20.0,85.57289708545092,0.2
2022-10-17,5706,42.64069366455078,86.69920787098957,90.62926215045157,12,0.8333333333333334,20.0,85.66707789890977,0.2
2022-10-18,5706,42.25108337402344,86.1383710560994,89.46276575361424,12,0.8333333333333334,20.0,85.20720275523338,0.2
2022-10-19,5706,41.212120056152344,85.35818054978058,90.91259952122421,12,0.8333333333333334,20.0,85.33560404524023,0.2
2022-10-20,5706,40.0,85.33070503861285,93.03044754430664,12,0.8333333333333334,20.0,85.85682339766052,0.2
2022-10-21,5706,38.701297760009766,83.1736117384789,95.60957014296619,12,0.8333333333333334,20.0,85.85447605728521,0.2
2022-10-24,5706,40.34632110595703,85.1309242431973,68.68316467289092,12,0.8333333333333334,20.0,79.71006844118192,0.2
2023-05-09,5706,51.94805145263672,76.06479489878618,70.87260618590227,16,0.8125,20.0,76.91259001611142,0.2
2023-08-16,5706,65.6277084350586,97.59903786968326,75.72531392759744,19,0.8421052631578947,20.0,85.47419773754118,0.2
2023-08-18,5706,65.45454406738281,98.54766057752826,87.59375999141402,19,0.8421052631578947,20.0,88.72589606584881,0.2
2023-08-21,5706,65.02164459228516,94.6543774505247,87.60777806336509,19,0.8421052631578947,20.0,87.56141564573552,0.2
2023-08-22,5706,63.549781799316406,89.43763843156164,90.25821741751912,19,0.8421052631578947,20.0,86.6590037785851,0.2
2023-08-23,5706,64.3290023803711,93.13962627172432,79.40888960933182,19,0.8421052631578947,20.0,85.0572681785871,0.2
2023-08-24,5706,64.15584564208984,91.87033720235885,79.07879196145333,19,0.8421052631578947,20.0,84.59395704580783,0.2
2023-08-28,5706,61.904762268066406,78.2966225046626,88.19975508478777,19,0.8421052631578947,20.0,82.80208341733255,0.2
2023-08-30,5706,63.37662124633789,72.81239805744984,69.74155630378931,19,0.8421052631578947,20.0,76.54226638791911,0.2
2023-08-31,5706,62.42424011230469,73.16841207970262,76.9773386037602,19,0.8421052631578947,20.0,78.45801616958768,0.2
2023-09-01,5706,62.25108337402344,67.5,76.90233258302355,19,0.8421052631578947,20.0,76.73874104049273,0.2
2024-01-25,5706,58.52813720703125,75.22315682675746,65.07780568634699,21,0.7619047619047619,20.0,73.69354132675684,0.2
2024-02-15,5706,55.844154357910156,76.7223269273804,89.16627617094676,21,0.7619047619047619,20.0,80.16540997809366,0.2
2024-02-16,5706,55.15151596069336,76.60689928502121,90.62614396844131,21,0.7619047619047619,20.0,80.49574863475955,0.2
2024-02-19,5706,55.15151596069336,74.0928244100183,88.83570190113072,21,0.7619047619047619,20.0,79.29391565543102,0.2
2024-02-20,5706,54.37229537963867,66.88812971331795,92.2941578270105,21,0.7619047619047619,20.0,77.99712122789087,0.2
2024-07-22,5706,62.761905670166016,84.99126059708745,76.40246836412351,23,0.6956521739130435,20.0,77.46756048754841,0.2
2024-07-26,5706,62.85714340209961,84.03432585683147,71.59240708324542,23,0.6956521739130435,20.0,75.9779647452521,0.2
2024-07-29,5706,62.380950927734375,84.29428640291454,83.85808194473267,23,0.6956521739130435,20.0,79.12237162444883,0.2
2024-07-30,5706,62.57142639160156,81.19748298542548,73.0032070094003,23,0.6956521739130435,20.0,75.47961186536902,0.2
2024-07-31,5706,62.666664123535156,80.46720073665216,66.80064797976185,23,0.6956521739130435,20.0,73.70988743332741,0.2
2024-08-02,5706,62.095237731933594,82.94567161675228,76.89197743590114,23,0.6956521739130435,20.0,76.97626106139226,0.2
2024-08-05,5706,56.19047546386719,90.99781682267579,91.99387047660129,23,0.6956521739130435,20.0,83.16737788334436,0.2
2024-08-06,5706,54.85714340209961,89.95665403523223,93.44601765434692,23,0.6956521739130435,20.0,83.2180658415477,0.2
2024-08-09,5706,56.095237731933594,88.5984540374385,69.22304353092858,23,0.6956521739130435,20.0,76.754862311355,0.2
2021-05-17,5905,10.15,98.7468671679198,92.73769957828338,13,0.6923076923076923,20.0,85.57771581417755,0.2
2022-03-08,5905,13.85,89.14640165410295,80.22240178913061,18,0.6666666666666666,20.0,78.79952094351353,0.2
2022-03-15,5905,13.85,73.59719546470478,75.38885758728247,18,0.6666666666666666,20.0,72.92637303623205,0.2
2019-12-02,6111,95.2,88.60380217664796,69.01020938473259,13,0.6923076923076923,20.0,76.6029237684083,0.15
2019-12-11,6111,93.7,84.60277109804801,86.80431407536823,13,0.6923076923076923,20.0,79.85114061748723,0.15
2019-12-12,6111,91.7,85.27978322960736,90.37316383269064,13,0.6923076923076923,20.0,80.94645669628562,0.15
2019-12-13,6111,90.5,83.63854225224857,91.86108750481675,13,0.6923076923076923,20.0,80.82606532110952,0.15
2019-12-18,6111,91.7,67.342263728711,70.9531934017771,13,0.6923076923076923,20.0,70.71020823828835,0.15
2019-12-19,6111,91.5,65.24189493136244,72.26446420788977,13,0.6923076923076923,20.0,70.40791530061193,0.15
2022-09-28,6118,33.15,99.91049051199427,92.64341376531723,34,0.6764705882352942,20.0,85.42811824198641,0.15
2022-09-29,6118,34.1,99.46761313220941,76.48619706860869,34,0.6764705882352942,20.0,81.25595085387383,0.15
2022-09-30,6118,34.2,97.54969949144706,70.51504251695295,34,0.6764705882352942,20.0,79.18778812373118,0.15
2022-10-03,6118,33.85,96.61190012067206,75.9647725915546,34,0.6764705882352942,20.0,80.26888083114909,0.15
2022-10-07,6118,33.0,94.57379636937648,82.11708351005717,34,0.6764705882352942,20.0,81.19552743538605,0.15
2022-10-11,6118,30.05,91.88419553868059,92.72878205768458,34,0.6764705882352942,20.0,83.04157182308415,0.15
2022-10-12,6118,30.75,92.25245653817082,78.13264493292995,34,0.6764705882352942,20.0,79.50301584174255,0.15
2022-10-13,6118,28.7,91.13524552121044,92.59912673039474,34,0.6764705882352942,20.0,82.78447298602065,0.15
2022-10-18,6118,30.0,91.26139817629179,67.29190768877966,34,0.6764705882352942,20.0,76.49551402214128,0.15
2022-10-19,6118,29.45,89.67297762478485,73.85379090920233,34,0.6764705882352942,20.0,77.65945866179486,0.15
2022-10-20,6118,29.0,90.08471313053523,79.2672015307031,34,0.6764705882352942,20.0,79.13633196889518,0.15
2023-04-19,6118,35.2,74.33060789956134,84.38778045548787,37,0.6756756756756757,20.0,75.66639775401065,0.15
2023-04-20,6118,34.0,75.70369219427144,89.59642156023364,37,0.6756756756756757,20.0,77.38048331861012,0.15
2023-04-21,6118,32.95,79.76176459117042,92.79804312968263,37,0.6756756756756757,20.0,79.39831043004206,0.15
2023-04-24,6118,33.3,78.02250206536006,82.27866796243823,37,0.6756756756756757,20.0,76.24668788048784,0.15
2023-04-25,6118,31.95,81.40877484472013,93.95968869925562,37,0.6756756756756757,20.0,80.18282489850021,0.15
2023-04-26,6118,32.45,83.32189604733709,78.7958422819178,37,0.6756756756756757,20.0,76.96579965495084,0.15
2023-04-27,6118,32.5,85.14390028940348,73.34855935487761,37,0.6756756756756757,20.0,76.15058019581072,0.15
2023-08-02,6118,28.45,90.9090909090909,90.69502738934442,41,0.6585365853658537,20.0,81.70258168103899,0.15
2023-08-04,6118,28.35,91.597670232095,89.72763119463457,41,0.6585365853658537,20.0,81.66730642926275,0.15
2023-08-07,6118,28.85,89.32045633050312,65.35990063722868,41,0.6585365853658537,20.0,74.89220961943371,0.15
2023-08-08,6118,28.2,91.0493401921639,84.9462261904408,41,0.6585365853658537,20.0,80.30745616623497,0.15
2022-01-25,6126,26.1,99.51932320707556,75.51982634662761,12,0.75,20.0,83.23575354877957,0.2
2022-01-26,6126,26.15,99.21935987509758,79.97108604181031,12,0.75,20.0,84.25857947298185,0.2
2020-07-27,6127,16.0,81.95457867762741,84.16060323040472,20,0.75,20.0,80.1265244108894,0.2
2021-05-12,6127,24.4,98.54227405247813,74.51411599763006,23,0.782608695652174,20.0,83.66947208471618,0.2
2021-05-13,6127,24.65,99.02152641878669,70.00607619848483,23,0.782608695652174,20.0,82.68623784482243,0.2
2021-05-14,6127,24.7,98.85844748858447,67.38839540826694,23,0.782608695652174,20.0,81.98289396820729,0.2
2021-05-17,6127,22.25,97.52091726061357,92.73602864170047,23,0.782608695652174,20.0,87.9185432081744,0.2
2021-05-20,6127,23.1,95.74468085106383,69.04488276146051,23,0.782608695652174,20.0,81.46288581524949,0.2
2021-08-17,6127,24.75,99.79415397282833,89.49363939894754,25,0.8,20.0,88.31165604158538,0.2
2021-08-19,6127,25.0,98.52309344790548,77.0372358898711,25,0.8,20.0,84.81623700683942,0.2
2021-09-28,6127,25.55,94.63923500434657,66.81696356541964,25,0.8,20.0,81.09601139265888,0.2
2021-09-29,6127,24.6,92.60588657573582,87.486188899949,25,0.8,20.0,85.653313197708,0.2
2021-08-16,6129,30.5,97.97677691766361,67.21585551088286,18,0.7222222222222222,20.0,79.86366361968646,0.12
2021-08-17,6129,29.35,99.64985994397759,92.13628331606255,18,0.7222222222222222,20.0,86.59569547887557,0.12
2021-08-19,6129,29.75,97.38675958188153,77.87767594860718,18,0.7222222222222222,20.0,82.35211352838292,0.12
2021-08-20,6129,29.75,98.32244393431044,75.1873060947549,18,0.7222222222222222,20.0,81.96022637064851,0.12
2021-09-07,6129,29.3,85.89626933575978,79.85737431719248,18,0.7222222222222222,20.0,79.39989104669272,0.12
2021-09-08,6129,28.9,89.24558587479936,82.25597378982796,18,0.7222222222222222,20.0,81.00433587656346,0.12
2022-03-15,6129,33.05,91.0272714427017,83.40728668311124,23,0.7391304347826086,20.0,82.33391614706659,0.12
2022-03-16,6129,32.5,93.33333333333334,84.98970188105861,23,0.7391304347826086,20.0,83.42133851374291,0.12
2022-04-15,6129,33.05,83.1788420677986,66.49221061084845,23,0.7391304347826086,20.0,75.75061831652994,0.12
2022-04-18,6129,32.15,84.5898648070133,86.58175546061545,23,0.7391304347826086,20.0,81.19631135073611,0.12
2022-04-19,6129,32.4,83.93693719225323,76.65544661310753,23,0.7391304347826086,20.0,78.51885585443111,0.12
2022-04-21,6129,32.3,82.70077906217685,75.71689364664286,23,0.7391304347826086,20.0,77.91337017379203,0.12
2022-04-22,6129,31.3,84.63801877968957,88.53695118178625,23,0.7391304347826086,20.0,81.69955647283169,0.12
2022-04-25,6129,29.25,83.14581550240139,94.01393616966016,23,0.7391304347826086,20.0,82.62114173661371,0.12
2022-04-26,6129,29.05,82.55822878657038,94.45731300453849,23,0.7391304347826086,20.0,82.55570993058399,0.12
2022-04-27,6129,28.3,84.78035281909375,96.06695937696645,23,0.7391304347826086,20.0,83.624758733448,0.12
2022-09-26,6129,29.85,99.47862356621481,69.68117646138242,28,0.75,20.0,81.76388118521004,0.12
2022-09-28,6129,28.6,96.51567944250871,89.31974782874404,28,0.75,20.0,85.78464078993862,0.12
2022-09-29,6129,29.2,99.40968122786305,72.88450347362514,28,0.75,20.0,82.5440302367652,0.12
2022-10-11,6129,29.25,97.65807962529274,66.23172389314804,28,0.75,20.0,80.35535486087483,0.12
2022-10-12,6129,29.2,96.8237553552962,67.1026707699406,28,0.75,20.0,80.322794299074,0.12
2022-10-13,6129,26.75,92.67945984363895,91.09632957706901,28,0.75,20.0,85.07792034735894,0.12
2022-10-25,6129,27.6,88.21218074656188,68.17440930745889,28,0.75,20.0,78.00725655083329,0.12
2022-10-26,6129,27.05,87.16517857142857,77.56621690490931,28,0.75,20.0,80.0411077976559,0.12
2023-05-05,6129,33.55,90.0014737095272,71.17091827965925,32,0.75,20.0,79.29317168277296,0.15
2023-05-08,6129,33.3,90.78880373370438,78.84776580442366,32,0.75,20.0,81.44858257121723,0.15
2023-05-09,6129,32.95,88.77856102049763,80.6012004990527,32,0.75,20.0,81.28386843091246,0.15
2023-05-11,6129,32.5,84.11808158036239,80.97816995594658,32,0.75,20.0,79.97996696309536,0.15
2023-05-15,6129,32.0,84.92514629812044,81.59606347383817,32,0.75,20.0,80.37655975789568,0.15
2023-06-09,6129,32.1,66.72577165834532,74.46280786066855,32,0.75,20.0,73.13343346267074,0.15
2023-06-12,6129,31.45,66.83807462444517,85.45581649443534,32,0.75,20.0,75.91537651094238,0.15
2024-12-19,6134,29.6,98.65753171002684,69.3549063469528,41,0.6829268292682927,20.0,79.42379097779504,0.15
2024-12-27,6134,29.6,99.5641646489104,72.04242667246665,41,0.6829268292682927,20.0,80.36766094083856,0.15
2024-12-30,6134,28.85,98.93390191897655,77.41130609884426,41,0.6829268292682927,20.0,81.52080197845281,0.15
2024-12-31,6134,28.9,98.23874755381604,73.73792087500506,41,0.6829268292682927,20.0,80.39390936294485,0.15
2025-01-02,6134,28.7,94.85795743814276,77.62843964779893,41,0.6829268292682927,20.0,80.35230202144133,0.15
2026-07-13,6134,29.65,96.162649791302,85.18963429643564,58,0.6896551724137931,20.0,82.8358586839133,0.15
2026-07-14,6134,28.5,95.40673678604713,87.38140949272962,58,0.6896551724137931,20.0,83.15702858141034,0.15
2026-07-15,6134,28.95,96.79572763684914,76.4229426268057,58,0.6896551724137931,20.0,80.83410912016996,0.15
2022-02-22,6138,222.0,97.35449735449735,77.36548240207549,15,0.6666666666666666,20.0,80.54771980686807,0.15
2022-02-24,6138,219.0,97.62958280657395,81.90377702489803,15,0.6666666666666666,20.0,81.7648190981967,0.15
2022-03-07,6138,215.0,92.74620242362178,81.68618442891403,15,0.6666666666666666,20.0,80.24540683431503,0.15
2022-03-08,6138,208.0,89.67297762478485,85.52144379030022,15,0.6666666666666666,20.0,80.28225423501051,0.15
2022-03-09,6138,211.5,92.49514391665195,70.66189411571705,15,0.6666666666666666,20.0,77.41401670392484,0.15
2022-03-15,6138,197.0,91.75490366255858,87.12728222611536,15,0.6666666666666666,20.0,81.30829165529642,0.15
2022-06-15,6138,184.0,92.11428571428571,83.61403399144355,17,0.7058823529411765,20.0,81.7142648003819,0.15
2022-06-16,6138,171.5,87.87061994609164,90.7889318359635,17,0.7058823529411765,20.0,82.23488953105365,0.15
2023-07-18,6142,12.149999618530273,83.67789686271149,80.3390889399057,26,0.7307692307692307,20.0,79.11121821686679,0.12
2023-07-19,6142,12.0,85.89435413764585,82.49676959757458,26,0.7307692307692307,20.0,80.31557556376433,0.12
2023-07-20,6142,11.949999809265137,82.58092378220931,82.25235062948205,26,0.7307692307692307,20.0,79.26044171511023,0.12
2023-07-21,6142,11.949999809265137,83.38291861570298,79.94398338811197,26,0.7307692307692307,20.0,78.9239483548158,0.12
2023-07-24,6142,11.449999809265137,84.4930301887499,89.07771494426676,26,0.7307692307692307,20.0,81.54041471576858,0.12
2023-05-24,6146,239.0,82.47328942365779,69.04651100372789,13,0.6923076923076923,20.0,74.77284534726007,0.1
2023-05-25,6146,238.5,79.28311637356849,71.0227438345411,13,0.6923076923076923,20.0,74.3098516399366,0.1
2023-06-08,6146,238.0,70.22724804703591,70.17567745138098,13,0.6923076923076923,20.0,71.38132454618679,0.1
2019-08-15,6150,67.3,99.41398619611928,88.53386279120768,19,0.7894736842105263,20.0,87.64187208295348,0.12
2019-08-16,6150,68.2,99.67561956662774,72.83965702571189,19,0.7894736842105263,20.0,83.79681065273209,0.12
2019-08-22,6150,68.1,95.30164782786326,70.22502477543401,19,0.7894736842105263,20.0,81.83096106853327,0.12
2019-08-23,6150,67.6,97.19887955182072,76.21309270709875,19,0.7894736842105263,20.0,83.89714756863668,0.12
2019-08-29,6150,67.6,96.88032223275158,70.0588810701546,19,0.7894736842105263,20.0,82.26302746367992,0.12
2019-08-30,6150,67.4,94.10175778863655,72.31079233017843,19,0.7894736842105263,20.0,81.99243594545135,0.12
2019-09-11,6150,67.4,82.41843753911138,72.70261418039583,19,0.7894736842105263,20.0,78.58539533314816,0.12
2019-09-17,6150,67.1,73.80791303342735,80.46927899336522,19,0.7894736842105263,20.0,77.9439041846853,0.12
2019-09-25,6150,66.7,65.84114197906676,83.48338145851429,19,0.7894736842105263,20.0,76.30739848466439,0.12
2019-09-26,6150,63.5,70.95303677364626,92.53986053170577,19,0.7894736842105263,20.0,80.10508669133611,0.12
2020-01-31,6150,55.6,66.67523683514085,95.31979154523799,23,0.782608695652174,20.0,79.31077980641697,0.12
2020-03-11,6150,52.5,88.52594583419474,65.25795308963424,26,0.7692307692307693,20.0,77.94919509959007,0.1
2020-03-12,6150,47.3,83.73983739837398,95.810222280421,26,0.7692307692307693,20.0,84.15142986654052,0.1
2022-01-25,6150,146.5,97.36749736749736,86.13152776571361,42,0.8095238095238095,20.0,87.02884543739191,0.12
2022-01-26,6150,148.0,99.27483683828862,75.05948859180879,42,0.8095238095238095,20.0,84.83303748515306,0.12
2022-02-07,6150,148.5,99.81731823164048,69.56232835831942,42,0.8095238095238095,20.0,83.62149184478628,0.12
2022-02-24,6150,145.0,95.61994609164421,82.70103427436848,42,0.8095238095238095,20.0,85.64695668179968,0.12
2022-03-08,6150,143.5,89.43550930305898,83.45360985101864,42,0.8095238095238095,20.0,83.97976953938664,0.12
2023-04-20,6150,73.2,76.28711526332404,79.08462843639087,60,0.65,20.0,74.15729168809493,0.12
2023-04-21,6150,70.5,78.6521009504498,89.22495670475078,60,0.65,20.0,77.40186946132263,0.12
2023-04-25,6150,69.3,78.86280398590463,89.02997678145901,60,0.65,20.0,77.41633539113614,0.12
2023-08-14,6150,72.4,98.33887043189368,66.45682079158789,63,0.6666666666666666,20.0,78.11586632746507,0.12
2023-08-25,6150,72.8,96.15055603079554,70.40524517267143,63,0.6666666666666666,20.0,78.44647810240652,0.12
2023-08-28,6150,71.8,94.7944617366105,76.78402815887986,63,0.6666666666666666,20.0,79.63434556070311,0.12
2024-01-16,6150,87.0,81.43586653233066,75.43016504221575,67,0.6865671641791045,20.0,75.88531614562626,0.12
2024-01-17,6150,83.3,82.0088566846254,86.03814146079627,67,0.6865671641791045,20.0,78.70920729595981,0.12
2024-01-18,6150,82.7,81.2116376396902,86.81128927553752,67,0.6865671641791045,20.0,78.66332853616457,0.12
2024-04-16,6150,82.0,86.58138628935548,91.42433217842361,69,0.6956521739130435,20.0,81.70006414880385,0.12
2024-04-17,6150,83.8,86.59447433710972,65.44567239477686,69,0.6956521739130435,20.0,75.20932561721843,0.12
2024-04-18,6150,82.3,81.35194236503776,84.13645894438332,69,0.6956521739130435,20.0,78.30926266299845,0.12
2024-04-19,6150,79.0,87.23234574359412,92.26474268266502,69,0.6956521739130435,20.0,82.10545461113578,0.12
2024-04-22,6150,76.8,88.42273839772352,94.3679811628698,69,0.6956521739130435,20.0,82.9883820274258,0.12
2024-04-23,6150,78.4,87.80736927007692,75.67116581315298,69,0.6956521739130435,20.0,78.12956745170261,0.12
2024-04-25,6150,78.2,87.31862723166194,72.15063872451121,69,0.6956521739130435,20.0,77.10281306801768,0.12
2024-04-26,6150,77.6,83.71875662121226,76.30392616604323,69,0.6956521739130435,20.0,77.06117374526579,0.12
2024-04-29,6150,77.2,79.67963999483499,78.64401612716478,69,0.6956521739130435,20.0,76.43446124763298,0.12
2024-05-02,6150,75.5,85.20609185083576,71.0337057855632,69,0.6956521739130435,20.0,76.18981921903283,0.12
2024-05-03,6150,75.7,83.66711508097336,66.08698518858026,69,0.6956521739130435,20.0,74.49144603882837,0.12
2024-08-02,6150,73.5,85.66221333894383,80.5999918445628,72,0.6944444444444444,20.0,78.68199529615718,0.12
2024-08-05,6150,66.2,81.81539374752673,91.84450136110071,72,0.6944444444444444,20.0,80.33907679786653,0.12
2024-08-06,6150,60.6,76.88366290888932,96.12175610404961,72,0.6944444444444444,20.0,79.92887123201253,0.12
2024-12-20,6150,69.0,93.87474302699414,70.23154631314735,74,0.6891891891891891,20.0,78.39598516206075,0.12
2025-11-11,6150,71.2,75.83240689271817,70.97912918030858,80,0.7125,20.0,73.8695043628926,0.12
2025-11-13,6150,71.7,77.08228905597326,73.75385295295878,80,0.7125,20.0,74.93814995503168,0.12
2025-11-14,6150,68.9,75.45137940453428,86.60371340102115,80,0.7125,20.0,77.66134217161557,0.12
2025-11-17,6150,67.5,73.75493667438377,88.31548950632313,80,0.7125,20.0,77.58035337889592,0.12
2025-11-18,6150,66.0,72.29659413434248,89.8311641664142,80,0.7125,20.0,77.5217692819063,0.12
2025-11-19,6150,64.9,71.73746984722595,90.17694945155435,80,0.7125,20.0,77.44047831705637,0.12
2025-11-20,6150,65.7,72.62227716156622,78.50834888394749,80,0.7125,20.0,74.78877036945674,0.12
2025-11-21,6150,62.6,69.59277807063785,91.14215326288328,80,0.7125,20.0,77.03837173691218,0.12
2025-11-24,6150,64.2,69.66589861751153,72.81787308417631,80,0.7125,20.0,72.47923785629754,0.12
2024-01-09,6156,24.0,81.39886859421327,65.3125567050185,38,0.6578947368421053,20.0,72.48464185978176,0.12
2024-01-10,6156,23.8,79.31601322228042,76.35569240796028,38,0.6578947368421053,20.0,74.62056917393735,0.12
2024-01-11,6156,23.85,80.02512855870663,68.95125640217441,38,0.6578947368421053,20.0,72.98219477341875,0.12
2024-01-12,6156,23.55,76.799495486801,85.63063556213486,38,0.6578947368421053,20.0,76.18434964183717,0.12
2024-01-17,6156,23.25,77.87496192624945,82.64274143318586,38,0.6578947368421053,20.0,75.76001604143447,0.12
2024-01-18,6156,23.1,74.6913033395549,83.99428057681664,38,0.6578947368421053,20.0,75.14280325133379,0.12
2024-03-15,6156,23.35,79.75100072455598,66.48995013156772,39,0.6666666666666666,20.0,72.54778775025872,0.12
2024-11-14,6156,27.5,98.35731279030247,72.30698067117906,46,0.6521739130434783,20.0,79.14915639618985,0.12
2024-11-15,6156,28.0,98.6351228389445,69.5770419884282,46,0.6521739130434783,20.0,78.55001474009474,0.12
2024-11-18,6156,26.85,96.97040316942437,81.24972710157122,46,0.6521739130434783,20.0,80.96877011752446,0.12
2024-11-19,6156,27.35,93.93645403832161,69.0292350665968,46,0.6521739130434783,20.0,77.00346236945003,0.12
2024-11-20,6156,27.15,94.83648881239242,71.25663078810642,46,0.6521739130434783,20.0,77.83032173204867,0.12
2024-11-21,6156,27.1,93.91304347826087,71.1212444826022,46,0.6521739130434783,20.0,77.51944155543316,0.12
2024-12-13,6156,26.85,96.94067571162543,79.246969036673,46,0.6521739130434783,20.0,80.45916236396022,0.12
2024-12-16,6156,25.8,95.49078551823291,87.68198989139835,46,0.6521739130434783,20.0,82.1329505196238,0.12
2024-12-17,6156,26.05,96.14429486341655,80.94434624714947,46,0.6521739130434783,20.0,80.64459241211668,0.12
2024-12-18,6156,26.25,95.93709043250327,72.60800032106339,46,0.6521739130434783,20.0,78.49834460132118,0.12
2024-12-19,6156,25.85,95.62948467058055,81.81923682643952,46,0.6521739130434783,20.0,80.70887199908839,0.12
2024-12-20,6156,26.0,94.57671957671957,74.31602051622184,46,0.6521739130434783,20.0,78.51723839337568,0.12
2025-08-08,6156,25.5,90.41889662431146,86.8357564060925,52,0.6538461538461539,20.0,80.44999270420118,0.1
2025-08-11,6156,25.15,90.20925480468989,88.04732855589836,52,0.6538461538461539,20.0,80.68999319576618,0.1
2025-08-12,6156,25.35,88.16653039873728,78.92494609189862,52,0.6538461538461539,20.0,77.79658025798045,0.1
2025-08-13,6156,25.15,86.05853832651385,85.42828973136986,52,0.6538461538461539,20.0,78.79001854618123,0.1
2025-08-14,6156,24.5,85.9036382816212,89.77158662564489,52,0.6538461538461539,20.0,79.8293727562822,0.1
2025-08-15,6156,24.3,83.66230777247299,89.83997430322225,52,0.6538461538461539,20.0,79.17407052293207,0.1
2025-08-18,6156,24.2,77.72175905945471,88.09842179393253,52,0.6538461538461539,20.0,76.95651778170416,0.1
2021-08-10,6160,18.15,95.809783667901,77.316438670704,15,0.6666666666666666,20.0,80.0720447680463,0.15
2026-07-29,6174,37.9,97.92599966815995,81.88348030086325,39,0.6666666666666666,20.0,81.8486699756638,0.12
2026-07-30,6174,38.45,99.491007804547,74.21140976237484,39,0.6666666666666666,20.0,80.40015478195781,0.12
2019-08-08,6182,32.85,82.790821106245,68.48459688266277,12,0.6666666666666666,20.0,73.95839555253919,0.15
2019-08-12,6182,32.45,84.88802530620598,82.60905364841392,12,0.6666666666666666,20.0,78.11867100396528,0.15
2019-08-13,6182,32.5,83.77432780847153,76.74901931837209,12,0.6666666666666666,20.0,76.31955317213448,0.15
2019-08-14,6182,32.5,84.19068236398267,73.63613124286576,12,0.6666666666666666,20.0,75.66623751991123,0.15
2019-08-15,6182,31.85,82.2493801088137,87.28360116552983,12,0.6666666666666666,20.0,78.49571432402657,0.15
2019-08-26,6182,31.5,80.01360126875309,80.75388647060159,12,0.6666666666666666,20.0,76.19255199827631,0.15
2019-08-27,6182,31.4,77.77959173389971,81.48361943542388,12,0.6666666666666666,20.0,75.70478237902587,0.15
2020-01-30,6182,32.25,76.71542412285945,88.56703674786104,16,0.6875,20.0,77.7813864238231,0.12
2020-01-31,6182,32.5,76.46260621071394,77.3708537081348,16,0.6875,20.0,74.90649529024788,0.12
2020-02-03,6182,31.2,84.32434848563167,90.85786402895609,16,0.6875,20.0,80.63677055292852,0.12
2020-02-10,6182,31.6,80.55998129195066,66.8012472640971,17,0.7058823529411765,20.0,74.04477679184477,0.12
2020-03-12,6182,30.2,89.09720807010393,89.71394477617605,17,0.7058823529411765,20.0,82.33411920331048,0.12
2020-03-13,6182,27.9,85.75279168271082,94.42157531158513,17,0.7058823529411765,20.0,82.50770192094483,0.12
2020-03-16,6182,26.45,82.5646794150731,96.70954014945711,17,0.7058823529411765,20.0,82.1232594501215,0.12
2020-03-20,6182,24.3,80.4590054881091,68.82725543683705,18,0.6666666666666666,20.0,73.344515505642,0.12
2020-08-20,6182,33.0,96.66368771039086,73.45912182590666,21,0.6666666666666666,20.0,79.36388676959392,0.12
2020-09-24,6182,33.35,79.86224325942032,72.83098704815268,21,0.6666666666666666,20.0,74.16641973986427,0.12
2020-09-25,6182,33.25,78.86459005555454,76.15526717523477,21,0.6666666666666666,20.0,74.69819381047505,0.12
2021-10-04,6182,58.2,95.83911234396672,65.87889711465849,27,0.7037037037037037,20.0,78.33256909296576,0.12
2021-10-13,6182,54.9,93.448098663926,88.11469198753007,27,0.7037037037037037,20.0,83.17421370717143,0.12
2021-10-14,6182,55.1,92.16505615043093,81.12591589620354,27,0.7037037037037037,20.0,81.04210693029127,0.12
2022-02-24,6182,71.5,98.70489010856531,66.09189324761716,29,0.7241379310344828,20.0,79.85857827550836,0.12
2022-02-25,6182,72.4,94.8927360967545,67.73671311666541,29,0.7241379310344828,20.0,79.12613703922719,0.12
2022-03-07,6182,72.0,90.72125181379656,71.8794652249859,29,0.7241379310344828,20.0,78.91037978141992,0.12
2022-03-08,6182,68.1,86.41542506573181,86.56782676044979,29,0.7241379310344828,20.0,81.29072214086646,0.12
2022-03-09,6182,68.6,87.62886597938144,79.93594915152771,29,0.7241379310344828,20.0,79.99678501273084,0.12
2021-05-13,6188,38.7,99.17763157894737,69.16327648077012,22,0.7272727272727273,20.0,80.86229041205857,0.15
2021-05-14,6188,38.5,99.35544357201454,71.74939168114616,22,0.7272727272727273,20.0,81.56216281007272,0.15
2021-05-17,6188,36.0,97.8047956771361,90.28449878572388,22,0.7272727272727273,20.0,85.73074521775362,0.15
2021-07-13,6188,37.75,65.51724137931033,70.18051413994634,23,0.6956521739130435,20.0,70.06986616617098,0.15
2022-06-23,6190,34.6,93.53383458646617,73.34804178152868,13,0.8461538461538461,20.0,83.7817762059374,0.2
2022-06-30,6190,34.45,93.67824444121496,73.11535604541385,13,0.8461538461538461,20.0,83.76692772833333,0.2
2022-07-01,6190,32.05,90.82823790994998,87.36923139833858,13,0.8461538461538461,20.0,86.47539460718502,0.2
2022-07-04,6190,31.85,91.87508831425745,87.76644772671611,13,0.8461538461538461,20.0,86.88875381057164,0.2
2022-07-05,6190,32.25,91.08034822320536,72.42344325271475,13,0.8461538461538461,20.0,82.81458066475568,0.2
2022-07-06,6190,30.75,89.73607038123168,89.23972427982415,13,0.8461538461538461,20.0,86.61536756894093,0.2
2022-10-11,6190,33.05,98.00865800865799,73.60842748343558,16,0.875,20.0,86.05470427345628,0.2
2022-10-13,6190,30.55,93.28309305373526,90.97042581186096,16,0.875,20.0,88.97753436908582,0.2
2022-10-20,6190,31.15,94.02139710509753,69.37585824469312,16,0.875,20.0,83.80038369270254,0.2
2022-10-21,6190,30.55,91.95837275307474,82.48746341814245,16,0.875,20.0,86.45937768045803,0.2
2022-10-25,6190,30.4,91.35379342576724,81.19722301005035,16,0.875,20.0,85.95544378024276,0.2
2022-10-26,6190,29.85,92.18626677190213,83.80844539271419,16,0.875,20.0,86.85799137974918,0.2
2022-10-28,6190,29.6,94.19152276295134,81.09514208274668,16,0.875,20.0,86.78124234957207,0.2
2023-08-15,6190,33.3,97.16348633316143,65.91267583940522,25,0.72,20.0,79.22721485979973,0.2
2023-08-25,6190,33.15,93.55865439536049,66.69588160991682,25,0.72,20.0,78.34156672108735,0.2
2023-08-28,6190,32.05,95.2119081723838,81.65622127624397,25,0.72,20.0,82.57762777077613,0.2
2023-08-29,6190,32.35,87.88650253741807,68.91241275002176,25,0.72,20.0,77.19405394873085,0.2
2023-10-11,6190,32.1,68.0331271318852,80.64443448417882,25,0.72,20.0,74.17104676061025,0.2
2023-10-17,6190,30.35,68.24889374165053,91.04053722314438,26,0.6923076923076923,20.0,76.00403319751203,0.2
2023-10-18,6190,30.05,65.49309127204864,92.11796599085419,26,0.6923076923076923,20.0,75.44664964855892,0.2
2021-05-11,6196,104.0,78.50649350649351,86.04617685684633,20,0.65,20.0,76.56349226615964,0.12
2021-05-12,6196,94.5999984741211,73.41017808119577,92.94622773816636,20,0.65,20.0,76.75961035890032,0.12
2021-05-13,6196,96.0999984741211,73.41017808119577,80.37604045761908,20,0.65,20.0,73.6170635387635,0.12
2021-05-14,6196,96.5,74.23505601565859,75.78646878683658,20,0.65,20.0,72.71713400140672,0.12
2021-05-17,6196,89.0,70.9298291229449,94.39972620545291,20,0.65,20.0,76.37888028824669,0.12
2021-10-13,6196,104.5,89.1789000978407,86.27953730846482,22,0.6818181818181818,20.0,80.77809981101386,0.12
2022-02-24,6196,147.0,99.03474903474904,75.21261666624953,25,0.72,20.0,82.11357887698709,0.15
2022-02-25,6196,147.5,99.67679379444085,70.91370859708093,25,0.72,20.0,81.23146528760249,0.15
2022-03-07,6196,144.5,97.74774774774775,86.44676938909139,25,0.72,20.0,84.53601667159717,0.15
2022-04-07,6196,145.0,70.37321700310933,81.94368709268036,25,0.72,20.0,75.19788687410289,0.15
2022-04-08,6196,146.0,68.52944548277992,74.78316750036338,25,0.72,20.0,72.85462551992481,0.15
2022-04-11,6196,142.0,69.9538785918159,87.41357720280023,25,0.72,20.0,76.43955787824483,0.15
2022-04-12,6196,140.0,71.31718058135156,88.84834993312066,25,0.72,20.0,77.20724165768563,0.15
2022-04-13,6196,141.0,72.43150320675946,80.57345431952452,25,0.72,20.0,75.47281454190896,0.15
2022-04-14,6196,138.0,70.71321078797496,89.45183847853194,25,0.72,20.0,77.17692285602547,0.15
2022-04-15,6196,134.5,74.04684878652787,91.8916078458,25,0.72,20.0,78.78695659740836,0.15
2023-10-27,6196,133.5,68.81868131868131,80.61825690775515,41,0.6829268292682927,20.0,73.28797350059196,0.15
2023-10-30,6196,134.0,69.824016563147,68.3195900140193,41,0.6829268292682927,20.0,70.51490735049771,0.15
2023-10-31,6196,132.5,70.47038327526133,82.73807660837878,41,0.6829268292682927,20.0,74.31343901272187,0.15
2025-04-08,6196,137.5,93.6399217221135,89.74341322592426,48,0.6666666666666666,20.0,82.52782982311511,0.12
2025-04-09,6196,129.0,91.27769919849128,93.01037728668538,48,0.6666666666666666,20.0,82.63590408121873,0.12
2025-11-10,6196,228.0,99.14529914529915,67.13304864788033,49,0.673469387755102,20.0,78.73093353821288,0.12
2025-11-18,6196,220.5,97.9660205790859,84.25418455017854,49,0.673469387755102,20.0,82.65743394392346,0.12
2025-11-19,6196,220.5,94.62096572429323,81.34153434661965,49,0.673469387755102,20.0,80.92575493659594,0.12
2025-11-21,6196,220.5,95.60632688927944,77.98515769736095,49,0.673469387755102,20.0,80.38226912377712,0.12
2025-11-24,6196,221.5,93.41255489537588,68.11319682971357,49,0.673469387755102,20.0,77.25614730869421,0.12
2021-05-12,6197,35.95000076293945,81.31404791483831,92.30050839068026,12,0.6666666666666666,20.0,79.46934147212156,0.12
2021-05-17,6197,34.25,81.3517610392274,95.47247030705077,12,0.6666666666666666,20.0,80.27364588853091,0.12
2024-08-05,6197,141.0,97.83549783549783,85.09420075081722,20,0.65,20.0,82.12419953835365,0.12
2024-08-06,6197,139.0,96.94966954753431,89.648656939458,20,0.65,20.0,82.9970650991248,0.12
2024-11-28,6197,148.5,90.34749034749035,76.0327916583726,22,0.6818181818181818,20.0,78.5669904733857,0.12
2024-12-12,6197,150.0,91.77732966698542,65.4093806979184,22,0.6818181818181818,20.0,76.34008952912068,0.15
2024-12-13,6197,149.5,89.64917743526038,67.85108424624723,22,0.6818181818181818,20.0,76.31206974668537,0.15
2024-12-16,6197,147.0,88.10411469163337,80.91766861321126,22,0.6818181818181818,20.0,79.11519701533828,0.15
2024-12-17,6197,148.5,88.04427083546958,65.09970340941317,22,0.6818181818181818,20.0,75.14275255753961,0.15
2024-12-30,6197,147.5,73.1742288386369,67.32882734175809,22,0.6818181818181818,20.0,71.23902094157604,0.15
2024-12-31,6197,146.5,72.44445678071938,73.84609488380322,22,0.6818181818181818,20.0,72.64940620971207,0.15
2025-01-02,6197,146.0,70.16342255585032,77.65719786408019,22,0.6818181818181818,20.0,72.9178716873206,0.15
2025-01-03,6197,146.0,71.90013440337303,78.05187252703476,22,0.6818181818181818,20.0,73.53755390731605,0.15
2025-01-08,6197,145.0,71.92780337941628,83.64407682600886,22,0.6818181818181818,20.0,74.94390567487255,0.15
2025-11-05,6197,154.5,88.30935179581893,74.63332372385175,29,0.6551724137931034,20.0,76.80630888350171,0.15
2025-11-06,6197,151.0,89.50146371162919,86.1605191202829,29,0.6551724137931034,20.0,80.04574130735259,0.15
2025-11-07,6197,147.0,84.59843455799984,88.52687722065511,29,0.6551724137931034,20.0,79.16642208635683,0.15
2025-11-10,6197,143.0,77.0679012345679,90.66757493580084,29,0.6551724137931034,20.0,77.44243651811368,0.15
2025-11-11,6197,145.0,77.95442217066176,77.81002567113815,29,0.6551724137931034,20.0,74.49400548277617,0.15
2025-11-12,6197,145.0,73.85694269255613,74.35611525649561,29,0.6551724137931034,20.0,72.40128403568384,0.15
2025-11-14,6197,142.0,70.02255048311665,85.48769015213794,29,0.6551724137931034,20.0,74.03386009676258,0.15
2025-11-17,6197,140.0,68.68596232463017,86.36401702691482,29,0.6551724137931034,20.0,73.85196536791085,0.15
2025-11-18,6197,138.0,70.54147586693682,87.19742321308753,29,0.6551724137931034,20.0,74.61697097714602,0.15
2025-11-21,6197,136.5,69.1645316690351,81.3502409242593,29,0.6551724137931034,20.0,72.74209214556845,0.15
2025-06-05,6199,97.0,97.28104407907364,85.3759564816434,17,0.7647058823529411,20.0,85.46947881472117,0.12
2025-06-09,6199,95.3,96.1150198837565,83.37063929002917,17,0.7647058823529411,20.0,84.61834225822248,0.12
2025-06-10,6199,95.1,96.05721621125986,81.11002954454534,17,0.7647058823529411,20.0,84.03584872010252,0.12
2025-06-11,6199,96.5,97.83174327840416,67.66863343616107,18,0.7777777777777778,20.0,81.60001467589484,0.12
2026-04-27,6199,90.1,89.45380860274477,87.84668586289821,31,0.7419354838709677,20.0,83.05587856267701,0.15
2026-04-28,6199,90.2,88.7071289153267,85.47228198121648,31,0.7419354838709677,20.0,82.23827368603116,0.15
2026-04-29,6199,91.0,90.95238095238095,77.43974622462052,31,0.7419354838709677,20.0,80.90371535799844,0.15
2026-04-30,6199,89.0,90.33474776049033,86.8562774543936,31,0.7419354838709677,20.0,83.07255820787452,0.15
2026-06-01,6199,89.9,97.6285334851072,77.06759998914984,32,0.75,20.0,83.05546004281962,0.15
2026-06-02,6199,90.4,98.14902705268155,66.0253784511483,32,0.75,20.0,80.45105272859153,0.15
2026-06-05,6199,90.1,97.01979243761504,66.36451024892959,32,0.75,20.0,80.19706529351691,0.15
2026-06-15,6199,87.1,92.83309283309283,84.49902144345177,32,0.75,20.0,83.47468321079079,0.15
2021-08-10,6203,98.5,87.7381133328215,78.82003598289289,12,0.8333333333333334,20.0,83.02644299556967,0.1
2021-08-11,6203,97.6,91.83393736474183,84.62473307905407,12,0.8333333333333334,20.0,85.70636447918606,0.1
2021-08-12,6203,97.0,88.55143491453012,85.39723565700211,12,0.8333333333333334,20.0,84.91473938860956,0.1
2021-08-13,6203,95.5,91.62872815126511,87.29043226906508,12,0.8333333333333334,20.0,86.3112265126458,0.1
2021-08-16,6203,95.5,92.32950626787434,85.80233408748641,12,0.8333333333333334,20.0,86.1494354022339,0.1
2021-08-17,6203,92.3,92.39089650109422,91.05813950477712,12,0.8333333333333334,20.0,87.48180382652255,0.1
2021-08-19,6203,91.6,91.60199609192745,88.71756250879204,12,0.8333333333333334,20.0,86.65998945477625,0.1
2021-08-20,6203,90.8,90.29065072409726,88.3468480934105,12,0.8333333333333334,20.0,86.1739072405818,0.1
2021-10-27,6213,128.0,96.30541871921181,71.42451024569236,26,0.6538461538461539,20.0,78.36313779257125,0.15
2021-11-02,6213,128.0,95.7983193277311,67.54894105467743,26,0.6538461538461539,20.0,77.2421156773733,0.15
2021-11-11,6213,127.5,92.19654887844614,73.22194152415729,27,0.6666666666666666,20.0,77.96445004457316,0.15
2021-11-12,6213,127.0,89.38554639837406,75.15575879352934,27,0.6666666666666666,20.0,77.60460361789455,0.15
2021-11-16,6213,127.5,87.23934095788167,66.72571870927831,27,0.6666666666666666,20.0,74.85323196468407,0.15
2021-11-19,6213,125.0,82.44738007101088,83.80077440265015,27,0.6666666666666666,20.0,77.6844076219658,0.15
2021-11-29,6213,125.0,81.65231755673821,76.88208479403922,27,0.6666666666666666,20.0,75.71621646553126,0.15
2022-03-08,6213,120.5,76.77295088588458,89.94566538172961,32,0.65625,20.0,77.20580161119778,0.15
2022-03-09,6213,120.5,76.6988953897201,89.11233204839627,32,0.65625,20.0,76.97525162901509,0.15
2022-03-11,6213,120.0,76.30016299221977,87.2888284668211,32,0.65625,20.0,76.3997560143712,0.12
2022-03-14,6213,119.5,75.96172509639507,86.26379736635577,32,0.65625,20.0,76.04196687050747,0.12
2022-03-15,6213,115.0,76.51880910591481,92.82170133320462,32,0.65625,20.0,77.8485680650756,0.12
2022-03-16,6213,113.5,77.87862746438996,94.11156501006457,32,0.65625,20.0,78.57897949183314,0.12
2022-03-17,6213,116.0,80.06498218608742,65.92031661739836,32,0.65625,20.0,72.18707381017582,0.12
2020-12-15,6217,33.2,66.47084191693553,79.72050781988268,15,0.7333333333333333,20.0,73.87137953005133,0.1
2020-12-17,6217,33.2,67.65395436073774,75.72833882781461,15,0.7333333333333333,20.0,73.22827101517497,0.1
2020-12-18,6217,33.1,69.08756791307127,78.79169378331248,15,0.7333333333333333,20.0,74.4241938197495,0.1
2020-12-21,6217,32.95,69.38202247191012,80.22479602372373,15,0.7333333333333333,20.0,74.87080574750397,0.1
2021-02-01,6217,31.6,97.0131421744325,87.15811588208524,16,0.75,20.0,85.39347162285105,0.1
2021-05-12,6217,32.25,99.19743178170145,90.21739142718646,19,0.7894736842105263,20.0,87.99778791762284,0.1
2021-05-13,6217,31.9,99.0626171728534,90.63893054386035,19,0.7894736842105263,20.0,88.0627283141369,0.1
2021-05-14,6217,31.9,97.31182795698925,87.51672296008108,19,0.7894736842105263,20.0,86.75693965343282,0.1
2021-05-17,6217,29.4,94.53384105146787,93.05735300698494,19,0.7894736842105263,20.0,87.30870109350238,0.1
2022-01-21,6217,50.0,92.34372185191857,75.86189888540005,20,0.8,20.0,82.66859127692558,0.2
2022-01-24,6217,48.3,88.44404003639673,83.86615517547436,20,0.8,20.0,83.49975080478761,0.2
2022-01-25,6217,47.2,85.34562211981567,85.67968906487809,20,0.8,20.0,83.02360890216423,0.2
2022-01-26,6217,47.5,88.6912816547458,77.39785526606444,20,0.8,20.0,81.95684831293985,0.2
2022-09-07,6217,48.5,87.66435219382478,94.56644670254207,25,0.84,20.0,87.14091733378295,0.2
2022-09-08,6217,49.0,89.47368421052632,86.69289772691974,25,0.84,20.0,85.71532969488783,0.2
2023-04-26,6217,43.35,73.37125827754761,65.9584750118952,32,0.75,20.0,73.00099623623808,0.1
2023-04-27,6217,43.0,74.86454036150295,86.23966623382402,32,0.75,20.0,78.51927866690689,0.1
2023-08-21,6217,43.05,88.05294831033123,65.14309313215354,33,0.7575757575757576,20.0,77.42893050341047,0.15
2023-08-22,6217,42.85,86.05519760970633,79.67257431386656,33,0.7575757575757576,20.0,80.46197558865126,0.15
2023-08-24,6217,43.0,80.53065903316113,71.25755889561306,33,0.7575757575757576,20.0,76.70086016112433,0.15
2023-08-25,6217,42.95,80.34373404046757,71.39540151690709,33,0.7575757575757576,20.0,76.67924331863976,0.15
2023-08-28,6217,42.5,78.28182961304503,77.60323612454181,33,0.7575757575757576,20.0,77.61263064232168,0.15
2023-08-29,6217,42.8,75.65573078385657,66.79339232594761,33,0.7575757575757576,20.0,74.1223400439166,0.15
2024-08-02,6217,44.0,89.63727133081973,71.70823303096182,40,0.7,20.0,77.81823965698638,0.12
2024-08-05,6217,39.6,83.04142204827137,90.58780295987921,40,0.7,20.0,80.55937735445121,0.12
2024-08-06,6217,38.1,82.75974025974027,92.48961156293649,40,0.7,20.0,80.9503249686562,0.12
2026-07-20,6217,177.0,89.48155972185548,90.22893779240863,48,0.7083333333333334,20.0,82.6517023646588,0.12
2026-07-21,6217,169.0,89.97338065661047,91.36853033620389,48,0.7083333333333334,20.0,83.08414678103412,0.12
2026-07-22,6217,172.5,89.00062853551225,84.93711506286165,48,0.7083333333333334,20.0,81.18446732636909,0.12
2021-02-01,6223,106.0,99.64285714285714,68.94107005025893,14,0.7142857142857143,20.0,80.5566960839933,0.2
2021-05-12,6223,99.9,97.92615761202148,87.71731312309693,16,0.75,20.0,85.80717556438067,0.2
2021-05-13,6223,99.0,96.3855421686747,88.06033578069673,16,0.75,20.0,85.4307465957766,0.2
2021-05-14,6223,97.2,96.61508704061896,87.98742935382424,16,0.75,20.0,85.48138345064174,0.2
2021-05-17,6223,88.0,93.86808087504143,92.07842028047907,16,0.75,20.0,85.68002933263219,0.2
2021-09-14,6223,125.0,99.37011841773747,84.79746293734357,18,0.7777777777777778,20.0,86.34373459299047,0.2
2021-09-15,6223,121.0,96.56226126814363,87.26447291526989,18,0.7777777777777778,20.0,86.1181299425939,0.2
2021-09-16,6223,116.0,94.96981891348088,90.27980415603857,18,0.7777777777777778,20.0,86.39423004638724,0.2
2021-09-23,6223,119.5,97.61486316846597,66.96935427077227,18,0.7777777777777778,20.0,81.3601308515662,0.2
2021-09-29,6223,116.0,95.66326530612244,78.31865378480744,18,0.7777777777777778,20.0,83.61197637137192,0.2
2021-10-01,6223,117.0,94.1742654508612,68.34113970376056,18,0.7777777777777778,20.0,80.67089789453183,0.2
2021-10-04,6223,106.5,93.14385440039891,89.49161947968372,18,0.7777777777777778,20.0,85.64939452337393,0.2
2021-10-05,6223,110.5,94.90683229813665,69.12429202686194,18,0.7777777777777778,20.0,81.08645602948982,0.2
2021-10-06,6223,108.5,92.26084750063436,76.4885801337006,18,0.7777777777777778,20.0,82.13373261694879,0.2
2022-01-25,6223,106.5,86.74182544522641,85.31796885543673,24,0.6666666666666666,20.0,79.35203984742711,0.2
2022-01-26,6223,106.5,88.37466020626117,84.4846355221034,24,0.6666666666666666,20.0,79.6335569424042,0.2
2022-03-04,6223,106.0,75.48656691576892,66.58610066206631,25,0.68,20.0,71.69249524024724,0.15
2022-03-07,6223,101.0,78.71622414082957,87.82120114665928,25,0.68,20.0,77.97016752891369,0.15
2022-03-09,6223,98.5,81.54761264729144,75.58716578737764,25,0.68,20.0,75.76107524103185,0.15
2022-03-15,6223,97.7,78.60193353973055,75.96970966282338,25,0.68,20.0,74.973007477625,0.15
2024-11-28,6223,715.0,96.3633868533004,83.82607553255454,40,0.65,20.0,81.36553493912875,0.12
2025-03-03,6223,725.0,98.20245979186376,80.89413574511639,41,0.6585365853658537,20.0,81.44036943481385,0.12
2025-03-04,6223,730.0,98.58276643990929,74.34751442810929,41,0.6585365853658537,20.0,79.91780609997572,0.12
2025-03-07,6223,736.0,97.98927613941018,69.24425780774448,41,0.6585365853658537,20.0,78.46394485473479,0.12
2025-03-11,6223,719.0,94.58060736256225,80.25059112672848,41,0.6585365853658537,20.0,80.19292755142641,0.12
2025-03-12,6223,713.0,90.74074074074073,80.03598749096219,41,0.6585365853658537,20.0,78.98731665593837,0.12
2025-03-13,6223,716.0,91.85734900020614,74.06911071307806,41,0.6585365853658537,20.0,77.83057993930697,0.12
2025-03-14,6223,700.0,91.53932929955903,80.18554447672592,41,0.6585365853658537,20.0,79.2642824700248,0.12
2025-03-17,6223,704.0,92.45400041347943,73.5899459875075,41,0.6585365853658537,20.0,77.88978418189632,0.12
2025-03-19,6223,704.0,91.92811452939384,69.5718600514574,41,0.6585365853658537,20.0,76.72749693265811,0.12
2024-08-05,6227,65.5,99.46213425129088,77.11152988225135,24,0.6666666666666666,20.0,81.11652274595009,0.1
2024-08-06,6227,62.0,96.70982806198259,89.79510545538021,24,0.6666666666666666,20.0,83.46172478243983,0.1
2025-07-29,6227,88.7,96.57868277575673,72.68992865432493,30,0.7333333333333333,20.0,81.14608699630826,0.12
2025-09-26,6227,88.0,78.00352240418648,78.42390990941342,31,0.7419354838709677,20.0,77.26509871473833,0.15
2025-09-30,6227,88.6,77.65202991931362,67.42239462651897,31,0.7419354838709677,20.0,74.40927214855286,0.15
2025-10-01,6227,88.3,77.16295461477526,71.61238249283058,32,0.75,20.0,75.55198200764022,0.15
2025-10-02,6227,88.5,77.33542848313573,65.88699447450489,32,0.75,20.0,74.17237716356694,0.15
2025-10-03,6227,88.1,77.38584427039272,72.18315159607353,32,0.75,20.0,75.76154118013619,0.15
2025-10-07,6227,88.2,78.47571324621723,67.89498493704272,32,0.75,20.0,75.01646020812585,0.15
2025-10-08,6227,87.3,77.965340867072,77.95395889541248,32,0.75,20.0,77.37809198397471,0.15
2025-10-09,6227,87.5,76.7293691770052,71.94868791016273,32,0.75,20.0,75.50598273064224,0.15
2021-10-04,6229,35.1,98.53962484584929,75.09238794797591,15,0.6666666666666666,20.0,80.33498444074876,0.2
2021-10-06,6229,36.3,99.53746530989824,67.6133936620875,15,0.6666666666666666,20.0,78.76458800849134,0.2
2022-06-16,6241,27.6,99.84335839598998,87.98936368988204,15,0.7333333333333333,20.0,85.95034844126751,0.15
2022-06-17,6241,26.7,97.25427775567051,89.25800983757549,15,0.7333333333333333,20.0,85.49078578609502,0.15
2022-04-27,6243,40.900001525878906,90.30969335839941,78.73599959812938,29,0.6896551724137931,20.0,79.46656307946597,0.15
2022-04-28,6243,41.0,90.68323047828653,73.77197843994861,29,0.6896551724137931,20.0,78.3376189258869,0.15
2024-03-25,6243,67.80000305175781,97.8230387195138,77.45093745971208,49,0.673469387755102,20.0,80.91372761343521,0.15
2024-03-26,6243,65.9000015258789,97.62834718525744,84.91298183516703,49,0.673469387755102,20.0,82.72083124702205,0.15
2024-03-27,6243,64.9000015258789,95.93096723441343,87.85997759484714,49,0.673469387755102,20.0,82.94836620168887,0.15
2024-03-28,6243,66.0999984741211,84.30718371176573,67.44474520045644,49,0.673469387755102,20.0,74.35742304629689,0.15
2024-04-09,6243,65.5,79.25948158410166,73.3810118555596,49,0.673469387755102,20.0,74.32717907177346,0.15
2024-04-10,6243,65.19999694824219,77.94402068384511,76.09493867231879,49,0.673469387755102,20.0,74.61102250588628,0.15
2024-04-11,6243,64.5999984741211,77.15649224135312,82.66185451711621,49,0.673469387755102,20.0,76.01649293433805,0.15
2024-04-12,6243,63.79999923706055,73.91183385595377,85.99805150868387,49,0.673469387755102,20.0,75.87714466661015,0.15
2024-04-15,6243,62.20000076293945,74.05755659563984,92.42112414025478,49,0.673469387755102,20.0,77.52662964640871,0.15
2024-04-16,6243,60.70000076293945,74.71995821329966,94.71006671342388,49,0.673469387755102,20.0,78.29758577499892,0.15
2024-04-17,6243,62.0,72.42062383523887,75.65820246001512,49,0.673469387755102,20.0,72.8448193982285,0.15
2024-04-18,6243,61.29999923706055,72.49035166856186,82.40131270224018,49,0.673469387755102,20.0,74.55151530878166,0.15
2024-12-31,6243,47.0,89.80595570529657,70.90862261100854,60,0.6666666666666666,20.0,76.6689423643411,0.15
2025-01-02,6243,46.599998474121094,88.07403377732113,73.25539625331889,60,0.6666666666666666,20.0,76.73605919652606,0.15
2025-01-03,6243,46.29999923706055,86.76211700125126,74.67426788382147,60,0.6666666666666666,20.0,76.69720207133074,0.15
2025-01-06,6243,46.20000076293945,87.90061543528546,74.82656997117375,60,0.6666666666666666,20.0,77.07682712337908,0.15
2025-01-07,6243,46.400001525878906,85.60854628596752,65.14654563525447,60,0.6666666666666666,20.0,73.96920029460387,0.15
2021-03-08,6245,64.8,70.96273291925465,71.444164550984,15,0.8,20.0,75.1498610135224,0.15
2021-03-09,6245,64.5,72.00409965310627,77.31232789474014,15,0.8,20.0,76.92931186961691,0.15
2021-05-03,6245,64.8,74.78929624947325,72.34689109626191,17,0.7058823529411765,20.0,73.69998223714275,0.15
2021-05-04,6245,63.1,69.63253509496285,90.98222473713375,17,0.7058823529411765,20.0,76.81178730100758,0.15
2021-05-05,6245,63.4,70.67723342939482,79.20820674051673,17,0.7058823529411765,20.0,74.18169230218292,0.15
2021-05-06,6245,63.3,69.37734277384423,81.00759486241742,17,0.7058823529411765,20.0,74.24157213599291,0.15
2021-05-11,6245,62.0,66.76002827251142,89.70904742379261,17,0.7058823529411765,20.0,75.63174092593687,0.15
2021-05-12,6245,59.2,75.64542350722706,95.43539183671197,18,0.6666666666666666,20.0,78.5524750113461,0.15
2021-05-13,6245,57.7,79.39413992578753,97.67087229690496,18,0.6666666666666666,20.0,80.2359600519625,0.15
2021-05-18,6245,54.7,83.90121913097845,65.33441560328893,18,0.6666666666666666,20.0,73.50396964011577,0.15
2022-05-11,6245,51.7,74.64732781156057,90.21371004062804,20,0.65,20.0,76.44762585362518,0.15
2022-05-12,6245,50.9,75.9063390541062,91.64025205310135,20,0.65,20.0,77.1819647295072,0.15
2022-05-13,6245,51.8,75.98727714903298,68.90711041881703,20,0.65,20.0,71.52296074941415,0.15
2022-05-16,6245,51.1,76.87633316557887,82.07598351527803,20,0.65,20.0,75.08189582849317,0.15
2022-05-17,6245,51.0,74.60085698736002,81.76842065401148,20,0.65,20.0,74.32236225971087,0.15
2022-09-26,6245,61.5,99.57651044607566,66.05957472925962,22,0.6818181818181818,20.0,78.84239227068305,0.15
2022-09-28,6245,57.3,94.39775910364145,88.28951859118881,22,0.6818181818181818,20.0,82.84625283343509,0.15
2022-09-29,6245,57.6,98.08935920047031,80.63178036883693,22,0.6818181818181818,20.0,82.03929830689577,0.15
2022-09-30,6245,58.6,96.54861944777912,66.03165183589344,22,0.6818181818181818,20.0,77.92704424785255,0.15
2022-10-13,6245,54.9,91.9420923245015,80.47262154688123,22,0.6818181818181818,20.0,80.1553285386162,0.15
2023-08-11,6245,105.5,92.80575539568346,86.82167872553192,26,0.7307692307692307,20.0,83.47022322316494,0.15
2023-08-14,6245,100.0,89.5104895104895,91.97617383350304,26,0.7307692307692307,20.0,83.77026723459953,0.15
2024-03-07,6245,100.0,77.16038167188077,84.07194965607464,34,0.6764705882352942,20.0,76.46021956264171,0.15
2024-03-08,6245,98.8,79.43011671299757,85.90940714088352,34,0.6764705882352942,20.0,77.60050444617897,0.15
2024-03-11,6245,100.0,78.69430078705987,66.4323759216099,34,0.6764705882352942,20.0,72.51050186357926,0.15
2021-10-01,6251,20.1,94.72202674173118,88.47824726166992,14,0.8571428571428571,20.0,88.25045555222255,0.15
2021-10-04,6251,19.65,92.3511414450459,90.12443309695841,14,0.8571428571428571,20.0,87.95073642203909,0.15
2021-10-06,6251,19.7,87.45173745173746,83.2959285138872,14,0.8571428571428571,20.0,84.77378907827875,0.15
2021-10-12,6251,19.5,92.3792301730819,81.78775293795461,14,0.8571428571428571,20.0,85.87499300069894,0.15
2021-10-13,6251,18.75,91.02402022756004,87.35282978286875,14,0.8571428571428571,20.0,86.85969922827091,0.15
2021-10-14,6251,18.9,91.4486921529175,77.29624947642986,14,0.8571428571428571,20.0,84.47295572926842,0.15
2022-01-24,6251,20.8,74.02158234691822,79.85101002750537,17,0.8235294117647058,20.0,78.87510956389298,0.15
2022-01-25,6251,20.35,71.30714058968636,88.26415261778361,17,0.8235294117647058,20.0,80.16406268429299,0.15
2022-01-26,6251,20.3,72.29026923669929,86.79882102073825,17,0.8235294117647058,20.0,80.09266837913552,0.15
2022-05-09,6251,21.05,95.09423025282217,81.39505670050588,18,0.8333333333333334,20.0,85.87703325097313,0.15
2022-05-12,6251,21.2,95.55146300039564,67.56223462968713,18,0.8333333333333334,20.0,82.55599755754048,0.15
2022-07-07,6251,19.4,87.6847290640394,92.90395186191677,19,0.8421052631578947,20.0,86.79456457942784,0.15
2022-07-08,6251,19.7,87.97250859106528,81.2868144679337,19,0.8421052631578947,20.0,83.97661408903984,0.15
2022-07-11,6251,19.5,87.13550600343052,86.25269988945229,20,0.85,20.0,85.20382677339222,0.15
2022-07-12,6251,17.95,85.47619047619047,95.2874786091163,20,0.85,20.0,86.96472679513622,0.15
2022-07-13,6251,18.7,87.95884966097731,68.99828471605379,20,0.85,20.0,81.13722607730664,0.15
2020-03-09,6271,150.46035766601562,99.63370267412019,82.55503909956477,15,0.7333333333333333,20.0,84.52887057712725,0.12
2020-03-10,6271,151.59164428710938,99.27113817987112,81.3515390804393,15,0.7333333333333333,20.0,84.11922622407116,0.12
2020-03-11,6271,148.1977996826172,97.79086749136152,89.36963166119507,15,0.7333333333333333,20.0,85.67966816270722,0.12
2020-03-12,6271,136.88499450683594,94.39775854802829,93.75451353162076,15,0.7333333333333333,20.0,85.75795594731368,0.12
2020-03-13,6271,131.2285919189453,91.48418295285346,95.53269543696517,15,0.7333333333333333,20.0,85.32842874509733,0.12
2020-03-16,6271,121.61270141601562,89.84427658504792,98.1006121399105,15,0.7333333333333333,20.0,85.478436010492,0.12
2020-03-20,6271,108.8292236328125,85.83796885845011,74.60398562375237,15,0.7333333333333333,20.0,78.40238706347313,0.12
2020-03-23,6271,103.51220703125,85.17635272874148,85.57540421891258,15,0.7333333333333333,20.0,80.94675687335058,0.12
2020-08-21,6271,145.93524169921875,96.8944117591218,66.84046826429991,18,0.7222222222222222,20.0,79.44510726047818,0.12
2021-04-22,6271,164.95726013183594,89.25680173757402,75.36148213138357,23,0.6521739130434783,20.0,77.18262844542244,0.12
2021-04-29,6271,164.95726013183594,76.15659833810804,71.77380795556331,23,0.6521739130434783,20.0,72.35564888162759,0.12
2021-05-03,6271,158.974365234375,76.86168987750995,85.50634627344407,23,0.6521739130434783,20.0,76.00031092291835,0.12
2021-05-04,6271,156.41026306152344,78.42639806219059,87.87006017615397,23,0.6521739130434783,20.0,77.06065185400001,0.12
2021-05-05,6271,150.42735290527344,80.06513586177569,91.61359908447923,23,0.6521739130434783,20.0,78.48815792095687,0.12
2021-05-06,6271,149.57264709472656,82.78606008456715,92.08952375039816,23,0.6521739130434783,20.0,79.42341635427402,0.12
2021-05-10,6271,151.28204345703125,87.03973825113098,74.65765305677894,23,0.6521739130434783,20.0,76.34155213083838,0.12
2021-10-01,6271,184.61538696289062,98.61374558123426,77.12641054087287,26,0.6538461538461539,20.0,80.48111092497311,0.12
2021-10-04,6271,183.76068115234375,97.87109172289432,79.83243455951768,26,0.6538461538461539,20.0,80.93482077213233,0.12
2021-10-13,6271,184.61538696289062,94.62044339076391,70.64848916503723,26,0.6538461538461539,20.0,77.66363992387309,0.12
2022-01-21,6271,219.23077392578125,79.55372040249748,85.146543718262,29,0.6896551724137931,20.0,77.84240722272854,0.12
2022-01-25,6271,221.7948760986328,82.02163524442128,66.943022449744,29,0.6896551724137931,20.0,74.03190135817619,0.12
2022-03-08,6271,222.22222900390625,90.24068627487134,67.28916662069948,29,0.6896551724137931,20.0,76.58415271005006,0.12
2022-03-15,6271,216.6666717529297,90.73860709209909,84.45753844612439,29,0.6896551724137931,20.0,81.02562191157462,0.12
2022-04-22,6271,212.39315795898438,91.42230096265565,66.69079688373749,30,0.7,20.0,77.09938950973107,0.12
2022-04-25,6271,202.991455078125,92.66074118576788,88.75162265811596,30,0.7,20.0,82.98612802025936,0.12
2022-04-26,6271,202.56410217285156,92.77326660714337,87.04332858107189,30,0.7,20.0,82.59281212741098,0.12
2022-04-27,6271,202.991455078125,94.19708792647285,80.17929095650865,31,0.6774193548387096,20.0,80.6265297622303,0.12
2022-04-29,6271,200.0,95.3076110088652,68.73360599662013,31,0.6774193548387096,20.0,78.09826544697589,0.12
2022-05-03,6271,197.43589782714844,91.96830101316857,77.845805677465,31,0.6774193548387096,20.0,79.3745223684781,0.12
2022-06-16,6271,196.58119201660156,86.2554546008909,84.3926712494523,33,0.6666666666666666,20.0,78.97480419263034,0.12
2022-06-17,6271,188.46153259277344,86.511113279154,91.28390834448774,33,0.6666666666666666,20.0,80.77431106986813,0.12
2022-10-11,6271,138.46153259277344,91.03747701272559,66.39681218065944,40,0.65,20.0,75.41044614898254,0.12
2022-10-13,6271,134.61538696289062,88.89498416903494,80.8088699046359,40,0.65,20.0,78.37071272686946,0.12
2023-04-17,6271,148.46153259277344,67.47990186352928,73.39433160045851,43,0.6511627906976745,20.0,70.12743718010364,0.12
2023-04-27,6271,128.46153259277344,68.60227688637701,81.15501514345644,43,0.6511627906976745,20.0,72.40432057270743,0.12
2021-05-04,6274,106.0,94.34203233716303,89.59611094967617,18,0.7222222222222222,20.0,84.36830410523461,0.15
2021-05-05,6274,102.5,92.99719887955182,92.02736113539986,18,0.7222222222222222,20.0,84.57266661438217,0.15
2021-05-06,6274,104.0,93.31994709459295,78.44541008620192,18,0.7222222222222222,20.0,81.27400331659503,0.15
2021-05-07,6274,105.0,91.50119347818554,65.81408674556658,18,0.7222222222222222,20.0,77.57054639651398,0.15
2021-05-10,6274,104.5,91.55304433719722,67.7702521871465,18,0.7222222222222222,20.0,78.07514301461245,0.15
2021-05-11,6274,98.6,93.35418295543393,92.14685486020623,18,0.7222222222222222,20.0,84.70963526834839,0.15
2021-05-13,6274,92.4,90.61105923851022,75.31879874617933,18,0.7222222222222222,20.0,79.67968412476456,0.15
2021-05-14,6274,92.8,89.05572591730993,68.8104315863481,18,0.7222222222222222,20.0,77.58599233844666,0.15
2021-05-17,6274,89.9,86.86551543694401,84.43449967250413,18,0.7222222222222222,20.0,80.8349462158759,0.15
2021-05-19,6274,91.4,86.24225809726876,68.30567569608597,19,0.7368421052631579,20.0,77.05435951109686,0.15
2021-10-01,6274,105.0,91.3329348475792,75.88838746902967,21,0.7142857142857143,20.0,79.8005487501026,0.12
2021-10-04,6274,100.5,88.0466472303207,86.39372816136128,21,0.7142857142857143,20.0,81.44099763800796,0.12
2021-10-05,6274,102.0,89.30017351069982,68.0053882535651,21,0.7142857142857143,20.0,77.21997054517264,0.12
2021-10-07,6274,96.9,87.15156794425087,73.20005158959114,21,0.7142857142857143,20.0,77.87405470924448,0.12
2021-10-13,6274,93.7,84.82932996207333,85.5236055405445,21,0.7142857142857143,20.0,80.25827180232955,0.12
2025-02-04,6274,151.0,91.10240151784751,90.03157087343475,50,0.66,20.0,81.63861317371294,0.12
2025-04-07,6274,143.5,89.79591836734694,89.88080996326363,51,0.6666666666666666,20.0,81.40897800101999,0.12
2025-04-08,6274,129.5,86.82385575589458,94.81584536192008,51,0.6666666666666666,20.0,81.7511180672484,0.12
2025-04-09,6274,117.0,82.47354497354497,97.9878328956071,51,0.6666666666666666,20.0,81.23902171596527,0.12
2021-02-24,6278,117.0,86.34073516344891,67.75365577190402,17,0.7058823529411765,20.0,76.01710508024597,0.2
2021-02-25,6278,115.5,83.99936260100458,79.94750966223218,17,0.7058823529411765,20.0,78.36315678409471,0.2
2021-02-26,6278,116.5,85.0370457526012,65.101177545038,17,0.7058823529411765,20.0,74.96287870027516,0.2
2021-03-02,6278,115.5,85.60280580118125,79.73242016309246,17,0.7058823529411765,20.0,78.79041736936279,0.2
2021-03-03,6278,115.0,84.06214821531938,80.41955839243309,17,0.7058823529411765,20.0,78.50000465093937,0.2
2021-03-04,6278,112.5,82.7636672623335,86.90380965038983,17,0.7058823529411765,20.0,79.7315231795328,0.2
2021-03-05,6278,113.5,81.80210643787423,72.21779729436868,17,0.7058823529411765,20.0,75.77155184318973,0.2
2021-03-08,6278,109.0,82.4254466335709,90.54302458819002,17,0.7058823529411765,20.0,80.53986072535406,0.2
2021-03-09,6278,103.5,78.64072494669509,94.85380055760821,17,0.7058823529411765,20.0,80.48213821164588,0.2
2021-08-16,6278,109.5,97.95918367346938,88.03903095799485,20,0.7,20.0,84.39751284153952,0.2
2021-08-17,6278,109.5,98.93390191897655,86.8372872736835,20,0.7,20.0,84.38949239411383,0.2
2021-08-18,6278,107.0,97.1006852925672,90.02080505582039,20,0.7,20.0,84.63540685172526,0.2
2021-08-19,6278,102.0,92.1218487394958,93.41632807864391,20,0.7,20.0,83.99063664150972,0.2
2021-08-20,6278,102.0,92.5925925925926,91.86520662184186,20,0.7,20.0,83.74407943323824,0.2
2021-08-31,6278,103.5,88.58204992033988,66.15481488283851,20,0.7,20.0,76.11331869681159,0.2
2022-02-25,6278,116.0,98.16849816849816,74.7146445853501,25,0.68,20.0,80.52921059688697,0.2
2022-03-07,6278,113.5,97.75028121484814,82.47210195411236,25,0.68,20.0,82.34310985298254,0.2
2022-03-08,6278,111.0,95.83101723179544,85.47222894474943,25,0.68,20.0,82.51736240572599,0.2
2022-03-09,6278,112.5,98.0392156862745,69.80006654855627,25,0.68,20.0,79.26178134302143,0.2
2022-03-11,6278,112.5,92.88727638773048,66.83121053732859,25,0.68,20.0,76.97398555065129,0.2
2022-03-15,6278,109.0,94.5474372955289,83.14217140939263,25,0.68,20.0,81.54977404100683,0.2
2022-04-11,6278,111.0,85.2591892336186,67.67520041027618,25,0.68,20.0,74.89655687265463,0.2
2022-04-15,6278,110.5,78.69643294898374,71.79892697409406,25,0.68,20.0,73.95866162821864,0.2
2022-04-21,6278,110.0,78.33638817581674,69.73141923780732,25,0.68,20.0,73.33377126219685,0.2
2022-04-22,6278,108.0,74.50351366250257,82.14910618284857,25,0.68,20.0,75.28833064446292,0.2
2023-07-25,6278,88.4000015258789,78.46589415456707,67.03289779603611,40,0.65,20.0,71.79799269537915,0.15
2023-08-14,6278,86.80000305175781,69.9583314444648,81.19836135937285,40,0.65,20.0,72.78708977318266,0.15
2021-09-07,6279,113.5,68.29278670438637,65.94145452981606,13,0.7692307692307693,20.0,72.050122720693,0.12
2021-09-08,6279,109.0,72.35624842712579,93.21155684711884,13,0.7692307692307693,20.0,80.08668681684053,0.12
2021-09-13,6279,112.0,80.28291728023449,68.43852382959005,13,0.7692307692307693,20.0,76.27142921839094,0.12
2021-10-04,6279,110.0,77.49535710657089,70.74323668694586,13,0.7692307692307693,20.0,76.01133938063082,0.12
2022-01-21,6279,126.0,84.95177714581193,87.0760625045587,16,0.8125,20.0,83.62954876988326,0.15
2022-01-24,6279,125.5,84.38438443298995,87.61023448941397,16,0.8125,20.0,83.59287395225047,0.15
2022-01-25,6279,123.0,83.12627390107387,91.56000667558153,16,0.8125,20.0,84.20288383921755,0.15
2022-01-26,6279,124.0,84.01463082096821,75.17379955167688,16,0.8125,20.0,80.37283913420968,0.15
2022-02-22,6279,123.5,75.46416097067771,73.91192670429874,16,0.8125,20.0,77.49222996727799,0.15
2022-02-24,6279,123.5,80.08516899854851,68.68743081374349,16,0.8125,20.0,77.57240840300042,0.15
2022-03-07,6279,119.0,66.63736948535163,86.79571254518355,16,0.8125,20.0,78.06513898190137,0.15
2022-03-08,6279,113.5,68.74247969583035,91.58013824985971,16,0.8125,20.0,79.89277847121403,0.15
2022-03-09,6279,116.5,70.17735798147132,67.17505184404916,16,0.8125,20.0,74.22197035545369,0.15
2022-03-15,6279,113.5,71.67103727384581,86.49587771097231,16,0.8125,20.0,79.50028060989682,0.15
2022-03-16,6279,112.0,73.83626937810926,88.34263555192022,16,0.8125,20.0,80.61153970141284,0.15
2022-10-21,6279,147.0,97.14285714285714,71.3404111602584,23,0.7391304347826086,20.0,81.1518729764,0.15
2022-10-24,6279,147.0,99.22528664394174,68.41888050191726,23,0.7391304347826086,20.0,81.04621916214009,0.15
2022-10-25,6279,142.5,97.24095646842429,85.6431864760152,23,0.7391304347826086,20.0,84.75699660300936,0.15
2022-10-26,6279,140.5,96.33699633699634,86.09030580690634,23,0.7391304347826086,20.0,84.59758839630373,0.15
2022-10-28,6279,140.5,97.31022115959354,79.45752426292088,23,0.7391304347826086,20.0,83.23136045708654,0.15
2022-12-28,6279,142.5,87.90007806401249,71.35700460069116,25,0.72,20.0,77.80927456937653,0.15
2022-12-29,6279,140.5,88.7218045112782,84.27230020939633,25,0.72,20.0,81.28461640573254,0.15
2023-03-28,6279,141.5,67.21258089940737,70.75314944001303,28,0.6785714285714286,20.0,70.20920448696833,0.15
2022-01-24,6282,31.249635696411133,93.33978278471051,70.36316596122542,12,0.6666666666666666,20.0,77.59272632571951,0.1
2022-01-25,6282,30.58272361755371,90.15366280354002,86.11339304235509,12,0.6666666666666666,20.0,80.57444710165078,0.1
2022-01-26,6282,30.4398136138916,93.2076258724594,84.9925995388576,12,0.6666666666666666,20.0,81.21043764645222,0.1
2022-03-08,6282,30.630359649658203,89.242024747885,76.3671968935902,12,0.6666666666666666,20.0,77.86440664776305,0.1
2020-02-03,6288,23.55,96.45909645909646,83.88637676813087,12,0.6666666666666666,20.0,81.90932312976165,0.12
2020-02-27,6288,23.55,86.5787779377778,84.87687761455115,12,0.6666666666666666,20.0,79.19285278497112,0.12
2020-03-02,6288,23.55,88.94181312963934,84.04354428121782,12,0.6666666666666666,20.0,79.69343000919625,0.12
2020-03-09,6288,22.9,84.20539209598168,86.71168912545896,12,0.6666666666666666,20.0,78.93953991015924,0.12
2020-03-10,6288,22.9,86.55445561585658,85.12961979565233,12,0.6666666666666666,20.0,79.24874163367005,0.12
2020-03-11,6288,22.35,87.96407070520979,89.12631605085693,12,0.6666666666666666,20.0,80.67080022427717,0.12
2020-03-12,6288,20.15,83.4971025447216,96.02185936570172,12,0.6666666666666666,20.0,81.05459560484191,0.12
2021-03-02,6288,30.8,81.15701351944497,70.7419782467626,18,0.6666666666666666,20.0,74.03259861752414,0.12
2021-03-05,6288,30.5,76.96982677861645,78.79148557366096,18,0.6666666666666666,20.0,74.78881942700018,0.12
2020-03-16,6415,216.0,98.53629976580797,87.02672419010416,12,0.6666666666666666,20.0,83.31757097726843,0.2
2020-03-18,6415,178.0,89.75526465566307,93.02070607234788,12,0.6666666666666666,20.0,82.18175591478588,0.2
2020-03-19,6415,175.0,89.54271534916697,93.42729690460597,12,0.6666666666666666,20.0,82.21963883090157,0.2
2021-03-09,6415,563.75,99.16403492476314,89.22218283952644,14,0.7142857142857143,20.0,85.48332761588198,0.2
2021-03-19,6415,575.0,98.85844748858447,65.42479042517482,14,0.7142857142857143,20.0,79.44230328144047,0.2
2021-03-22,6415,541.25,97.28954081632654,83.86798648813209,14,0.7142857142857143,20.0,83.5824302955024,0.2
2021-03-23,6415,552.5,94.09612506236488,68.48767422839656,14,0.7142857142857143,20.0,78.77932750438003,0.2
2021-03-24,6415,552.5,94.17249417249417,66.71310633369308,14,0.7142857142857143,20.0,78.35859626374295,0.2
2022-01-12,6415,978.75,97.9253112033195,88.86676603610503,17,0.7647058823529411,20.0,86.53546134061034,0.2
2022-01-13,6415,975.0,98.02136921250495,88.61912470531884,17,0.7647058823529411,20.0,86.50236841066943,0.2
2022-01-14,6415,962.5,97.54372175280015,87.83223104340367,17,0.7647058823529411,20.0,86.1623507572792,0.2
2022-01-17,6415,963.75,95.72133293063526,83.0296088594483,17,0.7647058823529411,20.0,84.41497856464089,0.2
2022-01-18,6415,975.0,96.04010025062657,71.49542810084316,17,0.7647058823529411,20.0,81.62706357098699,0.2
2022-01-19,6415,955.0,93.67216766224561,82.43187759440515,17,0.7647058823529411,20.0,83.6507961678632,0.2
2022-01-20,6415,950.0,93.62606232294618,81.68451812763134,17,0.7647058823529411,20.0,83.45012469937993,0.2
2022-01-21,6415,912.5,91.32832080200501,85.50428182897758,17,0.7647058823529411,20.0,83.71574316843413,0.2
2022-01-24,6415,928.75,91.32832080200501,72.51669695051667,17,0.7647058823529411,20.0,80.4688469488189,0.2
2022-01-25,6415,891.25,89.97838475142464,84.33071303588946,17,0.7647058823529411,20.0,83.01737015498799,0.2
2022-01-26,6415,907.5,89.97838475142464,71.91911204864122,17,0.7647058823529411,20.0,79.91446990817593,0.2
2024-08-21,6419,120.5,97.15045592705167,73.77419924167229,27,0.6666666666666666,20.0,79.58868658853358,0.15
2024-08-22,6419,116.0,97.4251382796109,82.59676601876379,27,0.6666666666666666,20.0,81.87673298857422,0.15
2024-08-23,6419,117.5,98.18320902658252,72.66512084463523,27,0.6666666666666666,20.0,79.62124291913356,0.15
2024-08-26,6419,113.5,97.05155031386722,82.33706285666558,27,0.6666666666666666,20.0,81.69973080832656,0.15
2024-08-27,6419,113.0,96.66221628838451,81.30943892798162,27,0.6666666666666666,20.0,81.32602461851076,0.15
2024-08-28,6419,113.0,93.97352301916618,78.60776414724195,27,0.6666666666666666,20.0,79.84399794256034,0.15
2024-08-29,6419,114.0,93.86624455876533,69.10474477035062,27,0.6666666666666666,20.0,77.43605956021725,0.15
2024-08-30,6419,113.5,96.50061753808151,70.8422544420865,27,0.6666666666666666,20.0,78.66074887194607,0.15
2024-09-02,6419,111.0,93.10125238802802,79.04250782154261,27,0.6666666666666666,20.0,79.69100267179405,0.15
2024-09-03,6419,111.0,89.70099667774086,77.13886489187314,27,0.6666666666666666,20.0,78.19501522629054,0.15
2021-08-17,6432,38.15,76.97089947089947,80.60416277186145,20,0.7,20.0,76.2423105342352,0.15
2020-03-02,6435,93.5,89.06245257742896,65.07718170976672,20,0.65,20.0,74.48803120067036,0.15
2020-03-11,6435,91.2,90.04563324143234,81.84183298847661,20,0.65,20.0,78.97414821954885,0.15
2020-03-12,6435,83.0,85.35376295628662,93.71863605116675,20,0.65,20.0,80.53578789967767,0.15
2020-03-13,6435,78.9,84.21285051887834,96.06082479296424,20,0.65,20.0,80.77906135390457,0.15
2020-07-28,6435,86.3,77.09947561548813,80.92594678890283,25,0.68,20.0,75.76132938187214,0.15
2021-01-29,6435,106.5,98.31932773109244,79.7364093972797,27,0.6666666666666666,20.0,81.42990066864766,0.15
2021-02-01,6435,106.5,99.36034115138592,82.5375863784414,27,0.6666666666666666,20.0,82.44249894002613,0.15
2021-02-04,6435,107.5,99.78289188015631,72.35551796854061,27,0.6666666666666666,20.0,80.02374705618205,0.15
2021-05-11,6435,107.0,99.79053204859656,85.83813686282132,28,0.6785714285714286,20.0,83.75383668742715,0.15
2021-05-12,6435,101.5,97.97077922077922,91.91425977582048,28,0.6785714285714286,20.0,84.72694156733175,0.15
2021-05-13,6435,104.0,98.38579499596449,76.73502800813664,28,0.6785714285714286,20.0,81.05663835796636,0.15
2021-05-14,6435,101.5,97.20670391061452,86.8971427979749,28,0.6785714285714286,20.0,83.24343972982093,0.15
2021-05-17,6435,94.0,94.80169426261071,93.2545961427245,28,0.6785714285714286,20.0,84.1113001716072,0.15
2021-09-15,6435,119.0,90.9237433135046,68.93175046673096,30,0.6666666666666666,20.0,76.51006061073412,0.15
2021-09-16,6435,118.0,87.01370881908593,79.4338269944466,30,0.6666666666666666,20.0,77.96256939433744,0.15
2021-09-22,6435,117.5,84.20502373103771,77.93909312464274,30,0.6666666666666666,20.0,76.746280400472,0.15
2021-09-23,6435,118.0,82.77444643414054,68.45967997507094,30,0.6666666666666666,20.0,73.9472539240099,0.15
2022-01-14,6435,130.0,91.4010989010989,88.2925327887019,33,0.696969696969697,20.0,82.40255377659605,0.2
2022-01-21,6435,131.0,86.99980521204924,70.74118667293001,33,0.696969696969697,20.0,76.69432914093818,0.2
2022-01-24,6435,131.0,86.56395705145485,68.43052462326543,33,0.696969696969697,20.0,75.98590918034373,0.2
2022-01-25,6435,129.5,84.18092492290438,77.9389597420258,33,0.696969696969697,20.0,77.64810832146867,0.2
2022-04-25,6435,131.5,98.48024316109422,70.21605388055585,35,0.7142857142857143,20.0,80.52665784703865,0.2
2022-04-26,6435,130.5,97.93949402173128,78.47046329283717,35,0.7142857142857143,20.0,82.4280354583001,0.2
2022-04-27,6435,126.5,97.38219895287958,89.03245323215941,35,0.7142857142857143,20.0,84.90134442247515,0.2
2022-04-28,6435,126.0,96.2207105064248,87.57985750651561,35,0.7142857142857143,20.0,84.18974895712776,0.2
2022-06-29,6435,129.0,81.01399856424982,75.8653919402441,36,0.7222222222222222,20.0,76.93721422100263,0.2
2022-06-30,6435,123.0,79.54481792717087,93.68461002283578,36,0.7222222222222222,20.0,80.95126455052687,0.2
2022-07-01,6435,118.0,80.12376237623762,95.58782347467748,36,0.7222222222222222,20.0,81.60075124820733,0.2
2022-07-04,6435,117.5,74.27662668120684,93.88980375341406,36,0.7222222222222222,20.0,79.42210560938223,0.2
2022-07-05,6435,116.5,71.16305160807778,92.48215909459003,36,0.7222222222222222,20.0,78.13612192273752,0.2
2022-07-06,6435,114.0,73.68071818891491,92.81932242185896,36,0.7222222222222222,20.0,78.97571272880587,0.2
2022-07-07,6435,114.0,73.68071818891491,90.28758448964182,36,0.7222222222222222,20.0,78.34277824575159,0.2
2025-02-27,6442,489.0,97.35003613587088,81.92600455580697,23,0.6521739130434783,20.0,81.25172937101735,0.2
2025-03-03,6442,473.0,97.87595581988106,86.59607759871027,23,0.6521739130434783,20.0,82.57702353694623,0.2
2025-03-04,6442,483.0,98.99993939026608,70.62621059772965,23,0.6521739130434783,20.0,78.92175185781659,0.2
2025-03-10,6442,473.5,98.87490117375175,76.44494919105853,23,0.6521739130434783,20.0,80.3389250411945,0.2
2025-03-11,6442,449.0,96.43762830576017,86.38435206424506,23,0.6521739130434783,20.0,82.09259389909366,0.2
2025-03-24,6442,460.0,93.35876783948001,69.23620045693727,23,0.6521739130434783,20.0,76.88189785738267,0.2
2020-02-03,6451,128.5,85.77481840193704,87.5820563803066,12,0.6666666666666666,20.0,79.62795961565776,0.12
2020-02-05,6451,131.0,86.79471788715486,69.98680254802639,12,0.6666666666666666,20.0,75.53511600315305,0.12
2020-02-07,6451,130.5,88.38559814169571,67.45208829672644,12,0.6666666666666666,20.0,75.37870151669033,0.12
2020-08-20,6451,98.30000305175781,95.40240916453101,87.2129176243373,18,0.6666666666666666,20.0,82.42395215544363,0.12
2020-09-10,6451,99.80000305175781,98.46725617130853,70.4658294694592,18,0.6666666666666666,20.0,79.15663421875736,0.12
2020-09-11,6451,99.0,96.61646862462125,76.50637334726979,18,0.6666666666666666,20.0,80.11153392420381,0.12
2020-09-24,6451,97.9000015258789,78.96928104749524,85.08299134139666,19,0.6842105263157895,20.0,77.48784793907141,0.12
2020-09-25,6451,93.0999984741211,86.25745403323135,90.6499053439461,19,0.6842105263157895,20.0,81.06602833542962,0.12
2020-09-28,6451,95.69999694824219,85.68527730963905,70.10700495597378,19,0.6842105263157895,20.0,75.75865022135883,0.12
2019-11-28,6452,212.5,88.0066625348621,73.89420478801193,13,0.6923076923076923,20.0,77.64478072669237,0.12
2019-12-02,6452,208.0,87.59503372164316,90.03473128008358,13,0.6923076923076923,20.0,81.5564237057446,0.12
2019-12-03,6452,209.5,89.09863945578232,81.45612236972029,13,0.6923076923076923,20.0,79.86285319839553,0.12
2019-12-12,6452,210.0,97.95918367346938,66.64550306152614,13,0.6923076923076923,20.0,78.81836163665312,0.12
2019-12-13,6452,209.5,97.58255922433376,68.24934386141753,13,0.6923076923076923,20.0,79.10633450188527,0.12
2019-12-16,6452,207.5,95.47559572188115,75.45379639600928,13,0.6923076923076923,20.0,80.27535858479743,0.12
2019-12-18,6452,208.5,92.50965995924942,65.79701612799978,13,0.6923076923076923,20.0,76.97138278900553,0.12
2020-02-03,6452,207.5,91.50520471299656,79.9456064256995,13,0.6923076923076923,20.0,80.20719378955461,0.12
2020-02-04,6452,209.0,89.47942144321782,66.46335533271616,14,0.7142857142857143,20.0,76.88823669471581,0.12
2020-02-05,6452,208.0,85.89824359961088,73.07559130239864,14,0.7142857142857143,20.0,77.46694233405435,0.12
2020-02-27,6452,208.0,67.49916073291875,72.03812613978772,15,0.7333333333333333,20.0,72.25927975482256,0.12
2020-03-09,6452,206.0,84.55998047745119,81.68058166741706,16,0.75,20.0,80.28813956008962,0.12
2020-03-10,6452,207.0,83.9527542708746,69.87145703414772,16,0.75,20.0,77.15369053979931,0.12
2020-07-15,6452,147.5,88.58648168292055,78.0159160863407,24,0.7083333333333334,20.0,79.32992352646134,0.1
2020-07-17,6452,148.0,87.85118093051615,67.69442058952743,24,0.7083333333333334,20.0,76.5289594265367,0.1
2020-07-20,6452,144.5,88.36310386839789,81.76504233421697,24,0.7083333333333334,20.0,80.2001917440736,0.1
2020-07-21,6452,145.0,87.3001505152711,74.30441283997546,24,0.7083333333333334,20.0,78.0161483645752,0.1
2020-07-24,6452,140.5,84.27634633050359,85.46212872424535,24,0.7083333333333334,20.0,79.89843608021242,0.1
2020-07-27,6452,132.5,89.21448921448922,92.88253786162467,24,0.7083333333333334,20.0,83.23498122975293,0.1
2020-07-28,6452,132.5,86.80351906158357,92.04920452829134,25,0.72,20.0,82.65335685054791,0.1
2020-07-29,6452,132.5,88.2024882024882,89.84546441792918,25,0.72,20.0,82.52211256522875,0.1
2020-07-30,6452,129.0,87.49470114455278,94.90811549377145,25,0.72,20.0,83.57543921680869,0.1
2020-07-31,6452,131.0,85.19163763066202,77.99191019422983,25,0.72,20.0,78.65546883775606,0.1
2020-08-03,6452,127.0,84.67846353042728,91.85798790624719,25,0.72,20.0,81.96803603568998,0.1
2020-01-30,6456,101.0,74.02785303198702,68.23411854522175,20,0.65,20.0,70.76688554590154,0.15
2020-01-31,6456,101.0,74.54668031374369,67.40078521188843,20,0.65,20.0,70.71420039709521,0.15
2020-02-03,6456,99.19999694824219,80.80497432928495,89.0651282666477,20,0.65,20.0,78.0077743654474,0.15
2020-02-05,6456,100.0,84.63889783470778,71.84629329911935,20,0.65,20.0,74.85324267519218,0.15
2020-02-07,6456,97.5,80.5443869521086,85.57739519739599,20,0.65,20.0,77.05766488498158,0.15
2020-02-10,6456,96.0999984741211,82.89702723167774,87.7708274025161,20,0.65,20.0,78.31181502013234,0.15
2020-03-06,6456,95.9000015258789,71.3785124124166,83.13487488549245,20,0.65,20.0,73.6972724450981,0.15
2020-03-10,6456,89.9000015258789,78.05313153229852,84.7426382299379,20,0.65,20.0,76.10159901717404,0.15
2020-03-11,6456,88.5999984741211,76.38213467552877,92.78563610734743,20,0.65,20.0,77.6110494294955,0.15
2021-09-08,6456,100.5,91.7837332969745,85.82712560263751,35,0.6571428571428571,20.0,80.70618710403744,0.15
2021-09-09,6456,101.5,89.89962112110166,71.95041071016685,35,0.6571428571428571,20.0,76.67177472815791,0.15
2021-09-13,6456,100.0,86.84387596076982,83.15988517227731,35,0.6571428571428571,20.0,78.55741979558599,0.15
2021-09-14,6456,100.5,83.06458147678894,73.59098127171575,35,0.6571428571428571,20.0,75.03140547525133,0.15
2021-09-15,6456,99.30000305175781,80.9991330927034,81.79500926395062,35,0.6571428571428571,20.0,76.46277795808439,0.15
2021-09-22,6456,98.30000305175781,76.09561120039243,80.97759247555747,35,0.6571428571428571,20.0,74.78736719329281,0.15
2021-09-23,6456,98.5999984741211,67.40869204398018,74.53042518507259,35,0.6571428571428571,20.0,70.56949962374792,0.15
2019-11-08,6462,238.0,90.88122217725618,80.15128053945027,15,0.8666666666666667,20.0,85.30218678803942,0.2
2019-11-11,6462,240.0,91.4795918367347,72.07057225487522,15,0.8666666666666667,20.0,83.46152061473921,0.2
2019-11-12,6462,240.0,91.4795918367347,76.51265959920707,15,0.8666666666666667,20.0,84.57204245082218,0.2
2019-11-18,6462,236.0,88.70823939331831,79.79264791828288,15,0.8666666666666667,20.0,84.56063379756621,0.2
2019-11-19,6462,232.5,88.70823939331831,80.79132464374891,15,0.8666666666666667,20.0,84.81030297893273,0.2
2019-11-20,6462,221.5,85.43785310734464,86.27476640528339,15,0.8666666666666667,20.0,85.20004753352424,0.2
2019-12-02,6462,225.0,88.53868194842407,70.147312053483,15,0.8666666666666667,20.0,82.09843259789797,0.2
2020-03-11,6462,201.0,91.58878504672897,65.4666766803383,19,0.6842105263157895,20.0,76.36962047357694,0.2
2020-03-12,6462,181.0,86.76323676323676,90.75655081635372,19,0.6842105263157895,20.0,81.24442452253314,0.2
2020-08-12,6462,177.5,85.75095738807373,89.5920924676783,24,0.6666666666666666,20.0,80.12331033334169,0.2
2020-08-13,6462,177.0,71.36670893188625,89.92865269699118,24,0.6666666666666666,20.0,75.89217585381367,0.2
2020-08-17,6462,178.0,72.58956346315237,72.96091025462238,24,0.6666666666666666,20.0,72.0170966026013,0.2
2020-08-18,6462,175.5,71.2822564977147,84.97458919275063,24,0.6666666666666666,20.0,74.62832424750206,0.2
2020-08-19,6462,167.5,72.61445014565032,93.418840102676,24,0.6666666666666666,20.0,77.1390450693641,0.2
2020-08-20,6462,162.0,80.37061994609164,95.97148734648594,24,0.6666666666666666,20.0,80.10405782044897,0.2
2020-08-21,6462,166.0,81.18837379435485,71.38089328045362,24,0.6666666666666666,20.0,74.20173545841986,0.2
2020-09-01,6462,164.0,67.4126416934023,71.48499450889781,24,0.6666666666666666,20.0,70.09504113524514,0.2
2020-09-02,6462,162.0,67.6115913003282,82.29771976630566,24,0.6666666666666666,20.0,72.85790733167487,0.2
2022-08-02,6469,249.0,100.0,81.23987378980388,15,0.7333333333333333,20.0,84.30996844745097,0.12
2022-08-03,6469,248.0,99.67679379444085,88.78702747728241,15,0.7333333333333333,20.0,86.09979500765286,0.12
2022-08-04,6469,244.0,98.02683504340963,89.47907433676377,15,0.7333333333333333,20.0,85.77781909721384,0.12
2022-08-05,6469,241.0,97.30582205283217,90.01124892492629,15,0.7333333333333333,20.0,85.69455884708123,0.12
2022-08-08,6469,242.5,97.50982961992136,82.98740523587519,15,0.7333333333333333,20.0,83.99980019494521,0.12
2023-06-14,6469,348.5,69.32356496702097,81.45869250093952,17,0.7647058823529411,20.0,76.1029190859294,0.12
2023-06-15,6469,345.0,71.0979842355743,86.04043489555188,17,0.7647058823529411,20.0,77.78068046514849,0.12
2023-08-15,6469,350.5,95.67935282220996,74.71079071230423,19,0.7894736842105263,20.0,83.06571405105484,0.12
2023-08-16,6469,350.0,96.28942486085343,75.78547905700609,19,0.7894736842105263,20.0,83.51740774882333,0.12
2023-08-17,6469,347.0,96.37748467397361,83.53264493966105,19,0.7894736842105263,20.0,85.48061716342313,0.12
2023-08-18,6469,348.0,97.0160387914957,76.3872430670753,19,0.7894736842105263,20.0,83.88583293053333,0.12
2023-08-21,6469,347.5,98.19768544868147,75.57010006547954,19,0.7894736842105263,20.0,84.03604117729012,0.12
2023-08-22,6469,343.5,95.77572964669739,84.17015649774126,19,0.7894736842105263,20.0,85.45946854476031,0.12
2023-08-23,6469,338.0,95.41634835752483,85.40000667969531,19,0.7894736842105263,20.0,85.65911670349706,0.12
2023-08-24,6469,343.0,95.49724520155272,68.91705661821348,19,0.7894736842105263,20.0,81.56264824133498,0.12
2023-08-25,6469,339.0,93.5165745558251,77.10393382830915,19,0.7894736842105263,20.0,83.01516635014062,0.12
2023-08-28,6469,328.5,92.80077947514155,84.90963155442545,19,0.7894736842105263,20.0,84.7518522574646,0.12
2023-08-29,6469,329.0,89.67688453882242,80.66998450819608,19,0.7894736842105263,20.0,82.75477201501153,0.12
2022-09-15,6470,60.0,93.90078612089998,65.07781566770886,18,0.6666666666666666,20.0,76.4396897531972,0.15
2022-09-16,6470,58.0,90.1098901098901,86.89732418743807,18,0.6666666666666666,20.0,80.75729807982654,0.15
2022-09-19,6470,58.8,91.08856594461201,72.10358476720866,18,0.6666666666666666,20.0,77.35246597518577,0.15
2022-09-21,6470,58.4,92.58231766368675,73.53550278851283,18,0.6666666666666666,20.0,78.15857099623423,0.15
2022-09-22,6470,58.7,90.96731266610395,66.69890271324618,18,0.6666666666666666,20.0,75.96491947814273,0.15
2023-05-11,6470,59.3,99.54153676875114,67.15534190068138,23,0.6521739130434783,20.0,78.21651389710003,0.15
2023-05-15,6470,58.6,98.77335346291753,76.37813969573111,23,0.6521739130434783,20.0,80.29175835411237,0.15
2023-08-28,6470,67.4,97.74296335634625,72.62366900365805,25,0.68,20.0,79.87880625781838,0.15
2021-01-13,6472,169.5,96.71592775041051,82.65781204472059,18,0.7222222222222222,20.0,83.34589800296996,0.2
2021-01-14,6472,167.0,96.61815945890551,87.53775388116841,18,0.7222222222222222,20.0,84.53655297463041,0.2
2021-01-15,6472,160.0,91.21693121693121,90.2427974725668,19,0.7368421052631579,20.0,84.03104189111579,0.2
2021-01-19,6472,161.0,85.84395936892155,80.4876708936842,19,0.7368421052631579,20.0,79.98036869199225,0.2
2021-01-20,6472,157.0,83.58338769297674,85.55387796705185,19,0.7368421052631579,20.0,80.56874895755072,0.2
2021-01-21,6472,158.0,85.40227323378649,78.50914166034914,19,0.7368421052631579,20.0,79.35323054311797,0.2
2021-09-08,6472,235.0,96.28749628749628,65.3945513282883,22,0.7272727272727273,20.0,79.05306853650278,0.2
2021-09-10,6472,233.0,94.1878250229428,65.70762782130706,22,0.7272727272727273,20.0,78.50143628039143,0.2
2021-09-13,6472,229.0,95.84444095969891,73.86726948465619,22,0.7272727272727273,20.0,81.03833147725555,0.2
2021-09-14,6472,224.0,94.86461251167134,82.4397144931216,22,0.7272727272727273,20.0,82.88749419496362,0.2
2021-09-15,6472,225.0,94.6135831381733,76.42538335912876,22,0.7272727272727273,20.0,81.30860259941599,0.2
2021-09-16,6472,222.5,92.80177187153932,80.14841156531598,22,0.7272727272727273,20.0,81.69581627097261,0.2
2021-09-17,6472,221.5,88.73052701358966,79.50588979321688,22,0.7272727272727273,20.0,80.31381237056294,0.2
2021-09-22,6472,216.5,89.5798319327731,81.00617946678129,22,0.7272727272727273,20.0,80.94367626470907,0.2
2021-09-23,6472,221.0,89.19284025667004,66.78669892769607,22,0.7272727272727273,20.0,77.27270862710685,0.2
2021-05-05,6477,54.70716094970703,92.23133279663966,92.45666669580662,12,0.6666666666666666,20.0,82.78356651294355,0.12
2021-05-06,6477,55.29541015625,95.34161209234196,80.29665807149911,12,0.6666666666666666,20.0,80.67664814557736,0.12
2021-05-11,6477,50.98158264160156,93.77076059673178,93.96845022213762,12,0.6666666666666666,20.0,83.62334073455393,0.12
2021-05-12,6477,45.883426666259766,89.7680742154988,98.31081470036298,12,0.6666666666666666,20.0,83.50812593974038,0.12
2021-05-18,6477,40.49114227294922,85.62822245824792,70.53826597111475,12,0.6666666666666666,20.0,75.32303323025306,0.12
2022-05-26,6477,48.236419677734375,99.26894435964428,82.50227401592635,21,0.7142857142857143,20.0,83.8348232404463,0.15
2022-06-13,6477,48.236419677734375,91.28842360965129,85.40108006865174,21,0.7142857142857143,20.0,82.16536852862976,0.15
2022-06-14,6477,47.20698547363281,85.13415006972787,88.89136870829707,21,0.7142857142857143,20.0,81.19165862656405,0.15
2022-06-15,6477,46.1285285949707,83.36594813121825,90.88043812776746,21,0.7142857142857143,20.0,81.15846539987876,0.15
2022-06-16,6477,44.75594711303711,83.44507074142915,93.15033800028476,21,0.7142857142857143,20.0,81.74967715107137,0.15
2022-06-17,6477,44.02063751220703,82.09139261239375,94.27059393664706,21,0.7142857142857143,20.0,81.62363769645131,0.15
2022-06-20,6477,42.10882568359375,79.85865200804213,96.85826130430343,21,0.7142857142857143,20.0,81.60073235705993,0.15
2022-09-26,6477,46.471675872802734,94.39576418898257,90.71968096406192,25,0.76,20.0,85.79864949771024,0.15
2022-09-27,6477,46.373634338378906,91.57185262704401,90.85956268288761,25,0.76,20.0,84.9864464588351,0.15
2022-09-28,6477,43.334346771240234,86.7877804828528,94.73531735571875,25,0.76,20.0,84.52016348378552,0.15
2022-09-29,6477,42.844139099121094,89.88910876125237,95.2817021220166,25,0.76,20.0,85.58715815887986,0.15
2022-09-30,6477,43.13826370239258,90.8256906855112,88.08891172824895,25,0.76,20.0,84.06993513771559,0.15
2022-10-03,6477,42.35393142700195,88.95209153956975,92.90780410205119,25,0.76,20.0,84.71257848738372,0.15
2022-10-11,6477,42.55001449584961,91.3695241320128,77.92516733954237,25,0.76,20.0,81.69214907448944,0.15
2022-10-13,6477,41.07939147949219,89.40998782922891,83.26081875708911,25,0.76,20.0,82.43820103804094,0.15
2023-07-13,6477,47.648170471191406,67.2272479041997,81.78512035913809,29,0.7241379310344828,20.0,74.33859239207891,0.15
2023-07-14,6477,47.648170471191406,66.07142576980097,79.41390948919087,29,0.7241379310344828,20.0,73.39904303427248,0.15
2023-07-18,6477,47.45208740234375,66.99593476710777,80.67409477897799,29,0.7241379310344828,20.0,73.9914420559113,0.15
2023-07-19,6477,46.56971740722656,70.43791503722932,84.79118636601724,29,0.7241379310344828,20.0,76.05330903370758,0.15
2023-07-20,6477,46.8148193359375,68.03190635194049,76.58215730195748,29,0.7241379310344828,20.0,73.279249162106,0.15
2023-07-21,6477,45.599998474121094,68.2640283556382,87.40223459675467,29,0.7241379310344828,20.0,76.05390508691461,0.15
2023-07-24,6477,44.75,65.84845394786515,89.80452058639429,29,0.7241379310344828,20.0,75.9298042619926,0.15
2023-07-25,6477,45.349998474121094,67.3520959114846,73.89082312382887,29,0.7241379310344828,20.0,72.40247248543707,0.15
2024-08-02,6477,36.79999923706055,99.32455649062646,70.84692832619814,35,0.6571428571428571,20.0,79.22338474302319,0.15
2024-08-05,6477,33.150001525878906,93.24646501321025,93.56437461010454,35,0.6571428571428571,20.0,83.07931887077493,0.15
2024-08-06,6477,31.799999237060547,92.53496853435617,95.30303414877099,35,0.6571428571428571,20.0,83.30053481178531,0.15
2025-04-07,6477,29.549999237060547,98.53027649263187,66.23127425537994,44,0.6590909090909091,20.0,77.88962878436182,0.12
2025-04-08,6477,26.600000381469727,98.1483566034763,91.83333695263828,44,0.6590909090909091,20.0,84.17556849192972,0.12
2025-04-09,6477,23.950000762939453,95.46827962434521,94.84460529969337,44,0.6590909090909091,20.0,84.12436248495418,0.12
2026-02-10,6477,33.25,96.84642089992973,81.08465213180799,51,0.6666666666666666,20.0,81.3250893029309,0.12
2026-02-11,6477,33.25,95.42021825386949,78.60546395275009,51,0.6666666666666666,20.0,80.27743146434837,0.12
2026-03-31,6477,33.099998474121094,93.72682872835004,84.04690368547867,53,0.6792452830188679,20.0,81.50713303044071,0.12
2026-04-02,6477,32.75,94.11263685560394,81.82256219415719,53,0.6792452830188679,20.0,81.06679009578652,0.12
2026-04-07,6477,32.70000076293945,95.17082413230546,80.07838003955334,53,0.6792452830188679,20.0,80.948200740146,0.12
2019-08-15,6488,268.0,91.00828450191958,92.47178486162359,12,0.6666666666666666,20.0,82.42043156598177,0.12
2019-08-16,6488,273.5,90.09851718564619,72.35958169329471,12,0.6666666666666666,20.0,77.11945057901754,0.12
2019-08-26,6488,270.5,92.94933520269646,73.04170882438927,12,0.6666666666666666,20.0,78.14522776690626,0.12
2020-03-12,6488,368.0,99.22360248447205,68.9549790520031,14,0.7142857142857143,20.0,80.43439693691381,0.12
2020-03-13,6488,354.0,98.86621315192744,90.2983731643174,14,0.7142857142857143,20.0,85.663028665229,0.12
2020-03-16,6488,322.0,94.02390438247012,95.57061879576185,14,0.7142857142857143,20.0,85.52839744225292,0.12
2020-03-17,6488,318.0,93.42941924544299,96.07128980661172,14,0.7142857142857143,20.0,85.47521965385725,0.12
2020-03-18,6488,319.0,93.11959143140871,90.34944217315126,14,0.7142857142857143,20.0,83.95180940128185,0.12
2020-03-19,6488,311.5,91.78255372945638,93.45366930754483,14,0.7142857142857143,20.0,84.32675487429455,0.12
2020-03-23,6488,321.0,92.4812030075188,65.49777962220367,14,0.7142857142857143,20.0,77.54737723637798,0.12
2020-09-23,6488,382.0,69.49035812672176,75.67333213218369,16,0.6875,20.0,72.39044047106245,0.12
2020-09-24,6488,373.0,67.47104247104247,88.22776352396443,16,0.6875,20.0,74.92325362230385,0.12
2020-09-25,6488,366.0,66.535096062393,90.74318830701468,16,0.6875,20.0,75.27132589547156,0.12
2021-05-12,6488,650.0,99.94475748536073,75.62011091986321,19,0.7368421052631579,20.0,82.99371813346875,0.12
2021-08-13,6488,768.0,93.54264467511346,66.21146460442867,20,0.75,20.0,79.11565955364121,0.12
2021-08-17,6488,750.0,99.46083382614674,89.65744374067822,20,0.75,20.0,86.75261108301358,0.12
2021-08-20,6488,754.0,95.90497908144188,77.03972604816575,20,0.75,20.0,82.531425236474,0.12
2021-10-01,6488,767.0,88.65725682060722,69.61161755207253,20,0.75,20.0,78.5000814342003,0.12
2021-10-04,6488,736.0,89.48448320082072,90.96867853128433,20,0.75,20.0,84.0875145930673,0.12
2021-10-05,6488,749.0,91.20780387626749,74.97390151523027,20,0.75,20.0,80.60581654168782,0.12
2021-10-06,6488,739.0,89.55647240845796,83.18218968836874,20,0.75,20.0,82.16248914462957,0.12
2022-02-07,6488,720.0,97.34816082121472,89.90855752535485,24,0.7916666666666666,20.0,87.43158762770312,0.15
2022-02-09,6488,699.0,93.73730534867975,83.97399206163969,24,0.7916666666666666,20.0,84.86468962001385,0.15
2022-02-24,6488,686.0,75.8606200643786,83.38486936210785,24,0.7916666666666666,20.0,79.35440335984053,0.15
2022-02-25,6488,688.0,75.55006654499316,77.90889376576943,24,0.7916666666666666,20.0,77.8922434049403,0.15
2023-04-21,6488,477.0,66.26543209876543,88.93955495997201,40,0.675,20.0,74.36451836962263,0.12
2023-04-24,6488,477.0,67.5,88.5535769127332,40,0.675,20.0,74.6383942281833,0.12
2023-04-25,6488,478.5,67.04849196315695,78.04841759883574,40,0.675,20.0,71.87665198865602,0.12
2023-04-26,6488,476.5,65.77115559599636,84.68095905609049,40,0.675,20.0,73.15158644282153,0.12
2023-08-10,6488,472.0,74.75176077004696,87.10678788981426,41,0.6585365853658537,20.0,75.95832276444327,0.12
2023-08-11,6488,472.5,74.3734335839599,82.11580118115982,41,0.6585365853658537,20.0,74.59707793145353,0.12
2023-08-14,6488,463.5,72.34693877551021,89.10444853670282,41,0.6585365853658537,20.0,75.73629132780437,0.12
2023-08-15,6488,458.0,69.81105627353391,90.1421688460093,41,0.6585365853658537,20.0,75.23495665453811,0.12
2023-08-16,6488,451.0,69.5493148557157,92.53223184005898,41,0.6585365853658537,20.0,75.75394997770508,0.12
2023-08-17,6488,457.5,70.38411094775066,70.43224626908959,41,0.6585365853658537,20.0,70.4793924125732,0.12
2024-03-27,6488,548.0,77.03943813326035,85.14006142962982,44,0.6590909090909091,20.0,76.16957407011283,0.12
2024-04-08,6488,551.0,79.91664587856272,66.42564263066804,44,0.6590909090909091,20.0,72.3541316939631,0.12
2024-04-11,6488,545.0,75.0419023990317,76.3429965061832,44,0.6590909090909091,20.0,73.37104711898257,0.12
2024-04-12,6488,545.0,73.64780268548023,74.50554427055518,44,0.6590909090909091,20.0,72.49345414601014,0.12
2024-04-15,6488,545.0,72.36937240830892,72.3916275993351,44,0.6590909090909091,20.0,71.58144589505372,0.12
2024-04-16,6488,535.0,70.15577939765603,80.65217851843916,44,0.6590909090909091,20.0,72.98250572163387,0.12
2024-04-19,6488,520.0,69.7925967716897,86.6902353328311,44,0.6590909090909091,20.0,74.38306513744195,0.12
2024-04-22,6488,503.0,69.86294324132591,91.36926366551701,44,0.6590909090909091,20.0,75.57392616150429,0.12
2024-04-23,6488,504.0,70.08801452160233,87.76464238719622,44,0.6590909090909091,20.0,74.74029222600703,0.12
2024-04-25,6488,507.0,74.81105265261903,74.22161665760989,44,0.6590909090909091,20.0,72.77144723291545,0.12
2026-04-02,6488,409.5,98.50601631268674,65.70205429667959,65,0.6615384615384615,20.0,77.82347231412976,0.12
2021-10-06,6492,123.5,91.23217208323591,79.24247024708538,24,0.6666666666666666,20.0,79.18026918674211,0.12
2021-10-07,6492,123.5,93.35267101764563,78.40913691375205,24,0.6666666666666666,20.0,79.6080855337317,0.12
2021-11-01,6492,121.0,99.36338171632289,75.69249319695497,25,0.68,20.0,81.1321378141356,0.15
2021-11-02,6492,120.0,95.89186323880202,76.69252211174245,25,0.68,20.0,80.34068949957621,0.15
2021-11-03,6492,121.0,95.89186323880202,66.59208152943917,25,0.68,20.0,77.81557935400039,0.15
2021-11-05,6492,119.5,94.54850433324015,75.17507238869605,26,0.6923076923076923,20.0,79.92755016637682,0.15
2021-11-10,6492,99.3,87.12576501075151,88.25817657044233,26,0.6923076923076923,20.0,80.97150441506679,0.15
2022-02-24,6492,88.1,97.54875687643067,89.02242358888681,31,0.7096774193548387,20.0,84.81055554079606,0.15
2022-02-25,6492,89.1,96.4092885299046,75.41468167343058,31,0.7096774193548387,20.0,81.06677955797417,0.15
2022-03-07,6492,86.1,95.84742589096466,86.15603846038084,31,0.7096774193548387,20.0,83.58355996302976,0.15
2022-03-08,6492,83.2,96.47758686541333,89.32509042732624,31,0.7096774193548387,20.0,84.56487124710071,0.15
2022-03-09,6492,83.6,93.96656111263034,83.69432881779107,31,0.7096774193548387,20.0,82.40387311888203,0.15
2022-03-10,6492,84.0,91.09077698931932,76.8213503678532,31,0.7096774193548387,20.0,79.82289326940426,0.15
2022-03-11,6492,81.6,89.82354530356731,88.1003247105228,32,0.71875,20.0,82.5346447687009,0.15
2022-03-15,6492,75.0,91.33663366336634,95.13522183948822,32,0.71875,20.0,84.74729555888196,0.15
2022-03-16,6492,74.1,91.84564655556545,95.72736309183854,32,0.71875,20.0,85.04803473962927,0.15
2022-03-17,6492,76.3,92.87473610133708,76.01040621092062,32,0.71875,20.0,80.42752238313128,0.15
2022-06-16,6492,76.1,95.8820402800955,82.4603654637538,36,0.75,20.0,83.8797034499671,0.15
2022-06-17,6492,74.7,95.55726377718722,84.33455924611951,36,0.75,20.0,84.25081894468605,0.15
2022-06-20,6492,73.3,97.28731694719164,86.12110468374857,36,0.75,20.0,85.21647125509463,0.15
2022-06-23,6492,71.1,96.18350619388295,88.09631868195117,36,0.75,20.0,85.37913152865268,0.15
2022-06-24,6492,71.7,94.32612778281539,80.5911844785039,36,0.75,20.0,82.94563445447059,0.15
2022-07-04,6492,61.1,92.5987562406937,95.0888133138628,36,0.75,20.0,86.0518302006738,0.15
2021-10-05,6494,132.0,98.10563851125474,65.48168198455727,12,0.75,20.0,80.30211204951574,0.12
2021-10-13,6494,128.0,93.77880184331798,84.5759878054949,12,0.75,20.0,83.77763750436912,0.12
2021-10-14,6494,130.5,90.37999037999037,65.77078380371722,12,0.75,20.0,78.05669306492642,0.12
2022-02-14,6494,147.5,80.19461958772062,70.74404461801514,13,0.7692307692307693,20.0,76.82132010774305,0.15
2022-02-15,6494,147.0,79.0743413268598,76.26218588337444,13,0.7692307692307693,20.0,77.86477194582463,0.15
2022-02-17,6494,147.0,75.45506101753298,72.91267335143851,13,0.7692307692307693,20.0,75.9416097200426,0.15
2022-02-21,6494,147.0,69.84754453977,69.64161981526746,13,0.7692307692307693,20.0,73.44159139267094,0.15
2022-02-22,6494,144.5,72.29018347856862,83.29239761537107,13,0.7692307692307693,20.0,77.58707752433644,0.15
2022-03-08,6494,143.0,75.24348492051699,82.62365347163006,13,0.7692307692307693,20.0,78.3058819209857,0.15
2022-03-15,6494,139.5,74.59664309508776,84.92553925027626,13,0.7692307692307693,20.0,78.68730081801847,0.15
2022-03-16,6494,137.0,76.80924327926272,87.10572450857957,13,0.7692307692307693,20.0,79.89612718784679,0.15
2022-04-11,6494,138.0,88.2504519859051,69.44982980364374,14,0.7142857142857143,20.0,77.26616447525389,0.15
2022-04-12,6494,135.5,86.6891482327272,81.36863161251989,14,0.7142857142857143,20.0,79.77747380151956,0.15
2022-04-14,6494,135.0,83.05027802547106,79.41802450105816,15,0.6666666666666666,20.0,76.76958953290585,0.15
2022-04-15,6494,130.0,87.26664645582827,87.74375759375843,15,0.6666666666666666,20.0,80.11593333518809,0.15
2022-04-18,6494,126.0,86.77248677248677,90.05102915378714,15,0.6666666666666666,20.0,80.54450332019282,0.15
2022-04-19,6494,126.0,86.86875430544498,87.77658199735147,15,0.6666666666666666,20.0,80.00477179097136,0.15
2022-01-12,6509,61.6,95.91759348023723,74.043701632731,12,0.9166666666666666,20.0,86.78620345225391,0.12
2022-01-13,6509,61.0,98.39350330924346,81.5921886387824,12,0.9166666666666666,20.0,89.41609815246863,0.12
2022-01-14,6509,60.3,99.08790993699951,90.10462641080902,12,0.9166666666666666,20.0,91.7525295838021,0.12
2022-01-18,6509,60.8,90.45025159113003,76.11437684053408,12,0.9166666666666666,20.0,85.66366968747252,0.12
2022-01-21,6509,60.5,84.07654613339841,75.10189160411596,12,0.9166666666666666,20.0,83.49843674104851,0.12
2022-01-24,6509,59.8,79.33743554573233,80.59166790092226,12,0.9166666666666666,20.0,83.44914763895027,0.12
2022-01-25,6509,58.8,78.53990053776896,83.89339116517992,12,0.9166666666666666,20.0,84.03531795262566,0.12
2022-01-26,6509,58.8,82.96020579547117,81.43768478356854,12,0.9166666666666666,20.0,84.74748293453348,0.12
2019-02-18,6510,401.5,99.48315071325202,74.27126822352406,14,0.7142857142857143,20.0,81.84133369842804,0.15
2019-02-19,6510,402.5,99.53449881038586,71.04228184111523,14,0.7142857142857143,20.0,81.04949153196598,0.15
2019-02-20,6510,404.5,98.91067538126362,71.37171618184385,14,0.7142857142857143,20.0,80.94470308841147,0.15
2019-03-04,6510,397.0,98.34847233691164,81.52054526491744,14,0.7142857142857143,20.0,83.31324944587428,0.15
2019-03-05,6510,395.5,97.45083758193736,80.45429382714971,14,0.7142857142857143,20.0,82.77739615994007,0.15
2019-05-24,6510,382.5,95.95257097252309,87.19999372192089,19,0.7368421052631579,20.0,84.69103288013187,0.15
2019-05-27,6510,365.0,93.45564380803222,91.50085593188756,19,0.7368421052631579,20.0,85.01717028327629,0.15
2019-05-28,6510,375.5,95.91036414565826,70.89113441599693,19,0.7368421052631579,20.0,80.60115600559143,0.15
2019-06-03,6510,375.0,96.58236500341764,65.92037986368383,19,0.7368421052631579,20.0,79.56006762484097,0.15
2019-06-06,6510,363.5,94.1782355575459,81.21658795374118,19,0.7368421052631579,20.0,82.6628808135938,0.15
2020-01-31,6510,882.0,96.30818619582664,71.85225240314476,22,0.7272727272727273,20.0,80.673700777716,0.2
2020-02-03,6510,860.0,93.19213313161876,85.67865068174606,22,0.7272727272727273,20.0,83.19548442810395,0.2
2020-02-20,6510,871.0,95.4386645962733,67.39504924972721,22,0.7272727272727273,20.0,79.2985435094956,0.2
2020-02-21,6510,863.0,95.75816674792785,74.03803319846,22,0.7272727272727273,20.0,81.05514014217516,0.2
2020-02-26,6510,860.0,98.52012628255721,73.90674950503947,22,0.7272727272727273,20.0,81.85090707920885,0.2
2020-02-27,6510,810.0,96.96151249155976,86.94751102353453,22,0.7272727272727273,20.0,84.64351332153339,0.2
2020-03-02,6510,823.0,95.9937463357436,72.55540992902952,22,0.7272727272727273,20.0,80.75515820116229,0.2
2020-03-04,6510,821.0,96.61266568483063,70.74023482048696,22,0.7272727272727273,20.0,80.48704022875275,0.2
2020-03-09,6510,747.0,92.85247126973746,89.97060484330578,22,0.7272727272727273,20.0,84.1665744099295,0.2
2020-03-10,6510,770.0,94.10138248847926,69.643572657811,22,0.7272727272727273,20.0,79.45948972917836,0.2
2020-03-11,6510,765.0,93.28765855013424,71.38110572495604,22,0.7272727272727273,20.0,79.6497558144611,0.2
2020-03-12,6510,706.0,86.50427913100724,91.18782970910684,22,0.7272727272727273,20.0,82.56642298476069,0.2
2025-03-07,6510,708.0,98.73334067628593,83.95013310203933,62,0.6612903225806451,20.0,82.44624515581496,0.15
2025-03-10,6510,705.0,97.02614745819773,82.72055695102131,62,0.6612903225806451,20.0,81.626693152634,0.15
2025-03-11,6510,693.0,91.73553719008265,84.55366257678291,62,0.6612903225806451,20.0,80.49778647863988,0.15
2025-03-12,6510,695.0,86.01796786030621,78.51402416977871,62,0.6612903225806451,20.0,77.27260607795588,0.15
2025-03-13,6510,690.0,86.11991380403093,81.99859544234403,62,0.6612903225806451,20.0,78.17433267921464,0.15
2025-03-14,6510,682.0,87.26567550096962,83.66786121495463,62,0.6612903225806451,20.0,78.93537763144889,0.15
2025-03-17,6510,680.0,88.34759710335747,83.28948045518827,62,0.6612903225806451,20.0,79.16535892222366,0.15
2025-03-19,6510,677.0,87.05566733735748,82.01530234661728,62,0.6612903225806451,20.0,78.45923546528091,0.15
2023-08-07,6515,674.0,97.79825908858167,65.24106989711527,27,0.6666666666666666,20.0,77.64974520085332,0.2
2023-08-08,6515,647.0,99.79736575481256,90.71109194534036,27,0.6666666666666666,20.0,84.61698271277885,0.2
2023-08-09,6515,638.0,97.40070700769391,91.36399768056728,27,0.6666666666666666,20.0,84.06121152245,0.2
2023-08-10,6515,599.0,96.80478251906823,93.98819671780805,27,0.6666666666666666,20.0,84.53848393517248,0.2
2023-08-11,6515,603.0,96.96595700915356,87.58652967507771,27,0.6666666666666666,20.0,82.98641952151549,0.2
2023-08-14,6515,586.0,94.49750830564784,92.27919173100166,27,0.6666666666666666,20.0,83.41905042444476,0.2
2023-08-15,6515,583.0,94.01727187597544,90.46636207863848,27,0.6666666666666666,20.0,82.82177208245226,0.2
2023-08-16,6515,587.0,92.98892988929889,82.04733497727703,27,0.6666666666666666,20.0,80.40851271110893,0.2
2023-08-18,6515,595.0,94.91309877066553,70.09081281727356,27,0.6666666666666666,20.0,77.99663283551804,0.2
2023-08-22,6515,596.0,90.75105861377313,65.3608900988977,27,0.6666666666666666,20.0,75.56554010885635,0.2
2024-03-08,6515,731.0,98.37725905377,83.08375846745051,32,0.6875,20.0,82.90911733299363,0.2
2024-03-11,6515,699.0,96.9377581541091,87.33400985405578,32,0.6875,20.0,83.53982990974667,0.2
2024-03-12,6515,700.0,96.11175115207374,84.32996048012289,32,0.6875,20.0,82.54101546565285,0.2
2024-03-13,6515,705.0,96.83179723502305,73.37864303627359,32,0.6875,20.0,80.01919992957531,0.2
2024-03-14,6515,696.0,92.34693877551021,84.4738145139686,32,0.6875,20.0,81.44753526114522,0.2
2024-08-05,6515,855.0,97.68922666118928,70.40593464848988,34,0.7058823529411765,20.0,80.08472224871454,0.2
2024-08-06,6515,821.0,98.59535948392467,89.32257842475983,34,0.7058823529411765,20.0,85.08572303960264,0.2
2025-03-31,6515,956.0,94.80044152675303,93.33241534679303,38,0.7368421052631579,20.0,85.87849945261891,0.2
2025-04-01,6515,974.0,92.8184039573276,80.81328348560298,38,0.7368421052631579,20.0,82.15410521649375,0.2
2025-04-02,6515,964.0,93.358975899994,83.59734922122729,39,0.7435897435897436,20.0,83.21472238299732,0.2
2025-04-07,6515,868.0,90.3522027199814,96.2877329757474,39,0.7435897435897436,20.0,85.48528636762359,0.2
2025-04-10,6515,774.0,90.83207612858303,74.22030446908224,39,0.7435897435897436,20.0,80.11239126353777,0.2
2025-04-11,6515,770.0,90.4025127966496,73.73572921941802,39,0.7435897435897436,20.0,79.86237845154169,0.2
2025-09-11,6517,67.6,83.37182246007794,72.72478298980863,29,0.6551724137931034,20.0,74.84791489926863,0.12
2024-11-18,6526,569.0,71.23489276084686,71.21903538817983,12,0.75,20.0,73.67522667529902,0.15
2025-03-07,6526,635.0,69.91973512280586,77.99269687247629,13,0.7692307692307693,20.0,75.55101783188391,0.15
2025-03-10,6526,633.0,67.7116329917639,79.43484332310103,13,0.7692307692307693,20.0,75.24912380522751,0.15
2025-03-11,6526,614.0,68.16679135838896,90.42154049192578,13,0.7692307692307693,20.0,78.13234560742121,0.15
2025-03-12,6526,622.0,66.95009298573898,70.83292740916394,13,0.7692307692307693,20.0,72.87018282493575,0.15
2025-03-13,6526,611.0,68.70034896815395,86.4998433038768,13,0.7692307692307693,20.0,77.31198859333847,0.15
2025-03-14,6526,611.0,65.82910321714033,83.76549191710748,13,0.7692307692307693,20.0,75.76702702134205,0.15
2025-03-17,6526,615.0,65.7466718574542,69.74064855374316,13,0.7692307692307693,20.0,72.23608677259513,0.15
2026-07-17,6526,563.0,99.59299959299959,70.39770936608588,18,0.7222222222222222,20.0,81.143993886088,0.15
2026-07-20,6526,548.0,96.75324675324676,87.60944631261411,18,0.7222222222222222,20.0,84.59500227079423,0.15
2026-07-28,6526,532.0,98.9648033126294,86.01462975519041,18,0.7222222222222222,20.0,84.85976509925308,0.15
2026-07-29,6526,507.0,95.48756328417346,89.60980997639797,18,0.7222222222222222,20.0,84.7153881460182,0.15
2026-07-30,6526,493.0,94.36234263820471,90.37048356717537,18,0.7222222222222222,20.0,84.56799034992193,0.15
2024-12-27,6530,69.0,97.80952380952381,67.39595046950232,33,0.6666666666666666,20.0,78.19184476023273,0.15
2024-12-30,6530,68.2,98.71388998812822,76.6554633288463,33,0.6666666666666666,20.0,80.77803282865004,0.15
2025-01-02,6530,68.5,90.8008658008658,66.78714512051238,33,0.6666666666666666,20.0,75.93704602038783,0.15
2025-01-08,6530,67.0,90.61032863849765,75.733819244355,33,0.6666666666666666,20.0,78.11655340263805,0.15
2025-01-09,6530,64.2,90.12866015971605,85.85491133444579,33,0.6666666666666666,20.0,80.50232588152626,0.15
2025-01-14,6530,65.4,92.53246753246754,66.53346659122077,33,0.6666666666666666,20.0,76.39310690754544,0.15
2025-01-15,6530,64.5,92.03958691910499,76.59691260604038,33,0.6666666666666666,20.0,78.76110422724159,0.15
2021-05-04,6531,319.5,94.55081001472755,83.9577104743388,15,0.8,20.0,85.35467062300296,0.2
2021-05-05,6531,307.0,95.56375236766026,89.38921286758548,15,0.8,20.0,87.01642892719445,0.2
2021-05-06,6531,304.5,97.43799959007993,89.76467620727163,15,0.8,20.0,87.67256892884188,0.2
2021-05-11,6531,300.0,96.46190134345196,86.69845309651404,15,0.8,20.0,86.6131836771641,0.2
2021-05-13,6531,296.0,94.5995516608926,82.86809730496502,15,0.8,20.0,85.09688982450903,0.2
2021-05-14,6531,286.5,93.90059481802601,84.96486245160303,15,0.8,20.0,85.41139405830856,0.2
2021-05-17,6531,259.0,91.45962732919254,91.11170520424349,15,0.8,20.0,86.21581449981863,0.2
2021-08-16,6531,304.0,99.72632731253421,84.79003037156063,17,0.7647058823529411,20.0,86.05658225723866,0.2
2021-08-17,6531,292.5,97.30146491904395,86.709257047102,17,0.7647058823529411,20.0,85.80893020807692,0.2
2021-08-19,6531,290.5,93.83774515057335,82.63187461037545,17,0.7647058823529411,20.0,83.7504686683541,0.2
2021-08-20,6531,293.0,94.0119760479042,71.79188058025552,17,0.7647058823529411,20.0,81.09273943002337,0.2
2022-01-13,6531,422.0,98.4878135563067,90.23428983226493,19,0.7894736842105263,20.0,87.78912705127402,0.2
2022-01-14,6531,411.5,96.85825170948068,92.3185719734595,19,0.7894736842105263,20.0,87.82132903252486,0.2
2022-01-17,6531,414.5,93.16264183881292,82.98533838249952,19,0.7894736842105263,20.0,84.37933767358453,0.2
2022-01-24,6531,410.0,87.35427781070935,70.9782445936127,19,0.7894736842105263,20.0,79.63505501793176,0.2
2022-01-25,6531,396.0,79.63659147869674,82.17781837143721,19,0.7894736842105263,20.0,80.11964256278412,0.2
2022-01-26,6531,395.0,80.78155028827675,81.36244572221025,19,0.7894736842105263,20.0,80.25928704335138,0.2
2022-02-07,6531,394.0,83.57705286839145,80.86216192748374,19,0.7894736842105263,20.0,80.97286686870416,0.2
2019-09-23,6533,116.0,82.91998555278477,77.0662911963804,13,0.6923076923076923,20.0,76.9117992341613,0.15
2019-09-25,6533,116.5,79.29816072612063,65.67619971753517,13,0.6923076923076923,20.0,72.97772891645076,0.15
2019-09-27,6533,115.5,75.86507600348146,73.98218331623535,13,0.6923076923076923,20.0,74.02429939933404,0.15
2019-10-01,6533,115.5,77.81504465078244,72.12129700242141,13,0.6923076923076923,20.0,74.14406841507085,0.15
2019-11-11,6533,114.5,89.321365799142,87.92669804521618,13,0.6923076923076923,20.0,81.54731502027741,0.15
2019-11-14,6533,115.0,91.30208481692817,76.46162743687475,13,0.6923076923076923,20.0,79.2752630735279,0.15
2019-11-20,6533,114.5,72.13058888412208,76.71895843329692,14,0.7142857142857143,20.0,74.24748770213228,0.15
2020-02-10,6533,115.0,94.16342412451363,74.37717895715971,17,0.7647058823529411,20.0,81.78449844723225,0.15
2020-02-24,6533,114.0,88.73513361696668,75.56659723770905,17,0.7647058823529411,20.0,80.4533658651055,0.15
2020-02-25,6533,114.0,89.60386014367423,75.50435065587207,17,0.7647058823529411,20.0,80.69842217765851,0.15
2020-02-26,6533,113.0,88.84079737060384,86.34844795416498,17,0.7647058823529411,20.0,83.18052767031062,0.15
2020-02-27,6533,106.5,93.61908044127935,92.65965009701588,17,0.7647058823529411,20.0,86.19181312722601,0.15
2020-03-02,6533,103.5,92.4958310172318,94.83381094738371,17,0.7647058823529411,20.0,86.3983785126037,0.15
2020-03-04,6533,106.0,93.21021184139055,71.96825916392481,17,0.7647058823529411,20.0,80.8963048139866,0.15
2020-03-06,6533,105.5,91.44728742771832,70.72075183668045,17,0.7647058823529411,20.0,80.05555065807384,0.15
2020-03-09,6533,100.5,84.81439820022497,91.7098832163665,17,0.7647058823529411,20.0,83.31296673474735,0.15
2020-03-10,6533,100.5,86.40832851359167,88.40909049835015,17,0.7647058823529411,20.0,82.96594764925327,0.15
2020-03-11,6533,102.5,88.0,67.96379908889844,17,0.7647058823529411,20.0,78.33212624281285,0.15
2020-03-12,6533,92.30000305175781,80.83623814949563,94.93134740195151,17,0.7647058823529411,20.0,82.9248847659248,0.15
2020-03-13,6533,85.4000015258789,78.22488934556344,98.06650345055415,17,0.7647058823529411,20.0,82.9252691368958,0.15
2020-08-20,6533,118.5,97.10815500289185,88.99114328998417,21,0.7142857142857143,20.0,84.80880375193502,0.15
2021-05-05,6533,385.0,98.25272574783338,86.81673642767265,23,0.7391304347826086,20.0,85.35391487474644,0.15
2021-05-06,6533,380.0,99.85699985699986,90.781018470928,23,0.7391304347826086,20.0,86.82626761831023,0.15
2021-05-10,6533,393.0,99.64744041743054,67.91346593758831,23,0.7391304347826086,20.0,81.04651165310449,0.15
2021-05-11,6533,354.0,97.14285714285714,89.49963551720244,23,0.7391304347826086,20.0,85.69167906563601,0.15
2021-05-12,6533,362.0,98.2312925170068,77.86895617482297,23,0.7391304347826086,20.0,83.11053984228604,0.15
2021-05-13,6533,366.0,95.74453119504818,70.55323763528985,23,0.7391304347826086,20.0,80.53558181081517,0.15
2021-05-14,6533,364.0,96.11032531824611,71.09393432830949,23,0.7391304347826086,20.0,80.78049422102947,0.15
2021-05-17,6533,335.5,95.31730500419346,86.52779751547034,23,0.7391304347826086,20.0,84.40105392360388,0.15
2021-09-09,6533,450.5,92.72319165882269,83.95461475611833,25,0.76,20.0,83.60561118667638,0.15
2021-09-10,6533,457.5,93.93565255283607,68.03527308863701,25,0.76,20.0,79.98951403801007,0.15
2021-09-13,6533,457.5,94.40421329822252,65.76909806387874,25,0.76,20.0,79.56353850543644,0.15
2021-09-22,6533,456.5,96.0212201591512,66.37073396493881,25,0.76,20.0,80.19904953898006,0.15
2021-09-23,6533,448.0,96.27263045793397,77.82839804968124,25,0.76,20.0,83.13888864980049,0.15
2021-09-24,6533,438.0,94.99545040946315,81.72822886461032,25,0.76,20.0,83.73069233899152,0.15
2021-09-27,6533,428.5,94.81963245859487,84.64263452506441,25,0.76,20.0,84.40654836884455,0.15
2021-09-28,6533,415.5,93.01939476265942,88.56009809653749,25,0.76,20.0,84.8458429529322,0.15
2021-09-29,6533,383.5,90.16429676563766,92.92861441570275,25,0.76,20.0,85.08144263361699,0.15
2021-09-30,6533,398.0,92.46565223814449,74.76604034852512,25,0.76,20.0,81.23120575857463,0.15
2022-01-13,6533,428.5,97.76917248926677,83.25182241959772,29,0.7931034482758621,20.0,85.93681079995531,0.15
2022-01-14,6533,423.0,95.08874719972428,87.2848830977121,29,0.7931034482758621,20.0,86.14094838262116,0.15
2022-01-19,6533,430.5,94.17350021579628,66.83011143625896,29,0.7931034482758621,20.0,80.75268137207948,0.15
2022-01-21,6533,420.5,88.31007200640057,79.14008744884161,29,0.7931034482758621,20.0,82.07114691240643,0.15
2022-01-25,6533,401.0,88.96856039713182,83.41442001796497,29,0.7931034482758621,20.0,83.33727657190664,0.15
2023-04-13,6533,493.0,99.28318153224936,74.9447188386561,43,0.6744186046511628,20.0,80.75369230887372,0.15
2023-04-18,6533,498.0,96.74251861736946,65.74842888914482,43,0.6744186046511628,20.0,77.69242094703192,0.15
2023-04-19,6533,497.5,95.13761236218286,65.78329704562957,43,0.6744186046511628,20.0,77.21966610959714,0.15
2023-04-20,6533,477.5,90.3188932072971,87.30278684553863,43,0.6744186046511628,20.0,81.15392281310868,0.15
2023-04-21,6533,477.0,89.45650253859205,85.2921735892655,43,0.6744186046511628,20.0,80.39255229842888,0.15
2023-04-24,6533,458.0,93.61207897793264,91.64977295709035,43,0.6744186046511628,20.0,83.22862507218727,0.15
2023-04-25,6533,442.0,91.58325750682438,94.20503370612708,43,0.6744186046511628,20.0,83.25879381811397,0.15
2023-04-26,6533,441.5,91.40580535002846,94.28105276344242,43,0.6744186046511628,20.0,83.22456293540402,0.15
2023-04-27,6533,446.5,90.63326054476497,81.23860515840244,43,0.6744186046511628,20.0,79.73218759256498,0.15
2023-05-03,6533,441.5,83.10002251491613,83.22081636987126,43,0.6744186046511628,20.0,77.96776898647754,0.15
2023-05-04,6533,434.5,80.4717250028503,85.93078631762435,43,0.6744186046511628,20.0,77.85677221979607,0.15
2023-05-08,6533,438.0,79.16365280289331,73.85063489239737,43,0.6744186046511628,20.0,74.44431270350222,0.15
2023-08-02,6533,426.0,98.54967367657723,73.91387453428925,46,0.6739130434782609,20.0,80.26076204089331,0.15
2023-08-04,6533,425.0,97.55799755799757,75.54242205869573,46,0.6739130434782609,20.0,80.37039608642104,0.15
2023-08-08,6533,422.5,98.43937575030012,77.50689104583007,46,0.6739130434782609,20.0,81.12592679089538,0.15
2023-08-09,6533,415.0,97.85714285714286,85.7976251963257,46,0.6739130434782609,20.0,83.0239404605721,0.15
2023-08-10,6533,389.5,96.49859943977592,90.47046690200644,46,0.6739130434782609,20.0,83.78458786178221,0.15
2023-08-16,6533,400.0,89.56799214531173,65.52683542614353,46,0.6739130434782609,20.0,75.46949780447723,0.15
2024-03-08,6533,453.5,98.24195858835786,75.123315666255,53,0.660377358490566,20.0,80.06473724778809,0.15
2024-03-11,6533,450.5,99.01250822909809,83.00486912088404,53,0.660377358490566,20.0,82.26629050366742,0.15
2024-03-12,6533,446.0,95.94923035376722,83.87770226011833,53,0.660377358490566,20.0,81.56551542587673,0.15
2024-03-13,6533,423.0,94.76057832603794,90.18919129132479,53,0.660377358490566,20.0,82.78679207535956,0.15
2024-03-14,6533,424.0,94.68932554434413,84.89466197632923,53,0.660377358490566,20.0,81.44178391210252,0.15
2024-03-15,6533,428.0,93.67769706752757,74.26647203045948,53,0.660377358490566,20.0,78.48124788259011,0.15
2024-03-18,6533,429.0,93.30990674415462,69.6506649779125,53,0.660377358490566,20.0,77.2169590224415,0.15
2024-03-19,6533,421.5,92.03373945641987,84.12476002956907,53,0.660377358490566,20.0,80.45263259903521,0.15
2024-03-20,6533,422.0,92.34693877551021,80.06012797313026,53,0.660377358490566,20.0,79.53043438065261,0.15
2024-04-08,6533,423.0,87.24340127279204,67.51174527207424,53,0.660377358490566,20.0,74.86227745457316,0.15
2024-04-09,6533,422.5,85.87839412214032,68.78244347901169,53,0.660377358490566,20.0,74.770449861112,0.15
2024-04-12,6533,422.0,89.1600440320577,68.3953617286471,53,0.660377358490566,20.0,75.65817439649607,0.15
2024-04-15,6533,406.5,90.10197180392242,86.34127539450387,53,0.660377358490566,20.0,80.42723114451968,0.15
2024-04-16,6533,405.0,89.43398977486275,86.7201227159921,53,0.660377358490566,20.0,80.32154836617383,0.15
2024-04-17,6533,401.0,87.82089200918178,87.75321637501476,53,0.660377358490566,20.0,80.09589245122521,0.15
2024-04-18,6533,393.0,86.71734161377832,89.73536707823644,53,0.660377358490566,20.0,80.2603650084096,0.15
2024-04-19,6533,389.5,89.40595346418823,90.5702866565384,53,0.660377358490566,20.0,81.27567845810805,0.15
2023-10-13,6538,141.0,95.15072083879423,78.88668018127923,48,0.6666666666666666,20.0,80.26688629695808,0.12
2023-10-16,6538,141.5,96.53518123667376,71.05321426953556,48,0.6666666666666666,20.0,78.72385793838602,0.12
2023-10-17,6538,141.0,97.82726778924497,73.56196997248772,48,0.6666666666666666,20.0,79.73867282989542,0.12
2023-10-18,6538,138.0,99.44413563090606,88.34759237715875,48,0.6666666666666666,20.0,83.9201387835615,0.12
2023-10-19,6538,138.5,97.86992331723943,82.36313226350805,48,0.6666666666666666,20.0,81.95176006104883,0.12
2023-10-20,6538,133.0,94.59305634604439,92.38955168925537,48,0.6666666666666666,20.0,83.47530482612716,0.12
2023-10-23,6538,135.5,97.80893952673094,74.5644899905707,48,0.6666666666666666,20.0,79.98380435566196,0.12
2023-10-24,6538,135.5,98.96049896049897,72.09581780384268,48,0.6666666666666666,20.0,79.71210413911035,0.12
2023-10-25,6538,134.5,94.3609022556391,76.3033129030429,48,0.6666666666666666,20.0,79.38409890245245,0.12
2023-10-26,6538,131.0,93.93090569561159,86.75930538237479,48,0.6666666666666666,20.0,81.86909805427717,0.12
2023-10-27,6538,131.0,93.42105263157895,84.39011106306818,48,0.6666666666666666,20.0,81.12384355524073,0.12
2023-10-30,6538,132.5,92.7307206068268,72.03363313441369,48,0.6666666666666666,20.0,77.82762446565145,0.12
2023-10-31,6538,128.5,88.55207997420187,85.31658779879218,48,0.6666666666666666,20.0,79.89477094195861,0.12
2023-11-01,6538,130.5,90.9688013136289,71.7085604177079,48,0.6666666666666666,20.0,77.21778049851564,0.12
2024-01-25,6538,137.5,97.25399944691347,73.17651846723842,50,0.68,20.0,79.87032945088364,0.12
2024-01-26,6538,137.5,96.79793531305634,73.02980895932365,50,0.68,20.0,79.6968328337478,0.12
2024-01-29,6538,139.0,93.79385722950926,72.3774256497454,50,0.68,20.0,78.63251358128912,0.12
2024-01-30,6538,138.0,93.45615125555595,77.47074800325049,50,0.68,20.0,79.8045323774794,0.12
2024-01-31,6538,138.0,88.06163686254274,76.42506655214268,50,0.68,20.0,77.92475769679848,0.12
2024-02-01,6538,137.0,86.82094752398676,83.8124865633743,50,0.68,20.0,79.3994058980396,0.12
2024-02-02,6538,135.5,84.08742778708908,86.94523165879761,50,0.68,20.0,79.36253625082612,0.12
2024-07-15,6538,157.0,100.0,82.46088641578078,55,0.6909090909090909,20.0,83.34249433121792,0.15
2024-07-16,6538,156.5,99.5227489659561,81.15406758527271,55,0.6909090909090909,20.0,82.87261431337774,0.15
2024-07-18,6538,157.5,97.60306807286673,69.00018635542429,55,0.6909090909090909,20.0,79.25823973798882,0.15
2024-07-19,6538,156.0,96.47661755285074,76.7635199263755,55,0.6909090909090909,20.0,80.86113797472183,0.15
2024-07-22,6538,146.0,94.12492269635126,87.87997889754377,55,0.6909090909090909,20.0,82.93474426056405,0.15
2024-07-23,6538,149.0,95.25848883450597,70.21348074105323,55,0.6909090909090909,20.0,78.85818956288782,0.15
2024-07-26,6538,148.5,95.54531490015361,70.81034925486294,55,0.6909090909090909,20.0,79.09345451103454,0.15
2024-07-29,6538,142.5,92.36874236874237,85.37875683867671,55,0.6909090909090909,20.0,81.78258464756462,0.15
2024-08-05,6538,138.0,89.36807427373465,89.31906781719718,55,0.6909090909090909,20.0,81.86746196369242,0.15
2024-08-06,6538,141.5,88.49878934624698,69.9797527533782,55,0.6909090909090909,20.0,76.77184771949138,0.15
2022-08-02,6541,155.7197723388672,95.9110676491529,77.21924291047553,50,0.66,20.0,79.87813102236476,0.12
2022-08-03,6541,144.9956817626953,93.83863111601545,89.80927112505958,50,0.66,20.0,82.40390711606953,0.12
2022-08-04,6541,139.1194610595703,93.44494518308167,91.19775845011101,50,0.66,20.0,82.63292316745225,0.12
2022-08-05,6541,142.0575714111328,96.19089729547852,81.42265876421001,50,0.66,20.0,81.01293387969606,0.12
2022-08-08,6541,135.15301513671875,95.10593660866876,91.02333467959068,50,0.66,20.0,83.08761465249829,0.12
2022-08-09,6541,141.02923583984375,96.81450706702404,67.22966283132101,50,0.66,20.0,77.65176782793746,0.12
2022-08-10,6541,138.97254943847656,96.08610458747393,72.76226965584097,50,0.66,20.0,78.81639879020241,0.12
2024-10-16,6546,158.0,95.6734693877551,74.71356092694236,16,0.6875,20.0,80.00543104806212,0.2
2024-10-18,6546,153.0,94.38202247191012,87.23376507866848,16,0.6875,20.0,82.74804801124016,0.2
2024-11-05,6546,123.5,94.81909291659589,66.58468914023577,16,0.6875,20.0,77.71690016003771,0.2
2025-03-13,6546,126.0,93.8232499208109,86.96728008391116,22,0.7272727272727273,20.0,83.70697681540287,0.2
2025-03-27,6546,125.0,94.018296973962,81.6330297599868,22,0.7272727272727273,20.0,82.43192835036712,0.15
2025-03-28,6546,119.5,92.90902801798686,88.95480093633637,22,0.7272727272727273,20.0,83.92959045766196,0.15
2025-04-01,6546,108.0,84.3205574912892,93.88007316683444,22,0.7272727272727273,20.0,82.58436735727719,0.15
2022-02-24,6547,230.0,99.61285327138985,86.41418963538194,22,0.6818181818181818,20.0,83.9419488448079,0.15
2022-02-25,6547,233.5,99.31224209078404,72.60532494670584,22,0.6818181818181818,20.0,80.39954931845712,0.15
2022-03-08,6547,232.0,98.7535953978907,73.90535723767638,22,0.6818181818181818,20.0,80.55696338333176,0.15
2022-05-05,6547,234.0,95.30233678631654,67.9185287842881,23,0.6956521739130435,20.0,78.43989844935828,0.15
2022-05-06,6547,233.5,94.67312348668281,70.91720876670762,23,0.6956521739130435,20.0,79.00080445507305,0.15
2022-05-09,6547,222.5,94.22799422799423,92.94689710621515,23,0.6956521739130435,20.0,84.37468776234336,0.15
2022-05-10,6547,215.0,92.22065063649222,95.2491533541332,23,0.6956521739130435,20.0,84.34804874687227,0.15
2022-05-11,6547,210.5,91.49382428338383,96.49029134761095,23,0.6956521739130435,20.0,84.44028533930918,0.15
2023-07-31,6547,57.0,69.78868465333983,84.73529710281903,42,0.6666666666666666,20.0,74.1204296717067,0.15
2023-08-01,6547,57.0,65.93625436436655,82.15044889466863,42,0.6666666666666666,20.0,72.31848853297711,0.15
2024-01-04,6547,67.7,68.04677623261695,72.80511467265737,46,0.6739130434782609,20.0,70.83270284229725,0.15
2024-01-11,6547,65.3,68.68541410878558,87.78317339027261,46,0.6739130434782609,20.0,74.76880888455165,0.15
2024-01-18,6547,65.4,75.5152236715814,80.58272804809808,46,0.6739130434782609,20.0,75.01764041784676,0.15
2024-01-19,6547,63.1,76.89118468790709,88.21150371769421,46,0.6739130434782609,20.0,77.33762264014351,0.15
2024-01-22,6547,63.0,73.54928389732102,88.38842114850797,46,0.6739130434782609,20.0,76.37928176067112,0.15
2024-01-23,6547,63.3,71.89262030452555,78.58188932677807,47,0.6595744680851063,20.0,73.00049246560538,0.15
2024-01-24,6547,63.1,71.22974692130234,80.72464668409725,47,0.6595744680851063,20.0,73.3373197899682,0.15
2024-01-25,6547,61.4,71.24876243822405,90.89034897773251,47,0.6595744680851063,20.0,75.88445001845353,0.15
2024-01-26,6547,60.9,67.62486209925943,91.26802823345137,47,0.6595744680851063,20.0,74.89169973069386,0.15
2024-01-29,6547,61.3,67.2736188730859,79.95319565879932,47,0.6595744680851063,20.0,71.95761861917879,0.15
2023-07-17,6548,36.8,89.53974895397491,66.07867762243029,16,0.75,20.0,77.88159409180004,0.15
2021-01-21,6576,81.0,79.26839540179623,72.94122545605751,22,0.7272727272727273,20.0,75.83400680273508,0.15
2021-01-22,6576,81.1,77.9212241848508,72.13314937766775,22,0.7272727272727273,20.0,75.227836418054,0.15
2021-01-29,6576,81.2,93.03818974486609,73.66680323637206,22,0.7272727272727273,20.0,80.14633955073467,0.15
2021-02-01,6576,81.2,88.72262653142003,71.29291361843525,22,0.7272727272727273,20.0,78.25819818221663,0.15
2021-02-02,6576,81.3,83.02561563575975,66.43618032354327,22,0.7272727272727273,20.0,75.33491158979555,0.15
2021-02-03,6576,81.2,82.39812842657233,67.88774032581915,22,0.7272727272727273,20.0,75.5095554276083,0.15
2021-05-06,6576,82.8,98.36244541484716,74.99312766045938,25,0.76,20.0,83.057015539569,0.2
2021-05-11,6576,81.7,99.80992929369725,79.32024813454855,25,0.76,20.0,84.5730408217463,0.2
2021-05-12,6576,81.6,99.84802431610943,79.32671658325779,25,0.76,20.0,84.58608644064728,0.2
2021-05-13,6576,81.3,100.0,81.02054982871185,25,0.76,20.0,85.05513745717796,0.2
2021-05-14,6576,79.6,99.39786241156104,84.56700606510626,25,0.76,20.0,85.76111023974487,0.2
2021-08-23,6576,83.9,76.7968750735051,86.46162293150233,27,0.7777777777777778,20.0,79.98780158826045,0.2
2021-08-24,6576,82.9,76.98300906154356,87.69177219877218,27,0.7777777777777778,20.0,80.35117910148944,0.2
2021-08-25,6576,82.8,73.43254749930033,86.8359709425216,27,0.7777777777777778,20.0,79.07209031875382,0.2
2021-08-26,6576,84.0,76.6011032089032,67.41327988430088,27,0.7777777777777778,20.0,75.16698426707951,0.2
2021-08-27,6576,83.4,75.9302511155573,72.97835578175074,27,0.7777777777777778,20.0,76.35699761343821,0.2
2021-08-30,6576,81.9,70.19800618202879,83.32346106443579,27,0.7777777777777778,20.0,77.22360045405091,0.2
2022-04-27,6576,111.5,87.70899450606495,79.54224527846806,30,0.7333333333333333,20.0,80.1982596714365,0.2
2022-04-28,6576,112.0,84.01782071089961,67.56455216061738,30,0.7333333333333333,20.0,76.09648425342422,0.2
2022-05-12,6576,112.0,81.81437927914499,67.92448786543176,30,0.7333333333333333,20.0,75.52543575010144,0.2
2022-05-17,6576,111.5,79.17373592074877,73.46896771788177,30,0.7333333333333333,20.0,76.11936270569507,0.2
2022-05-24,6576,111.5,65.89727233932025,68.20398987869379,30,0.7333333333333333,20.0,70.82017917146952,0.2
2022-07-15,6576,110.0,96.20991253644314,80.95367713048026,33,0.7575757575757576,20.0,83.82866577082572,0.15
2022-07-18,6576,110.5,95.59082892416225,72.9895590066434,33,0.7575757575757576,20.0,81.65191115618225,0.15
2022-07-19,6576,110.5,96.1470065204505,71.00883075737946,33,0.7575757575757576,20.0,81.32358237275274,0.15
2022-08-03,6576,100.5,88.50039512099943,93.29941512182353,34,0.7647058823529411,20.0,84.81614878734395,0.15
2022-08-04,6576,99.9,91.13216715257532,93.71545151973567,34,0.7647058823529411,20.0,85.70968949629474,0.15
2022-08-05,6576,100.0,92.55952380952381,91.3762884827795,34,0.7647058823529411,20.0,85.55310573414025,0.15
2022-08-08,6576,100.0,91.98230505386884,89.95184187913549,34,0.7647058823529411,20.0,85.02382845653275,0.15
2022-08-09,6576,100.5,89.4061690176799,79.62778200237919,34,0.7647058823529411,20.0,81.669972676487,0.15
2023-04-20,6576,95.6,83.12824538099264,66.74822499785799,44,0.6590909090909091,20.0,73.39825713648956,0.15
2023-04-21,6576,92.6,84.28571428571428,90.85944810595105,44,0.6590909090909091,20.0,79.77330358492931,0.15
2023-04-24,6576,93.0,85.0,82.92921201375896,44,0.6590909090909091,20.0,78.005030276167,0.15
2023-04-25,6576,90.0,83.6522911051213,93.72596633109842,44,0.6590909090909091,20.0,80.29990618703826,0.15
2023-04-26,6576,89.9,83.29512051734275,92.12883635788643,44,0.6590909090909091,20.0,79.7934725174017,0.15
2023-04-27,6576,91.1,82.442607351017,78.72494784341094,44,0.6590909090909091,20.0,76.18674643888511,0.15
2023-04-28,6576,92.1,83.45752254390128,68.67091070939168,44,0.6590909090909091,20.0,73.97771171324557,0.15
2023-05-03,6576,91.1,72.5363196125908,73.23469602885051,44,0.6590909090909091,20.0,71.84229716371713,0.15
2023-05-04,6576,91.5,71.68533480230138,67.34515722384862,44,0.6590909090909091,20.0,70.11461701937984,0.15
2024-08-01,6577,105.0,91.49659863945578,94.41252765546348,12,0.6666666666666666,20.0,83.0521115057026,0.15
2024-08-02,6577,99.5,88.54314002828855,95.34072844457519,12,0.6666666666666666,20.0,82.39812411963035,0.15
2024-08-05,6577,91.0,87.15114672561481,96.70758669015274,12,0.6666666666666666,20.0,82.32224069022263,0.15
2024-08-06,6577,88.6,86.83559610839333,97.08503900851936,12,0.6666666666666666,20.0,82.32193858464784,0.15
2024-08-07,6577,92.3,88.59221972971494,82.99651131720174,12,0.6666666666666666,20.0,79.32679374821491,0.15
2024-08-08,6577,90.0,88.52333588370314,87.29696265042503,12,0.6666666666666666,20.0,80.3812414277172,0.15
2024-08-09,6577,90.9,88.92284186401834,81.34752268487426,12,0.6666666666666666,20.0,79.01373323042407,0.15
2024-08-12,6577,91.5,88.79658979123401,74.87431043898746,12,0.6666666666666666,20.0,77.35755454711706,0.15
2024-08-05,6579,140.03256225585938,96.88208651012103,91.21638989251232,28,0.6785714285714286,20.0,84.22586628330724,0.12
2024-08-06,6579,141.93775939941406,97.32318715608615,80.52085082297731,28,0.6785714285714286,20.0,81.68431170971303,0.12
2024-08-08,6579,142.4140625,98.19694994203259,70.58008904207172,28,0.6785714285714286,20.0,79.46125010027056,0.12
2026-07-17,6584,579.0,89.52246625025187,69.32414571119281,15,0.8666666666666667,20.0,82.18777630287376,0.15
2026-07-20,6584,540.0,86.84602402462028,87.73518469688388,15,0.8666666666666667,20.0,85.98760338160704,0.15
2026-07-21,6584,541.0,89.75132660493185,85.12890572622685,15,0.8666666666666667,20.0,86.20762441303626,0.15
2026-07-22,6584,552.0,90.44520194194814,71.05651859736487,15,0.8666666666666667,20.0,82.89769023192565,0.15
2026-07-24,6584,536.0,90.97856081511357,83.15207978496927,15,0.8666666666666667,20.0,86.08158819077639,0.15
2026-07-27,6584,519.0,90.14054961191525,84.87131661932074,15,0.8666666666666667,20.0,86.25999403840476,0.15
2026-07-28,6584,482.0,89.78102189781022,90.06268289331273,15,0.8666666666666667,20.0,87.44997729267125,0.15
2021-02-05,6591,55.63799285888672,99.66386442425599,80.7203264466691,35,0.6571428571428571,20.0,81.79352665322978,0.12
2021-05-17,6591,55.53916931152344,99.13419883037496,90.57249114827019,37,0.6756756756756757,20.0,84.6536527064503,0.12
2026-07-28,6658,144.5,99.29834409205725,77.42030154280428,29,0.6896551724137931,20.0,81.83423378573204,0.12
2026-07-29,6658,138.0,99.2289359315856,83.33196814206258,29,0.6896551724137931,20.0,83.29132798740511,0.12
2026-07-30,6658,130.0,96.1734693877551,88.69925563811015,29,0.6896551724137931,20.0,83.71650989826786,0.12
2019-05-13,6668,72.06683349609375,96.11066577448588,92.56904970886205,13,0.6923076923076923,20.0,84.74469292879203,0.15
2019-05-14,6668,70.31148529052734,95.3194970431108,94.05516002596745,13,0.6923076923076923,20.0,84.87886988865587,0.15
2019-05-15,6668,71.28668212890625,94.95638301927113,82.42216464933841,13,0.6923076923076923,20.0,81.8616868373467,0.15
2019-05-16,6668,68.16606140136719,93.470150381888,94.40640982933748,13,0.6923076923076923,20.0,84.41187834113154,0.15
2019-05-17,6668,65.240478515625,92.69256119912848,96.54602677654998,13,0.6923076923076923,20.0,84.7135058231068,0.15
2019-05-20,6668,64.75287628173828,92.32585350249938,96.3928991981557,13,0.6923076923076923,20.0,84.56521161951952,0.2
2019-05-21,6668,66.60575103759766,87.79473197584224,72.50221735329745,13,0.6923076923076923,20.0,77.2332047003078,0.2
2020-03-09,6668,69.62885284423828,91.67423520376296,79.5329526487817,21,0.7619047619047619,20.0,82.24265158046717,0.15
2020-03-12,6668,67.28838348388672,90.61516939414219,89.45649481736857,21,0.7619047619047619,20.0,84.40581737972765,0.15
2020-03-13,6668,61.1446647644043,87.18611102180165,94.85789548074312,21,0.7619047619047619,20.0,84.72745003386913,0.15
2020-03-20,6668,45.44403839111328,80.3135961193598,85.44149425042278,21,0.7619047619047619,20.0,80.3115952555565,0.15
2020-08-20,6668,51.295204162597656,95.00369967768239,91.07639964120821,24,0.7083333333333334,20.0,84.52020981360677,0.15
2020-08-20,6669,753.0,92.2015182884748,75.6721249624731,12,0.9166666666666666,20.0,86.07848672716071,0.2
2020-09-09,6669,665.0,91.15777839182094,89.05890087691273,12,0.9166666666666666,20.0,89.11205873677446,0.2
2020-09-10,6669,677.0,88.92360124964499,74.40872262246525,12,0.9166666666666666,20.0,84.7792610305098,0.2
2020-09-11,6669,660.0,88.98365316275763,88.43158652773326,12,0.9166666666666666,20.0,88.3029925807606,0.2
2021-05-14,6669,808.0,97.4306269270298,77.53703412657299,20,0.8,20.0,84.61344660975219,0.15
2021-05-17,6669,783.0,93.99882903981265,86.43829101704064,20,0.8,20.0,85.80922146620395,0.15
2021-08-13,6669,859.0,88.64513174527843,73.1272601998461,21,0.8095238095238095,20.0,81.16106885925933,0.15
2021-08-16,6669,859.0,88.83380439732512,80.08032933656663,21,0.8095238095238095,20.0,82.95593793905348,0.15
2021-08-17,6669,837.0,90.25383685509405,92.98610289545351,21,0.8095238095238095,20.0,86.60839106610587,0.15
2021-10-01,6669,855.0,81.40713190245764,73.50841746684597,21,0.8095238095238095,20.0,79.08495822316306,0.15
2021-10-04,6669,828.0,81.69588176040081,88.80937393210223,21,0.8095238095238095,20.0,82.99682229686007,0.15
2022-02-24,6669,977.0,85.33929933764196,74.36933974962687,25,0.8,20.0,80.1941247386993,0.2
2022-03-01,6669,969.0,84.75767518326899,78.03707891193804,25,0.8,20.0,80.9365722829652,0.2
2022-03-02,6669,964.0,83.15969128941376,79.01063599285554,25,0.8,20.0,80.70056638503802,0.2
2022-03-03,6669,933.0,83.85083005140808,88.31156771667163,25,0.8,20.0,83.23314094459033,0.2
2022-03-04,6669,924.0,80.31928829839474,89.36743442588806,25,0.8,20.0,82.43764509599043,0.2
2022-03-07,6669,909.0,77.11022659331809,91.0622497252354,25,0.8,20.0,81.89863040930427,0.2
2022-03-08,6669,897.0,78.86869916447307,92.34807347109808,25,0.8,20.0,82.74762811711643,0.2
2022-05-24,6669,883.0,93.48867297001902,86.52158945688224,28,0.75,20.0,84.17699925522626,0.15
2022-05-25,6669,878.0,93.41698860653752,85.96749744991929,28,0.75,20.0,84.01697094444108,0.15
2022-05-27,6669,808.0,91.81494661921708,78.31788229714236,28,0.75,20.0,81.62395456005072,0.15
2022-10-17,6669,685.0,94.9367088607595,70.73628940205894,35,0.6571428571428571,20.0,77.87937072302829,0.12
2022-10-18,6669,678.0,95.27444565612504,78.56290040504089,35,0.6571428571428571,20.0,79.93734451238345,0.12
2022-10-19,6669,672.0,95.18968959883827,85.27871497129226,35,0.6571428571428571,20.0,81.59087133676026,0.12
2022-10-20,6669,649.0,94.9367088607595,95.31038536501903,35,0.6571428571428571,20.0,84.02289471376831,0.12
2022-10-21,6669,617.0,91.96646873908487,97.94738598609217,35,0.6571428571428571,20.0,83.79107283253421,0.15
2022-10-24,6669,640.0,91.67397020157756,69.05581140498576,35,0.6571428571428571,20.0,76.48042962600542,0.15
2022-10-25,6669,638.0,91.42156862745098,69.00218885233173,35,0.6571428571428571,20.0,76.39130351560394,0.15
2022-10-26,6669,627.0,90.73593073593074,78.23599952135507,35,0.6571428571428571,20.0,78.4940648154037,0.15
2021-08-19,6670,174.0,68.9671133476028,96.75688198455748,12,0.8333333333333334,20.0,81.8793545004202,0.12
2023-04-20,6670,213.5,74.3324432576769,89.97424542605462,21,0.6666666666666666,20.0,76.79329433381672,0.12
2023-04-21,6670,213.5,65.41955617198336,86.56735882885933,21,0.6666666666666666,20.0,73.26770655880983,0.12
2023-07-21,6670,201.0,80.6965960358056,91.12210748755446,23,0.6521739130434783,20.0,78.55472307393464,0.12
2023-07-24,6670,200.0,77.60094913060968,91.60511563608402,23,0.6521739130434783,20.0,77.74678103950825,0.12
2023-07-26,6670,203.5,78.68451288155262,65.31865384414048,23,0.6521739130434783,20.0,71.50023471680525,0.12
2023-07-27,6670,201.0,76.66592320755754,78.56364082297587,23,0.6521739130434783,20.0,74.20590455931557,0.12
2023-07-28,6670,201.0,76.4085683675606,75.4058388153632,23,0.6521739130434783,20.0,73.33924760541332,0.12
2023-07-31,6670,200.0,73.18368244444544,81.85451992291095,23,0.6521739130434783,20.0,73.98395210536572,0.12
2023-08-01,6670,199.0,70.90844238066347,82.53164930819658,23,0.6521739130434783,20.0,73.47066243255253,0.12
2023-08-02,6670,198.0,68.43317891430067,82.46421976485594,23,0.6521739130434783,20.0,72.71122600680853,0.12
2023-08-04,6670,197.5,68.32674246169056,81.77992905047944,23,0.6521739130434783,20.0,72.50822239243138,0.1
2023-08-07,6670,196.5,68.77799900447984,82.19073087998115,23,0.6521739130434783,20.0,72.74629981264358,0.1
2023-08-08,6670,195.5,68.5515873015873,82.5551568379144,23,0.6521739130434783,20.0,72.76948279125914,0.1
2023-08-09,6670,195.0,67.23057644110276,82.19968572581752,23,0.6521739130434783,20.0,72.28431175508955,0.1
2023-08-10,6670,193.0,66.07142857142857,84.3202270542819,23,0.6521739130434783,20.0,72.4667027263034,0.1
2024-07-22,6670,269.5,78.23401463074399,65.3692787863,26,0.6538461538461539,20.0,71.42790870118282,0.1
2024-08-05,6670,259.5,88.81178155816794,85.31682922721033,26,0.6538461538461539,20.0,79.58812638963758,0.1
2024-08-06,6670,262.5,86.47729925083209,72.2965103445587,26,0.6538461538461539,20.0,75.63270197677392,0.1
2025-04-08,6670,290.5,93.52488870902468,90.30573051229048,28,0.6785714285714286,20.0,82.99104209792289,0.1
2025-04-09,6670,261.5,89.79591836734694,94.67533584390492,28,0.6785714285714286,20.0,82.96475232832317,0.1
2022-04-07,6679,378.0,98.1719702098849,84.46399012646233,12,0.8333333333333334,20.0,87.56758859458105,0.2
2022-04-12,6679,371.0,94.14941494149414,71.46182259924919,12,0.8333333333333334,20.0,83.11028013226054,0.2
2022-04-20,6679,365.0,96.86660698299015,74.24049197948229,12,0.8333333333333334,20.0,84.62010508976762,0.2
2022-04-21,6679,366.0,97.61690068272574,68.72939372084731,12,0.8333333333333334,20.0,83.46741863502955,0.2
2022-04-22,6679,359.0,96.28776241679468,79.79281036791177,12,0.8333333333333334,20.0,85.83453131701634,0.2
2022-04-25,6679,351.5,94.71135465783101,83.98035038626396,12,0.8333333333333334,20.0,86.4084939939153,0.2
2022-04-26,6679,351.5,94.50549450549451,81.20909406548363,12,0.8333333333333334,20.0,85.65392186801927,0.2
2022-04-27,6679,351.5,95.28118939883646,78.82062978708889,12,0.8333333333333334,20.0,85.28951426642317,0.2
2022-04-28,6679,345.0,94.98069498069498,84.4401233430364,12,0.8333333333333334,20.0,86.6042393299676,0.2
2022-05-03,6679,351.0,95.79092850860661,66.89424578902327,12,0.8333333333333334,20.0,82.4608399998378,0.2
2022-05-05,6679,345.0,93.35839598997494,78.59363858208597,12,0.8333333333333334,20.0,84.65592844251398,0.2
2022-05-06,6679,332.0,91.64002950577822,88.3015321835158,13,0.8461538461538461,20.0,86.9520072822278,0.2
2022-05-09,6679,314.0,89.74481278321011,92.13751573003951,13,0.8461538461538461,20.0,87.34243815208829,0.2
2023-10-18,6679,328.5,77.67127127859149,83.72813756440327,30,0.6666666666666666,20.0,76.23341577467826,0.15
2024-04-16,6679,397.0,96.18129460373106,87.44994045798904,32,0.6875,20.0,83.34187349561658,0.15
2024-04-19,6679,391.0,94.72598027975235,84.69577961452828,32,0.6875,20.0,82.21673898755778,0.15
2024-04-22,6679,376.0,93.42474991570192,87.32046729590215,32,0.6875,20.0,82.48254179868611,0.15
2024-04-23,6679,371.0,93.3737646001797,88.15276329286039,32,0.6875,20.0,82.67532020326901,0.15
2024-04-30,6679,377.0,95.32278554105555,66.10558522319816,32,0.6875,20.0,77.7482319681162,0.15
2024-05-02,6679,370.5,91.56168290943666,79.85006234881848,32,0.6875,20.0,80.05602046003561,0.15
2024-05-03,6679,373.5,89.65685081528352,68.87582688509606,32,0.6875,20.0,76.74101196585907,0.15
2024-05-06,6679,370.5,90.34083917804848,75.89202814968729,32,0.6875,20.0,78.70025879083637,0.15
2024-05-07,6679,367.5,90.18163966617576,77.66630014353208,32,0.6875,20.0,79.09606693573575,0.15
2024-05-08,6679,369.5,89.4065171602032,70.58275660982217,32,0.6875,20.0,77.0926443005165,0.15
2024-07-22,6679,356.0,95.92302674494455,75.09765050122618,36,0.7222222222222222,20.0,81.21798731545658,0.15
2024-07-26,6679,348.0,94.8080553807426,89.62475230034234,36,0.7222222222222222,20.0,84.51527135597502,0.15
2024-07-29,6679,334.0,93.38054187192118,93.69902023220321,36,0.7222222222222222,20.0,85.10558428629382,0.15
2024-07-30,6679,335.0,94.46954354260788,89.43162201340778,36,0.7222222222222222,20.0,84.36543523280096,0.15
2024-07-31,6679,327.0,92.83402681460933,94.6789666033821,36,0.7222222222222222,20.0,85.18661636189498,0.15
2024-08-02,6679,321.0,93.24226129922977,90.24997800913928,36,0.7222222222222222,20.0,84.20183955872042,0.15
2024-08-05,6679,289.5,89.0320811625994,96.54077171277208,36,0.7222222222222222,20.0,84.5114839436395,0.15
2024-08-06,6679,289.5,90.5793025871766,95.70743837943874,36,0.7222222222222222,20.0,84.76731703767933,0.15
2024-08-07,6679,289.5,91.25799573560768,93.55378720165112,36,0.7222222222222222,20.0,84.43251218776174,0.15
2024-08-08,6679,277.0,90.09486607142857,97.54237367294297,36,0.7222222222222222,20.0,85.08071990633098,0.15
2025-01-02,6679,310.0,89.6753991379217,65.62623749468763,41,0.7073170731707317,20.0,76.52869131017036,0.15
2025-01-03,6679,309.0,87.70301685873503,67.49886702530442,41,0.7073170731707317,20.0,76.40513400906856,0.15
2025-01-09,6679,307.0,79.54498756511799,71.70560239607532,41,0.7073170731707317,20.0,75.00940906367617,0.15
2025-01-10,6679,304.5,78.6377622679095,79.91917008804153,41,0.7073170731707317,20.0,76.79063339750518,0.15
2021-05-12,6683,254.0,90.63492063492063,91.1467875441115,12,1.0,20.0,91.97717307650407,0.2
2021-09-08,6683,306.0,98.1203007518797,65.08422563651595,17,0.9411764705882353,20.0,85.94244075233995,0.2
2021-10-01,6683,298.5,89.608901980036,85.391774482955,17,0.9411764705882353,20.0,88.46590833239661,0.2
2023-08-10,6683,198.0,97.7471508083753,67.06527148214724,38,0.8157894736842105,20.0,82.56414732357571,0.2
2023-08-11,6683,195.0,99.60095770151636,84.3883674998154,38,0.8157894736842105,20.0,87.45106339593508,0.2
2023-08-14,6683,193.0,99.20042643923242,90.05597450041188,38,0.8157894736842105,20.0,88.747805767399,0.2
2023-08-15,6683,195.5,99.60095770151636,72.84319697798819,38,0.8157894736842105,20.0,84.56477076547827,0.2
2023-08-16,6683,195.5,99.73147153598282,69.99860213384545,38,0.8157894736842105,20.0,83.89277620478252,0.2
2023-08-22,6683,189.5,92.35666321842405,82.43914567751365,38,0.8157894736842105,20.0,84.79046959543194,0.2
2023-08-23,6683,189.5,90.01788709639865,80.19662151415652,38,0.8157894736842105,20.0,83.52820571798503,0.2
2023-08-24,6683,191.0,85.78447529884474,69.36307018594422,38,0.8157894736842105,20.0,79.54979434666579,0.2
2023-08-25,6683,190.5,83.07139370423664,70.4212080667728,38,0.8157894736842105,20.0,79.00040433849051,0.2
2024-11-18,6683,334.0,91.87748862267495,70.08894392031824,43,0.813953488372093,20.0,81.50408721804483,0.2
2024-11-20,6683,334.0,87.99970533672169,66.63399832963651,43,0.813953488372093,20.0,79.47701583458843,0.2
2024-11-21,6683,332.0,83.37159898422568,74.54430382677195,43,0.813953488372093,20.0,80.06616030312348,0.2
2024-11-27,6683,321.5,78.67051933284469,82.8228336232324,43,0.813953488372093,20.0,80.72546885682429,0.2
2024-11-28,6683,308.0,80.74118372664688,89.68718849220198,43,0.813953488372093,20.0,83.06275689220735,0.2
2024-11-29,6683,315.0,79.90804702371469,67.16726495825642,43,0.813953488372093,20.0,77.1828349978413,0.2
2024-12-02,6683,314.0,78.32312921112901,66.83758474847912,43,0.813953488372093,20.0,76.62493960162126,0.2
2025-03-27,6683,358.5,99.56999522216914,83.19614400936925,46,0.8260869565217391,20.0,87.45264326464522,0.2
2025-03-28,6683,351.0,98.80233783654307,88.3231962502562,46,0.8260869565217391,20.0,88.50410910917914,0.2
2025-03-31,6683,327.5,95.82041889734197,92.83784684113935,46,0.8260869565217391,20.0,88.7381960751396,0.2
2025-04-02,6683,344.0,93.35881509794552,65.38040668241328,46,0.8260869565217391,20.0,81.13535489563915,0.2
2025-04-07,6683,310.0,87.92224948103416,91.16609762453459,46,0.8260869565217391,20.0,85.95080794609606,0.2
2025-04-08,6683,279.0,86.5812044637093,94.96650888698571,46,0.8260869565217391,20.0,86.49859725651139,0.2
2025-04-09,6683,251.5,84.26604684426962,97.5903885188829,46,0.8260869565217391,20.0,86.46001987865378,0.2
2025-04-10,6683,276.5,88.25042121131506,71.83707456344575,46,0.8260869565217391,20.0,81.21700369990813,0.2
2025-04-11,6683,271.0,87.74250440917108,74.48211477250238,46,0.8260869565217391,20.0,81.7258887115291,0.2
2025-11-18,6683,360.0,90.84208344846643,85.80927606522862,50,0.8,20.0,84.70494405084708,0.2
2025-11-19,6683,359.0,88.89677829588808,86.06088336873331,50,0.8,20.0,84.18425433094976,0.2
2025-11-21,6683,358.0,87.91158745377345,81.39904439944192,50,0.8,20.0,82.72323733599251,0.2
2025-03-31,6691,308.6956481933594,91.3712899744823,73.95459318357192,15,0.6666666666666666,20.0,77.90003528823766,0.15
2025-04-07,6691,287.7470397949219,91.8625667243452,89.02883069995352,15,0.6666666666666666,20.0,81.81597769229194,0.15
2025-04-09,6691,296.44268798828125,92.66702759272593,67.67900573436499,15,0.6666666666666666,20.0,76.71985971140903,0.15
2025-11-12,6691,392.2727355957031,74.24593346108935,85.37930949420559,18,0.6666666666666666,20.0,75.6186074118782,0.15
2025-11-18,6691,392.2727355957031,77.38787489523976,79.28758693921348,18,0.6666666666666666,20.0,75.03825920337529,0.15
2026-03-31,6691,504.5454406738281,97.19276509244115,76.65234034580592,19,0.6842105263157895,20.0,80.8472304036575,0.15
2026-07-30,6691,551.8181762695312,97.78515791018418,88.5639396435217,20,0.7,20.0,84.47653228393568,0.15
2021-10-01,6706,165.5,97.74934849561716,66.98403241555752,12,0.9166666666666666,20.0,85.57081265257452,0.2
2021-10-04,6706,163.5,97.40688354549741,77.55968509468094,12,0.9166666666666666,20.0,88.11198633731945,0.2
2021-10-06,6706,160.0,96.75324675324676,85.45707778308314,12,0.9166666666666666,20.0,89.89024347174481,0.2
2022-03-04,6706,199.5,97.58758128802182,79.78948363394511,15,0.9333333333333333,20.0,89.22364529489282,0.2
2022-03-07,6706,190.5,96.10016420361248,88.10342438946924,15,0.9333333333333333,20.0,90.85590535845105,0.2
2022-03-08,6706,179.0,94.03103859928373,91.75088025907345,15,0.9333333333333333,20.0,91.14703164455348,0.2
2022-03-09,6706,184.5,95.84487534626038,71.22663321135008,15,0.9333333333333333,20.0,86.56012090671562,0.2
2022-03-11,6706,183.5,92.1090387374462,70.81210511551011,15,0.9333333333333333,20.0,85.33573790011138,0.2
2022-03-15,6706,175.0,90.9053750255467,85.27051122720745,15,0.9333333333333333,20.0,88.58924031446587,0.2
2022-03-16,6706,177.0,91.45299145299145,75.72307157071813,15,0.9333333333333333,20.0,86.36666532857697,0.2
2023-05-11,6719,290.5,93.53587588881706,74.63814498081001,15,0.6666666666666666,20.0,78.72029901184762,0.15
2023-05-15,6719,285.0,96.08938547486034,80.50870439257001,15,0.6666666666666666,20.0,80.9539917406006,0.15
2023-05-16,6719,280.0,96.62162162162161,81.8456331621464,15,0.6666666666666666,20.0,81.44789477702308,0.15
2023-06-06,6719,283.5,88.11913157363647,68.73042909209184,15,0.6666666666666666,20.0,75.6183467451139,0.15
2023-06-08,6719,281.0,84.77784463824626,74.59592028281664,15,0.6666666666666666,20.0,76.08233346217804,0.15
2023-07-06,6719,281.0,77.72208243008282,76.58150292958626,15,0.6666666666666666,20.0,74.46200046142141,0.15
2023-07-07,6719,271.5,76.73062371005271,86.19278367900588,15,0.6666666666666666,20.0,76.56738303276728,0.15
2025-11-13,6727,150.0,95.58638083228247,90.9214431053037,15,0.6666666666666666,20.0,83.40627502601066,0.15
2025-11-14,6727,151.0,93.92488954344624,86.5732292782515,15,0.6666666666666666,20.0,81.82077418259675,0.15
2025-11-17,6727,147.0,96.01063829787233,91.51836610009929,15,0.6666666666666666,20.0,83.68278301438652,0.15
2025-11-18,6727,142.0,94.72295514511873,93.17312843583682,15,0.6666666666666666,20.0,83.71016865249481,0.15
2025-11-19,6727,142.5,92.96317717370349,89.04930933252257,15,0.6666666666666666,20.0,82.15128048524168,0.15
2025-11-20,6727,147.0,94.60916442048517,69.72771578937704,15,0.6666666666666666,20.0,77.8146782734898,0.15
2025-11-21,6727,146.0,93.38263915920592,71.70342185224925,15,0.6666666666666666,20.0,77.94064721082408,0.15
2026-07-17,6727,367.5,97.1283860172749,81.3699338320544,17,0.7058823529411765,20.0,82.65746985143136,0.15
2026-07-20,6727,331.0,94.02318552934278,86.66441690352146,17,0.7058823529411765,20.0,83.04953047291849,0.15
2026-07-21,6727,332.5,96.05495219530307,82.3417484007467,17,0.7058823529411765,20.0,82.57839334701289,0.15
2023-08-07,6743,53.29999923706055,98.78934497499063,83.81948061033337,31,0.7419354838709677,20.0,84.84973816120956,0.12
2023-08-08,6743,52.29999923706055,98.93842811321383,86.33103984530374,31,0.7419354838709677,20.0,85.5223529114191,0.12
2023-08-09,6743,51.79999923706055,98.78934497499063,86.73925382437722,31,0.7419354838709677,20.0,85.57968146472052,0.12
2023-08-10,6743,50.70000076293945,97.74910046964379,89.82663194100945,31,0.7419354838709677,20.0,86.03945264227453,0.12
2023-08-11,6743,50.5,96.82203452818115,89.46771327644745,31,0.7419354838709677,20.0,85.67160319369523,0.12
2023-08-14,6743,49.599998474121094,95.86030581007725,93.10188394296746,31,0.7419354838709677,20.0,86.29162724489407,0.12
2023-08-15,6743,49.25,94.56397867027887,92.95927942815872,31,0.7419354838709677,20.0,85.86707797425237,0.12
2024-08-06,6743,53.20000076293945,93.40516660892062,88.80842345265864,41,0.6829268292682927,20.0,82.71146072388963,0.12
2024-10-11,6743,54.5,89.35887143570356,76.25391999146154,42,0.6904761904761905,20.0,78.58542714286216,0.12
2024-10-14,6743,54.400001525878906,90.39502287652267,77.25911701040366,42,0.6904761904761905,20.0,79.14757182984343,0.12
2024-10-15,6743,53.5,91.40657174872698,86.33346563508982,42,0.6904761904761905,20.0,81.71962364767626,0.12
2024-10-16,6743,53.099998474121094,90.77896909109117,89.33144008843958,42,0.6904761904761905,20.0,82.28083646372295,0.12
2024-10-17,6743,52.79999923706055,90.05250205171743,87.93832817835862,42,0.6904761904761905,20.0,81.7146183743906,0.12
2024-10-18,6743,52.29999923706055,91.9527137708198,87.50077868836486,42,0.6904761904761905,20.0,82.17529451762286,0.12
2026-05-20,6753,124.5,94.0952380952381,75.53440770855748,32,0.65625,20.0,78.79967335571081,0.12
2024-03-08,6756,224.5,97.14285714285714,75.9896148346505,38,0.6578947368421053,20.0,79.87710295678292,0.12
2024-03-11,6756,223.0,97.91955617198336,81.01596541932716,38,0.6578947368421053,20.0,81.36670031168995,0.12
2024-03-13,6756,218.5,96.36406286652593,90.63567218260864,38,0.6578947368421053,20.0,83.3049790108731,0.12
2024-03-14,6756,218.5,95.61715233357025,87.77585907272304,38,0.6578947368421053,20.0,82.36595257351499,0.12
2024-03-15,6756,215.0,94.59586466165413,89.3287607698961,38,0.6578947368421053,20.0,82.44779169623342,0.12
2024-03-18,6756,215.5,95.38024164889836,83.88023576767698,38,0.6578947368421053,20.0,81.32097354185191,0.12
2024-03-19,6756,216.5,93.08259766842286,76.93006400499023,38,0.6578947368421053,20.0,78.89413740703758,0.12
2024-03-20,6756,217.0,88.26453240191007,72.10560814677197,38,0.6578947368421053,20.0,76.24260386252918,0.12
2024-03-28,6756,216.0,91.17711006014316,69.03629208083558,38,0.6578947368421053,20.0,76.349048143515,0.12
2024-03-29,6756,216.0,74.10416903456976,67.60006277444526,38,0.6578947368421053,20.0,70.8681085092454,0.12
2023-04-24,6781,704.0,92.73453993190695,68.76861107873869,19,0.6842105263157895,20.0,77.53883053873044,0.15
2023-04-25,6781,676.0,95.7126678530982,86.08857998795706,19,0.6842105263157895,20.0,82.7622611423924,0.15
2023-04-26,6781,663.0,94.96080627099664,89.34559258268263,19,0.6842105263157895,20.0,83.35095581644333,0.15
2023-04-27,6781,665.0,94.8750800768738,85.49404540281495,19,0.6842105263157895,20.0,82.36235116323957,0.15
2023-05-02,6781,674.0,92.16180927630937,66.92265903673888,19,0.6842105263157895,20.0,76.90552333155121,0.15
2023-05-03,6781,663.0,88.31098794758914,82.16919627018417,19,0.6842105263157895,20.0,79.56191124129647,0.15
2023-05-04,6781,651.0,86.94093723939906,86.44545816050166,19,0.6842105263157895,20.0,80.21996150141882,0.15
2023-05-05,6781,645.0,85.6287737764177,86.6000270403818,19,0.6842105263157895,20.0,79.86495468249444,0.15
2023-05-08,6781,644.0,84.36571544762607,84.87881830174834,19,0.6842105263157895,20.0,79.05573499919859,0.15
2023-05-09,6781,651.0,83.49891679974694,69.55660762476866,19,0.6842105263157895,20.0,74.96514273558992,0.15
2023-05-10,6781,642.0,81.81326854713188,81.48664436767251,19,0.6842105263157895,20.0,77.44195744553137,0.15
2023-05-11,6781,630.0,74.10904853116045,85.09838612086831,19,0.6842105263157895,20.0,76.03362687903889,0.15
2023-08-09,6781,639.0,98.79176952254201,76.75580879994467,22,0.6818181818181818,20.0,81.28102851129422,0.15
2023-08-10,6781,625.0,99.02223663504074,92.18821949629937,22,0.6818181818181818,20.0,85.20827131913252,0.15
2023-08-11,6781,620.0,95.77818229768452,92.83664405559854,22,0.6818181818181818,20.0,84.39716115775045,0.15
2023-08-14,6781,602.0,93.93926910759095,95.0281499993149,22,0.6818181818181818,20.0,84.39336368665145,0.15
2023-08-15,6781,604.0,95.18850507470678,90.19832265455807,22,0.6818181818181818,20.0,83.560677640597,0.15
2023-08-16,6781,592.0,92.57208661938202,94.71158282439656,22,0.6818181818181818,20.0,83.9040671464592,0.15
2023-08-18,6781,603.0,93.6533784168948,71.36470952753956,22,0.6818181818181818,20.0,78.39173636149879,0.15
2023-08-23,6781,597.0,84.85661693837594,75.59094543780118,22,0.6818181818181818,20.0,76.80926689550853,0.15
2024-01-31,6781,633.0,85.10156136120261,69.0728838287691,27,0.7037037037037037,20.0,75.90980047666417,0.15
2023-03-13,6782,279.0,97.46621621621622,89.8975384081039,13,0.7692307692307693,20.0,86.79117254381393,0.1
2023-03-14,6782,265.0,92.00842522611819,92.02375395590613,13,0.7692307692307693,20.0,85.68538913373507,0.1
2023-03-15,6782,272.0,91.8704232344545,77.77999025605385,13,0.7692307692307693,20.0,82.08304761127289,0.1
2023-03-16,6782,258.0,90.47214467775215,91.63028108958207,13,0.7692307692307693,20.0,85.12613675264424,0.1
2023-03-17,6782,261.0,92.83846058039606,81.68023137376645,13,0.7692307692307693,20.0,83.3485190944835,0.1
2023-03-20,6782,262.5,91.3015873015873,75.14610916543388,13,0.7692307692307693,20.0,81.25392655875774,0.1
2023-05-11,6782,252.0,88.2592155319428,87.87402126627474,13,0.7692307692307693,20.0,83.5231930530746,0.1
2023-05-12,6782,235.0,86.60714285714286,91.32523708247014,14,0.7857142857142857,20.0,84.38488069918895,0.1
2024-04-10,6782,226.0,97.82160055033249,65.02363796909863,26,0.6538461538461539,20.0,77.21777427275902,0.1
2024-04-11,6782,223.5,99.76657329598507,75.87866014906992,26,0.6538461538461539,20.0,80.51502164144762,0.1
2024-08-05,6782,218.0,95.0773558368495,93.14173479938148,30,0.7,20.0,84.80864045090021,0.1
2024-08-06,6782,219.0,96.72533769954973,88.78341722093762,30,0.7,20.0,84.21345561509932,0.1
2024-08-08,6782,209.5,95.32892175943947,90.75813633918182,30,0.7,20.0,84.2882106126273,0.1
2024-08-09,6782,208.5,94.41504997060552,89.12288721651358,30,0.7,20.0,83.60523679531005,0.1
2024-09-04,6782,208.0,85.45176110260337,88.71713407632353,30,0.7,20.0,80.8148118498619,0.1
2024-11-18,6782,203.5,80.50187134171907,88.22912248465728,33,0.696969696969697,20.0,79.11693293277095,0.1
2024-11-22,6782,205.5,78.57723967959406,69.02731595001262,33,0.696969696969697,20.0,73.73909180047228,0.1
2024-11-26,6782,201.0,78.17102809653784,84.18978426283194,33,0.696969696969697,20.0,77.40784540376025,0.1
2024-11-27,6782,200.0,76.03050461583106,83.89988514766358,33,0.696969696969697,20.0,76.69321358075612,0.1
2024-11-28,6782,197.5,75.96770771315852,86.53631289831661,34,0.7058823529411765,20.0,77.600861126762,0.1
2024-11-29,6782,199.0,74.03191748231245,75.04089370367714,34,0.7058823529411765,20.0,74.1462692588483,0.1
2024-12-05,6782,199.0,74.04483259348731,69.18119963616287,34,0.7058823529411765,20.0,72.68522027532221,0.1
2023-05-12,6788,120.0,96.1113385182153,76.22873309375964,19,0.7368421052631579,20.0,81.99584798679923,0.12
2023-05-15,6788,119.5,99.35649935649936,78.50547891100169,19,0.7368421052631579,20.0,83.53858269259496,0.12
2023-08-14,6788,122.0,99.61802902979373,79.53531975832617,21,0.7619047619047619,20.0,84.62638150566252,0.15
2023-08-28,6788,122.5,96.43137942644526,67.59877708409707,21,0.7619047619047619,20.0,80.68625095610071,0.15
2024-11-14,6788,240.0,99.05767056162834,82.4967682885899,29,0.7241379310344828,20.0,84.06563117167046,0.12
2024-11-15,6788,238.0,97.4559686888454,83.17732104453628,29,0.7241379310344828,20.0,83.75525879882217,0.12
2024-11-18,6788,230.0,93.68587213891081,85.80435943433007,29,0.7241379310344828,20.0,83.28098943129024,0.12
2024-11-19,6788,235.0,92.59703881552622,66.0682132329915,29,0.7241379310344828,20.0,78.02030288394022,0.12
2024-12-02,6788,231.5,88.1118881118881,67.38277058641654,29,0.7241379310344828,20.0,77.00339701120504,0.12
2024-12-31,6788,220.5,94.2398804337846,85.83950536770641,29,0.7241379310344828,20.0,83.45597840309647,0.12
2025-09-26,6788,250.5,90.91143318422925,73.37992375789159,39,0.6666666666666666,20.0,77.61841089474167,0.1
2025-10-08,6788,242.5,86.90258498805933,84.40379067459122,39,0.6666666666666666,20.0,79.1717231650656,0.1
2025-10-09,6788,238.5,84.18690613934808,86.6638757533985,39,0.6666666666666666,20.0,78.92204078015405,0.1
2025-10-14,6788,230.5,91.39414802065404,88.3885045737685,39,0.6666666666666666,20.0,81.51537054963833,0.1
2025-10-22,6788,232.0,86.84349691023746,72.78785302492338,39,0.6666666666666666,20.0,76.25001232930208,0.1
2025-10-23,6788,229.5,84.29686712095373,80.62496894486797,39,0.6666666666666666,20.0,77.44530237250311,0.1
2025-10-27,6788,231.0,83.3638353850555,69.24972902639507,39,0.6666666666666666,20.0,74.32158287211541,0.1
2025-10-28,6788,227.5,83.63842624351454,80.86666868245645,39,0.6666666666666666,20.0,77.30819504366848,0.1
2026-07-13,6788,394.5,99.52178071472046,76.11701206443718,44,0.6590909090909091,20.0,80.6585145032527,0.12
2026-07-14,6788,373.0,98.3843537414966,86.40215234518784,44,0.6590909090909091,20.0,82.8885714814732,0.12
2026-07-16,6788,384.0,91.78981937602627,66.14038298628968,44,0.6590909090909091,20.0,75.84476883210758,0.12
2026-07-17,6788,349.0,85.51384839650146,88.17880609415266,44,0.6590909090909091,20.0,79.47158331521587,0.12
2026-07-20,6788,344.5,83.51648351648352,88.80498357677999,44,0.6590909090909091,20.0,79.02891822186731,0.12
2026-07-21,6788,354.0,88.56752003126832,67.06228596769535,44,0.6590909090909091,20.0,75.1085547740316,0.12
2026-07-23,6788,349.0,91.23700835541064,72.85915589548782,44,0.6590909090909091,20.0,77.35861875322242,0.12
2026-07-24,6788,348.0,91.14774114774114,73.85450853810883,44,0.6590909090909091,20.0,77.58067675157682,0.12
2026-07-27,6788,341.5,90.17223910840931,81.34335761292485,44,0.6590909090909091,20.0,79.16023840848128,0.12
2026-07-28,6788,311.0,87.21701795472288,91.57874489604826,44,0.6590909090909091,20.0,80.8325188831562,0.12
2023-06-26,6799,141.5,96.8944099378882,71.80434027479497,24,0.6666666666666666,20.0,79.0194080500652,0.12
2023-06-28,6799,141.5,97.36379613356766,67.4020306261134,24,0.6666666666666666,20.0,78.05964649659865,0.12
2023-07-19,6799,141.0,89.2642427712568,67.53137671232321,25,0.68,20.0,76.06211700945784,0.12
2023-07-21,6805,200.5,93.95489202466402,88.810208309591,18,0.7222222222222222,20.0,84.05568635146362,0.2
2023-07-24,6805,198.5,81.36855233478006,89.13417229912366,18,0.7222222222222222,20.0,80.3607754418816,0.2
2024-05-10,6805,656.0,96.95024077046548,66.87627467447402,21,0.7619047619047619,20.0,80.66128375690101,0.2
2024-05-13,6805,654.0,99.3370898243288,76.42299263779739,21,0.7619047619047619,20.0,83.76401796389085,0.2
2024-05-16,6805,638.0,96.43281807372176,79.93156713933365,21,0.7619047619047619,20.0,83.7698800640928,0.2
2024-05-17,6805,635.0,99.33575414046587,79.01610013006537,21,0.7619047619047619,20.0,84.41189413179896,0.2
2024-07-22,6805,641.0,96.08610567514677,81.3668627779072,22,0.7727272727272727,20.0,84.34936557883901,0.2
2024-12-24,6805,799.0,99.40431062493231,71.023771322575,25,0.8,20.0,83.57723601812344,0.2
2025-01-02,6805,785.0,93.20805976907403,74.09389907381457,25,0.8,20.0,82.48589269917585,0.2
2025-01-03,6805,784.0,94.03806466406787,74.52906039313747,25,0.8,20.0,82.84368449750473,0.2
2025-01-06,6805,769.0,95.81910257920151,78.59690753581764,25,0.8,20.0,84.39495765771485,0.2
2025-01-07,6805,780.0,96.12948627726954,67.19550707899363,25,0.8,20.0,81.63772265292927,0.2
2025-01-08,6805,774.0,94.9232585596222,70.55679448360262,25,0.8,20.0,82.1161761887873,0.2
2025-01-09,6805,746.0,93.79134269467332,80.74036438419431,25,0.8,20.0,84.32249390445057,0.2
2025-01-10,6805,707.0,92.13889831467029,90.9077186563352,25,0.8,20.0,86.36859915848488,0.2
2025-01-13,6805,659.0,87.30907457322552,96.21343711245447,25,0.8,20.0,86.24608165008127,0.2
2025-01-14,6805,672.0,87.70400178850883,87.0697422727263,25,0.8,20.0,84.07863610473423,0.2
2025-01-15,6805,643.0,87.19937936384794,95.5025393521958,25,0.8,20.0,86.03544864720334,0.2
2024-07-31,6829,103.0,97.69585253456222,85.40434601614844,19,0.7894736842105263,20.0,86.34405279072156,0.12
2024-08-02,6829,103.5,97.86426198386332,78.25489869668709,19,0.7894736842105263,20.0,84.60721379564654,0.12
2024-08-05,6829,93.2,92.44332493702771,88.11341238817975,19,0.7894736842105263,20.0,85.44556110446905,0.2
2024-08-06,6829,87.9,89.88350705088902,90.17181731820159,19,0.7894736842105263,20.0,85.1922169711329,0.2
2025-03-11,6829,117.0,97.51792608935466,76.03584385828668,22,0.8181818181818182,20.0,84.80979333683261,0.2
2025-03-12,6829,117.0,98.87514060742407,75.20251052495334,22,0.8181818181818182,20.0,85.0086243589201,0.2
2025-04-09,6829,108.0,94.4812362030905,84.71829405667751,22,0.8181818181818182,20.0,86.06939892055107,0.2
2026-07-28,6829,180.0,92.1169815862318,82.15679807177705,34,0.7647058823529411,20.0,83.11547046440204,0.2
2026-07-29,6829,169.0,87.5615763546798,86.15906731589993,34,0.7647058823529411,20.0,82.74941620596715,0.2
2026-07-30,6829,159.0,86.12801168167437,88.14586216207917,34,0.7647058823529411,20.0,82.81604551561034,0.2
2026-03-03,6841,62.7,86.46407408604448,82.036773599154,22,0.7272727272727273,20.0,80.26659744378367,0.1
2026-03-04,6841,60.0,86.21343736258463,89.58663792252351,22,0.7272727272727273,20.0,82.07887250758807,0.1
2026-03-09,6841,57.8,88.68026546808562,90.95912176526512,22,0.7272727272727273,20.0,83.16204189992379,0.1
2026-03-12,6841,58.2,82.17281452598515,77.24709550342038,22,0.7272727272727273,20.0,77.78180005183245,0.1
2026-07-28,6841,55.2,88.83866355342988,86.81365263439838,27,0.7037037037037037,20.0,81.46612333573967,0.1
2026-07-29,6841,53.8,88.85516653614204,90.39841709135449,28,0.7142857142857143,20.0,82.68472566225266,0.1
2026-07-30,6841,53.1,88.41714237014305,90.63773777907188,28,0.7142857142857143,20.0,82.61314858438232,0.1
2026-07-31,6841,53.5,88.54938641728813,79.82177781738196,28,0.7142857142857143,20.0,79.94883180810336,0.1
2026-08-03,6841,53.9,86.0040774888567,67.82799929533499,28,0.7142857142857143,20.0,76.18679449906219,0.1
2026-07-17,6862,154.0,94.42544968039245,86.0485048011897,12,0.75,20.0,84.33976110441516,0.2
2026-07-20,6862,143.0,93.28074788197488,89.56370800519363,12,0.75,20.0,84.87515136589087,0.2
2026-07-21,6862,149.5,96.57023560990157,69.73174356681709,12,0.75,20.0,80.90400657467474,0.2
2026-07-23,6862,148.5,97.0175961825231,68.3786247631216,12,0.75,20.0,80.69993504553733,0.2
2026-07-24,6862,143.0,95.29780564263322,82.37413790658681,12,0.75,20.0,83.68287616943667,0.2
2026-07-27,6862,142.0,95.50763701707098,82.0672111623961,12,0.75,20.0,83.66909389572032,0.2
2026-07-28,6862,129.5,94.06593406593407,89.14259890717213,12,0.75,20.0,85.00542994657326,0.2
2026-07-29,6862,120.5,92.4812030075188,92.80505363461216,12,0.75,20.0,85.44562431090868,0.2
2024-11-18,6863,215.5,98.22904368358914,68.34177164130826,12,0.75,20.0,81.0541560154038,0.12
2024-11-28,6863,219.0,96.82730234951123,66.93689431112735,12,0.75,20.0,80.2824142826352,0.12
2024-11-29,6863,219.0,93.65278026104059,65.23754133916994,12,0.75,20.0,78.90521941310466,0.12
2024-12-02,6863,217.0,90.81894968784428,71.34496017291691,12,0.75,20.0,79.58192494958251,0.12
2025-03-13,6863,220.0,98.54598327880771,89.74042561401275,16,0.8125,20.0,88.3739013871455,0.2
2025-03-14,6863,225.0,98.3600583090379,70.29339415161873,16,0.8125,20.0,83.45636603061605,0.2
2025-03-17,6863,221.0,95.34970238095238,82.26535642540058,16,0.8125,20.0,85.54624982063586,0.2
2025-03-18,6863,224.0,94.24419701830534,66.03355977154617,16,0.8125,20.0,81.15664904837814,0.2
2025-03-19,6863,219.0,94.85714285714286,83.32037824806973,16,0.8125,20.0,85.66223741916029,0.2
2025-03-21,6863,221.5,98.91325824935784,66.11028032014684,16,0.8125,20.0,82.57654755484407,0.2
2025-03-24,6863,213.0,94.8124501197127,83.36469641903362,16,0.8125,20.0,85.65990914067221,0.2
2025-03-25,6863,213.0,94.59783913565425,80.89003152990634,16,0.8125,20.0,84.97685962317286,0.2
2025-03-26,6863,214.5,94.49008214786616,71.84073069494737,16,0.8125,20.0,82.68220731809669,0.2
2025-03-27,6863,211.5,95.23809523809524,79.92705257412808,16,0.8125,20.0,84.92819171496059,0.2
2025-03-28,6863,203.0,94.03103859928373,86.00388051084309,16,0.8125,20.0,86.0852817074959,0.2
2025-03-31,6863,189.0,91.14362726222564,94.50889061744932,16,0.8125,20.0,87.34531083303003,0.2
2025-04-01,6863,194.0,90.92664092664093,76.61197100812859,16,0.8125,20.0,82.80598503002443,0.2
2025-04-07,6863,183.0,90.54889131225009,89.26247059717797,16,0.8125,20.0,85.85528504296951,0.2
2025-04-08,6863,165.0,88.71252204585538,95.27162673828356,16,0.8125,20.0,86.8066632983275,0.2
2025-02-04,6895,163.0,94.52654625068418,87.72915139141216,13,0.6923076923076923,20.0,83.05948249228905,0.1
2025-11-19,6937,205.5,99.27667269439422,67.54499516564347,21,0.7619047619047619,20.0,81.52639345687199,0.2
2025-11-21,6937,204.0,99.82187388671178,77.82801223048972,21,0.7619047619047619,20.0,84.26070808077883,0.2
2026-01-30,6937,207.0,74.17748917748918,70.168022277903,23,0.782608695652174,20.0,75.27351319228772,0.2
2026-02-02,6937,206.5,73.27699018538713,71.3532085145329,23,0.782608695652174,20.0,75.29966005381458,0.2
2026-07-13,6937,255.0,93.02815048671403,66.69733767680957,26,0.8076923076923077,20.0,80.81354879598582,0.2
2026-07-14,6937,252.0,93.20670096293365,73.13940573911175,26,0.8076923076923077,20.0,82.47763095442726,0.2
2025-11-14,6994,87.0,93.43185319686776,72.91489551710659,12,0.9166666666666666,20.0,85.75827983833697,0.2
2025-11-24,6994,86.80000305175781,94.38994379689966,70.20663466614093,12,0.9166666666666666,20.0,85.36864180560512,0.2
2026-02-02,6994,87.30000305175781,92.45422816749692,75.50335430865194,13,0.9230769230769231,20.0,86.30441471971974,0.2
2026-02-03,6994,86.5,93.43064118946882,85.67949625489463,13,0.9230769230769231,20.0,89.14137411287199,0.2
2026-02-06,6994,86.0999984741211,93.49924373739994,83.55529789461514,13,0.9230769230769231,20.0,88.63090528718146,0.2
2026-02-23,6994,81.4000015258789,94.49503889648884,87.10400115128846,13,0.9230769230769231,20.0,89.81681964907645,0.15
2026-02-24,6994,81.4000015258789,95.64375837910734,84.45743343473565,13,0.9230769230769231,20.0,89.4997935647238,0.15
2026-02-25,6994,82.4000015258789,96.4354278434248,65.70319682292678,13,0.9230769230769231,20.0,85.04873525106683,0.15
2026-03-09,6994,78.5999984741211,93.54435522114167,80.62951334369589,13,0.9230769230769231,20.0,87.91299259457416,0.15
2026-03-18,6994,78.0,89.47951094908088,75.02070125143766,13,0.9230769230769231,20.0,85.29133628989136,0.15
2026-03-19,6994,77.4000015258789,90.26205732517846,75.0197500517024,13,0.9230769230769231,20.0,85.52586240278683,0.15
2026-03-20,6994,77.19999694824219,88.69997668312557,74.15027447463058,13,0.9230769230769231,20.0,84.839869315903,0.15
2026-07-29,7712,121.5,98.82903981264637,78.40309248964634,12,0.6666666666666666,20.0,81.2494850662055,0.2
2026-07-30,7712,115.5,99.07888125942054,89.25509921975025,12,0.6666666666666666,20.0,84.03743918276372,0.2
2021-10-01,8024,24.1,99.77396021699819,79.47205617474286,14,0.7857142857142857,20.0,85.37163068021374,0.2
2019-12-02,8028,59.038917541503906,82.28980406843547,88.05476770159648,13,0.6923076923076923,20.0,79.46986391516052,0.2
2019-12-03,8028,59.38981628417969,83.50494162998747,75.5804684019317,13,0.6923076923076923,20.0,76.71583035870992,0.2
2020-01-31,8028,54.21404266357422,67.66090289162385,92.49084348589497,15,0.6666666666666666,20.0,75.42098173896089,0.2
2020-02-03,8028,51.05594253540039,71.58233120015117,96.18494079267886,15,0.6666666666666666,20.0,77.52093455821506,0.2
2020-08-13,8028,42.41503143310547,86.906132654889,76.40891060113164,20,0.65,20.0,76.6740674467496,0.2
2020-08-14,8028,41.71323013305664,87.6311832581362,87.05757790478839,20,0.65,20.0,79.55374945363796,0.2
2020-08-17,8028,42.19572067260742,85.52065384246663,69.40743469113488,20,0.65,20.0,74.50805482552371,0.2
2020-08-18,8028,42.107994079589844,85.52421057767604,71.52009417419954,20,0.65,20.0,75.03728671685269,0.2
2020-08-19,8028,40.265769958496094,86.88100701606965,90.12133336260841,20,0.65,20.0,80.09463544547299,0.2
2020-08-20,8028,37.67788314819336,90.6782587468929,95.41221489725358,20,0.65,20.0,82.55653134838127,0.2
2020-08-21,8028,38.11650848388672,91.85123560870466,86.65496744185077,20,0.65,20.0,80.71911254307409,0.2
2020-08-24,8028,38.8621711730957,90.07774781989409,70.01383591749263,20,0.65,20.0,76.02678332534138,0.2
2021-02-04,8028,43.1168327331543,98.85423976375918,70.04195438517817,23,0.6521739130434783,20.0,78.73197791672665,0.15
2021-02-05,8028,43.02910614013672,95.7391753612379,71.60476515110514,23,0.6521739130434783,20.0,78.188161287452,0.15
2021-05-03,8028,43.42387008666992,77.8146430495692,73.70152722571277,24,0.6666666666666666,20.0,73.76977472129894,0.15
2021-05-04,8028,41.581642150878906,84.32964757453038,91.99786185683502,24,0.6666666666666666,20.0,80.29835973656786,0.15
2021-05-05,8028,41.36233139038086,84.57278637531161,92.46468715504248,24,0.6666666666666666,20.0,80.4880077013541,0.15
2021-05-06,8028,40.52894592285156,88.08558712818005,94.18778162988066,24,0.6666666666666666,20.0,81.97262154592418,0.15
2021-05-11,8028,41.01143264770508,94.46343419535023,72.89126118591548,24,0.6666666666666666,20.0,78.56184555508393,0.12
2021-05-12,8028,37.897193908691406,91.45466430608998,90.30625716875677,24,0.6666666666666666,20.0,82.01296358401619,0.12
2021-05-13,8028,37.45856857299805,90.37210511589811,90.9392097448832,24,0.6666666666666666,20.0,81.84643397099023,0.12
2021-05-14,8028,36.8444938659668,90.37210511589811,91.83287285789692,24,0.6666666666666666,20.0,82.06984974924366,0.12
2021-05-17,8028,33.33549499511719,86.42065430661088,96.1155017086656,24,0.6666666666666666,20.0,81.95507171914966,0.12
2021-10-04,8028,42.68171691894531,95.74880147325723,81.41007886907879,26,0.6538461538461539,20.0,80.69254477463149,0.15
2021-10-06,8028,42.542232513427734,96.34838268742315,82.42805943120169,26,0.6538461538461539,20.0,81.12691427941198,0.15
2021-10-12,8028,42.402748107910156,96.68020044656319,81.72232373732753,26,0.6538461538461539,20.0,81.05002568368545,0.15
2021-10-13,8028,42.03079605102539,96.8285415265353,81.97155878889126,26,0.6538461538461539,20.0,81.15683677056802,0.15
2021-10-14,8028,42.30976104736328,94.26764823737636,72.04750987210969,26,0.6538461538461539,20.0,77.90755655462495,0.15
2022-03-08,8028,44.72746276855469,85.9971137700432,82.95192625373979,28,0.6785714285714286,20.0,78.89425855159077,0.15
2022-09-28,8028,51.945228576660156,98.17447223170238,79.01911811796458,32,0.71875,20.0,82.76962119900186,0.2
2022-09-29,8028,52.832340240478516,97.82492013283228,79.18049958740386,32,0.71875,20.0,82.70510093670065,0.2
2022-09-30,8028,53.620880126953125,98.44661741376927,68.26945370191311,32,0.71875,20.0,80.16384864960906,0.2
2022-10-03,8028,52.24093246459961,99.91042584603726,85.38132032916846,32,0.71875,20.0,84.88095783610329,0.2
2022-10-07,8028,52.63520431518555,92.32211295862854,69.49782221461061,32,0.71875,20.0,78.63358944124121,0.2
2022-10-11,8028,49.38246536254883,83.94659802547437,87.40478883926903,32,0.71875,20.0,80.59767661745957,0.2
2022-10-12,8028,49.38246536254883,83.94659802547437,85.0645157515828,32,0.71875,20.0,80.01260834553801,0.2
2022-10-13,8028,45.932594299316406,84.69736934659804,94.10389844072327,32,0.71875,20.0,82.49768541416023,0.2
2022-10-14,8028,48.24893569946289,87.41686643583854,65.69639704928619,32,0.71875,20.0,76.2116591930731,0.2
2022-10-17,8028,47.70681381225586,86.40662111569385,69.5566633838559,32,0.71875,20.0,76.87365218067214,0.2
2023-04-25,8028,55.59223937988281,79.63965281990593,71.3049016341436,36,0.7222222222222222,20.0,75.38478792117434,0.2
2023-08-09,8028,56.28221130371094,83.98168411456754,67.59015430053633,40,0.75,20.0,76.59204380950435,0.12
2023-08-10,8028,55.29653549194336,85.4126918519318,87.50712733256009,40,0.75,20.0,82.00058938871956,0.12
2023-08-11,8028,55.49367141723633,82.4735147797405,77.90186683159389,40,0.75,20.0,78.71752114182063,0.12
2023-08-14,8028,53.52231216430664,81.73577768559397,90.73963514562249,40,0.75,20.0,81.70564209208382,0.12
2023-08-15,8028,54.310855865478516,81.07119164420067,69.54701250738229,40,0.75,20.0,76.20811062010577,0.12
2025-01-13,8028,121.0,92.8193499622071,86.55442753258271,44,0.6818181818181818,20.0,81.93895732635326,0.12
2025-01-14,8028,122.5,95.36679536679537,68.7636595923474,44,0.6818181818181818,20.0,78.25549896267091,0.12
2025-01-15,8028,120.0,94.27043544690603,86.26442610073492,44,0.6818181818181818,20.0,82.301782613801,0.12
2025-01-17,8028,121.5,95.8618207988485,65.96531237933849,44,0.6818181818181818,20.0,77.70441978903462,0.12
2025-02-04,8028,116.5,98.04061275382972,81.31738326309579,44,0.6818181818181818,20.0,82.19607509646832,0.12
2025-03-31,8028,116.0,93.47756920139994,90.52495374910691,46,0.6956521739130435,20.0,83.544074415088,0.12
2025-04-07,8028,112.0,92.39487026543394,88.90930177861537,46,0.6956521739130435,20.0,82.81535174167533,0.12
2025-04-08,8028,101.0,90.0833572865766,92.69604445245125,47,0.7021276595744681,20.0,83.26284808631983,0.12
2025-04-09,8028,90.9000015258789,86.36516699433494,95.47364167619095,47,0.7021276595744681,20.0,82.84179030458226,0.12
2025-04-10,8028,99.9000015258789,89.73350843888242,67.60709201707499,47,0.7021276595744681,20.0,76.88565532316751,0.12
2025-07-29,8028,129.5,90.93119020890485,74.21778438179558,49,0.7142857142857143,20.0,79.26237458669178,0.15
2025-07-30,8028,128.5,86.83633472951931,78.07997896910675,49,0.7142857142857143,20.0,78.99946658970391,0.15
2025-07-31,8028,128.0,87.16671461378472,78.85332472728692,49,0.7142857142857143,20.0,79.29191699452858,0.15
2025-11-21,8028,147.0,98.6960301361924,78.64681763938658,50,0.72,20.0,82.87051345070437,0.15
2020-02-03,8039,40.63164520263672,91.23503096419962,81.10643729219464,13,0.6923076923076923,20.0,80.4163493815393,0.1
2020-02-04,8039,41.014060974121094,92.5,69.76558161824275,13,0.6923076923076923,20.0,77.96062617379145,0.1
2020-02-05,8039,40.822853088378906,89.90574145652343,74.18761400125868,13,0.6923076923076923,20.0,78.28785670650245,0.1
2020-02-07,8039,40.63164520263672,90.37161546434642,74.10841664111608,13,0.6923076923076923,20.0,78.40781956881372,0.1
2020-02-10,8039,39.86681365966797,89.79820955445469,86.29945008682242,13,0.6923076923076923,20.0,81.28355615727278,0.1
2020-03-16,8039,40.536041259765625,88.54591611346007,73.51517271242956,13,0.6923076923076923,20.0,77.71179878137617,0.15
2020-03-17,8039,39.19758987426758,84.90393230072438,87.9431399216872,13,0.6923076923076923,20.0,80.22619543986988,0.15
2020-03-18,8039,37.81133270263672,83.72806964910868,89.94358639684259,13,0.6923076923076923,20.0,80.37354826317402,0.15
2020-03-19,8039,34.03498077392578,80.20104199365082,94.3806780532159,13,0.6923076923076923,20.0,80.42471288062998,0.15
2020-09-24,8039,47.08490753173828,78.46004520262179,76.22395333019145,15,0.7333333333333333,20.0,76.5940018933344,0.1
2020-09-25,8039,46.22447204589844,79.22434941803343,85.45295106318015,15,0.7333333333333333,20.0,79.13054259120506,0.1
2020-09-28,8039,46.84589767456055,80.0957793879616,65.63848840618384,15,0.7333333333333333,20.0,74.43835591793443,0.1
2020-09-29,8039,46.22447204589844,81.23636064231657,83.49843806231566,15,0.7333333333333333,20.0,79.24551770827388,0.1
2021-01-29,8039,49.52280807495117,69.64160134918617,71.70163310485897,18,0.7777777777777778,20.0,74.15122201430393,0.12
2021-02-01,8039,48.75797653198242,68.55961242373114,84.12010830183536,18,0.7777777777777778,20.0,76.93124413591153,0.12
2021-05-05,8039,48.47116470336914,87.19211057680789,70.08425230544778,19,0.7368421052631579,20.0,77.78395940729905,0.12
2021-05-06,8039,48.18435287475586,86.09935200168934,76.9469785883291,19,0.7368421052631579,20.0,79.17181340548382,0.12
2021-05-10,8039,47.89754104614258,74.31732124356841,79.07993774104179,19,0.7368421052631579,20.0,76.1704439662257,0.12
2021-05-11,8039,46.03326416015625,70.75406598846826,88.27340776856978,19,0.7368421052631579,20.0,77.39983489657766,0.12
2021-05-12,8039,43.738773345947266,75.82007234633116,92.29202887012724,19,0.7368421052631579,20.0,79.92429207932588,0.12
2021-05-13,8039,42.87833786010742,73.48484536939225,93.58420137358979,19,0.7368421052631579,20.0,79.54676711210985,0.12
2021-05-17,8039,41.87449645996094,71.80823255775678,91.08896163890024,19,0.7368421052631579,20.0,78.41997333494683,0.12
2021-08-19,8039,45.41183853149414,80.4094232843507,83.61681975013794,21,0.7142857142857143,20.0,78.45560335141111,0.12
2021-08-20,8039,44.40800094604492,81.85142862892674,94.9524380553017,21,0.7142857142857143,20.0,81.72210953107488,0.12
2021-08-23,8039,45.125030517578125,80.0093542331854,75.44654718739322,21,0.7142857142857143,20.0,76.29301449537536,0.12
2021-09-08,8039,44.647010803222656,72.59601082487907,75.24828834127034,21,0.7142857142857143,20.0,74.01944676135274,0.12
2021-09-15,8039,44.74261474609375,66.34198912747884,68.72073260557922,21,0.7142857142857143,20.0,70.51135131820989,0.12
2022-01-21,8046,490.5,97.34268707482994,83.36086135372213,13,0.8461538461538461,20.0,87.4276368454949,0.15
2022-01-24,8046,496.0,99.39792008757526,70.57501426119396,13,0.8461538461538461,20.0,84.84774497618645,0.15
2022-01-25,8046,477.0,95.92151675485009,85.27472877031681,13,0.8461538461538461,20.0,87.47975260364962,0.15
2022-01-26,8046,472.0,93.98261644751504,85.06214050406584,13,0.8461538461538461,20.0,86.84493544488636,0.15
2022-02-07,8046,478.0,94.22350588758053,70.11788297038252,13,0.8461538461538461,20.0,83.18113789348517,0.15
2022-03-08,8046,475.5,86.80935788949726,77.65119305160003,13,0.8461538461538461,20.0,82.84022101436457,0.15
2023-08-08,8046,245.0,74.85571158933874,73.00436648272225,33,0.6666666666666666,20.0,72.70780509748218,0.15
2023-08-10,8046,238.5,73.2598786726719,86.2122362658789,33,0.6666666666666666,20.0,75.53102266827129,0.15
2023-08-11,8046,238.5,70.54735370249017,82.66702010812676,33,0.6666666666666666,20.0,73.83096113777874,0.15
2023-08-14,8046,232.0,71.93768619509845,89.47043594727086,33,0.6666666666666666,20.0,75.94891484534725,0.15
2023-08-15,8046,236.5,70.63970522912291,68.17668764546026,33,0.6666666666666666,20.0,70.23608348010194,0.15
2023-11-09,8046,227.5,79.49857505073678,78.57495382133006,38,0.6578947368421053,20.0,75.2301530758167,0.12
2023-11-10,8046,228.0,77.86372544454989,72.48776846335925,38,0.6578947368421053,20.0,73.21790185446794,0.12
2022-04-25,8054,48.5,96.0831790343256,84.40357032160045,12,0.9166666666666666,20.0,89.42584629069779,0.2
2022-04-26,8054,48.2,96.0831790343256,83.17670754903334,12,0.9166666666666666,20.0,89.11913059755601,0.2
2022-04-27,8054,46.2,95.81500922116612,87.45193043954102,12,0.9166666666666666,20.0,90.10748537623509,0.2
2022-04-28,8054,45.85,95.43168779658616,86.51852381888548,12,0.9166666666666666,20.0,89.75913729369722,0.2
2022-04-29,8054,46.2,97.04781105990784,77.95624859668894,12,0.9166666666666666,20.0,88.10340546714458,0.2
2022-05-03,8054,45.75,96.13411373654165,83.80553428963998,12,0.9166666666666666,20.0,89.29161769337249,0.2
2022-05-04,8054,46.45,97.98844268890352,66.41962268693189,12,0.9166666666666666,20.0,85.50143847840403,0.2
2022-05-06,8054,46.2,95.9624137424754,68.86965401227458,12,0.9166666666666666,20.0,85.50613762581126,0.2
2022-05-09,8054,44.0,93.2146505180213,86.37232614340742,12,0.9166666666666666,20.0,89.05747669125824,0.2
2022-05-10,8054,44.5,92.16208222419402,75.95335930475116,12,0.9166666666666666,20.0,86.136964493446,0.2
2022-05-11,8054,43.2,91.51053864168618,85.78923561889161,12,0.9166666666666666,20.0,88.40047049722875,0.2
2022-05-12,8054,41.4,88.53615520282187,91.56819704610889,12,0.9166666666666666,20.0,88.95289582237378,0.2
2024-09-04,8054,145.5,96.05609114811568,87.15290290898822,30,0.8,20.0,86.60505307168177,0.15
2024-09-05,8054,141.0,96.68288367978771,89.19118222791008,30,0.8,20.0,87.30266066091383,0.15
2024-09-09,8054,143.0,93.91617845876522,74.26283768304543,30,0.8,20.0,82.74056295839092,0.15
2024-09-10,8054,135.0,92.70234409553295,89.74028447883379,30,0.8,20.0,86.24577434836833,0.15
2024-09-11,8054,139.5,93.42681858019282,65.1192011299344,30,0.8,20.0,80.30784585654145,0.15
2025-01-13,8054,114.0,89.36963819470347,89.65325351898414,35,0.7142857142857143,20.0,82.65277626672851,0.15
2025-01-15,8054,114.5,89.20045471769609,81.47967770980036,36,0.7222222222222222,20.0,80.79672250942558,0.15
2025-01-17,8054,114.0,89.05380333951763,80.48057542327263,36,0.7222222222222222,20.0,80.50295152434012,0.15
2025-03-03,8054,111.5,96.41062455132807,65.32810552159262,37,0.7297297297297297,20.0,79.14710563768847,0.15
2025-03-04,8054,111.5,98.15905743740795,66.86330479379326,37,0.7297297297297297,20.0,80.05543532156258,0.15
2025-03-05,8054,110.5,98.15905743740795,71.87583215349268,37,0.7297297297297297,20.0,81.30856716148745,0.15
2025-03-06,8054,109.0,96.66913397483346,78.89573355729416,37,0.7297297297297297,20.0,82.61656547366546,0.15
2025-03-07,8054,105.5,94.2783314876338,90.49269927718694,37,0.7297297297297297,20.0,84.79856615747876,0.15
2025-03-10,8054,104.0,93.37260677466863,91.42789652622153,37,0.7297297297297297,20.0,84.76064805584785,0.15
2025-03-11,8054,99.2,90.79397423768285,94.78759611686377,37,0.7297297297297297,20.0,84.82698319241268,0.15
2025-03-12,8054,98.5,91.53166421207658,94.55004201237412,37,0.7297297297297297,20.0,84.9889016586084,0.15
2025-03-14,8054,96.0,84.75377344107333,79.71841081039575,37,0.7297297297297297,20.0,79.24762662681283,0.15
2025-09-11,8054,96.6,96.28252788104089,84.5304359110914,45,0.6888888888888889,20.0,82.68403400875178,0.15
2025-09-12,8054,97.4,98.9529272512064,74.63541497695083,45,0.6888888888888889,20.0,81.0113985862663,0.15
2025-09-15,8054,96.2,97.50858483412853,84.06076901765769,45,0.6888888888888889,20.0,82.93443437131964,0.15
2025-09-25,8054,96.6,74.56771677142143,70.24375308790607,45,0.6888888888888889,20.0,72.59791997006961,0.15
2025-09-26,8054,92.8,76.1392657621708,85.44982688846709,45,0.6888888888888889,20.0,76.87090311743466,0.15
2026-01-12,8054,121.0,97.79994133176885,69.62921512134469,47,0.7021276595744681,20.0,79.81111596710087,0.15
2026-01-13,8054,117.5,99.407231772377,86.90894398461346,47,0.7021276595744681,20.0,84.61323531510051,0.15
2026-01-14,8054,119.5,99.85272459499264,69.93503652256304,47,0.7021276595744681,20.0,80.50340629637259,0.15
2026-01-16,8054,116.0,96.86847599164926,82.58121213002092,47,0.7021276595744681,20.0,82.76967561723404,0.15
2026-03-02,8054,117.0,98.0882864094543,71.63736942904983,47,0.7021276595744681,20.0,80.39965806733278,0.15
2026-03-04,8054,107.0,89.2944892944893,88.6064519842032,47,0.7021276595744681,20.0,82.00378957163163,0.15
2026-03-05,8054,106.5,87.28965270318653,88.88618794383979,47,0.7021276595744681,20.0,81.47227258414995,0.15
2026-03-06,8054,105.5,83.48794063079777,88.96975955342481,47,0.7021276595744681,20.0,80.35265186482957,0.15
2026-07-09,8054,99.0,100.0,66.64820421488436,53,0.7169811320754716,20.0,80.17148501598524,0.15
2026-07-13,8054,97.0,99.65156794425087,75.29807978035392,54,0.7222222222222222,20.0,82.38665699503039,0.15
2026-07-14,8054,94.0,95.90309939437121,79.15881399691177,54,0.7222222222222222,20.0,82.22729998420597,0.15
2026-07-15,8054,95.3,96.55808672202114,69.47764350800391,54,0.7222222222222222,20.0,80.00350356027398,0.15
2026-07-17,8054,90.0,91.44894840259079,82.17561263289929,54,0.7222222222222222,20.0,81.64525434566872,0.15
2026-07-20,8054,88.7,86.2961261675088,82.45993065326718,54,0.7222222222222222,20.0,80.17048718023611,0.15
2026-07-28,8054,84.0,91.450334214208,83.21948720947658,54,0.7222222222222222,20.0,81.90663873329821,0.15
2026-07-29,8054,79.0,89.78510895883777,89.31581279207433,54,0.7222222222222222,20.0,82.93115255233658,0.15
2026-07-30,8054,75.6,86.03651987110634,91.66456671962902,54,0.7222222222222222,20.0,82.39376430790583,0.15
2019-05-22,8069,32.05,84.8589803086892,84.3545880308119,12,0.75,20.0,81.04634110030973,0.15
2019-05-23,8069,30.8,87.72425249169434,90.7166738366733,12,0.75,20.0,83.49644420667663,0.15
2019-05-24,8069,30.25,86.95812807881772,91.76438469520963,12,0.75,20.0,83.52853459744773,0.15
2019-05-27,8069,30.95,86.82468450233439,65.16936163483888,12,0.75,20.0,76.83974575941004,0.15
2019-08-23,8069,30.3,78.66878970951146,88.42440283964211,15,0.7333333333333333,20.0,79.70673762276397,0.15
2019-08-26,8069,28.1,89.79591836734694,94.21058508961636,15,0.7333333333333333,20.0,84.49142178260817,0.15
2019-08-27,8069,28.0,88.5295319498909,94.42819061621599,15,0.7333333333333333,20.0,84.16590723902127,0.15
2019-08-28,8069,28.05,87.79169056254388,91.32518962726601,15,0.7333333333333333,20.0,83.16880457557967,0.15
2019-08-29,8069,27.9,85.24777796648931,92.70810639459893,15,0.7333333333333333,20.0,82.75135998859652,0.15
2019-08-30,8069,27.9,82.64671117590748,89.59024575390133,15,0.7333333333333333,20.0,81.19157479124758,0.15
2019-09-02,8069,28.25,81.84891348618152,68.29550601521564,15,0.7333333333333333,20.0,75.62855054965836,0.15
2020-01-30,8069,29.0,67.67399267399267,88.96021523095412,17,0.7058823529411765,20.0,75.71872219817162,0.12
2020-02-03,8069,29.35,76.3111242873432,69.38847301120268,17,0.7058823529411765,20.0,73.41692612723892,0.12
2020-03-09,8069,29.0,65.01130795326046,85.9839084550924,17,0.7058823529411765,20.0,74.17584008798653,0.12
2020-03-12,8069,26.15,65.19865763044325,98.08549599489074,17,0.7058823529411765,20.0,77.25744187609095,0.12
2020-09-24,8069,38.55,74.30714428453525,81.06959439689578,21,0.6666666666666666,20.0,74.55954188458452,0.12
2020-09-25,8069,37.6,77.95697500272684,89.14470150482384,21,0.6666666666666666,20.0,77.673267877024,0.12
2020-09-28,8069,37.9,74.28413309134446,78.38635050052677,21,0.6666666666666666,20.0,73.88182755253503,0.12
2020-09-29,8069,37.75,72.602402676223,81.86710347979798,21,0.6666666666666666,20.0,74.2474966728164,0.12
2020-10-12,8069,37.5,70.04672303830645,79.49585222435101,21,0.6666666666666666,20.0,72.88797996757968,0.12
2021-09-29,8069,73.1,97.55989352262644,65.92784112443815,26,0.7307692307692307,20.0,79.67300526097438,0.15
2021-10-01,8069,72.5,94.86977111286504,70.8608765370755,26,0.7307692307692307,20.0,80.0992273912053,0.15
2021-10-04,8069,69.0,92.78554906928076,86.30542139803875,26,0.7307692307692307,20.0,83.33509699337083,0.15
2021-10-05,8069,70.6,93.08755760368663,66.99669279860538,26,0.7307692307692307,20.0,78.59851740383425,0.15
2022-03-15,8069,126.5,97.88480312398308,85.36591875810139,28,0.75,20.0,85.20692062672026,0.15
2022-07-05,8069,162.0,97.34663553385693,87.64955894276211,29,0.7586206896551724,20.0,85.87500108550277,0.15
2022-07-06,8069,160.5,98.38396897220426,88.0836292113024,29,0.7586206896551724,20.0,86.29471868414204,0.15
2022-10-21,8069,183.5,99.24357034795764,81.80879566800675,31,0.7741935483870968,20.0,85.45107647300188,0.15
2022-10-24,8069,185.0,98.69337979094077,75.50861151134129,31,0.7741935483870968,20.0,83.71097326673046,0.15
2022-10-25,8069,182.5,97.15162138475021,83.98403804944144,31,0.7741935483870968,20.0,85.36730237939832,0.15
2022-11-10,8069,185.0,93.23753169907016,67.66729119888913,31,0.7741935483870968,20.0,80.11388876105624,0.15
2022-11-15,8069,178.5,86.60714285714286,81.51980166658888,31,0.7741935483870968,20.0,81.58789972540299,0.15
2022-11-21,8069,164.0,84.25816607634789,87.34045299048222,31,0.7741935483870968,20.0,82.33836952213782,0.15
2023-04-18,8069,171.5,86.7776437964859,72.39457003562094,38,0.7631578947368421,20.0,79.02667248995627,0.15
2023-04-19,8069,171.0,86.61655649947168,75.64344931132189,38,0.7631578947368421,20.0,79.79056611977724,0.15
2023-04-20,8069,167.0,85.22443381890426,85.11001199585284,38,0.7631578947368421,20.0,81.73956998673975,0.15
2023-08-17,8069,183.5,96.57252536331231,91.57535569665203,40,0.775,20.0,87.11559653315669,0.2
2023-08-18,8069,181.0,94.61177120751589,92.4314838822482,40,0.775,20.0,86.74140233281682,0.2
2023-08-21,8069,179.5,93.3296275708727,92.69237672336958,40,0.775,20.0,86.4219824521042,0.2
2023-08-22,8069,181.0,93.63233665559247,81.30943670904134,40,0.775,20.0,83.66706017393807,0.2
2023-08-23,8069,180.0,91.21315192743765,83.78493403364818,40,0.775,20.0,83.56017908664334,0.2
2023-08-25,8069,181.0,93.1237721021611,71.47411177003411,40,0.775,20.0,81.05565957315686,0.2
2024-05-09,8069,208.0,100.0,67.14239367461916,45,0.6888888888888889,20.0,79.45226508532144,0.15
2024-11-14,8069,275.0,95.13238979442113,86.10168675532935,48,0.7083333333333334,20.0,83.31513862715867,0.15
2024-12-09,8069,268.0,90.15912724867772,77.42534397191277,48,0.7083333333333334,20.0,79.65407416758151,0.15
2024-12-10,8069,266.0,89.64369647359757,85.10936403213418,48,0.7083333333333334,20.0,81.42044995011281,0.15
2024-12-11,8069,266.0,87.50104938313395,81.73680798095917,48,0.7083333333333334,20.0,79.93451681017997,0.15
2024-12-16,8069,256.0,90.24101378292869,85.26691782084998,48,0.7083333333333334,20.0,81.6390335900911,0.15
2025-03-31,8069,265.0,89.47939675203841,73.03526119479012,53,0.6792452830188679,20.0,77.47999281487509,0.15
2025-04-07,8069,244.5,94.29002370178841,90.94285865903296,53,0.6792452830188679,20.0,83.40008026586081,0.15
2025-04-08,8069,220.5,89.93963782696177,95.92166343313892,53,0.6792452830188679,20.0,83.3396656969393,0.15
2025-07-31,8069,206.0,74.91314636170631,68.76835095938188,58,0.6724137931034483,20.0,71.8384454414608,0.15
2025-10-28,8069,209.0,90.07007815621189,78.34744510466219,62,0.6774193548387096,20.0,78.9304653681904,0.15
2025-10-29,8069,206.5,89.52951020374059,88.3500184271339,62,0.6774193548387096,20.0,81.26893831306694,0.15
2025-10-30,8069,205.5,88.78329330154105,87.26400281921175,62,0.6774193548387096,20.0,80.77356934042655,0.15
2025-11-04,8069,207.0,82.98480367535633,71.44731444454258,62,0.6774193548387096,20.0,75.07985035890383,0.15
2025-11-05,8069,204.5,76.34547330155723,80.89654598157003,62,0.6774193548387096,20.0,75.45035913102097,0.15
2025-11-06,8069,205.0,73.14967602389945,76.02816220085599,62,0.6774193548387096,20.0,73.27452400254512,0.15
2025-11-07,8069,201.5,67.71278796293785,84.42083505955483,62,0.6774193548387096,20.0,73.74162579893135,0.15
2025-11-11,8069,181.5,68.59504723733181,97.52455456406148,62,0.6774193548387096,20.0,77.28223345737621,0.15
2025-11-12,8069,181.5,69.07605552342395,96.69122123072815,62,0.6774193548387096,20.0,77.2182026098705,0.15
2022-06-23,8070,33.29999923706055,80.32234067134631,80.72341585421651,13,0.8461538461538461,20.0,81.6621715495734,0.15
2022-06-30,8070,33.349998474121094,79.8651216676001,69.73956048832753,13,0.8461538461538461,20.0,78.77904200697729,0.15
2022-07-04,8070,30.799999237060547,85.05319806226142,90.45948548948515,13,0.8461538461538461,20.0,85.51544617566509,0.15
2022-07-05,8070,30.850000381469727,87.48394840451965,85.10461750023708,13,0.8461538461538461,20.0,84.90595428103055,0.15
2022-07-06,8070,29.799999237060547,87.95435553321985,91.89050773670712,13,0.8461538461538461,20.0,86.74354897875813,0.15
2022-07-07,8070,30.25,86.77790100145123,74.61560015461934,13,0.8461538461538461,20.0,82.07188572370559,0.15
2024-11-15,8070,50.29999923706055,98.60627336551484,70.70193492962623,23,0.6521739130434783,20.0,78.82258313336536,0.15
2024-11-18,8070,48.54999923706055,99.35572558319306,88.91854673803209,23,0.6521739130434783,20.0,83.60157175077029,0.15
2024-11-19,8070,48.900001525878906,99.31236112417852,80.09047139254211,23,0.6521739130434783,20.0,81.38154357669343,0.15
2024-11-20,8070,48.400001525878906,98.6280242476262,84.82822214066026,23,0.6521739130434783,20.0,82.36068020075727,0.15
2024-11-21,8070,48.29999923706055,97.02745173948885,84.23182440246282,23,0.6521739130434783,20.0,81.73140901376671,0.15
2021-09-29,8081,227.5,99.07016060862215,81.76821770450844,15,0.6666666666666666,20.0,82.16310260871376,0.1
2021-10-01,8081,223.0,98.434667984841,83.96699083268982,15,0.6666666666666666,20.0,82.52214810362474,0.1
2021-10-04,8081,218.5,97.548218372017,85.39301575633041,15,0.6666666666666666,20.0,82.6127194506877,0.1
2021-10-05,8081,223.0,96.6931216931217,66.77633549771372,15,0.6666666666666666,20.0,77.70202038236494,0.1
2021-10-06,8081,215.5,95.75994781474233,85.4313572004564,15,0.6666666666666666,20.0,82.0858236445368,0.1
2021-10-08,8081,219.0,92.88286743268736,66.23551173348514,15,0.6666666666666666,20.0,76.42373816317749,0.1
2021-10-12,8081,206.0,91.00899100899102,87.47227561219319,15,0.6666666666666666,20.0,81.1707662057456,0.1
2021-10-13,8081,205.0,91.08184697449575,86.31313654422989,15,0.6666666666666666,20.0,80.9028382284062,0.1
2021-10-14,8081,202.5,89.4834258791856,86.0129987343624,15,0.6666666666666666,20.0,80.34827744734628,0.1
2022-04-07,8081,227.0,66.6681689002751,85.4123026736598,20,0.65,20.0,72.85352633849749,0.08
2022-04-11,8081,215.5,68.79994940084848,91.92376548132891,20,0.65,20.0,75.12092619058677,0.08
2023-06-01,8084,92.0,95.82017462381572,79.7515121367508,20,0.7,20.0,81.68393042133242,0.1
2023-06-05,8084,86.1,93.70413986774165,91.56623923187874,20,0.7,20.0,84.00280176829217,0.1
2023-06-06,8084,86.7,95.04859710251239,85.60200477349824,20,0.7,20.0,82.91508032412827,0.1
2023-06-07,8084,85.8,95.04859710251239,91.12199580860825,20,0.7,20.0,84.29507808290577,0.1
2023-06-09,8084,77.3,93.54723068650296,96.392872320878,20,0.7,20.0,85.16238728617039,0.1
2023-06-12,8084,78.2,91.84981684981685,86.6497035257532,20,0.7,20.0,82.21737093638336,0.1
2023-06-13,8084,78.2,90.18324607329843,83.45831172521667,20,0.7,20.0,80.9195517532937,0.15
2024-08-05,8084,72.5,97.39801913714957,94.36309501056373,34,0.7352941176470589,20.0,86.86900302319756,0.2
2024-08-08,8084,70.9,97.15864246250987,69.82573201212195,34,0.7352941176470589,20.0,80.66284927119521,0.2
2024-08-09,8084,70.0,97.34863474475662,72.3247825405081,34,0.7352941176470589,20.0,81.34460958796578,0.2
2024-08-12,8084,70.4,97.58874219305875,66.75694437719196,34,0.7352941176470589,20.0,80.02468228162738,0.2
2024-08-13,8084,70.0,96.06299212598425,68.09306977491435,34,0.7352941176470589,20.0,79.90098861093563,0.2
2024-08-14,8084,69.0,92.1842347237315,72.45698633317454,34,0.7352941176470589,20.0,79.82834052982486,0.2
2024-08-15,8084,67.7,89.90498812351544,77.54284860898984,34,0.7352941176470589,20.0,80.41603211871386,0.2
2024-08-16,8084,68.4,86.21087168573203,70.80775322650823,34,0.7352941176470589,20.0,77.62402334175843,0.2
2024-05-24,8085,63.9,91.76697952802247,82.87919819944712,24,0.6666666666666666,20.0,80.24989340826852,0.12
2024-07-08,8085,61.6,96.97885196374622,84.21156985411463,24,0.6666666666666666,20.0,82.14654805265252,0.12
2024-07-09,8085,62.1,96.75324675324676,77.36747459980077,24,0.6666666666666666,20.0,80.36784267592422,0.12
2024-07-18,8085,60.9,97.838692672641,76.19197897385872,25,0.68,20.0,80.79960254525699,0.12
2024-07-19,8085,54.9,92.84677586564379,87.88410889194492,25,0.68,20.0,82.22505998267937,0.12
2024-07-22,8085,49.45,90.61796347260446,92.52836036136942,25,0.68,20.0,82.71747913212369,0.12
2024-07-23,8085,46.5,90.33672046224348,93.98743227012432,25,0.68,20.0,82.99787420620413,0.12
2021-05-11,8091,65.8,93.54218463786692,87.15383359760044,24,0.6666666666666666,20.0,81.85111379076018,0.12
2021-05-12,8091,59.7,92.13943950786057,94.0679820745632,24,0.6666666666666666,20.0,83.15882737099896,0.12
2021-05-13,8091,59.5,90.91327352196917,94.24838879986658,24,0.6666666666666666,20.0,82.8360792565574,0.12
2021-05-14,8091,59.3,91.01382488479263,94.43911491062478,24,0.6666666666666666,20.0,82.91392619309399,0.12
2021-05-17,8091,55.0,86.7084503998271,98.02483668246654,24,0.6666666666666666,20.0,82.51874429056477,0.12
2022-10-13,8091,67.8,99.04172195193867,88.32391607517576,32,0.65625,20.0,83.48099560437554,0.12
2022-10-14,8091,69.5,99.04172195193867,68.15692845951875,32,0.65625,20.0,78.43924870046129,0.12
2023-03-10,8091,85.4,72.17669906327842,67.23374109522598,34,0.6764705882352942,20.0,70.75556263984885,0.12
2023-07-19,8091,89.7,75.82026407888088,85.72031758676215,36,0.6944444444444444,20.0,77.00949195368813,0.12
2023-07-21,8091,88.8,69.13546849984827,85.60546788145875,36,0.6944444444444444,20.0,74.9753408536525,0.12
2023-07-24,8091,86.7,69.46865299635425,87.96435316549397,36,0.6944444444444444,20.0,75.6650175236131,0.12
2023-07-26,8091,87.1,65.82722681857783,77.16225284356707,36,0.6944444444444444,20.0,71.87206458979844,0.12
2021-02-01,8096,12.1,99.75621647976597,83.98182339167636,18,0.6666666666666666,20.0,82.92232079184888,0.12
2021-02-02,8096,12.2,95.87841944472778,70.39681570376733,18,0.6666666666666666,20.0,78.36272975936016,0.12
2021-02-03,8096,12.2,93.99243662801027,67.9992240749614,18,0.6666666666666666,20.0,77.19753700714342,0.12
2021-02-04,8096,12.2,91.04742895973635,65.84641547971223,18,0.6666666666666666,20.0,75.77583255784896,0.12
2021-05-12,8096,11.8,83.27188940092167,92.98426294833826,19,0.6842105263157895,20.0,80.75394834683475,0.12
2021-05-13,8096,11.7,82.11981566820276,93.41290649047572,19,0.6842105263157895,20.0,80.51548711255344,0.12
2021-05-14,8096,11.5,81.03174603174604,94.28010073407998,19,0.6842105263157895,20.0,80.40586478251748,0.12
2021-05-17,8096,10.4,75.61522419186653,98.2330901664938,19,0.6842105263157895,20.0,79.76915558865709,0.12
2022-07-12,8096,12.25,97.22222222222223,85.76019249677647,31,0.6774193548387096,20.0,82.92929543602207,0.15
2022-01-21,8121,44.35,99.15447393574001,69.4448578601635,33,0.6666666666666666,20.0,79.10755664576287,0.15
2022-01-25,8121,43.0,97.01594016771172,78.92732032198577,33,0.6666666666666666,20.0,80.83661213080995,0.15
2022-01-26,8121,42.1,98.49502199583237,82.21898472607376,33,0.6666666666666666,20.0,82.10325278026815,0.15
2022-02-14,8121,42.45,95.27710440524952,77.0051089241945,33,0.6666666666666666,20.0,79.83440855262347,0.15
2022-02-15,8121,42.2,96.75324675324676,78.58791803964388,33,0.6666666666666666,20.0,80.672953535885,0.15
2022-02-22,8121,41.25,91.044124071647,82.18603006442255,33,0.6666666666666666,20.0,79.85974473759974,0.15
2022-02-23,8121,40.75,88.54825773104001,83.38429933551288,33,0.6666666666666666,20.0,79.41055215319022,0.15
2022-02-24,8121,38.3,86.04570033141461,89.24379574425643,33,0.6666666666666666,20.0,80.12465903548849,0.15
2024-08-05,8121,35.4,99.54179818755728,77.48343562833217,56,0.6607142857142857,20.0,81.05482693477879,0.15
2024-08-06,8121,33.9,99.0894374747066,89.56521756876704,56,0.6607142857142857,20.0,83.93956420603232,0.15
2020-07-28,8150,30.350000381469727,83.85644442097373,80.55004563053522,14,0.7857142857142857,20.0,80.8658733053545,0.15
2020-08-19,8150,30.600000381469727,72.82082459089712,73.61626226803247,14,0.7857142857142857,20.0,75.82174151570582,0.15
2020-08-20,8150,29.100000381469727,77.13548068808835,90.84673220132298,14,0.7857142857142857,20.0,81.42375582818582,0.15
2020-08-21,8150,29.25,75.31184906467436,83.66905105369518,14,0.7857142857142857,20.0,79.08224605425468,0.15
2020-08-24,8150,29.200000762939453,75.76693810188155,85.27561957618992,14,0.7857142857142857,20.0,79.62041489604051,0.15
2020-08-28,8150,29.399999618530273,65.34263334734355,65.86180317432333,14,0.7857142857142857,20.0,71.63966936921247,0.15
2020-08-31,8150,29.100000381469727,65.10123168780144,80.79930054244463,14,0.7857142857142857,20.0,75.30162321338015,0.15
2021-09-29,8150,47.54999923706055,98.54750451435707,88.82433895886948,18,0.6666666666666666,20.0,83.77033609402449,0.15
2021-09-30,8150,47.70000076293945,99.05676690634382,83.3753824942191,18,0.6666666666666666,20.0,82.56087569545792,0.15
2021-10-01,8150,46.099998474121094,95.58441380692588,90.70996390674959,18,0.6666666666666666,20.0,83.35281511876516,0.15
2021-10-04,8150,44.900001525878906,95.50328861613428,92.14177550836048,18,0.6666666666666666,20.0,83.6864304619304,0.15
2021-10-06,8150,44.95000076293945,94.85850319369622,84.24907303027322,18,0.6666666666666666,20.0,81.51981921567717,0.15
2021-10-08,8150,45.20000076293945,93.744718474007,74.19341612294289,18,0.6666666666666666,20.0,78.67176957293782,0.15
2021-10-12,8150,44.29999923706055,91.46612018722762,82.57296493640915,18,0.6666666666666666,20.0,80.08307729027057,0.15
2021-10-13,8150,42.900001525878906,89.56565978951684,86.64525185991123,18,0.6666666666666666,20.0,80.53101090183286,0.15
2021-10-14,8150,43.70000076293945,91.74832428075472,71.78760219557749,18,0.6666666666666666,20.0,77.47139783312079,0.15
2020-06-22,8155,141.0,97.69585253456222,65.86972276024586,15,0.6666666666666666,20.0,77.77618645043013,0.15
2020-06-29,8155,139.0,93.63867684478372,77.56199229877976,15,0.6666666666666666,20.0,79.48210112813005,0.15
2020-07-27,8155,136.5,89.33601609657947,81.10422874358707,15,0.6666666666666666,20.0,79.07686201487061,0.15
2020-07-28,8155,128.0,85.40288049824835,87.97562654935803,15,0.6666666666666666,20.0,79.614770786814,0.15
2024-07-19,8155,134.0,72.2429805234045,87.41440612899844,55,0.6545454545454545,20.0,75.1628593256346,0.12
2024-07-22,8155,130.5,75.11421044768683,90.36523644936598,55,0.6545454545454545,20.0,76.76193588301118,0.12
2024-07-23,8155,131.5,73.203751875818,80.71648949685385,55,0.6545454545454545,20.0,73.7766115733225,0.12
2024-07-26,8155,131.5,74.60891193432107,79.65938698289129,55,0.6545454545454545,20.0,73.93388396238278,0.12
2024-07-29,8155,127.5,77.60883549667602,91.92833715665752,55,0.6545454545454545,20.0,77.90109857453082,0.12
2024-07-30,8155,130.0,79.73161505830483,67.66314176157937,55,0.6545454545454545,20.0,72.47163359424992,0.12
2024-08-05,8155,121.0,86.00883652430045,89.6681237664364,55,0.6545454545454545,20.0,79.85604553526287,0.12
2024-08-07,8155,114.0,86.36153490522423,72.95010094338538,55,0.6545454545454545,20.0,75.78234934377726,0.12
2024-11-18,8155,117.0,90.58102345415779,69.82870105370931,60,0.65,20.0,76.13148229967466,0.12
2024-11-28,8155,114.0,89.46479158235532,77.48785151048807,60,0.65,20.0,77.71140035232861,0.12
2024-12-02,8155,115.0,82.34190575126672,65.2661638432635,60,0.65,20.0,72.51911268619588,0.12
2025-04-09,8155,99.0,93.87755102040816,91.45761216697721,66,0.6515151515151515,20.0,82.5731228933213,0.12
2025-04-21,8155,102.0,99.85855728429986,68.01244505651322,66,0.6515151515151515,20.0,78.50613299487281,0.12
2025-04-22,8155,98.2,98.08623212878533,80.15899686269576,66,0.6515151515151515,20.0,81.01107339976409,0.15
2026-07-09,8155,351.0,97.24000883197174,67.84074350481026,69,0.6666666666666666,20.0,78.13218852579408,0.15
2026-07-13,8155,342.5,98.16555835817474,82.54483661678782,69,0.6666666666666666,20.0,82.08587666164937,0.15
2026-07-14,8155,324.5,96.4229823384753,89.5335354391501,69,0.6666666666666666,20.0,83.31027856133011,0.15
2026-07-16,8155,327.5,91.43320213012271,77.86985358113594,69,0.6666666666666666,20.0,78.89742403432079,0.15
2026-07-17,8155,302.0,89.45952007176497,91.15011617255874,69,0.6666666666666666,20.0,81.62538506466917,0.15
2026-07-20,8155,282.0,88.24175824175825,94.04595108840476,69,0.6666666666666666,20.0,81.98401524462867,0.15
2026-07-21,8155,300.0,93.34377447141739,66.0460152504216,69,0.6666666666666666,20.0,76.51463615403061,0.15
2026-07-28,8155,277.0,84.5349354695149,85.89555792733795,69,0.6666666666666666,20.0,78.83437012268895,0.15
2026-07-29,8155,258.0,83.008658008658,91.16696453975925,69,0.6666666666666666,20.0,79.6943385375372,0.15
2021-05-17,8171,42.4,99.77074736359468,93.0842927543474,14,0.7857142857142857,20.0,88.77372596909382,0.15
2021-08-17,8171,50.2,99.12210694333601,73.39049633493758,15,0.8,20.0,84.0842561667352,0.15
2022-05-12,8171,47.35,97.36809891051536,65.20760837838448,23,0.6521739130434783,20.0,77.07754915905507,0.15
2023-04-26,8171,54.5,97.17808028974052,80.97680394037872,34,0.6764705882352942,20.0,81.69174271907566,0.15
2023-04-27,8171,54.7,96.90087052242086,74.99798799720939,34,0.6764705882352942,20.0,80.11387580308744,0.15
2023-05-09,8171,54.1,84.20025281495244,80.24418599444166,34,0.6764705882352942,20.0,77.61523999015498,0.15
2023-05-10,8171,54.0,79.37670736460339,79.38718841459496,34,0.6764705882352942,20.0,75.95392696008858,0.15
2023-05-11,8171,52.0,81.99681369293423,89.08352721449238,34,0.6764705882352942,20.0,79.16404355856218,0.15
2023-05-12,8171,52.9,80.80900435445042,69.40411424870317,34,0.6764705882352942,20.0,73.88784751556975,0.15
2023-05-15,8171,52.6,79.34544746422566,73.55116227961595,34,0.6764705882352942,20.0,74.48554245623052,0.15
2020-03-12,8182,25.45,92.28571428571428,83.30239346792301,13,0.6923076923076923,20.0,81.28054342192581,0.2
2020-03-13,8182,23.4,86.93552967906844,88.76685242115259,13,0.6923076923076923,20.0,81.04160277823945,0.2
2020-03-16,8182,22.7,86.36107986501688,90.321750376393,13,0.6923076923076923,20.0,81.25799232283407,0.2
2020-03-17,8182,20.95,81.43982002249719,93.700222512379,13,0.6923076923076923,20.0,80.62623240407467,0.2
2020-03-18,8182,18.95,81.38783537013624,96.74586850369398,13,0.6923076923076923,20.0,81.37204850619514,0.2
2020-03-20,8182,18.8,80.68027210884352,72.42938822270399,13,0.6923076923076923,20.0,75.08065945755982,0.2
2020-03-23,8182,18.1,78.86366725567487,79.38414815861734,13,0.6923076923076923,20.0,76.27436798558756,0.2
2020-07-27,8182,27.75,93.82167875141471,71.49908367265776,15,0.7333333333333333,20.0,80.02127454358885,0.2
2020-07-28,8182,26.6,95.47038327526133,86.9412630062084,15,0.7333333333333333,20.0,84.3764307341305,0.2
2021-05-17,8182,29.0,97.22097040709028,68.2739024327818,21,0.7619047619047619,20.0,81.0919095874654,0.15
2021-10-04,8182,42.5,93.02721088435374,87.42499039259975,22,0.7727272727272727,20.0,84.94622904527424,0.15
2021-10-06,8182,42.45,91.73022538349473,85.58441765669373,22,0.7727272727272727,20.0,84.09699021104004,0.15
2021-10-12,8182,41.85,93.88258075873603,83.40365789228022,22,0.7727272727272727,20.0,84.19750688250903,0.15
2021-09-07,8183,41.3,98.92401920211884,65.80140052787408,17,0.7058823529411765,20.0,79.30402648083947,0.15
2021-09-22,8183,41.55,93.96825396825396,70.33201133504099,17,0.7058823529411765,20.0,78.94994961247173,0.15
2021-09-28,8183,41.05,86.678704292682,78.39506904436736,17,0.7058823529411765,20.0,78.77884913713173,0.15
2021-09-29,8183,39.15,83.87096774193549,87.1014434586654,17,0.7058823529411765,20.0,80.11312177548228,0.15
2021-09-30,8183,40.0,86.21031746031747,70.87075155035023,17,0.7058823529411765,20.0,76.75725371391809,0.15
2022-03-07,8183,53.9,93.03530936183998,67.47132342547529,22,0.7272727272727273,20.0,78.59660548310264,0.2
2022-03-08,8183,52.2,85.91909882232463,84.23386679955412,22,0.7272727272727273,20.0,80.65237816476774,0.2
2022-05-12,8183,52.7,97.52720079129574,76.21071382174648,24,0.75,20.0,82.81083869282534,0.2
2022-07-01,8183,54.0,94.08703878902554,74.30135425202153,25,0.76,20.0,81.60145019971304,0.2
2022-07-04,8183,53.7,95.86977648202138,77.56225943677028,25,0.76,20.0,82.95149780379899,0.2
2022-09-28,8183,54.0,98.5553772070626,87.55650303204722,28,0.7857142857142857,20.0,87.02716749155915,0.2
2022-10-13,8183,53.0,90.02574002574002,85.96994062195243,28,0.7857142857142857,20.0,84.07163573463868,0.2
2022-10-20,8183,53.5,91.04116222760291,71.03138744188632,28,0.7857142857142857,20.0,80.64162410018102,0.2
2022-10-21,8183,52.0,90.27423469387755,85.08855630187227,28,0.7857142857142857,20.0,83.9258380550599,0.2
2022-10-24,8183,52.2,91.0814719588623,77.94030090462968,28,0.7857142857142857,20.0,82.38094538524467,0.2
2024-03-07,8222,43.650001525878906,79.05527613618716,85.01479947941608,33,0.6666666666666666,20.0,76.97028271071017,0.12
2024-03-08,8222,43.04999923706055,77.3526183450935,86.83781606768156,33,0.6666666666666666,20.0,76.91523952044844,0.12
2024-03-13,8222,42.79999923706055,79.32460726208139,83.71818817910469,33,0.6666666666666666,20.0,76.72692922340059,0.12
2024-03-14,8222,42.75,76.49893049245239,81.96266313385388,33,0.6666666666666666,20.0,75.44034493119918,0.12
2024-03-15,8222,42.95000076293945,75.10448069779324,69.64378634857351,33,0.6666666666666666,20.0,71.94229079648134,0.12
2024-03-18,8222,42.95000076293945,72.26795333147405,67.87489546031831,33,0.6666666666666666,20.0,70.64910986452179,0.12
2024-03-20,8222,42.900001525878906,72.51011630902161,68.0387226956074,33,0.6666666666666666,20.0,70.76271556660834,0.12
2024-06-06,8222,42.95000076293945,74.24197522122748,66.61499980754579,35,0.6857142857142857,20.0,71.49777108968325,0.12
2024-08-05,8227,193.0,94.02716413025692,90.00639393445235,12,0.6666666666666666,20.0,82.70974772269017,0.2
2024-08-06,8227,182.0,94.02716413025692,92.42995699744898,12,0.6666666666666666,20.0,83.31563848843932,0.15
2021-09-28,8261,88.0999984741211,98.45752327320906,68.32318702842251,25,0.68,20.0,79.01805373906834,0.15
2021-09-29,8261,83.5,98.02087105887611,82.9748481881731,25,0.68,20.0,82.5499733647061,0.15
2021-10-01,8261,81.0,98.00445954672831,84.75514375677871,25,0.68,20.0,82.99012380321318,0.15
2021-10-04,8261,78.0,97.12893616286702,88.38826736287477,25,0.68,20.0,83.6357476895788,0.15
2021-10-06,8261,80.0999984741211,96.55212031894956,72.54303824998871,25,0.68,20.0,79.50139565818205,0.15
2021-10-13,8261,80.19999694824219,96.86572040945089,66.39472114703231,25,0.68,20.0,78.05839640959334,0.15
2022-01-26,8261,99.0,98.25996168681814,67.77084633054842,27,0.7037037037037037,20.0,79.53181119979367,0.15
2022-03-08,8261,99.5,95.39764350302195,70.25199079544059,27,0.7037037037037037,20.0,79.29340186087785,0.15
2022-04-25,8261,99.5,90.6086460036073,70.1514400293562,30,0.7333333333333333,20.0,78.72045380842124,0.15
2022-04-26,8261,94.5,96.06921798098489,89.07610311395092,30,0.7333333333333333,20.0,85.0897911727832,0.15
2022-04-27,8261,90.30000305175781,92.15259635495507,92.48594266087008,30,0.7333333333333333,20.0,84.76726457170403,0.15
2022-04-28,8261,88.80000305175781,91.89867794707439,93.56436791938614,30,0.7333333333333333,20.0,84.96069536396885,0.15
2022-04-29,8261,89.9000015258789,93.62142346689784,81.2944560954363,30,0.7333333333333333,20.0,82.41004106392842,0.15
2022-05-03,8261,91.0,93.37022912111799,65.43111826688998,30,0.7333333333333333,20.0,78.36884830305789,0.15
2022-10-13,8261,92.30000305175781,95.067818760363,89.02962148469098,35,0.7714285714285715,20.0,85.92060814213879,0.15
2022-10-21,8261,94.5,91.93403804927848,66.71576661839025,36,0.7777777777777778,20.0,79.59248640271444,0.15
2022-10-26,8261,93.19999694824219,94.3281363384607,73.17248399720846,36,0.7777777777777778,20.0,81.92489523417365,0.15
2023-04-27,8261,102.5,78.46095977380294,68.06703253863597,38,0.7894736842105263,20.0,76.23925659311567,0.15
2025-03-31,8261,80.5999984741211,89.48380043890563,80.37768644571428,45,0.7555555555555555,20.0,81.60622840976693,0.15
2025-04-07,8261,74.4000015258789,85.26785469480826,89.95047281514393,45,0.7555555555555555,20.0,82.73464127889513,0.15
2025-04-08,8261,67.0,82.03760363483067,94.66974786008723,45,0.7555555555555555,20.0,82.94538472213767,0.15
2025-12-15,8261,87.5,73.83379828534048,79.45914929316818,47,0.7446808510638298,20.0,76.35535234080908,0.15
2025-12-16,8261,86.5,73.32148348913148,85.05621413864642,47,0.7446808510638298,20.0,77.60092411331594,0.15
2023-05-11,8289,39.35,95.21271672427402,80.15859056872854,25,0.72,20.0,82.20346265946434,0.12
2023-05-15,8289,39.65,93.90354002674309,68.8259999473728,25,0.72,20.0,78.97756199486612,0.12
2020-01-31,8358,36.45,87.51427760475099,97.11687356422355,12,0.75,20.0,85.03350167248118,0.1
2022-01-11,8358,72.7,76.73662396416519,79.88956756151235,25,0.68,20.0,75.39337907962764,0.12
2022-01-12,8358,72.2,75.83956377178784,84.2150536270943,25,0.68,20.0,76.20563253830991,0.12
2022-01-19,8358,72.2,73.13762866562044,76.8447498788892,25,0.68,20.0,73.55247606940844,0.12
2022-01-20,8358,71.9,71.99222778212109,77.9828088786927,25,0.68,20.0,73.49337055430951,0.12
2022-01-21,8358,71.5,73.9367871641214,79.2129705786073,25,0.68,20.0,74.38427879388824,0.12
2022-01-24,8358,69.8,72.48174988880939,88.21726343615146,25,0.68,20.0,76.19884082568069,0.12
2022-01-25,8358,69.0,68.82390547865309,90.14217747321405,25,0.68,20.0,75.58271601189944,0.12
2022-01-26,8358,67.5,71.06536587151295,93.39401612878441,25,0.68,20.0,77.06811379364999,0.12
2021-10-26,8367,54.09135437011719,99.90174950784572,74.28300003789042,14,0.7142857142857143,20.0,81.96984629039775,0.2
2021-10-27,8367,53.39532470703125,97.63414776534862,77.7529379535407,14,0.7142857142857143,20.0,82.15705024656118,0.2
2021-10-28,8367,53.69362258911133,98.1814509626106,71.57785973343896,14,0.7142857142857143,20.0,80.77747165071435,0.2
2021-08-16,8390,37.7,93.41750901149554,87.43883263088225,12,0.6666666666666666,20.0,81.88496086116922,0.12
2021-08-17,8390,37.0,91.27847618101036,89.26293739502655,12,0.6666666666666666,20.0,81.69927720305975,0.12
2021-08-19,8390,36.6,94.82196056178182,87.74366388084847,12,0.6666666666666666,20.0,82.38250413874667,0.12
2021-08-20,8390,36.3,90.85005903187721,87.2361445771633,12,0.6666666666666666,20.0,81.06405385385399,0.12
2021-08-17,8431,60.0,99.33708982432881,79.01672269097975,31,0.6774193548387096,20.0,81.87788826520486,0.2
2023-08-08,8478,508.0,98.89324025200068,76.24693408501795,22,0.6818181818181818,20.0,81.18425105140014,0.2
2023-08-09,8478,486.0,97.71225216065073,87.63032447188594,22,0.6818181818181818,20.0,83.67580222071216,0.2
2023-08-10,8478,447.5,95.45119252520286,91.4220070277229,22,0.6818181818181818,20.0,83.94540496903703,0.2
2023-08-11,8478,450.0,95.49475753604193,87.20892933935578,22,0.6818181818181818,20.0,82.90520505019697,0.2
2023-08-14,8478,463.5,94.65838509316771,68.28064417804711,22,0.6818181818181818,20.0,77.92222202700754,0.2
2023-08-15,8478,462.0,94.62009601059427,67.87313535880295,22,0.6818181818181818,20.0,77.80885809742448,0.2
2023-08-16,8478,441.5,90.7122032486464,86.65518981492423,22,0.6818181818181818,20.0,81.33200388287042,0.2
2023-08-18,8478,437.0,92.2912907987535,82.56897029319516,22,0.6818181818181818,20.0,80.78417526747029,0.2
2023-08-21,8478,436.5,93.06881381256744,81.12777078108978,22,0.6818181818181818,20.0,80.65713229358813,0.2
2023-08-22,8478,432.0,92.55090216851514,80.96127633653725,22,0.6818181818181818,20.0,80.46013518923431,0.2
2023-08-23,8478,430.5,93.03644399966642,80.14818584239134,22,0.6818181818181818,20.0,80.40252511504322,0.2
2023-08-24,8478,426.5,92.1842347237315,80.81969249588919,22,0.6818181818181818,20.0,80.3147389956372,0.2
2023-08-25,8478,415.5,90.34523112931538,83.15581849074596,22,0.6818181818181818,20.0,80.34706941602656,0.2
2023-08-28,8478,416.5,89.19033488766426,79.17699033684745,22,0.6818181818181818,20.0,79.00589350505659,0.2
2025-11-11,8932,177.0,97.35449735449735,82.54838435121758,25,0.76,20.0,84.6434452941536,0.15
2025-11-12,8932,172.5,95.57310361330462,86.79829018669024,25,0.76,20.0,85.17150363066395,0.15
2025-11-13,8932,170.0,95.12716900404088,89.84500514222853,25,0.76,20.0,85.7994019867694,0.15
2025-11-14,8932,162.0,90.10617760617761,94.91748413619766,25,0.76,20.0,85.56122431590269,0.15
2025-11-17,8932,157.5,90.84249084249085,96.48313971259836,25,0.76,20.0,86.17353218089684,0.15
2025-11-18,8932,158.0,90.42709867452135,93.27014005637182,25,0.76,20.0,85.24566461644936,0.15
2025-11-19,8932,162.0,87.8419452887538,73.51990446111009,25,0.76,20.0,79.53255970190366,0.15
2025-11-21,8932,161.5,86.38232271325796,71.48759433171143,25,0.76,20.0,78.58659539690525,0.15
2021-05-17,8936,24.2,97.75307473982971,71.79550945032642,15,0.6666666666666666,20.0,79.27479978453052,0.15
2021-06-07,8936,25.1,89.69008519570318,72.05117650939594,15,0.6666666666666666,20.0,76.91981968605994,0.15
2021-07-13,9103,19.600000381469727,97.817624025715,81.79700009215487,16,0.75,20.0,84.29453723075322,0.2
2021-07-14,9103,19.299999237060547,99.27728222994946,85.49266877926253,16,0.75,20.0,85.65635186380047,0.2
2021-07-15,9103,19.700000762939453,99.76070971394326,72.97367587829987,16,0.75,20.0,82.67163188375794,0.2
2021-07-16,9103,19.799999237060547,99.76070742423508,66.86019059140347,16,0.75,20.0,81.14325987512139,0.2
2021-07-27,9103,19.399999618530273,95.19756808512537,72.7137230850156,16,0.75,20.0,81.2377011967915,0.2
2021-07-28,9103,19.100000381469727,96.23410431501703,78.83275877419382,16,0.75,20.0,83.07842098805357,0.2
2021-07-29,9103,19.350000381469727,96.16905571490747,67.29243919311024,16,0.75,20.0,80.1738265127498,0.2
2021-07-30,9103,19.149999618530273,96.87812212796143,72.89279851096902,16,0.75,20.0,81.78663626613069,0.2
2022-09-28,9802,157.0,92.73893954745019,74.02469676653593,21,0.6666666666666666,20.0,78.32785605586903,0.2
2022-10-03,9802,152.5,95.83911234396672,88.6006382914559,21,0.6666666666666666,20.0,82.90189327605398,0.2
2022-10-13,9802,150.0,89.3687707641196,82.19323660108124,21,0.6666666666666666,20.0,79.3589403795062,0.2
2021-01-28,9910,160.7142791748047,76.623069034677,81.43920248032826,12,0.6666666666666666,20.0,75.34672133048517,0.12
2021-01-29,9910,160.7142791748047,70.6053728041553,79.38379078215524,12,0.6666666666666666,20.0,73.0275595367854,0.12
2021-08-16,9910,187.5,98.76847443046883,86.90059434071597,14,0.7142857142857143,20.0,84.78426234289107,0.15
2021-08-17,9910,187.5,93.4184920815336,86.06726100738264,14,0.7142857142857143,20.0,82.97093430487716,0.15
2021-08-18,9910,184.82142639160156,91.7820471158578,88.39504842388858,14,0.7142857142857143,20.0,83.0619476693009,0.15
2021-08-19,9910,179.01785278320312,88.6663088519046,91.32030384865317,14,0.7142857142857143,20.0,82.8585400463061,0.15
2020-12-11,9958,120.0,85.3172211895001,78.90086353563743,16,0.8125,20.0,81.69538224075939,0.2
2020-12-14,9958,116.5,84.20677560715805,88.52301153817356,16,0.8125,20.0,83.7677855666908,0.2
2020-12-15,9958,111.5,89.50425570418476,93.03159435006411,16,0.8125,20.0,86.48417529877145,0.2
2020-12-16,9958,114.0,83.92426779831348,71.53804615974535,16,0.8125,20.0,79.43679187943039,0.2
2020-12-17,9958,110.5,87.00977205398968,91.0085180828442,16,0.8125,20.0,85.23006113690795,0.2
2020-12-18,9958,112.0,89.24519790579214,73.18535384189946,16,0.8125,20.0,81.4448978322125,0.2
2020-12-28,9958,110.0,89.95535714285714,79.71150235757335,16,0.8125,20.0,83.28948273225048,0.2
2021-05-17,9958,95.5,95.06493506493507,86.67305815449325,22,0.7727272727272727,20.0,85.369563239922,0.2
2021-08-20,9958,108.5,90.92436974789916,74.3490822708239,23,0.782608695652174,20.0,81.34284236164093,0.2
2021-08-23,9958,109.5,90.66849816849816,75.49351228457923,23,0.782608695652174,20.0,81.55218839125948,0.2
2021-09-03,9958,108.5,87.45159119176414,80.35286927476433,23,0.782608695652174,20.0,81.80195554578555,0.2
2021-09-06,9958,106.5,84.3991565024621,88.37954422594805,23,0.782608695652174,20.0,82.89289387679086,0.2
2021-09-07,9958,107.0,78.88617911400969,79.8861504919118,23,0.782608695652174,20.0,79.11565222674608,0.2
2021-09-08,9958,103.0,78.1338801585292,91.533096062049,23,0.782608695652174,20.0,81.80169893263623,0.2
2021-09-14,9958,105.0,76.33994515910264,67.40815652177929,23,0.782608695652174,20.0,75.23228354774083,0.2
2022-01-25,9958,105.5,77.3125846139038,86.29484735637662,27,0.7777777777777778,20.0,80.10082055659862,0.15
2022-01-26,9958,106.0,78.1285506333837,78.30375767564303,27,0.7777777777777778,20.0,78.34783794225919,0.15
2022-03-08,9958,105.0,75.24525442594182,84.10685843381027,27,0.7777777777777778,20.0,78.93362426956844,0.15
2022-03-09,9958,105.5,75.77970483773369,75.5636255264572,27,0.7777777777777778,20.0,76.95815116626775,0.15
2022-03-15,9958,105.5,71.70150633635609,67.66066570789904,27,0.7777777777777778,20.0,73.75895166121492,0.15
2022-06-15,9958,108.0,91.6596231987918,86.3419065906147,30,0.8,20.0,85.08336360729122,0.2
2022-06-16,9958,105.5,91.82734814015151,89.07890753705651,30,0.8,20.0,85.81793132630958,0.2
2022-06-17,9958,101.0,95.01352021127128,93.10296855151726,30,0.8,20.0,87.7797982012607,0.2
2022-06-20,9958,99.8,94.15144465865082,94.03194808653897,30,0.8,20.0,87.75342041923,0.2
2022-06-21,9958,101.0,91.37540629570543,83.09443261889719,30,0.8,20.0,84.18623004343593,0.2
2022-06-22,9958,99.7,87.3372619665403,91.53727767890693,30,0.8,20.0,85.08549800968882,0.2
2022-06-23,9958,101.5,85.87742407606287,67.09761312913861,30,0.8,20.0,78.53763050510351,0.2
2022-07-12,9958,98.0,82.07391064533921,87.05667248328412,31,0.7741935483870968,20.0,81.61214776603569,0.2
2023-11-02,9958,139.5,95.60689879596485,77.1142747725017,41,0.6585365853658537,20.0,79.71673589289048,0.15
2023-11-03,9958,140.0,94.37830687830689,72.52367992523996,41,0.6585365853658537,20.0,78.20050960577767,0.15
2023-11-07,9958,140.0,98.26629680998613,67.20034206038468,41,0.6585365853658537,20.0,78.03607211906763,0.15
2024-04-23,9958,194.0,97.94801641586866,76.6532715526701,42,0.6666666666666666,20.0,80.54772281292813,0.15
2024-07-29,9958,218.5,99.27262147221414,87.72983257925293,44,0.6818181818181818,20.0,84.16879004102293,0.15
2024-07-30,9958,220.0,98.53027630805408,82.4584924899096,44,0.6818181818181818,20.0,82.62825146943908,0.15
2024-07-31,9958,219.5,98.45837615621788,80.87897364696803,44,0.6818181818181818,20.0,82.21180171315282,0.15
2024-08-01,9958,220.5,99.55449955449956,73.42180457073304,44,0.6818181818181818,20.0,80.67634646357858,0.15
2024-08-02,9958,213.5,99.4731296101159,93.3900068536735,44,0.6818181818181818,20.0,85.64398605099859,0.15
2024-08-07,9958,194.5,95.72284003421728,68.99763992735103,44,0.6818181818181818,20.0,78.4208074466484,0.15
2024-08-08,9958,188.0,93.08755760368663,77.8519945290606,44,0.6818181818181818,20.0,79.84381136791659,0.15
2024-08-09,9958,192.5,91.80327868852459,66.26646600269507,44,0.6818181818181818,20.0,76.56214556177659,0.15
2024-11-11,9958,185.0,96.51293588301462,91.66979152085219,48,0.6875,20.0,84.49632864511743,0.15
2024-11-12,9958,183.5,95.35884084220059,92.0376495447023,48,0.6875,20.0,84.24206463883576,0.15
2024-11-13,9958,184.0,95.23809523809524,85.52943893912531,48,0.6875,20.0,82.5787883062099,0.15
2024-11-14,9958,176.5,93.44590091090868,93.01623357416405,48,0.6875,20.0,83.91282866681361,0.15
2024-11-18,9958,179.5,94.34123425154814,74.5841430496677,48,0.6875,20.0,79.57340603788137,0.15
2024-11-20,9958,176.0,92.92149292149293,83.75487709351627,48,0.6875,20.0,81.44016714982695,0.15
2025-08-29,9958,183.5,90.09603841536614,68.27815246323513,55,0.6545454545454545,20.0,75.73471327678226,0.15
2025-09-01,9958,178.0,88.53615520282187,84.43649372215835,55,0.6545454545454545,20.0,79.30633362774978,0.15
2025-09-02,9958,176.0,88.0466472303207,85.47902217782581,55,0.6545454545454545,20.0,79.4201133499163,0.15
2025-09-03,9958,173.0,86.29737609329446,87.01770724124957,55,0.6545454545454545,20.0,79.28000327466437,0.15
2025-09-04,9958,173.5,84.16019127316198,81.1889851203563,55,0.6545454545454545,20.0,77.18166729840131,0.15
2025-09-05,9958,174.0,79.9538084981869,75.12394178775881,55,0.6545454545454545,20.0,74.40349163275941,0.15
2025-09-08,9958,174.0,77.97091555176551,73.1836253385719,55,0.6545454545454545,20.0,73.32354463653627,0.15
2025-09-09,9958,173.0,75.4824133521852,79.40477229479761,55,0.6545454545454545,20.0,74.13228071571861,0.15
2022-05-12,9962,16.6,99.7242140099283,65.57362756329186,12,0.75,20.0,80.81067109380146,0.2
