symbol,exchange,first_seen,last_seen,trading_days,source,universe_reason,data_status
1240,TPEx,2018-08-08,2026-08-19,1945,TPEx STK_WN1430,observed in official daily market table,READY
1258,TPEx,2018-01-02,2023-05-31,1252,TPEx STK_WN1430,observed in official daily market table,READY
1259,TPEx,2018-01-02,2026-08-17,1971,TPEx STK_WN1430,observed in official daily market table,READY
1264,TPEx,2018-01-02,2026-08-19,2051,TPEx STK_WN1430,observed in official daily market table,READY
1268,TPEx,2018-01-02,2026-08-19,2086,TPEx STK_WN1430,observed in official daily market table,READY
1294,TPEx,2024-09-26,2026-08-19,458,TPEx STK_WN1430,observed in official daily market table,READY
1295,TPEx,2025-05-27,2026-08-19,302,TPEx STK_WN1430,observed in official daily market table,READY
1333,TPEx,2018-01-03,2020-04-06,443,TPEx STK_WN1430,observed in official daily market table,READY
1336,TPEx,2018-01-02,2026-08-19,2094,TPEx STK_WN1430,observed in official daily market table,READY
1565,TPEx,2018-01-02,2026-08-19,2095,TPEx STK_WN1430,observed in official daily market table,READY
1566,TPEx,2018-01-02,2019-07-24,377,TPEx STK_WN1430,observed in official daily market table,READY
1569,TPEx,2018-01-02,2026-08-19,2095,TPEx STK_WN1430,observed in official daily market table,READY
1570,TPEx,2018-01-02,2026-08-19,2088,TPEx STK_WN1430,observed in official daily market table,READY
1580,TPEx,2018-01-02,2026-08-19,2095,TPEx STK_WN1430,observed in official daily market table,READY
1584,TPEx,2018-01-02,2026-08-19,2094,TPEx STK_WN1430,observed in official daily market table,READY
1586,TPEx,2018-01-02,2026-08-19,2095,TPEx STK_WN1430,observed in official daily market table,READY
1591,TPEx,2018-01-02,2026-08-19,2058,TPEx STK_WN1430,observed in official daily market table,READY
1593,TPEx,2018-01-02,2026-08-19,2084,TPEx STK_WN1430,observed in official daily market table,READY
1595,TPEx,2018-01-02,2026-08-19,2091,TPEx STK_WN1430,observed in official daily market table,READY
1599,TPEx,2018-01-02,2026-08-19,2094,TPEx STK_WN1430,observed in official daily market table,READY
1742,TPEx,2018-01-02,2026-08-19,2085,TPEx STK_WN1430,observed in official daily market table,READY
1777,TPEx,2018-01-02,2026-08-19,2089,TPEx STK_WN1430,observed in official daily market table,READY
1780,TPEx,2026-06-17,2026-08-19,44,TPEx STK_WN1430,observed in official daily market table,EXCLUDE_INSUFFICIENT_HISTORY
1781,TPEx,2018-01-02,2026-08-18,2091,TPEx STK_WN1430,observed in official daily market table,READY
1784,TPEx,2018-01-02,2026-08-19,2095,TPEx STK_WN1430,observed in official daily market table,READY
1785,TPEx,2018-01-02,2026-08-19,2095,TPEx STK_WN1430,observed in official daily market table,READY
1787,TPEx,2018-01-02,2019-11-20,454,TPEx STK_WN1430,observed in official daily market table,READY
1788,TPEx,2018-01-02,2026-08-19,2087,TPEx STK_WN1430,observed in official daily market table,READY
1796,TPEx,2018-01-22,2026-08-19,2025,TPEx STK_WN1430,observed in official daily market table,READY
1799,TPEx,2018-01-02,2026-08-19,2087,TPEx STK_WN1430,observed in official daily market table,READY
1813,TPEx,2018-01-02,2026-08-18,2085,TPEx STK_WN1430,observed in official daily market table,READY
1815,TPEx,2018-01-02,2026-08-19,2095,TPEx STK_WN1430,observed in official daily market table,READY
2035,TPEx,2018-01-02,2026-08-19,1898,TPEx STK_WN1430,observed in official daily market table,READY
2061,TPEx,2018-01-02,2026-08-19,2070,TPEx STK_WN1430,observed in official daily market table,READY
2063,TPEx,2018-01-02,2026-08-19,2090,TPEx STK_WN1430,observed in official daily market table,READY
2064,TPEx,2018-01-02,2026-08-19,1966,TPEx STK_WN1430,observed in official daily market table,READY
2065,TPEx,2018-01-02,2026-08-19,2091,TPEx STK_WN1430,observed in official daily market table,READY
2066,TPEx,2018-01-02,2026-08-19,2076,TPEx STK_WN1430,observed in official daily market table,READY
2067,TPEx,2018-01-02,2026-08-19,2035,TPEx STK_WN1430,observed in official daily market table,READY
2070,TPEx,2018-12-17,2026-08-19,1835,TPEx STK_WN1430,observed in official daily market table,READY
2073,TPEx,2023-06-21,2026-08-18,566,TPEx STK_WN1430,observed in official daily market table,READY
2221,TPEx,2018-01-02,2026-08-19,2090,TPEx STK_WN1430,observed in official daily market table,READY
2230,TPEx,2018-01-02,2026-08-19,2090,TPEx STK_WN1430,observed in official daily market table,READY
2235,TPEx,2018-01-02,2026-08-19,1921,TPEx STK_WN1430,observed in official daily market table,READY
2596,TPEx,2018-01-02,2026-08-19,2094,TPEx STK_WN1430,observed in official daily market table,READY
2640,TPEx,2018-01-02,2026-08-19,2090,TPEx STK_WN1430,observed in official daily market table,READY
2641,TPEx,2018-01-02,2026-08-19,2090,TPEx STK_WN1430,observed in official daily market table,READY
2643,TPEx,2018-01-02,2026-08-19,2088,TPEx STK_WN1430,observed in official daily market table,READY
2718,TPEx,2018-01-10,2026-08-19,1764,TPEx STK_WN1430,observed in official daily market table,READY
2719,TPEx,2018-01-03,2026-08-19,1931,TPEx STK_WN1430,observed in official daily market table,READY
2724,TPEx,2018-01-09,2026-08-19,1623,TPEx STK_WN1430,observed in official daily market table,READY
2726,TPEx,2018-01-02,2026-08-19,2076,TPEx STK_WN1430,observed in official daily market table,READY
2729,TPEx,2018-01-02,2026-08-19,2092,TPEx STK_WN1430,observed in official daily market table,READY
2732,TPEx,2018-01-02,2026-08-19,2095,TPEx STK_WN1430,observed in official daily market table,READY
2734,TPEx,2018-01-02,2026-08-19,2066,TPEx STK_WN1430,observed in official daily market table,READY
2736,TPEx,2018-01-02,2026-08-19,2075,TPEx STK_WN1430,observed in official daily market table,READY
2740,TPEx,2018-01-02,2026-08-19,1641,TPEx STK_WN1430,observed in official daily market table,READY
2743,TPEx,2020-03-09,2026-08-19,1568,TPEx STK_WN1430,observed in official daily market table,READY
2745,TPEx,2018-04-16,2026-08-19,2021,TPEx STK_WN1430,observed in official daily market table,READY
2751,TPEx,2024-09-10,2026-08-19,463,TPEx STK_WN1430,observed in official daily market table,READY
2752,TPEx,2019-09-25,2026-08-19,1584,TPEx STK_WN1430,observed in official daily market table,READY
2754,TPEx,2020-09-17,2026-08-19,1437,TPEx STK_WN1430,observed in official daily market table,READY
2755,TPEx,2020-12-16,2026-08-19,1365,TPEx STK_WN1430,observed in official daily market table,READY
2756,TPEx,2022-01-14,2026-08-19,1099,TPEx STK_WN1430,observed in official daily market table,READY
2916,TPEx,2018-01-02,2026-08-19,2034,TPEx STK_WN1430,observed in official daily market table,READY
2924,TPEx,2018-01-02,2026-08-19,1569,TPEx STK_WN1430,observed in official daily market table,READY
2926,TPEx,2018-01-02,2026-08-19,2081,TPEx STK_WN1430,observed in official daily market table,READY
2928,TPEx,2018-01-02,2021-10-13,909,TPEx STK_WN1430,observed in official daily market table,READY
2937,TPEx,2018-01-02,2026-08-19,1908,TPEx STK_WN1430,observed in official daily market table,READY
2941,TPEx,2024-03-20,2026-08-19,395,TPEx STK_WN1430,observed in official daily market table,READY
2947,TPEx,2021-10-06,2026-08-18,1078,TPEx STK_WN1430,observed in official daily market table,READY
2948,TPEx,2023-12-12,2026-08-19,502,TPEx STK_WN1430,observed in official daily market table,READY
2949,TPEx,2023-12-15,2026-08-19,538,TPEx STK_WN1430,observed in official daily market table,READY
3064,TPEx,2018-01-02,2026-08-04,1740,TPEx STK_WN1430,observed in official daily market table,READY
3066,TPEx,2018-01-02,2026-08-19,2026,TPEx STK_WN1430,observed in official daily market table,READY
3067,TPEx,2018-01-03,2026-08-19,1655,TPEx STK_WN1430,observed in official daily market table,READY
3068,TPEx,2018-01-02,2018-06-06,100,TPEx STK_WN1430,observed in official daily market table,EXCLUDE_INSUFFICIENT_HISTORY
3071,TPEx,2018-01-02,2026-08-19,2089,TPEx STK_WN1430,observed in official daily market table,READY
3073,TPEx,2018-01-03,2026-08-19,1775,TPEx STK_WN1430,observed in official daily market table,READY
3078,TPEx,2018-01-02,2026-08-19,2095,TPEx STK_WN1430,observed in official daily market table,READY
3081,TPEx,2018-01-02,2026-08-19,2095,TPEx STK_WN1430,observed in official daily market table,READY
3083,TPEx,2018-01-02,2026-08-19,2095,TPEx STK_WN1430,observed in official daily market table,READY
3085,TPEx,2018-01-02,2026-08-19,1904,TPEx STK_WN1430,observed in official daily market table,READY
3086,TPEx,2018-01-02,2026-08-19,1915,TPEx STK_WN1430,observed in official daily market table,READY
3088,TPEx,2018-01-02,2026-08-19,2095,TPEx STK_WN1430,observed in official daily market table,READY
3089,TPEx,2018-01-02,2023-07-19,1193,TPEx STK_WN1430,observed in official daily market table,READY
3093,TPEx,2018-01-03,2026-08-19,2042,TPEx STK_WN1430,observed in official daily market table,READY
3095,TPEx,2018-01-02,2026-08-19,2034,TPEx STK_WN1430,observed in official daily market table,READY
3105,TPEx,2018-01-02,2026-08-19,2095,TPEx STK_WN1430,observed in official daily market table,READY
3114,TPEx,2018-01-02,2026-08-19,2095,TPEx STK_WN1430,observed in official daily market table,READY
3115,TPEx,2018-01-03,2026-08-19,1844,TPEx STK_WN1430,observed in official daily market table,READY
3118,TPEx,2018-01-02,2026-08-19,2067,TPEx STK_WN1430,observed in official daily market table,READY
3122,TPEx,2018-01-02,2026-08-19,2080,TPEx STK_WN1430,observed in official daily market table,READY
3128,TPEx,2018-01-02,2026-08-19,2095,TPEx STK_WN1430,observed in official daily market table,READY
3131,TPEx,2018-01-02,2026-08-19,2094,TPEx STK_WN1430,observed in official daily market table,READY
3141,TPEx,2018-01-02,2026-08-19,2095,TPEx STK_WN1430,observed in official daily market table,READY
3144,TPEx,2018-01-02,2021-12-13,960,TPEx STK_WN1430,observed in official daily market table,READY
3147,TPEx,2018-05-29,2026-08-19,1999,TPEx STK_WN1430,observed in official daily market table,READY
3152,TPEx,2018-01-02,2026-08-19,2090,TPEx STK_WN1430,observed in official daily market table,READY
3158,TPEx,2025-11-17,2026-08-19,179,TPEx STK_WN1430,observed in official daily market table,READY
3162,TPEx,2018-01-02,2026-08-19,2038,TPEx STK_WN1430,observed in official daily market table,READY
3163,TPEx,2018-01-02,2026-08-19,2095,TPEx STK_WN1430,observed in official daily market table,READY
3169,TPEx,2018-01-02,2026-08-19,2088,TPEx STK_WN1430,observed in official daily market table,READY
3171,TPEx,2018-01-02,2026-08-19,2049,TPEx STK_WN1430,observed in official daily market table,READY
3176,TPEx,2018-01-02,2026-08-19,2095,TPEx STK_WN1430,observed in official daily market table,READY
3178,TPEx,2018-11-19,2026-08-19,1879,TPEx STK_WN1430,observed in official daily market table,READY
3188,TPEx,2018-01-02,2026-08-19,2072,TPEx STK_WN1430,observed in official daily market table,READY
3191,TPEx,2018-01-02,2026-08-19,2021,TPEx STK_WN1430,observed in official daily market table,READY
3202,TPEx,2018-01-02,2025-04-02,1758,TPEx STK_WN1430,observed in official daily market table,READY
3205,TPEx,2018-01-02,2026-08-19,2095,TPEx STK_WN1430,observed in official daily market table,READY
3206,TPEx,2018-01-02,2026-08-19,2095,TPEx STK_WN1430,observed in official daily market table,READY
3207,TPEx,2018-01-02,2026-08-19,2009,TPEx STK_WN1430,observed in official daily market table,READY
3211,TPEx,2018-01-02,2026-08-19,2095,TPEx STK_WN1430,observed in official daily market table,READY
3213,TPEx,2018-01-02,2026-08-19,2095,TPEx STK_WN1430,observed in official daily market table,READY
3217,TPEx,2018-01-02,2026-08-19,2095,TPEx STK_WN1430,observed in official daily market table,READY
3218,TPEx,2018-01-02,2026-08-19,2095,TPEx STK_WN1430,observed in official daily market table,READY
3219,TPEx,2018-01-02,2026-08-19,1760,TPEx STK_WN1430,observed in official daily market table,READY
3221,TPEx,2018-01-02,2026-08-19,2095,TPEx STK_WN1430,observed in official daily market table,READY
3224,TPEx,2018-01-02,2026-08-19,2094,TPEx STK_WN1430,observed in official daily market table,READY
3226,TPEx,2018-01-02,2026-08-19,1883,TPEx STK_WN1430,observed in official daily market table,READY
3227,TPEx,2018-01-02,2026-08-19,2095,TPEx STK_WN1430,observed in official daily market table,READY
3228,TPEx,2018-01-02,2026-08-19,2095,TPEx STK_WN1430,observed in official daily market table,READY
3230,TPEx,2018-01-02,2026-08-19,2064,TPEx STK_WN1430,observed in official daily market table,READY
3232,TPEx,2018-01-02,2026-08-19,2095,TPEx STK_WN1430,observed in official daily market table,READY
3234,TPEx,2018-01-02,2026-08-19,2095,TPEx STK_WN1430,observed in official daily market table,READY
3236,TPEx,2018-01-02,2026-08-19,2095,TPEx STK_WN1430,observed in official daily market table,READY
3252,TPEx,2018-01-02,2026-08-19,2090,TPEx STK_WN1430,observed in official daily market table,READY
3259,TPEx,2018-01-02,2026-08-19,2079,TPEx STK_WN1430,observed in official daily market table,READY
3260,TPEx,2018-01-02,2026-08-19,2094,TPEx STK_WN1430,observed in official daily market table,READY
3264,TPEx,2018-01-02,2026-08-19,2095,TPEx STK_WN1430,observed in official daily market table,READY
3265,TPEx,2018-01-02,2026-08-19,2095,TPEx STK_WN1430,observed in official daily market table,READY
3268,TPEx,2018-01-02,2026-08-19,2089,TPEx STK_WN1430,observed in official daily market table,READY
3272,TPEx,2018-01-02,2026-08-19,2095,TPEx STK_WN1430,observed in official daily market table,READY
3276,TPEx,2018-01-02,2026-08-19,2058,TPEx STK_WN1430,observed in official daily market table,READY
3284,TPEx,2018-01-02,2026-08-19,2085,TPEx STK_WN1430,observed in official daily market table,READY
3285,TPEx,2018-01-02,2026-08-19,2092,TPEx STK_WN1430,observed in official daily market table,READY
3287,TPEx,2018-01-02,2026-08-19,2086,TPEx STK_WN1430,observed in official daily market table,READY
3288,TPEx,2018-01-02,2026-08-19,1858,TPEx STK_WN1430,observed in official daily market table,READY
3289,TPEx,2018-01-02,2026-08-19,2095,TPEx STK_WN1430,observed in official daily market table,READY
3290,TPEx,2018-01-02,2026-08-19,2087,TPEx STK_WN1430,observed in official daily market table,READY
3293,TPEx,2018-01-02,2026-08-19,2095,TPEx STK_WN1430,observed in official daily market table,READY
3294,TPEx,2018-01-02,2026-08-19,2095,TPEx STK_WN1430,observed in official daily market table,READY
3297,TPEx,2018-01-02,2026-08-19,2095,TPEx STK_WN1430,observed in official daily market table,READY
3299,TPEx,2018-01-02,2018-11-21,217,TPEx STK_WN1430,observed in official daily market table,READY
3303,TPEx,2018-01-02,2026-08-19,2095,TPEx STK_WN1430,observed in official daily market table,READY
3306,TPEx,2018-01-02,2026-08-19,2092,TPEx STK_WN1430,observed in official daily market table,READY
3310,TPEx,2018-01-02,2026-08-19,2088,TPEx STK_WN1430,observed in official daily market table,READY
3313,TPEx,2018-01-02,2026-08-19,2094,TPEx STK_WN1430,observed in official daily market table,READY
3317,TPEx,2018-01-02,2026-08-19,2095,TPEx STK_WN1430,observed in official daily market table,READY
3322,TPEx,2018-01-02,2026-08-19,2095,TPEx STK_WN1430,observed in official daily market table,READY
3323,TPEx,2018-01-02,2026-08-19,2095,TPEx STK_WN1430,observed in official daily market table,READY
3324,TPEx,2018-01-02,2026-08-19,2095,TPEx STK_WN1430,observed in official daily market table,READY
3325,TPEx,2018-01-02,2026-08-19,2095,TPEx STK_WN1430,observed in official daily market table,READY
3332,TPEx,2018-01-05,2026-08-19,1683,TPEx STK_WN1430,observed in official daily market table,READY
3339,TPEx,2018-01-02,2026-08-19,2050,TPEx STK_WN1430,observed in official daily market table,READY
3349,TPEx,2022-03-23,2026-08-19,1035,TPEx STK_WN1430,observed in official daily market table,READY
3354,TPEx,2018-01-02,2026-08-19,2095,TPEx STK_WN1430,observed in official daily market table,READY
3357,TPEx,2021-04-27,2026-08-19,1294,TPEx STK_WN1430,observed in official daily market table,READY
3360,TPEx,2018-01-02,2026-08-19,2095,TPEx STK_WN1430,observed in official daily market table,READY
3362,TPEx,2018-01-02,2026-08-19,2095,TPEx STK_WN1430,observed in official daily market table,READY
3363,TPEx,2018-01-02,2026-08-19,2095,TPEx STK_WN1430,observed in official daily market table,READY
3372,TPEx,2018-01-02,2026-08-19,2089,TPEx STK_WN1430,observed in official daily market table,READY
3373,TPEx,2018-01-02,2026-08-19,2095,TPEx STK_WN1430,observed in official daily market table,READY
3374,TPEx,2018-01-02,2026-08-19,2095,TPEx STK_WN1430,observed in official daily market table,READY
3379,TPEx,2018-01-02,2026-08-19,2090,TPEx STK_WN1430,observed in official daily market table,READY
3388,TPEx,2018-01-02,2026-08-19,2095,TPEx STK_WN1430,observed in official daily market table,READY
3390,TPEx,2018-01-02,2026-08-19,2095,TPEx STK_WN1430,observed in official daily market table,READY
3402,TPEx,2018-01-02,2026-08-19,2095,TPEx STK_WN1430,observed in official daily market table,READY
3426,TPEx,2018-01-02,2026-06-01,1810,TPEx STK_WN1430,observed in official daily market table,READY
3428,TPEx,2018-01-02,2018-09-17,172,TPEx STK_WN1430,observed in official daily market table,READY
3430,TPEx,2022-09-08,2026-08-19,955,TPEx STK_WN1430,observed in official daily market table,READY
3431,TPEx,2018-01-02,2019-01-18,241,TPEx STK_WN1430,observed in official daily market table,READY
3434,TPEx,2018-01-02,2026-08-19,2009,TPEx STK_WN1430,observed in official daily market table,READY
3438,TPEx,2018-01-02,2026-08-19,2087,TPEx STK_WN1430,observed in official daily market table,READY
3441,TPEx,2018-01-02,2026-08-19,2095,TPEx STK_WN1430,observed in official daily market table,READY
3444,TPEx,2018-01-02,2026-08-19,2095,TPEx STK_WN1430,observed in official daily market table,READY
3452,TPEx,2018-01-02,2020-01-10,485,TPEx STK_WN1430,observed in official daily market table,READY
3455,TPEx,2018-01-02,2026-08-19,2094,TPEx STK_WN1430,observed in official daily market table,READY
3465,TPEx,2018-01-03,2026-08-19,1935,TPEx STK_WN1430,observed in official daily market table,READY
3466,TPEx,2018-01-02,2026-08-19,2060,TPEx STK_WN1430,observed in official daily market table,READY
3467,TPEx,2025-03-25,2026-08-19,344,TPEx STK_WN1430,observed in official daily market table,READY
3479,TPEx,2018-01-02,2026-08-19,2095,TPEx STK_WN1430,observed in official daily market table,READY
3483,TPEx,2018-01-02,2026-08-19,2095,TPEx STK_WN1430,observed in official daily market table,READY
3484,TPEx,2018-01-02,2026-08-19,2095,TPEx STK_WN1430,observed in official daily market table,READY
3485,TPEx,2026-05-06,2026-08-19,74,TPEx STK_WN1430,observed in official daily market table,EXCLUDE_INSUFFICIENT_HISTORY
3489,TPEx,2018-01-02,2026-08-19,2087,TPEx STK_WN1430,observed in official daily market table,READY
3490,TPEx,2018-01-02,2026-08-19,2089,TPEx STK_WN1430,observed in official daily market table,READY
3491,TPEx,2018-01-02,2026-08-19,2093,TPEx STK_WN1430,observed in official daily market table,READY
3492,TPEx,2018-01-02,2026-08-19,2089,TPEx STK_WN1430,observed in official daily market table,READY
3498,TPEx,2018-01-02,2026-08-19,2089,TPEx STK_WN1430,observed in official daily market table,READY
3499,TPEx,2018-01-02,2026-08-19,2095,TPEx STK_WN1430,observed in official daily market table,READY
3508,TPEx,2018-01-02,2026-08-19,2095,TPEx STK_WN1430,observed in official daily market table,READY
3511,TPEx,2018-01-02,2026-08-19,2094,TPEx STK_WN1430,observed in official daily market table,READY
3512,TPEx,2018-01-02,2026-08-19,2095,TPEx STK_WN1430,observed in official daily market table,READY
3516,TPEx,2018-01-02,2026-08-19,2069,TPEx STK_WN1430,observed in official daily market table,READY
3520,TPEx,2018-01-02,2026-08-19,2088,TPEx STK_WN1430,observed in official daily market table,READY
3521,TPEx,2018-01-02,2026-08-19,2087,TPEx STK_WN1430,observed in official daily market table,READY
3522,TPEx,2018-01-02,2026-08-19,2088,TPEx STK_WN1430,observed in official daily market table,READY
3523,TPEx,2018-01-02,2026-08-19,1974,TPEx STK_WN1430,observed in official daily market table,READY
3526,TPEx,2018-01-02,2026-08-19,2088,TPEx STK_WN1430,observed in official daily market table,READY
3527,TPEx,2018-01-02,2026-08-19,2095,TPEx STK_WN1430,observed in official daily market table,READY
3529,TPEx,2018-01-02,2026-08-19,2095,TPEx STK_WN1430,observed in official daily market table,READY
3531,TPEx,2018-01-02,2026-08-19,1974,TPEx STK_WN1430,observed in official daily market table,READY
3537,TPEx,2018-01-02,2026-08-19,2095,TPEx STK_WN1430,observed in official daily market table,READY
3540,TPEx,2018-01-02,2026-08-19,2095,TPEx STK_WN1430,observed in official daily market table,READY
3541,TPEx,2018-01-02,2026-08-19,2095,TPEx STK_WN1430,observed in official daily market table,READY
3546,TPEx,2018-01-02,2026-08-19,2095,TPEx STK_WN1430,observed in official daily market table,READY
3548,TPEx,2018-01-02,2026-08-19,2095,TPEx STK_WN1430,observed in official daily market table,READY
3551,TPEx,2018-01-02,2026-08-19,2095,TPEx STK_WN1430,observed in official daily market table,READY
3552,TPEx,2018-01-02,2026-08-19,2095,TPEx STK_WN1430,observed in official daily market table,READY
3555,TPEx,2018-01-02,2026-08-19,1960,TPEx STK_WN1430,observed in official daily market table,READY
3556,TPEx,2018-01-02,2026-08-19,2095,TPEx STK_WN1430,observed in official daily market table,READY
3558,TPEx,2018-01-02,2026-08-19,2095,TPEx STK_WN1430,observed in official daily market table,READY
3562,TPEx,2018-01-02,2020-02-14,504,TPEx STK_WN1430,observed in official daily market table,READY
3564,TPEx,2018-01-02,2026-08-19,2080,TPEx STK_WN1430,observed in official daily market table,READY
3567,TPEx,2018-01-02,2026-08-19,2095,TPEx STK_WN1430,observed in official daily market table,READY
3570,TPEx,2018-01-02,2026-08-19,2077,TPEx STK_WN1430,observed in official daily market table,READY
3577,TPEx,2018-01-02,2026-08-19,2084,TPEx STK_WN1430,observed in official daily market table,READY
3580,TPEx,2018-01-02,2026-08-19,2095,TPEx STK_WN1430,observed in official daily market table,READY
3581,TPEx,2018-01-02,2026-08-19,2084,TPEx STK_WN1430,observed in official daily market table,READY
3587,TPEx,2018-01-02,2026-08-19,2094,TPEx STK_WN1430,observed in official daily market table,READY
3594,TPEx,2018-01-02,2026-08-19,2095,TPEx STK_WN1430,observed in official daily market table,READY
3597,TPEx,2020-03-09,2026-08-19,1558,TPEx STK_WN1430,observed in official daily market table,READY
3609,TPEx,2018-01-02,2026-08-19,2074,TPEx STK_WN1430,observed in official daily market table,READY
3611,TPEx,2018-01-02,2026-08-19,2095,TPEx STK_WN1430,observed in official daily market table,READY
3615,TPEx,2018-01-02,2026-08-19,2095,TPEx STK_WN1430,observed in official daily market table,READY
3623,TPEx,2018-01-02,2026-08-19,2091,TPEx STK_WN1430,observed in official daily market table,READY
3624,TPEx,2018-01-02,2026-08-19,2095,TPEx STK_WN1430,observed in official daily market table,READY
3625,TPEx,2018-01-02,2026-08-19,2095,TPEx STK_WN1430,observed in official daily market table,READY
3628,TPEx,2018-01-02,2026-08-19,2088,TPEx STK_WN1430,observed in official daily market table,READY
3629,TPEx,2018-01-02,2026-08-19,1540,TPEx STK_WN1430,observed in official daily market table,READY
3630,TPEx,2018-01-02,2026-08-19,2094,TPEx STK_WN1430,observed in official daily market table,READY
3631,TPEx,2018-01-02,2026-08-19,2042,TPEx STK_WN1430,observed in official daily market table,READY
3632,TPEx,2018-01-02,2026-08-19,2024,TPEx STK_WN1430,observed in official daily market table,READY
3642,TPEx,2018-01-02,2022-11-16,1182,TPEx STK_WN1430,observed in official daily market table,READY
3646,TPEx,2018-01-02,2026-08-19,2084,TPEx STK_WN1430,observed in official daily market table,READY
3663,TPEx,2018-01-02,2026-08-19,2095,TPEx STK_WN1430,observed in official daily market table,READY
3664,TPEx,2018-01-02,2026-08-19,2080,TPEx STK_WN1430,observed in official daily market table,READY
3666,TPEx,2018-01-02,2026-08-19,2094,TPEx STK_WN1430,observed in official daily market table,READY
3672,TPEx,2018-01-02,2026-08-19,2091,TPEx STK_WN1430,observed in official daily market table,READY
3675,TPEx,2018-01-02,2026-08-19,2093,TPEx STK_WN1430,observed in official daily market table,READY
3680,TPEx,2018-01-02,2026-08-19,2095,TPEx STK_WN1430,observed in official daily market table,READY
3684,TPEx,2018-01-02,2026-08-18,2006,TPEx STK_WN1430,observed in official daily market table,READY
3685,TPEx,2018-01-02,2026-08-19,2083,TPEx STK_WN1430,observed in official daily market table,READY
3687,TPEx,2018-01-02,2026-08-19,2095,TPEx STK_WN1430,observed in official daily market table,READY
3689,TPEx,2018-01-02,2026-08-19,2095,TPEx STK_WN1430,observed in official daily market table,READY
3691,TPEx,2018-01-02,2026-08-19,2095,TPEx STK_WN1430,observed in official daily market table,READY
3693,TPEx,2018-01-02,2026-08-19,2092,TPEx STK_WN1430,observed in official daily market table,READY
3707,TPEx,2018-01-02,2026-08-19,2095,TPEx STK_WN1430,observed in official daily market table,READY
3709,TPEx,2018-01-02,2026-08-19,2064,TPEx STK_WN1430,observed in official daily market table,READY
3710,TPEx,2018-01-02,2026-08-19,2095,TPEx STK_WN1430,observed in official daily market table,READY
3713,TPEx,2020-02-27,2026-08-19,1575,TPEx STK_WN1430,observed in official daily market table,READY
4102,TPEx,2018-01-02,2026-08-19,2091,TPEx STK_WN1430,observed in official daily market table,READY
4103,TPEx,2018-01-02,2018-11-06,206,TPEx STK_WN1430,observed in official daily market table,READY
4105,TPEx,2018-01-02,2026-08-19,2095,TPEx STK_WN1430,observed in official daily market table,READY
4107,TPEx,2018-01-02,2026-08-19,2095,TPEx STK_WN1430,observed in official daily market table,READY
4109,TPEx,2018-01-02,2026-08-19,2089,TPEx STK_WN1430,observed in official daily market table,READY
4111,TPEx,2018-01-02,2026-08-19,2095,TPEx STK_WN1430,observed in official daily market table,READY
4113,TPEx,2018-01-02,2026-08-19,2095,TPEx STK_WN1430,observed in official daily market table,READY
4114,TPEx,2018-01-02,2026-08-19,2094,TPEx STK_WN1430,observed in official daily market table,READY
4116,TPEx,2018-01-02,2026-08-19,2094,TPEx STK_WN1430,observed in official daily market table,READY
4120,TPEx,2018-01-02,2026-08-19,2091,TPEx STK_WN1430,observed in official daily market table,READY
4121,TPEx,2018-01-02,2026-08-19,2095,TPEx STK_WN1430,observed in official daily market table,READY
4123,TPEx,2018-01-02,2026-08-19,2093,TPEx STK_WN1430,observed in official daily market table,READY
4126,TPEx,2018-01-02,2026-08-19,2094,TPEx STK_WN1430,observed in official daily market table,READY
4127,TPEx,2018-01-02,2026-08-19,2094,TPEx STK_WN1430,observed in official daily market table,READY
4128,TPEx,2018-01-02,2026-08-19,2094,TPEx STK_WN1430,observed in official daily market table,READY
4129,TPEx,2018-01-02,2026-08-19,2095,TPEx STK_WN1430,observed in official daily market table,READY
4130,TPEx,2018-01-02,2026-07-21,2073,TPEx STK_WN1430,observed in official daily market table,READY
4131,TPEx,2018-01-02,2026-08-19,1830,TPEx STK_WN1430,observed in official daily market table,READY
4138,TPEx,2018-01-02,2026-08-19,2090,TPEx STK_WN1430,observed in official daily market table,READY
4139,TPEx,2018-01-02,2026-08-19,2090,TPEx STK_WN1430,observed in official daily market table,READY
4147,TPEx,2018-01-02,2026-08-19,2095,TPEx STK_WN1430,observed in official daily market table,READY
4152,TPEx,2018-01-02,2021-09-29,906,TPEx STK_WN1430,observed in official daily market table,READY
4153,TPEx,2018-01-02,2026-08-19,2089,TPEx STK_WN1430,observed in official daily market table,READY
4154,TPEx,2018-01-02,2026-08-18,1948,TPEx STK_WN1430,observed in official daily market table,READY
4157,TPEx,2018-01-02,2026-08-19,2095,TPEx STK_WN1430,observed in official daily market table,READY
4160,TPEx,2018-01-02,2026-08-19,2087,TPEx STK_WN1430,observed in official daily market table,READY
4161,TPEx,2018-01-02,2026-08-19,2095,TPEx STK_WN1430,observed in official daily market table,READY
4162,TPEx,2018-01-02,2026-08-19,2095,TPEx STK_WN1430,observed in official daily market table,READY
4163,TPEx,2018-01-02,2026-08-19,2091,TPEx STK_WN1430,observed in official daily market table,READY
4166,TPEx,2025-08-21,2026-08-19,241,TPEx STK_WN1430,observed in official daily market table,READY
4167,TPEx,2018-01-02,2026-08-19,2095,TPEx STK_WN1430,observed in official daily market table,READY
4168,TPEx,2018-01-02,2026-08-19,2095,TPEx STK_WN1430,observed in official daily market table,READY
4171,TPEx,2018-01-02,2026-08-19,2092,TPEx STK_WN1430,observed in official daily market table,READY
4173,TPEx,2018-01-02,2026-08-19,2095,TPEx STK_WN1430,observed in official daily market table,READY
4174,TPEx,2018-01-02,2026-08-19,2090,TPEx STK_WN1430,observed in official daily market table,READY
4175,TPEx,2018-01-02,2026-08-19,2076,TPEx STK_WN1430,observed in official daily market table,READY
4180,TPEx,2018-01-02,2019-07-29,380,TPEx STK_WN1430,observed in official daily market table,READY
4183,TPEx,2018-01-02,2026-08-19,1880,TPEx STK_WN1430,observed in official daily market table,READY
4188,TPEx,2018-01-02,2026-08-19,2094,TPEx STK_WN1430,observed in official daily market table,READY
4192,TPEx,2018-01-02,2026-08-18,2005,TPEx STK_WN1430,observed in official daily market table,READY
4198,TPEx,2018-01-02,2026-08-18,1946,TPEx STK_WN1430,observed in official daily market table,READY
4205,TPEx,2018-01-02,2026-08-19,2085,TPEx STK_WN1430,observed in official daily market table,READY
4207,TPEx,2018-01-02,2026-08-19,2095,TPEx STK_WN1430,observed in official daily market table,READY
4303,TPEx,2018-01-02,2026-08-19,2087,TPEx STK_WN1430,observed in official daily market table,READY
4304,TPEx,2018-01-02,2026-08-19,1890,TPEx STK_WN1430,observed in official daily market table,READY
4305,TPEx,2018-01-02,2026-08-19,1788,TPEx STK_WN1430,observed in official daily market table,READY
4401,TPEx,2018-01-02,2026-08-19,2095,TPEx STK_WN1430,observed in official daily market table,READY
4402,TPEx,2018-01-02,2026-08-19,2029,TPEx STK_WN1430,observed in official daily market table,READY
4406,TPEx,2018-01-02,2026-08-19,1914,TPEx STK_WN1430,observed in official daily market table,READY
4413,TPEx,2018-01-02,2026-08-19,1852,TPEx STK_WN1430,observed in official daily market table,READY
4415,TPEx,2018-11-02,2019-12-13,159,TPEx STK_WN1430,observed in official daily market table,READY
4416,TPEx,2018-01-02,2026-08-19,1747,TPEx STK_WN1430,observed in official daily market table,READY
4417,TPEx,2018-01-02,2026-08-19,2095,TPEx STK_WN1430,observed in official daily market table,READY
4419,TPEx,2018-01-04,2026-08-19,1310,TPEx STK_WN1430,observed in official daily market table,READY
4420,TPEx,2018-01-02,2026-08-19,2065,TPEx STK_WN1430,observed in official daily market table,READY
4429,TPEx,2018-01-02,2022-05-24,854,TPEx STK_WN1430,observed in official daily market table,READY
4430,TPEx,2018-01-02,2026-08-19,2076,TPEx STK_WN1430,observed in official daily market table,READY
4432,TPEx,2018-01-02,2026-08-19,2094,TPEx STK_WN1430,observed in official daily market table,READY
4433,TPEx,2018-01-02,2026-08-19,2078,TPEx STK_WN1430,observed in official daily market table,READY
4442,TPEx,2023-11-29,2026-08-19,657,TPEx STK_WN1430,observed in official daily market table,READY
4502,TPEx,2018-01-02,2026-08-19,2071,TPEx STK_WN1430,observed in official daily market table,READY
4503,TPEx,2018-01-02,2026-08-19,2089,TPEx STK_WN1430,observed in official daily market table,READY
4506,TPEx,2018-01-02,2026-08-19,2093,TPEx STK_WN1430,observed in official daily market table,READY
4510,TPEx,2018-01-02,2026-08-19,2095,TPEx STK_WN1430,observed in official daily market table,READY
4513,TPEx,2018-01-02,2026-08-19,2095,TPEx STK_WN1430,observed in official daily market table,READY
4523,TPEx,2018-01-02,2026-08-19,2072,TPEx STK_WN1430,observed in official daily market table,READY
4527,TPEx,2018-01-02,2026-08-19,2087,TPEx STK_WN1430,observed in official daily market table,READY
4528,TPEx,2018-01-02,2026-08-19,2086,TPEx STK_WN1430,observed in official daily market table,READY
4529,TPEx,2018-01-02,2026-08-19,2093,TPEx STK_WN1430,observed in official daily market table,READY
4530,TPEx,2018-01-02,2026-08-19,2028,TPEx STK_WN1430,observed in official daily market table,READY
4533,TPEx,2018-01-02,2026-08-19,2094,TPEx STK_WN1430,observed in official daily market table,READY
4534,TPEx,2018-01-02,2026-08-19,2095,TPEx STK_WN1430,observed in official daily market table,READY
4535,TPEx,2018-01-02,2026-08-19,2032,TPEx STK_WN1430,observed in official daily market table,READY
4538,TPEx,2019-01-15,2026-08-19,1814,TPEx STK_WN1430,observed in official daily market table,READY
4541,TPEx,2018-01-02,2026-08-19,2095,TPEx STK_WN1430,observed in official daily market table,READY
4542,TPEx,2018-01-02,2026-08-19,1969,TPEx STK_WN1430,observed in official daily market table,READY
4543,TPEx,2018-01-02,2026-08-19,2065,TPEx STK_WN1430,observed in official daily market table,READY
4549,TPEx,2018-01-02,2026-08-19,2093,TPEx STK_WN1430,observed in official daily market table,READY
4550,TPEx,2018-01-02,2026-08-19,2072,TPEx STK_WN1430,observed in official daily market table,READY
4554,TPEx,2018-01-02,2026-08-19,2074,TPEx STK_WN1430,observed in official daily market table,READY
4556,TPEx,2018-01-02,2026-08-19,1861,TPEx STK_WN1430,observed in official daily market table,READY
4558,TPEx,2022-03-17,2026-08-19,1071,TPEx STK_WN1430,observed in official daily market table,READY
4561,TPEx,2018-06-11,2026-08-19,1988,TPEx STK_WN1430,observed in official daily market table,READY
4563,TPEx,2018-07-12,2026-08-19,1955,TPEx STK_WN1430,observed in official daily market table,READY
4568,TPEx,2018-10-03,2026-08-19,1822,TPEx STK_WN1430,observed in official daily market table,READY
4577,TPEx,2022-06-14,2026-08-19,1014,TPEx STK_WN1430,observed in official daily market table,READY
4580,TPEx,2020-01-06,2026-08-19,1607,TPEx STK_WN1430,observed in official daily market table,READY
4584,TPEx,2022-10-05,2026-08-19,859,TPEx STK_WN1430,observed in official daily market table,READY
4609,TPEx,2018-01-03,2026-08-19,1870,TPEx STK_WN1430,observed in official daily market table,READY
4702,TPEx,2018-01-02,2026-08-19,2084,TPEx STK_WN1430,observed in official daily market table,READY
4706,TPEx,2018-01-02,2026-08-19,2015,TPEx STK_WN1430,observed in official daily market table,READY
4707,TPEx,2018-01-02,2026-08-19,2095,TPEx STK_WN1430,observed in official daily market table,READY
4711,TPEx,2018-01-02,2026-08-19,2060,TPEx STK_WN1430,observed in official daily market table,READY
4712,TPEx,2018-01-02,2024-02-05,1304,TPEx STK_WN1430,observed in official daily market table,READY
4714,TPEx,2018-01-02,2026-08-19,2095,TPEx STK_WN1430,observed in official daily market table,READY
4716,TPEx,2018-01-02,2026-08-19,2094,TPEx STK_WN1430,observed in official daily market table,READY
4721,TPEx,2018-01-02,2026-08-19,2095,TPEx STK_WN1430,observed in official daily market table,READY
4726,TPEx,2018-01-02,2026-08-19,2095,TPEx STK_WN1430,observed in official daily market table,READY
4728,TPEx,2018-01-02,2026-08-19,2069,TPEx STK_WN1430,observed in official daily market table,READY
4729,TPEx,2018-01-02,2026-08-19,2086,TPEx STK_WN1430,observed in official daily market table,READY
4735,TPEx,2018-01-02,2026-08-19,2089,TPEx STK_WN1430,observed in official daily market table,READY
4741,TPEx,2018-01-02,2026-08-19,2043,TPEx STK_WN1430,observed in official daily market table,READY
4743,TPEx,2018-01-02,2026-08-19,2092,TPEx STK_WN1430,observed in official daily market table,READY
4744,TPEx,2018-07-12,2026-08-19,1969,TPEx STK_WN1430,observed in official daily market table,READY
4745,TPEx,2018-01-02,2026-08-19,2093,TPEx STK_WN1430,observed in official daily market table,READY
4747,TPEx,2018-01-02,2026-08-19,2008,TPEx STK_WN1430,observed in official daily market table,READY
4749,TPEx,2025-01-17,2026-08-19,383,TPEx STK_WN1430,observed in official daily market table,READY
4754,TPEx,2018-01-02,2026-08-19,2034,TPEx STK_WN1430,observed in official daily market table,READY
4760,TPEx,2019-03-21,2026-08-19,1803,TPEx STK_WN1430,observed in official daily market table,READY
4767,TPEx,2018-10-29,2026-08-19,1719,TPEx STK_WN1430,observed in official daily market table,READY
4768,TPEx,2022-04-13,2026-08-19,1059,TPEx STK_WN1430,observed in official daily market table,READY
4772,TPEx,2024-09-20,2026-08-19,462,TPEx STK_WN1430,observed in official daily market table,READY
4803,TPEx,2018-01-02,2021-12-15,963,TPEx STK_WN1430,observed in official daily market table,READY
4804,TPEx,2018-01-02,2026-04-13,1883,TPEx STK_WN1430,observed in official daily market table,READY
4806,TPEx,2018-01-02,2026-08-19,1871,TPEx STK_WN1430,observed in official daily market table,READY
4903,TPEx,2018-01-02,2026-08-19,2089,TPEx STK_WN1430,observed in official daily market table,READY
4905,TPEx,2018-01-02,2026-08-19,1875,TPEx STK_WN1430,observed in official daily market table,READY
4907,TPEx,2018-01-02,2026-08-19,2087,TPEx STK_WN1430,observed in official daily market table,READY
4908,TPEx,2018-01-02,2026-08-19,2095,TPEx STK_WN1430,observed in official daily market table,READY
4909,TPEx,2018-01-02,2026-08-19,2095,TPEx STK_WN1430,observed in official daily market table,READY
4911,TPEx,2018-01-02,2026-08-19,2083,TPEx STK_WN1430,observed in official daily market table,READY
4923,TPEx,2022-03-14,2026-08-19,1079,TPEx STK_WN1430,observed in official daily market table,READY
4924,TPEx,2018-01-02,2026-08-19,2077,TPEx STK_WN1430,observed in official daily market table,READY
4931,TPEx,2019-09-17,2026-08-19,1682,TPEx STK_WN1430,observed in official daily market table,READY
4933,TPEx,2018-01-02,2026-08-19,2095,TPEx STK_WN1430,observed in official daily market table,READY
4939,TPEx,2018-01-02,2026-08-19,2094,TPEx STK_WN1430,observed in official daily market table,READY
4944,TPEx,2018-01-02,2023-10-25,1368,TPEx STK_WN1430,observed in official daily market table,READY
4945,TPEx,2020-11-20,2025-09-01,1160,TPEx STK_WN1430,observed in official daily market table,READY
4946,TPEx,2018-01-02,2026-08-19,2066,TPEx STK_WN1430,observed in official daily market table,READY
4947,TPEx,2018-01-02,2020-05-20,574,TPEx STK_WN1430,observed in official daily market table,READY
4950,TPEx,2018-01-02,2026-08-19,1764,TPEx STK_WN1430,observed in official daily market table,READY
4951,TPEx,2022-11-03,2026-08-19,917,TPEx STK_WN1430,observed in official daily market table,READY
4953,TPEx,2018-01-02,2026-08-19,2095,TPEx STK_WN1430,observed in official daily market table,READY
4965,TPEx,2018-01-02,2018-06-21,107,TPEx STK_WN1430,observed in official daily market table,EXCLUDE_INSUFFICIENT_HISTORY
4966,TPEx,2018-01-02,2026-08-19,2094,TPEx STK_WN1430,observed in official daily market table,READY
4971,TPEx,2018-01-02,2026-08-19,2094,TPEx STK_WN1430,observed in official daily market table,READY
4972,TPEx,2018-01-02,2026-08-19,2092,TPEx STK_WN1430,observed in official daily market table,READY
4973,TPEx,2018-01-02,2026-08-19,2095,TPEx STK_WN1430,observed in official daily market table,READY
4974,TPEx,2018-01-02,2026-08-19,2095,TPEx STK_WN1430,observed in official daily market table,READY
4979,TPEx,2018-01-02,2026-08-19,2095,TPEx STK_WN1430,observed in official daily market table,READY
4987,TPEx,2018-01-02,2026-05-20,2004,TPEx STK_WN1430,observed in official daily market table,READY
4991,TPEx,2018-01-02,2026-08-19,2095,TPEx STK_WN1430,observed in official daily market table,READY
4995,TPEx,2018-01-02,2026-08-19,2084,TPEx STK_WN1430,observed in official daily market table,READY
5009,TPEx,2018-01-02,2026-08-19,2094,TPEx STK_WN1430,observed in official daily market table,READY
5011,TPEx,2018-01-03,2026-08-19,2008,TPEx STK_WN1430,observed in official daily market table,READY
5013,TPEx,2018-01-02,2026-08-19,1935,TPEx STK_WN1430,observed in official daily market table,READY
5014,TPEx,2018-01-02,2026-08-19,2095,TPEx STK_WN1430,observed in official daily market table,READY
5015,TPEx,2018-01-02,2026-08-19,2093,TPEx STK_WN1430,observed in official daily market table,READY
5016,TPEx,2018-01-02,2026-08-19,1995,TPEx STK_WN1430,observed in official daily market table,READY
5102,TPEx,2018-01-02,2022-07-06,1093,TPEx STK_WN1430,observed in official daily market table,READY
5201,TPEx,2018-01-02,2026-08-19,2077,TPEx STK_WN1430,observed in official daily market table,READY
5202,TPEx,2018-01-02,2026-08-19,2023,TPEx STK_WN1430,observed in official daily market table,READY
5205,TPEx,2018-01-04,2026-08-19,1292,TPEx STK_WN1430,observed in official daily market table,READY
5206,TPEx,2018-01-02,2026-08-19,2092,TPEx STK_WN1430,observed in official daily market table,READY
5209,TPEx,2018-01-02,2026-08-19,2065,TPEx STK_WN1430,observed in official daily market table,READY
5210,TPEx,2018-01-02,2026-08-19,2077,TPEx STK_WN1430,observed in official daily market table,READY
5211,TPEx,2018-01-02,2026-08-19,2091,TPEx STK_WN1430,observed in official daily market table,READY
5212,TPEx,2018-01-03,2026-08-18,1957,TPEx STK_WN1430,observed in official daily market table,READY
5213,TPEx,2018-01-02,2026-08-19,2088,TPEx STK_WN1430,observed in official daily market table,READY
5220,TPEx,2018-04-26,2026-08-19,2018,TPEx STK_WN1430,observed in official daily market table,READY
5223,TPEx,2018-07-02,2026-08-19,1968,TPEx STK_WN1430,observed in official daily market table,READY
5227,TPEx,2018-01-02,2026-08-19,2067,TPEx STK_WN1430,observed in official daily market table,READY
5228,TPEx,2022-05-20,2026-08-19,990,TPEx STK_WN1430,observed in official daily market table,READY
5230,TPEx,2018-01-02,2026-08-19,2094,TPEx STK_WN1430,observed in official daily market table,READY
5245,TPEx,2018-01-02,2026-08-18,2094,TPEx STK_WN1430,observed in official daily market table,READY
5251,TPEx,2018-01-02,2026-08-19,2092,TPEx STK_WN1430,observed in official daily market table,READY
5255,TPEx,2018-01-02,2018-11-21,217,TPEx STK_WN1430,observed in official daily market table,READY
5263,TPEx,2018-01-02,2026-08-19,2094,TPEx STK_WN1430,observed in official daily market table,READY
5272,TPEx,2018-01-02,2026-08-19,2095,TPEx STK_WN1430,observed in official daily market table,READY
5274,TPEx,2018-01-02,2026-08-19,2095,TPEx STK_WN1430,observed in official daily market table,READY
5276,TPEx,2018-01-02,2026-08-19,1847,TPEx STK_WN1430,observed in official daily market table,READY
5278,TPEx,2018-01-02,2026-08-19,2067,TPEx STK_WN1430,observed in official daily market table,READY
5281,TPEx,2018-01-02,2023-10-24,1369,TPEx STK_WN1430,observed in official daily market table,READY
5287,TPEx,2018-01-02,2026-08-19,2075,TPEx STK_WN1430,observed in official daily market table,READY
5289,TPEx,2018-01-02,2026-08-19,2095,TPEx STK_WN1430,observed in official daily market table,READY
5291,TPEx,2018-01-02,2026-08-19,2095,TPEx STK_WN1430,observed in official daily market table,READY
5299,TPEx,2018-01-23,2026-08-19,2080,TPEx STK_WN1430,observed in official daily market table,READY
5301,TPEx,2018-01-02,2026-08-19,2058,TPEx STK_WN1430,observed in official daily market table,READY
5302,TPEx,2018-01-02,2026-08-19,2095,TPEx STK_WN1430,observed in official daily market table,READY
5304,TPEx,2018-01-02,2020-11-19,670,TPEx STK_WN1430,observed in official daily market table,READY
5309,TPEx,2018-01-02,2026-08-19,2090,TPEx STK_WN1430,observed in official daily market table,READY
5310,TPEx,2018-01-02,2026-08-19,2033,TPEx STK_WN1430,observed in official daily market table,READY
5312,TPEx,2018-01-02,2026-08-19,2093,TPEx STK_WN1430,observed in official daily market table,READY
5314,TPEx,2018-01-03,2026-08-19,1991,TPEx STK_WN1430,observed in official daily market table,READY
5315,TPEx,2018-01-02,2026-08-19,2095,TPEx STK_WN1430,observed in official daily market table,READY
5317,TPEx,2018-01-02,2019-09-17,405,TPEx STK_WN1430,observed in official daily market table,READY
5321,TPEx,2018-01-02,2026-08-19,2071,TPEx STK_WN1430,observed in official daily market table,READY
5324,TPEx,2018-01-02,2026-08-19,2092,TPEx STK_WN1430,observed in official daily market table,READY
5328,TPEx,2018-01-02,2026-08-19,2095,TPEx STK_WN1430,observed in official daily market table,READY
5340,TPEx,2018-01-02,2026-08-19,2095,TPEx STK_WN1430,observed in official daily market table,READY
5344,TPEx,2018-01-02,2026-08-19,2077,TPEx STK_WN1430,observed in official daily market table,READY
5345,TPEx,2018-01-02,2026-08-19,1929,TPEx STK_WN1430,observed in official daily market table,READY
5347,TPEx,2018-01-02,2026-08-19,2094,TPEx STK_WN1430,observed in official daily market table,READY
5348,TPEx,2018-01-03,2026-08-19,1948,TPEx STK_WN1430,observed in official daily market table,READY
5349,TPEx,2018-01-02,2020-10-28,684,TPEx STK_WN1430,observed in official daily market table,READY
5351,TPEx,2018-01-02,2026-08-19,2088,TPEx STK_WN1430,observed in official daily market table,READY
5353,TPEx,2018-01-02,2026-08-19,2095,TPEx STK_WN1430,observed in official daily market table,READY
5355,TPEx,2018-01-02,2026-08-19,2093,TPEx STK_WN1430,observed in official daily market table,READY
5356,TPEx,2018-01-02,2026-08-19,2090,TPEx STK_WN1430,observed in official daily market table,READY
5364,TPEx,2018-01-04,2026-08-19,1710,TPEx STK_WN1430,observed in official daily market table,READY
5371,TPEx,2018-01-02,2026-08-19,2095,TPEx STK_WN1430,observed in official daily market table,READY
5381,TPEx,2018-01-02,2026-08-19,2014,TPEx STK_WN1430,observed in official daily market table,READY
5383,TPEx,2018-01-02,2024-05-22,1546,TPEx STK_WN1430,observed in official daily market table,READY
5386,TPEx,2018-01-02,2026-08-19,2095,TPEx STK_WN1430,observed in official daily market table,READY
5392,TPEx,2018-01-02,2026-08-19,2094,TPEx STK_WN1430,observed in official daily market table,READY
5398,TPEx,2018-01-03,2026-08-19,2057,TPEx STK_WN1430,observed in official daily market table,READY
5403,TPEx,2018-01-02,2026-08-19,2095,TPEx STK_WN1430,observed in official daily market table,READY
5410,TPEx,2018-01-02,2026-08-19,2095,TPEx STK_WN1430,observed in official daily market table,READY
5425,TPEx,2018-01-02,2026-08-19,2095,TPEx STK_WN1430,observed in official daily market table,READY
5426,TPEx,2018-01-02,2026-08-19,2095,TPEx STK_WN1430,observed in official daily market table,READY
5432,TPEx,2018-01-02,2026-08-19,2024,TPEx STK_WN1430,observed in official daily market table,READY
5438,TPEx,2018-01-02,2026-08-19,2091,TPEx STK_WN1430,observed in official daily market table,READY
5439,TPEx,2018-01-02,2026-08-19,2095,TPEx STK_WN1430,observed in official daily market table,READY
5443,TPEx,2018-01-02,2026-08-19,2095,TPEx STK_WN1430,observed in official daily market table,READY
5450,TPEx,2018-01-02,2026-08-19,2092,TPEx STK_WN1430,observed in official daily market table,READY
5452,TPEx,2018-01-02,2026-08-19,2095,TPEx STK_WN1430,observed in official daily market table,READY
5455,TPEx,2018-01-02,2026-08-19,1310,TPEx STK_WN1430,observed in official daily market table,READY
5457,TPEx,2018-01-02,2026-08-19,2095,TPEx STK_WN1430,observed in official daily market table,READY
5460,TPEx,2018-01-02,2026-08-19,2076,TPEx STK_WN1430,observed in official daily market table,READY
5464,TPEx,2018-01-02,2026-08-19,2094,TPEx STK_WN1430,observed in official daily market table,READY
5465,TPEx,2018-01-02,2026-08-19,2086,TPEx STK_WN1430,observed in official daily market table,READY
5468,TPEx,2018-01-02,2026-08-19,1961,TPEx STK_WN1430,observed in official daily market table,READY
5474,TPEx,2018-01-02,2026-08-19,2095,TPEx STK_WN1430,observed in official daily market table,READY
5475,TPEx,2018-01-02,2026-08-19,2088,TPEx STK_WN1430,observed in official daily market table,READY
5478,TPEx,2018-01-02,2026-08-19,2093,TPEx STK_WN1430,observed in official daily market table,READY
5480,TPEx,2018-01-02,2019-03-20,291,TPEx STK_WN1430,observed in official daily market table,READY
5481,TPEx,2018-01-02,2026-08-19,1999,TPEx STK_WN1430,observed in official daily market table,READY
5483,TPEx,2018-01-02,2026-08-19,2094,TPEx STK_WN1430,observed in official daily market table,READY
5487,TPEx,2018-01-02,2026-08-19,1969,TPEx STK_WN1430,observed in official daily market table,READY
5488,TPEx,2018-01-02,2026-08-19,2095,TPEx STK_WN1430,observed in official daily market table,READY
5489,TPEx,2018-01-02,2026-08-19,2090,TPEx STK_WN1430,observed in official daily market table,READY
5490,TPEx,2018-01-02,2026-08-19,2095,TPEx STK_WN1430,observed in official daily market table,READY
5493,TPEx,2018-01-02,2026-08-19,2079,TPEx STK_WN1430,observed in official daily market table,READY
5498,TPEx,2018-01-02,2026-08-19,2095,TPEx STK_WN1430,observed in official daily market table,READY
5508,TPEx,2018-01-02,2026-08-19,2095,TPEx STK_WN1430,observed in official daily market table,READY
5511,TPEx,2018-01-02,2026-08-19,2093,TPEx STK_WN1430,observed in official daily market table,READY
5512,TPEx,2018-01-02,2026-08-19,2095,TPEx STK_WN1430,observed in official daily market table,READY
5514,TPEx,2018-01-02,2026-08-19,1959,TPEx STK_WN1430,observed in official daily market table,READY
5516,TPEx,2018-01-02,2026-08-19,1996,TPEx STK_WN1430,observed in official daily market table,READY
5520,TPEx,2018-01-02,2026-08-17,2016,TPEx STK_WN1430,observed in official daily market table,READY
5523,TPEx,2018-01-02,2026-08-18,2082,TPEx STK_WN1430,observed in official daily market table,READY
5529,TPEx,2018-01-02,2026-08-19,2078,TPEx STK_WN1430,observed in official daily market table,READY
5530,TPEx,2018-01-02,2026-08-19,2095,TPEx STK_WN1430,observed in official daily market table,READY
5536,TPEx,2018-01-02,2026-08-19,2088,TPEx STK_WN1430,observed in official daily market table,READY
5543,TPEx,2018-01-02,2026-08-19,1912,TPEx STK_WN1430,observed in official daily market table,READY
5547,TPEx,2026-02-03,2026-08-19,129,TPEx STK_WN1430,observed in official daily market table,READY
5548,TPEx,2024-03-18,2026-08-19,587,TPEx STK_WN1430,observed in official daily market table,READY
5601,TPEx,2018-01-03,2026-08-19,1500,TPEx STK_WN1430,observed in official daily market table,READY
5603,TPEx,2018-01-02,2026-08-19,2090,TPEx STK_WN1430,observed in official daily market table,READY
5604,TPEx,2018-01-02,2026-08-19,2049,TPEx STK_WN1430,observed in official daily market table,READY
5609,TPEx,2018-01-02,2026-08-19,2095,TPEx STK_WN1430,observed in official daily market table,READY
5701,TPEx,2018-01-02,2026-08-19,2085,TPEx STK_WN1430,observed in official daily market table,READY
5703,TPEx,2018-01-04,2026-08-19,1496,TPEx STK_WN1430,observed in official daily market table,READY
5704,TPEx,2018-01-04,2026-08-19,1865,TPEx STK_WN1430,observed in official daily market table,READY
5820,TPEx,2018-01-02,2022-10-31,1176,TPEx STK_WN1430,observed in official daily market table,READY
5864,TPEx,2018-04-02,2026-08-19,2036,TPEx STK_WN1430,observed in official daily market table,READY
5878,TPEx,2018-01-02,2026-08-19,1800,TPEx STK_WN1430,observed in official daily market table,READY
5902,TPEx,2018-01-02,2026-08-19,2025,TPEx STK_WN1430,observed in official daily market table,READY
5903,TPEx,2018-01-02,2026-08-19,2090,TPEx STK_WN1430,observed in official daily market table,READY
5904,TPEx,2018-01-02,2026-08-19,2088,TPEx STK_WN1430,observed in official daily market table,READY
5905,TPEx,2018-01-02,2026-08-19,2095,TPEx STK_WN1430,observed in official daily market table,READY
6015,TPEx,2018-01-02,2026-08-19,2095,TPEx STK_WN1430,observed in official daily market table,READY
6016,TPEx,2018-01-02,2026-08-19,2095,TPEx STK_WN1430,observed in official daily market table,READY
6020,TPEx,2018-01-02,2026-08-19,2094,TPEx STK_WN1430,observed in official daily market table,READY
6021,TPEx,2018-01-02,2026-08-19,2041,TPEx STK_WN1430,observed in official daily market table,READY
6023,TPEx,2018-01-02,2026-08-19,2095,TPEx STK_WN1430,observed in official daily market table,READY
6026,TPEx,2018-01-02,2026-08-19,2095,TPEx STK_WN1430,observed in official daily market table,READY
6028,TPEx,2026-03-30,2026-08-19,97,TPEx STK_WN1430,observed in official daily market table,EXCLUDE_INSUFFICIENT_HISTORY
6101,TPEx,2018-01-02,2026-08-19,2088,TPEx STK_WN1430,observed in official daily market table,READY
6103,TPEx,2018-01-02,2026-08-13,1202,TPEx STK_WN1430,observed in official daily market table,READY
6104,TPEx,2018-01-02,2026-08-19,2095,TPEx STK_WN1430,observed in official daily market table,READY
6109,TPEx,2018-01-02,2026-08-19,2059,TPEx STK_WN1430,observed in official daily market table,READY
6111,TPEx,2018-01-02,2026-08-19,2095,TPEx STK_WN1430,observed in official daily market table,READY
6113,TPEx,2018-01-02,2026-08-19,2095,TPEx STK_WN1430,observed in official daily market table,READY
6114,TPEx,2018-01-02,2026-08-19,2094,TPEx STK_WN1430,observed in official daily market table,READY
6118,TPEx,2018-01-02,2026-08-19,2095,TPEx STK_WN1430,observed in official daily market table,READY
6121,TPEx,2018-01-02,2026-08-19,2095,TPEx STK_WN1430,observed in official daily market table,READY
6122,TPEx,2018-01-02,2026-08-19,2090,TPEx STK_WN1430,observed in official daily market table,READY
6123,TPEx,2018-01-02,2026-08-19,2095,TPEx STK_WN1430,observed in official daily market table,READY
6124,TPEx,2018-01-02,2026-08-19,2071,TPEx STK_WN1430,observed in official daily market table,READY
6125,TPEx,2018-01-02,2026-08-19,2095,TPEx STK_WN1430,observed in official daily market table,READY
6126,TPEx,2018-01-02,2026-08-19,2094,TPEx STK_WN1430,observed in official daily market table,READY
6127,TPEx,2018-01-02,2026-08-19,2095,TPEx STK_WN1430,observed in official daily market table,READY
6129,TPEx,2018-01-02,2026-08-19,2095,TPEx STK_WN1430,observed in official daily market table,READY
6130,TPEx,2018-01-02,2026-08-19,2055,TPEx STK_WN1430,observed in official daily market table,READY
6134,TPEx,2018-01-02,2026-08-19,2086,TPEx STK_WN1430,observed in official daily market table,READY
6138,TPEx,2018-01-02,2026-08-19,2089,TPEx STK_WN1430,observed in official daily market table,READY
6140,TPEx,2018-01-02,2026-08-19,2014,TPEx STK_WN1430,observed in official daily market table,READY
6143,TPEx,2018-01-02,2026-08-19,2095,TPEx STK_WN1430,observed in official daily market table,READY
6144,TPEx,2018-01-02,2026-08-19,1800,TPEx STK_WN1430,observed in official daily market table,READY
6146,TPEx,2018-01-02,2026-08-19,2095,TPEx STK_WN1430,observed in official daily market table,READY
6147,TPEx,2018-01-02,2026-08-19,2095,TPEx STK_WN1430,observed in official daily market table,READY
6148,TPEx,2018-01-02,2026-08-19,2081,TPEx STK_WN1430,observed in official daily market table,READY
6150,TPEx,2018-01-02,2026-08-19,2095,TPEx STK_WN1430,observed in official daily market table,READY
6151,TPEx,2018-01-02,2026-08-19,2094,TPEx STK_WN1430,observed in official daily market table,READY
6154,TPEx,2018-01-02,2026-08-19,2083,TPEx STK_WN1430,observed in official daily market table,READY
6156,TPEx,2018-01-02,2026-08-19,2095,TPEx STK_WN1430,observed in official daily market table,READY
6158,TPEx,2018-01-02,2026-08-19,2090,TPEx STK_WN1430,observed in official daily market table,READY
6160,TPEx,2018-01-02,2026-08-19,2095,TPEx STK_WN1430,observed in official daily market table,READY
6161,TPEx,2018-01-02,2026-08-19,2082,TPEx STK_WN1430,observed in official daily market table,READY
6163,TPEx,2018-01-02,2026-08-19,2095,TPEx STK_WN1430,observed in official daily market table,READY
6167,TPEx,2018-01-02,2026-08-19,2088,TPEx STK_WN1430,observed in official daily market table,READY
6169,TPEx,2018-01-02,2026-08-19,2087,TPEx STK_WN1430,observed in official daily market table,READY
6170,TPEx,2018-01-02,2026-08-19,2095,TPEx STK_WN1430,observed in official daily market table,READY
6171,TPEx,2018-01-03,2026-08-19,2043,TPEx STK_WN1430,observed in official daily market table,READY
6173,TPEx,2018-01-02,2026-08-19,2095,TPEx STK_WN1430,observed in official daily market table,READY
6174,TPEx,2018-01-02,2026-08-19,2091,TPEx STK_WN1430,observed in official daily market table,READY
6175,TPEx,2018-01-02,2026-08-19,2095,TPEx STK_WN1430,observed in official daily market table,READY
6179,TPEx,2018-01-02,2026-08-19,2094,TPEx STK_WN1430,observed in official daily market table,READY
6180,TPEx,2018-01-02,2026-08-19,2095,TPEx STK_WN1430,observed in official daily market table,READY
6182,TPEx,2018-01-02,2026-08-19,2095,TPEx STK_WN1430,observed in official daily market table,READY
6185,TPEx,2018-01-02,2026-08-19,2095,TPEx STK_WN1430,observed in official daily market table,READY
6186,TPEx,2018-01-02,2026-08-19,2095,TPEx STK_WN1430,observed in official daily market table,READY
6187,TPEx,2018-01-02,2026-08-19,2095,TPEx STK_WN1430,observed in official daily market table,READY
6188,TPEx,2018-01-02,2026-08-19,2095,TPEx STK_WN1430,observed in official daily market table,READY
6190,TPEx,2018-01-02,2026-08-19,2095,TPEx STK_WN1430,observed in official daily market table,READY
6194,TPEx,2018-01-02,2026-08-19,2081,TPEx STK_WN1430,observed in official daily market table,READY
6195,TPEx,2018-01-02,2026-08-18,2082,TPEx STK_WN1430,observed in official daily market table,READY
6198,TPEx,2018-01-02,2026-08-19,1672,TPEx STK_WN1430,observed in official daily market table,READY
6199,TPEx,2018-01-02,2026-08-19,1871,TPEx STK_WN1430,observed in official daily market table,READY
6203,TPEx,2018-01-02,2026-08-19,2095,TPEx STK_WN1430,observed in official daily market table,READY
6204,TPEx,2018-01-02,2026-08-19,2084,TPEx STK_WN1430,observed in official daily market table,READY
6207,TPEx,2018-01-02,2026-08-19,2088,TPEx STK_WN1430,observed in official daily market table,READY
6208,TPEx,2018-01-02,2026-08-19,2088,TPEx STK_WN1430,observed in official daily market table,READY
6210,TPEx,2018-01-02,2026-08-19,2066,TPEx STK_WN1430,observed in official daily market table,READY
6212,TPEx,2018-01-04,2026-08-17,1711,TPEx STK_WN1430,observed in official daily market table,READY
6217,TPEx,2018-01-02,2026-08-19,2095,TPEx STK_WN1430,observed in official daily market table,READY
6218,TPEx,2018-01-02,2026-08-19,2092,TPEx STK_WN1430,observed in official daily market table,READY
6219,TPEx,2018-01-02,2026-08-19,2090,TPEx STK_WN1430,observed in official daily market table,READY
6220,TPEx,2018-01-02,2026-08-19,2095,TPEx STK_WN1430,observed in official daily market table,READY
6221,TPEx,2018-01-02,2026-08-19,2071,TPEx STK_WN1430,observed in official daily market table,READY
6222,TPEx,2018-01-02,2026-08-18,1830,TPEx STK_WN1430,observed in official daily market table,READY
6223,TPEx,2018-01-02,2026-08-19,2095,TPEx STK_WN1430,observed in official daily market table,READY
6227,TPEx,2018-01-02,2026-08-19,2095,TPEx STK_WN1430,observed in official daily market table,READY
6228,TPEx,2018-01-02,2026-08-19,2035,TPEx STK_WN1430,observed in official daily market table,READY
6229,TPEx,2018-01-02,2026-08-19,2093,TPEx STK_WN1430,observed in official daily market table,READY
6231,TPEx,2018-01-02,2026-08-19,2095,TPEx STK_WN1430,observed in official daily market table,READY
6233,TPEx,2018-01-02,2026-08-19,2095,TPEx STK_WN1430,observed in official daily market table,READY
6234,TPEx,2018-01-02,2026-08-19,2095,TPEx STK_WN1430,observed in official daily market table,READY
6236,TPEx,2018-01-02,2026-08-18,1000,TPEx STK_WN1430,observed in official daily market table,READY
6237,TPEx,2018-01-02,2026-08-19,2095,TPEx STK_WN1430,observed in official daily market table,READY
6238,TPEx,2018-01-02,2020-06-10,589,TPEx STK_WN1430,observed in official daily market table,READY
6240,TPEx,2018-01-02,2026-08-19,2029,TPEx STK_WN1430,observed in official daily market table,READY
6241,TPEx,2018-01-02,2026-08-17,2052,TPEx STK_WN1430,observed in official daily market table,READY
6242,TPEx,2018-01-02,2026-08-19,1996,TPEx STK_WN1430,observed in official daily market table,READY
6244,TPEx,2018-01-02,2026-08-19,2088,TPEx STK_WN1430,observed in official daily market table,READY
6245,TPEx,2018-01-02,2026-08-19,2095,TPEx STK_WN1430,observed in official daily market table,READY
6246,TPEx,2018-01-02,2026-08-19,2040,TPEx STK_WN1430,observed in official daily market table,READY
6247,TPEx,2018-01-02,2023-02-01,1052,TPEx STK_WN1430,observed in official daily market table,READY
6248,TPEx,2018-01-02,2026-08-19,2041,TPEx STK_WN1430,observed in official daily market table,READY
6259,TPEx,2018-01-03,2026-08-19,1957,TPEx STK_WN1430,observed in official daily market table,READY
6261,TPEx,2018-01-02,2026-08-19,2095,TPEx STK_WN1430,observed in official daily market table,READY
6263,TPEx,2018-01-02,2026-08-19,2095,TPEx STK_WN1430,observed in official daily market table,READY
6264,TPEx,2018-01-02,2026-08-19,2084,TPEx STK_WN1430,observed in official daily market table,READY
6265,TPEx,2018-01-02,2026-08-19,2094,TPEx STK_WN1430,observed in official daily market table,READY
6266,TPEx,2018-01-02,2026-08-19,2095,TPEx STK_WN1430,observed in official daily market table,READY
6270,TPEx,2018-01-02,2026-08-19,2095,TPEx STK_WN1430,observed in official daily market table,READY
6274,TPEx,2018-01-02,2026-08-19,2095,TPEx STK_WN1430,observed in official daily market table,READY
6275,TPEx,2018-01-02,2026-08-19,2094,TPEx STK_WN1430,observed in official daily market table,READY
6276,TPEx,2018-01-02,2026-08-19,2063,TPEx STK_WN1430,observed in official daily market table,READY
6279,TPEx,2018-01-02,2026-08-19,2095,TPEx STK_WN1430,observed in official daily market table,READY
6284,TPEx,2018-01-02,2026-08-19,2088,TPEx STK_WN1430,observed in official daily market table,READY
6287,TPEx,2018-01-02,2025-06-20,1572,TPEx STK_WN1430,observed in official daily market table,READY
6290,TPEx,2018-01-02,2026-08-19,2095,TPEx STK_WN1430,observed in official daily market table,READY
6291,TPEx,2018-01-02,2026-08-19,1888,TPEx STK_WN1430,observed in official daily market table,READY
6292,TPEx,2018-01-02,2026-08-19,2091,TPEx STK_WN1430,observed in official daily market table,READY
6294,TPEx,2018-01-02,2026-08-19,2093,TPEx STK_WN1430,observed in official daily market table,READY
6298,TPEx,2018-01-02,2018-09-17,172,TPEx STK_WN1430,observed in official daily market table,READY
6404,TPEx,2018-01-02,2023-11-21,1267,TPEx STK_WN1430,observed in official daily market table,READY
6411,TPEx,2018-01-02,2026-08-19,2095,TPEx STK_WN1430,observed in official daily market table,READY
6417,TPEx,2018-01-02,2026-08-19,2007,TPEx STK_WN1430,observed in official daily market table,READY
6418,TPEx,2019-02-18,2026-08-19,1815,TPEx STK_WN1430,observed in official daily market table,READY
6419,TPEx,2018-01-02,2026-08-19,2055,TPEx STK_WN1430,observed in official daily market table,READY
6425,TPEx,2019-01-18,2026-08-19,1829,TPEx STK_WN1430,observed in official daily market table,READY
6432,TPEx,2018-01-02,2026-08-19,2094,TPEx STK_WN1430,observed in official daily market table,READY
6435,TPEx,2018-01-02,2026-08-19,2095,TPEx STK_WN1430,observed in official daily market table,READY
6441,TPEx,2018-01-02,2026-08-19,2085,TPEx STK_WN1430,observed in official daily market table,READY
6457,TPEx,2018-01-02,2024-12-25,1694,TPEx STK_WN1430,observed in official daily market table,READY
6461,TPEx,2018-03-28,2026-08-19,2041,TPEx STK_WN1430,observed in official daily market table,READY
6462,TPEx,2018-01-02,2026-08-19,2094,TPEx STK_WN1430,observed in official daily market table,READY
6465,TPEx,2018-01-02,2026-08-19,2043,TPEx STK_WN1430,observed in official daily market table,READY
6469,TPEx,2018-01-02,2026-08-19,2095,TPEx STK_WN1430,observed in official daily market table,READY
6470,TPEx,2018-01-02,2026-08-19,2095,TPEx STK_WN1430,observed in official daily market table,READY
6474,TPEx,2025-11-25,2026-08-19,176,TPEx STK_WN1430,observed in official daily market table,READY
6482,TPEx,2018-01-02,2026-08-19,1842,TPEx STK_WN1430,observed in official daily market table,READY
6485,TPEx,2018-01-02,2026-08-19,2095,TPEx STK_WN1430,observed in official daily market table,READY
6486,TPEx,2018-01-02,2026-08-19,2090,TPEx STK_WN1430,observed in official daily market table,READY
6488,TPEx,2018-01-02,2026-08-19,2095,TPEx STK_WN1430,observed in official daily market table,READY
6492,TPEx,2018-01-02,2026-08-19,2094,TPEx STK_WN1430,observed in official daily market table,READY
6494,TPEx,2018-01-02,2026-08-19,2094,TPEx STK_WN1430,observed in official daily market table,READY
6496,TPEx,2018-01-02,2026-08-19,2066,TPEx STK_WN1430,observed in official daily market table,READY
6497,TPEx,2018-01-02,2020-08-24,640,TPEx STK_WN1430,observed in official daily market table,READY
6498,TPEx,2025-05-20,2026-08-19,307,TPEx STK_WN1430,observed in official daily market table,READY
6499,TPEx,2018-01-02,2026-08-19,2094,TPEx STK_WN1430,observed in official daily market table,READY
6506,TPEx,2018-01-02,2026-08-19,2091,TPEx STK_WN1430,observed in official daily market table,READY
6508,TPEx,2018-01-02,2026-08-19,2095,TPEx STK_WN1430,observed in official daily market table,READY
6509,TPEx,2018-01-02,2026-08-19,2095,TPEx STK_WN1430,observed in official daily market table,READY
6510,TPEx,2018-01-02,2026-08-19,2095,TPEx STK_WN1430,observed in official daily market table,READY
6512,TPEx,2018-01-02,2026-08-19,2008,TPEx STK_WN1430,observed in official daily market table,READY
6514,TPEx,2018-01-02,2024-10-08,1634,TPEx STK_WN1430,observed in official daily market table,READY
6516,TPEx,2019-05-06,2026-08-19,1774,TPEx STK_WN1430,observed in official daily market table,READY
6517,TPEx,2022-12-15,2026-08-19,887,TPEx STK_WN1430,observed in official daily market table,READY
6523,TPEx,2018-01-02,2026-08-19,2093,TPEx STK_WN1430,observed in official daily market table,READY
6527,TPEx,2019-12-25,2026-08-19,1606,TPEx STK_WN1430,observed in official daily market table,READY
6530,TPEx,2018-01-23,2026-08-19,2067,TPEx STK_WN1430,observed in official daily market table,READY
6532,TPEx,2018-01-02,2026-08-19,2095,TPEx STK_WN1430,observed in official daily market table,READY
6535,TPEx,2018-01-02,2026-08-19,2093,TPEx STK_WN1430,observed in official daily market table,READY
6538,TPEx,2018-01-02,2026-08-19,2078,TPEx STK_WN1430,observed in official daily market table,READY
6542,TPEx,2018-01-02,2026-08-19,1919,TPEx STK_WN1430,observed in official daily market table,READY
6546,TPEx,2022-05-24,2026-08-19,1031,TPEx STK_WN1430,observed in official daily market table,READY
6547,TPEx,2018-04-17,2026-08-19,2029,TPEx STK_WN1430,observed in official daily market table,READY
6548,TPEx,2018-01-02,2026-08-19,2080,TPEx STK_WN1430,observed in official daily market table,READY
6554,TPEx,2018-01-02,2018-05-23,91,TPEx STK_WN1430,observed in official daily market table,EXCLUDE_INSUFFICIENT_HISTORY
6556,TPEx,2018-01-02,2026-08-19,2068,TPEx STK_WN1430,observed in official daily market table,READY
6560,TPEx,2018-01-02,2026-08-19,2093,TPEx STK_WN1430,observed in official daily market table,READY
6561,TPEx,2018-06-05,2026-08-19,1995,TPEx STK_WN1430,observed in official daily market table,READY
6568,TPEx,2018-01-02,2026-08-19,2095,TPEx STK_WN1430,observed in official daily market table,READY
6569,TPEx,2018-01-02,2026-08-19,2083,TPEx STK_WN1430,observed in official daily market table,READY
6570,TPEx,2018-01-02,2026-08-19,2074,TPEx STK_WN1430,observed in official daily market table,READY
6574,TPEx,2018-01-02,2026-08-19,1658,TPEx STK_WN1430,observed in official daily market table,READY
6576,TPEx,2018-06-29,2026-08-19,1979,TPEx STK_WN1430,observed in official daily market table,READY
6577,TPEx,2018-01-02,2026-08-19,2076,TPEx STK_WN1430,observed in official daily market table,READY
6578,TPEx,2018-09-18,2026-08-19,1922,TPEx STK_WN1430,observed in official daily market table,READY
6584,TPEx,2023-05-18,2026-08-19,792,TPEx STK_WN1430,observed in official daily market table,READY
6588,TPEx,2020-07-01,2026-08-19,1484,TPEx STK_WN1430,observed in official daily market table,READY
6590,TPEx,2018-12-24,2026-08-19,1812,TPEx STK_WN1430,observed in official daily market table,READY
6593,TPEx,2018-01-02,2026-08-19,1994,TPEx STK_WN1430,observed in official daily market table,READY
6594,TPEx,2018-01-02,2023-03-23,1261,TPEx STK_WN1430,observed in official daily market table,READY
6596,TPEx,2018-01-04,2026-08-19,2084,TPEx STK_WN1430,observed in official daily market table,READY
6597,TPEx,2025-05-08,2026-08-19,296,TPEx STK_WN1430,observed in official daily market table,READY
6603,TPEx,2018-01-02,2026-08-19,2095,TPEx STK_WN1430,observed in official daily market table,READY
6609,TPEx,2018-01-02,2026-08-19,2095,TPEx STK_WN1430,observed in official daily market table,READY
6612,TPEx,2018-07-18,2026-08-19,1964,TPEx STK_WN1430,observed in official daily market table,READY
6613,TPEx,2018-01-02,2026-08-19,2088,TPEx STK_WN1430,observed in official daily market table,READY
6615,TPEx,2018-01-22,2026-08-19,2032,TPEx STK_WN1430,observed in official daily market table,READY
6616,TPEx,2018-01-10,2026-08-19,2053,TPEx STK_WN1430,observed in official daily market table,READY
6617,TPEx,2024-06-18,2026-08-19,528,TPEx STK_WN1430,observed in official daily market table,READY
6620,TPEx,2025-12-23,2026-08-19,157,TPEx STK_WN1430,observed in official daily market table,READY
6624,TPEx,2019-05-28,2026-08-19,1661,TPEx STK_WN1430,observed in official daily market table,READY
6629,TPEx,2019-06-06,2026-08-19,1597,TPEx STK_WN1430,observed in official daily market table,READY
6637,TPEx,2024-06-18,2026-08-19,528,TPEx STK_WN1430,observed in official daily market table,READY
6640,TPEx,2018-10-23,2026-08-19,1865,TPEx STK_WN1430,observed in official daily market table,READY
6642,TPEx,2019-09-23,2026-08-19,1662,TPEx STK_WN1430,observed in official daily market table,READY
6643,TPEx,2019-01-23,2026-08-19,1835,TPEx STK_WN1430,observed in official daily market table,READY
6649,TPEx,2019-06-05,2026-08-19,1739,TPEx STK_WN1430,observed in official daily market table,READY
6651,TPEx,2021-02-01,2026-08-19,1344,TPEx STK_WN1430,observed in official daily market table,READY
6654,TPEx,2018-10-23,2026-08-19,1850,TPEx STK_WN1430,observed in official daily market table,READY
6661,TPEx,2021-01-27,2026-08-19,1306,TPEx STK_WN1430,observed in official daily market table,READY
6662,TPEx,2019-03-26,2026-08-18,1727,TPEx STK_WN1430,observed in official daily market table,READY
6664,TPEx,2018-09-12,2026-08-19,1926,TPEx STK_WN1430,observed in official daily market table,READY
6667,TPEx,2018-11-13,2026-08-19,1884,TPEx STK_WN1430,observed in official daily market table,READY
6679,TPEx,2019-05-09,2026-08-19,1771,TPEx STK_WN1430,observed in official daily market table,READY
6680,TPEx,2019-09-16,2026-08-19,1401,TPEx STK_WN1430,observed in official daily market table,READY
6683,TPEx,2019-04-23,2026-08-19,1782,TPEx STK_WN1430,observed in official daily market table,READY
6684,TPEx,2021-08-11,2026-08-19,1219,TPEx STK_WN1430,observed in official daily market table,READY
6690,TPEx,2019-10-30,2026-08-19,1650,TPEx STK_WN1430,observed in official daily market table,READY
6692,TPEx,2024-02-02,2026-08-19,610,TPEx STK_WN1430,observed in official daily market table,READY
6693,TPEx,2022-03-01,2026-08-19,1088,TPEx STK_WN1430,observed in official daily market table,READY
6697,TPEx,2019-12-26,2026-08-19,1553,TPEx STK_WN1430,observed in official daily market table,READY
6703,TPEx,2020-10-20,2026-08-19,1417,TPEx STK_WN1430,observed in official daily market table,READY
6708,TPEx,2022-12-29,2026-08-19,861,TPEx STK_WN1430,observed in official daily market table,READY
6712,TPEx,2021-01-08,2026-08-19,1359,TPEx STK_WN1430,observed in official daily market table,READY
6716,TPEx,2020-03-27,2026-08-19,1548,TPEx STK_WN1430,observed in official daily market table,READY
6720,TPEx,2024-12-04,2026-08-19,413,TPEx STK_WN1430,observed in official daily market table,READY
6721,TPEx,2022-04-29,2026-08-19,996,TPEx STK_WN1430,observed in official daily market table,READY
6725,TPEx,2025-12-30,2026-08-19,153,TPEx STK_WN1430,observed in official daily market table,READY
6727,TPEx,2020-12-01,2026-08-19,1387,TPEx STK_WN1430,observed in official daily market table,READY
6728,TPEx,2020-12-25,2026-08-19,1365,TPEx STK_WN1430,observed in official daily market table,READY
6730,TPEx,2025-12-10,2026-08-19,163,TPEx STK_WN1430,observed in official daily market table,READY
6732,TPEx,2020-06-08,2026-08-19,1508,TPEx STK_WN1430,observed in official daily market table,READY
6733,TPEx,2021-01-28,2026-08-19,1346,TPEx STK_WN1430,observed in official daily market table,READY
6735,TPEx,2022-04-29,2026-08-19,1036,TPEx STK_WN1430,observed in official daily market table,READY
6739,TPEx,2024-09-02,2026-08-19,476,TPEx STK_WN1430,observed in official daily market table,READY
6741,TPEx,2021-05-25,2026-08-19,1274,TPEx STK_WN1430,observed in official daily market table,READY
6747,TPEx,2021-01-19,2025-11-26,1158,TPEx STK_WN1430,observed in official daily market table,READY
6751,TPEx,2020-12-25,2026-08-19,1349,TPEx STK_WN1430,observed in official daily market table,READY
6752,TPEx,2020-12-10,2026-08-19,1314,TPEx STK_WN1430,observed in official daily market table,READY
6761,TPEx,2021-11-08,2026-08-19,1159,TPEx STK_WN1430,observed in official daily market table,READY
6762,TPEx,2020-12-18,2026-08-17,1171,TPEx STK_WN1430,observed in official daily market table,READY
6763,TPEx,2022-03-15,2026-08-19,1070,TPEx STK_WN1430,observed in official daily market table,READY
6767,TPEx,2021-01-25,2026-08-19,1331,TPEx STK_WN1430,observed in official daily market table,READY
6785,TPEx,2024-01-24,2026-08-19,620,TPEx STK_WN1430,observed in official daily market table,READY
6788,TPEx,2021-09-29,2026-08-19,1187,TPEx STK_WN1430,observed in official daily market table,READY
6791,TPEx,2022-11-14,2026-08-19,909,TPEx STK_WN1430,observed in official daily market table,READY
6803,TPEx,2018-01-02,2026-08-19,2092,TPEx STK_WN1430,observed in official daily market table,READY
6804,TPEx,2022-03-31,2026-08-19,1058,TPEx STK_WN1430,observed in official daily market table,READY
6811,TPEx,2022-08-09,2026-08-19,977,TPEx STK_WN1430,observed in official daily market table,READY
6821,TPEx,2023-05-22,2026-08-19,790,TPEx STK_WN1430,observed in official daily market table,READY
6823,TPEx,2022-06-30,2026-08-19,998,TPEx STK_WN1430,observed in official daily market table,READY
6829,TPEx,2022-03-11,2026-08-19,1080,TPEx STK_WN1430,observed in official daily market table,READY
6840,TPEx,2023-03-24,2026-08-19,808,TPEx STK_WN1430,observed in official daily market table,READY
6841,TPEx,2023-03-01,2026-08-19,844,TPEx STK_WN1430,observed in official daily market table,READY
6843,TPEx,2022-11-21,2026-08-19,887,TPEx STK_WN1430,observed in official daily market table,READY
6844,TPEx,2024-03-08,2026-08-19,583,TPEx STK_WN1430,observed in official daily market table,READY
6846,TPEx,2023-05-15,2026-08-19,779,TPEx STK_WN1430,observed in official daily market table,READY
6855,TPEx,2022-10-06,2026-08-19,881,TPEx STK_WN1430,observed in official daily market table,READY
6856,TPEx,2023-10-27,2026-08-19,600,TPEx STK_WN1430,observed in official daily market table,READY
6859,TPEx,2022-11-28,2026-08-19,898,TPEx STK_WN1430,observed in official daily market table,READY
6865,TPEx,2023-01-11,2026-08-14,857,TPEx STK_WN1430,observed in official daily market table,READY
6870,TPEx,2023-09-14,2026-08-19,710,TPEx STK_WN1430,observed in official daily market table,READY
6872,TPEx,2025-03-07,2026-08-19,356,TPEx STK_WN1430,observed in official daily market table,READY
6874,TPEx,2022-12-14,2026-08-19,888,TPEx STK_WN1430,observed in official daily market table,READY
6875,TPEx,2024-03-26,2026-08-19,584,TPEx STK_WN1430,observed in official daily market table,READY
6877,TPEx,2023-06-16,2026-08-19,771,TPEx STK_WN1430,observed in official daily market table,READY
6881,TPEx,2024-05-21,2026-08-19,508,TPEx STK_WN1430,observed in official daily market table,READY
6884,TPEx,2025-12-17,2026-08-19,155,TPEx STK_WN1430,observed in official daily market table,READY
6894,TPEx,2023-11-29,2026-08-19,651,TPEx STK_WN1430,observed in official daily market table,READY
6895,TPEx,2023-08-22,2026-08-19,727,TPEx STK_WN1430,observed in official daily market table,READY
6899,TPEx,2024-04-08,2026-08-19,573,TPEx STK_WN1430,observed in official daily market table,READY
6903,TPEx,2024-06-12,2026-08-19,532,TPEx STK_WN1430,observed in official daily market table,READY
6904,TPEx,2023-12-05,2026-08-18,560,TPEx STK_WN1430,observed in official daily market table,READY
6907,TPEx,2026-01-29,2026-08-19,132,TPEx STK_WN1430,observed in official daily market table,READY
6910,TPEx,2025-12-11,2026-08-19,165,TPEx STK_WN1430,observed in official daily market table,READY
6913,TPEx,2024-10-01,2026-08-19,456,TPEx STK_WN1430,observed in official daily market table,READY
6922,TPEx,2023-11-09,2026-08-19,673,TPEx STK_WN1430,observed in official daily market table,READY
6925,TPEx,2025-05-28,2026-08-19,301,TPEx STK_WN1430,observed in official daily market table,READY
6929,TPEx,2024-03-28,2026-08-19,558,TPEx STK_WN1430,observed in official daily market table,READY
6945,TPEx,2026-06-05,2026-08-19,52,TPEx STK_WN1430,observed in official daily market table,EXCLUDE_INSUFFICIENT_HISTORY
6953,TPEx,2024-05-13,2026-08-19,549,TPEx STK_WN1430,observed in official daily market table,READY
6961,TPEx,2026-01-22,2026-08-19,137,TPEx STK_WN1430,observed in official daily market table,READY
6967,TPEx,2024-09-25,2026-08-19,456,TPEx STK_WN1430,observed in official daily market table,READY
6968,TPEx,2024-08-14,2026-08-19,488,TPEx STK_WN1430,observed in official daily market table,READY
6971,TPEx,2025-10-02,2026-08-19,212,TPEx STK_WN1430,observed in official daily market table,READY
6982,TPEx,2024-12-18,2026-08-19,404,TPEx STK_WN1430,observed in official daily market table,READY
6983,TPEx,2026-05-25,2026-08-19,61,TPEx STK_WN1430,observed in official daily market table,EXCLUDE_INSUFFICIENT_HISTORY
6986,TPEx,2026-06-26,2026-08-19,38,TPEx STK_WN1430,observed in official daily market table,EXCLUDE_INSUFFICIENT_HISTORY
6996,TPEx,2024-12-10,2026-08-19,410,TPEx STK_WN1430,observed in official daily market table,READY
6997,TPEx,2024-12-16,2026-08-19,361,TPEx STK_WN1430,observed in official daily market table,READY
7402,TPEx,2018-01-02,2026-08-19,1996,TPEx STK_WN1430,observed in official daily market table,READY
7547,TPEx,2025-07-29,2026-08-19,258,TPEx STK_WN1430,observed in official daily market table,READY
7556,TPEx,2020-10-30,2026-08-19,1393,TPEx STK_WN1430,observed in official daily market table,READY
7584,TPEx,2024-07-26,2026-08-19,498,TPEx STK_WN1430,observed in official daily market table,READY
7642,TPEx,2025-05-22,2026-08-19,305,TPEx STK_WN1430,observed in official daily market table,READY
7703,TPEx,2024-11-13,2026-08-19,429,TPEx STK_WN1430,observed in official daily market table,READY
7704,TPEx,2024-12-16,2026-08-19,404,TPEx STK_WN1430,observed in official daily market table,READY
7708,TPEx,2024-11-15,2026-08-19,423,TPEx STK_WN1430,observed in official daily market table,READY
7709,TPEx,2025-02-25,2026-08-19,352,TPEx STK_WN1430,observed in official daily market table,READY
7712,TPEx,2024-12-26,2026-08-19,397,TPEx STK_WN1430,observed in official daily market table,READY
7713,TPEx,2025-02-24,2026-08-19,350,TPEx STK_WN1430,observed in official daily market table,READY
7714,TPEx,2025-01-15,2026-08-19,385,TPEx STK_WN1430,observed in official daily market table,READY
7715,TPEx,2025-01-15,2026-08-19,385,TPEx STK_WN1430,observed in official daily market table,READY
7716,TPEx,2025-10-28,2026-08-18,160,TPEx STK_WN1430,observed in official daily market table,READY
7717,TPEx,2025-11-17,2026-08-19,183,TPEx STK_WN1430,observed in official daily market table,READY
7718,TPEx,2025-03-18,2026-08-19,347,TPEx STK_WN1430,observed in official daily market table,READY
7723,TPEx,2025-04-30,2026-08-19,320,TPEx STK_WN1430,observed in official daily market table,READY
7728,TPEx,2025-03-06,2026-08-19,357,TPEx STK_WN1430,observed in official daily market table,READY
7734,TPEx,2025-02-26,2026-08-19,362,TPEx STK_WN1430,observed in official daily market table,READY
7738,TPEx,2025-10-16,2026-08-19,204,TPEx STK_WN1430,observed in official daily market table,READY
7743,TPEx,2025-05-20,2026-08-19,295,TPEx STK_WN1430,observed in official daily market table,READY
7744,TPEx,2025-11-27,2026-08-19,175,TPEx STK_WN1430,observed in official daily market table,READY
7747,TPEx,2025-07-11,2026-08-19,263,TPEx STK_WN1430,observed in official daily market table,READY
7751,TPEx,2025-08-26,2026-08-19,238,TPEx STK_WN1430,observed in official daily market table,READY
7753,TPEx,2025-08-11,2026-08-19,249,TPEx STK_WN1430,observed in official daily market table,READY
7757,TPEx,2025-10-20,2026-08-19,202,TPEx STK_WN1430,observed in official daily market table,READY
7767,TPEx,2025-12-10,2026-08-19,164,TPEx STK_WN1430,observed in official daily market table,READY
7770,TPEx,2025-12-10,2026-08-19,162,TPEx STK_WN1430,observed in official daily market table,READY
7772,TPEx,2026-05-08,2026-08-19,72,TPEx STK_WN1430,observed in official daily market table,EXCLUDE_INSUFFICIENT_HISTORY
7777,TPEx,2025-12-22,2026-08-19,158,TPEx STK_WN1430,observed in official daily market table,READY
7782,TPEx,2025-10-28,2026-08-19,188,TPEx STK_WN1430,observed in official daily market table,READY
7792,TPEx,2026-01-28,2026-08-19,133,TPEx STK_WN1430,observed in official daily market table,READY
7794,TPEx,2026-04-20,2026-08-19,84,TPEx STK_WN1430,observed in official daily market table,EXCLUDE_INSUFFICIENT_HISTORY
7805,TPEx,2025-12-22,2026-08-19,158,TPEx STK_WN1430,observed in official daily market table,READY
7810,TPEx,2025-12-23,2026-08-19,157,TPEx STK_WN1430,observed in official daily market table,READY
7811,TPEx,2026-03-25,2026-08-19,101,TPEx STK_WN1430,observed in official daily market table,EXCLUDE_INSUFFICIENT_HISTORY
7814,TPEx,2026-07-16,2026-08-19,25,TPEx STK_WN1430,observed in official daily market table,EXCLUDE_INSUFFICIENT_HISTORY
7819,TPEx,2026-05-27,2026-08-19,59,TPEx STK_WN1430,observed in official daily market table,EXCLUDE_INSUFFICIENT_HISTORY
7820,TPEx,2026-04-27,2026-08-19,80,TPEx STK_WN1430,observed in official daily market table,EXCLUDE_INSUFFICIENT_HISTORY
7828,TPEx,2026-04-22,2026-08-19,83,TPEx STK_WN1430,observed in official daily market table,EXCLUDE_INSUFFICIENT_HISTORY
7839,TPEx,2026-06-15,2026-08-19,46,TPEx STK_WN1430,observed in official daily market table,EXCLUDE_INSUFFICIENT_HISTORY
7842,TPEx,2026-05-11,2026-08-19,70,TPEx STK_WN1430,observed in official daily market table,EXCLUDE_INSUFFICIENT_HISTORY
8024,TPEx,2018-01-02,2026-08-19,2090,TPEx STK_WN1430,observed in official daily market table,READY
8027,TPEx,2018-01-02,2026-08-19,2095,TPEx STK_WN1430,observed in official daily market table,READY
8032,TPEx,2018-01-02,2026-08-19,2064,TPEx STK_WN1430,observed in official daily market table,READY
8034,TPEx,2018-01-02,2026-08-19,2088,TPEx STK_WN1430,observed in official daily market table,READY
8038,TPEx,2018-01-02,2026-08-19,2095,TPEx STK_WN1430,observed in official daily market table,READY
8040,TPEx,2018-01-02,2026-08-19,2088,TPEx STK_WN1430,observed in official daily market table,READY
8042,TPEx,2018-01-02,2026-08-19,2093,TPEx STK_WN1430,observed in official daily market table,READY
8043,TPEx,2018-01-02,2026-08-19,2095,TPEx STK_WN1430,observed in official daily market table,READY
8044,TPEx,2018-01-02,2026-08-19,2093,TPEx STK_WN1430,observed in official daily market table,READY
8047,TPEx,2018-01-02,2026-08-19,2003,TPEx STK_WN1430,observed in official daily market table,READY
8048,TPEx,2018-01-02,2026-08-19,2094,TPEx STK_WN1430,observed in official daily market table,READY
8049,TPEx,2018-01-02,2026-08-19,2095,TPEx STK_WN1430,observed in official daily market table,READY
8050,TPEx,2018-01-02,2026-08-19,2094,TPEx STK_WN1430,observed in official daily market table,READY
8054,TPEx,2018-01-02,2026-08-19,2095,TPEx STK_WN1430,observed in official daily market table,READY
8059,TPEx,2018-01-02,2026-08-19,2094,TPEx STK_WN1430,observed in official daily market table,READY
8064,TPEx,2018-01-02,2026-08-19,2095,TPEx STK_WN1430,observed in official daily market table,READY
8066,TPEx,2018-01-02,2026-08-19,2090,TPEx STK_WN1430,observed in official daily market table,READY
8067,TPEx,2018-01-02,2026-08-19,1871,TPEx STK_WN1430,observed in official daily market table,READY
8068,TPEx,2018-01-02,2026-08-19,2092,TPEx STK_WN1430,observed in official daily market table,READY
8069,TPEx,2018-01-02,2026-08-19,2095,TPEx STK_WN1430,observed in official daily market table,READY
8071,TPEx,2018-01-02,2026-08-19,2095,TPEx STK_WN1430,observed in official daily market table,READY
8074,TPEx,2018-01-02,2026-08-19,2095,TPEx STK_WN1430,observed in official daily market table,READY
8076,TPEx,2018-01-02,2026-08-19,2095,TPEx STK_WN1430,observed in official daily market table,READY
8077,TPEx,2018-01-02,2026-08-19,1586,TPEx STK_WN1430,observed in official daily market table,READY
8080,TPEx,2018-01-02,2026-08-19,1772,TPEx STK_WN1430,observed in official daily market table,READY
8083,TPEx,2018-01-02,2026-08-19,2095,TPEx STK_WN1430,observed in official daily market table,READY
8084,TPEx,2018-01-02,2026-08-19,2086,TPEx STK_WN1430,observed in official daily market table,READY
8085,TPEx,2018-01-02,2026-08-19,2088,TPEx STK_WN1430,observed in official daily market table,READY
8086,TPEx,2018-01-02,2026-08-19,2094,TPEx STK_WN1430,observed in official daily market table,READY
8087,TPEx,2018-01-02,2026-08-19,1931,TPEx STK_WN1430,observed in official daily market table,READY
8088,TPEx,2018-01-02,2026-08-19,2095,TPEx STK_WN1430,observed in official daily market table,READY
8089,TPEx,2020-09-23,2026-08-19,1432,TPEx STK_WN1430,observed in official daily market table,READY
8091,TPEx,2018-01-02,2026-08-19,2095,TPEx STK_WN1430,observed in official daily market table,READY
8092,TPEx,2018-01-02,2026-08-19,2095,TPEx STK_WN1430,observed in official daily market table,READY
8093,TPEx,2018-01-02,2026-08-19,2075,TPEx STK_WN1430,observed in official daily market table,READY
8096,TPEx,2018-01-02,2026-08-19,2095,TPEx STK_WN1430,observed in official daily market table,READY
8097,TPEx,2018-01-02,2026-08-19,2091,TPEx STK_WN1430,observed in official daily market table,READY
8099,TPEx,2018-01-02,2026-08-19,2095,TPEx STK_WN1430,observed in official daily market table,READY
8102,TPEx,2025-12-22,2026-08-19,152,TPEx STK_WN1430,observed in official daily market table,READY
8107,TPEx,2018-01-02,2026-08-19,2095,TPEx STK_WN1430,observed in official daily market table,READY
8109,TPEx,2018-01-02,2026-08-19,2095,TPEx STK_WN1430,observed in official daily market table,READY
8111,TPEx,2018-01-02,2026-08-19,2095,TPEx STK_WN1430,observed in official daily market table,READY
8121,TPEx,2018-01-02,2026-08-19,2095,TPEx STK_WN1430,observed in official daily market table,READY
8147,TPEx,2018-01-02,2026-08-19,2081,TPEx STK_WN1430,observed in official daily market table,READY
8155,TPEx,2018-01-02,2026-08-19,2095,TPEx STK_WN1430,observed in official daily market table,READY
8171,TPEx,2018-01-02,2026-08-19,2089,TPEx STK_WN1430,observed in official daily market table,READY
8176,TPEx,2018-01-02,2026-08-19,2095,TPEx STK_WN1430,observed in official daily market table,READY
8182,TPEx,2018-01-02,2026-08-19,2095,TPEx STK_WN1430,observed in official daily market table,READY
8183,TPEx,2018-01-02,2026-08-19,2095,TPEx STK_WN1430,observed in official daily market table,READY
8227,TPEx,2022-12-20,2026-08-19,884,TPEx STK_WN1430,observed in official daily market table,READY
8234,TPEx,2018-01-02,2026-08-19,2095,TPEx STK_WN1430,observed in official daily market table,READY
8240,TPEx,2018-01-02,2026-08-19,2093,TPEx STK_WN1430,observed in official daily market table,READY
8255,TPEx,2018-01-02,2026-08-19,2095,TPEx STK_WN1430,observed in official daily market table,READY
8272,TPEx,2024-10-23,2026-08-19,438,TPEx STK_WN1430,observed in official daily market table,READY
8277,TPEx,2018-01-02,2026-08-19,2095,TPEx STK_WN1430,observed in official daily market table,READY
8279,TPEx,2018-01-02,2026-08-19,2056,TPEx STK_WN1430,observed in official daily market table,READY
8284,TPEx,2020-05-18,2026-08-19,1517,TPEx STK_WN1430,observed in official daily market table,READY
8287,TPEx,2018-01-02,2020-04-30,562,TPEx STK_WN1430,observed in official daily market table,READY
8289,TPEx,2018-01-02,2026-08-19,2089,TPEx STK_WN1430,observed in official daily market table,READY
8291,TPEx,2018-01-02,2026-08-19,1366,TPEx STK_WN1430,observed in official daily market table,READY
8299,TPEx,2018-01-02,2026-08-19,2095,TPEx STK_WN1430,observed in official daily market table,READY
8342,TPEx,2018-01-02,2026-08-19,1895,TPEx STK_WN1430,observed in official daily market table,READY
8349,TPEx,2018-01-02,2026-08-19,2091,TPEx STK_WN1430,observed in official daily market table,READY
8354,TPEx,2018-01-02,2026-08-19,2084,TPEx STK_WN1430,observed in official daily market table,READY
8358,TPEx,2018-01-02,2026-08-19,2095,TPEx STK_WN1430,observed in official daily market table,READY
8383,TPEx,2018-01-02,2026-08-19,2095,TPEx STK_WN1430,observed in official daily market table,READY
8390,TPEx,2018-01-02,2026-08-19,2088,TPEx STK_WN1430,observed in official daily market table,READY
8401,TPEx,2018-01-02,2026-08-19,2095,TPEx STK_WN1430,observed in official daily market table,READY
8403,TPEx,2018-01-02,2026-08-19,2095,TPEx STK_WN1430,observed in official daily market table,READY
8406,TPEx,2018-01-02,2022-04-20,1041,TPEx STK_WN1430,observed in official daily market table,READY
8409,TPEx,2018-01-02,2026-08-18,2054,TPEx STK_WN1430,observed in official daily market table,READY
8410,TPEx,2018-01-02,2026-08-19,2071,TPEx STK_WN1430,observed in official daily market table,READY
8415,TPEx,2018-01-02,2026-08-19,2095,TPEx STK_WN1430,observed in official daily market table,READY
8416,TPEx,2018-01-02,2026-08-19,2063,TPEx STK_WN1430,observed in official daily market table,READY
8418,TPEx,2018-01-02,2024-01-24,1437,TPEx STK_WN1430,observed in official daily market table,READY
8420,TPEx,2018-01-02,2024-11-20,1602,TPEx STK_WN1430,observed in official daily market table,READY
8421,TPEx,2018-01-02,2026-08-19,2087,TPEx STK_WN1430,observed in official daily market table,READY
8423,TPEx,2018-01-02,2026-08-19,1845,TPEx STK_WN1430,observed in official daily market table,READY
8424,TPEx,2018-01-02,2026-08-19,2036,TPEx STK_WN1430,observed in official daily market table,READY
8426,TPEx,2018-01-02,2026-08-19,2040,TPEx STK_WN1430,observed in official daily market table,READY
8431,TPEx,2018-01-02,2026-08-19,2095,TPEx STK_WN1430,observed in official daily market table,READY
8432,TPEx,2018-01-02,2026-08-19,2094,TPEx STK_WN1430,observed in official daily market table,READY
8433,TPEx,2018-01-02,2026-08-19,2083,TPEx STK_WN1430,observed in official daily market table,READY
8435,TPEx,2018-01-02,2026-08-19,2090,TPEx STK_WN1430,observed in official daily market table,READY
8436,TPEx,2018-01-02,2026-08-19,2095,TPEx STK_WN1430,observed in official daily market table,READY
8437,TPEx,2018-01-02,2026-08-19,2086,TPEx STK_WN1430,observed in official daily market table,READY
8440,TPEx,2018-03-28,2026-08-19,2040,TPEx STK_WN1430,observed in official daily market table,READY
8444,TPEx,2018-01-02,2026-08-18,2057,TPEx STK_WN1430,observed in official daily market table,READY
8446,TPEx,2018-01-02,2026-08-19,2094,TPEx STK_WN1430,observed in official daily market table,READY
8450,TPEx,2018-01-02,2026-08-19,2092,TPEx STK_WN1430,observed in official daily market table,READY
8455,TPEx,2018-01-02,2026-08-19,1803,TPEx STK_WN1430,observed in official daily market table,READY
8472,TPEx,2018-01-02,2026-08-19,1950,TPEx STK_WN1430,observed in official daily market table,READY
8477,TPEx,2018-01-02,2026-08-19,2081,TPEx STK_WN1430,observed in official daily market table,READY
8489,TPEx,2018-01-02,2026-08-19,2093,TPEx STK_WN1430,observed in official daily market table,READY
8905,TPEx,2018-01-02,2026-08-19,2043,TPEx STK_WN1430,observed in official daily market table,READY
8906,TPEx,2018-01-02,2026-08-19,1973,TPEx STK_WN1430,observed in official daily market table,READY
8908,TPEx,2018-01-02,2026-08-19,2060,TPEx STK_WN1430,observed in official daily market table,READY
8913,TPEx,2018-01-02,2020-01-13,493,TPEx STK_WN1430,observed in official daily market table,READY
8916,TPEx,2018-01-02,2026-08-19,2095,TPEx STK_WN1430,observed in official daily market table,READY
8917,TPEx,2018-01-05,2026-08-19,1632,TPEx STK_WN1430,observed in official daily market table,READY
8921,TPEx,2018-01-04,2026-08-19,1318,TPEx STK_WN1430,observed in official daily market table,READY
8923,TPEx,2018-01-03,2026-08-19,1646,TPEx STK_WN1430,observed in official daily market table,READY
8924,TPEx,2018-01-02,2026-08-19,2088,TPEx STK_WN1430,observed in official daily market table,READY
8927,TPEx,2018-01-02,2026-08-19,2084,TPEx STK_WN1430,observed in official daily market table,READY
8928,TPEx,2018-01-02,2026-08-19,2090,TPEx STK_WN1430,observed in official daily market table,READY
8929,TPEx,2018-01-02,2026-08-19,2075,TPEx STK_WN1430,observed in official daily market table,READY
8930,TPEx,2018-01-02,2026-08-19,2095,TPEx STK_WN1430,observed in official daily market table,READY
8931,TPEx,2018-01-02,2026-08-19,2081,TPEx STK_WN1430,observed in official daily market table,READY
8932,TPEx,2018-01-02,2026-08-19,2072,TPEx STK_WN1430,observed in official daily market table,READY
8933,TPEx,2018-01-02,2026-08-19,2088,TPEx STK_WN1430,observed in official daily market table,READY
8934,TPEx,2018-01-02,2020-11-17,421,TPEx STK_WN1430,observed in official daily market table,READY
8935,TPEx,2018-01-02,2026-08-19,2093,TPEx STK_WN1430,observed in official daily market table,READY
8936,TPEx,2018-01-02,2026-08-19,2095,TPEx STK_WN1430,observed in official daily market table,READY
8937,TPEx,2018-01-02,2026-08-19,2074,TPEx STK_WN1430,observed in official daily market table,READY
8938,TPEx,2018-01-02,2026-08-19,2094,TPEx STK_WN1430,observed in official daily market table,READY
8941,TPEx,2018-01-02,2026-08-19,2000,TPEx STK_WN1430,observed in official daily market table,READY
8942,TPEx,2018-01-02,2026-08-19,2095,TPEx STK_WN1430,observed in official daily market table,READY
9949,TPEx,2018-01-02,2026-08-19,2058,TPEx STK_WN1430,observed in official daily market table,READY
9950,TPEx,2018-01-02,2026-08-19,2015,TPEx STK_WN1430,observed in official daily market table,READY
9951,TPEx,2018-01-02,2026-08-19,2095,TPEx STK_WN1430,observed in official daily market table,READY
9960,TPEx,2018-01-02,2026-08-19,1968,TPEx STK_WN1430,observed in official daily market table,READY
9962,TPEx,2018-01-02,2026-08-19,2091,TPEx STK_WN1430,observed in official daily market table,READY
1101,TWSE,2018-01-02,2026-08-19,2095,"Yahoo bootstrap, OHLC/calendar validated",current TWSE issuer or official TWSE delisting record,READY
1102,TWSE,2018-01-02,2026-08-19,2095,"Yahoo bootstrap, OHLC/calendar validated",current TWSE issuer or official TWSE delisting record,READY
1103,TWSE,2018-01-02,2026-08-19,2095,"Yahoo bootstrap, OHLC/calendar validated",current TWSE issuer or official TWSE delisting record,READY
1104,TWSE,2018-01-02,2026-08-19,2095,"Yahoo bootstrap, OHLC/calendar validated",current TWSE issuer or official TWSE delisting record,READY
1108,TWSE,2018-01-02,2026-08-19,2095,"Yahoo bootstrap, OHLC/calendar validated",current TWSE issuer or official TWSE delisting record,READY
1109,TWSE,2018-01-02,2026-08-19,2095,"Yahoo bootstrap, OHLC/calendar validated",current TWSE issuer or official TWSE delisting record,READY
1110,TWSE,2018-01-02,2026-08-19,2095,"Yahoo bootstrap, OHLC/calendar validated",current TWSE issuer or official TWSE delisting record,READY
1201,TWSE,2018-01-02,2026-08-19,2095,"Yahoo bootstrap, OHLC/calendar validated",current TWSE issuer or official TWSE delisting record,READY
1203,TWSE,2018-01-02,2026-08-19,2095,"Yahoo bootstrap, OHLC/calendar validated",current TWSE issuer or official TWSE delisting record,READY
1210,TWSE,2018-01-02,2026-08-19,2095,"Yahoo bootstrap, OHLC/calendar validated",current TWSE issuer or official TWSE delisting record,READY
1213,TWSE,2018-01-02,2026-08-19,2095,"Yahoo bootstrap, OHLC/calendar validated",current TWSE issuer or official TWSE delisting record,READY
1215,TWSE,2018-01-02,2026-08-19,2095,"Yahoo bootstrap, OHLC/calendar validated",current TWSE issuer or official TWSE delisting record,READY
1216,TWSE,2018-01-02,2026-08-19,2095,"Yahoo bootstrap, OHLC/calendar validated",current TWSE issuer or official TWSE delisting record,READY
1217,TWSE,2018-01-02,2026-08-19,2095,"Yahoo bootstrap, OHLC/calendar validated",current TWSE issuer or official TWSE delisting record,READY
1218,TWSE,2018-01-02,2026-08-19,2095,"Yahoo bootstrap, OHLC/calendar validated",current TWSE issuer or official TWSE delisting record,READY
1219,TWSE,2018-01-02,2026-08-19,2095,"Yahoo bootstrap, OHLC/calendar validated",current TWSE issuer or official TWSE delisting record,READY
1220,TWSE,2018-01-02,2026-08-19,2095,"Yahoo bootstrap, OHLC/calendar validated",current TWSE issuer or official TWSE delisting record,READY
1225,TWSE,2018-01-02,2026-08-19,2095,"Yahoo bootstrap, OHLC/calendar validated",current TWSE issuer or official TWSE delisting record,READY
1227,TWSE,2018-01-02,2026-08-19,2095,"Yahoo bootstrap, OHLC/calendar validated",current TWSE issuer or official TWSE delisting record,READY
1229,TWSE,2018-01-02,2026-08-19,2095,"Yahoo bootstrap, OHLC/calendar validated",current TWSE issuer or official TWSE delisting record,READY
1231,TWSE,2018-01-02,2026-08-19,2095,"Yahoo bootstrap, OHLC/calendar validated",current TWSE issuer or official TWSE delisting record,READY
1232,TWSE,2018-01-02,2026-08-19,2095,"Yahoo bootstrap, OHLC/calendar validated",current TWSE issuer or official TWSE delisting record,READY
1233,TWSE,2018-01-02,2026-08-19,2095,"Yahoo bootstrap, OHLC/calendar validated",current TWSE issuer or official TWSE delisting record,READY
1234,TWSE,2018-01-02,2026-08-19,2095,"Yahoo bootstrap, OHLC/calendar validated",current TWSE issuer or official TWSE delisting record,READY
1235,TWSE,2018-01-02,2026-08-19,2095,"Yahoo bootstrap, OHLC/calendar validated",current TWSE issuer or official TWSE delisting record,READY
1236,TWSE,2018-01-02,2026-08-19,2095,"Yahoo bootstrap, OHLC/calendar validated",current TWSE issuer or official TWSE delisting record,READY
1256,TWSE,2018-01-02,2026-08-19,2095,"Yahoo bootstrap, OHLC/calendar validated",current TWSE issuer or official TWSE delisting record,READY
1262,TWSE,2018-01-02,2019-10-07,429,FinMind TaiwanStockPrice,current TWSE issuer or official TWSE delisting record,READY
1301,TWSE,2018-01-02,2026-08-19,2095,"Yahoo bootstrap, OHLC/calendar validated",current TWSE issuer or official TWSE delisting record,READY
1303,TWSE,2018-01-02,2026-08-19,2095,"Yahoo bootstrap, OHLC/calendar validated",current TWSE issuer or official TWSE delisting record,READY
1304,TWSE,2018-01-02,2026-08-19,2095,"Yahoo bootstrap, OHLC/calendar validated",current TWSE issuer or official TWSE delisting record,READY
1305,TWSE,2018-01-02,2026-08-19,2095,"Yahoo bootstrap, OHLC/calendar validated",current TWSE issuer or official TWSE delisting record,READY
1307,TWSE,2018-01-02,2026-08-19,2095,"Yahoo bootstrap, OHLC/calendar validated",current TWSE issuer or official TWSE delisting record,READY
1308,TWSE,2018-01-02,2026-08-19,2095,"Yahoo bootstrap, OHLC/calendar validated",current TWSE issuer or official TWSE delisting record,READY
1309,TWSE,2018-01-02,2026-08-19,2095,"Yahoo bootstrap, OHLC/calendar validated",current TWSE issuer or official TWSE delisting record,READY
1310,TWSE,2018-01-02,2026-08-19,2095,"Yahoo bootstrap, OHLC/calendar validated",current TWSE issuer or official TWSE delisting record,READY
1312,TWSE,2018-01-02,2026-08-19,2095,"Yahoo bootstrap, OHLC/calendar validated",current TWSE issuer or official TWSE delisting record,READY
1313,TWSE,2018-01-02,2026-08-19,2095,"Yahoo bootstrap, OHLC/calendar validated",current TWSE issuer or official TWSE delisting record,READY
1314,TWSE,2018-01-02,2026-08-19,2095,"Yahoo bootstrap, OHLC/calendar validated",current TWSE issuer or official TWSE delisting record,READY
1315,TWSE,2018-01-02,2026-08-19,2095,"Yahoo bootstrap, OHLC/calendar validated",current TWSE issuer or official TWSE delisting record,READY
1316,TWSE,2018-01-02,2026-08-19,2095,"Yahoo bootstrap, OHLC/calendar validated",current TWSE issuer or official TWSE delisting record,READY
1319,TWSE,2018-01-02,2026-08-19,2095,"Yahoo bootstrap, OHLC/calendar validated",current TWSE issuer or official TWSE delisting record,READY
1321,TWSE,2018-01-02,2026-08-19,2095,"Yahoo bootstrap, OHLC/calendar validated",current TWSE issuer or official TWSE delisting record,READY
1323,TWSE,2018-01-02,2026-08-19,2095,"Yahoo bootstrap, OHLC/calendar validated",current TWSE issuer or official TWSE delisting record,READY
1324,TWSE,2018-01-02,2026-08-19,2095,"Yahoo bootstrap, OHLC/calendar validated",current TWSE issuer or official TWSE delisting record,READY
1325,TWSE,2018-01-02,2026-08-19,2095,"Yahoo bootstrap, OHLC/calendar validated",current TWSE issuer or official TWSE delisting record,READY
1326,TWSE,2018-01-02,2026-08-19,2095,"Yahoo bootstrap, OHLC/calendar validated",current TWSE issuer or official TWSE delisting record,READY
1337,TWSE,2018-01-02,2026-08-19,2095,"Yahoo bootstrap, OHLC/calendar validated",current TWSE issuer or official TWSE delisting record,READY
1338,TWSE,2018-01-02,2026-08-19,2095,"Yahoo bootstrap, OHLC/calendar validated",current TWSE issuer or official TWSE delisting record,READY
1339,TWSE,2018-01-02,2026-08-19,2095,"Yahoo bootstrap, OHLC/calendar validated",current TWSE issuer or official TWSE delisting record,READY
1340,TWSE,2018-01-02,2026-08-19,2095,"Yahoo bootstrap, OHLC/calendar validated",current TWSE issuer or official TWSE delisting record,READY
1341,TWSE,2018-12-24,2026-08-19,1855,"Yahoo bootstrap, OHLC/calendar validated",current TWSE issuer or official TWSE delisting record,READY
1342,TWSE,2019-10-07,2026-08-19,1669,"Yahoo bootstrap, OHLC/calendar validated",current TWSE issuer or official TWSE delisting record,READY
1402,TWSE,2018-01-02,2026-08-19,2095,"Yahoo bootstrap, OHLC/calendar validated",current TWSE issuer or official TWSE delisting record,READY
1409,TWSE,2018-01-02,2026-08-19,2095,"Yahoo bootstrap, OHLC/calendar validated",current TWSE issuer or official TWSE delisting record,READY
1410,TWSE,2018-01-02,2026-08-19,2095,"Yahoo bootstrap, OHLC/calendar validated",current TWSE issuer or official TWSE delisting record,READY
1413,TWSE,2018-01-02,2026-08-19,2095,"Yahoo bootstrap, OHLC/calendar validated",current TWSE issuer or official TWSE delisting record,READY
1414,TWSE,2018-01-02,2026-08-19,2095,"Yahoo bootstrap, OHLC/calendar validated",current TWSE issuer or official TWSE delisting record,READY
1416,TWSE,2018-01-02,2026-08-19,2095,"Yahoo bootstrap, OHLC/calendar validated",current TWSE issuer or official TWSE delisting record,READY
1417,TWSE,2018-01-02,2026-08-19,2095,"Yahoo bootstrap, OHLC/calendar validated",current TWSE issuer or official TWSE delisting record,READY
1418,TWSE,2018-01-02,2026-08-19,2095,"Yahoo bootstrap, OHLC/calendar validated",current TWSE issuer or official TWSE delisting record,READY
1419,TWSE,2018-01-02,2026-08-19,2095,"Yahoo bootstrap, OHLC/calendar validated",current TWSE issuer or official TWSE delisting record,READY
1423,TWSE,2018-01-02,2026-08-19,2095,"Yahoo bootstrap, OHLC/calendar validated",current TWSE issuer or official TWSE delisting record,READY
1432,TWSE,2018-01-02,2026-08-19,2095,"Yahoo bootstrap, OHLC/calendar validated",current TWSE issuer or official TWSE delisting record,READY
1434,TWSE,2018-01-02,2026-08-19,2095,"Yahoo bootstrap, OHLC/calendar validated",current TWSE issuer or official TWSE delisting record,READY
1435,TWSE,2018-01-02,2026-08-19,2095,"Yahoo bootstrap, OHLC/calendar validated",current TWSE issuer or official TWSE delisting record,READY
1436,TWSE,2018-01-02,2026-08-19,2095,"Yahoo bootstrap, OHLC/calendar validated",current TWSE issuer or official TWSE delisting record,READY
1437,TWSE,2018-01-02,2026-08-19,2095,"Yahoo bootstrap, OHLC/calendar validated",current TWSE issuer or official TWSE delisting record,READY
1438,TWSE,2018-01-02,2026-08-19,2095,"Yahoo bootstrap, OHLC/calendar validated",current TWSE issuer or official TWSE delisting record,READY
1439,TWSE,2018-01-02,2026-08-19,2095,"Yahoo bootstrap, OHLC/calendar validated",current TWSE issuer or official TWSE delisting record,READY
1440,TWSE,2018-01-02,2026-08-19,2095,"Yahoo bootstrap, OHLC/calendar validated",current TWSE issuer or official TWSE delisting record,READY
1441,TWSE,2018-01-02,2026-08-19,2095,"Yahoo bootstrap, OHLC/calendar validated",current TWSE issuer or official TWSE delisting record,READY
1442,TWSE,2018-01-02,2026-08-19,2095,"Yahoo bootstrap, OHLC/calendar validated",current TWSE issuer or official TWSE delisting record,READY
1443,TWSE,2018-01-02,2026-08-19,2095,"Yahoo bootstrap, OHLC/calendar validated",current TWSE issuer or official TWSE delisting record,READY
1444,TWSE,2018-01-02,2026-08-19,2095,"Yahoo bootstrap, OHLC/calendar validated",current TWSE issuer or official TWSE delisting record,READY
1445,TWSE,2018-01-02,2026-08-19,2095,"Yahoo bootstrap, OHLC/calendar validated",current TWSE issuer or official TWSE delisting record,READY
1446,TWSE,2018-01-02,2026-08-19,2095,"Yahoo bootstrap, OHLC/calendar validated",current TWSE issuer or official TWSE delisting record,READY
1447,TWSE,2018-01-02,2026-08-19,2095,"Yahoo bootstrap, OHLC/calendar validated",current TWSE issuer or official TWSE delisting record,READY
1449,TWSE,2018-01-02,2026-08-19,2095,"Yahoo bootstrap, OHLC/calendar validated",current TWSE issuer or official TWSE delisting record,READY
1451,TWSE,2018-01-02,2026-08-19,2095,"Yahoo bootstrap, OHLC/calendar validated",current TWSE issuer or official TWSE delisting record,READY
1452,TWSE,2018-01-02,2026-08-19,2095,"Yahoo bootstrap, OHLC/calendar validated",current TWSE issuer or official TWSE delisting record,READY
1453,TWSE,2018-01-02,2026-08-19,2095,"Yahoo bootstrap, OHLC/calendar validated",current TWSE issuer or official TWSE delisting record,READY
1454,TWSE,2018-01-02,2026-08-19,2095,"Yahoo bootstrap, OHLC/calendar validated",current TWSE issuer or official TWSE delisting record,READY
1455,TWSE,2018-01-02,2026-08-19,2095,"Yahoo bootstrap, OHLC/calendar validated",current TWSE issuer or official TWSE delisting record,READY
1456,TWSE,2018-01-02,2026-08-19,2095,"Yahoo bootstrap, OHLC/calendar validated",current TWSE issuer or official TWSE delisting record,READY
1457,TWSE,2018-01-02,2026-08-19,2095,"Yahoo bootstrap, OHLC/calendar validated",current TWSE issuer or official TWSE delisting record,READY
1459,TWSE,2018-01-02,2026-08-19,2095,"Yahoo bootstrap, OHLC/calendar validated",current TWSE issuer or official TWSE delisting record,READY
1460,TWSE,2018-01-02,2026-08-19,2095,"Yahoo bootstrap, OHLC/calendar validated",current TWSE issuer or official TWSE delisting record,READY
1463,TWSE,2018-01-02,2026-08-19,2095,"Yahoo bootstrap, OHLC/calendar validated",current TWSE issuer or official TWSE delisting record,READY
1464,TWSE,2018-01-02,2026-08-19,2095,"Yahoo bootstrap, OHLC/calendar validated",current TWSE issuer or official TWSE delisting record,READY
1465,TWSE,2018-01-02,2026-08-19,2095,"Yahoo bootstrap, OHLC/calendar validated",current TWSE issuer or official TWSE delisting record,READY
1466,TWSE,2018-01-02,2026-08-19,2095,"Yahoo bootstrap, OHLC/calendar validated",current TWSE issuer or official TWSE delisting record,READY
1467,TWSE,2018-01-02,2026-08-19,2095,"Yahoo bootstrap, OHLC/calendar validated",current TWSE issuer or official TWSE delisting record,READY
1468,TWSE,2018-01-02,2026-08-19,2095,"Yahoo bootstrap, OHLC/calendar validated",current TWSE issuer or official TWSE delisting record,READY
1469,TWSE,2018-01-03,2018-07-10,98,FinMind TaiwanStockPrice,current TWSE issuer or official TWSE delisting record,EXCLUDE_INSUFFICIENT_HISTORY
1470,TWSE,2018-01-02,2026-08-19,2095,"Yahoo bootstrap, OHLC/calendar validated",current TWSE issuer or official TWSE delisting record,READY
1471,TWSE,2018-01-02,2026-08-19,2095,"Yahoo bootstrap, OHLC/calendar validated",current TWSE issuer or official TWSE delisting record,READY
1472,TWSE,2018-01-02,2026-08-19,2095,"Yahoo bootstrap, OHLC/calendar validated",current TWSE issuer or official TWSE delisting record,READY
1473,TWSE,2018-01-02,2026-08-19,2095,"Yahoo bootstrap, OHLC/calendar validated",current TWSE issuer or official TWSE delisting record,READY
1474,TWSE,2018-01-02,2026-08-19,2095,"Yahoo bootstrap, OHLC/calendar validated",current TWSE issuer or official TWSE delisting record,READY
1475,TWSE,2018-01-02,2026-08-19,2095,"Yahoo bootstrap, OHLC/calendar validated",current TWSE issuer or official TWSE delisting record,READY
1476,TWSE,2018-01-02,2026-08-19,2095,"Yahoo bootstrap, OHLC/calendar validated",current TWSE issuer or official TWSE delisting record,READY
1477,TWSE,2018-01-02,2026-08-19,2095,"Yahoo bootstrap, OHLC/calendar validated",current TWSE issuer or official TWSE delisting record,READY
1503,TWSE,2018-01-02,2026-08-19,2095,"Yahoo bootstrap, OHLC/calendar validated",current TWSE issuer or official TWSE delisting record,READY
1504,TWSE,2018-01-02,2026-08-19,2095,"Yahoo bootstrap, OHLC/calendar validated",current TWSE issuer or official TWSE delisting record,READY
1506,TWSE,2018-01-02,2026-08-19,2095,"Yahoo bootstrap, OHLC/calendar validated",current TWSE issuer or official TWSE delisting record,READY
1507,TWSE,2018-01-02,2022-04-13,1041,FinMind TaiwanStockPrice,current TWSE issuer or official TWSE delisting record,READY
1512,TWSE,2018-01-02,2026-08-19,2095,"Yahoo bootstrap, OHLC/calendar validated",current TWSE issuer or official TWSE delisting record,READY
1513,TWSE,2018-01-02,2026-08-19,2095,"Yahoo bootstrap, OHLC/calendar validated",current TWSE issuer or official TWSE delisting record,READY
1514,TWSE,2018-01-02,2026-08-19,2095,"Yahoo bootstrap, OHLC/calendar validated",current TWSE issuer or official TWSE delisting record,READY
1515,TWSE,2018-01-02,2026-08-19,2095,"Yahoo bootstrap, OHLC/calendar validated",current TWSE issuer or official TWSE delisting record,READY
1516,TWSE,2018-01-02,2026-08-19,2095,"Yahoo bootstrap, OHLC/calendar validated",current TWSE issuer or official TWSE delisting record,READY
1517,TWSE,2018-01-02,2026-08-19,2095,"Yahoo bootstrap, OHLC/calendar validated",current TWSE issuer or official TWSE delisting record,READY
1519,TWSE,2018-01-02,2026-08-19,2095,"Yahoo bootstrap, OHLC/calendar validated",current TWSE issuer or official TWSE delisting record,READY
1521,TWSE,2018-01-02,2026-08-19,2095,"Yahoo bootstrap, OHLC/calendar validated",current TWSE issuer or official TWSE delisting record,READY
1522,TWSE,2018-01-02,2026-08-19,2095,"Yahoo bootstrap, OHLC/calendar validated",current TWSE issuer or official TWSE delisting record,READY
1524,TWSE,2018-01-02,2026-08-20,2093,FinMind TaiwanStockPrice,current TWSE issuer or official TWSE delisting record,READY
1525,TWSE,2018-01-02,2026-08-19,2095,"Yahoo bootstrap, OHLC/calendar validated",current TWSE issuer or official TWSE delisting record,READY
1526,TWSE,2018-01-02,2026-08-19,2095,"Yahoo bootstrap, OHLC/calendar validated",current TWSE issuer or official TWSE delisting record,READY
1527,TWSE,2018-01-02,2026-08-19,2095,"Yahoo bootstrap, OHLC/calendar validated",current TWSE issuer or official TWSE delisting record,READY
1528,TWSE,2018-01-02,2026-08-19,2095,"Yahoo bootstrap, OHLC/calendar validated",current TWSE issuer or official TWSE delisting record,READY
1529,TWSE,2018-01-02,2026-08-19,2095,"Yahoo bootstrap, OHLC/calendar validated",current TWSE issuer or official TWSE delisting record,READY
1530,TWSE,2018-01-02,2026-08-19,2095,"Yahoo bootstrap, OHLC/calendar validated",current TWSE issuer or official TWSE delisting record,READY
1531,TWSE,2018-01-02,2026-08-19,2095,"Yahoo bootstrap, OHLC/calendar validated",current TWSE issuer or official TWSE delisting record,READY
1532,TWSE,2018-01-02,2026-08-19,2095,"Yahoo bootstrap, OHLC/calendar validated",current TWSE issuer or official TWSE delisting record,READY
1533,TWSE,2018-01-02,2026-08-19,2095,"Yahoo bootstrap, OHLC/calendar validated",current TWSE issuer or official TWSE delisting record,READY
1535,TWSE,2018-01-02,2026-08-19,2095,"Yahoo bootstrap, OHLC/calendar validated",current TWSE issuer or official TWSE delisting record,READY
1536,TWSE,2018-01-02,2026-08-19,2095,"Yahoo bootstrap, OHLC/calendar validated",current TWSE issuer or official TWSE delisting record,READY
1537,TWSE,2018-01-02,2026-08-19,2095,"Yahoo bootstrap, OHLC/calendar validated",current TWSE issuer or official TWSE delisting record,READY
1538,TWSE,2018-01-02,2026-08-19,2095,"Yahoo bootstrap, OHLC/calendar validated",current TWSE issuer or official TWSE delisting record,READY
1539,TWSE,2018-01-02,2026-08-19,2095,"Yahoo bootstrap, OHLC/calendar validated",current TWSE issuer or official TWSE delisting record,READY
1540,TWSE,2018-01-02,2026-08-19,2095,"Yahoo bootstrap, OHLC/calendar validated",current TWSE issuer or official TWSE delisting record,READY
1541,TWSE,2018-01-02,2026-08-19,2095,"Yahoo bootstrap, OHLC/calendar validated",current TWSE issuer or official TWSE delisting record,READY
1558,TWSE,2018-01-02,2026-08-19,2095,"Yahoo bootstrap, OHLC/calendar validated",current TWSE issuer or official TWSE delisting record,READY
1560,TWSE,2018-01-02,2026-08-19,2095,"Yahoo bootstrap, OHLC/calendar validated",current TWSE issuer or official TWSE delisting record,READY
1563,TWSE,2018-01-02,2026-08-19,2095,"Yahoo bootstrap, OHLC/calendar validated",current TWSE issuer or official TWSE delisting record,READY
1568,TWSE,2018-01-02,2026-08-19,2095,"Yahoo bootstrap, OHLC/calendar validated",current TWSE issuer or official TWSE delisting record,READY
1582,TWSE,2018-01-02,2026-08-19,2095,"Yahoo bootstrap, OHLC/calendar validated",current TWSE issuer or official TWSE delisting record,READY
1583,TWSE,2018-01-02,2026-08-19,2095,"Yahoo bootstrap, OHLC/calendar validated",current TWSE issuer or official TWSE delisting record,READY
1587,TWSE,2018-01-02,2026-08-19,2095,"Yahoo bootstrap, OHLC/calendar validated",current TWSE issuer or official TWSE delisting record,READY
1589,TWSE,2018-01-02,2026-08-19,2095,"Yahoo bootstrap, OHLC/calendar validated",current TWSE issuer or official TWSE delisting record,READY
1590,TWSE,2018-01-02,2026-08-19,2095,"Yahoo bootstrap, OHLC/calendar validated",current TWSE issuer or official TWSE delisting record,READY
1592,TWSE,2018-01-02,2021-06-15,839,FinMind TaiwanStockPrice,current TWSE issuer or official TWSE delisting record,READY
1597,TWSE,2018-01-02,2020-12-22,724,"Yahoo bootstrap, OHLC/calendar validated",current TWSE issuer or official TWSE delisting record,READY
1598,TWSE,2018-01-02,2026-08-19,2095,"Yahoo bootstrap, OHLC/calendar validated",current TWSE issuer or official TWSE delisting record,READY
1603,TWSE,2018-01-02,2026-08-19,2095,"Yahoo bootstrap, OHLC/calendar validated",current TWSE issuer or official TWSE delisting record,READY
1604,TWSE,2018-01-02,2026-08-19,2095,"Yahoo bootstrap, OHLC/calendar validated",current TWSE issuer or official TWSE delisting record,READY
1605,TWSE,2018-01-02,2026-08-19,2095,"Yahoo bootstrap, OHLC/calendar validated",current TWSE issuer or official TWSE delisting record,READY
1608,TWSE,2018-01-02,2026-08-19,2095,"Yahoo bootstrap, OHLC/calendar validated",current TWSE issuer or official TWSE delisting record,READY
1609,TWSE,2018-01-02,2026-08-19,2095,"Yahoo bootstrap, OHLC/calendar validated",current TWSE issuer or official TWSE delisting record,READY
1611,TWSE,2018-01-02,2026-08-19,2095,"Yahoo bootstrap, OHLC/calendar validated",current TWSE issuer or official TWSE delisting record,READY
1612,TWSE,2018-01-02,2026-08-19,2095,"Yahoo bootstrap, OHLC/calendar validated",current TWSE issuer or official TWSE delisting record,READY
1614,TWSE,2018-01-02,2026-08-19,2095,"Yahoo bootstrap, OHLC/calendar validated",current TWSE issuer or official TWSE delisting record,READY
1615,TWSE,2018-01-02,2026-08-19,2095,"Yahoo bootstrap, OHLC/calendar validated",current TWSE issuer or official TWSE delisting record,READY
1616,TWSE,2018-01-02,2026-08-19,2095,"Yahoo bootstrap, OHLC/calendar validated",current TWSE issuer or official TWSE delisting record,READY
1617,TWSE,2018-01-02,2026-08-19,2095,"Yahoo bootstrap, OHLC/calendar validated",current TWSE issuer or official TWSE delisting record,READY
1618,TWSE,2018-01-02,2026-08-19,2095,"Yahoo bootstrap, OHLC/calendar validated",current TWSE issuer or official TWSE delisting record,READY
1623,TWSE,2024-05-28,2026-08-19,542,"Yahoo bootstrap, OHLC/calendar validated",current TWSE issuer or official TWSE delisting record,READY
1626,TWSE,2018-01-02,2026-08-19,2095,"Yahoo bootstrap, OHLC/calendar validated",current TWSE issuer or official TWSE delisting record,READY
1701,TWSE,2018-01-02,2024-08-20,1615,FinMind TaiwanStockPrice,current TWSE issuer or official TWSE delisting record,READY
1702,TWSE,2018-01-02,2026-08-19,2095,"Yahoo bootstrap, OHLC/calendar validated",current TWSE issuer or official TWSE delisting record,READY
1704,TWSE,2018-01-02,2019-01-23,263,FinMind TaiwanStockPrice,current TWSE issuer or official TWSE delisting record,READY
1707,TWSE,2018-01-02,2026-08-19,2095,"Yahoo bootstrap, OHLC/calendar validated",current TWSE issuer or official TWSE delisting record,READY
1708,TWSE,2018-01-02,2026-08-19,2095,"Yahoo bootstrap, OHLC/calendar validated",current TWSE issuer or official TWSE delisting record,READY
1709,TWSE,2018-01-02,2026-08-19,2095,"Yahoo bootstrap, OHLC/calendar validated",current TWSE issuer or official TWSE delisting record,READY
1710,TWSE,2018-01-02,2026-08-19,2095,"Yahoo bootstrap, OHLC/calendar validated",current TWSE issuer or official TWSE delisting record,READY
1711,TWSE,2018-01-02,2026-08-19,2095,"Yahoo bootstrap, OHLC/calendar validated",current TWSE issuer or official TWSE delisting record,READY
1712,TWSE,2018-01-02,2026-08-19,2095,"Yahoo bootstrap, OHLC/calendar validated",current TWSE issuer or official TWSE delisting record,READY
1713,TWSE,2018-01-02,2026-08-19,2095,"Yahoo bootstrap, OHLC/calendar validated",current TWSE issuer or official TWSE delisting record,READY
1714,TWSE,2018-01-02,2026-08-19,2095,"Yahoo bootstrap, OHLC/calendar validated",current TWSE issuer or official TWSE delisting record,READY
1717,TWSE,2018-01-02,2026-08-19,2095,"Yahoo bootstrap, OHLC/calendar validated",current TWSE issuer or official TWSE delisting record,READY
1718,TWSE,2018-01-02,2026-08-19,2095,"Yahoo bootstrap, OHLC/calendar validated",current TWSE issuer or official TWSE delisting record,READY
1720,TWSE,2018-01-02,2026-08-19,2095,"Yahoo bootstrap, OHLC/calendar validated",current TWSE issuer or official TWSE delisting record,READY
1721,TWSE,2018-01-02,2026-08-19,2095,"Yahoo bootstrap, OHLC/calendar validated",current TWSE issuer or official TWSE delisting record,READY
1722,TWSE,2018-01-02,2026-08-19,2095,"Yahoo bootstrap, OHLC/calendar validated",current TWSE issuer or official TWSE delisting record,READY
1723,TWSE,2018-01-02,2026-08-19,2095,"Yahoo bootstrap, OHLC/calendar validated",current TWSE issuer or official TWSE delisting record,READY
1724,TWSE,2018-01-02,2021-10-25,925,FinMind TaiwanStockPrice,current TWSE issuer or official TWSE delisting record,READY
1725,TWSE,2018-01-02,2026-08-19,2095,"Yahoo bootstrap, OHLC/calendar validated",current TWSE issuer or official TWSE delisting record,READY
1726,TWSE,2018-01-02,2026-08-19,2095,"Yahoo bootstrap, OHLC/calendar validated",current TWSE issuer or official TWSE delisting record,READY
1727,TWSE,2018-01-02,2026-08-19,2095,"Yahoo bootstrap, OHLC/calendar validated",current TWSE issuer or official TWSE delisting record,READY
1729,TWSE,,,0,"Yahoo bootstrap, OHLC/calendar validated",current TWSE issuer or official TWSE delisting record,EXCLUDE_NO_OVERLAPPING_PRICE_HISTORY
1730,TWSE,2018-01-02,2026-08-19,2095,"Yahoo bootstrap, OHLC/calendar validated",current TWSE issuer or official TWSE delisting record,READY
1731,TWSE,2018-01-02,2026-08-19,2095,"Yahoo bootstrap, OHLC/calendar validated",current TWSE issuer or official TWSE delisting record,READY
1732,TWSE,2018-01-02,2026-08-19,2095,"Yahoo bootstrap, OHLC/calendar validated",current TWSE issuer or official TWSE delisting record,READY
1733,TWSE,2018-01-02,2026-08-19,2095,"Yahoo bootstrap, OHLC/calendar validated",current TWSE issuer or official TWSE delisting record,READY
1734,TWSE,2018-01-02,2026-08-19,2095,"Yahoo bootstrap, OHLC/calendar validated",current TWSE issuer or official TWSE delisting record,READY
1735,TWSE,2018-01-02,2026-08-19,2095,"Yahoo bootstrap, OHLC/calendar validated",current TWSE issuer or official TWSE delisting record,READY
1736,TWSE,2018-01-02,2026-08-19,2095,"Yahoo bootstrap, OHLC/calendar validated",current TWSE issuer or official TWSE delisting record,READY
1737,TWSE,2018-01-02,2026-08-19,2095,"Yahoo bootstrap, OHLC/calendar validated",current TWSE issuer or official TWSE delisting record,READY
1752,TWSE,2018-01-02,2022-01-18,986,"Yahoo bootstrap, OHLC/calendar validated",current TWSE issuer or official TWSE delisting record,READY
1760,TWSE,2018-01-02,2026-08-19,2095,"Yahoo bootstrap, OHLC/calendar validated",current TWSE issuer or official TWSE delisting record,READY
1762,TWSE,2018-01-02,2026-08-19,2095,"Yahoo bootstrap, OHLC/calendar validated",current TWSE issuer or official TWSE delisting record,READY
1773,TWSE,2018-01-02,2026-08-19,2095,"Yahoo bootstrap, OHLC/calendar validated",current TWSE issuer or official TWSE delisting record,READY
1776,TWSE,2018-01-02,2026-08-19,2095,"Yahoo bootstrap, OHLC/calendar validated",current TWSE issuer or official TWSE delisting record,READY
1783,TWSE,2018-01-02,2026-08-19,2095,"Yahoo bootstrap, OHLC/calendar validated",current TWSE issuer or official TWSE delisting record,READY
1786,TWSE,2018-01-02,2026-08-19,2095,"Yahoo bootstrap, OHLC/calendar validated",current TWSE issuer or official TWSE delisting record,READY
1789,TWSE,2018-01-02,2026-08-19,2095,"Yahoo bootstrap, OHLC/calendar validated",current TWSE issuer or official TWSE delisting record,READY
1795,TWSE,2018-01-02,2019-12-13,474,"Yahoo bootstrap, OHLC/calendar validated",current TWSE issuer or official TWSE delisting record,READY
1802,TWSE,2018-01-02,2026-08-19,2095,"Yahoo bootstrap, OHLC/calendar validated",current TWSE issuer or official TWSE delisting record,READY
1805,TWSE,2018-01-02,2026-08-19,2095,"Yahoo bootstrap, OHLC/calendar validated",current TWSE issuer or official TWSE delisting record,READY
1806,TWSE,2018-01-02,2026-08-19,2095,"Yahoo bootstrap, OHLC/calendar validated",current TWSE issuer or official TWSE delisting record,READY
1808,TWSE,2018-01-02,2026-08-19,2095,"Yahoo bootstrap, OHLC/calendar validated",current TWSE issuer or official TWSE delisting record,READY
1809,TWSE,2018-01-02,2026-08-19,2095,"Yahoo bootstrap, OHLC/calendar validated",current TWSE issuer or official TWSE delisting record,READY
1810,TWSE,2018-01-02,2026-08-19,2095,"Yahoo bootstrap, OHLC/calendar validated",current TWSE issuer or official TWSE delisting record,READY
1817,TWSE,2018-01-02,2026-08-20,2100,FinMind TaiwanStockPrice,current TWSE issuer or official TWSE delisting record,READY
1902,TWSE,2018-01-02,2020-05-25,581,FinMind TaiwanStockPrice,current TWSE issuer or official TWSE delisting record,READY
1903,TWSE,2018-01-02,2026-08-19,2095,"Yahoo bootstrap, OHLC/calendar validated",current TWSE issuer or official TWSE delisting record,READY
1904,TWSE,2018-01-02,2026-08-19,2095,"Yahoo bootstrap, OHLC/calendar validated",current TWSE issuer or official TWSE delisting record,READY
1905,TWSE,2018-01-02,2026-08-19,2095,"Yahoo bootstrap, OHLC/calendar validated",current TWSE issuer or official TWSE delisting record,READY
1906,TWSE,2018-01-02,2026-08-19,2095,"Yahoo bootstrap, OHLC/calendar validated",current TWSE issuer or official TWSE delisting record,READY
1907,TWSE,2018-01-02,2026-08-19,2095,"Yahoo bootstrap, OHLC/calendar validated",current TWSE issuer or official TWSE delisting record,READY
1909,TWSE,2018-01-02,2026-08-19,2095,"Yahoo bootstrap, OHLC/calendar validated",current TWSE issuer or official TWSE delisting record,READY
2002,TWSE,2018-01-02,2026-08-19,2095,"Yahoo bootstrap, OHLC/calendar validated",current TWSE issuer or official TWSE delisting record,READY
2006,TWSE,2018-01-02,2026-08-19,2095,"Yahoo bootstrap, OHLC/calendar validated",current TWSE issuer or official TWSE delisting record,READY
2007,TWSE,2018-01-02,2026-08-19,2095,"Yahoo bootstrap, OHLC/calendar validated",current TWSE issuer or official TWSE delisting record,READY
2008,TWSE,2018-01-02,2026-08-19,2095,"Yahoo bootstrap, OHLC/calendar validated",current TWSE issuer or official TWSE delisting record,READY
2009,TWSE,2018-01-02,2026-08-19,2095,"Yahoo bootstrap, OHLC/calendar validated",current TWSE issuer or official TWSE delisting record,READY
2010,TWSE,2018-01-02,2026-08-19,2095,"Yahoo bootstrap, OHLC/calendar validated",current TWSE issuer or official TWSE delisting record,READY
2012,TWSE,2018-01-02,2026-08-19,2095,"Yahoo bootstrap, OHLC/calendar validated",current TWSE issuer or official TWSE delisting record,READY
2013,TWSE,2018-01-02,2026-08-19,2095,"Yahoo bootstrap, OHLC/calendar validated",current TWSE issuer or official TWSE delisting record,READY
2014,TWSE,2018-01-02,2026-08-19,2095,"Yahoo bootstrap, OHLC/calendar validated",current TWSE issuer or official TWSE delisting record,READY
2015,TWSE,2018-01-02,2026-08-19,2095,"Yahoo bootstrap, OHLC/calendar validated",current TWSE issuer or official TWSE delisting record,READY
2017,TWSE,2018-01-02,2026-08-19,2095,"Yahoo bootstrap, OHLC/calendar validated",current TWSE issuer or official TWSE delisting record,READY
2020,TWSE,2018-01-02,2026-08-19,2095,"Yahoo bootstrap, OHLC/calendar validated",current TWSE issuer or official TWSE delisting record,READY
2022,TWSE,2018-01-02,2026-08-19,2095,"Yahoo bootstrap, OHLC/calendar validated",current TWSE issuer or official TWSE delisting record,READY
2023,TWSE,2018-01-02,2026-08-19,2095,"Yahoo bootstrap, OHLC/calendar validated",current TWSE issuer or official TWSE delisting record,READY
2024,TWSE,2018-01-02,2026-08-19,2095,"Yahoo bootstrap, OHLC/calendar validated",current TWSE issuer or official TWSE delisting record,READY
2025,TWSE,2018-01-02,2026-08-19,2095,"Yahoo bootstrap, OHLC/calendar validated",current TWSE issuer or official TWSE delisting record,READY
2027,TWSE,2018-01-02,2026-08-19,2095,"Yahoo bootstrap, OHLC/calendar validated",current TWSE issuer or official TWSE delisting record,READY
2028,TWSE,2018-01-02,2026-08-19,2095,"Yahoo bootstrap, OHLC/calendar validated",current TWSE issuer or official TWSE delisting record,READY
2029,TWSE,2018-01-02,2026-08-19,2095,"Yahoo bootstrap, OHLC/calendar validated",current TWSE issuer or official TWSE delisting record,READY
2030,TWSE,2018-01-02,2026-08-19,2095,"Yahoo bootstrap, OHLC/calendar validated",current TWSE issuer or official TWSE delisting record,READY
2031,TWSE,2018-01-02,2026-08-19,2095,"Yahoo bootstrap, OHLC/calendar validated",current TWSE issuer or official TWSE delisting record,READY
2032,TWSE,2018-01-02,2026-08-19,2095,"Yahoo bootstrap, OHLC/calendar validated",current TWSE issuer or official TWSE delisting record,READY
2033,TWSE,2018-01-02,2026-08-19,2095,"Yahoo bootstrap, OHLC/calendar validated",current TWSE issuer or official TWSE delisting record,READY
2034,TWSE,2018-01-02,2026-08-19,2095,"Yahoo bootstrap, OHLC/calendar validated",current TWSE issuer or official TWSE delisting record,READY
2038,TWSE,2018-01-02,2026-08-19,2095,"Yahoo bootstrap, OHLC/calendar validated",current TWSE issuer or official TWSE delisting record,READY
2049,TWSE,2018-01-02,2026-08-19,2095,"Yahoo bootstrap, OHLC/calendar validated",current TWSE issuer or official TWSE delisting record,READY
2059,TWSE,2018-01-02,2026-08-19,2095,"Yahoo bootstrap, OHLC/calendar validated",current TWSE issuer or official TWSE delisting record,READY
2062,TWSE,2018-01-02,2026-08-19,2095,"Yahoo bootstrap, OHLC/calendar validated",current TWSE issuer or official TWSE delisting record,READY
2069,TWSE,2018-01-02,2026-08-19,2095,"Yahoo bootstrap, OHLC/calendar validated",current TWSE issuer or official TWSE delisting record,READY
2072,TWSE,2026-03-26,2026-08-20,100,FinMind TaiwanStockPrice,current TWSE issuer or official TWSE delisting record,EXCLUDE_INSUFFICIENT_HISTORY
2101,TWSE,2018-01-02,2026-08-19,2095,"Yahoo bootstrap, OHLC/calendar validated",current TWSE issuer or official TWSE delisting record,READY
2102,TWSE,2018-01-02,2026-08-19,2095,"Yahoo bootstrap, OHLC/calendar validated",current TWSE issuer or official TWSE delisting record,READY
2103,TWSE,2018-01-02,2026-08-19,2095,"Yahoo bootstrap, OHLC/calendar validated",current TWSE issuer or official TWSE delisting record,READY
2104,TWSE,2018-01-02,2026-08-19,2095,"Yahoo bootstrap, OHLC/calendar validated",current TWSE issuer or official TWSE delisting record,READY
2105,TWSE,2018-01-02,2026-08-19,2095,"Yahoo bootstrap, OHLC/calendar validated",current TWSE issuer or official TWSE delisting record,READY
2106,TWSE,2018-01-02,2026-08-19,2095,"Yahoo bootstrap, OHLC/calendar validated",current TWSE issuer or official TWSE delisting record,READY
2107,TWSE,2018-01-02,2026-08-19,2095,"Yahoo bootstrap, OHLC/calendar validated",current TWSE issuer or official TWSE delisting record,READY
2108,TWSE,2018-01-02,2026-08-19,2095,"Yahoo bootstrap, OHLC/calendar validated",current TWSE issuer or official TWSE delisting record,READY
2109,TWSE,2018-01-02,2026-08-19,2095,"Yahoo bootstrap, OHLC/calendar validated",current TWSE issuer or official TWSE delisting record,READY
2114,TWSE,2018-01-02,2026-08-19,2095,"Yahoo bootstrap, OHLC/calendar validated",current TWSE issuer or official TWSE delisting record,READY
2115,TWSE,2018-01-02,2026-08-19,2095,"Yahoo bootstrap, OHLC/calendar validated",current TWSE issuer or official TWSE delisting record,READY
2201,TWSE,2018-01-02,2026-08-19,2095,"Yahoo bootstrap, OHLC/calendar validated",current TWSE issuer or official TWSE delisting record,READY
2204,TWSE,2018-01-02,2026-08-19,2095,"Yahoo bootstrap, OHLC/calendar validated",current TWSE issuer or official TWSE delisting record,READY
2206,TWSE,2018-01-02,2026-08-19,2095,"Yahoo bootstrap, OHLC/calendar validated",current TWSE issuer or official TWSE delisting record,READY
2207,TWSE,2018-01-02,2026-08-19,2095,"Yahoo bootstrap, OHLC/calendar validated",current TWSE issuer or official TWSE delisting record,READY
2208,TWSE,2018-01-02,2026-08-19,2095,"Yahoo bootstrap, OHLC/calendar validated",current TWSE issuer or official TWSE delisting record,READY
2211,TWSE,2021-04-12,2026-08-20,1306,FinMind TaiwanStockPrice,current TWSE issuer or official TWSE delisting record,READY
2227,TWSE,2018-01-02,2026-08-19,2095,"Yahoo bootstrap, OHLC/calendar validated",current TWSE issuer or official TWSE delisting record,READY
2228,TWSE,2018-01-02,2026-08-19,2095,"Yahoo bootstrap, OHLC/calendar validated",current TWSE issuer or official TWSE delisting record,READY
2231,TWSE,2018-01-02,2026-08-19,2095,"Yahoo bootstrap, OHLC/calendar validated",current TWSE issuer or official TWSE delisting record,READY
2233,TWSE,2018-01-02,2019-09-16,413,"Yahoo bootstrap, OHLC/calendar validated",current TWSE issuer or official TWSE delisting record,READY
2236,TWSE,2018-01-02,2026-08-19,2095,"Yahoo bootstrap, OHLC/calendar validated",current TWSE issuer or official TWSE delisting record,READY
2237,TWSE,2018-01-02,2026-08-19,2095,"Yahoo bootstrap, OHLC/calendar validated",current TWSE issuer or official TWSE delisting record,READY
2239,TWSE,2018-01-02,2026-08-19,2095,"Yahoo bootstrap, OHLC/calendar validated",current TWSE issuer or official TWSE delisting record,READY
2241,TWSE,2018-01-02,2026-08-19,2095,"Yahoo bootstrap, OHLC/calendar validated",current TWSE issuer or official TWSE delisting record,READY
2243,TWSE,2018-01-02,2026-08-19,2095,"Yahoo bootstrap, OHLC/calendar validated",current TWSE issuer or official TWSE delisting record,READY
2247,TWSE,2018-01-02,2026-08-19,2095,"Yahoo bootstrap, OHLC/calendar validated",current TWSE issuer or official TWSE delisting record,READY
2248,TWSE,2018-09-11,2026-08-19,1927,"Yahoo bootstrap, OHLC/calendar validated",current TWSE issuer or official TWSE delisting record,READY
2250,TWSE,2021-05-31,2026-08-20,1272,FinMind TaiwanStockPrice,current TWSE issuer or official TWSE delisting record,READY
2254,TWSE,2021-11-26,2026-08-19,1146,"Yahoo bootstrap, OHLC/calendar validated",current TWSE issuer or official TWSE delisting record,READY
2258,TWSE,2024-01-05,2026-08-19,633,"Yahoo bootstrap, OHLC/calendar validated",current TWSE issuer or official TWSE delisting record,READY
2301,TWSE,2018-01-02,2026-08-19,2095,"Yahoo bootstrap, OHLC/calendar validated",current TWSE issuer or official TWSE delisting record,READY
2302,TWSE,2018-01-02,2026-08-20,2100,FinMind TaiwanStockPrice,current TWSE issuer or official TWSE delisting record,READY
2303,TWSE,2018-01-02,2026-08-19,2095,"Yahoo bootstrap, OHLC/calendar validated",current TWSE issuer or official TWSE delisting record,READY
2305,TWSE,2018-01-02,2026-08-19,2095,"Yahoo bootstrap, OHLC/calendar validated",current TWSE issuer or official TWSE delisting record,READY
2308,TWSE,2018-01-02,2026-08-19,2095,"Yahoo bootstrap, OHLC/calendar validated",current TWSE issuer or official TWSE delisting record,READY
2311,TWSE,2018-01-02,2018-04-17,67,FinMind TaiwanStockPrice,current TWSE issuer or official TWSE delisting record,EXCLUDE_INSUFFICIENT_HISTORY
2312,TWSE,2018-01-02,2026-08-19,2095,"Yahoo bootstrap, OHLC/calendar validated",current TWSE issuer or official TWSE delisting record,READY
2313,TWSE,2018-01-02,2026-08-19,2095,"Yahoo bootstrap, OHLC/calendar validated",current TWSE issuer or official TWSE delisting record,READY
2314,TWSE,2018-01-02,2026-08-19,2095,"Yahoo bootstrap, OHLC/calendar validated",current TWSE issuer or official TWSE delisting record,READY
2316,TWSE,2018-01-02,2026-08-19,2095,"Yahoo bootstrap, OHLC/calendar validated",current TWSE issuer or official TWSE delisting record,READY
2317,TWSE,2018-01-02,2026-08-19,2095,"Yahoo bootstrap, OHLC/calendar validated",current TWSE issuer or official TWSE delisting record,READY
2321,TWSE,2018-01-02,2026-08-19,2095,"Yahoo bootstrap, OHLC/calendar validated",current TWSE issuer or official TWSE delisting record,READY
2323,TWSE,2018-01-02,2026-08-19,2095,"Yahoo bootstrap, OHLC/calendar validated",current TWSE issuer or official TWSE delisting record,READY
2324,TWSE,2018-01-02,2026-08-19,2095,"Yahoo bootstrap, OHLC/calendar validated",current TWSE issuer or official TWSE delisting record,READY
2325,TWSE,2018-01-02,2018-04-17,67,FinMind TaiwanStockPrice,current TWSE issuer or official TWSE delisting record,EXCLUDE_INSUFFICIENT_HISTORY
2327,TWSE,2018-01-02,2026-08-19,2095,"Yahoo bootstrap, OHLC/calendar validated",current TWSE issuer or official TWSE delisting record,READY
2328,TWSE,2018-01-02,2026-08-19,2095,"Yahoo bootstrap, OHLC/calendar validated",current TWSE issuer or official TWSE delisting record,READY
2329,TWSE,2018-01-02,2026-08-19,2095,"Yahoo bootstrap, OHLC/calendar validated",current TWSE issuer or official TWSE delisting record,READY
2330,TWSE,2018-01-02,2026-08-19,2095,"Yahoo bootstrap, OHLC/calendar validated",current TWSE issuer or official TWSE delisting record,READY
2331,TWSE,2018-01-02,2026-08-19,2095,"Yahoo bootstrap, OHLC/calendar validated",current TWSE issuer or official TWSE delisting record,READY
2332,TWSE,2018-01-02,2026-08-19,2095,"Yahoo bootstrap, OHLC/calendar validated",current TWSE issuer or official TWSE delisting record,READY
2337,TWSE,2018-01-02,2026-08-19,2095,"Yahoo bootstrap, OHLC/calendar validated",current TWSE issuer or official TWSE delisting record,READY
2338,TWSE,2018-01-02,2026-08-19,2095,"Yahoo bootstrap, OHLC/calendar validated",current TWSE issuer or official TWSE delisting record,READY
2340,TWSE,2018-01-02,2026-08-19,2095,"Yahoo bootstrap, OHLC/calendar validated",current TWSE issuer or official TWSE delisting record,READY
2342,TWSE,2018-01-02,2026-08-19,2095,"Yahoo bootstrap, OHLC/calendar validated",current TWSE issuer or official TWSE delisting record,READY
2344,TWSE,2018-01-02,2026-08-19,2095,"Yahoo bootstrap, OHLC/calendar validated",current TWSE issuer or official TWSE delisting record,READY
2345,TWSE,2018-01-02,2026-08-19,2095,"Yahoo bootstrap, OHLC/calendar validated",current TWSE issuer or official TWSE delisting record,READY
2347,TWSE,2018-01-02,2026-08-19,2095,"Yahoo bootstrap, OHLC/calendar validated",current TWSE issuer or official TWSE delisting record,READY
2348,TWSE,2018-01-02,2026-08-19,2095,"Yahoo bootstrap, OHLC/calendar validated",current TWSE issuer or official TWSE delisting record,READY
2349,TWSE,2018-01-02,2026-08-19,2095,"Yahoo bootstrap, OHLC/calendar validated",current TWSE issuer or official TWSE delisting record,READY
2351,TWSE,2018-01-02,2026-08-20,2100,FinMind TaiwanStockPrice,current TWSE issuer or official TWSE delisting record,READY
2352,TWSE,2018-01-02,2026-08-19,2095,"Yahoo bootstrap, OHLC/calendar validated",current TWSE issuer or official TWSE delisting record,READY
2353,TWSE,2018-01-02,2026-08-19,2095,"Yahoo bootstrap, OHLC/calendar validated",current TWSE issuer or official TWSE delisting record,READY
2354,TWSE,2018-01-02,2026-08-19,2095,"Yahoo bootstrap, OHLC/calendar validated",current TWSE issuer or official TWSE delisting record,READY
2355,TWSE,2018-01-02,2026-08-19,2095,"Yahoo bootstrap, OHLC/calendar validated",current TWSE issuer or official TWSE delisting record,READY
2356,TWSE,2018-01-02,2026-08-19,2095,"Yahoo bootstrap, OHLC/calendar validated",current TWSE issuer or official TWSE delisting record,READY
2357,TWSE,2018-01-02,2026-08-19,2095,"Yahoo bootstrap, OHLC/calendar validated",current TWSE issuer or official TWSE delisting record,READY
2358,TWSE,2018-01-02,2024-04-03,1522,FinMind TaiwanStockPrice,current TWSE issuer or official TWSE delisting record,READY
2359,TWSE,2018-01-02,2026-08-19,2095,"Yahoo bootstrap, OHLC/calendar validated",current TWSE issuer or official TWSE delisting record,READY
2360,TWSE,2018-01-02,2026-08-19,2095,"Yahoo bootstrap, OHLC/calendar validated",current TWSE issuer or official TWSE delisting record,READY
2362,TWSE,2018-01-02,2026-08-19,2095,"Yahoo bootstrap, OHLC/calendar validated",current TWSE issuer or official TWSE delisting record,READY
2363,TWSE,2018-01-02,2026-08-19,2095,"Yahoo bootstrap, OHLC/calendar validated",current TWSE issuer or official TWSE delisting record,READY
2364,TWSE,2018-01-02,2026-08-19,2095,"Yahoo bootstrap, OHLC/calendar validated",current TWSE issuer or official TWSE delisting record,READY
2365,TWSE,2018-01-02,2026-08-19,2095,"Yahoo bootstrap, OHLC/calendar validated",current TWSE issuer or official TWSE delisting record,READY
2367,TWSE,2018-01-02,2026-08-19,2095,"Yahoo bootstrap, OHLC/calendar validated",current TWSE issuer or official TWSE delisting record,READY
2368,TWSE,2018-01-02,2026-08-19,2095,"Yahoo bootstrap, OHLC/calendar validated",current TWSE issuer or official TWSE delisting record,READY
2369,TWSE,2018-01-02,2026-08-19,2095,"Yahoo bootstrap, OHLC/calendar validated",current TWSE issuer or official TWSE delisting record,READY
2371,TWSE,2018-01-02,2026-08-19,2095,"Yahoo bootstrap, OHLC/calendar validated",current TWSE issuer or official TWSE delisting record,READY
2373,TWSE,2018-01-02,2026-08-19,2095,"Yahoo bootstrap, OHLC/calendar validated",current TWSE issuer or official TWSE delisting record,READY
2374,TWSE,2018-01-02,2026-08-19,2095,"Yahoo bootstrap, OHLC/calendar validated",current TWSE issuer or official TWSE delisting record,READY
2375,TWSE,2018-01-02,2026-08-19,2095,"Yahoo bootstrap, OHLC/calendar validated",current TWSE issuer or official TWSE delisting record,READY
2376,TWSE,2018-01-02,2026-08-19,2095,"Yahoo bootstrap, OHLC/calendar validated",current TWSE issuer or official TWSE delisting record,READY
2377,TWSE,2018-01-02,2026-08-19,2095,"Yahoo bootstrap, OHLC/calendar validated",current TWSE issuer or official TWSE delisting record,READY
2379,TWSE,2018-01-02,2026-08-19,2095,"Yahoo bootstrap, OHLC/calendar validated",current TWSE issuer or official TWSE delisting record,READY
2380,TWSE,2018-01-02,2026-08-19,2095,"Yahoo bootstrap, OHLC/calendar validated",current TWSE issuer or official TWSE delisting record,READY
2382,TWSE,2018-01-02,2026-08-19,2095,"Yahoo bootstrap, OHLC/calendar validated",current TWSE issuer or official TWSE delisting record,READY
2383,TWSE,2018-01-02,2026-08-19,2095,"Yahoo bootstrap, OHLC/calendar validated",current TWSE issuer or official TWSE delisting record,READY
2385,TWSE,2018-01-02,2026-08-19,2095,"Yahoo bootstrap, OHLC/calendar validated",current TWSE issuer or official TWSE delisting record,READY
2387,TWSE,2018-01-02,2026-08-19,2095,"Yahoo bootstrap, OHLC/calendar validated",current TWSE issuer or official TWSE delisting record,READY
2388,TWSE,2018-01-02,2026-08-19,2095,"Yahoo bootstrap, OHLC/calendar validated",current TWSE issuer or official TWSE delisting record,READY
2390,TWSE,2018-01-02,2026-08-19,2095,"Yahoo bootstrap, OHLC/calendar validated",current TWSE issuer or official TWSE delisting record,READY
2392,TWSE,2018-01-02,2026-08-19,2095,"Yahoo bootstrap, OHLC/calendar validated",current TWSE issuer or official TWSE delisting record,READY
2393,TWSE,2018-01-02,2026-08-19,2095,"Yahoo bootstrap, OHLC/calendar validated",current TWSE issuer or official TWSE delisting record,READY
2395,TWSE,2018-01-02,2026-08-19,2095,"Yahoo bootstrap, OHLC/calendar validated",current TWSE issuer or official TWSE delisting record,READY
2397,TWSE,2018-01-02,2026-08-19,2095,"Yahoo bootstrap, OHLC/calendar validated",current TWSE issuer or official TWSE delisting record,READY
2399,TWSE,2018-01-02,2026-08-19,2095,"Yahoo bootstrap, OHLC/calendar validated",current TWSE issuer or official TWSE delisting record,READY
2401,TWSE,2018-01-02,2026-08-19,2095,"Yahoo bootstrap, OHLC/calendar validated",current TWSE issuer or official TWSE delisting record,READY
2402,TWSE,2018-01-02,2026-08-19,2095,"Yahoo bootstrap, OHLC/calendar validated",current TWSE issuer or official TWSE delisting record,READY
2404,TWSE,2018-01-02,2026-08-19,2095,"Yahoo bootstrap, OHLC/calendar validated",current TWSE issuer or official TWSE delisting record,READY
2405,TWSE,2018-01-02,2026-08-19,2095,"Yahoo bootstrap, OHLC/calendar validated",current TWSE issuer or official TWSE delisting record,READY
2406,TWSE,2018-01-02,2026-08-19,2095,"Yahoo bootstrap, OHLC/calendar validated",current TWSE issuer or official TWSE delisting record,READY
2408,TWSE,2018-01-02,2026-08-19,2095,"Yahoo bootstrap, OHLC/calendar validated",current TWSE issuer or official TWSE delisting record,READY
2409,TWSE,2018-01-02,2026-08-19,2095,"Yahoo bootstrap, OHLC/calendar validated",current TWSE issuer or official TWSE delisting record,READY
2412,TWSE,2018-01-02,2026-08-19,2095,"Yahoo bootstrap, OHLC/calendar validated",current TWSE issuer or official TWSE delisting record,READY
2413,TWSE,2018-01-02,2026-08-19,2095,"Yahoo bootstrap, OHLC/calendar validated",current TWSE issuer or official TWSE delisting record,READY
2414,TWSE,2018-01-02,2026-08-19,2095,"Yahoo bootstrap, OHLC/calendar validated",current TWSE issuer or official TWSE delisting record,READY
2415,TWSE,2018-01-02,2026-08-19,2095,"Yahoo bootstrap, OHLC/calendar validated",current TWSE issuer or official TWSE delisting record,READY
2417,TWSE,2018-01-02,2026-08-19,2095,"Yahoo bootstrap, OHLC/calendar validated",current TWSE issuer or official TWSE delisting record,READY
2419,TWSE,2018-01-02,2026-08-19,2095,"Yahoo bootstrap, OHLC/calendar validated",current TWSE issuer or official TWSE delisting record,READY
2420,TWSE,2018-01-02,2026-08-19,2095,"Yahoo bootstrap, OHLC/calendar validated",current TWSE issuer or official TWSE delisting record,READY
2421,TWSE,2018-01-02,2026-08-19,2095,"Yahoo bootstrap, OHLC/calendar validated",current TWSE issuer or official TWSE delisting record,READY
2423,TWSE,2018-01-02,2026-08-19,2095,"Yahoo bootstrap, OHLC/calendar validated",current TWSE issuer or official TWSE delisting record,READY
2424,TWSE,2018-01-02,2026-08-19,2095,"Yahoo bootstrap, OHLC/calendar validated",current TWSE issuer or official TWSE delisting record,READY
2425,TWSE,2018-01-02,2026-08-19,2095,"Yahoo bootstrap, OHLC/calendar validated",current TWSE issuer or official TWSE delisting record,READY
2426,TWSE,2018-01-02,2026-08-19,2095,"Yahoo bootstrap, OHLC/calendar validated",current TWSE issuer or official TWSE delisting record,READY
2427,TWSE,2018-01-02,2026-08-19,2095,"Yahoo bootstrap, OHLC/calendar validated",current TWSE issuer or official TWSE delisting record,READY
2428,TWSE,2018-01-02,2026-08-19,2095,"Yahoo bootstrap, OHLC/calendar validated",current TWSE issuer or official TWSE delisting record,READY
2429,TWSE,2018-01-02,2026-08-19,2095,"Yahoo bootstrap, OHLC/calendar validated",current TWSE issuer or official TWSE delisting record,READY
2430,TWSE,2018-01-02,2026-08-19,2095,"Yahoo bootstrap, OHLC/calendar validated",current TWSE issuer or official TWSE delisting record,READY
2431,TWSE,2018-01-02,2026-08-19,2095,"Yahoo bootstrap, OHLC/calendar validated",current TWSE issuer or official TWSE delisting record,READY
2432,TWSE,2023-05-31,2026-08-19,783,"Yahoo bootstrap, OHLC/calendar validated",current TWSE issuer or official TWSE delisting record,READY
2433,TWSE,2018-01-02,2026-08-19,2095,"Yahoo bootstrap, OHLC/calendar validated",current TWSE issuer or official TWSE delisting record,READY
2434,TWSE,2018-01-02,2026-08-19,2095,"Yahoo bootstrap, OHLC/calendar validated",current TWSE issuer or official TWSE delisting record,READY
2436,TWSE,2018-01-02,2026-08-19,2095,"Yahoo bootstrap, OHLC/calendar validated",current TWSE issuer or official TWSE delisting record,READY
2438,TWSE,2018-01-02,2026-08-19,2095,"Yahoo bootstrap, OHLC/calendar validated",current TWSE issuer or official TWSE delisting record,READY
2439,TWSE,2018-01-02,2026-08-19,2095,"Yahoo bootstrap, OHLC/calendar validated",current TWSE issuer or official TWSE delisting record,READY
2440,TWSE,2018-01-02,2026-08-19,2095,"Yahoo bootstrap, OHLC/calendar validated",current TWSE issuer or official TWSE delisting record,READY
2441,TWSE,2018-01-02,2026-08-19,2095,"Yahoo bootstrap, OHLC/calendar validated",current TWSE issuer or official TWSE delisting record,READY
2442,TWSE,2018-01-02,2026-08-19,2095,"Yahoo bootstrap, OHLC/calendar validated",current TWSE issuer or official TWSE delisting record,READY
2443,TWSE,2018-01-02,2024-04-03,1510,FinMind TaiwanStockPrice,current TWSE issuer or official TWSE delisting record,READY
2444,TWSE,2018-01-02,2026-08-19,2095,"Yahoo bootstrap, OHLC/calendar validated",current TWSE issuer or official TWSE delisting record,READY
2448,TWSE,2018-01-02,2020-12-23,727,FinMind TaiwanStockPrice,current TWSE issuer or official TWSE delisting record,READY
2449,TWSE,2018-01-02,2026-08-19,2095,"Yahoo bootstrap, OHLC/calendar validated",current TWSE issuer or official TWSE delisting record,READY
2450,TWSE,2018-01-02,2026-08-19,2095,"Yahoo bootstrap, OHLC/calendar validated",current TWSE issuer or official TWSE delisting record,READY
2451,TWSE,2018-01-02,2026-08-19,2095,"Yahoo bootstrap, OHLC/calendar validated",current TWSE issuer or official TWSE delisting record,READY
2453,TWSE,2018-01-02,2026-08-19,2095,"Yahoo bootstrap, OHLC/calendar validated",current TWSE issuer or official TWSE delisting record,READY
2454,TWSE,2018-01-02,2026-08-19,2095,"Yahoo bootstrap, OHLC/calendar validated",current TWSE issuer or official TWSE delisting record,READY
2455,TWSE,2018-01-02,2026-08-19,2095,"Yahoo bootstrap, OHLC/calendar validated",current TWSE issuer or official TWSE delisting record,READY
2456,TWSE,2018-01-02,2021-12-28,968,FinMind TaiwanStockPrice,current TWSE issuer or official TWSE delisting record,READY
2457,TWSE,2018-01-02,2026-08-19,2095,"Yahoo bootstrap, OHLC/calendar validated",current TWSE issuer or official TWSE delisting record,READY
2458,TWSE,2018-01-02,2026-08-19,2095,"Yahoo bootstrap, OHLC/calendar validated",current TWSE issuer or official TWSE delisting record,READY
2459,TWSE,2018-01-02,2026-08-19,2095,"Yahoo bootstrap, OHLC/calendar validated",current TWSE issuer or official TWSE delisting record,READY
2460,TWSE,2018-01-02,2026-08-19,2095,"Yahoo bootstrap, OHLC/calendar validated",current TWSE issuer or official TWSE delisting record,READY
2461,TWSE,2018-01-02,2026-08-19,2095,"Yahoo bootstrap, OHLC/calendar validated",current TWSE issuer or official TWSE delisting record,READY
2462,TWSE,2018-01-02,2026-08-19,2095,"Yahoo bootstrap, OHLC/calendar validated",current TWSE issuer or official TWSE delisting record,READY
2464,TWSE,2018-01-02,2026-08-19,2095,"Yahoo bootstrap, OHLC/calendar validated",current TWSE issuer or official TWSE delisting record,READY
2465,TWSE,2018-01-02,2026-08-19,2095,"Yahoo bootstrap, OHLC/calendar validated",current TWSE issuer or official TWSE delisting record,READY
2466,TWSE,2018-01-02,2026-08-19,2095,"Yahoo bootstrap, OHLC/calendar validated",current TWSE issuer or official TWSE delisting record,READY
2467,TWSE,2018-01-02,2026-08-19,2095,"Yahoo bootstrap, OHLC/calendar validated",current TWSE issuer or official TWSE delisting record,READY
2468,TWSE,2018-01-02,2026-08-20,2100,FinMind TaiwanStockPrice,current TWSE issuer or official TWSE delisting record,READY
2471,TWSE,2018-01-02,2026-08-19,2095,"Yahoo bootstrap, OHLC/calendar validated",current TWSE issuer or official TWSE delisting record,READY
2472,TWSE,2018-01-02,2026-08-19,2095,"Yahoo bootstrap, OHLC/calendar validated",current TWSE issuer or official TWSE delisting record,READY
2474,TWSE,2018-01-02,2026-08-19,2095,"Yahoo bootstrap, OHLC/calendar validated",current TWSE issuer or official TWSE delisting record,READY
2475,TWSE,2018-01-02,2019-05-10,327,FinMind TaiwanStockPrice,current TWSE issuer or official TWSE delisting record,READY
2476,TWSE,2018-01-02,2026-08-19,2095,"Yahoo bootstrap, OHLC/calendar validated",current TWSE issuer or official TWSE delisting record,READY
2477,TWSE,2018-01-02,2026-08-19,2095,"Yahoo bootstrap, OHLC/calendar validated",current TWSE issuer or official TWSE delisting record,READY
2478,TWSE,2018-01-02,2026-08-19,2095,"Yahoo bootstrap, OHLC/calendar validated",current TWSE issuer or official TWSE delisting record,READY
2480,TWSE,2018-01-02,2026-08-19,2095,"Yahoo bootstrap, OHLC/calendar validated",current TWSE issuer or official TWSE delisting record,READY
2481,TWSE,2018-01-02,2026-08-19,2095,"Yahoo bootstrap, OHLC/calendar validated",current TWSE issuer or official TWSE delisting record,READY
2482,TWSE,2018-01-02,2026-08-19,2095,"Yahoo bootstrap, OHLC/calendar validated",current TWSE issuer or official TWSE delisting record,READY
2483,TWSE,2018-01-02,2026-08-19,2095,"Yahoo bootstrap, OHLC/calendar validated",current TWSE issuer or official TWSE delisting record,READY
2484,TWSE,2018-01-02,2026-08-19,2095,"Yahoo bootstrap, OHLC/calendar validated",current TWSE issuer or official TWSE delisting record,READY
2485,TWSE,2018-01-02,2026-08-19,2095,"Yahoo bootstrap, OHLC/calendar validated",current TWSE issuer or official TWSE delisting record,READY
2486,TWSE,2018-01-02,2026-08-19,2095,"Yahoo bootstrap, OHLC/calendar validated",current TWSE issuer or official TWSE delisting record,READY
2488,TWSE,2018-01-02,2026-08-19,2095,"Yahoo bootstrap, OHLC/calendar validated",current TWSE issuer or official TWSE delisting record,READY
2489,TWSE,2018-01-02,2026-08-19,2095,"Yahoo bootstrap, OHLC/calendar validated",current TWSE issuer or official TWSE delisting record,READY
2491,TWSE,2018-01-02,2026-08-19,2095,"Yahoo bootstrap, OHLC/calendar validated",current TWSE issuer or official TWSE delisting record,READY
2492,TWSE,2018-01-02,2026-08-19,2095,"Yahoo bootstrap, OHLC/calendar validated",current TWSE issuer or official TWSE delisting record,READY
2493,TWSE,2018-01-02,2026-08-19,2095,"Yahoo bootstrap, OHLC/calendar validated",current TWSE issuer or official TWSE delisting record,READY
2495,TWSE,2018-01-02,2026-08-19,2095,"Yahoo bootstrap, OHLC/calendar validated",current TWSE issuer or official TWSE delisting record,READY
2496,TWSE,2018-01-02,2026-08-19,2095,"Yahoo bootstrap, OHLC/calendar validated",current TWSE issuer or official TWSE delisting record,READY
2497,TWSE,2018-01-02,2026-08-19,2095,"Yahoo bootstrap, OHLC/calendar validated",current TWSE issuer or official TWSE delisting record,READY
2498,TWSE,2018-01-02,2026-08-19,2095,"Yahoo bootstrap, OHLC/calendar validated",current TWSE issuer or official TWSE delisting record,READY
2499,TWSE,2018-01-02,2020-04-06,547,FinMind TaiwanStockPrice,current TWSE issuer or official TWSE delisting record,READY
2501,TWSE,2018-01-02,2026-08-19,2095,"Yahoo bootstrap, OHLC/calendar validated",current TWSE issuer or official TWSE delisting record,READY
2504,TWSE,2018-01-02,2026-08-19,2095,"Yahoo bootstrap, OHLC/calendar validated",current TWSE issuer or official TWSE delisting record,READY
2505,TWSE,2018-01-02,2026-08-19,2095,"Yahoo bootstrap, OHLC/calendar validated",current TWSE issuer or official TWSE delisting record,READY
2506,TWSE,2018-01-02,2026-08-19,2095,"Yahoo bootstrap, OHLC/calendar validated",current TWSE issuer or official TWSE delisting record,READY
2509,TWSE,2018-01-02,2026-08-19,2095,"Yahoo bootstrap, OHLC/calendar validated",current TWSE issuer or official TWSE delisting record,READY
2511,TWSE,2018-01-02,2026-08-19,2095,"Yahoo bootstrap, OHLC/calendar validated",current TWSE issuer or official TWSE delisting record,READY
2514,TWSE,2018-01-02,2026-08-19,2095,"Yahoo bootstrap, OHLC/calendar validated",current TWSE issuer or official TWSE delisting record,READY
2515,TWSE,2018-01-02,2026-08-19,2095,"Yahoo bootstrap, OHLC/calendar validated",current TWSE issuer or official TWSE delisting record,READY
2516,TWSE,2018-01-02,2026-08-19,2095,"Yahoo bootstrap, OHLC/calendar validated",current TWSE issuer or official TWSE delisting record,READY
2520,TWSE,2018-01-02,2026-08-19,2095,"Yahoo bootstrap, OHLC/calendar validated",current TWSE issuer or official TWSE delisting record,READY
2524,TWSE,2018-01-02,2026-08-19,2095,"Yahoo bootstrap, OHLC/calendar validated",current TWSE issuer or official TWSE delisting record,READY
2527,TWSE,2018-01-02,2026-08-19,2095,"Yahoo bootstrap, OHLC/calendar validated",current TWSE issuer or official TWSE delisting record,READY
2528,TWSE,2018-01-02,2026-08-19,2095,"Yahoo bootstrap, OHLC/calendar validated",current TWSE issuer or official TWSE delisting record,READY
2530,TWSE,2018-01-02,2026-08-19,2095,"Yahoo bootstrap, OHLC/calendar validated",current TWSE issuer or official TWSE delisting record,READY
2534,TWSE,2018-01-02,2026-08-19,2095,"Yahoo bootstrap, OHLC/calendar validated",current TWSE issuer or official TWSE delisting record,READY
2535,TWSE,2018-01-02,2026-08-19,2095,"Yahoo bootstrap, OHLC/calendar validated",current TWSE issuer or official TWSE delisting record,READY
2536,TWSE,2018-01-02,2026-08-19,2095,"Yahoo bootstrap, OHLC/calendar validated",current TWSE issuer or official TWSE delisting record,READY
2537,TWSE,2018-01-02,2026-08-19,2095,"Yahoo bootstrap, OHLC/calendar validated",current TWSE issuer or official TWSE delisting record,READY
2538,TWSE,2018-01-02,2026-08-19,2095,"Yahoo bootstrap, OHLC/calendar validated",current TWSE issuer or official TWSE delisting record,READY
2539,TWSE,2018-01-02,2026-08-19,2095,"Yahoo bootstrap, OHLC/calendar validated",current TWSE issuer or official TWSE delisting record,READY
2540,TWSE,2018-01-02,2026-08-19,2095,"Yahoo bootstrap, OHLC/calendar validated",current TWSE issuer or official TWSE delisting record,READY
2542,TWSE,2018-01-02,2026-08-19,2095,"Yahoo bootstrap, OHLC/calendar validated",current TWSE issuer or official TWSE delisting record,READY
2543,TWSE,2018-01-02,2026-08-19,2095,"Yahoo bootstrap, OHLC/calendar validated",current TWSE issuer or official TWSE delisting record,READY
2545,TWSE,2018-01-02,2026-08-19,2095,"Yahoo bootstrap, OHLC/calendar validated",current TWSE issuer or official TWSE delisting record,READY
2546,TWSE,2018-01-02,2026-08-19,2095,"Yahoo bootstrap, OHLC/calendar validated",current TWSE issuer or official TWSE delisting record,READY
2547,TWSE,2018-01-02,2026-08-19,2095,"Yahoo bootstrap, OHLC/calendar validated",current TWSE issuer or official TWSE delisting record,READY
2548,TWSE,2018-01-02,2026-08-19,2095,"Yahoo bootstrap, OHLC/calendar validated",current TWSE issuer or official TWSE delisting record,READY
2597,TWSE,2018-01-02,2026-08-19,2095,"Yahoo bootstrap, OHLC/calendar validated",current TWSE issuer or official TWSE delisting record,READY
2601,TWSE,2018-01-02,2026-08-19,2095,"Yahoo bootstrap, OHLC/calendar validated",current TWSE issuer or official TWSE delisting record,READY
2603,TWSE,2018-01-02,2026-08-19,2095,"Yahoo bootstrap, OHLC/calendar validated",current TWSE issuer or official TWSE delisting record,READY
2605,TWSE,2018-01-02,2026-08-19,2095,"Yahoo bootstrap, OHLC/calendar validated",current TWSE issuer or official TWSE delisting record,READY
2606,TWSE,2018-01-02,2026-08-19,2095,"Yahoo bootstrap, OHLC/calendar validated",current TWSE issuer or official TWSE delisting record,READY
2607,TWSE,2018-01-02,2026-08-19,2095,"Yahoo bootstrap, OHLC/calendar validated",current TWSE issuer or official TWSE delisting record,READY
2608,TWSE,2018-01-02,2026-08-19,2095,"Yahoo bootstrap, OHLC/calendar validated",current TWSE issuer or official TWSE delisting record,READY
2609,TWSE,2018-01-02,2026-08-19,2095,"Yahoo bootstrap, OHLC/calendar validated",current TWSE issuer or official TWSE delisting record,READY
2610,TWSE,2018-01-02,2026-08-19,2095,"Yahoo bootstrap, OHLC/calendar validated",current TWSE issuer or official TWSE delisting record,READY
2611,TWSE,2018-01-02,2026-08-19,2095,"Yahoo bootstrap, OHLC/calendar validated",current TWSE issuer or official TWSE delisting record,READY
2612,TWSE,2018-01-02,2026-08-19,2095,"Yahoo bootstrap, OHLC/calendar validated",current TWSE issuer or official TWSE delisting record,READY
2613,TWSE,2018-01-02,2026-08-19,2095,"Yahoo bootstrap, OHLC/calendar validated",current TWSE issuer or official TWSE delisting record,READY
2614,TWSE,2018-01-02,2026-08-19,2095,"Yahoo bootstrap, OHLC/calendar validated",current TWSE issuer or official TWSE delisting record,READY
2615,TWSE,2018-01-02,2026-08-19,2095,"Yahoo bootstrap, OHLC/calendar validated",current TWSE issuer or official TWSE delisting record,READY
2616,TWSE,2018-01-02,2026-08-19,2095,"Yahoo bootstrap, OHLC/calendar validated",current TWSE issuer or official TWSE delisting record,READY
2617,TWSE,2018-01-02,2026-08-19,2095,"Yahoo bootstrap, OHLC/calendar validated",current TWSE issuer or official TWSE delisting record,READY
2618,TWSE,2018-01-02,2026-08-19,2095,"Yahoo bootstrap, OHLC/calendar validated",current TWSE issuer or official TWSE delisting record,READY
2630,TWSE,2018-01-02,2026-08-19,2095,"Yahoo bootstrap, OHLC/calendar validated",current TWSE issuer or official TWSE delisting record,READY
2633,TWSE,2018-01-02,2026-08-19,2095,"Yahoo bootstrap, OHLC/calendar validated",current TWSE issuer or official TWSE delisting record,READY
2634,TWSE,2018-01-02,2026-08-19,2095,"Yahoo bootstrap, OHLC/calendar validated",current TWSE issuer or official TWSE delisting record,READY
2636,TWSE,2018-01-02,2026-08-19,2095,"Yahoo bootstrap, OHLC/calendar validated",current TWSE issuer or official TWSE delisting record,READY
2637,TWSE,2018-01-02,2026-08-19,2095,"Yahoo bootstrap, OHLC/calendar validated",current TWSE issuer or official TWSE delisting record,READY
2642,TWSE,2018-01-02,2026-08-19,2095,"Yahoo bootstrap, OHLC/calendar validated",current TWSE issuer or official TWSE delisting record,READY
2645,TWSE,2022-02-18,2026-08-19,1094,"Yahoo bootstrap, OHLC/calendar validated",current TWSE issuer or official TWSE delisting record,READY
2646,TWSE,2022-09-30,2026-08-19,940,"Yahoo bootstrap, OHLC/calendar validated",current TWSE issuer or official TWSE delisting record,READY
2701,TWSE,2018-01-02,2026-08-19,2095,"Yahoo bootstrap, OHLC/calendar validated",current TWSE issuer or official TWSE delisting record,READY
2702,TWSE,2018-01-02,2026-08-19,2095,"Yahoo bootstrap, OHLC/calendar validated",current TWSE issuer or official TWSE delisting record,READY
2704,TWSE,2018-01-02,2026-08-19,2095,"Yahoo bootstrap, OHLC/calendar validated",current TWSE issuer or official TWSE delisting record,READY
2705,TWSE,2018-01-02,2026-08-19,2095,"Yahoo bootstrap, OHLC/calendar validated",current TWSE issuer or official TWSE delisting record,READY
2706,TWSE,2018-01-02,2026-08-19,2095,"Yahoo bootstrap, OHLC/calendar validated",current TWSE issuer or official TWSE delisting record,READY
2707,TWSE,2018-01-02,2026-08-19,2095,"Yahoo bootstrap, OHLC/calendar validated",current TWSE issuer or official TWSE delisting record,READY
2712,TWSE,2018-01-02,2026-08-19,2095,"Yahoo bootstrap, OHLC/calendar validated",current TWSE issuer or official TWSE delisting record,READY
2722,TWSE,2018-01-02,2026-08-19,2095,"Yahoo bootstrap, OHLC/calendar validated",current TWSE issuer or official TWSE delisting record,READY
2723,TWSE,2018-01-02,2026-08-19,2095,"Yahoo bootstrap, OHLC/calendar validated",current TWSE issuer or official TWSE delisting record,READY
2727,TWSE,2018-01-02,2026-08-19,2095,"Yahoo bootstrap, OHLC/calendar validated",current TWSE issuer or official TWSE delisting record,READY
2731,TWSE,2018-01-02,2026-08-19,2095,"Yahoo bootstrap, OHLC/calendar validated",current TWSE issuer or official TWSE delisting record,READY
2739,TWSE,2018-01-02,2026-08-19,2095,"Yahoo bootstrap, OHLC/calendar validated",current TWSE issuer or official TWSE delisting record,READY
2748,TWSE,2018-01-02,2026-08-19,2095,"Yahoo bootstrap, OHLC/calendar validated",current TWSE issuer or official TWSE delisting record,READY
2753,TWSE,2020-09-29,2026-08-19,1429,"Yahoo bootstrap, OHLC/calendar validated",current TWSE issuer or official TWSE delisting record,READY
2762,TWSE,2024-01-24,2026-08-19,620,"Yahoo bootstrap, OHLC/calendar validated",current TWSE issuer or official TWSE delisting record,READY
2801,TWSE,2018-01-02,2026-08-19,2095,"Yahoo bootstrap, OHLC/calendar validated",current TWSE issuer or official TWSE delisting record,READY
2809,TWSE,2018-01-02,2025-09-17,1878,FinMind TaiwanStockPrice,current TWSE issuer or official TWSE delisting record,READY
2812,TWSE,2018-01-02,2026-08-19,2095,"Yahoo bootstrap, OHLC/calendar validated",current TWSE issuer or official TWSE delisting record,READY
2816,TWSE,2018-01-02,2026-08-19,2095,"Yahoo bootstrap, OHLC/calendar validated",current TWSE issuer or official TWSE delisting record,READY
2820,TWSE,2018-01-02,2026-08-19,2095,"Yahoo bootstrap, OHLC/calendar validated",current TWSE issuer or official TWSE delisting record,READY
2823,TWSE,2018-01-02,2021-12-17,969,FinMind TaiwanStockPrice,current TWSE issuer or official TWSE delisting record,READY
2832,TWSE,2018-01-02,2026-08-19,2095,"Yahoo bootstrap, OHLC/calendar validated",current TWSE issuer or official TWSE delisting record,READY
2834,TWSE,2018-01-02,2026-08-19,2095,"Yahoo bootstrap, OHLC/calendar validated",current TWSE issuer or official TWSE delisting record,READY
2836,TWSE,2018-01-02,2026-08-19,2095,"Yahoo bootstrap, OHLC/calendar validated",current TWSE issuer or official TWSE delisting record,READY
2838,TWSE,2018-01-02,2026-08-19,2095,"Yahoo bootstrap, OHLC/calendar validated",current TWSE issuer or official TWSE delisting record,READY
2841,TWSE,2018-01-02,2022-04-06,1036,FinMind TaiwanStockPrice,current TWSE issuer or official TWSE delisting record,READY
2845,TWSE,2018-01-02,2026-08-19,2095,"Yahoo bootstrap, OHLC/calendar validated",current TWSE issuer or official TWSE delisting record,READY
2849,TWSE,2018-01-02,2026-08-19,2095,"Yahoo bootstrap, OHLC/calendar validated",current TWSE issuer or official TWSE delisting record,READY
2850,TWSE,2018-01-02,2026-08-19,2095,"Yahoo bootstrap, OHLC/calendar validated",current TWSE issuer or official TWSE delisting record,READY
2851,TWSE,2018-01-02,2026-08-19,2095,"Yahoo bootstrap, OHLC/calendar validated",current TWSE issuer or official TWSE delisting record,READY
2852,TWSE,2018-01-02,2026-08-19,2095,"Yahoo bootstrap, OHLC/calendar validated",current TWSE issuer or official TWSE delisting record,READY
2855,TWSE,2018-01-02,2026-08-19,2095,"Yahoo bootstrap, OHLC/calendar validated",current TWSE issuer or official TWSE delisting record,READY
2856,TWSE,2018-01-02,2018-09-17,173,FinMind TaiwanStockPrice,current TWSE issuer or official TWSE delisting record,READY
2867,TWSE,2018-01-02,2026-08-19,2095,"Yahoo bootstrap, OHLC/calendar validated",current TWSE issuer or official TWSE delisting record,READY
2880,TWSE,2018-01-02,2026-08-19,2095,"Yahoo bootstrap, OHLC/calendar validated",current TWSE issuer or official TWSE delisting record,READY
2881,TWSE,2018-01-02,2026-08-20,2096,"Yahoo bootstrap, OHLC/calendar validated",current TWSE issuer or official TWSE delisting record,READY
2882,TWSE,2018-01-02,2026-08-20,2096,"Yahoo bootstrap, OHLC/calendar validated",current TWSE issuer or official TWSE delisting record,READY
2883,TWSE,2018-01-02,2026-08-19,2095,"Yahoo bootstrap, OHLC/calendar validated",current TWSE issuer or official TWSE delisting record,READY
2884,TWSE,2018-01-02,2026-08-19,2095,"Yahoo bootstrap, OHLC/calendar validated",current TWSE issuer or official TWSE delisting record,READY
2885,TWSE,2018-01-02,2026-08-19,2095,"Yahoo bootstrap, OHLC/calendar validated",current TWSE issuer or official TWSE delisting record,READY
2886,TWSE,2018-01-02,2026-08-19,2095,"Yahoo bootstrap, OHLC/calendar validated",current TWSE issuer or official TWSE delisting record,READY
2887,TWSE,2018-01-02,2026-08-19,2095,"Yahoo bootstrap, OHLC/calendar validated",current TWSE issuer or official TWSE delisting record,READY
2888,TWSE,2018-01-02,2025-07-11,1828,FinMind TaiwanStockPrice,current TWSE issuer or official TWSE delisting record,READY
2889,TWSE,2018-01-02,2026-08-19,2095,"Yahoo bootstrap, OHLC/calendar validated",current TWSE issuer or official TWSE delisting record,READY
2890,TWSE,2018-01-02,2026-08-19,2095,"Yahoo bootstrap, OHLC/calendar validated",current TWSE issuer or official TWSE delisting record,READY
2891,TWSE,2018-01-02,2026-08-19,2095,"Yahoo bootstrap, OHLC/calendar validated",current TWSE issuer or official TWSE delisting record,READY
2892,TWSE,2018-01-02,2026-08-19,2095,"Yahoo bootstrap, OHLC/calendar validated",current TWSE issuer or official TWSE delisting record,READY
2897,TWSE,2018-01-02,2026-08-19,2095,"Yahoo bootstrap, OHLC/calendar validated",current TWSE issuer or official TWSE delisting record,READY
2901,TWSE,2018-01-02,2026-08-19,2095,"Yahoo bootstrap, OHLC/calendar validated",current TWSE issuer or official TWSE delisting record,READY
2903,TWSE,2018-01-02,2026-08-19,2095,"Yahoo bootstrap, OHLC/calendar validated",current TWSE issuer or official TWSE delisting record,READY
2904,TWSE,2018-01-02,2026-08-19,2095,"Yahoo bootstrap, OHLC/calendar validated",current TWSE issuer or official TWSE delisting record,READY
2905,TWSE,2018-01-02,2026-08-19,2095,"Yahoo bootstrap, OHLC/calendar validated",current TWSE issuer or official TWSE delisting record,READY
2906,TWSE,2018-01-02,2026-08-20,2100,FinMind TaiwanStockPrice,current TWSE issuer or official TWSE delisting record,READY
2908,TWSE,2018-01-02,2026-08-19,2095,"Yahoo bootstrap, OHLC/calendar validated",current TWSE issuer or official TWSE delisting record,READY
2910,TWSE,2018-01-02,2026-08-19,2095,"Yahoo bootstrap, OHLC/calendar validated",current TWSE issuer or official TWSE delisting record,READY
2911,TWSE,2018-01-02,2026-08-19,2095,"Yahoo bootstrap, OHLC/calendar validated",current TWSE issuer or official TWSE delisting record,READY
2912,TWSE,2018-01-02,2026-08-19,2095,"Yahoo bootstrap, OHLC/calendar validated",current TWSE issuer or official TWSE delisting record,READY
2913,TWSE,2018-01-02,2026-08-19,2095,"Yahoo bootstrap, OHLC/calendar validated",current TWSE issuer or official TWSE delisting record,READY
2915,TWSE,2018-01-02,2026-08-19,2095,"Yahoo bootstrap, OHLC/calendar validated",current TWSE issuer or official TWSE delisting record,READY
2923,TWSE,2018-01-02,2026-08-19,2095,"Yahoo bootstrap, OHLC/calendar validated",current TWSE issuer or official TWSE delisting record,READY
2929,TWSE,2018-01-02,2026-08-19,2095,"Yahoo bootstrap, OHLC/calendar validated",current TWSE issuer or official TWSE delisting record,READY
2936,TWSE,2018-01-02,2022-06-24,1085,FinMind TaiwanStockPrice,current TWSE issuer or official TWSE delisting record,READY
2939,TWSE,2018-01-02,2026-08-19,2095,"Yahoo bootstrap, OHLC/calendar validated",current TWSE issuer or official TWSE delisting record,READY
2945,TWSE,2018-12-17,2026-08-19,1860,"Yahoo bootstrap, OHLC/calendar validated",current TWSE issuer or official TWSE delisting record,READY
3002,TWSE,2018-01-02,2026-08-19,2095,"Yahoo bootstrap, OHLC/calendar validated",current TWSE issuer or official TWSE delisting record,READY
3003,TWSE,2018-01-02,2026-08-19,2095,"Yahoo bootstrap, OHLC/calendar validated",current TWSE issuer or official TWSE delisting record,READY
3004,TWSE,2018-01-02,2026-08-19,2095,"Yahoo bootstrap, OHLC/calendar validated",current TWSE issuer or official TWSE delisting record,READY
3005,TWSE,2018-01-02,2026-08-19,2095,"Yahoo bootstrap, OHLC/calendar validated",current TWSE issuer or official TWSE delisting record,READY
3006,TWSE,2018-01-02,2026-08-19,2095,"Yahoo bootstrap, OHLC/calendar validated",current TWSE issuer or official TWSE delisting record,READY
3008,TWSE,2018-01-02,2026-08-19,2095,"Yahoo bootstrap, OHLC/calendar validated",current TWSE issuer or official TWSE delisting record,READY
3010,TWSE,2018-01-02,2026-08-19,2095,"Yahoo bootstrap, OHLC/calendar validated",current TWSE issuer or official TWSE delisting record,READY
3011,TWSE,2018-01-02,2026-08-19,2095,"Yahoo bootstrap, OHLC/calendar validated",current TWSE issuer or official TWSE delisting record,READY
3013,TWSE,2018-01-02,2026-08-19,2095,"Yahoo bootstrap, OHLC/calendar validated",current TWSE issuer or official TWSE delisting record,READY
3014,TWSE,2018-01-02,2026-08-19,2095,"Yahoo bootstrap, OHLC/calendar validated",current TWSE issuer or official TWSE delisting record,READY
3015,TWSE,2018-01-02,2026-08-19,2095,"Yahoo bootstrap, OHLC/calendar validated",current TWSE issuer or official TWSE delisting record,READY
3016,TWSE,2018-01-02,2026-08-19,2095,"Yahoo bootstrap, OHLC/calendar validated",current TWSE issuer or official TWSE delisting record,READY
3017,TWSE,2018-01-02,2026-08-19,2095,"Yahoo bootstrap, OHLC/calendar validated",current TWSE issuer or official TWSE delisting record,READY
3018,TWSE,2018-01-02,2026-08-19,2095,"Yahoo bootstrap, OHLC/calendar validated",current TWSE issuer or official TWSE delisting record,READY
3019,TWSE,2018-01-02,2026-08-19,2095,"Yahoo bootstrap, OHLC/calendar validated",current TWSE issuer or official TWSE delisting record,READY
3021,TWSE,2018-01-02,2026-08-19,2095,"Yahoo bootstrap, OHLC/calendar validated",current TWSE issuer or official TWSE delisting record,READY
3022,TWSE,2018-01-02,2026-08-19,2095,"Yahoo bootstrap, OHLC/calendar validated",current TWSE issuer or official TWSE delisting record,READY
3023,TWSE,2018-01-02,2026-08-19,2095,"Yahoo bootstrap, OHLC/calendar validated",current TWSE issuer or official TWSE delisting record,READY
3024,TWSE,2018-01-02,2026-08-19,2095,"Yahoo bootstrap, OHLC/calendar validated",current TWSE issuer or official TWSE delisting record,READY
3025,TWSE,2018-01-02,2026-08-19,2095,"Yahoo bootstrap, OHLC/calendar validated",current TWSE issuer or official TWSE delisting record,READY
3026,TWSE,2018-01-02,2026-08-19,2095,"Yahoo bootstrap, OHLC/calendar validated",current TWSE issuer or official TWSE delisting record,READY
3027,TWSE,2018-01-02,2026-08-19,2095,"Yahoo bootstrap, OHLC/calendar validated",current TWSE issuer or official TWSE delisting record,READY
3028,TWSE,2018-01-02,2026-08-19,2095,"Yahoo bootstrap, OHLC/calendar validated",current TWSE issuer or official TWSE delisting record,READY
3029,TWSE,2018-01-02,2026-08-19,2095,"Yahoo bootstrap, OHLC/calendar validated",current TWSE issuer or official TWSE delisting record,READY
3030,TWSE,2018-01-02,2026-08-19,2095,"Yahoo bootstrap, OHLC/calendar validated",current TWSE issuer or official TWSE delisting record,READY
3031,TWSE,2018-01-02,2026-08-19,2095,"Yahoo bootstrap, OHLC/calendar validated",current TWSE issuer or official TWSE delisting record,READY
3032,TWSE,2018-01-02,2026-08-19,2095,"Yahoo bootstrap, OHLC/calendar validated",current TWSE issuer or official TWSE delisting record,READY
3033,TWSE,2018-01-02,2026-08-19,2095,"Yahoo bootstrap, OHLC/calendar validated",current TWSE issuer or official TWSE delisting record,READY
3034,TWSE,2018-01-02,2026-08-20,2096,"Yahoo bootstrap, OHLC/calendar validated",current TWSE issuer or official TWSE delisting record,READY
3035,TWSE,2018-01-02,2026-08-19,2095,"Yahoo bootstrap, OHLC/calendar validated",current TWSE issuer or official TWSE delisting record,READY
3036,TWSE,2018-01-02,2026-08-19,2095,"Yahoo bootstrap, OHLC/calendar validated",current TWSE issuer or official TWSE delisting record,READY
3037,TWSE,2018-01-02,2026-08-19,2095,"Yahoo bootstrap, OHLC/calendar validated",current TWSE issuer or official TWSE delisting record,READY
3038,TWSE,2018-01-02,2026-08-19,2095,"Yahoo bootstrap, OHLC/calendar validated",current TWSE issuer or official TWSE delisting record,READY
3040,TWSE,2018-01-02,2026-08-19,2095,"Yahoo bootstrap, OHLC/calendar validated",current TWSE issuer or official TWSE delisting record,READY
3041,TWSE,2018-01-02,2026-08-19,2095,"Yahoo bootstrap, OHLC/calendar validated",current TWSE issuer or official TWSE delisting record,READY
3042,TWSE,2018-01-02,2026-08-19,2095,"Yahoo bootstrap, OHLC/calendar validated",current TWSE issuer or official TWSE delisting record,READY
3043,TWSE,2018-01-02,2026-08-19,2095,"Yahoo bootstrap, OHLC/calendar validated",current TWSE issuer or official TWSE delisting record,READY
3044,TWSE,2018-01-02,2026-08-19,2095,"Yahoo bootstrap, OHLC/calendar validated",current TWSE issuer or official TWSE delisting record,READY
3045,TWSE,2018-01-02,2026-08-19,2095,"Yahoo bootstrap, OHLC/calendar validated",current TWSE issuer or official TWSE delisting record,READY
3046,TWSE,2018-01-02,2026-08-19,2095,"Yahoo bootstrap, OHLC/calendar validated",current TWSE issuer or official TWSE delisting record,READY
3047,TWSE,2018-01-02,2026-08-19,2095,"Yahoo bootstrap, OHLC/calendar validated",current TWSE issuer or official TWSE delisting record,READY
3048,TWSE,2018-01-02,2026-08-19,2095,"Yahoo bootstrap, OHLC/calendar validated",current TWSE issuer or official TWSE delisting record,READY
3049,TWSE,2018-01-02,2026-08-19,2095,"Yahoo bootstrap, OHLC/calendar validated",current TWSE issuer or official TWSE delisting record,READY
3050,TWSE,2018-01-02,2026-08-19,2095,"Yahoo bootstrap, OHLC/calendar validated",current TWSE issuer or official TWSE delisting record,READY
3051,TWSE,2018-01-02,2026-08-19,2095,"Yahoo bootstrap, OHLC/calendar validated",current TWSE issuer or official TWSE delisting record,READY
3052,TWSE,2018-01-02,2026-08-19,2095,"Yahoo bootstrap, OHLC/calendar validated",current TWSE issuer or official TWSE delisting record,READY
3054,TWSE,2018-01-02,2026-08-19,2095,"Yahoo bootstrap, OHLC/calendar validated",current TWSE issuer or official TWSE delisting record,READY
3055,TWSE,2018-01-02,2026-08-19,2095,"Yahoo bootstrap, OHLC/calendar validated",current TWSE issuer or official TWSE delisting record,READY
3056,TWSE,2018-01-02,2026-08-19,2095,"Yahoo bootstrap, OHLC/calendar validated",current TWSE issuer or official TWSE delisting record,READY
3057,TWSE,2018-01-02,2026-08-19,2095,"Yahoo bootstrap, OHLC/calendar validated",current TWSE issuer or official TWSE delisting record,READY
3058,TWSE,2018-01-02,2026-08-19,2095,"Yahoo bootstrap, OHLC/calendar validated",current TWSE issuer or official TWSE delisting record,READY
3059,TWSE,2018-01-02,2026-08-19,2095,"Yahoo bootstrap, OHLC/calendar validated",current TWSE issuer or official TWSE delisting record,READY
3060,TWSE,2018-01-02,2026-08-19,2095,"Yahoo bootstrap, OHLC/calendar validated",current TWSE issuer or official TWSE delisting record,READY
3062,TWSE,2018-01-02,2026-08-19,2095,"Yahoo bootstrap, OHLC/calendar validated",current TWSE issuer or official TWSE delisting record,READY
3090,TWSE,2018-01-02,2026-08-19,2095,"Yahoo bootstrap, OHLC/calendar validated",current TWSE issuer or official TWSE delisting record,READY
3092,TWSE,2018-01-02,2021-05-12,812,"Yahoo bootstrap, OHLC/calendar validated",current TWSE issuer or official TWSE delisting record,READY
3094,TWSE,2018-01-02,2026-08-19,2095,"Yahoo bootstrap, OHLC/calendar validated",current TWSE issuer or official TWSE delisting record,READY
3130,TWSE,2018-01-02,2026-08-19,2095,"Yahoo bootstrap, OHLC/calendar validated",current TWSE issuer or official TWSE delisting record,READY
3135,TWSE,2025-08-06,2026-08-20,253,FinMind TaiwanStockPrice,current TWSE issuer or official TWSE delisting record,READY
3138,TWSE,2018-01-02,2026-08-19,2095,"Yahoo bootstrap, OHLC/calendar validated",current TWSE issuer or official TWSE delisting record,READY
3149,TWSE,2018-01-02,2026-08-19,2095,"Yahoo bootstrap, OHLC/calendar validated",current TWSE issuer or official TWSE delisting record,READY
3150,TWSE,2018-01-02,2026-08-19,2095,"Yahoo bootstrap, OHLC/calendar validated",current TWSE issuer or official TWSE delisting record,READY
3164,TWSE,2018-01-02,2026-08-19,2095,"Yahoo bootstrap, OHLC/calendar validated",current TWSE issuer or official TWSE delisting record,READY
3167,TWSE,2018-01-02,2026-08-19,2095,"Yahoo bootstrap, OHLC/calendar validated",current TWSE issuer or official TWSE delisting record,READY
3168,TWSE,2018-01-02,2026-08-19,2095,"Yahoo bootstrap, OHLC/calendar validated",current TWSE issuer or official TWSE delisting record,READY
3189,TWSE,2018-01-02,2026-08-19,2095,"Yahoo bootstrap, OHLC/calendar validated",current TWSE issuer or official TWSE delisting record,READY
3209,TWSE,2018-01-02,2026-08-19,2095,"Yahoo bootstrap, OHLC/calendar validated",current TWSE issuer or official TWSE delisting record,READY
3229,TWSE,2018-01-02,2026-08-19,2095,"Yahoo bootstrap, OHLC/calendar validated",current TWSE issuer or official TWSE delisting record,READY
3231,TWSE,2018-01-02,2026-08-19,2095,"Yahoo bootstrap, OHLC/calendar validated",current TWSE issuer or official TWSE delisting record,READY
3257,TWSE,2018-01-02,2026-08-19,2095,"Yahoo bootstrap, OHLC/calendar validated",current TWSE issuer or official TWSE delisting record,READY
3266,TWSE,2018-01-02,2026-08-19,2095,"Yahoo bootstrap, OHLC/calendar validated",current TWSE issuer or official TWSE delisting record,READY
3296,TWSE,2018-01-02,2026-08-19,2095,"Yahoo bootstrap, OHLC/calendar validated",current TWSE issuer or official TWSE delisting record,READY
3305,TWSE,2018-01-02,2026-08-19,2095,"Yahoo bootstrap, OHLC/calendar validated",current TWSE issuer or official TWSE delisting record,READY
3308,TWSE,2018-01-02,2026-08-19,2095,"Yahoo bootstrap, OHLC/calendar validated",current TWSE issuer or official TWSE delisting record,READY
3311,TWSE,2018-01-02,2026-08-19,2095,"Yahoo bootstrap, OHLC/calendar validated",current TWSE issuer or official TWSE delisting record,READY
3312,TWSE,2018-01-02,2026-08-19,2095,"Yahoo bootstrap, OHLC/calendar validated",current TWSE issuer or official TWSE delisting record,READY
3321,TWSE,2018-01-02,2026-08-19,2095,"Yahoo bootstrap, OHLC/calendar validated",current TWSE issuer or official TWSE delisting record,READY
3338,TWSE,2018-01-02,2026-08-19,2095,"Yahoo bootstrap, OHLC/calendar validated",current TWSE issuer or official TWSE delisting record,READY
3346,TWSE,2018-01-02,2026-08-19,2095,"Yahoo bootstrap, OHLC/calendar validated",current TWSE issuer or official TWSE delisting record,READY
3356,TWSE,2018-01-02,2026-08-19,2095,"Yahoo bootstrap, OHLC/calendar validated",current TWSE issuer or official TWSE delisting record,READY
3376,TWSE,2018-01-02,2026-08-19,2095,"Yahoo bootstrap, OHLC/calendar validated",current TWSE issuer or official TWSE delisting record,READY
3380,TWSE,2018-01-02,2026-08-19,2095,"Yahoo bootstrap, OHLC/calendar validated",current TWSE issuer or official TWSE delisting record,READY
3383,TWSE,2018-01-02,2022-09-23,1145,FinMind TaiwanStockPrice,current TWSE issuer or official TWSE delisting record,READY
3406,TWSE,2018-01-02,2026-08-19,2095,"Yahoo bootstrap, OHLC/calendar validated",current TWSE issuer or official TWSE delisting record,READY
3413,TWSE,2018-01-02,2026-08-19,2095,"Yahoo bootstrap, OHLC/calendar validated",current TWSE issuer or official TWSE delisting record,READY
3416,TWSE,2018-01-02,2026-08-19,2095,"Yahoo bootstrap, OHLC/calendar validated",current TWSE issuer or official TWSE delisting record,READY
3419,TWSE,2018-01-02,2026-08-19,2095,"Yahoo bootstrap, OHLC/calendar validated",current TWSE issuer or official TWSE delisting record,READY
3432,TWSE,2018-01-02,2026-08-19,2095,"Yahoo bootstrap, OHLC/calendar validated",current TWSE issuer or official TWSE delisting record,READY
3437,TWSE,2018-01-02,2026-08-20,2100,FinMind TaiwanStockPrice,current TWSE issuer or official TWSE delisting record,READY
3443,TWSE,2018-01-02,2026-08-19,2095,"Yahoo bootstrap, OHLC/calendar validated",current TWSE issuer or official TWSE delisting record,READY
3447,TWSE,2021-09-29,2026-08-19,1187,"Yahoo bootstrap, OHLC/calendar validated",current TWSE issuer or official TWSE delisting record,READY
3450,TWSE,2018-01-02,2026-08-19,2095,"Yahoo bootstrap, OHLC/calendar validated",current TWSE issuer or official TWSE delisting record,READY
3454,TWSE,2018-01-02,2026-03-18,1994,FinMind TaiwanStockPrice,current TWSE issuer or official TWSE delisting record,READY
3481,TWSE,2018-01-02,2026-08-19,2095,"Yahoo bootstrap, OHLC/calendar validated",current TWSE issuer or official TWSE delisting record,READY
3494,TWSE,2018-01-02,2026-08-19,2095,"Yahoo bootstrap, OHLC/calendar validated",current TWSE issuer or official TWSE delisting record,READY
3501,TWSE,2018-01-02,2026-08-19,2095,"Yahoo bootstrap, OHLC/calendar validated",current TWSE issuer or official TWSE delisting record,READY
3504,TWSE,2018-01-02,2026-08-19,2095,"Yahoo bootstrap, OHLC/calendar validated",current TWSE issuer or official TWSE delisting record,READY
3514,TWSE,2018-01-02,2018-09-17,174,FinMind TaiwanStockPrice,current TWSE issuer or official TWSE delisting record,READY
3515,TWSE,2018-01-02,2026-08-19,2095,"Yahoo bootstrap, OHLC/calendar validated",current TWSE issuer or official TWSE delisting record,READY
3518,TWSE,2018-01-02,2026-08-19,2095,"Yahoo bootstrap, OHLC/calendar validated",current TWSE issuer or official TWSE delisting record,READY
3519,TWSE,2018-01-02,2019-04-30,320,FinMind TaiwanStockPrice,current TWSE issuer or official TWSE delisting record,READY
3528,TWSE,2018-01-02,2026-08-19,2095,"Yahoo bootstrap, OHLC/calendar validated",current TWSE issuer or official TWSE delisting record,READY
3530,TWSE,2018-01-02,2026-08-19,2095,"Yahoo bootstrap, OHLC/calendar validated",current TWSE issuer or official TWSE delisting record,READY
3532,TWSE,2018-01-02,2026-08-19,2095,"Yahoo bootstrap, OHLC/calendar validated",current TWSE issuer or official TWSE delisting record,READY
3533,TWSE,2018-01-02,2026-08-19,2095,"Yahoo bootstrap, OHLC/calendar validated",current TWSE issuer or official TWSE delisting record,READY
3535,TWSE,2018-01-02,2026-08-19,2095,"Yahoo bootstrap, OHLC/calendar validated",current TWSE issuer or official TWSE delisting record,READY
3536,TWSE,2018-01-02,2023-04-11,1260,FinMind TaiwanStockPrice,current TWSE issuer or official TWSE delisting record,READY
3543,TWSE,2018-01-02,2026-08-19,2095,"Yahoo bootstrap, OHLC/calendar validated",current TWSE issuer or official TWSE delisting record,READY
3545,TWSE,2018-01-02,2026-08-19,2095,"Yahoo bootstrap, OHLC/calendar validated",current TWSE issuer or official TWSE delisting record,READY
3550,TWSE,2018-01-02,2026-08-19,2095,"Yahoo bootstrap, OHLC/calendar validated",current TWSE issuer or official TWSE delisting record,READY
3557,TWSE,2018-01-02,2026-08-19,2095,"Yahoo bootstrap, OHLC/calendar validated",current TWSE issuer or official TWSE delisting record,READY
3561,TWSE,2018-01-02,2018-09-17,174,FinMind TaiwanStockPrice,current TWSE issuer or official TWSE delisting record,READY
3563,TWSE,2018-01-02,2019-04-01,300,"Yahoo bootstrap, OHLC/calendar validated",current TWSE issuer or official TWSE delisting record,READY
3576,TWSE,2018-01-02,2026-08-19,2095,"Yahoo bootstrap, OHLC/calendar validated",current TWSE issuer or official TWSE delisting record,READY
3579,TWSE,2018-01-02,2019-06-25,358,FinMind TaiwanStockPrice,current TWSE issuer or official TWSE delisting record,READY
3583,TWSE,2018-01-02,2026-08-19,2095,"Yahoo bootstrap, OHLC/calendar validated",current TWSE issuer or official TWSE delisting record,READY
3588,TWSE,2018-01-02,2026-08-19,2095,"Yahoo bootstrap, OHLC/calendar validated",current TWSE issuer or official TWSE delisting record,READY
3591,TWSE,2018-01-02,2026-08-19,2095,"Yahoo bootstrap, OHLC/calendar validated",current TWSE issuer or official TWSE delisting record,READY
3592,TWSE,2022-01-10,2026-08-19,1116,"Yahoo bootstrap, OHLC/calendar validated",current TWSE issuer or official TWSE delisting record,READY
3593,TWSE,2018-01-02,2026-08-19,2095,"Yahoo bootstrap, OHLC/calendar validated",current TWSE issuer or official TWSE delisting record,READY
3596,TWSE,2018-01-02,2026-08-19,2095,"Yahoo bootstrap, OHLC/calendar validated",current TWSE issuer or official TWSE delisting record,READY
3605,TWSE,2018-01-02,2026-08-19,2095,"Yahoo bootstrap, OHLC/calendar validated",current TWSE issuer or official TWSE delisting record,READY
3607,TWSE,2018-01-02,2026-08-19,2095,"Yahoo bootstrap, OHLC/calendar validated",current TWSE issuer or official TWSE delisting record,READY
3617,TWSE,2018-01-02,2026-08-19,2095,"Yahoo bootstrap, OHLC/calendar validated",current TWSE issuer or official TWSE delisting record,READY
3622,TWSE,2018-01-02,2026-08-19,2095,"Yahoo bootstrap, OHLC/calendar validated",current TWSE issuer or official TWSE delisting record,READY
3645,TWSE,2018-01-02,2026-08-19,2095,"Yahoo bootstrap, OHLC/calendar validated",current TWSE issuer or official TWSE delisting record,READY
3652,TWSE,2018-01-02,2022-09-20,1145,"Yahoo bootstrap, OHLC/calendar validated",current TWSE issuer or official TWSE delisting record,READY
3653,TWSE,2018-01-02,2026-08-19,2095,"Yahoo bootstrap, OHLC/calendar validated",current TWSE issuer or official TWSE delisting record,READY
3661,TWSE,2018-01-02,2026-08-19,2095,"Yahoo bootstrap, OHLC/calendar validated",current TWSE issuer or official TWSE delisting record,READY
3665,TWSE,2018-01-02,2026-08-19,2095,"Yahoo bootstrap, OHLC/calendar validated",current TWSE issuer or official TWSE delisting record,READY
3669,TWSE,2018-01-02,2026-08-19,2095,"Yahoo bootstrap, OHLC/calendar validated",current TWSE issuer or official TWSE delisting record,READY
3673,TWSE,2018-01-02,2026-08-19,2095,"Yahoo bootstrap, OHLC/calendar validated",current TWSE issuer or official TWSE delisting record,READY
3679,TWSE,2018-01-02,2026-08-19,2095,"Yahoo bootstrap, OHLC/calendar validated",current TWSE issuer or official TWSE delisting record,READY
3682,TWSE,2018-01-02,2023-12-04,1437,FinMind TaiwanStockPrice,current TWSE issuer or official TWSE delisting record,READY
3686,TWSE,2018-01-02,2026-08-19,2095,"Yahoo bootstrap, OHLC/calendar validated",current TWSE issuer or official TWSE delisting record,READY
3694,TWSE,2018-01-02,2026-08-19,2095,"Yahoo bootstrap, OHLC/calendar validated",current TWSE issuer or official TWSE delisting record,READY
3698,TWSE,2018-01-02,2020-12-23,727,FinMind TaiwanStockPrice,current TWSE issuer or official TWSE delisting record,READY
3701,TWSE,2018-01-02,2026-08-19,2095,"Yahoo bootstrap, OHLC/calendar validated",current TWSE issuer or official TWSE delisting record,READY
3702,TWSE,2018-01-02,2026-08-19,2095,"Yahoo bootstrap, OHLC/calendar validated",current TWSE issuer or official TWSE delisting record,READY
3703,TWSE,2018-01-02,2026-08-19,2095,"Yahoo bootstrap, OHLC/calendar validated",current TWSE issuer or official TWSE delisting record,READY
3704,TWSE,2018-01-02,2026-08-19,2095,"Yahoo bootstrap, OHLC/calendar validated",current TWSE issuer or official TWSE delisting record,READY
3705,TWSE,2018-01-02,2026-08-19,2095,"Yahoo bootstrap, OHLC/calendar validated",current TWSE issuer or official TWSE delisting record,READY
3706,TWSE,2018-01-02,2026-08-19,2095,"Yahoo bootstrap, OHLC/calendar validated",current TWSE issuer or official TWSE delisting record,READY
3708,TWSE,2018-01-02,2026-08-19,2095,"Yahoo bootstrap, OHLC/calendar validated",current TWSE issuer or official TWSE delisting record,READY
3711,TWSE,2018-01-02,2026-08-19,2095,"Yahoo bootstrap, OHLC/calendar validated",current TWSE issuer or official TWSE delisting record,READY
3712,TWSE,2018-10-01,2026-08-19,1914,"Yahoo bootstrap, OHLC/calendar validated",current TWSE issuer or official TWSE delisting record,READY
3714,TWSE,2021-01-06,2026-08-19,1362,"Yahoo bootstrap, OHLC/calendar validated",current TWSE issuer or official TWSE delisting record,READY
3715,TWSE,2022-08-26,2026-08-19,964,"Yahoo bootstrap, OHLC/calendar validated",current TWSE issuer or official TWSE delisting record,READY
3716,TWSE,2024-09-02,2026-08-19,476,"Yahoo bootstrap, OHLC/calendar validated",current TWSE issuer or official TWSE delisting record,READY
3717,TWSE,2025-08-15,2026-08-19,246,"Yahoo bootstrap, OHLC/calendar validated",current TWSE issuer or official TWSE delisting record,READY
4104,TWSE,2018-01-02,2026-08-19,2095,"Yahoo bootstrap, OHLC/calendar validated",current TWSE issuer or official TWSE delisting record,READY
4106,TWSE,2018-01-02,2026-08-19,2095,"Yahoo bootstrap, OHLC/calendar validated",current TWSE issuer or official TWSE delisting record,READY
4108,TWSE,2018-01-02,2026-08-19,2095,"Yahoo bootstrap, OHLC/calendar validated",current TWSE issuer or official TWSE delisting record,READY
4119,TWSE,2018-01-02,2026-08-19,2095,"Yahoo bootstrap, OHLC/calendar validated",current TWSE issuer or official TWSE delisting record,READY
4133,TWSE,2018-01-02,2026-08-19,2095,"Yahoo bootstrap, OHLC/calendar validated",current TWSE issuer or official TWSE delisting record,READY
4137,TWSE,2018-01-02,2026-08-19,2095,"Yahoo bootstrap, OHLC/calendar validated",current TWSE issuer or official TWSE delisting record,READY
4141,TWSE,2018-01-02,2022-04-26,1049,FinMind TaiwanStockPrice,current TWSE issuer or official TWSE delisting record,READY
4142,TWSE,2018-01-02,2026-08-19,2095,"Yahoo bootstrap, OHLC/calendar validated",current TWSE issuer or official TWSE delisting record,READY
4144,TWSE,2018-01-02,2020-10-21,682,FinMind TaiwanStockPrice,current TWSE issuer or official TWSE delisting record,READY
4148,TWSE,2018-01-02,2026-08-19,2095,"Yahoo bootstrap, OHLC/calendar validated",current TWSE issuer or official TWSE delisting record,READY
4155,TWSE,2018-01-02,2026-08-19,2095,"Yahoo bootstrap, OHLC/calendar validated",current TWSE issuer or official TWSE delisting record,READY
4164,TWSE,2018-01-02,2026-08-19,2095,"Yahoo bootstrap, OHLC/calendar validated",current TWSE issuer or official TWSE delisting record,READY
4169,TWSE,2018-01-02,2026-08-19,2095,"Yahoo bootstrap, OHLC/calendar validated",current TWSE issuer or official TWSE delisting record,READY
4178,TWSE,2025-01-02,2026-08-19,394,"Yahoo bootstrap, OHLC/calendar validated",current TWSE issuer or official TWSE delisting record,READY
4190,TWSE,2018-01-02,2026-08-19,2095,"Yahoo bootstrap, OHLC/calendar validated",current TWSE issuer or official TWSE delisting record,READY
4195,TWSE,2018-01-02,2026-08-19,2095,"Yahoo bootstrap, OHLC/calendar validated",current TWSE issuer or official TWSE delisting record,READY
4306,TWSE,2018-01-02,2026-08-19,2095,"Yahoo bootstrap, OHLC/calendar validated",current TWSE issuer or official TWSE delisting record,READY
4414,TWSE,2018-01-02,2026-08-19,2095,"Yahoo bootstrap, OHLC/calendar validated",current TWSE issuer or official TWSE delisting record,READY
4426,TWSE,2018-01-02,2026-08-19,2095,"Yahoo bootstrap, OHLC/calendar validated",current TWSE issuer or official TWSE delisting record,READY
4438,TWSE,2018-01-02,2026-08-19,2095,"Yahoo bootstrap, OHLC/calendar validated",current TWSE issuer or official TWSE delisting record,READY
4439,TWSE,2019-12-05,2026-08-19,1628,"Yahoo bootstrap, OHLC/calendar validated",current TWSE issuer or official TWSE delisting record,READY
4440,TWSE,2019-09-11,2026-08-19,1685,"Yahoo bootstrap, OHLC/calendar validated",current TWSE issuer or official TWSE delisting record,READY
4441,TWSE,2022-02-07,2026-08-19,1103,"Yahoo bootstrap, OHLC/calendar validated",current TWSE issuer or official TWSE delisting record,READY
4526,TWSE,2018-01-02,2026-08-20,2100,FinMind TaiwanStockPrice,current TWSE issuer or official TWSE delisting record,READY
4532,TWSE,2018-01-02,2026-08-19,2095,"Yahoo bootstrap, OHLC/calendar validated",current TWSE issuer or official TWSE delisting record,READY
4536,TWSE,2018-01-02,2026-08-19,2095,"Yahoo bootstrap, OHLC/calendar validated",current TWSE issuer or official TWSE delisting record,READY
4540,TWSE,2018-01-02,2026-08-19,2095,"Yahoo bootstrap, OHLC/calendar validated",current TWSE issuer or official TWSE delisting record,READY
4545,TWSE,2018-01-02,2026-08-19,2095,"Yahoo bootstrap, OHLC/calendar validated",current TWSE issuer or official TWSE delisting record,READY
4551,TWSE,2018-01-02,2026-08-19,2095,"Yahoo bootstrap, OHLC/calendar validated",current TWSE issuer or official TWSE delisting record,READY
4552,TWSE,2018-01-02,2026-08-19,2095,"Yahoo bootstrap, OHLC/calendar validated",current TWSE issuer or official TWSE delisting record,READY
4555,TWSE,2018-01-02,2026-08-19,2095,"Yahoo bootstrap, OHLC/calendar validated",current TWSE issuer or official TWSE delisting record,READY
4557,TWSE,2018-01-02,2026-08-19,2095,"Yahoo bootstrap, OHLC/calendar validated",current TWSE issuer or official TWSE delisting record,READY
4560,TWSE,2018-01-02,2026-08-19,2095,"Yahoo bootstrap, OHLC/calendar validated",current TWSE issuer or official TWSE delisting record,READY
4562,TWSE,2018-01-02,2026-08-19,2095,"Yahoo bootstrap, OHLC/calendar validated",current TWSE issuer or official TWSE delisting record,READY
4564,TWSE,2018-01-02,2026-08-19,2095,"Yahoo bootstrap, OHLC/calendar validated",current TWSE issuer or official TWSE delisting record,READY
4566,TWSE,2018-01-02,2026-08-19,2095,"Yahoo bootstrap, OHLC/calendar validated",current TWSE issuer or official TWSE delisting record,READY
4569,TWSE,2023-07-31,2026-08-19,742,"Yahoo bootstrap, OHLC/calendar validated",current TWSE issuer or official TWSE delisting record,READY
4571,TWSE,2019-09-17,2026-08-19,1682,"Yahoo bootstrap, OHLC/calendar validated",current TWSE issuer or official TWSE delisting record,READY
4572,TWSE,2018-06-27,2026-08-19,1981,"Yahoo bootstrap, OHLC/calendar validated",current TWSE issuer or official TWSE delisting record,READY
4576,TWSE,2018-10-29,2026-08-19,1895,"Yahoo bootstrap, OHLC/calendar validated",current TWSE issuer or official TWSE delisting record,READY
4581,TWSE,2020-03-09,2026-08-19,1570,"Yahoo bootstrap, OHLC/calendar validated",current TWSE issuer or official TWSE delisting record,READY
4582,TWSE,2019-10-01,2026-08-19,1673,"Yahoo bootstrap, OHLC/calendar validated",current TWSE issuer or official TWSE delisting record,READY
4583,TWSE,2020-12-01,2026-08-19,1387,"Yahoo bootstrap, OHLC/calendar validated",current TWSE issuer or official TWSE delisting record,READY
4585,TWSE,2024-09-26,2026-08-19,459,"Yahoo bootstrap, OHLC/calendar validated",current TWSE issuer or official TWSE delisting record,READY
4588,TWSE,2022-11-04,2026-08-19,916,"Yahoo bootstrap, OHLC/calendar validated",current TWSE issuer or official TWSE delisting record,READY
4590,TWSE,2024-11-11,2026-08-19,431,"Yahoo bootstrap, OHLC/calendar validated",current TWSE issuer or official TWSE delisting record,READY
4720,TWSE,2018-01-02,2026-08-19,2095,"Yahoo bootstrap, OHLC/calendar validated",current TWSE issuer or official TWSE delisting record,READY
4722,TWSE,2018-01-02,2026-08-19,2095,"Yahoo bootstrap, OHLC/calendar validated",current TWSE issuer or official TWSE delisting record,READY
4725,TWSE,2018-01-02,2021-01-11,733,FinMind TaiwanStockPrice,current TWSE issuer or official TWSE delisting record,READY
4736,TWSE,2018-01-02,2023-12-21,1453,"Yahoo bootstrap, OHLC/calendar validated",current TWSE issuer or official TWSE delisting record,READY
4737,TWSE,2018-01-02,2026-08-19,2095,"Yahoo bootstrap, OHLC/calendar validated",current TWSE issuer or official TWSE delisting record,READY
4739,TWSE,2018-01-02,2026-08-19,2095,"Yahoo bootstrap, OHLC/calendar validated",current TWSE issuer or official TWSE delisting record,READY
4746,TWSE,2018-01-02,2026-08-19,2095,"Yahoo bootstrap, OHLC/calendar validated",current TWSE issuer or official TWSE delisting record,READY
4755,TWSE,2018-01-02,2026-08-19,2095,"Yahoo bootstrap, OHLC/calendar validated",current TWSE issuer or official TWSE delisting record,READY
4763,TWSE,2018-01-02,2026-08-19,2095,"Yahoo bootstrap, OHLC/calendar validated",current TWSE issuer or official TWSE delisting record,READY
4764,TWSE,2018-01-02,2026-08-19,2095,"Yahoo bootstrap, OHLC/calendar validated",current TWSE issuer or official TWSE delisting record,READY
4766,TWSE,2018-01-02,2026-08-19,2095,"Yahoo bootstrap, OHLC/calendar validated",current TWSE issuer or official TWSE delisting record,READY
4770,TWSE,2020-09-28,2026-08-19,1430,"Yahoo bootstrap, OHLC/calendar validated",current TWSE issuer or official TWSE delisting record,READY
4771,TWSE,2021-11-02,2026-08-19,1164,"Yahoo bootstrap, OHLC/calendar validated",current TWSE issuer or official TWSE delisting record,READY
4807,TWSE,2018-01-02,2026-08-19,2095,"Yahoo bootstrap, OHLC/calendar validated",current TWSE issuer or official TWSE delisting record,READY
4904,TWSE,2018-01-02,2026-08-19,2095,"Yahoo bootstrap, OHLC/calendar validated",current TWSE issuer or official TWSE delisting record,READY
4906,TWSE,2018-01-02,2026-08-19,2095,"Yahoo bootstrap, OHLC/calendar validated",current TWSE issuer or official TWSE delisting record,READY
4912,TWSE,2018-01-02,2026-08-19,2095,"Yahoo bootstrap, OHLC/calendar validated",current TWSE issuer or official TWSE delisting record,READY
4915,TWSE,2018-01-02,2026-08-19,2095,"Yahoo bootstrap, OHLC/calendar validated",current TWSE issuer or official TWSE delisting record,READY
4916,TWSE,2018-01-02,2026-08-19,2095,"Yahoo bootstrap, OHLC/calendar validated",current TWSE issuer or official TWSE delisting record,READY
4919,TWSE,2018-01-02,2026-08-19,2095,"Yahoo bootstrap, OHLC/calendar validated",current TWSE issuer or official TWSE delisting record,READY
4927,TWSE,2018-01-02,2026-08-19,2095,"Yahoo bootstrap, OHLC/calendar validated",current TWSE issuer or official TWSE delisting record,READY
4930,TWSE,2018-01-02,2026-08-19,2095,"Yahoo bootstrap, OHLC/calendar validated",current TWSE issuer or official TWSE delisting record,READY
4934,TWSE,2018-01-02,2026-08-19,2095,"Yahoo bootstrap, OHLC/calendar validated",current TWSE issuer or official TWSE delisting record,READY
4935,TWSE,2018-01-02,2026-08-19,2095,"Yahoo bootstrap, OHLC/calendar validated",current TWSE issuer or official TWSE delisting record,READY
4938,TWSE,2018-01-02,2026-08-19,2095,"Yahoo bootstrap, OHLC/calendar validated",current TWSE issuer or official TWSE delisting record,READY
4942,TWSE,2018-01-02,2026-08-19,2095,"Yahoo bootstrap, OHLC/calendar validated",current TWSE issuer or official TWSE delisting record,READY
4943,TWSE,2018-01-02,2026-08-19,2095,"Yahoo bootstrap, OHLC/calendar validated",current TWSE issuer or official TWSE delisting record,READY
4949,TWSE,2018-01-02,2026-08-19,2095,"Yahoo bootstrap, OHLC/calendar validated",current TWSE issuer or official TWSE delisting record,READY
4952,TWSE,2018-01-02,2026-08-19,2095,"Yahoo bootstrap, OHLC/calendar validated",current TWSE issuer or official TWSE delisting record,READY
4956,TWSE,2018-01-02,2026-08-19,2095,"Yahoo bootstrap, OHLC/calendar validated",current TWSE issuer or official TWSE delisting record,READY
4958,TWSE,2018-01-02,2026-08-19,2095,"Yahoo bootstrap, OHLC/calendar validated",current TWSE issuer or official TWSE delisting record,READY
4960,TWSE,2018-01-02,2026-08-19,2095,"Yahoo bootstrap, OHLC/calendar validated",current TWSE issuer or official TWSE delisting record,READY
4961,TWSE,2018-01-02,2026-08-19,2095,"Yahoo bootstrap, OHLC/calendar validated",current TWSE issuer or official TWSE delisting record,READY
4967,TWSE,2018-01-02,2026-08-19,2095,"Yahoo bootstrap, OHLC/calendar validated",current TWSE issuer or official TWSE delisting record,READY
4968,TWSE,2018-01-02,2026-08-19,2095,"Yahoo bootstrap, OHLC/calendar validated",current TWSE issuer or official TWSE delisting record,READY
4976,TWSE,2018-01-02,2026-08-19,2095,"Yahoo bootstrap, OHLC/calendar validated",current TWSE issuer or official TWSE delisting record,READY
4977,TWSE,2018-01-02,2026-08-19,2095,"Yahoo bootstrap, OHLC/calendar validated",current TWSE issuer or official TWSE delisting record,READY
4984,TWSE,2018-01-02,2018-08-23,156,FinMind TaiwanStockPrice,current TWSE issuer or official TWSE delisting record,READY
4989,TWSE,2018-01-02,2026-08-19,2095,"Yahoo bootstrap, OHLC/calendar validated",current TWSE issuer or official TWSE delisting record,READY
4994,TWSE,2018-01-02,2026-08-19,2095,"Yahoo bootstrap, OHLC/calendar validated",current TWSE issuer or official TWSE delisting record,READY
4999,TWSE,2018-01-02,2026-08-19,2095,"Yahoo bootstrap, OHLC/calendar validated",current TWSE issuer or official TWSE delisting record,READY
5007,TWSE,2018-01-02,2026-08-20,2097,FinMind TaiwanStockPrice,current TWSE issuer or official TWSE delisting record,READY
5203,TWSE,2018-01-02,2026-08-19,2095,"Yahoo bootstrap, OHLC/calendar validated",current TWSE issuer or official TWSE delisting record,READY
5215,TWSE,2018-01-02,2026-08-19,2095,"Yahoo bootstrap, OHLC/calendar validated",current TWSE issuer or official TWSE delisting record,READY
5222,TWSE,2018-01-02,2026-08-19,2095,"Yahoo bootstrap, OHLC/calendar validated",current TWSE issuer or official TWSE delisting record,READY
5225,TWSE,2018-01-02,2026-08-19,2095,"Yahoo bootstrap, OHLC/calendar validated",current TWSE issuer or official TWSE delisting record,READY
5234,TWSE,2018-01-02,2026-08-19,2095,"Yahoo bootstrap, OHLC/calendar validated",current TWSE issuer or official TWSE delisting record,READY
5236,TWSE,2021-07-29,2026-07-15,1204,"Yahoo bootstrap, OHLC/calendar validated",current TWSE issuer or official TWSE delisting record,READY
5243,TWSE,2018-01-02,2026-08-19,2095,"Yahoo bootstrap, OHLC/calendar validated",current TWSE issuer or official TWSE delisting record,READY
5244,TWSE,2022-01-20,2026-08-19,1108,"Yahoo bootstrap, OHLC/calendar validated",current TWSE issuer or official TWSE delisting record,READY
5258,TWSE,2018-01-02,2026-08-19,2095,"Yahoo bootstrap, OHLC/calendar validated",current TWSE issuer or official TWSE delisting record,READY
5259,TWSE,2018-01-02,2019-11-18,350,FinMind TaiwanStockPrice,current TWSE issuer or official TWSE delisting record,READY
5264,TWSE,2018-01-02,2021-01-06,736,FinMind TaiwanStockPrice,current TWSE issuer or official TWSE delisting record,READY
5269,TWSE,2018-01-02,2026-08-19,2095,"Yahoo bootstrap, OHLC/calendar validated",current TWSE issuer or official TWSE delisting record,READY
5283,TWSE,2018-01-02,2026-08-19,2095,"Yahoo bootstrap, OHLC/calendar validated",current TWSE issuer or official TWSE delisting record,READY
5284,TWSE,2018-01-02,2026-08-19,2095,"Yahoo bootstrap, OHLC/calendar validated",current TWSE issuer or official TWSE delisting record,READY
5285,TWSE,2018-01-02,2026-08-19,2095,"Yahoo bootstrap, OHLC/calendar validated",current TWSE issuer or official TWSE delisting record,READY
5288,TWSE,2018-01-02,2026-08-19,2095,"Yahoo bootstrap, OHLC/calendar validated",current TWSE issuer or official TWSE delisting record,READY
5292,TWSE,2020-01-06,2026-08-19,1607,"Yahoo bootstrap, OHLC/calendar validated",current TWSE issuer or official TWSE delisting record,READY
5305,TWSE,2018-01-02,2020-11-23,706,FinMind TaiwanStockPrice,current TWSE issuer or official TWSE delisting record,READY
5306,TWSE,2018-01-02,2022-03-07,1011,"Yahoo bootstrap, OHLC/calendar validated",current TWSE issuer or official TWSE delisting record,READY
5388,TWSE,2018-01-02,2026-08-20,2100,FinMind TaiwanStockPrice,current TWSE issuer or official TWSE delisting record,READY
5434,TWSE,2018-01-02,2026-08-19,2095,"Yahoo bootstrap, OHLC/calendar validated",current TWSE issuer or official TWSE delisting record,READY
5469,TWSE,2018-01-02,2026-08-19,2095,"Yahoo bootstrap, OHLC/calendar validated",current TWSE issuer or official TWSE delisting record,READY
5471,TWSE,2018-01-02,2026-08-19,2095,"Yahoo bootstrap, OHLC/calendar validated",current TWSE issuer or official TWSE delisting record,READY
5484,TWSE,2018-01-02,2026-08-19,2095,"Yahoo bootstrap, OHLC/calendar validated",current TWSE issuer or official TWSE delisting record,READY
5515,TWSE,2018-01-02,2026-08-19,2095,"Yahoo bootstrap, OHLC/calendar validated",current TWSE issuer or official TWSE delisting record,READY
5519,TWSE,2018-01-02,2026-08-19,2095,"Yahoo bootstrap, OHLC/calendar validated",current TWSE issuer or official TWSE delisting record,READY
5521,TWSE,2018-01-02,2026-08-19,2095,"Yahoo bootstrap, OHLC/calendar validated",current TWSE issuer or official TWSE delisting record,READY
5522,TWSE,2018-01-02,2026-08-19,2095,"Yahoo bootstrap, OHLC/calendar validated",current TWSE issuer or official TWSE delisting record,READY
5525,TWSE,2018-01-02,2026-08-19,2095,"Yahoo bootstrap, OHLC/calendar validated",current TWSE issuer or official TWSE delisting record,READY
5531,TWSE,2018-01-02,2026-08-19,2095,"Yahoo bootstrap, OHLC/calendar validated",current TWSE issuer or official TWSE delisting record,READY
5533,TWSE,2018-01-02,2026-08-19,2095,"Yahoo bootstrap, OHLC/calendar validated",current TWSE issuer or official TWSE delisting record,READY
5534,TWSE,2018-01-02,2026-08-19,2095,"Yahoo bootstrap, OHLC/calendar validated",current TWSE issuer or official TWSE delisting record,READY
5538,TWSE,2018-01-02,2026-08-19,2095,"Yahoo bootstrap, OHLC/calendar validated",current TWSE issuer or official TWSE delisting record,READY
5546,TWSE,2020-05-20,2026-08-20,1523,FinMind TaiwanStockPrice,current TWSE issuer or official TWSE delisting record,READY
5607,TWSE,2018-01-02,2026-08-19,2095,"Yahoo bootstrap, OHLC/calendar validated",current TWSE issuer or official TWSE delisting record,READY
5608,TWSE,2018-01-02,2026-08-19,2095,"Yahoo bootstrap, OHLC/calendar validated",current TWSE issuer or official TWSE delisting record,READY
5706,TWSE,2018-01-02,2026-08-19,2095,"Yahoo bootstrap, OHLC/calendar validated",current TWSE issuer or official TWSE delisting record,READY
5871,TWSE,2018-01-02,2026-08-19,2095,"Yahoo bootstrap, OHLC/calendar validated",current TWSE issuer or official TWSE delisting record,READY
5876,TWSE,2018-01-02,2026-08-19,2095,"Yahoo bootstrap, OHLC/calendar validated",current TWSE issuer or official TWSE delisting record,READY
5880,TWSE,2018-01-02,2026-08-19,2095,"Yahoo bootstrap, OHLC/calendar validated",current TWSE issuer or official TWSE delisting record,READY
5906,TWSE,2018-01-02,2026-08-19,2095,"Yahoo bootstrap, OHLC/calendar validated",current TWSE issuer or official TWSE delisting record,READY
5907,TWSE,2018-01-02,2026-08-19,2095,"Yahoo bootstrap, OHLC/calendar validated",current TWSE issuer or official TWSE delisting record,READY
6005,TWSE,2018-01-02,2026-08-19,2095,"Yahoo bootstrap, OHLC/calendar validated",current TWSE issuer or official TWSE delisting record,READY
6024,TWSE,2018-01-02,2026-08-19,2095,"Yahoo bootstrap, OHLC/calendar validated",current TWSE issuer or official TWSE delisting record,READY
6108,TWSE,2018-01-02,2026-08-19,2095,"Yahoo bootstrap, OHLC/calendar validated",current TWSE issuer or official TWSE delisting record,READY
6112,TWSE,2018-01-02,2026-08-19,2095,"Yahoo bootstrap, OHLC/calendar validated",current TWSE issuer or official TWSE delisting record,READY
6115,TWSE,2018-01-02,2026-08-19,2095,"Yahoo bootstrap, OHLC/calendar validated",current TWSE issuer or official TWSE delisting record,READY
6116,TWSE,2018-01-02,2026-08-19,2095,"Yahoo bootstrap, OHLC/calendar validated",current TWSE issuer or official TWSE delisting record,READY
6117,TWSE,2018-01-02,2026-08-19,2095,"Yahoo bootstrap, OHLC/calendar validated",current TWSE issuer or official TWSE delisting record,READY
6120,TWSE,2018-01-02,2026-08-19,2095,"Yahoo bootstrap, OHLC/calendar validated",current TWSE issuer or official TWSE delisting record,READY
6128,TWSE,2018-01-02,2026-08-19,2095,"Yahoo bootstrap, OHLC/calendar validated",current TWSE issuer or official TWSE delisting record,READY
6131,TWSE,2018-01-02,2020-11-24,480,FinMind TaiwanStockPrice,current TWSE issuer or official TWSE delisting record,READY
6133,TWSE,2018-01-02,2026-08-19,2095,"Yahoo bootstrap, OHLC/calendar validated",current TWSE issuer or official TWSE delisting record,READY
6136,TWSE,2018-01-02,2026-08-19,2095,"Yahoo bootstrap, OHLC/calendar validated",current TWSE issuer or official TWSE delisting record,READY
6139,TWSE,2018-01-02,2026-08-19,2095,"Yahoo bootstrap, OHLC/calendar validated",current TWSE issuer or official TWSE delisting record,READY
6141,TWSE,2018-01-02,2026-08-19,2095,"Yahoo bootstrap, OHLC/calendar validated",current TWSE issuer or official TWSE delisting record,READY
6142,TWSE,2018-01-02,2026-08-19,2095,"Yahoo bootstrap, OHLC/calendar validated",current TWSE issuer or official TWSE delisting record,READY
6145,TWSE,2018-01-02,2018-09-17,173,FinMind TaiwanStockPrice,current TWSE issuer or official TWSE delisting record,READY
6152,TWSE,2018-01-02,2026-08-19,2095,"Yahoo bootstrap, OHLC/calendar validated",current TWSE issuer or official TWSE delisting record,READY
6153,TWSE,2018-01-02,2026-08-19,2095,"Yahoo bootstrap, OHLC/calendar validated",current TWSE issuer or official TWSE delisting record,READY
6155,TWSE,2018-01-02,2026-08-19,2095,"Yahoo bootstrap, OHLC/calendar validated",current TWSE issuer or official TWSE delisting record,READY
6164,TWSE,2018-01-02,2026-08-19,2095,"Yahoo bootstrap, OHLC/calendar validated",current TWSE issuer or official TWSE delisting record,READY
6165,TWSE,2018-01-02,2026-08-19,2095,"Yahoo bootstrap, OHLC/calendar validated",current TWSE issuer or official TWSE delisting record,READY
6166,TWSE,2018-01-02,2026-08-19,2095,"Yahoo bootstrap, OHLC/calendar validated",current TWSE issuer or official TWSE delisting record,READY
6168,TWSE,2018-01-02,2026-08-19,2095,"Yahoo bootstrap, OHLC/calendar validated",current TWSE issuer or official TWSE delisting record,READY
6172,TWSE,2018-01-02,2021-11-17,923,FinMind TaiwanStockPrice,current TWSE issuer or official TWSE delisting record,READY
6176,TWSE,2018-01-02,2026-08-19,2095,"Yahoo bootstrap, OHLC/calendar validated",current TWSE issuer or official TWSE delisting record,READY
6177,TWSE,2018-01-02,2026-08-19,2095,"Yahoo bootstrap, OHLC/calendar validated",current TWSE issuer or official TWSE delisting record,READY
6183,TWSE,2018-01-02,2026-08-19,2095,"Yahoo bootstrap, OHLC/calendar validated",current TWSE issuer or official TWSE delisting record,READY
6184,TWSE,2018-01-02,2026-08-19,2095,"Yahoo bootstrap, OHLC/calendar validated",current TWSE issuer or official TWSE delisting record,READY
6189,TWSE,2018-01-02,2026-08-19,2095,"Yahoo bootstrap, OHLC/calendar validated",current TWSE issuer or official TWSE delisting record,READY
6191,TWSE,2018-01-02,2026-08-19,2095,"Yahoo bootstrap, OHLC/calendar validated",current TWSE issuer or official TWSE delisting record,READY
6192,TWSE,2018-01-02,2026-08-19,2095,"Yahoo bootstrap, OHLC/calendar validated",current TWSE issuer or official TWSE delisting record,READY
6196,TWSE,2018-01-02,2026-08-19,2095,"Yahoo bootstrap, OHLC/calendar validated",current TWSE issuer or official TWSE delisting record,READY
6197,TWSE,2018-01-02,2026-08-19,2095,"Yahoo bootstrap, OHLC/calendar validated",current TWSE issuer or official TWSE delisting record,READY
6201,TWSE,2018-01-02,2026-08-19,2095,"Yahoo bootstrap, OHLC/calendar validated",current TWSE issuer or official TWSE delisting record,READY
6202,TWSE,2018-01-02,2026-08-19,2095,"Yahoo bootstrap, OHLC/calendar validated",current TWSE issuer or official TWSE delisting record,READY
6205,TWSE,2018-01-02,2026-08-19,2095,"Yahoo bootstrap, OHLC/calendar validated",current TWSE issuer or official TWSE delisting record,READY
6206,TWSE,2018-01-02,2026-08-19,2095,"Yahoo bootstrap, OHLC/calendar validated",current TWSE issuer or official TWSE delisting record,READY
6209,TWSE,2018-01-02,2026-08-19,2095,"Yahoo bootstrap, OHLC/calendar validated",current TWSE issuer or official TWSE delisting record,READY
6213,TWSE,2018-01-02,2026-08-19,2095,"Yahoo bootstrap, OHLC/calendar validated",current TWSE issuer or official TWSE delisting record,READY
6214,TWSE,2018-01-02,2026-08-19,2095,"Yahoo bootstrap, OHLC/calendar validated",current TWSE issuer or official TWSE delisting record,READY
6215,TWSE,2018-01-02,2026-08-19,2095,"Yahoo bootstrap, OHLC/calendar validated",current TWSE issuer or official TWSE delisting record,READY
6216,TWSE,2018-01-02,2026-08-19,2095,"Yahoo bootstrap, OHLC/calendar validated",current TWSE issuer or official TWSE delisting record,READY
6224,TWSE,2018-01-02,2026-08-19,2095,"Yahoo bootstrap, OHLC/calendar validated",current TWSE issuer or official TWSE delisting record,READY
6225,TWSE,2018-01-02,2026-08-19,2095,"Yahoo bootstrap, OHLC/calendar validated",current TWSE issuer or official TWSE delisting record,READY
6226,TWSE,2018-01-02,2026-08-19,2095,"Yahoo bootstrap, OHLC/calendar validated",current TWSE issuer or official TWSE delisting record,READY
6230,TWSE,2018-01-02,2026-08-19,2095,"Yahoo bootstrap, OHLC/calendar validated",current TWSE issuer or official TWSE delisting record,READY
6235,TWSE,2018-01-02,2026-08-19,2095,"Yahoo bootstrap, OHLC/calendar validated",current TWSE issuer or official TWSE delisting record,READY
6239,TWSE,2018-01-02,2026-08-19,2095,"Yahoo bootstrap, OHLC/calendar validated",current TWSE issuer or official TWSE delisting record,READY
6243,TWSE,2018-01-02,2026-08-19,2095,"Yahoo bootstrap, OHLC/calendar validated",current TWSE issuer or official TWSE delisting record,READY
6251,TWSE,2018-01-02,2022-08-12,1118,FinMind TaiwanStockPrice,current TWSE issuer or official TWSE delisting record,READY
6257,TWSE,2018-01-02,2026-08-19,2095,"Yahoo bootstrap, OHLC/calendar validated",current TWSE issuer or official TWSE delisting record,READY
6269,TWSE,2018-01-02,2026-08-19,2095,"Yahoo bootstrap, OHLC/calendar validated",current TWSE issuer or official TWSE delisting record,READY
6271,TWSE,2018-01-02,2026-08-19,2095,"Yahoo bootstrap, OHLC/calendar validated",current TWSE issuer or official TWSE delisting record,READY
6272,TWSE,2018-01-02,2026-08-19,2095,"Yahoo bootstrap, OHLC/calendar validated",current TWSE issuer or official TWSE delisting record,READY
6277,TWSE,2018-01-02,2026-08-19,2095,"Yahoo bootstrap, OHLC/calendar validated",current TWSE issuer or official TWSE delisting record,READY
6278,TWSE,2018-01-02,2026-08-19,2095,"Yahoo bootstrap, OHLC/calendar validated",current TWSE issuer or official TWSE delisting record,READY
6281,TWSE,2018-01-02,2026-08-19,2095,"Yahoo bootstrap, OHLC/calendar validated",current TWSE issuer or official TWSE delisting record,READY
6282,TWSE,2018-01-02,2026-08-19,2095,"Yahoo bootstrap, OHLC/calendar validated",current TWSE issuer or official TWSE delisting record,READY
6283,TWSE,2018-01-02,2026-08-19,2095,"Yahoo bootstrap, OHLC/calendar validated",current TWSE issuer or official TWSE delisting record,READY
6285,TWSE,2018-01-02,2026-08-19,2095,"Yahoo bootstrap, OHLC/calendar validated",current TWSE issuer or official TWSE delisting record,READY
6288,TWSE,2018-05-09,2025-08-04,1765,FinMind TaiwanStockPrice,current TWSE issuer or official TWSE delisting record,READY
6289,TWSE,2018-01-02,2022-09-23,1139,FinMind TaiwanStockPrice,current TWSE issuer or official TWSE delisting record,READY
6405,TWSE,2018-01-02,2026-08-19,2095,"Yahoo bootstrap, OHLC/calendar validated",current TWSE issuer or official TWSE delisting record,READY
6409,TWSE,2018-01-02,2026-08-19,2095,"Yahoo bootstrap, OHLC/calendar validated",current TWSE issuer or official TWSE delisting record,READY
6412,TWSE,2018-01-02,2026-08-19,2095,"Yahoo bootstrap, OHLC/calendar validated",current TWSE issuer or official TWSE delisting record,READY
6414,TWSE,2018-01-02,2026-08-19,2095,"Yahoo bootstrap, OHLC/calendar validated",current TWSE issuer or official TWSE delisting record,READY
6415,TWSE,2018-01-02,2026-08-19,2095,"Yahoo bootstrap, OHLC/calendar validated",current TWSE issuer or official TWSE delisting record,READY
6416,TWSE,2018-01-02,2026-08-19,2095,"Yahoo bootstrap, OHLC/calendar validated",current TWSE issuer or official TWSE delisting record,READY
6422,TWSE,2018-01-02,2018-09-19,176,FinMind TaiwanStockPrice,current TWSE issuer or official TWSE delisting record,READY
6423,TWSE,2026-01-22,2026-08-19,137,"Yahoo bootstrap, OHLC/calendar validated",current TWSE issuer or official TWSE delisting record,READY
6426,TWSE,2018-01-02,2021-03-23,780,"Yahoo bootstrap, OHLC/calendar validated",current TWSE issuer or official TWSE delisting record,READY
6431,TWSE,2018-01-02,2026-08-19,2095,"Yahoo bootstrap, OHLC/calendar validated",current TWSE issuer or official TWSE delisting record,READY
6438,TWSE,2018-01-02,2021-01-18,742,"Yahoo bootstrap, OHLC/calendar validated",current TWSE issuer or official TWSE delisting record,READY
6442,TWSE,2018-01-02,2026-08-19,2095,"Yahoo bootstrap, OHLC/calendar validated",current TWSE issuer or official TWSE delisting record,READY
6443,TWSE,2018-01-02,2026-08-19,2095,"Yahoo bootstrap, OHLC/calendar validated",current TWSE issuer or official TWSE delisting record,READY
6446,TWSE,2018-01-02,2024-01-24,1476,"Yahoo bootstrap, OHLC/calendar validated",current TWSE issuer or official TWSE delisting record,READY
6449,TWSE,2018-01-02,2026-08-19,2095,"Yahoo bootstrap, OHLC/calendar validated",current TWSE issuer or official TWSE delisting record,READY
6451,TWSE,2018-01-02,2026-08-19,2095,"Yahoo bootstrap, OHLC/calendar validated",current TWSE issuer or official TWSE delisting record,READY
6452,TWSE,2018-01-02,2020-08-17,639,FinMind TaiwanStockPrice,current TWSE issuer or official TWSE delisting record,READY
6456,TWSE,2018-01-02,2026-08-19,2095,"Yahoo bootstrap, OHLC/calendar validated",current TWSE issuer or official TWSE delisting record,READY
6464,TWSE,2018-01-02,2026-08-19,2095,"Yahoo bootstrap, OHLC/calendar validated",current TWSE issuer or official TWSE delisting record,READY
6472,TWSE,2018-01-02,2023-12-18,1450,"Yahoo bootstrap, OHLC/calendar validated",current TWSE issuer or official TWSE delisting record,READY
6477,TWSE,2018-01-02,2026-08-19,2095,"Yahoo bootstrap, OHLC/calendar validated",current TWSE issuer or official TWSE delisting record,READY
6491,TWSE,2018-01-02,2026-08-19,2095,"Yahoo bootstrap, OHLC/calendar validated",current TWSE issuer or official TWSE delisting record,READY
6504,TWSE,2018-01-02,2026-08-19,2095,"Yahoo bootstrap, OHLC/calendar validated",current TWSE issuer or official TWSE delisting record,READY
6505,TWSE,2018-01-02,2026-08-19,2095,"Yahoo bootstrap, OHLC/calendar validated",current TWSE issuer or official TWSE delisting record,READY
6515,TWSE,2019-11-19,2026-08-19,1640,"Yahoo bootstrap, OHLC/calendar validated",current TWSE issuer or official TWSE delisting record,READY
6525,TWSE,2018-01-02,2026-08-19,2095,"Yahoo bootstrap, OHLC/calendar validated",current TWSE issuer or official TWSE delisting record,READY
6526,TWSE,2018-01-02,2026-08-19,2095,"Yahoo bootstrap, OHLC/calendar validated",current TWSE issuer or official TWSE delisting record,READY
6531,TWSE,2018-01-02,2026-08-19,2095,"Yahoo bootstrap, OHLC/calendar validated",current TWSE issuer or official TWSE delisting record,READY
6533,TWSE,2018-01-02,2026-08-19,2095,"Yahoo bootstrap, OHLC/calendar validated",current TWSE issuer or official TWSE delisting record,READY
6534,TWSE,2018-01-02,2026-08-19,2095,"Yahoo bootstrap, OHLC/calendar validated",current TWSE issuer or official TWSE delisting record,READY
6541,TWSE,2018-01-02,2026-08-19,2095,"Yahoo bootstrap, OHLC/calendar validated",current TWSE issuer or official TWSE delisting record,READY
6550,TWSE,2018-01-02,2026-08-19,2095,"Yahoo bootstrap, OHLC/calendar validated",current TWSE issuer or official TWSE delisting record,READY
6552,TWSE,2018-01-02,2026-08-19,2095,"Yahoo bootstrap, OHLC/calendar validated",current TWSE issuer or official TWSE delisting record,READY
6558,TWSE,2018-01-02,2026-08-19,2095,"Yahoo bootstrap, OHLC/calendar validated",current TWSE issuer or official TWSE delisting record,READY
6573,TWSE,2018-01-02,2026-08-19,2095,"Yahoo bootstrap, OHLC/calendar validated",current TWSE issuer or official TWSE delisting record,READY
6579,TWSE,2018-01-02,2026-08-19,2095,"Yahoo bootstrap, OHLC/calendar validated",current TWSE issuer or official TWSE delisting record,READY
6581,TWSE,2018-01-02,2026-08-19,2095,"Yahoo bootstrap, OHLC/calendar validated",current TWSE issuer or official TWSE delisting record,READY
6582,TWSE,2018-01-02,2026-08-19,2095,"Yahoo bootstrap, OHLC/calendar validated",current TWSE issuer or official TWSE delisting record,READY
6585,TWSE,2022-05-20,2026-08-20,1034,FinMind TaiwanStockPrice,current TWSE issuer or official TWSE delisting record,READY
6589,TWSE,2019-06-28,2025-07-18,1471,"Yahoo bootstrap, OHLC/calendar validated",current TWSE issuer or official TWSE delisting record,READY
6591,TWSE,2018-01-02,2026-08-19,2095,"Yahoo bootstrap, OHLC/calendar validated",current TWSE issuer or official TWSE delisting record,READY
6592,TWSE,2018-10-15,2026-08-19,1905,"Yahoo bootstrap, OHLC/calendar validated",current TWSE issuer or official TWSE delisting record,READY
6598,TWSE,2018-01-02,2026-08-19,2095,"Yahoo bootstrap, OHLC/calendar validated",current TWSE issuer or official TWSE delisting record,READY
6605,TWSE,2018-01-02,2026-08-19,2095,"Yahoo bootstrap, OHLC/calendar validated",current TWSE issuer or official TWSE delisting record,READY
6606,TWSE,2023-03-24,2026-08-20,828,FinMind TaiwanStockPrice,current TWSE issuer or official TWSE delisting record,READY
6614,TWSE,2024-09-03,2026-08-19,475,"Yahoo bootstrap, OHLC/calendar validated",current TWSE issuer or official TWSE delisting record,READY
6625,TWSE,2018-01-02,2026-08-19,2095,"Yahoo bootstrap, OHLC/calendar validated",current TWSE issuer or official TWSE delisting record,READY
6641,TWSE,2018-09-21,2026-08-19,1919,"Yahoo bootstrap, OHLC/calendar validated",current TWSE issuer or official TWSE delisting record,READY
6645,TWSE,2018-01-02,2026-08-19,2095,"Yahoo bootstrap, OHLC/calendar validated",current TWSE issuer or official TWSE delisting record,READY
6655,TWSE,2018-01-02,2026-08-19,2095,"Yahoo bootstrap, OHLC/calendar validated",current TWSE issuer or official TWSE delisting record,READY
6657,TWSE,2018-08-08,2026-08-19,1951,"Yahoo bootstrap, OHLC/calendar validated",current TWSE issuer or official TWSE delisting record,READY
6658,TWSE,2021-11-05,2026-08-19,1161,"Yahoo bootstrap, OHLC/calendar validated",current TWSE issuer or official TWSE delisting record,READY
6666,TWSE,2018-11-19,2026-08-19,1880,"Yahoo bootstrap, OHLC/calendar validated",current TWSE issuer or official TWSE delisting record,READY
6668,TWSE,2018-01-02,2026-08-19,2095,"Yahoo bootstrap, OHLC/calendar validated",current TWSE issuer or official TWSE delisting record,READY
6669,TWSE,2018-01-02,2026-08-19,2095,"Yahoo bootstrap, OHLC/calendar validated",current TWSE issuer or official TWSE delisting record,READY
6670,TWSE,2018-01-02,2026-08-19,2095,"Yahoo bootstrap, OHLC/calendar validated",current TWSE issuer or official TWSE delisting record,READY
6671,TWSE,2018-12-11,2026-08-19,1864,"Yahoo bootstrap, OHLC/calendar validated",current TWSE issuer or official TWSE delisting record,READY
6672,TWSE,2018-01-16,2026-08-19,2085,"Yahoo bootstrap, OHLC/calendar validated",current TWSE issuer or official TWSE delisting record,READY
6674,TWSE,2018-01-02,2026-08-19,2095,"Yahoo bootstrap, OHLC/calendar validated",current TWSE issuer or official TWSE delisting record,READY
6689,TWSE,2022-09-13,2026-08-20,954,FinMind TaiwanStockPrice,current TWSE issuer or official TWSE delisting record,READY
6691,TWSE,2018-08-08,2026-08-19,1951,"Yahoo bootstrap, OHLC/calendar validated",current TWSE issuer or official TWSE delisting record,READY
6695,TWSE,2018-12-28,2026-08-19,1851,"Yahoo bootstrap, OHLC/calendar validated",current TWSE issuer or official TWSE delisting record,READY
6698,TWSE,2018-10-17,2026-08-19,1903,"Yahoo bootstrap, OHLC/calendar validated",current TWSE issuer or official TWSE delisting record,READY
6706,TWSE,2018-11-19,2026-08-19,1880,"Yahoo bootstrap, OHLC/calendar validated",current TWSE issuer or official TWSE delisting record,READY
6715,TWSE,2018-11-15,2026-08-19,1882,"Yahoo bootstrap, OHLC/calendar validated",current TWSE issuer or official TWSE delisting record,READY
6719,TWSE,2022-01-14,2026-08-19,1112,"Yahoo bootstrap, OHLC/calendar validated",current TWSE issuer or official TWSE delisting record,READY
6722,TWSE,2023-05-16,2026-08-19,794,"Yahoo bootstrap, OHLC/calendar validated",current TWSE issuer or official TWSE delisting record,READY
6742,TWSE,2021-11-08,2026-08-19,1160,"Yahoo bootstrap, OHLC/calendar validated",current TWSE issuer or official TWSE delisting record,READY
6743,TWSE,2019-12-05,2026-08-19,1628,"Yahoo bootstrap, OHLC/calendar validated",current TWSE issuer or official TWSE delisting record,READY
6753,TWSE,2021-01-12,2026-08-19,1358,"Yahoo bootstrap, OHLC/calendar validated",current TWSE issuer or official TWSE delisting record,READY
6754,TWSE,2019-10-16,2026-08-19,1664,"Yahoo bootstrap, OHLC/calendar validated",current TWSE issuer or official TWSE delisting record,READY
6756,TWSE,2019-12-20,2026-08-19,1617,"Yahoo bootstrap, OHLC/calendar validated",current TWSE issuer or official TWSE delisting record,READY
6757,TWSE,2023-08-15,2026-08-20,733,FinMind TaiwanStockPrice,current TWSE issuer or official TWSE delisting record,READY
6768,TWSE,2021-04-22,2026-08-19,1297,"Yahoo bootstrap, OHLC/calendar validated",current TWSE issuer or official TWSE delisting record,READY
6770,TWSE,2020-12-09,2026-08-19,1381,"Yahoo bootstrap, OHLC/calendar validated",current TWSE issuer or official TWSE delisting record,READY
6771,TWSE,2024-05-17,2026-08-20,550,FinMind TaiwanStockPrice,current TWSE issuer or official TWSE delisting record,READY
6776,TWSE,2020-03-25,2026-08-19,1558,"Yahoo bootstrap, OHLC/calendar validated",current TWSE issuer or official TWSE delisting record,READY
6781,TWSE,2021-03-22,2026-08-19,1317,"Yahoo bootstrap, OHLC/calendar validated",current TWSE issuer or official TWSE delisting record,READY
6782,TWSE,2020-08-14,2026-08-19,1461,"Yahoo bootstrap, OHLC/calendar validated",current TWSE issuer or official TWSE delisting record,READY
6789,TWSE,2021-04-07,2026-08-19,1308,"Yahoo bootstrap, OHLC/calendar validated",current TWSE issuer or official TWSE delisting record,READY
6790,TWSE,2020-10-27,2026-08-19,1412,"Yahoo bootstrap, OHLC/calendar validated",current TWSE issuer or official TWSE delisting record,READY
6792,TWSE,2021-12-08,2026-08-20,1139,FinMind TaiwanStockPrice,current TWSE issuer or official TWSE delisting record,READY
6794,TWSE,2020-12-25,2026-08-19,1369,"Yahoo bootstrap, OHLC/calendar validated",current TWSE issuer or official TWSE delisting record,READY
6796,TWSE,2021-04-16,2026-08-19,1301,"Yahoo bootstrap, OHLC/calendar validated",current TWSE issuer or official TWSE delisting record,READY
6799,TWSE,2020-11-27,2026-08-19,1389,"Yahoo bootstrap, OHLC/calendar validated",current TWSE issuer or official TWSE delisting record,READY
6805,TWSE,2020-11-20,2026-08-19,1394,"Yahoo bootstrap, OHLC/calendar validated",current TWSE issuer or official TWSE delisting record,READY
6806,TWSE,2021-11-10,2026-06-22,1114,FinMind TaiwanStockPrice,current TWSE issuer or official TWSE delisting record,READY
6807,TWSE,2022-04-25,2026-08-19,1051,"Yahoo bootstrap, OHLC/calendar validated",current TWSE issuer or official TWSE delisting record,READY
6830,TWSE,2021-07-27,2026-08-19,1231,"Yahoo bootstrap, OHLC/calendar validated",current TWSE issuer or official TWSE delisting record,READY
6831,TWSE,2021-08-11,2026-08-19,1220,"Yahoo bootstrap, OHLC/calendar validated",current TWSE issuer or official TWSE delisting record,READY
6834,TWSE,2021-08-25,2026-08-19,1210,"Yahoo bootstrap, OHLC/calendar validated",current TWSE issuer or official TWSE delisting record,READY
6835,TWSE,2021-08-04,2026-08-19,1225,"Yahoo bootstrap, OHLC/calendar validated",current TWSE issuer or official TWSE delisting record,READY
6838,TWSE,2021-10-07,2026-08-19,1181,"Yahoo bootstrap, OHLC/calendar validated",current TWSE issuer or official TWSE delisting record,READY
6854,TWSE,2022-08-19,2026-08-19,969,"Yahoo bootstrap, OHLC/calendar validated",current TWSE issuer or official TWSE delisting record,READY
6861,TWSE,2021-11-30,2026-08-19,1144,"Yahoo bootstrap, OHLC/calendar validated",current TWSE issuer or official TWSE delisting record,READY
6862,TWSE,2024-10-23,2026-08-19,443,"Yahoo bootstrap, OHLC/calendar validated",current TWSE issuer or official TWSE delisting record,READY
6863,TWSE,2023-03-23,2026-08-19,828,"Yahoo bootstrap, OHLC/calendar validated",current TWSE issuer or official TWSE delisting record,READY
6869,TWSE,2022-01-19,2026-08-19,1109,"Yahoo bootstrap, OHLC/calendar validated",current TWSE issuer or official TWSE delisting record,READY
6873,TWSE,2021-12-28,2026-08-19,1124,"Yahoo bootstrap, OHLC/calendar validated",current TWSE issuer or official TWSE delisting record,READY
6885,TWSE,2022-06-24,2026-08-19,1009,"Yahoo bootstrap, OHLC/calendar validated",current TWSE issuer or official TWSE delisting record,READY
6887,TWSE,2025-03-13,2026-08-19,352,"Yahoo bootstrap, OHLC/calendar validated",current TWSE issuer or official TWSE delisting record,READY
6890,TWSE,2024-06-12,2026-08-19,532,"Yahoo bootstrap, OHLC/calendar validated",current TWSE issuer or official TWSE delisting record,READY
6901,TWSE,2022-07-25,2026-08-19,988,"Yahoo bootstrap, OHLC/calendar validated",current TWSE issuer or official TWSE delisting record,READY
6902,TWSE,2023-07-18,2026-08-19,751,"Yahoo bootstrap, OHLC/calendar validated",current TWSE issuer or official TWSE delisting record,READY
6906,TWSE,2022-12-15,2026-08-19,887,"Yahoo bootstrap, OHLC/calendar validated",current TWSE issuer or official TWSE delisting record,READY
6908,TWSE,2022-09-13,2026-08-19,953,"Yahoo bootstrap, OHLC/calendar validated",current TWSE issuer or official TWSE delisting record,READY
6909,TWSE,2023-03-30,2026-08-19,823,"Yahoo bootstrap, OHLC/calendar validated",current TWSE issuer or official TWSE delisting record,READY
6914,TWSE,2023-01-06,2026-08-19,872,"Yahoo bootstrap, OHLC/calendar validated",current TWSE issuer or official TWSE delisting record,READY
6916,TWSE,2022-10-31,2026-08-19,920,"Yahoo bootstrap, OHLC/calendar validated",current TWSE issuer or official TWSE delisting record,READY
6918,TWSE,2023-01-06,2026-08-19,872,"Yahoo bootstrap, OHLC/calendar validated",current TWSE issuer or official TWSE delisting record,READY
6919,TWSE,2024-10-04,2026-08-20,451,FinMind TaiwanStockPrice,current TWSE issuer or official TWSE delisting record,READY
6921,TWSE,2025-12-24,2026-08-19,157,"Yahoo bootstrap, OHLC/calendar validated",current TWSE issuer or official TWSE delisting record,READY
6923,TWSE,2023-03-30,2026-08-19,823,"Yahoo bootstrap, OHLC/calendar validated",current TWSE issuer or official TWSE delisting record,READY
6924,TWSE,2024-12-06,2026-08-19,412,"Yahoo bootstrap, OHLC/calendar validated",current TWSE issuer or official TWSE delisting record,READY
6928,TWSE,2023-05-03,2026-08-19,803,"Yahoo bootstrap, OHLC/calendar validated",current TWSE issuer or official TWSE delisting record,READY
6931,TWSE,2022-12-27,2026-08-19,879,"Yahoo bootstrap, OHLC/calendar validated",current TWSE issuer or official TWSE delisting record,READY
6933,TWSE,2023-11-08,2026-08-19,674,"Yahoo bootstrap, OHLC/calendar validated",current TWSE issuer or official TWSE delisting record,READY
6934,TWSE,2024-06-25,2026-08-19,523,"Yahoo bootstrap, OHLC/calendar validated",current TWSE issuer or official TWSE delisting record,READY
6936,TWSE,2023-03-24,2026-08-19,827,"Yahoo bootstrap, OHLC/calendar validated",current TWSE issuer or official TWSE delisting record,READY
6937,TWSE,2023-03-30,2026-08-19,823,"Yahoo bootstrap, OHLC/calendar validated",current TWSE issuer or official TWSE delisting record,READY
6944,TWSE,2023-04-27,2026-08-19,806,"Yahoo bootstrap, OHLC/calendar validated",current TWSE issuer or official TWSE delisting record,READY
6947,TWSE,2023-07-26,2026-08-19,745,"Yahoo bootstrap, OHLC/calendar validated",current TWSE issuer or official TWSE delisting record,READY
6949,TWSE,2024-03-08,2026-08-19,596,"Yahoo bootstrap, OHLC/calendar validated",current TWSE issuer or official TWSE delisting record,READY
6951,TWSE,2023-05-24,2026-08-19,788,"Yahoo bootstrap, OHLC/calendar validated",current TWSE issuer or official TWSE delisting record,READY
6952,TWSE,2024-06-13,2026-08-20,530,FinMind TaiwanStockPrice,current TWSE issuer or official TWSE delisting record,READY
6955,TWSE,2023-07-26,2026-08-19,745,"Yahoo bootstrap, OHLC/calendar validated",current TWSE issuer or official TWSE delisting record,READY
6957,TWSE,2024-06-27,2026-08-19,521,"Yahoo bootstrap, OHLC/calendar validated",current TWSE issuer or official TWSE delisting record,READY
6958,TWSE,2023-06-27,2026-08-19,766,"Yahoo bootstrap, OHLC/calendar validated",current TWSE issuer or official TWSE delisting record,READY
6962,TWSE,2024-11-26,2026-08-19,420,"Yahoo bootstrap, OHLC/calendar validated",current TWSE issuer or official TWSE delisting record,READY
6965,TWSE,2025-03-07,2026-08-19,356,"Yahoo bootstrap, OHLC/calendar validated",current TWSE issuer or official TWSE delisting record,READY
6969,TWSE,2024-09-09,2026-08-19,471,"Yahoo bootstrap, OHLC/calendar validated",current TWSE issuer or official TWSE delisting record,READY
6988,TWSE,2024-10-23,2026-08-19,443,"Yahoo bootstrap, OHLC/calendar validated",current TWSE issuer or official TWSE delisting record,READY
6994,TWSE,2023-12-21,2026-08-19,643,"Yahoo bootstrap, OHLC/calendar validated",current TWSE issuer or official TWSE delisting record,READY
7610,TWSE,2025-09-09,2026-08-20,229,FinMind TaiwanStockPrice,current TWSE issuer or official TWSE delisting record,READY
7631,TWSE,2023-12-27,2026-08-19,639,"Yahoo bootstrap, OHLC/calendar validated",current TWSE issuer or official TWSE delisting record,READY
7689,TWSE,2025-10-07,2026-08-19,211,"Yahoo bootstrap, OHLC/calendar validated",current TWSE issuer or official TWSE delisting record,READY
7705,TWSE,2023-12-22,2026-08-19,642,"Yahoo bootstrap, OHLC/calendar validated",current TWSE issuer or official TWSE delisting record,READY
7711,TWSE,2025-11-20,2026-08-19,181,"Yahoo bootstrap, OHLC/calendar validated",current TWSE issuer or official TWSE delisting record,READY
7721,TWSE,2023-12-27,2026-08-19,639,"Yahoo bootstrap, OHLC/calendar validated",current TWSE issuer or official TWSE delisting record,READY
7722,TWSE,2024-12-05,2026-08-20,414,FinMind TaiwanStockPrice,current TWSE issuer or official TWSE delisting record,READY
7730,TWSE,2024-03-19,2026-08-19,589,"Yahoo bootstrap, OHLC/calendar validated",current TWSE issuer or official TWSE delisting record,READY
7732,TWSE,2024-03-13,2026-08-19,593,"Yahoo bootstrap, OHLC/calendar validated",current TWSE issuer or official TWSE delisting record,READY
7736,TWSE,2025-03-18,2026-08-20,350,FinMind TaiwanStockPrice,current TWSE issuer or official TWSE delisting record,READY
7740,TWSE,2024-10-17,2026-08-19,447,"Yahoo bootstrap, OHLC/calendar validated",current TWSE issuer or official TWSE delisting record,READY
7749,TWSE,2025-06-13,2026-08-19,290,"Yahoo bootstrap, OHLC/calendar validated",current TWSE issuer or official TWSE delisting record,READY
7750,TWSE,2024-06-18,2026-08-19,528,"Yahoo bootstrap, OHLC/calendar validated",current TWSE issuer or official TWSE delisting record,READY
7760,TWSE,2024-11-08,2026-08-19,432,"Yahoo bootstrap, OHLC/calendar validated",current TWSE issuer or official TWSE delisting record,READY
7765,TWSE,2024-08-20,2026-08-19,485,"Yahoo bootstrap, OHLC/calendar validated",current TWSE issuer or official TWSE delisting record,READY
7768,TWSE,2025-04-01,2026-08-19,339,"Yahoo bootstrap, OHLC/calendar validated",current TWSE issuer or official TWSE delisting record,READY
7769,TWSE,2024-11-01,2026-08-19,437,"Yahoo bootstrap, OHLC/calendar validated",current TWSE issuer or official TWSE delisting record,READY
7780,TWSE,2024-10-28,2026-08-19,440,"Yahoo bootstrap, OHLC/calendar validated",current TWSE issuer or official TWSE delisting record,READY
7786,TWSE,2024-10-25,2026-08-19,441,"Yahoo bootstrap, OHLC/calendar validated",current TWSE issuer or official TWSE delisting record,READY
7788,TWSE,2024-10-30,2026-08-19,438,"Yahoo bootstrap, OHLC/calendar validated",current TWSE issuer or official TWSE delisting record,READY
7791,TWSE,2025-10-28,2026-08-19,198,"Yahoo bootstrap, OHLC/calendar validated",current TWSE issuer or official TWSE delisting record,READY
7795,TWSE,2024-12-09,2026-08-19,411,"Yahoo bootstrap, OHLC/calendar validated",current TWSE issuer or official TWSE delisting record,READY
7799,TWSE,2025-09-15,2026-08-19,225,"Yahoo bootstrap, OHLC/calendar validated",current TWSE issuer or official TWSE delisting record,READY
7803,TWSE,2026-05-20,2026-08-19,65,"Yahoo bootstrap, OHLC/calendar validated",current TWSE issuer or official TWSE delisting record,EXCLUDE_INSUFFICIENT_HISTORY
7818,TWSE,2025-02-07,2026-08-19,375,"Yahoo bootstrap, OHLC/calendar validated",current TWSE issuer or official TWSE delisting record,READY
7821,TWSE,2025-03-31,2026-08-19,340,"Yahoo bootstrap, OHLC/calendar validated",current TWSE issuer or official TWSE delisting record,READY
7822,TWSE,2025-03-27,2026-08-19,342,"Yahoo bootstrap, OHLC/calendar validated",current TWSE issuer or official TWSE delisting record,READY
7823,TWSE,2026-02-05,2026-08-19,128,"Yahoo bootstrap, OHLC/calendar validated",current TWSE issuer or official TWSE delisting record,READY
7827,TWSE,2026-05-29,2026-08-20,58,FinMind TaiwanStockPrice,current TWSE issuer or official TWSE delisting record,EXCLUDE_INSUFFICIENT_HISTORY
7835,TWSE,2026-07-24,2026-08-19,19,"Yahoo bootstrap, OHLC/calendar validated",current TWSE issuer or official TWSE delisting record,EXCLUDE_INSUFFICIENT_HISTORY
7855,TWSE,2025-09-26,2026-08-20,210,"Yahoo bootstrap, OHLC/calendar validated",current TWSE issuer or official TWSE delisting record,READY
8011,TWSE,2018-01-02,2026-08-19,2095,"Yahoo bootstrap, OHLC/calendar validated",current TWSE issuer or official TWSE delisting record,READY
8016,TWSE,2018-01-02,2026-08-19,2095,"Yahoo bootstrap, OHLC/calendar validated",current TWSE issuer or official TWSE delisting record,READY
8021,TWSE,2018-01-02,2026-08-19,2095,"Yahoo bootstrap, OHLC/calendar validated",current TWSE issuer or official TWSE delisting record,READY
8028,TWSE,2018-01-02,2026-08-19,2095,"Yahoo bootstrap, OHLC/calendar validated",current TWSE issuer or official TWSE delisting record,READY
8033,TWSE,2018-01-02,2026-08-19,2095,"Yahoo bootstrap, OHLC/calendar validated",current TWSE issuer or official TWSE delisting record,READY
8039,TWSE,2018-01-02,2026-08-19,2095,"Yahoo bootstrap, OHLC/calendar validated",current TWSE issuer or official TWSE delisting record,READY
8045,TWSE,2018-01-02,2026-08-19,2095,"Yahoo bootstrap, OHLC/calendar validated",current TWSE issuer or official TWSE delisting record,READY
8046,TWSE,2018-01-02,2026-08-19,2095,"Yahoo bootstrap, OHLC/calendar validated",current TWSE issuer or official TWSE delisting record,READY
8070,TWSE,2018-01-02,2026-08-19,2095,"Yahoo bootstrap, OHLC/calendar validated",current TWSE issuer or official TWSE delisting record,READY
8072,TWSE,2018-01-02,2026-08-19,2095,"Yahoo bootstrap, OHLC/calendar validated",current TWSE issuer or official TWSE delisting record,READY
8081,TWSE,2018-01-02,2026-08-19,2095,"Yahoo bootstrap, OHLC/calendar validated",current TWSE issuer or official TWSE delisting record,READY
8101,TWSE,2018-01-02,2026-08-19,2095,"Yahoo bootstrap, OHLC/calendar validated",current TWSE issuer or official TWSE delisting record,READY
8103,TWSE,2018-01-02,2026-08-19,2095,"Yahoo bootstrap, OHLC/calendar validated",current TWSE issuer or official TWSE delisting record,READY
8104,TWSE,2018-01-02,2026-08-19,2095,"Yahoo bootstrap, OHLC/calendar validated",current TWSE issuer or official TWSE delisting record,READY
8105,TWSE,2018-01-02,2026-08-19,2095,"Yahoo bootstrap, OHLC/calendar validated",current TWSE issuer or official TWSE delisting record,READY
8110,TWSE,2018-01-02,2026-08-19,2095,"Yahoo bootstrap, OHLC/calendar validated",current TWSE issuer or official TWSE delisting record,READY
8112,TWSE,2018-01-02,2026-08-19,2095,"Yahoo bootstrap, OHLC/calendar validated",current TWSE issuer or official TWSE delisting record,READY
8114,TWSE,2018-01-02,2026-08-19,2095,"Yahoo bootstrap, OHLC/calendar validated",current TWSE issuer or official TWSE delisting record,READY
8131,TWSE,2018-01-02,2026-08-19,2095,"Yahoo bootstrap, OHLC/calendar validated",current TWSE issuer or official TWSE delisting record,READY
8150,TWSE,2018-01-02,2026-08-19,2095,"Yahoo bootstrap, OHLC/calendar validated",current TWSE issuer or official TWSE delisting record,READY
8162,TWSE,2022-09-26,2026-08-19,944,"Yahoo bootstrap, OHLC/calendar validated",current TWSE issuer or official TWSE delisting record,READY
8163,TWSE,2018-01-02,2026-08-19,2095,"Yahoo bootstrap, OHLC/calendar validated",current TWSE issuer or official TWSE delisting record,READY
8201,TWSE,2018-01-02,2026-08-19,2095,"Yahoo bootstrap, OHLC/calendar validated",current TWSE issuer or official TWSE delisting record,READY
8210,TWSE,2018-01-02,2026-08-19,2095,"Yahoo bootstrap, OHLC/calendar validated",current TWSE issuer or official TWSE delisting record,READY
8213,TWSE,2018-01-02,2026-08-19,2095,"Yahoo bootstrap, OHLC/calendar validated",current TWSE issuer or official TWSE delisting record,READY
8215,TWSE,2018-01-02,2026-08-19,2095,"Yahoo bootstrap, OHLC/calendar validated",current TWSE issuer or official TWSE delisting record,READY
8222,TWSE,2018-01-02,2026-08-19,2095,"Yahoo bootstrap, OHLC/calendar validated",current TWSE issuer or official TWSE delisting record,READY
8249,TWSE,2018-01-02,2026-08-19,2095,"Yahoo bootstrap, OHLC/calendar validated",current TWSE issuer or official TWSE delisting record,READY
8261,TWSE,2018-01-02,2026-08-19,2095,"Yahoo bootstrap, OHLC/calendar validated",current TWSE issuer or official TWSE delisting record,READY
8271,TWSE,2018-01-02,2026-08-19,2095,"Yahoo bootstrap, OHLC/calendar validated",current TWSE issuer or official TWSE delisting record,READY
8341,TWSE,2018-01-02,2026-08-19,2095,"Yahoo bootstrap, OHLC/calendar validated",current TWSE issuer or official TWSE delisting record,READY
8367,TWSE,2018-01-02,2026-08-19,2095,"Yahoo bootstrap, OHLC/calendar validated",current TWSE issuer or official TWSE delisting record,READY
8374,TWSE,2018-01-02,2026-08-19,2095,"Yahoo bootstrap, OHLC/calendar validated",current TWSE issuer or official TWSE delisting record,READY
8404,TWSE,2018-01-02,2026-08-19,2095,"Yahoo bootstrap, OHLC/calendar validated",current TWSE issuer or official TWSE delisting record,READY
8411,TWSE,2018-01-02,2026-08-19,2095,"Yahoo bootstrap, OHLC/calendar validated",current TWSE issuer or official TWSE delisting record,READY
8422,TWSE,2018-01-02,2026-08-19,2095,"Yahoo bootstrap, OHLC/calendar validated",current TWSE issuer or official TWSE delisting record,READY
8427,TWSE,2018-01-02,2022-02-23,872,FinMind TaiwanStockPrice,current TWSE issuer or official TWSE delisting record,READY
8429,TWSE,2018-01-02,2026-08-19,2095,"Yahoo bootstrap, OHLC/calendar validated",current TWSE issuer or official TWSE delisting record,READY
8438,TWSE,2018-01-02,2026-08-19,2095,"Yahoo bootstrap, OHLC/calendar validated",current TWSE issuer or official TWSE delisting record,READY
8442,TWSE,2018-01-02,2026-08-19,2095,"Yahoo bootstrap, OHLC/calendar validated",current TWSE issuer or official TWSE delisting record,READY
8443,TWSE,2018-01-02,2026-08-19,2095,"Yahoo bootstrap, OHLC/calendar validated",current TWSE issuer or official TWSE delisting record,READY
8454,TWSE,2018-01-02,2026-08-19,2095,"Yahoo bootstrap, OHLC/calendar validated",current TWSE issuer or official TWSE delisting record,READY
8462,TWSE,2018-01-02,2019-03-14,288,"Yahoo bootstrap, OHLC/calendar validated",current TWSE issuer or official TWSE delisting record,READY
8463,TWSE,2018-01-02,2026-08-19,2095,"Yahoo bootstrap, OHLC/calendar validated",current TWSE issuer or official TWSE delisting record,READY
8464,TWSE,2018-01-02,2026-08-19,2095,"Yahoo bootstrap, OHLC/calendar validated",current TWSE issuer or official TWSE delisting record,READY
8466,TWSE,2018-01-02,2026-08-19,2095,"Yahoo bootstrap, OHLC/calendar validated",current TWSE issuer or official TWSE delisting record,READY
8467,TWSE,2018-01-02,2026-08-19,2095,"Yahoo bootstrap, OHLC/calendar validated",current TWSE issuer or official TWSE delisting record,READY
8473,TWSE,2018-01-02,2026-08-19,2095,"Yahoo bootstrap, OHLC/calendar validated",current TWSE issuer or official TWSE delisting record,READY
8476,TWSE,2018-01-02,2023-10-30,1409,"Yahoo bootstrap, OHLC/calendar validated",current TWSE issuer or official TWSE delisting record,READY
8478,TWSE,2018-01-02,2026-08-19,2095,"Yahoo bootstrap, OHLC/calendar validated",current TWSE issuer or official TWSE delisting record,READY
8480,TWSE,2018-01-02,2022-12-14,1125,FinMind TaiwanStockPrice,current TWSE issuer or official TWSE delisting record,READY
8481,TWSE,2018-01-02,2026-08-19,2095,"Yahoo bootstrap, OHLC/calendar validated",current TWSE issuer or official TWSE delisting record,READY
8482,TWSE,2018-08-15,2026-08-20,1879,FinMind TaiwanStockPrice,current TWSE issuer or official TWSE delisting record,READY
8487,TWSE,2018-01-02,2026-08-19,2095,"Yahoo bootstrap, OHLC/calendar validated",current TWSE issuer or official TWSE delisting record,READY
8488,TWSE,2018-01-02,2026-08-19,2095,"Yahoo bootstrap, OHLC/calendar validated",current TWSE issuer or official TWSE delisting record,READY
8497,TWSE,2018-03-08,2020-10-21,612,FinMind TaiwanStockPrice,current TWSE issuer or official TWSE delisting record,READY
8499,TWSE,2018-01-02,2026-08-19,2095,"Yahoo bootstrap, OHLC/calendar validated",current TWSE issuer or official TWSE delisting record,READY
8926,TWSE,2018-01-02,2026-08-19,2095,"Yahoo bootstrap, OHLC/calendar validated",current TWSE issuer or official TWSE delisting record,READY
8940,TWSE,2018-01-02,2026-08-19,2095,"Yahoo bootstrap, OHLC/calendar validated",current TWSE issuer or official TWSE delisting record,READY
8996,TWSE,2018-01-02,2026-08-19,2095,"Yahoo bootstrap, OHLC/calendar validated",current TWSE issuer or official TWSE delisting record,READY
9103,TWSE,2018-01-02,2026-08-19,2095,"Yahoo bootstrap, OHLC/calendar validated",current TWSE issuer or official TWSE delisting record,READY
9105,TWSE,2018-01-02,2026-08-19,2095,"Yahoo bootstrap, OHLC/calendar validated",current TWSE issuer or official TWSE delisting record,READY
9110,TWSE,2018-01-02,2026-08-19,2095,"Yahoo bootstrap, OHLC/calendar validated",current TWSE issuer or official TWSE delisting record,READY
9136,TWSE,2018-01-02,2026-08-19,2095,"Yahoo bootstrap, OHLC/calendar validated",current TWSE issuer or official TWSE delisting record,READY
9157,TWSE,2018-01-02,2019-11-11,435,FinMind TaiwanStockPrice,current TWSE issuer or official TWSE delisting record,READY
9188,TWSE,2018-01-02,2022-03-03,981,FinMind TaiwanStockPrice,current TWSE issuer or official TWSE delisting record,READY
9802,TWSE,2018-01-02,2026-08-19,2095,"Yahoo bootstrap, OHLC/calendar validated",current TWSE issuer or official TWSE delisting record,READY
9902,TWSE,2018-01-02,2026-08-19,2095,"Yahoo bootstrap, OHLC/calendar validated",current TWSE issuer or official TWSE delisting record,READY
9904,TWSE,2018-01-02,2026-08-19,2095,"Yahoo bootstrap, OHLC/calendar validated",current TWSE issuer or official TWSE delisting record,READY
9905,TWSE,2018-01-02,2026-08-19,2095,"Yahoo bootstrap, OHLC/calendar validated",current TWSE issuer or official TWSE delisting record,READY
9906,TWSE,2018-01-02,2026-08-19,2095,"Yahoo bootstrap, OHLC/calendar validated",current TWSE issuer or official TWSE delisting record,READY
9907,TWSE,2018-01-02,2026-08-19,2095,"Yahoo bootstrap, OHLC/calendar validated",current TWSE issuer or official TWSE delisting record,READY
9908,TWSE,2018-01-02,2026-08-19,2095,"Yahoo bootstrap, OHLC/calendar validated",current TWSE issuer or official TWSE delisting record,READY
9910,TWSE,2018-01-02,2026-08-19,2095,"Yahoo bootstrap, OHLC/calendar validated",current TWSE issuer or official TWSE delisting record,READY
9911,TWSE,2018-01-02,2026-08-19,2095,"Yahoo bootstrap, OHLC/calendar validated",current TWSE issuer or official TWSE delisting record,READY
9912,TWSE,2018-01-02,2026-08-19,2095,"Yahoo bootstrap, OHLC/calendar validated",current TWSE issuer or official TWSE delisting record,READY
9914,TWSE,2018-01-02,2026-08-19,2095,"Yahoo bootstrap, OHLC/calendar validated",current TWSE issuer or official TWSE delisting record,READY
9917,TWSE,2018-01-02,2026-08-19,2095,"Yahoo bootstrap, OHLC/calendar validated",current TWSE issuer or official TWSE delisting record,READY
9918,TWSE,2018-01-02,2026-08-19,2095,"Yahoo bootstrap, OHLC/calendar validated",current TWSE issuer or official TWSE delisting record,READY
9919,TWSE,2018-01-02,2026-08-19,2095,"Yahoo bootstrap, OHLC/calendar validated",current TWSE issuer or official TWSE delisting record,READY
9921,TWSE,2018-01-02,2026-08-19,2095,"Yahoo bootstrap, OHLC/calendar validated",current TWSE issuer or official TWSE delisting record,READY
9924,TWSE,2018-01-02,2026-08-19,2095,"Yahoo bootstrap, OHLC/calendar validated",current TWSE issuer or official TWSE delisting record,READY
9925,TWSE,2018-01-02,2026-08-19,2095,"Yahoo bootstrap, OHLC/calendar validated",current TWSE issuer or official TWSE delisting record,READY
9926,TWSE,2018-01-02,2026-08-19,2095,"Yahoo bootstrap, OHLC/calendar validated",current TWSE issuer or official TWSE delisting record,READY
9927,TWSE,2018-01-02,2026-08-19,2095,"Yahoo bootstrap, OHLC/calendar validated",current TWSE issuer or official TWSE delisting record,READY
9928,TWSE,2018-01-02,2026-08-19,2095,"Yahoo bootstrap, OHLC/calendar validated",current TWSE issuer or official TWSE delisting record,READY
9929,TWSE,2018-01-02,2026-08-19,2095,"Yahoo bootstrap, OHLC/calendar validated",current TWSE issuer or official TWSE delisting record,READY
9930,TWSE,2018-01-02,2026-08-19,2095,"Yahoo bootstrap, OHLC/calendar validated",current TWSE issuer or official TWSE delisting record,READY
9931,TWSE,2018-01-02,2026-08-19,2095,"Yahoo bootstrap, OHLC/calendar validated",current TWSE issuer or official TWSE delisting record,READY
9933,TWSE,2018-01-02,2026-08-19,2095,"Yahoo bootstrap, OHLC/calendar validated",current TWSE issuer or official TWSE delisting record,READY
9934,TWSE,2018-01-02,2026-08-19,2095,"Yahoo bootstrap, OHLC/calendar validated",current TWSE issuer or official TWSE delisting record,READY
9935,TWSE,2018-01-02,2026-08-19,2095,"Yahoo bootstrap, OHLC/calendar validated",current TWSE issuer or official TWSE delisting record,READY
9937,TWSE,2018-01-02,2026-08-19,2095,"Yahoo bootstrap, OHLC/calendar validated",current TWSE issuer or official TWSE delisting record,READY
9938,TWSE,2018-01-02,2026-08-19,2095,"Yahoo bootstrap, OHLC/calendar validated",current TWSE issuer or official TWSE delisting record,READY
9939,TWSE,2018-01-02,2026-08-19,2095,"Yahoo bootstrap, OHLC/calendar validated",current TWSE issuer or official TWSE delisting record,READY
9940,TWSE,2018-01-02,2026-08-19,2095,"Yahoo bootstrap, OHLC/calendar validated",current TWSE issuer or official TWSE delisting record,READY
9941,TWSE,2018-01-02,2026-08-19,2095,"Yahoo bootstrap, OHLC/calendar validated",current TWSE issuer or official TWSE delisting record,READY
9942,TWSE,2018-01-02,2026-08-19,2095,"Yahoo bootstrap, OHLC/calendar validated",current TWSE issuer or official TWSE delisting record,READY
9943,TWSE,2018-01-02,2026-08-19,2095,"Yahoo bootstrap, OHLC/calendar validated",current TWSE issuer or official TWSE delisting record,READY
9944,TWSE,2018-01-02,2026-08-19,2095,"Yahoo bootstrap, OHLC/calendar validated",current TWSE issuer or official TWSE delisting record,READY
9945,TWSE,2018-01-02,2026-08-20,2086,FinMind TaiwanStockPrice,current TWSE issuer or official TWSE delisting record,READY
9946,TWSE,2018-01-02,2026-08-19,2095,"Yahoo bootstrap, OHLC/calendar validated",current TWSE issuer or official TWSE delisting record,READY
9955,TWSE,2018-01-02,2026-08-19,2095,"Yahoo bootstrap, OHLC/calendar validated",current TWSE issuer or official TWSE delisting record,READY
9958,TWSE,2018-01-02,2026-08-20,2100,FinMind TaiwanStockPrice,current TWSE issuer or official TWSE delisting record,READY
