date,symbol,close,oscillation_score,low_score,historical_events,mr_probability,regime_risk_score,final_score,candidate,rejection_reason
2026-08-19,1101,24.049999237060547,73.91445970286117,0.0,13,0.07692307692307693,20.0,36.482030218550655,False,LOW_ZONE
2026-08-19,1102,33.79999923706055,66.87887930914992,0.0,14,0.2857142857142857,20.0,40.635092364173545,False,LOW_ZONE
2026-08-19,1103,13.050000190734863,58.1685017513849,44.85892306123229,21,0.14285714285714285,20.0,44.950995576437826,False,LIQUIDITY
2026-08-19,1104,26.399999618530273,53.65692377188462,70.85778590712243,16,0.1875,20.0,51.43652360834599,False,LIQUIDITY
2026-08-19,1108,11.699999809265137,25.810237424785562,86.38035893991265,18,0.2222222222222222,50.0,43.504827629080495,False,LIQUIDITY
2026-08-19,1109,13.550000190734863,31.656204890401817,60.6407702439164,9,0.3333333333333333,50.0,42.157054028099644,False,LIQUIDITY
2026-08-19,1110,15.899999618530273,54.69676622616675,1.8984916129347718,36,0.3611111111111111,20.0,39.716986104417046,False,LIQUIDITY
2026-08-19,1201,12.300000190734863,56.30541770673308,0.0,11,0.2727272727272727,20.0,37.0734434938381,False,LIQUIDITY
2026-08-19,1203,42.79999923706055,97.87149633445685,53.38824867135982,12,0.16666666666666666,20.0,59.708511068177,False,LIQUIDITY
2026-08-19,1210,52.79999923706055,58.42271125260885,32.44164166003711,10,0.2,20.0,43.637223790791936,False,OSCILLATION
2026-08-19,1213,7.300000190734863,73.98431738995512,32.178349622551124,67,0.373134328358209,50.0,48.93391247337058,False,OFFICIAL_STATUS
2026-08-19,1215,109.0,35.0,15.696202531645568,13,0.3076923076923077,50.0,31.154819863680622,False,OSCILLATION
2026-08-19,1216,77.5,57.34197873629833,0.0,9,0.3333333333333333,20.0,39.202593620889495,False,OSCILLATION
2026-08-19,1217,9.930000305175781,40.28193247943548,0.0,20,0.2,20.0,30.084579743830645,False,LIQUIDITY
2026-08-19,1218,14.25,35.71190515722872,95.33737146234894,25,0.28,50.0,50.44791441275585,False,LIQUIDITY
2026-08-19,1219,11.0,59.42535247584587,29.18977402832706,14,0.21428571428571427,50.0,39.05362067840696,False,LIQUIDITY
2026-08-19,1220,10.899999618530273,24.744122499757005,90.63699381251413,17,0.11764705882352941,20.0,45.61189696776152,False,LIQUIDITY
2026-08-19,1225,24.0,56.94106371739497,69.53376132319657,36,0.3611111111111111,50.0,52.79909277935096,False,LIQUIDITY
2026-08-19,1227,28.899999618530273,56.26517704252243,0.0,8,0.125,20.0,32.629553112756724,False,OSCILLATION
2026-08-19,1229,41.45000076293945,66.64464507168901,0.0,9,0.2222222222222222,20.0,38.66006018817337,False,LOW_ZONE
2026-08-19,1231,83.9000015258789,41.76780587073738,0.0,9,0.4444444444444444,20.0,37.863675094554544,False,OSCILLATION
2026-08-19,1232,155.0,62.88024164889836,0.0,4,0.0,20.0,30.864072494669507,False,LIQUIDITY
2026-08-19,1233,27.549999237060547,53.67888278960193,68.38451139383238,1,0.0,20.0,45.19979268533868,False,LIQUIDITY
2026-08-19,1234,33.25,55.61403236209816,51.08454722556689,0,,20.0,41.45534651502117,False,LIQUIDITY
2026-08-19,1235,35.099998474121094,59.72021744529424,82.52241825957621,29,0.4827586206896552,50.0,60.52942841917198,False,LIQUIDITY
2026-08-19,1236,25.350000381469727,61.59681525633131,0.0,21,0.42857142857142855,20.0,43.33618743404225,False,LIQUIDITY
2026-08-19,1240,57.1,57.695852534562206,0.0,15,0.06666666666666667,20.0,31.308755760368662,False,LIQUIDITY
2026-08-19,1256,176.0,84.969727811149,52.31089331310222,38,0.47368421052631576,20.0,64.77916798740972,False,LIQUIDITY
2023-05-31,1258,26.85,45.0,,9,0.6666666666666666,0.0,,False,DATA_QUALITY
2026-08-17,1259,65.6,67.5,,0,,20.0,,False,DATA_QUALITY
2019-10-07,1262,39.85,52.5,,15,0.4666666666666667,0.0,,False,LIQUIDITY
2026-08-19,1264,256.0,29.962406015037594,52.378346211651404,0,,20.0,34.08330835742413,False,LIQUIDITY
2026-08-19,1268,181.5,35.476190476190474,0.0,8,0.375,20.0,33.89285714285714,False,LIQUIDITY
2026-08-19,1294,56.8,59.011791271383665,32.254695164474796,6,0.0,50.0,33.2672111725338,False,LIQUIDITY
2026-08-19,1295,45.85,67.08325920654688,74.66842222556298,12,0.08333333333333333,50.0,48.79208331835481,False,LIQUIDITY
2026-08-19,1301,56.79999923706055,92.17935392874615,0.0,21,0.6190476190476191,20.0,58.225234750052415,False,LOW_ZONE
2026-08-19,1303,187.5,85.51811624575296,0.0,21,0.42857142857142855,20.0,50.51257773086874,False,LOW_ZONE
2026-08-19,1304,11.800000190734863,93.95728218636313,23.72299878249781,45,0.5333333333333333,20.0,62.11793435153339,False,LOW_ZONE
2026-08-19,1305,11.75,91.57760531378797,6.63581177185694,51,0.5098039215686274,50.0,51.92635218415945,False,LIQUIDITY
2026-08-19,1307,30.299999237060547,73.281785879739,76.25215797907535,25,0.88,20.0,79.44757525869053,False,LIQUIDITY
2026-08-19,1308,13.350000381469727,88.88311967894553,0.8333333333333331,42,0.4523809523809524,20.0,52.44469780844556,False,LIQUIDITY
2026-08-19,1309,12.699999809265137,91.12782119129011,42.8313627536682,48,0.4583333333333333,50.0,59.29618704580408,False,LOW_ZONE
2026-08-19,1310,8.100000381469727,99.62339884450344,7.031793424312342,34,0.5588235294117647,20.0,60.40967389178206,False,LIQUIDITY
2026-08-19,1312,11.75,95.4277569132479,6.002796805838838,37,0.4864864864864865,20.0,56.723620870028675,False,LOW_ZONE
2026-08-19,1313,11.399999618530273,97.35449842241168,0.0,45,0.35555555555555557,20.0,51.87301619339017,False,LOW_ZONE
2026-08-19,1314,7.800000190734863,87.89524095987056,0.0,36,0.4722222222222222,20.0,52.535238954627836,False,LIQUIDITY
2026-08-19,1315,65.69999694824219,38.21430387950501,0.0,8,0.625,20.0,42.2142911638515,False,LIQUIDITY
2026-08-19,1316,10.600000381469727,77.98319053620286,0.0,65,0.4307692307692308,20.0,48.318034083937775,False,LIQUIDITY
2026-08-19,1319,81.69999694824219,79.25822267778452,0.0,42,0.4523809523809524,20.0,49.34889537476393,False,LOW_ZONE
2026-08-19,1321,31.799999237060547,41.43887873534696,1.4403051489548508,13,0.46153846153846156,20.0,38.63789375399664,False,LIQUIDITY
2026-08-19,1323,21.399999618530273,59.419855460891014,0.0,3,0.0,20.0,29.825956638267304,False,LIQUIDITY
2026-08-19,1324,9.989999771118164,72.58891310469963,52.23672064232719,29,0.20689655172413793,20.0,53.04275064371582,False,LIQUIDITY
2026-08-19,1325,26.149999618530273,78.58883357120993,0.2785316215851247,64,0.5,20.0,50.64628297675927,False,LIQUIDITY
2026-08-19,1326,56.70000076293945,93.33635861101679,5.050096301350152,17,0.4117647058823529,20.0,53.61637283511316,False,LOW_ZONE
2020-04-06,1333,1.44,100.0,,0,,20.0,,False,OFFICIAL_STATUS
2026-08-19,1336,17.35,86.66666666666666,0.0,23,0.4782608695652174,20.0,52.347826086956516,False,LIQUIDITY
2026-08-19,1337,4.579999923706055,74.68076969504196,70.00269768541499,32,0.5,20.0,66.90490532986634,False,LIQUIDITY
2026-08-19,1338,14.699999809265137,73.47022786124523,64.97222143405999,39,0.3076923076923077,20.0,59.5148929476578,False,LIQUIDITY
2026-08-19,1339,45.45000076293945,55.860687378104394,0.0,32,0.46875,20.0,42.82070621343132,False,LIQUIDITY
2026-08-19,1340,5.150000095367432,73.52076066656717,26.072593798411553,29,0.3793103448275862,20.0,51.95368699440063,False,LIQUIDITY
2026-08-19,1341,58.400001525878906,53.61533121806961,7.549464780643374,2,0.0,20.0,29.971965560581726,False,LIQUIDITY
2026-08-19,1342,102.0,78.02867750409051,1.5631394868084953,23,0.43478260869565216,20.0,48.84286638379884,False,LOW_ZONE
2026-08-19,1402,28.0,72.75910544331309,0.0,21,0.14285714285714285,20.0,38.11344591870821,False,LOW_ZONE
2026-08-19,1409,24.100000381469727,92.36372170868862,0.0,27,0.3333333333333333,20.0,49.709116512606585,False,LOW_ZONE
2026-08-19,1410,25.649999618530273,88.81728762409227,0.0,8,0.125,20.0,42.39518628722768,False,LIQUIDITY
2026-08-19,1413,9.239999771118164,68.05076424444506,59.061383261670485,25,0.44,20.0,60.380575088751144,False,LIQUIDITY
2026-08-19,1414,20.0,65.58638714453437,0.0,39,0.46153846153846156,20.0,45.52206998951416,False,LIQUIDITY
2026-08-19,1416,11.75,60.80356876765042,0.0,15,0.4666666666666667,20.0,44.24107063029512,False,LIQUIDITY
2026-08-19,1417,8.180000305175781,59.69475722129658,57.616071606939364,24,0.625,20.0,63.062445068123814,False,LIQUIDITY
2026-08-19,1418,17.75,75.0,31.115454750330706,67,0.3582089552238806,20.0,53.025132344299095,False,LIQUIDITY
2026-08-19,1419,63.400001525878906,48.72470637955725,77.1659745432175,19,0.3157894736842105,20.0,55.38258976019786,False,LIQUIDITY
2026-08-19,1423,34.79999923706055,38.26086956521739,90.56773832758094,5,0.2,50.0,47.620195451460454,False,LIQUIDITY
2026-08-19,1432,15.0,47.80488534296427,63.271111940733284,54,0.42592592592592593,50.0,50.437021365850384,False,LIQUIDITY
2026-08-19,1434,17.5,73.81198366412652,0.0,5,0.0,20.0,34.143595099237956,False,LOW_ZONE
2026-08-19,1435,24.350000381469727,87.62908664255069,0.0,44,0.4772727272727273,20.0,52.60690781094702,False,LIQUIDITY
2026-08-19,1436,38.0,56.69856217250502,5.819436110801547,18,0.2777777777777778,50.0,34.29776101278522,False,LIQUIDITY
2026-08-19,1437,32.20000076293945,47.838476192552214,0.0,9,0.1111111111111111,20.0,29.684876191098997,False,LIQUIDITY
2026-08-19,1438,22.450000762939453,72.00941803636115,0.0,42,0.47619047619047616,20.0,47.88853969662263,False,LIQUIDITY
2026-08-19,1439,29.299999237060547,75.65838842510713,0.0,30,0.4,20.0,46.697516527532144,False,LIQUIDITY
2026-08-19,1440,13.350000381469727,76.73078000403319,0.0,34,0.35294117647058826,20.0,45.607469295327604,False,LIQUIDITY
2026-08-19,1441,8.800000190734863,51.57955336218911,79.90331991154856,33,0.5151515151515151,50.0,58.404241441089326,False,LIQUIDITY
2026-08-19,1442,29.899999618530273,53.815087704599875,0.0,31,0.41935483870967744,20.0,40.72517147267028,False,LIQUIDITY
2026-08-19,1443,24.149999618530273,71.91920097056123,90.14345000135489,17,0.29411764705882354,20.0,64.9351522032718,False,LIQUIDITY
2026-08-19,1444,7.139999866485596,92.04861620065168,2.542313345169242,36,0.4444444444444444,20.0,53.58349652982115,False,LIQUIDITY
2026-08-19,1445,10.149999618530273,68.78297583034485,79.10917159340839,25,0.6,50.0,65.91218564745554,False,LIQUIDITY
2026-08-19,1446,13.600000381469727,46.823859865286174,82.1397723578295,41,0.4878048780487805,50.0,56.71624739050664,False,LIQUIDITY
2026-08-19,1447,6.789999961853027,95.36306207585703,5.202668665685293,27,0.48148148148148145,20.0,56.35403023362288,False,LIQUIDITY
2026-08-19,1449,12.050000190734863,80.65506754098108,61.89715706584392,67,0.43283582089552236,20.0,64.65588415562098,False,LIQUIDITY
2026-08-19,1451,17.25,43.40908730607356,16.35092458991924,17,0.23529411764705882,20.0,36.16928086871364,False,LIQUIDITY
2026-08-19,1452,11.300000190734863,50.870019746300684,0.0,9,0.4444444444444444,20.0,40.59433925722354,False,LIQUIDITY
2026-08-19,1453,11.149999618530273,73.41269213336047,13.333389847390855,39,0.41025641025641024,20.0,49.66484740954816,False,LIQUIDITY
2026-08-19,1454,12.300000190734863,73.3388715371335,84.09771574159979,29,0.6206896551724138,20.0,73.64678005171241,False,LIQUIDITY
2026-08-19,1455,9.989999771118164,77.20810766732652,0.0,43,0.32558139534883723,20.0,44.92987416066307,False,LIQUIDITY
2026-08-19,1456,13.5,97.12192481591316,22.20951978772856,58,0.43103448275862066,20.0,59.61999187446471,False,LIQUIDITY
2026-08-19,1457,14.350000381469727,55.30075093621438,0.0,11,0.36363636363636365,20.0,39.49931618995522,False,LIQUIDITY
2026-08-19,1459,14.0,77.78023185020825,10.209032486680927,29,0.4827586206896552,20.0,52.369086297422356,False,LIQUIDITY
2026-08-19,1460,6.519999980926514,70.6268223600868,79.35262870900581,34,0.23529411764705882,20.0,60.08502741468926,False,LIQUIDITY
2026-08-19,1463,17.450000762939453,41.103903309940804,42.47761425904808,15,0.5333333333333333,20.0,50.95057455774426,False,LIQUIDITY
2026-08-19,1464,10.100000381469727,74.34468925316622,77.76228525157273,20,0.0,20.0,53.74397808884305,False,LIQUIDITY
2026-08-19,1465,12.050000190734863,59.82894717583997,78.99575941787903,17,0.35294117647058826,20.0,60.28585930133939,False,LIQUIDITY
2026-08-19,1466,16.350000381469727,95.42302283867295,0.0,47,0.425531914893617,20.0,53.392864298410394,False,LIQUIDITY
2026-08-19,1467,8.3100004196167,93.34757543734224,15.922261992188755,44,0.45454545454545453,20.0,57.62120176561349,False,LIQUIDITY
2026-08-19,1468,13.050000190734863,89.78036957993086,8.718469015953676,32,0.40625,20.0,53.301228127967676,False,LIQUIDITY
2026-08-19,1470,23.75,60.48025940956013,0.0,53,0.5660377358490566,20.0,47.12520989833973,False,LIQUIDITY
2026-08-19,1471,9.40999984741211,79.45118152776688,52.74956070301522,70,0.5571428571428572,50.0,61.23703034836958,False,LIQUIDITY
2026-08-19,1472,87.4000015258789,41.04221939394313,55.12728658063009,48,0.5833333333333334,20.0,55.59448746334046,False,LIQUIDITY
2026-08-19,1473,19.700000762939453,71.39249555846382,74.00183661456886,34,0.2647058823529412,20.0,59.8593842917696,False,LIQUIDITY
2026-08-19,1474,9.989999771118164,57.94683882184418,23.449373314048977,30,0.7,20.0,56.2463949750655,False,LIQUIDITY
2026-08-19,1475,25.549999237060547,61.244982481244705,27.455269420338688,71,0.5774647887323944,20.0,54.56125576142991,False,LIQUIDITY
2026-08-19,1476,311.5,79.77768055941026,77.46395274638877,55,0.6363636363636364,20.0,74.39020144532937,False,MR_PROBABILITY
2026-08-19,1477,192.5,82.1526315262632,95.17188335622707,55,0.41818181818181815,20.0,72.98421484239027,False,MR_PROBABILITY
2026-08-19,1503,197.0,92.97488517203234,19.84237961613653,36,0.5,20.0,59.853060455643835,False,LOW_ZONE
2026-08-19,1504,71.80000305175781,95.62453746687272,0.0,38,0.34210526315789475,20.0,50.950519134798654,False,LOW_ZONE
2026-08-19,1506,10.100000381469727,64.39996652778511,44.119459474254484,58,0.39655172413793105,20.0,54.24640655103708,False,LIQUIDITY
2022-04-13,1507,64.8,38.197278911564595,0.0,9,0.5555555555555556,0.0,43.12585034013605,False,LIQUIDITY
2026-08-19,1512,6.539999961853027,74.65364153167211,77.48659357135702,80,0.45,20.0,67.26774085234089,False,LIQUIDITY
2026-08-19,1513,164.0,89.76463681684534,0.0,50,0.56,20.0,55.7293910450536,False,LOW_ZONE
2026-08-19,1514,99.5,83.8401593100422,36.07701303673649,46,0.6739130434782609,50.0,61.88869235654461,False,LOW_ZONE
2026-08-19,1515,31.399999618530273,92.80636438191658,0.0,62,0.43548387096774194,20.0,52.90642544360723,False,LOW_ZONE
2026-08-19,1516,14.699999809265137,64.28106182479442,70.81636517333683,54,0.4444444444444444,50.0,57.82174317410586,False,LIQUIDITY
2026-08-19,1517,11.5,91.81253797262752,0.0,33,0.45454545454545453,20.0,53.18012502815189,False,LIQUIDITY
2026-08-19,1519,718.0,94.86090068139441,0.0,54,0.5370370370370371,20.0,56.569381315529434,False,LOW_ZONE
2026-08-19,1521,25.399999618530273,57.99050404133374,11.764719961972709,22,0.13636363636363635,20.0,36.429240293802394,False,LIQUIDITY
2026-08-19,1522,27.649999618530273,73.7939753073413,48.24622266469826,31,0.4838709677419355,20.0,60.71587729063502,False,LIQUIDITY
2026-08-19,1524,27.0,52.5249169435216,9.341317365269438,35,0.6,20.0,48.09280442437384,False,LIQUIDITY
2026-08-19,1525,67.0,53.229521254340284,6.31970623455758,20,0.4,20.0,41.548782934941485,False,LIQUIDITY
2026-08-19,1526,17.0,92.09726327820752,3.672797175975518,62,0.3870967741935484,20.0,52.16028150326259,False,LIQUIDITY
2026-08-19,1527,32.70000076293945,59.18521722719572,16.384673294866584,19,0.5263157894736842,20.0,49.641207176085885,False,LIQUIDITY
2026-08-19,1528,18.549999237060547,81.95600988637872,30.03923683012675,40,0.625,50.0,58.3466121734453,False,LIQUIDITY
2026-08-19,1529,16.799999237060547,77.66624406750427,67.39585379409007,79,0.6075949367088608,50.0,65.87668477003962,False,LIQUIDITY
2026-08-19,1530,28.75,77.05415148731639,0.0,14,0.2857142857142857,20.0,43.687674017623486,False,LIQUIDITY
2026-08-19,1531,13.0,40.83818646184147,0.0,20,0.35,20.0,34.75145593855244,False,LIQUIDITY
2026-08-19,1532,22.5,58.661010400928724,0.0,28,0.39285714285714285,20.0,41.3840174059929,False,LIQUIDITY
2026-08-19,1533,31.100000381469727,78.06358194559624,83.24303049414948,55,0.6363636363636364,20.0,75.32074129812533,False,LIQUIDITY
2026-08-19,1535,45.75,51.19769475622877,50.194086132275594,16,0.25,20.0,47.40782995993753,False,LIQUIDITY
2026-08-19,1536,50.20000076293945,97.78761182868229,0.0,59,0.5932203389830508,20.0,59.132893718096206,False,LOW_ZONE
2026-08-19,1537,121.0,52.06349206349206,91.26408649290768,1,0.0,20.0,50.43506924227454,False,LIQUIDITY
2026-08-19,1538,9.15999984741211,57.79458149592291,86.81259653686543,83,0.5421686746987951,50.0,62.806583823957084,False,OFFICIAL_STATUS
2026-08-19,1539,15.699999809265137,64.09863142353629,37.01179330440142,41,0.3902439024390244,20.0,52.189854826331974,False,LIQUIDITY
2026-08-19,1540,19.0,72.9072552223962,65.0264047551125,26,0.4230769230769231,20.0,62.82108544780468,False,LIQUIDITY
2026-08-19,1541,21.600000381469727,89.62656940678795,0.0,57,0.43859649122807015,20.0,52.04586555887849,False,LIQUIDITY
2026-08-19,1558,99.69999694824219,50.93685624517914,0.0,3,0.0,20.0,27.281056873553744,False,LIQUIDITY
2026-08-19,1560,707.0,99.31972789115646,0.0,33,0.45454545454545453,20.0,55.43228200371057,False,LOW_ZONE
2026-08-19,1563,61.0,92.0869378159079,0.0,37,0.5135135135135135,20.0,55.03148675017778,False,LOW_ZONE
2026-08-19,1565,94.9,65.06838905775075,0.0,39,0.4358974358974359,20.0,44.5974397942483,False,LIQUIDITY
2019-07-24,1566,19.65,57.718894009216605,0.0,4,0.0,20.0,29.315668202764982,False,LIQUIDITY
2026-08-19,1568,28.600000381469727,97.14626375683366,28.578116317797807,55,0.4727272727272727,20.0,62.470226388317734,False,LIQUIDITY
2026-08-19,1569,43.8,89.09395973154362,0.0,67,0.5522388059701493,50.0,50.79535209856756,False,LIQUIDITY
2026-08-19,1570,33.2,79.52764434549375,66.34537063493124,25,0.68,50.0,68.34463596238093,False,LIQUIDITY
2026-08-19,1580,107.5,35.63025210084034,91.34446074824079,10,0.5,50.0,56.0251908173123,False,LIQUIDITY
2026-08-19,1582,72.9000015258789,67.54827263866272,10.807013260690788,22,0.3181818181818182,50.0,40.01168965222606,False,LOW_ZONE
2026-08-19,1583,48.75,58.29769937977824,64.81670902165854,23,0.34782608695652173,20.0,56.12826967804376,False,LIQUIDITY
2026-08-19,1584,17.75,73.72701886236047,19.228437635107518,42,0.5,50.0,49.42521506748502,False,LIQUIDITY
2026-08-19,1586,18.2,44.193467232281236,34.99224039314779,27,0.5185185185185185,50.0,45.06165582352688,False,LIQUIDITY
2026-08-19,1587,23.850000381469727,67.53494818520635,61.504965504884915,47,0.40425531914893614,50.0,55.264385406251215,False,LIQUIDITY
2026-08-19,1589,5.539999961853027,25.0,,93,0.3118279569892473,0.0,,False,LIQUIDITY
2026-08-19,1590,1455.0,99.83113812901047,0.0,70,0.6142857142857143,20.0,60.37791286727457,False,LIQUIDITY
2026-08-19,1591,35.4,100.0,,50,0.54,20.0,,False,DATA_QUALITY
2021-06-15,1592,2.57,76.47820457488132,67.9434055982554,30,0.4,50.0,59.42931277202824,False,OFFICIAL_STATUS
2026-08-19,1593,31.8,57.42388758782201,0.0,25,0.44,20.0,42.4271662763466,False,LIQUIDITY
2026-08-19,1595,62.0,82.52826310380267,0.0,37,0.4594594594594595,50.0,46.04226271492458,False,LIQUIDITY
2020-12-22,1597,86.0,82.4558532003355,0.0,26,0.46153846153846156,20.0,50.58290980625449,False,LOW_ZONE
2026-08-19,1598,19.649999618530273,81.14808532067471,8.540216661865422,68,0.4264705882352941,20.0,51.273597408727596,False,LIQUIDITY
2026-08-19,1599,23.25,74.47089947089947,8.225623117352427,23,0.391304347826087,20.0,48.13680605539055,False,LIQUIDITY
2026-08-19,1603,30.450000762939453,74.29557628225464,0.0,46,0.4782608695652174,20.0,48.63649897163291,False,LIQUIDITY
2026-08-19,1604,23.100000381469727,43.93389706304288,45.7199097749493,6,0.3333333333333333,20.0,46.610146562650186,False,LIQUIDITY
2026-08-19,1605,36.79999923706055,98.8206323067379,0.0,47,0.5106382978723404,20.0,56.96533862819158,False,LOW_ZONE
2026-08-19,1608,35.29999923706055,98.18340334947425,0.0,43,0.3953488372093023,20.0,53.31548612112134,False,LOW_ZONE
2026-08-19,1609,36.79999923706055,95.73362026271327,0.0,66,0.5151515151515151,20.0,56.17463153335943,False,LOW_ZONE
2026-08-19,1611,11.949999809265137,72.2431058908401,14.348507811383394,48,0.3541666666666667,20.0,47.88505872009788,False,LIQUIDITY
2026-08-19,1612,34.45000076293945,55.14254599517113,0.0,30,0.5,50.0,39.042763798551334,False,OSCILLATION
2026-08-19,1614,30.549999237060547,59.25335240441147,84.81036022620063,6,0.3333333333333333,20.0,60.97859577787359,False,LIQUIDITY
2026-08-19,1615,44.0,70.55350272963496,0.0,20,0.4,20.0,45.16605081889048,False,LIQUIDITY
2026-08-19,1616,19.049999237060547,75.06476235627136,32.568065274711195,45,0.5111111111111111,50.0,53.49477835889253,False,LIQUIDITY
2026-08-19,1617,17.350000381469727,95.20188197534502,6.153093789467766,31,0.41935483870967744,20.0,54.679483201260766,False,LIQUIDITY
2026-08-19,1618,38.5,84.09668033502679,4.885060696797511,39,0.5384615384615384,20.0,54.60411542855357,False,LOW_ZONE
2026-08-19,1623,203.0,65.22781718527234,81.78136037604976,11,0.5454545454545454,50.0,63.87732161323051,False,LIQUIDITY
2026-08-19,1626,9.510000228881836,56.19509149954975,75.34047995005865,40,0.325,20.0,57.44364743737958,False,LIQUIDITY
2024-08-20,1701,21.15,46.2083641746854,14.081136599617972,15,0.3333333333333333,20.0,39.382793402310114,False,LIQUIDITY
2026-08-19,1702,32.20000076293945,57.02380411748861,17.242940722352046,5,0.0,20.0,33.4178764158346,False,LIQUIDITY
2019-01-23,1704,53.1,39.34210526315788,0.0,0,,0.0,26.802631578947363,False,OSCILLATION
2026-08-19,1707,90.19999694824219,29.142570296431668,28.20517334947896,21,0.2857142857142857,50.0,31.865492997727813,False,OSCILLATION
2026-08-19,1708,49.79999923706055,90.49038471651568,0.0,24,0.7083333333333334,20.0,60.397115414954705,False,LOW_ZONE
2026-08-19,1709,32.54999923706055,75.0,0.0,18,0.4444444444444444,20.0,47.83333333333333,False,LOW_ZONE
2026-08-19,1710,14.899999618530273,96.19482500613574,0.0,33,0.6060606060606061,20.0,59.0402656836589,False,LOW_ZONE
2026-08-19,1711,37.95000076293945,87.9346729956888,0.0,38,0.6052631578947368,50.0,52.03829663554875,False,LOW_ZONE
2026-08-19,1712,39.400001525878906,45.0,0.0,15,0.6,20.0,43.5,False,OSCILLATION
2026-08-19,1713,44.150001525878906,47.000812629414405,55.84070184982413,9,0.5555555555555556,20.0,56.72708591794702,False,LIQUIDITY
2026-08-19,1714,16.75,88.33081184235238,0.0,28,0.39285714285714285,20.0,50.28495783842,False,LOW_ZONE
2026-08-19,1717,69.5999984741211,93.48580695686678,0.0,26,0.5,50.0,50.545742087060034,False,LOW_ZONE
2026-08-19,1718,10.449999809265137,89.64247455244836,0.0,24,0.6666666666666666,20.0,58.892742365734506,False,LOW_ZONE
2026-08-19,1720,56.0,51.81449850264888,41.59931834141694,23,0.30434782608695654,20.0,47.07461391875759,False,LIQUIDITY
2026-08-19,1721,19.25,86.55994932569335,50.275147054304,50,0.58,50.0,63.436771561284004,False,LIQUIDITY
2026-08-19,1722,45.75,59.66307762638021,19.653632299732642,11,0.18181818181818182,20.0,40.26687681739268,False,OSCILLATION
2026-08-19,1723,86.30000305175781,84.24724999891885,0.0,17,0.11764705882352941,20.0,40.803586764381535,False,LOW_ZONE
2021-10-25,1724,15.6,35.34749034749039,68.8499541647801,0,,0.0,42.816735645442144,False,LIQUIDITY
2026-08-19,1725,30.350000381469727,82.11150910600713,19.354836327972862,45,0.5555555555555556,20.0,58.138828480462024,False,LIQUIDITY
2026-08-19,1726,76.80000305175781,59.43757841269155,16.932970817208005,0,,20.0,34.06451622810947,False,LIQUIDITY
2026-08-19,1727,92.69999694824219,95.20558940394247,0.0,43,0.627906976744186,20.0,59.39888612350832,False,LOW_ZONE
2026-08-19,1730,51.400001525878906,36.48099927890708,17.142763721674164,10,0.3,20.0,36.22999071409066,False,LIQUIDITY
2026-08-19,1731,20.700000762939453,35.14778487119937,10.515806753865698,13,0.38461538461538464,20.0,36.71174868828778,False,LIQUIDITY
2026-08-19,1732,26.049999237060547,50.681815947945566,55.06639537639853,61,0.6065573770491803,20.0,59.16786493995871,False,LIQUIDITY
2026-08-19,1733,31.149999618530273,62.76335790745884,1.4391160541228316,38,0.3157894736842105,20.0,40.662470596294675,False,LIQUIDITY
2026-08-19,1734,32.0,32.347737011938094,0.0,39,0.5641025641025641,20.0,38.627398026658355,False,LIQUIDITY
2026-08-19,1735,20.0,77.87165968347315,11.580308745920355,15,0.2,50.0,39.75657509152204,False,LIQUIDITY
2026-08-19,1736,129.0,96.53259361997226,2.0257628643311203,57,0.543859649122807,20.0,57.78200827575867,False,LOW_ZONE
2026-08-19,1737,32.099998474121094,36.42859976630092,0.0,3,0.0,20.0,22.928579929890276,False,LIQUIDITY
2026-08-19,1742,18.0,80.52499858293116,0.0,37,0.35135135135135137,20.0,46.698040115419886,False,LIQUIDITY
2022-01-18,1752,39.55,27.5,0.0,17,0.058823529411764705,20.0,22.014705882352942,False,LIQUIDITY
2026-08-19,1760,58.099998474121094,54.23000241481053,71.51716187371257,68,0.5294117647058824,20.0,62.03064413404777,False,LIQUIDITY
2026-08-19,1762,34.5,75.91219919060848,9.85292005704094,31,0.5483870967741935,20.0,53.688502674668584,False,LIQUIDITY
2026-08-19,1773,153.5,79.32810360929348,38.206709144486084,43,0.5348837209302325,50.0,56.89661999681653,False,LOW_ZONE
2026-08-19,1776,17.0,68.04493503400968,35.61727091665602,23,0.21739130434782608,20.0,47.83953736980169,False,LIQUIDITY
2026-08-19,1777,74.1,43.82176234979979,0.0,15,0.3333333333333333,20.0,35.14652870493994,False,LIQUIDITY
2026-08-18,1781,11.0,67.5,,73,0.4383561643835616,20.0,,False,LIQUIDITY
2026-08-19,1783,40.900001525878906,43.11662174889925,0.0,51,0.5098039215686274,20.0,40.22910417172859,False,LIQUIDITY
2026-08-19,1784,60.1,74.20570732508963,5.01108414784412,65,0.47692307692307695,50.0,45.322175542180226,False,LIQUIDITY
2026-08-19,1785,101.0,86.633875106929,36.823230569442906,55,0.6909090909090909,50.0,63.42324290171215,False,LOW_ZONE
2026-08-19,1786,49.54999923706055,71.69295433246052,41.5712009756301,37,0.5135135135135135,50.0,54.80609194905108,False,LIQUIDITY
2019-11-20,1787,26.15,45.0,,0,,0.0,,False,DATA_QUALITY
2026-08-19,1788,130.0,45.0,,4,0.0,20.0,,False,LIQUIDITY
2026-08-19,1789,18.950000762939453,80.07209572881129,21.742424242424242,45,0.4,20.0,53.45723477924945,False,LIQUIDITY
2019-12-13,1795,108.0,79.1487193273743,5.513751532492416,14,0.6428571428571429,20.0,56.408767967049684,False,LOW_ZONE
2026-08-19,1796,29.65,88.28133901656406,,33,0.3939393939393939,20.0,,False,DATA_QUALITY
2026-08-19,1799,29.95,93.45892203035059,71.79104162973064,76,0.5394736842105263,50.0,69.66964754285362,False,LIQUIDITY
2026-08-19,1802,57.099998474121094,91.00449724890424,0.0,35,0.42857142857142855,50.0,47.65849203181413,False,LOW_ZONE
2026-08-19,1805,10.149999618530273,58.72903196883054,10.000019868210188,53,0.6226415094339622,20.0,50.79795984072057,False,LIQUIDITY
2026-08-19,1806,8.0,59.236058156987525,9.393988435018809,36,0.3888888888888889,20.0,43.78598122251763,False,LIQUIDITY
2026-08-19,1808,33.29999923706055,58.99520704571546,0.0,25,0.32,20.0,39.29856211371464,False,OSCILLATION
2026-08-19,1809,37.599998474121094,95.49901955129192,10.89927793117069,61,0.6229508196721312,20.0,62.06304993834418,False,LOW_ZONE
2026-08-19,1810,26.100000381469727,91.16347487904372,0.0,34,0.6470588235294118,20.0,58.760807169595466,False,LOW_ZONE
2026-08-18,1813,11.4,33.47926267281105,55.361778234169634,8,0.125,20.0,39.634223360385725,False,LIQUIDITY
2026-08-19,1815,98.0,96.06749606749607,0.0,45,0.5777777777777777,20.0,58.15358215358215,False,LOW_ZONE
2026-08-19,1817,40.0,48.11403508771929,0.0,7,0.42857142857142855,20.0,39.29135338345864,False,LIQUIDITY
2020-05-25,1902,20.65,54.505494505494475,0.0,7,0.14285714285714285,0.0,35.63736263736263,False,LIQUIDITY
2026-08-19,1903,47.29999923706055,58.75979496024255,5.508707421521242,34,0.3235294117647059,20.0,40.71099769639425,False,LIQUIDITY
2026-08-19,1904,24.75,74.71425553042423,0.0,18,0.3333333333333333,20.0,44.41427665912727,False,LOW_ZONE
2026-08-19,1905,13.199999809265137,90.51107735225115,9.022340007580022,60,0.5333333333333333,20.0,57.40890820757035,False,LIQUIDITY
2026-08-19,1906,11.350000381469727,74.93141317339112,0.0,34,0.4411764705882353,20.0,47.71471806966439,False,LIQUIDITY
2026-08-19,1907,29.950000762939453,56.11203399468194,0.0,36,0.3888888888888889,20.0,40.50027686507125,False,OSCILLATION
2026-08-19,1909,11.199999809265137,72.37292870902533,0.0,55,0.43636363636363634,20.0,46.80278770361669,False,LOW_ZONE
2026-08-19,2002,18.950000762939453,68.44691867638676,0.0,14,0.07142857142857142,20.0,34.67693274577317,False,LOW_ZONE
2026-08-19,2006,81.30000305175781,61.86293193757505,0.0,26,0.3076923076923077,20.0,39.78964881204175,False,OSCILLATION
2026-08-19,2007,6.940000057220459,57.7964982606689,76.69197847900033,58,0.3448275862068966,20.0,58.85677168415764,False,LIQUIDITY
2026-08-19,2008,30.5,58.342491168207616,10.612560546978667,22,0.5,20.0,47.155887487206954,False,LIQUIDITY
2026-08-19,2009,38.900001525878906,91.11531550373388,0.0,73,0.3561643835616438,20.0,50.01952615796948,False,LOW_ZONE
2026-08-19,2010,22.649999618530273,65.78913752805283,0.0,26,0.4230769230769231,20.0,44.42904895072354,False,LOW_ZONE
2026-08-19,2012,14.850000381469727,67.52039390134456,15.436380070176577,25,0.48,20.0,50.51521318794751,False,LIQUIDITY
2026-08-19,2013,41.099998474121094,52.21611867166317,12.571498325892856,21,0.5238095238095238,20.0,46.52199589725788,False,LIQUIDITY
2026-08-19,2014,16.899999618530273,64.48786045413966,31.170987577271443,63,0.3968253968253968,20.0,51.04386693532167,False,OSCILLATION
2026-08-19,2015,63.70000076293945,73.40481870375459,0.09114938303722508,11,0.5454545454545454,20.0,50.40786932052204,False,LIQUIDITY
2026-08-19,2017,9.029999732971191,73.95960898618841,0.0,46,0.3695652173913043,20.0,45.274839217595655,False,LIQUIDITY
2026-08-19,2020,21.600000381469727,43.854089582821466,0.0,17,0.4117647058823529,20.0,37.509168051317026,False,LIQUIDITY
2026-08-19,2022,7.630000114440918,67.09431417268068,19.848442813243555,44,0.36363636363636365,20.0,47.999495864206,False,LIQUIDITY
2026-08-19,2023,13.850000381469727,51.401105672747875,0.0,31,0.12903225806451613,20.0,31.291299443759844,False,LIQUIDITY
2026-08-19,2024,13.199999809265137,45.03730938622597,79.02195516064151,50,0.36,20.0,56.06668160602817,False,LIQUIDITY
2026-08-19,2025,12.550000190734863,97.79028089005033,0.0,27,0.4074074074074074,20.0,53.559306489237315,False,LIQUIDITY
2026-08-19,2027,50.0,90.63974226266468,0.0,44,0.5909090909090909,20.0,56.919195406072134,False,LOW_ZONE
2026-08-19,2028,15.550000190734863,34.64285871969957,11.861720087299735,52,0.46153846153846156,50.0,34.70444148388865,False,LIQUIDITY
2026-08-19,2029,21.799999237060547,44.14136051396076,0.0,27,0.18518518518518517,20.0,30.797963709743783,False,LIQUIDITY
2026-08-19,2030,21.5,80.78817774864929,0.0,30,0.5,20.0,51.23645332459479,False,LOW_ZONE
2026-08-19,2031,45.75,78.30359018397188,0.0,51,0.5686274509803921,20.0,52.54990058460333,False,LOW_ZONE
2026-08-19,2032,16.799999237060547,79.73626905616285,0.0,43,0.5116279069767442,20.0,51.26971792615118,False,LIQUIDITY
2026-08-19,2033,22.5,77.7992221599122,0.0,71,0.4225352112676056,20.0,48.01582298600183,False,LIQUIDITY
2026-08-19,2034,19.75,54.02390654496338,0.0,29,0.27586206896551724,20.0,36.483034032454526,False,LIQUIDITY
2026-08-19,2035,27.15,45.0,,13,0.38461538461538464,0.0,,False,DATA_QUALITY
2026-08-19,2038,12.5,69.10960952725381,25.45248688899779,59,0.4745762711864407,50.0,48.83329271601881,False,LIQUIDITY
2026-08-19,2049,367.0,96.83544303797468,0.0,64,0.359375,20.0,51.831882911392405,False,LOW_ZONE
2026-08-19,2059,14095.0,75.0,0.0,40,0.525,20.0,50.25,False,LIQUIDITY
2026-08-19,2061,48.85,92.63681217279952,11.80674682355839,48,0.5,20.0,57.74273035772946,False,LOW_ZONE
2026-08-19,2062,18.799999237060547,63.61801435391678,0.0,39,0.5128205128205128,20.0,46.470019690790416,False,LIQUIDITY
2026-08-19,2063,24.5,40.38024164889837,0.0,13,0.38461538461538464,20.0,35.65253403313105,False,LIQUIDITY
2026-08-19,2064,12.45,80.72525509193649,,29,0.27586206896551724,20.0,,False,DATA_QUALITY
2026-08-19,2065,35.35,66.97862356621481,0.0,17,0.47058823529411764,20.0,46.21123412868797,False,LIQUIDITY
2026-08-19,2066,57.0,99.1360028755391,64.71960593433485,46,0.391304347826087,20.0,69.65983278102806,False,LIQUIDITY
2026-08-19,2067,5.75,89.52095808383234,82.49557266475561,35,0.45714285714285713,50.0,68.69446630562433,False,OFFICIAL_STATUS
2026-08-19,2069,19.850000381469727,65.8766170431895,0.0,32,0.625,20.0,50.51298511295685,False,LIQUIDITY
2026-08-19,2070,64.7,97.65709479754896,0.0,41,0.6585365853658537,20.0,61.0532260002403,False,LIQUIDITY
2026-08-18,2073,26.5,93.54985570959403,,0,,20.0,,False,DATA_QUALITY
2026-08-19,2101,32.29999923706055,85.82111808099161,5.344392449639938,32,0.34375,20.0,49.39493353670747,False,LOW_ZONE
2026-08-19,2102,18.549999237060547,48.70061160320787,11.767637912723865,38,0.5,20.0,44.55209295914332,False,LIQUIDITY
2026-08-19,2103,27.25,86.14339379224839,0.0,24,0.25,20.0,45.34301813767452,False,LOW_ZONE
2026-08-19,2104,10.300000190734863,77.84685532685816,0.0,29,0.4827586206896552,20.0,49.836815218747105,False,LOW_ZONE
2026-08-19,2105,31.049999237060547,72.61904223675566,0.0,25,0.4,20.0,45.7857126710267,False,LOW_ZONE
2026-08-19,2106,17.399999618530273,75.12066319752125,14.270186255501631,17,0.35294117647058826,20.0,48.69198081724943,False,LIQUIDITY
2026-08-19,2107,25.950000762939453,45.322955278924255,0.0,9,0.1111111111111111,20.0,28.93021991701061,False,LIQUIDITY
2026-08-19,2108,29.100000381469727,81.95646130923727,0.0,42,0.30952380952380953,20.0,45.872652678485466,False,LOW_ZONE
2026-08-19,2109,14.550000190734863,52.34693703776617,0.0,28,0.35714285714285715,20.0,38.418366825615564,False,LIQUIDITY
2026-08-19,2114,88.0,52.16028826860233,18.378382836752646,6,0.0,20.0,32.24268218976886,False,LIQUIDITY
2026-08-19,2115,23.049999237060547,52.478552215927984,0.0,3,0.3333333333333333,20.0,37.743565664778394,False,LIQUIDITY
2026-08-19,2201,28.799999237060547,70.64657084449593,0.0,40,0.375,20.0,44.44397125334878,False,LOW_ZONE
2026-08-19,2204,53.0,59.41928122784313,0.0,33,0.42424242424242425,20.0,42.55305709562566,False,OSCILLATION
2026-08-19,2206,62.79999923706055,62.58519158736028,0.0,30,0.26666666666666666,20.0,38.77555747620808,False,OSCILLATION
2026-08-19,2207,506.0,72.09457399325667,0.0,42,0.40476190476190477,20.0,45.77122934083414,False,LOW_ZONE
2026-08-19,2208,19.049999237060547,96.13889032749765,0.0,53,0.5283018867924528,20.0,56.69072370202288,False,LOW_ZONE
2026-08-19,2211,82.2,45.159500693481284,61.94311043698899,21,0.23809523809523808,50.0,43.67648496014877,False,OSCILLATION
2026-08-19,2221,52.6,93.41212169607921,0.0,27,0.6666666666666666,20.0,60.023636508823756,False,LIQUIDITY
2026-08-19,2227,48.349998474121094,42.91955000790054,81.7183291543346,21,0.19047619047619047,20.0,51.01973300523952,False,LIQUIDITY
2026-08-19,2228,76.69999694824219,44.93697500542026,27.26551134635301,39,0.41025641025641024,50.0,40.10516264590664,False,LIQUIDITY
2026-08-19,2230,24.3,75.48348282651499,0.0,55,0.5818181818181818,50.0,47.59959030249995,False,LIQUIDITY
2026-08-19,2231,96.0,96.44540913552552,7.415133450649375,74,0.527027027027027,50.0,54.0982169141308,False,LOW_ZONE
2019-09-16,2233,75.9,60.28846153846153,0.0,5,0.4,20.0,42.08653846153846,False,OSCILLATION
2026-08-19,2235,27.6,67.5,,11,0.5454545454545454,20.0,,False,DATA_QUALITY
2026-08-19,2236,126.0,92.87639584135542,62.79798152338806,40,0.6,20.0,73.56241413325364,False,LOW_ZONE
2026-08-19,2237,26.899999618530273,55.251759635649236,89.57425459503492,50,0.46,50.0,60.2690915394535,False,LIQUIDITY
2026-08-19,2239,19.399999618530273,73.17037969225106,40.2296058395408,57,0.3684210526315789,50.0,50.56114694650789,False,LIQUIDITY
2026-08-19,2241,34.54999923706055,96.8944099378882,8.983459723375802,57,0.5789473684210527,20.0,60.68260896484199,False,LIQUIDITY
2026-08-19,2243,40.0,90.04584986984348,6.40324140111146,91,0.5384615384615384,20.0,56.768411465077065,False,LIQUIDITY
2026-08-19,2247,222.0,52.610837438423644,15.794193699774693,13,0.07692307692307693,20.0,34.039491964163076,False,LIQUIDITY
2026-08-19,2248,62.900001525878906,85.60120679155355,0.0,7,0.2857142857142857,20.0,46.25179060889464,False,LIQUIDITY
2026-08-19,2250,60.1,84.27135154567476,6.666666666666668,49,0.40816326530612246,20.0,51.192970089552766,False,LIQUIDITY
2026-08-19,2254,58.70000076293945,74.71081442840138,78.4390562016674,28,0.5357142857142857,20.0,70.09443695036583,False,LIQUIDITY
2026-08-19,2258,31.049999237060547,79.29933441266661,0.8333333333333331,19,0.6842105263157895,20.0,56.524449446606994,False,LIQUIDITY
2026-08-19,2301,273.5,93.21133412042502,0.0,34,0.7058823529411765,20.0,61.1398708243628,False,LOW_ZONE
2026-08-19,2302,44.7,91.41363862618218,0.0,69,0.6521739130434783,20.0,58.989308979159,False,LOW_ZONE
2026-08-19,2303,115.5,98.06399021805584,35.67209324885326,28,0.5714285714285714,20.0,67.4800775204872,False,LOW_ZONE
2026-08-19,2305,26.799999237060547,94.99959314336382,8.30760021911175,59,0.5084745762711864,20.0,57.831015285922675,False,LOW_ZONE
2026-08-19,2308,1765.0,90.14454664914587,3.3333333333333326,25,0.6,50.0,53.37669732807709,False,LIQUIDITY
2026-08-19,2312,32.25,95.66941400969395,1.6666666666666663,38,0.5263157894736842,20.0,56.90696455378537,False,LOW_ZONE
2026-08-19,2313,207.5,88.82808211615611,8.333333333333334,59,0.576271186440678,50.0,53.51989356140051,False,LOW_ZONE
2026-08-19,2314,11.050000190734863,69.11714049036321,84.08005510447714,85,0.6352941176470588,50.0,68.31397945264001,False,OFFICIAL_STATUS
2026-08-19,2316,155.5,97.79959377115776,7.8809523809523805,47,0.6170212765957447,20.0,61.82075452445776,False,LOW_ZONE
2026-08-19,2317,245.0,91.36108960986634,12.212444835165153,35,0.37142857142857144,20.0,53.60429523460834,False,LOW_ZONE
2026-08-19,2321,15.0,82.61533765215597,0.0,106,0.5566037735849056,20.0,53.48271450319396,False,OFFICIAL_STATUS
2026-08-19,2323,10.850000381469727,99.44167140409594,0.0,46,0.41304347826086957,20.0,54.22380576905486,False,LOW_ZONE
2026-08-19,2324,39.29999923706055,94.97894683536637,0.0,20,0.7,20.0,61.493684050609914,False,LOW_ZONE
2026-08-19,2327,576.0,96.57452639104015,21.567428612175924,59,0.4406779661016949,20.0,59.58455405340687,False,LOW_ZONE
2026-08-19,2328,46.0,90.29754338464964,0.0,49,0.6326530612244898,50.0,53.56885485212959,False,LOW_ZONE
2026-08-19,2329,42.70000076293945,88.62126132007504,23.30372402101303,73,0.6164383561643836,50.0,58.40546008620728,False,LOW_ZONE
2026-08-19,2330,2350.0,73.82422104644327,0.0,20,0.55,20.0,50.64726631393298,False,LIQUIDITY
2026-08-19,2331,19.5,95.27914708619574,0.0,61,0.4426229508196721,20.0,53.86243265044888,False,LOW_ZONE
2026-08-19,2332,20.700000762939453,92.87139807315512,14.284879317752326,60,0.4666666666666667,20.0,57.432639251384614,False,LOW_ZONE
2026-08-19,2337,119.0,93.95590507767777,12.291730669959092,70,0.5428571428571428,50.0,55.04541847650739,False,LOW_ZONE
2026-08-19,2338,37.79999923706055,84.20880290262596,33.671261864094305,78,0.5384615384615384,50.0,57.334302490657514,False,LOW_ZONE
2026-08-19,2340,29.899999618530273,91.48418380183588,16.11504968988833,71,0.5915492957746479,50.0,56.72049643626228,False,LOW_ZONE
2026-08-19,2342,38.79999923706055,97.34091173810548,1.6666666666666663,62,0.6612903225806451,20.0,61.457649865517666,False,LOW_ZONE
2026-08-19,2344,168.0,94.76057832603794,0.0,64,0.546875,20.0,56.834423497811386,False,LOW_ZONE
2026-08-19,2345,2125.0,93.95660404834717,15.73532692703046,56,0.7678571428571429,50.0,62.65652723197606,False,LIQUIDITY
2026-08-19,2347,86.30000305175781,96.49338845494847,9.016749709709362,15,0.3333333333333333,20.0,53.20220396391188,False,LOW_ZONE
2026-08-19,2348,70.0,77.93260873811259,0.1779328660763818,51,0.5686274509803921,20.0,52.483089367364634,False,LOW_ZONE
2026-08-19,2349,11.0,86.30543568932075,26.28727159195897,72,0.5277777777777778,50.0,55.796781938119295,False,LIQUIDITY
2026-08-19,2351,185.0,98.4126984126984,0.0,62,0.6612903225806451,20.0,61.36251920122887,False,LOW_ZONE
2026-08-19,2352,28.75,99.85939203216223,2.4999999999999996,28,0.42857142857142855,20.0,55.439960466791526,False,LOW_ZONE
2026-08-19,2353,30.899999618530273,96.23171814396466,9.03226187524342,44,0.45454545454545453,20.0,56.76394454836389,False,LOW_ZONE
2026-08-19,2354,60.79999923706055,95.02667131763366,0.0,40,0.325,20.0,50.258001395290094,False,LOW_ZONE
2026-08-19,2355,41.70000076293945,79.4175041866248,5.930735673377397,47,0.40425531914893614,50.0,44.93559474879987,False,LOW_ZONE
2026-08-19,2356,65.19999694824219,99.88422981294073,0.0,31,0.6129032258064516,20.0,60.35236571807577,False,LOW_ZONE
2026-08-19,2357,925.0,80.86457659987072,0.0,21,0.3333333333333333,20.0,46.25937297996121,False,LOW_ZONE
2024-04-03,2358,4.56,79.34125901383746,79.58634016220593,64,0.546875,50.0,67.60521274470273,False,OFFICIAL_STATUS
2026-08-19,2359,161.0,95.58523884989812,0.0,60,0.6,20.0,58.67557165496943,False,LOW_ZONE
2026-08-19,2360,2120.0,95.01320035200939,0.0,55,0.4909090909090909,20.0,55.23123283287555,False,LIQUIDITY
2026-08-19,2362,47.150001525878906,95.4626235767789,0.0,26,0.34615384615384615,20.0,51.023402457649055,False,LOW_ZONE
2026-08-19,2363,50.79999923706055,89.55257965769518,28.356889649472315,66,0.6363636363636364,50.0,60.545905400585724,False,LOW_ZONE
2026-08-19,2364,82.5999984741211,89.29760837227566,0.0,73,0.6027397260273972,20.0,56.871474292504615,False,LOW_ZONE
2026-08-19,2365,30.049999237060547,84.69388276425163,4.166666666666666,38,0.5526315789473685,50.0,50.52877886436321,False,LOW_ZONE
2026-08-19,2367,42.0,79.90847823757187,10.04663671220894,65,0.4153846153846154,50.0,46.44574111086226,False,LOW_ZONE
2026-08-19,2368,1040.0,89.03945795137506,0.0,43,0.813953488372093,50.0,58.6304420365753,False,LIQUIDITY
2026-08-19,2369,30.600000381469727,97.07324946434701,27.86558840786498,46,0.5434782608695652,20.0,64.3927197673573,False,LOW_ZONE
2026-08-19,2371,27.0,82.22854178626226,0.0,72,0.4583333333333333,50.0,45.91856253587867,False,LOW_ZONE
2026-08-19,2373,53.0,44.565704285905156,82.41025057873831,2,0.0,20.0,45.972273930456126,False,LIQUIDITY
2026-08-19,2374,66.9000015258789,85.71885069731121,16.994741500019366,42,0.6904761904761905,50.0,58.17862629848392,False,LOW_ZONE
2026-08-19,2375,127.0,98.35967790038771,18.11138721975739,63,0.49206349206349204,20.0,60.79765493696041,False,LOW_ZONE
2026-08-19,2376,348.5,98.34208344846643,0.0,64,0.515625,20.0,56.971375034539925,False,LOW_ZONE
2026-08-19,2377,146.5,93.79573655742921,0.0,57,0.5087719298245614,20.0,55.4018788619656,False,LOW_ZONE
2026-08-19,2379,738.0,92.70176099444393,0.0,45,0.5555555555555556,20.0,56.477194964999846,False,LOW_ZONE
2026-08-19,2380,20.25,95.47246462865749,0.0,63,0.5238095238095238,20.0,56.35602510288297,False,LIQUIDITY
2026-08-19,2382,331.0,97.85788151868815,0.0,30,0.5333333333333333,20.0,57.357364455606444,False,LOW_ZONE
2026-08-19,2383,5880.0,97.65346348789187,0.0,52,0.7307692307692307,20.0,63.21911596944448,False,LIQUIDITY
2026-08-19,2385,106.0,66.93009237353228,22.41758241758242,24,0.125,50.0,36.93342331645529,False,LOW_ZONE
2026-08-19,2387,35.79999923706055,64.20113676633059,91.65471212307392,45,0.5333333333333333,20.0,70.17401906066766,False,LIQUIDITY
2026-08-19,2388,72.0,94.63406266969494,1.212138794037591,81,0.6666666666666666,20.0,60.69325349941788,False,LOW_ZONE
2026-08-19,2390,10.100000381469727,90.68079587532448,71.01559794271215,76,0.4868421052631579,20.0,71.56340140617012,False,LIQUIDITY
2026-08-19,2392,41.04999923706055,96.82106983782685,0.0,39,0.6666666666666666,20.0,61.04632095134805,False,LOW_ZONE
2026-08-19,2393,64.5999984741211,89.45195663900638,0.0,28,0.5357142857142857,20.0,54.907015563130486,False,LOW_ZONE
2026-08-19,2395,694.0,82.91830493665356,0.0,31,0.41935483870967744,20.0,49.45613664228639,False,LOW_ZONE
2026-08-19,2397,64.9000015258789,100.0,0.0,15,0.4666666666666667,20.0,56.0,False,LOW_ZONE
2026-08-19,2399,45.099998474121094,98.5588950898657,0.0,81,0.5925925925925926,20.0,59.34544630473748,False,LOW_ZONE
2026-08-19,2401,25.700000762939453,95.7039756754404,25.31743137111726,63,0.5555555555555556,20.0,63.707217212078106,False,LOW_ZONE
2026-08-19,2402,52.20000076293945,88.22107980113181,40.47648070932813,52,0.5769230769230769,50.0,61.39313642536388,False,LOW_ZONE
2026-08-19,2404,1095.0,95.28005034612964,23.63234741535293,31,0.5806451612903226,20.0,63.9114567963868,False,LIQUIDITY
2026-08-19,2405,15.399999618530273,92.82550123226748,54.924395056821446,70,0.5714285714285714,20.0,70.72160627674275,False,LIQUIDITY
2026-08-19,2406,28.549999237060547,95.19619123011005,75.65281462008053,72,0.5138888888888888,20.0,74.8887276907198,False,MR_PROBABILITY
2026-08-19,2408,481.0,90.47962124331,0.0,73,0.5342465753424658,20.0,55.171283633266974,False,LOW_ZONE
2026-08-19,2409,26.149999618530273,98.14677551495016,0.0,63,0.5396825396825397,20.0,57.63450884496124,False,LOW_ZONE
2026-08-19,2412,136.0,59.37888198757764,20.092727199686127,0,,20.0,34.83684639619482,False,OSCILLATION
2026-08-19,2413,43.900001525878906,93.53587600039478,0.0,74,0.6216216216216216,50.0,54.209411448767085,False,LOW_ZONE
2026-08-19,2414,51.900001525878906,98.21663060403587,47.40387060076956,4,0.0,20.0,53.31595683140315,False,LOW_ZONE
2026-08-19,2415,29.100000381469727,96.70329568985207,26.518861410889457,58,0.6379310344827587,20.0,66.77863509416075,False,LIQUIDITY
2026-08-19,2417,45.650001525878906,93.21021262925316,0.0,78,0.5897435897435898,20.0,57.65537148108364,False,LOW_ZONE
2026-08-19,2419,24.0,76.47121294577363,32.972117899118174,57,0.6140350877192983,50.0,57.10544599009058,False,LIQUIDITY
2026-08-19,2420,57.20000076293945,66.2669029853104,0.0,11,0.36363636363636365,20.0,42.78916180468403,False,LOW_ZONE
2026-08-19,2421,145.0,94.08983451536643,0.0,59,0.4915254237288136,20.0,54.972713066474334,False,LOW_ZONE
2026-08-19,2423,73.5999984741211,98.51705291796955,0.0,19,0.3684210526315789,20.0,52.60774745433823,False,LIQUIDITY
2026-08-19,2424,8.210000038146973,83.00302787026132,41.153536893505716,75,0.5466666666666666,50.0,59.089292584454824,False,OFFICIAL_STATUS
2026-08-19,2425,39.0,96.93768117406489,13.348098607244971,64,0.578125,20.0,61.76207900403071,False,LOW_ZONE
2026-08-19,2426,68.0,96.57787139850538,0.0,58,0.5,20.0,55.97336141955161,False,LOW_ZONE
2026-08-19,2427,21.950000762939453,84.04224937637366,7.286743921888663,35,0.4857142857142857,20.0,53.605789364812836,False,LIQUIDITY
2026-08-19,2428,256.5,98.46573474258439,0.0,53,0.5471698113207547,20.0,57.95481476239796,False,LOW_ZONE
2026-08-19,2429,33.0,90.9924874924801,19.36498439986252,89,0.5617977528089888,50.0,56.492924931979324,False,LIQUIDITY
2026-08-19,2430,17.049999237060547,48.636355191788795,37.77635536555637,13,0.0,50.0,31.53499539892573,False,LIQUIDITY
2026-08-19,2431,10.149999618530273,83.4727955946268,48.494753674055445,68,0.47058823529411764,20.0,63.283174155725426,False,LIQUIDITY
2026-08-19,2432,27.350000381469727,57.96747701827158,43.172804903024876,13,0.15384615384615385,20.0,44.79882894662231,False,LIQUIDITY
2026-08-19,2433,41.70000076293945,33.57144237699612,71.308756803346,0,,20.0,39.89862191393534,False,LIQUIDITY
2026-08-19,2434,50.29999923706055,92.56028751907401,3.764178150040559,64,0.359375,20.0,51.49038079323235,False,LOW_ZONE
2026-08-19,2436,65.0999984741211,91.08589433173957,0.0,55,0.5454545454545454,50.0,51.18940466315823,False,LOW_ZONE
2026-08-19,2438,18.049999237060547,89.89325311154269,20.367798971928007,66,0.4696969696969697,50.0,53.6508347673539,False,LIQUIDITY
2026-08-19,2439,79.0999984741211,41.93090525921798,80.1456342800173,47,0.3829787234042553,20.0,56.10504184989738,False,OSCILLATION
2026-08-19,2440,13.699999809265137,87.61905024867953,80.57624241581127,62,0.4032258064516129,50.0,66.02654987210505,False,LIQUIDITY
2026-08-19,2441,113.5,96.23796151703743,15.610708641671227,16,0.5,20.0,59.77406561552904,False,LOW_ZONE
2026-08-19,2442,19.350000381469727,53.506496008590716,0.0,37,0.5135135135135135,20.0,43.45735420798262,False,LIQUIDITY
2024-04-03,2443,3.57,95.66559790998693,91.43976232973512,50,0.54,55.0,74.50961995542986,False,OFFICIAL_STATUS
2026-08-19,2444,11.0,87.61199033152707,22.093785679171592,91,0.5054945054945055,50.0,54.47187868408618,False,LIQUIDITY
2020-12-23,2448,41.4,88.20915926179084,0.0,27,0.5925925925925926,20.0,56.24052555631503,False,LOW_ZONE
2026-08-19,2449,235.0,92.93160150587273,20.531349127539645,39,0.717948717948718,50.0,62.05077927210827,False,LOW_ZONE
2026-08-19,2450,28.049999237060547,45.56810546258565,84.33765982936517,3,0.3333333333333333,20.0,56.754846596116984,False,LIQUIDITY
2026-08-19,2451,281.0,95.86321014892444,0.0,19,0.42105263157894735,20.0,53.39054199204575,False,LOW_ZONE
2026-08-19,2453,51.400001525878906,51.732183118774905,47.39764928288058,61,0.5737704918032787,20.0,56.58218201045098,False,LIQUIDITY
2026-08-19,2454,3845.0,96.6107439417048,1.6666666666666663,50,0.56,20.0,58.199889849178106,False,LIQUIDITY
2026-08-19,2455,396.5,96.79162445119891,0.0,75,0.6,20.0,59.03748733535967,False,LOW_ZONE
2021-12-28,2456,94.6,59.816082121471354,0.0,23,0.6521739130434783,20.0,49.510042027745754,False,OSCILLATION
2026-08-19,2457,22.899999618530273,94.58978093918425,19.965118199490288,68,0.47058823529411764,20.0,59.48586089045138,False,LOW_ZONE
2026-08-19,2458,145.5,95.25566684238271,42.343725432650764,50,0.6,20.0,69.16263141087751,False,LOW_ZONE
2026-08-19,2459,67.0,73.8226080219674,0.0,3,0.3333333333333333,20.0,44.14678240659022,False,LIQUIDITY
2026-08-19,2460,28.399999618530273,95.00860617894807,78.10119872111542,63,0.4603174603174603,50.0,69.33740534348709,False,LIQUIDITY
2026-08-19,2461,17.950000762939453,82.82472932171896,0.0,43,0.4883720930232558,20.0,51.49858158721336,False,LIQUIDITY
2026-08-19,2462,19.399999618530273,53.24654606557081,66.35239146577963,50,0.66,20.0,64.36206168611615,False,LIQUIDITY
2026-08-19,2464,181.5,96.29862970546543,0.0,38,0.631578947368421,20.0,59.83695733269226,False,LOW_ZONE
2026-08-19,2465,85.9000015258789,99.89016788160936,0.0,76,0.5789473684210527,20.0,59.335471417114384,False,LOW_ZONE
2026-08-19,2466,99.0,79.81768150435002,0.0,29,0.6206896551724138,20.0,54.56599410647742,False,LOW_ZONE
2026-08-19,2467,547.0,94.41663457835965,0.0,34,0.35294117647058826,50.0,46.41322566762554,False,LOW_ZONE
2026-08-19,2468,34.6,99.01517784729464,3.880688806888047,58,0.41379310344827586,20.0,55.08851865935868,False,LIQUIDITY
2026-08-19,2471,48.79999923706055,64.0367919829803,11.52986237545691,24,0.4166666666666667,20.0,46.59350318875832,False,LIQUIDITY
2026-08-19,2472,234.0,96.9583528310716,37.161533069510035,48,0.5208333333333334,20.0,66.00288911669898,False,LOW_ZONE
2026-08-19,2474,204.0,73.13468012099933,0.0,32,0.46875,20.0,48.002904036299796,False,LOW_ZONE
2019-05-10,2475,0.17,100.0,,12,0.4166666666666667,20.0,,False,OFFICIAL_STATUS
2026-08-19,2476,119.0,98.0108499095841,2.4999999999999996,37,0.4864864864864865,20.0,56.62284956746982,False,LOW_ZONE
2026-08-19,2477,20.850000381469727,75.12851802767726,59.66598158882441,55,0.38181818181818183,20.0,60.909596260054734,False,LIQUIDITY
2026-08-19,2478,134.5,98.01091935512872,1.0415213560499925,52,0.40384615384615385,20.0,53.77904076093573,False,LOW_ZONE
2026-08-19,2480,158.5,73.73649229118094,0.0,16,0.3125,20.0,43.49594768735428,False,LOW_ZONE
2026-08-19,2481,136.5,99.64178249032813,9.163208852005535,54,0.6111111111111112,20.0,62.51667029343315,False,LOW_ZONE
2026-08-19,2482,15.600000381469727,83.80718173153018,78.2331060143951,60,0.5333333333333333,20.0,72.70043102305783,False,LIQUIDITY
2026-08-19,2483,36.20000076293945,94.24860792506578,2.7693225030635054,31,0.41935483870967744,20.0,53.54755816457593,False,LOW_ZONE
2026-08-19,2484,73.0,93.70732424205414,0.0,34,0.5588235294117647,20.0,56.876903154969185,False,LOW_ZONE
2026-08-19,2485,40.349998474121094,76.1028149539142,26.28088123525054,57,0.5263157894736842,50.0,52.690538479197414,False,LOW_ZONE
2026-08-19,2486,235.0,92.73509240962454,0.0,55,0.5818181818181818,50.0,52.775073177432816,False,LOW_ZONE
2026-08-19,2488,48.599998474121094,55.74884699059786,52.774868071122114,20,0.5,20.0,56.91837111495988,False,LIQUIDITY
2026-08-19,2489,31.299999237060547,79.26266926685577,3.333338943182096,37,0.2972972972972973,50.0,41.03105443477118,False,LOW_ZONE
2026-08-19,2491,38.150001525878906,88.45879246201943,0.0,74,0.6486486486486487,20.0,57.99709719806529,False,LIQUIDITY
2026-08-19,2492,298.0,98.83956347834675,1.9593787335722812,72,0.5277777777777778,20.0,57.97504706023042,False,LOW_ZONE
2026-08-19,2493,183.0,96.87442544585402,16.654728750411792,18,0.4444444444444444,20.0,58.559343154692485,False,LOW_ZONE
2026-08-19,2495,37.29999923706055,92.86922780207881,14.044315850954003,44,0.4772727272727273,20.0,57.690029121543965,False,LOW_ZONE
2026-08-19,2496,54.70000076293945,25.02602991324691,90.24607551595491,15,0.2,20.0,48.0693278529628,False,LIQUIDITY
2026-08-19,2497,44.599998474121094,89.04609757958671,60.81901069194922,51,0.6078431372549019,50.0,67.65387606451037,False,LOW_ZONE
2026-08-19,2498,39.849998474121094,82.0301553934541,34.09788008442902,90,0.5111111111111111,20.0,60.46684997247681,False,LOW_ZONE
2020-04-06,2499,4.12,77.22567287784678,94.04317841478267,12,0.4166666666666667,50.0,66.6784964670497,False,LIQUIDITY
2026-08-19,2501,22.799999237060547,64.75274644659797,4.444475841131976,27,0.48148148148148145,20.0,46.981387338706824,False,OSCILLATION
2026-08-19,2504,30.600000381469727,54.64285572596883,54.736713615869114,27,0.2962962962962963,50.0,46.46592401064681,False,OSCILLATION
2026-08-19,2505,18.200000762939453,56.75324562730266,0.0,36,0.3333333333333333,20.0,39.025973688190795,False,LIQUIDITY
2026-08-19,2506,8.529999732971191,57.30458423111621,71.88210443840231,12,0.25,20.0,54.66190137893544,False,LIQUIDITY
2026-08-19,2509,14.149999618530273,56.256617202305854,0.0,20,0.55,20.0,45.37698516069176,False,LIQUIDITY
2026-08-19,2511,8.199999809265137,51.73955937386279,10.601359969378896,18,0.16666666666666666,20.0,35.17220780450356,False,LIQUIDITY
2026-08-19,2514,11.800000190734863,48.97411792175314,86.63049199949519,15,0.4666666666666667,20.0,62.34985837639974,False,LIQUIDITY
2026-08-19,2515,11.850000381469727,58.52516004632432,39.47335721944785,25,0.32,20.0,49.02588731875925,False,OSCILLATION
2026-08-19,2516,14.0,61.797571317656,0.0,24,0.5833333333333334,20.0,48.0392713952968,False,LIQUIDITY
2026-08-19,2520,36.70000076293945,62.978604172738955,0.0,35,0.5714285714285714,20.0,48.036438394678825,False,OSCILLATION
2026-08-19,2524,34.0,79.45726561910301,51.9936639790527,49,0.2857142857142857,20.0,57.40702425192265,False,LIQUIDITY
2026-08-19,2527,44.099998474121094,90.29589729903634,0.0,23,0.4782608695652174,20.0,53.436595276667425,False,LOW_ZONE
2026-08-19,2528,20.149999618530273,76.85254954597453,0.0,26,0.34615384615384615,20.0,45.44038024840774,False,LIQUIDITY
2026-08-19,2530,19.0,78.90127244034488,19.27443776683554,44,0.36363636363636365,20.0,51.39808208290326,False,LIQUIDITY
2026-08-19,2534,16.899999618530273,62.57388474075809,7.556269126033788,29,0.2413793103448276,20.0,39.9026120140807,False,LIQUIDITY
2026-08-19,2535,89.4000015258789,66.99808534602126,0.0,6,0.3333333333333333,20.0,42.099425603806374,False,LOW_ZONE
2026-08-19,2536,20.799999237060547,64.5530545448628,0.0,17,0.29411764705882354,20.0,40.18944577522355,False,LIQUIDITY
2026-08-19,2537,11.550000190734863,61.47186811805368,0.0,30,0.5,20.0,45.44156043541611,False,LIQUIDITY
2026-08-19,2538,9.020000457763672,54.86654005658652,85.31628900720393,22,0.4090909090909091,20.0,62.06176154150422,False,LIQUIDITY
2026-08-19,2539,33.81147384643555,54.559834322391104,1.5422232387315786,10,0.6,20.0,46.75350610640022,False,OSCILLATION
2026-08-19,2540,46.29999923706055,83.8999023251458,41.150661610075645,53,0.6226415094339622,20.0,66.13688138308152,False,LOW_ZONE
2026-08-19,2542,48.150001525878906,61.28666336599254,0.0,13,0.38461538461538464,20.0,41.924460548259304,False,OSCILLATION
2026-08-19,2543,38.099998474121094,90.74415544057368,21.993948271780305,41,0.5853658536585366,50.0,57.78270930987327,False,LOW_ZONE
2026-08-19,2545,33.54999923706055,59.471202625593264,6.335630468766125,27,0.48148148148148145,50.0,41.369712849313956,False,LIQUIDITY
2026-08-19,2546,111.0,50.38922345451297,0.0,16,0.1875,20.0,32.74176703635389,False,OSCILLATION
2026-08-19,2547,10.100000381469727,73.2024541035276,37.075398758112705,29,0.4482758620689655,20.0,56.67786178265543,False,LIQUIDITY
2026-08-19,2548,93.9000015258789,56.61356682859158,55.02211373866169,17,0.35294117647058826,50.0,48.82783377736054,False,OSCILLATION
2026-08-19,2596,33.25,67.5,,13,0.46153846153846156,20.0,,False,LIQUIDITY
2026-08-19,2597,166.0,57.73960216998192,9.361702127659575,21,0.47619047619047616,20.0,45.94802046862375,False,LIQUIDITY
2026-08-19,2601,6.920000076293945,87.31384415205682,0.0,60,0.4666666666666667,20.0,52.194153245617045,False,LIQUIDITY
2026-08-19,2603,240.5,53.06408083491111,0.0,46,0.6304347826086957,20.0,46.8322677287342,False,OSCILLATION
2026-08-19,2605,36.75,85.82529000386195,0.0,48,0.5,20.0,52.747587001158585,False,LOW_ZONE
2026-08-19,2606,69.5,78.50594460891732,0.0,57,0.5964912280701754,20.0,53.44652022478046,False,LOW_ZONE
2026-08-19,2607,50.400001525878906,62.72132695432409,0.0,36,0.5,20.0,45.81639808629723,False,LIQUIDITY
2026-08-19,2608,28.399999618530273,56.89440865018145,79.43343328058666,21,0.5238095238095238,20.0,64.64096662948681,False,LIQUIDITY
2026-08-19,2609,59.0,69.8025730497982,0.0,56,0.48214285714285715,20.0,47.40505762922517,False,LOW_ZONE
2026-08-19,2610,19.899999618530273,75.11160912061587,17.860549907920763,40,0.475,20.0,53.24862021316495,False,LOW_ZONE
2026-08-19,2611,15.5,54.95944417276522,0.0,49,0.40816326530612246,20.0,40.73273121101324,False,LIQUIDITY
2026-08-19,2612,59.5,74.10186078747228,0.0,52,0.4807692307692308,20.0,48.653635159318604,False,LIQUIDITY
2026-08-19,2613,23.0,75.54412500672731,0.0,57,0.5789473684210527,20.0,52.03165855464977,False,LIQUIDITY
2026-08-19,2614,18.200000762939453,59.637423614696516,3.870910580990987,52,0.4230769230769231,20.0,43.551262421964395,False,LIQUIDITY
2026-08-19,2615,106.5,72.58580802191852,0.0,58,0.4827586206896552,20.0,48.25850102726521,False,LOW_ZONE
2026-08-19,2616,13.350000381469727,59.41928801174662,30.442800281027107,8,0.125,20.0,41.18648647378076,False,LIQUIDITY
2026-08-19,2617,30.899999618530273,59.563495801192516,0.0,38,0.42105263157894735,20.0,42.50062768772617,False,LIQUIDITY
2026-08-19,2618,41.599998474121094,81.65542562289576,0.0,31,0.5806451612903226,20.0,53.91598252557841,False,LOW_ZONE
2026-08-19,2630,51.900001525878906,93.0323062487237,0.0,51,0.6666666666666666,20.0,59.90969187461711,False,LOW_ZONE
2026-08-19,2633,25.899999618530273,48.868035609883755,0.0,0,,20.0,26.660410682965125,False,OSCILLATION
2026-08-19,2634,68.5999984741211,85.9047638423859,0.0,36,0.5833333333333334,20.0,55.27142915271577,False,LOW_ZONE
2026-08-19,2636,71.30000305175781,60.07425241744198,0.0,39,0.5641025641025641,20.0,46.945352648309516,False,LIQUIDITY
2026-08-19,2637,91.80000305175781,71.96502066446632,0.0,40,0.625,20.0,52.339506199339894,False,LOW_ZONE
2026-08-19,2640,154.5,63.00056242969629,0.0,12,0.3333333333333333,20.0,40.90016872890888,False,LIQUIDITY
2026-08-19,2641,18.35,65.37835926449786,0.0,41,0.6341463414634146,20.0,50.63789802325179,False,LIQUIDITY
2026-08-19,2642,20.25,59.49341274237638,32.718575954393714,34,0.4117647058823529,20.0,50.380608987781926,False,LIQUIDITY
2026-08-19,2643,61.9,42.963215258855584,0.0,20,0.75,20.0,47.38896457765667,False,LIQUIDITY
2026-08-19,2645,177.0,97.32718894009216,20.297345839913163,20,0.65,20.0,65.77249314200594,False,LOW_ZONE
2026-08-19,2646,20.899999618530273,56.6517858805932,0.0,8,0.375,20.0,40.24553576417796,False,OSCILLATION
2026-08-19,2701,10.550000190734863,46.37754212314779,8.273209664693598,4,0.25,20.0,35.481565053117734,False,LIQUIDITY
2026-08-19,2702,12.199999809265137,69.89795570818382,70.78489532716296,38,0.47368421052631576,50.0,60.37613686003535,False,LIQUIDITY
2026-08-19,2704,45.70000076293945,50.994322850400074,0.5231212688275205,34,0.23529411764705882,20.0,34.48790070173867,False,LIQUIDITY
2026-08-19,2705,15.5,57.0645766997975,38.12977950885069,30,0.26666666666666666,20.0,46.65181788715192,False,LIQUIDITY
2026-08-19,2706,12.399999618530273,41.677505441096,12.02271349135453,10,0.2,20.0,33.50893000516743,False,LIQUIDITY
2026-08-19,2707,178.5,44.56349206349206,0.0,17,0.4117647058823529,20.0,37.72198879551821,False,LIQUIDITY
2026-08-19,2712,14.399999618530273,71.33699424698044,46.5226097095456,49,0.3469387755102041,50.0,50.939913966786655,False,LIQUIDITY
2026-08-19,2718,49.1,54.59823983714067,0.0,22,0.22727272727272727,20.0,35.19765376932402,False,LIQUIDITY
2026-08-19,2719,21.0,46.21070049641477,71.48088950033869,19,0.3157894736842105,20.0,53.20711673453542,False,DATA_QUALITY
2026-08-19,2722,21.5,69.35645288245865,26.153796113448998,61,0.5245901639344263,20.0,55.08308981113264,False,LIQUIDITY
2026-08-19,2723,65.19999694824219,62.474116999426414,0.0,63,0.4444444444444444,20.0,44.07556843316125,False,LIQUIDITY
2026-08-19,2724,10.55,100.0,,0,,20.0,,False,DATA_QUALITY
2026-08-19,2726,8.5,63.03533664050318,72.03136795528435,57,0.42105263157894735,50.0,57.05002192834046,False,LIQUIDITY
2026-08-19,2727,234.0,58.00973020787262,0.0,34,0.4411764705882353,20.0,42.63821318000885,False,OSCILLATION
2026-08-19,2729,159.5,59.40968122786305,5.836446068774679,17,0.4117647058823529,20.0,43.63495706202317,False,LIQUIDITY
2026-08-19,2731,142.0,37.88961038961039,85.661885054085,51,0.37254901960784315,50.0,51.45882496863967,False,OSCILLATION
2026-08-19,2732,64.4,59.76580796252929,0.0,46,0.30434782608695654,20.0,39.060177171367485,False,LIQUIDITY
2026-08-19,2734,15.0,64.76775956284153,0.0,58,0.5517241379310345,20.0,47.98205200678349,False,LIQUIDITY
2026-08-19,2736,11.4,32.30158730158733,62.48214438229076,59,0.576271186440678,20.0,54.599147879269225,False,LIQUIDITY
2026-08-19,2739,35.54999923706055,65.81029558875333,0.0,48,0.375,20.0,42.993088676626,False,LIQUIDITY
2026-08-19,2740,29.7,87.86941489492736,18.952994205127084,15,0.5333333333333333,20.0,59.09907301975998,False,LIQUIDITY
2026-08-19,2743,57.3,62.85485961335117,30.466377512418415,52,0.5,50.0,48.97305226210995,False,LIQUIDITY
2026-08-19,2745,87.8,46.275295531957525,48.25543543152287,51,0.6666666666666666,50.0,53.44644751746797,False,LIQUIDITY
2026-08-19,2748,38.29999923706055,56.15054880091871,36.42150483034615,32,0.375,20.0,49.20054084786215,False,LIQUIDITY
2026-08-19,2751,54.4,61.82066404543468,0.0,1,0.0,20.0,30.546199213630405,False,LIQUIDITY
2026-08-19,2752,179.0,52.5,,5,0.6,20.0,,False,LIQUIDITY
2026-08-19,2753,185.0,59.47860962566845,0.0,15,0.4,20.0,41.843582887700535,False,LIQUIDITY
2026-08-19,2754,68.7,53.930905695611585,1.1699107852953539,28,0.25,20.0,35.971749405007316,False,LIQUIDITY
2026-08-19,2755,103.5,40.704129993229515,42.89281756136975,15,0.4,50.0,42.434443388311294,False,LIQUIDITY
2026-08-19,2756,61.1,72.39368282832672,,26,0.19230769230769232,20.0,,False,LIQUIDITY
2026-08-19,2762,81.9000015258789,67.39226628420965,42.38165147562263,6,0.0,20.0,42.81309275416855,False,LIQUIDITY
2026-08-19,2801,23.899999618530273,38.31025346371706,0.0,8,0.5,20.0,38.49307603911512,False,OSCILLATION
2025-09-17,2809,56.6,23.7644787644788,0.0,13,0.15384615384615385,20.0,23.744728244728254,False,OSCILLATION
2026-08-19,2812,19.0,41.25112236847489,0.0,1,0.0,20.0,24.375336710542467,False,OSCILLATION
2026-08-19,2816,34.20000076293945,58.645211718110325,0.0,20,0.4,20.0,41.5935635154331,False,LIQUIDITY
2026-08-19,2820,16.25,46.5021886464113,61.67494860215568,0,,20.0,41.36939374446231,False,OSCILLATION
2021-12-17,2823,30.55,33.284202569916864,3.1316599587614893,4,0.5,20.0,37.76817576066543,False,OSCILLATION
2026-08-19,2832,59.29999923706055,31.475064876875614,0.0,2,1.0,20.0,51.44251946306268,False,LIQUIDITY
2026-08-19,2834,16.399999618530273,40.10118660492729,5.923332657661032,4,0.5,20.0,40.51118914589345,False,OSCILLATION
2026-08-19,2836,11.899999618530273,58.11594500863548,4.794257407186603,10,0.0,20.0,30.633347854387296,False,OSCILLATION
2026-08-19,2838,20.049999237060547,54.92843361363914,11.081220934581655,7,0.5714285714285714,20.0,48.3916924605943,False,OSCILLATION
2022-04-06,2841,2.68,80.24316109422492,94.46046101337869,17,0.7058823529411765,85.0,71.11453416984745,False,OFFICIAL_STATUS
2026-08-19,2845,13.5,37.38008835616791,0.0,4,0.0,20.0,23.214026506850374,False,OSCILLATION
2026-08-19,2849,14.050000190734863,54.61593723982767,22.730184298648858,11,0.2727272727272727,20.0,42.2491454284287,False,LIQUIDITY
2026-08-19,2850,159.5,52.43601383541946,0.0,15,0.3333333333333333,20.0,37.730804150625836,False,OSCILLATION
2026-08-19,2851,40.20000076293945,66.34386062161194,0.0,11,0.09090909090909091,20.0,34.63043091375631,False,LOW_ZONE
2026-08-19,2852,27.649999618530273,55.440729483282674,0.0,5,0.0,20.0,28.632218844984802,False,LIQUIDITY
2026-08-19,2855,45.849998474121094,88.73816907678136,0.0,11,0.45454545454545453,20.0,52.25781435939804,False,LOW_ZONE
2018-09-17,2856,10.95,59.332443257676914,1.4765805489468613,0,,20.0,30.168878114539787,False,OSCILLATION
2026-08-19,2867,9.699999809265137,42.556692260098416,0.0,20,0.2,20.0,30.767007678029522,False,LIQUIDITY
2026-08-19,2880,39.0,82.59178730854576,12.949385936587785,4,0.5,20.0,55.01488267671067,False,LOW_ZONE
2026-08-19,2881,128.5,67.8340103020014,0.0,10,0.3,20.0,41.35020309060042,False,LOW_ZONE
2026-08-19,2882,98.30000305175781,74.51869436166132,0.0,6,0.6666666666666666,20.0,54.35560830849839,False,LOW_ZONE
2026-08-19,2883,30.399999618530273,64.45149981873799,0.0,8,0.625,20.0,50.08544994562139,False,OSCILLATION
2026-08-19,2884,37.79999923706055,48.09616751690866,0.0,8,0.25,20.0,33.9288502550726,False,OSCILLATION
2026-08-19,2885,62.5,79.85716550571412,1.6864959875933443,9,0.7777777777777778,20.0,59.71210698194591,False,LOW_ZONE
2026-08-19,2886,47.04999923706055,49.033567336567074,7.114272716922837,7,0.2857142857142857,20.0,37.0600669516294,False,OSCILLATION
2026-08-19,2887,36.400001525878906,53.012094555138965,0.0,3,0.3333333333333333,20.0,37.90362836654169,False,OSCILLATION
2025-07-11,2888,11.8,67.9742388758782,0.0,8,0.125,20.0,36.14227166276346,False,LOW_ZONE
2026-08-19,2889,15.550000190734863,41.16214044398111,0.0,9,0.2222222222222222,20.0,31.015308799860996,False,OSCILLATION
2026-08-19,2890,39.400001525878906,49.374172756989665,0.0,15,0.06666666666666667,20.0,28.8122518270969,False,OSCILLATION
2026-08-19,2891,64.9000015258789,68.65609463977833,0.0,6,0.16666666666666666,20.0,37.5968283919335,False,LOW_ZONE
2026-08-19,2892,33.599998474121094,46.422134438031335,2.9542366317860886,4,0.25,20.0,34.16519948935592,False,OSCILLATION
2026-08-19,2897,10.149999618530273,49.253251679247676,0.0,5,0.2,20.0,32.775975503774305,False,OSCILLATION
2026-08-19,2901,23.25,59.75454465983789,31.633456874421498,7,0.14285714285714285,20.0,42.120441902271025,False,LIQUIDITY
2026-08-19,2903,22.25,59.4969799319468,2.9343820813210186e-05,9,0.2222222222222222,20.0,36.51576798220591,False,OSCILLATION
2026-08-19,2904,12.699999809265137,26.97594487191619,85.73367361287478,1,0.0,50.0,37.02620186479355,False,LIQUIDITY
2026-08-19,2905,17.450000762939453,51.928119460201216,0.0,12,0.4166666666666667,20.0,40.078435838060365,False,LIQUIDITY
2026-08-19,2906,13.6,67.65687583444593,0.0,34,0.5,20.0,47.29706275033378,False,LIQUIDITY
2026-08-19,2908,21.600000381469727,41.240594794534395,4.154310113226989,3,0.0,20.0,25.410755966667068,False,LIQUIDITY
2026-08-19,2910,24.399999618530273,94.15992700128106,0.0,24,0.375,20.0,51.497978100384316,False,LIQUIDITY
2026-08-19,2911,6.659999847412109,81.71580498009055,75.56009799763856,31,0.6129032258064516,20.0,73.79186276763036,False,LIQUIDITY
2026-08-19,2912,218.5,72.70817417876242,14.503599509286426,12,0.25,20.0,44.938352130950335,False,LOW_ZONE
2026-08-19,2913,11.0,73.2363335423399,0.0,27,0.4444444444444444,20.0,47.3042333960353,False,LIQUIDITY
2026-08-19,2915,61.79999923706055,44.10746701615895,0.0,27,0.25925925925925924,20.0,33.01001788262546,False,OSCILLATION
2026-08-19,2916,40.15,35.0,23.408846752286887,8,0.125,50.0,27.602211688071723,False,LIQUIDITY
2026-08-19,2923,22.899999618530273,99.6265176390689,67.1897005083461,76,0.5921052631578947,20.0,76.44853831354403,False,LIQUIDITY
2026-08-19,2924,17.4,96.1523728121302,,1,0.0,20.0,,False,DATA_QUALITY
2026-08-19,2926,30.4,30.97619047619048,46.22817978817554,9,0.3333333333333333,50.0,38.34990208990103,False,DATA_QUALITY
2021-10-13,2928,31.85,27.5,0.0,32,0.53125,20.0,36.1875,False,LIQUIDITY
2026-08-19,2929,5.659999847412109,80.50581048703354,19.051720169014057,67,0.4925373134328358,20.0,55.690792591348654,False,LIQUIDITY
2022-06-24,2936,40.35,45.0,,5,0.8,0.0,,False,LIQUIDITY
2026-08-19,2937,48.2,60.0,,4,0.25,20.0,,False,DATA_QUALITY
2026-08-19,2939,18.799999237060547,88.67595481121559,34.10321693629683,73,0.4794520547945205,50.0,57.01215232127449,False,LIQUIDITY
2026-08-19,2941,30.0,84.97409524483413,,0,,0.0,,False,DATA_QUALITY
2026-08-19,2945,39.79999923706055,54.789917595600116,84.61670751696435,16,0.5625,20.0,66.46615215792113,False,LIQUIDITY
2026-08-18,2947,62.2,45.0,,0,,20.0,,False,DATA_QUALITY
2026-08-19,2948,37.35,100.0,,0,,20.0,,False,DATA_QUALITY
2026-08-19,2949,61.0,76.43841263107903,,6,0.0,20.0,,False,DATA_QUALITY
2026-08-19,3002,16.649999618530273,97.78818615004946,19.703470405136343,49,0.4489795918367347,20.0,59.73171120140096,False,LIQUIDITY
2026-08-19,3003,64.5,97.16874350896778,0.0,62,0.46774193548387094,20.0,55.18288111720646,False,LOW_ZONE
2026-08-19,3004,121.5,94.02139710509755,61.255131294799355,51,0.6470588235294118,20.0,74.93196666111145,False,LOW_ZONE
2026-08-19,3005,117.5,83.60226590541282,0.0,35,0.6285714285714286,20.0,55.937822628766696,False,LOW_ZONE
2026-08-19,3006,245.5,98.08206439614088,0.0,65,0.6,20.0,59.42461931884226,False,LOW_ZONE
2026-08-19,3008,5550.0,88.2275771594283,0.0,52,0.5769230769230769,20.0,55.77596545552079,False,LIQUIDITY
2026-08-19,3010,130.0,88.81261962950299,0.0,21,0.2857142857142857,20.0,47.21521446027947,False,LOW_ZONE
2026-08-19,3011,10.449999809265137,86.80935276206394,93.40612857086397,53,0.660377358490566,50.0,76.70565872605215,False,LIQUIDITY
2026-08-19,3013,83.30000305175781,83.07337766424045,25.03400424442028,65,0.5538461538461539,50.0,55.295898975761816,False,LOW_ZONE
2026-08-19,3014,131.5,83.83792107526497,0.8163265306122458,40,0.6,20.0,55.35545795523255,False,LOW_ZONE
2026-08-19,3015,53.70000076293945,99.01517746016215,20.573902451472755,31,0.41935483870967744,20.0,59.42867401220715,False,LOW_ZONE
2026-08-19,3016,102.0,93.86964082781262,3.3333333333333326,64,0.625,50.0,55.244225581677114,False,LOW_ZONE
2026-08-19,3017,3095.0,93.5627630601634,0.0,50,0.8,20.0,64.06882891804902,False,LIQUIDITY
2026-08-19,3018,13.399999618530273,85.93019288748884,0.0,72,0.5,20.0,52.77905786624665,False,LIQUIDITY
2026-08-19,3019,136.5,93.70673379483952,0.0,75,0.5466666666666666,20.0,56.51202013845186,False,LOW_ZONE
2026-08-19,3021,19.950000762939453,99.2412758506795,66.32200411946795,53,0.6037735849056604,20.0,76.46609133224065,False,LIQUIDITY
2026-08-19,3022,91.9000015258789,91.40989615154015,0.0,37,0.4864864864864865,20.0,54.01756344005664,False,LOW_ZONE
2026-08-19,3023,322.0,98.74134675896791,0.0,40,0.475,20.0,55.87240402769037,False,LOW_ZONE
2026-08-19,3024,13.449999809265137,72.3087713937382,0.0,53,0.39622641509433965,20.0,45.57942387095164,False,LIQUIDITY
2026-08-19,3025,56.400001525878906,72.69826169535725,5.3146838223103465,75,0.6666666666666666,50.0,50.63814946418476,False,LIQUIDITY
2026-08-19,3026,690.0,95.47474528506395,0.0,27,0.5555555555555556,20.0,57.309090252185854,False,OFFICIAL_STATUS
2026-08-19,3027,17.75,86.5429168478347,64.09349706315234,68,0.5441176470588235,20.0,70.30977873190321,False,LIQUIDITY
2026-08-19,3028,65.5999984741211,91.04662693125172,12.792035962956174,2,0.5,50.0,53.01199707011456,False,LOW_ZONE
2026-08-19,3029,110.0,81.04403460559394,0.0,33,0.5757575757575758,20.0,53.585937654405456,False,LOW_ZONE
2026-08-19,3030,285.0,83.15602836879432,19.585410342636287,29,0.5517241379310345,50.0,53.8948852342284,False,LOW_ZONE
2026-08-19,3031,22.100000381469727,83.98629515914374,34.89439645022076,48,0.625,50.0,60.16948766029831,False,LIQUIDITY
2026-08-19,3032,77.9000015258789,92.2476044636679,8.333333333333334,23,0.4782608695652174,20.0,56.10544075939022,False,LOW_ZONE
2026-08-19,3033,45.0,95.38461535881862,31.97119420494322,14,0.42857142857142855,20.0,61.46532601602424,False,LOW_ZONE
2026-08-19,3034,534.0,95.08125780247953,0.0,53,0.5660377358490566,20.0,57.50550941621556,False,LOW_ZONE
2026-08-19,3035,172.5,91.74443646805456,8.837363583308697,70,0.5428571428571428,20.0,58.01838612195783,False,LOW_ZONE
2026-08-19,3036,201.5,78.92962494732406,21.3032340178577,32,0.53125,50.0,52.44219598866164,False,LOW_ZONE
2026-08-19,3037,1130.0,96.0285941223193,0.0,62,0.532258064516129,20.0,56.77632017217966,False,LIQUIDITY
2026-08-19,3038,20.350000381469727,60.89341087645101,48.828492725463015,38,0.5,50.0,52.97514644430105,False,LIQUIDITY
2026-08-19,3040,37.75,76.40185919083581,0.0,23,0.5217391304347826,50.0,46.07273167029422,False,LIQUIDITY
2026-08-19,3041,22.299999237060547,92.3527494448921,23.61775776115108,79,0.5569620253164557,20.0,62.319125033249065,False,LIQUIDITY
2026-08-19,3042,186.0,99.0407980560174,0.0,36,0.4444444444444444,20.0,55.04557275013855,False,LOW_ZONE
2026-08-19,3043,21.049999237060547,97.57367665505659,0.0,96,0.7708333333333334,20.0,64.39710299651698,False,LIQUIDITY
2026-08-19,3044,480.5,98.85815782796244,0.0,28,0.4642857142857143,20.0,55.58601877696016,False,LOW_ZONE
2026-08-19,3045,113.5,72.4937343358396,0.0,0,,20.0,33.74812030075188,False,LOW_ZONE
2026-08-19,3046,58.70000076293945,95.15593721358694,0.0,62,0.5483870967741935,20.0,56.99839406730189,False,LOW_ZONE
2026-08-19,3047,13.699999809265137,88.57975348771612,51.826035175797074,78,0.5641025641025641,20.0,68.45351176334103,False,LIQUIDITY
2026-08-19,3048,57.0,89.8581347260734,0.0,35,0.42857142857142855,20.0,51.814583274964875,False,LOW_ZONE
2026-08-19,3049,10.699999809265137,94.09323934876696,20.395326116058982,59,0.4576271186440678,50.0,54.55561689296687,False,LIQUIDITY
2026-08-19,3050,11.399999618530273,74.38565654026262,11.88406566290394,56,0.5357142857142857,20.0,53.35814194923334,False,LIQUIDITY
2026-08-19,3051,22.149999618530273,83.76155011913467,28.37629429751317,53,0.6981132075471698,50.0,60.66593483653378,False,LIQUIDITY
2026-08-19,3052,11.300000190734863,57.29591836734694,0.0,17,0.5294117647058824,20.0,45.07112845138055,False,LIQUIDITY
2026-08-19,3054,51.5,86.51564585068876,15.111110401915466,44,0.4772727272727273,50.0,51.55065317386731,False,LIQUIDITY
2026-08-19,3055,115.0,99.46880089854264,0.0,55,0.509090909090909,20.0,57.113367542290064,False,LOW_ZONE
2026-08-19,3056,14.0,62.92576074124831,1.2242714321672696,25,0.52,20.0,46.78379608041631,False,LIQUIDITY
2026-08-19,3057,17.25,94.61101380631686,0.0,63,0.47619047619047616,50.0,50.16901842760934,False,LIQUIDITY
2026-08-19,3058,8.109999656677246,75.5261779510283,67.81052272284002,59,0.5084745762711864,20.0,66.86472135415409,False,LIQUIDITY
2026-08-19,3059,39.25,90.25767221905465,24.84004726259336,57,0.5614035087719298,20.0,62.129418744522624,False,LOW_ZONE
2026-08-19,3060,27.549999237060547,98.45761020357627,40.253931759222894,74,0.6621621621621622,20.0,71.46563086574346,False,LOW_ZONE
2026-08-19,3062,20.299999237060547,68.33903465153777,30.359134510568545,63,0.6031746031746031,50.0,53.68673211834156,False,LOW_ZONE
2026-08-04,3064,19.6,97.41788964674446,,22,0.4090909090909091,0.0,,False,OFFICIAL_STATUS
2026-08-19,3066,23.0,97.47403873140613,0.0,47,0.6808510638297872,20.0,61.66774353431545,False,LIQUIDITY
2026-08-19,3067,17.1,52.5,,14,0.42857142857142855,20.0,,False,DATA_QUALITY
2026-08-19,3071,24.4,85.30318602261048,74.44995252382631,50,0.5,50.0,66.70344393773972,False,LIQUIDITY
2026-08-19,3073,22.65,83.65152968440276,0.0,45,0.4,20.0,49.095458905320825,False,LIQUIDITY
2026-08-19,3078,53.1,69.22268907563026,0.0,37,0.3783783783783784,20.0,44.11815807404042,False,LOW_ZONE
2026-08-19,3081,2680.0,97.61092150170649,0.0,77,0.6363636363636364,20.0,60.374185541421035,False,LIQUIDITY
2026-08-19,3083,23.35,45.939571932233044,78.63327094381849,70,0.4,20.0,57.44018931562454,False,LIQUIDITY
2026-08-19,3085,11.95,80.15154005674977,,29,0.3448275862068966,0.0,,False,DATA_QUALITY
2026-08-19,3086,26.35,86.0392967942089,67.80656251835644,35,0.6571428571428571,50.0,69.97771538213749,False,DATA_QUALITY
2026-08-19,3088,126.5,95.8654120330767,20.136565450761488,30,0.36666666666666664,20.0,56.79376497261338,False,LOW_ZONE
2023-07-19,3089,81.0,92.71756281102076,9.542136159678087,17,0.8235294117647058,20.0,66.90668523616692,False,OFFICIAL_STATUS
2026-08-19,3090,177.5,94.32036965729688,0.0,23,0.6956521739130435,20.0,61.165676114580364,False,LOW_ZONE
2021-05-12,3092,65.3,96.00709849157055,40.08594628033467,7,0.5714285714285714,20.0,67.96647326041197,False,LOW_ZONE
2026-08-19,3093,48.2,94.96254197881684,2.8653295128939726,27,0.2962962962962963,50.0,45.59398386075743,False,LIQUIDITY
2026-08-19,3094,36.25,99.72811426997781,0.0,62,0.5645161290322581,20.0,58.85391815196108,False,LOW_ZONE
2026-08-19,3095,36.7,76.0605461452281,,29,0.6206896551724138,20.0,,False,DATA_QUALITY
2026-08-19,3105,363.5,87.67762751424452,3.3333333333333326,78,0.5384615384615384,50.0,50.790467741452844,False,LOW_ZONE
2026-08-19,3114,31.95,98.0623973727422,24.790841381301817,40,0.5,20.0,62.61642955714811,False,LOW_ZONE
2026-08-19,3115,8.89,98.16491489544386,,18,0.5,20.0,,False,DATA_QUALITY
2026-08-19,3118,31.65,60.0,,11,0.18181818181818182,20.0,,False,DATA_QUALITY
2026-08-19,3122,25.25,81.63468964359373,19.778656432837483,82,0.5121951219512195,50.0,52.30092465982408,False,LIQUIDITY
2026-08-19,3128,21.8,84.54820046385706,4.999999999999999,66,0.5151515151515151,20.0,54.06900559370257,False,LIQUIDITY
2026-08-19,3130,211.5,42.13133640552995,0.0,0,,20.0,24.639400921658982,False,LIQUIDITY
2026-08-19,3131,2355.0,94.72110623189761,45.715884974403714,48,0.6666666666666666,50.0,67.3453031131702,False,LIQUIDITY
2026-08-19,3135,153.0,89.67400580303806,34.794919327733126,1,1.0,50.0,73.1009315728447,False,LOW_ZONE
2026-08-19,3138,95.4000015258789,75.0,29.531217914742015,60,0.5333333333333333,50.0,53.3828044786855,False,LIQUIDITY
2026-08-19,3141,71.1,95.78491683754842,0.0,68,0.6323529411764706,20.0,59.706063286558646,False,LOW_ZONE
2021-12-13,3144,38.2,38.50649350649334,0.0,28,0.5714285714285714,0.0,43.69480519480514,False,LIQUIDITY
2026-08-19,3147,221.5,96.62264341163424,6.944059786094889,43,0.6744186046511628,20.0,62.955366109548876,False,LOW_ZONE
2026-08-19,3149,64.80000305175781,99.92552583465442,51.12621368244411,84,0.6071428571428571,20.0,72.97349688529306,False,LOW_ZONE
2026-08-19,3150,17.149999618530273,85.4426306756082,0.0,76,0.5526315789473685,50.0,49.711736571103515,False,LIQUIDITY
2026-08-19,3152,223.0,100.0,,77,0.6233766233766234,20.0,,False,DATA_QUALITY
2026-08-19,3158,82.8,45.0,,0,,20.0,,False,DATA_QUALITY
2026-08-19,3162,62.2,82.14285714285714,27.00801443625133,45,0.6666666666666666,50.0,58.89486075191997,False,LOW_ZONE
2026-08-19,3163,710.0,85.3989019974302,0.0,51,0.6862745098039216,50.0,53.707905893346705,False,OFFICIAL_STATUS
2026-08-19,3164,15.850000381469727,38.78882416812067,34.22257267238904,28,0.6071428571428571,20.0,50.40657613281917,False,LIQUIDITY
2026-08-19,3167,693.0,94.10571682088985,0.0,45,0.5555555555555556,50.0,52.39838171293363,False,LOW_ZONE
2026-08-19,3168,41.349998474121094,65.42919583194019,46.68017110518307,26,0.23076923076923078,20.0,50.22187844895475,False,LIQUIDITY
2026-08-19,3169,100.0,84.50433775400506,14.739057239057226,57,0.6666666666666666,50.0,56.53606563596583,False,LIQUIDITY
2026-08-19,3171,63.2,42.55424954792044,80.09732277140019,14,0.35714285714285715,20.0,55.504891271511895,False,LIQUIDITY
2026-08-19,3176,34.0,78.9468345346429,0.0,67,0.47761194029850745,20.0,50.012408569348096,False,LIQUIDITY
2026-08-19,3178,58.1,87.04398227071259,18.34281106650996,64,0.53125,50.0,54.13639744784127,False,LIQUIDITY
2026-08-19,3188,23.85,64.54142011834318,0.0,23,0.4782608695652174,20.0,45.71025212245947,False,LIQUIDITY
2026-08-19,3189,849.0,94.22410473623412,0.0,66,0.6363636363636364,20.0,59.358140511779325,False,LOW_ZONE
2026-08-19,3191,18.15,97.78920249715932,28.86243386243389,54,0.5925925925925926,20.0,66.33014699253404,False,LIQUIDITY
2025-04-02,3202,3.96,79.50428979980936,94.57397387125945,72,0.5694444444444444,85.0,66.828113741091,False,OFFICIAL_STATUS
2026-08-19,3205,48.25,59.11399755213047,42.04464369139275,81,0.5061728395061729,50.0,50.930545373672516,False,LIQUIDITY
2026-08-19,3206,34.9,80.61396582543775,0.0,11,0.7272727272727273,20.0,58.00237156581314,False,LIQUIDITY
2026-08-19,3207,39.5,81.48794970310863,74.99190375119342,35,0.6285714285714286,50.0,69.55150370587378,False,LIQUIDITY
2026-08-19,3209,50.79999923706055,81.56424476915977,85.83193095354639,14,0.5,50.0,68.42725616913452,False,MR_PROBABILITY
2026-08-19,3211,369.0,95.93150781858063,6.666666666666668,27,0.5555555555555556,20.0,59.11278567890753,False,LOW_ZONE
2026-08-19,3213,132.5,92.89246357302407,0.0,18,0.5555555555555556,20.0,56.53440573857389,False,LOW_ZONE
2026-08-19,3217,136.0,65.84493889784912,75.8524346775949,61,0.5573770491803278,50.0,62.9379018141633,False,MR_PROBABILITY
2026-08-19,3218,136.0,79.90624585381137,0.0,55,0.41818181818181815,20.0,48.517328301597956,False,LIQUIDITY
2026-08-19,3219,69.2,87.52117447769622,0.0,42,0.5952380952380952,50.0,51.61349520045172,False,LIQUIDITY
2026-08-19,3221,47.85,92.70654934152248,0.0,49,0.6122448979591837,20.0,58.179311741232254,False,LOW_ZONE
2026-08-19,3224,34.3,67.40336864642329,45.7953187357945,51,0.4117647058823529,50.0,51.5227814543462,False,LIQUIDITY
2026-08-19,3226,52.5,71.54044205258587,,5,0.2,20.0,,False,DATA_QUALITY
2026-08-19,3227,198.0,91.23525297577325,4.166666666666666,72,0.5277777777777778,50.0,51.74557589273198,False,LOW_ZONE
2026-08-19,3228,139.0,78.8961038961039,54.39807866957175,76,0.6710526315789473,50.0,64.89992978359253,False,LIQUIDITY
2026-08-19,3229,51.79999923706055,95.14391750681006,0.0,84,0.44047619047619047,20.0,53.75746096632873,False,LOW_ZONE
2026-08-19,3230,41.1,92.73034657650042,0.0,54,0.5185185185185185,20.0,55.37465952850568,False,LOW_ZONE
2026-08-19,3231,182.0,92.37170596393898,0.0,34,0.38235294117647056,20.0,51.18210002447581,False,LOW_ZONE
2026-08-19,3232,19.5,66.56566950432173,44.60503551601203,69,0.4927536231884058,20.0,57.903568425951704,False,LIQUIDITY
2026-08-19,3234,147.5,92.11110678250029,0.0,73,0.726027397260274,20.0,61.41415395255831,False,LOW_ZONE
2026-08-19,3236,46.65,94.78443837578905,0.0,51,0.45098039215686275,20.0,53.964743277442594,False,LOW_ZONE
2026-08-19,3252,15.8,22.056277056277064,76.10523758852904,26,0.4230769230769231,50.0,45.83550020632307,False,LIQUIDITY
2026-08-19,3257,49.599998474121094,97.05195722841864,47.65624048322739,52,0.5192307692307693,20.0,68.60657036625553,False,LIQUIDITY
2026-08-19,3259,11.35,84.34688736955738,98.33333333333333,61,0.47540983606557374,50.0,71.64969462616776,False,OFFICIAL_STATUS
2026-08-19,3260,395.0,98.62742944987372,1.6666666666666663,51,0.49019607843137253,50.0,52.210777854569955,False,LOW_ZONE
2026-08-19,3264,206.5,97.71271729185727,8.333333333333334,49,0.5714285714285714,20.0,60.54000566374766,False,LOW_ZONE
2026-08-19,3265,180.5,98.22904368358914,0.0,46,0.6086956521739131,20.0,59.729582670294135,False,LOW_ZONE
2026-08-19,3266,13.600000381469727,46.377552354995835,9.252969886421527,39,0.20512820512820512,20.0,34.38035433195029,False,LIQUIDITY
2026-08-19,3268,18.4,99.13156752062528,44.696468049125585,76,0.6052631578947368,20.0,71.07148200531108,False,LIQUIDITY
2026-08-19,3272,14.1,67.56794685077925,17.41169822333607,79,0.5569620253164557,50.0,48.83216937056146,False,LIQUIDITY
2026-08-19,3276,14.45,99.25205684367988,40.018649812569116,58,0.39655172413793105,20.0,63.676831230384174,False,LIQUIDITY
2026-08-19,3284,20.6,93.16017316017316,3.3773578478790327,54,0.5370370370370371,20.0,56.90350252113282,False,LIQUIDITY
2026-08-19,3285,36.65,93.30357142857143,4.391505864802432,57,0.47368421052631576,20.0,55.299474210561506,False,LIQUIDITY
2026-08-19,3287,38.0,91.2137975919297,0.0,73,0.5342465753424658,20.0,55.391536537852886,False,LIQUIDITY
2026-08-19,3288,22.25,92.46231155778895,0.9551039737341904,21,0.5714285714285714,20.0,57.120326603627376,False,DATA_QUALITY
2026-08-19,3289,135.0,90.93546047860768,53.541348410853594,59,0.4067796610169492,50.0,60.36936507680418,False,LOW_ZONE
2026-08-19,3290,50.9,97.07099898461298,37.475226418092745,47,0.5531914893617021,20.0,67.08585098075815,False,LOW_ZONE
2026-08-19,3293,749.0,79.0736234278321,0.0,44,0.5681818181818182,20.0,52.76754157380418,False,LOW_ZONE
2026-08-19,3294,30.5,85.7865574560347,9.352374620775414,81,0.6172839506172839,50.0,54.092579410522774,False,LIQUIDITY
2026-08-19,3296,24.399999618530273,93.46504728258903,0.0,62,0.5645161290322581,20.0,56.97499805574445,False,LIQUIDITY
2026-08-19,3297,26.95,94.97410904660372,13.956018382421194,76,0.5789473684210527,50.0,56.849658362217994,False,LIQUIDITY
2018-11-21,3299,37.6,75.01883002761737,18.434782608695645,1,0.0,50.0,34.614344660459125,False,LIQUIDITY
2026-08-19,3303,52.8,93.83866861246419,0.0,21,0.38095238095238093,20.0,51.58017201231068,False,LIQUIDITY
2026-08-19,3305,109.5,83.36594911937378,8.362541543473242,46,0.6956521739130435,50.0,55.46998533907174,False,LOW_ZONE
2026-08-19,3306,44.2,71.84834614915226,11.266666666666577,63,0.6349206349206349,20.0,55.41878955903137,False,LIQUIDITY
2026-08-19,3308,19.799999237060547,98.5827669118892,8.79630676185511,84,0.5714285714285714,20.0,60.91676390688768,False,LIQUIDITY
2026-08-19,3310,69.5,68.92446633825944,0.0,39,0.3333333333333333,20.0,42.67733990147783,False,LIQUIDITY
2026-08-19,3311,31.399999618530273,86.39540730153723,76.94554006038837,38,0.7105263157894737,20.0,78.47079667924247,False,LIQUIDITY
2026-08-19,3312,51.29999923706055,99.51298815300524,0.0,39,0.5384615384615384,20.0,58.00774259974772,False,LOW_ZONE
2026-08-19,3313,10.25,72.31038247534953,49.91180397712122,70,0.44285714285714284,50.0,54.956780022599446,False,LIQUIDITY
2026-08-19,3317,66.9,92.99065420560748,33.003756853661045,65,0.6153846153846154,20.0,66.60967393663597,False,LOW_ZONE
2026-08-19,3321,18.049999237060547,97.64521212835045,39.270092110695764,86,0.5348837209302325,20.0,67.15759829408606,False,LIQUIDITY
2026-08-19,3322,11.25,93.80466472303206,33.83809968596467,73,0.6301369863013698,50.0,63.005033927441886,False,LIQUIDITY
2026-08-19,3323,29.55,88.83009994121105,14.385550692941813,61,0.5737704918032787,50.0,54.95853240969713,False,LIQUIDITY
2026-08-19,3324,989.0,99.21507064364206,0.0,60,0.7,50.0,58.26452119309262,False,LOW_ZONE
2026-08-19,3325,11.3,85.22438985161249,75.86381311389593,84,0.5119047619047619,20.0,71.89041309110058,False,LIQUIDITY
2026-08-19,3332,62.0,75.0,,10,0.8,20.0,,False,DATA_QUALITY
2026-08-19,3338,61.5,90.78540169277672,27.00463786790631,54,0.4444444444444444,50.0,54.82011330814292,False,LIQUIDITY
2026-08-19,3339,37.65,91.37228763978376,0.0,50,0.72,50.0,56.51168629193513,False,LOW_ZONE
2026-08-19,3346,19.899999618530273,94.08553244948399,9.742238217478938,57,0.5087719298245614,20.0,57.924377183951776,False,LIQUIDITY
2026-08-19,3349,23.5,87.36263736263734,0.0,9,0.5555555555555556,20.0,54.87545787545787,False,LIQUIDITY
2026-08-19,3354,20.15,77.71952817824376,47.63936533254585,70,0.7285714285714285,50.0,64.58284264375246,False,LIQUIDITY
2026-08-19,3356,63.0,92.41820300219024,0.0,53,0.6415094339622641,20.0,58.97074391952499,False,LOW_ZONE
2026-08-19,3357,218.5,93.94303175815782,0.8163265306122458,34,0.6470588235294118,20.0,59.798755865982756,False,LOW_ZONE
2026-08-19,3360,15.7,98.04941482444734,13.858950210076188,47,0.574468085106383,20.0,62.11360455304474,False,LIQUIDITY
2026-08-19,3362,181.5,90.39177714881573,0.0,75,0.64,20.0,58.31753314464472,False,OFFICIAL_STATUS
2026-08-19,3363,584.0,89.63771555133681,0.0,41,0.5609756097560976,50.0,51.220582958083966,False,LOW_ZONE
2026-08-19,3372,14.85,84.49104412407165,64.11003383565169,54,0.6666666666666666,50.0,68.87482169613442,False,LIQUIDITY
2026-08-19,3373,16.4,56.59863945578229,18.888888888889092,50,0.42,20.0,46.301814058956964,False,LIQUIDITY
2026-08-19,3374,299.0,96.72052471604543,0.0,69,0.6231884057971014,20.0,59.711809588726666,False,LOW_ZONE
2026-08-19,3376,186.5,91.85043144774689,2.4999999999999996,43,0.5348837209302325,50.0,51.72664106223104,False,LOW_ZONE
2026-08-19,3379,29.1,80.43676069153774,10.0,65,0.5538461538461539,50.0,50.74641282284594,False,LIQUIDITY
2026-08-19,3380,27.149999618530273,88.44046449140744,54.93710784925821,50,0.52,50.0,63.366416309736785,False,LOW_ZONE
2022-09-23,3383,1.7,75.0,46.353207154448405,56,0.5357142857142857,50.0,57.65973036004067,False,OFFICIAL_STATUS
2026-08-19,3388,93.3,94.1517544736579,0.0,0,,20.0,40.24552634209737,False,LOW_ZONE
2026-08-19,3390,21.5,81.01287933042063,75.01985082377678,52,0.5769230769230769,50.0,67.86651881276269,False,LIQUIDITY
2026-08-19,3402,122.0,93.85245901639344,24.826731411864362,27,0.5555555555555556,20.0,63.02908722455079,False,LOW_ZONE
2026-08-19,3406,657.0,96.44204851752022,0.0,66,0.5606060606060606,20.0,57.75079637343788,False,LOW_ZONE
2026-08-19,3413,288.5,91.96013289036546,63.69389457563187,56,0.5892857142857143,20.0,73.19008493958903,False,LOW_ZONE
2026-08-19,3416,176.5,95.91836734693878,0.0,19,0.3157894736842105,20.0,50.24919441460795,False,LOW_ZONE
2026-08-19,3419,12.050000190734863,74.73416960082204,22.573423730454003,78,0.48717948717948717,50.0,50.17899142824473,False,LIQUIDITY
2026-06-01,3426,47.8,45.0,,0,,0.0,,False,DATA_QUALITY
2018-09-17,3428,34.65,78.78117822664086,14.030303030303052,1,1.0,50.0,64.64192922556802,False,LIQUIDITY
2026-08-19,3430,117.5,86.53138188021909,0.0,30,0.5666666666666667,50.0,50.459414564065725,False,LOW_ZONE
2019-01-18,3431,2.27,100.0,,0,,20.0,,False,OFFICIAL_STATUS
2026-08-19,3432,14.399999618530273,80.9292687945063,88.69936399637288,66,0.45454545454545453,50.0,67.58998527380874,False,LIQUIDITY
2026-08-19,3434,30.75,80.24465473382509,0.0,50,0.56,20.0,52.87339642014753,False,LIQUIDITY
2026-08-19,3437,16.75,79.01933050447903,40.164523537698905,84,0.5357142857142857,50.0,57.318358607197005,False,LIQUIDITY
2026-08-19,3438,57.5,92.14124232963721,1.6666666666666663,61,0.6065573770491803,50.0,53.75576067703324,False,LIQUIDITY
2026-08-19,3441,88.5,91.01727225463578,0.0,69,0.5652173913043478,20.0,56.26170341552117,False,LOW_ZONE
2026-08-19,3443,5295.0,99.9079923940379,0.0,58,0.7413793103448276,20.0,64.2137770285562,False,LIQUIDITY
2026-08-19,3444,76.2,85.67583157085177,0.0,71,0.5352112676056338,50.0,49.25908749942454,False,LIQUIDITY
2026-08-19,3447,26.899999618530273,84.7115496124486,54.44909941859607,49,0.5918367346938775,50.0,64.28084177919992,False,LIQUIDITY
2026-08-19,3450,567.0,97.0369040136482,0.0,55,0.6181818181818182,20.0,59.656525749549004,False,LOW_ZONE
2020-01-10,3452,1.47,84.83639265762172,0.0,18,0.5555555555555556,50.0,49.61758446395318,False,OFFICIAL_STATUS
2026-03-18,3454,99.4,30.714285714285598,0.0,51,0.4117647058823529,0.0,36.56722689075627,False,LIQUIDITY
2026-08-19,3455,247.0,96.21965777954637,0.0,42,0.5238095238095238,20.0,56.58018304814962,False,LOW_ZONE
2026-08-19,3465,29.4,77.2325117396536,44.966148443168535,34,0.4117647058823529,20.0,58.7642318091588,False,LIQUIDITY
2026-08-19,3466,24.8,83.29575732732117,56.25975873367457,65,0.6461538461538462,50.0,65.93828226623037,False,LIQUIDITY
2026-08-19,3467,45.95,83.86344194727428,35.5882341892369,6,0.6666666666666666,50.0,61.55609113149151,False,LIQUIDITY
2026-08-19,3479,131.0,99.52061361457335,8.908321580985161,31,0.6451612903225806,20.0,63.43810318929572,False,LOW_ZONE
2026-08-19,3481,46.75,98.85147423280303,23.141063369033795,59,0.4745762711864407,20.0,61.677996247692576,False,LOW_ZONE
2026-08-19,3483,70.5,82.35869601896525,85.49589651691304,73,0.5753424657534246,50.0,70.84185690752057,False,LIQUIDITY
2026-08-19,3484,51.6,77.38873546876866,0.0,39,0.46153846153846156,20.0,49.06277448678444,False,LIQUIDITY
2026-08-19,3489,23.8,77.44437181770215,0.0,41,0.4634146341463415,20.0,49.13575056970089,False,LIQUIDITY
2026-08-19,3490,46.8,94.22137495531992,0.0,60,0.55,20.0,56.766412486595975,False,LOW_ZONE
2026-08-19,3491,1225.0,100.0,,47,0.574468085106383,20.0,,False,LIQUIDITY
2026-08-19,3492,20.05,72.37341809681496,91.53949524195676,49,0.5306122448979592,20.0,72.51526658647245,False,LIQUIDITY
2026-08-19,3494,7.130000114440918,47.04212770022914,14.787960399348547,79,0.5316455696202531,20.0,45.75899549851347,False,LIQUIDITY
2026-08-19,3498,190.5,93.03189842056364,0.0,58,0.5862068965517241,20.0,57.49577642272081,False,OFFICIAL_STATUS
2026-08-19,3499,12.75,56.828166231497335,51.99516447301989,78,0.6025641025641025,50.0,55.62416406462725,False,LIQUIDITY
2026-08-19,3501,39.599998474121094,73.95342306452834,10.0,9,0.3333333333333333,50.0,42.1860269193585,False,LIQUIDITY
2026-08-19,3504,78.4000015258789,98.2276829874101,0.0,69,0.5072463768115942,20.0,56.68569620057086,False,LOW_ZONE
2026-08-19,3508,22.75,92.19489120151371,0.0,88,0.5909090909090909,20.0,57.385740087726845,False,LIQUIDITY
2026-08-19,3511,19.35,96.9097651421508,40.097327059033816,75,0.6533333333333333,20.0,70.69726130740369,False,LIQUIDITY
2026-08-19,3512,19.7,55.380241648898355,10.23255813953497,27,0.2962962962962963,20.0,40.061100918442136,False,LIQUIDITY
2018-09-17,3514,12.5,88.50630906369238,0.0,4,0.0,50.0,34.05189271910771,False,LOW_ZONE
2026-08-19,3515,220.0,84.71167620438679,0.0,72,0.3888888888888889,50.0,44.580169527982704,False,LOW_ZONE
2026-08-19,3516,25.35,89.80277277037321,0.0,27,0.6666666666666666,20.0,58.94083183111196,False,LIQUIDITY
2026-08-19,3518,27.700000762939453,86.16825144448438,0.0,85,0.5176470588235295,50.0,48.87988719805119,False,LIQUIDITY
2019-04-30,3519,0.32,100.0,,17,0.4117647058823529,20.0,,False,OFFICIAL_STATUS
2026-08-19,3520,18.25,90.95726435133248,0.0,83,0.5421686746987951,20.0,55.552239546363595,False,LIQUIDITY
2026-08-19,3521,12.1,79.17339839014873,26.775131395185124,63,0.4444444444444444,50.0,51.27913569917423,False,LIQUIDITY
2026-08-19,3522,11.65,97.62624082865776,31.742562021841966,61,0.5901639344262295,20.0,66.9284307868447,False,LIQUIDITY
2026-08-19,3523,15.05,94.32447397563676,9.771974326739365,20,0.35,20.0,53.24033577437587,False,DATA_QUALITY
2026-08-19,3526,283.5,74.34415314173032,63.90418339256122,41,0.5121951219512195,50.0,61.14514544919599,False,LOW_ZONE
2026-08-19,3527,51.0,92.80051771558,39.710607788326236,71,0.5774647887323944,50.0,62.59175092372739,False,LIQUIDITY
2026-08-19,3528,84.0,97.46565385190303,41.48201802651746,12,0.5,20.0,66.61020066220027,False,LOW_ZONE
2026-08-19,3529,2260.0,82.76681720941288,53.50328956493094,62,0.6774193548387096,50.0,66.02844819921788,False,LIQUIDITY
2026-08-19,3530,55.099998474121094,84.94405410954666,17.53858658914469,87,0.5747126436781609,50.0,54.609242190494996,False,LIQUIDITY
2026-08-19,3531,21.8,75.0,,7,0.2857142857142857,20.0,,False,DATA_QUALITY
2026-08-19,3532,356.5,95.5306963549751,0.0,75,0.5466666666666666,20.0,57.05920890649253,False,LOW_ZONE
2026-08-19,3533,1620.0,81.14129372679304,85.95541813415234,45,0.8,50.0,77.33124265157599,False,LIQUIDITY
2026-08-19,3535,87.0999984741211,84.46890188856037,10.63196264290663,61,0.6885245901639344,50.0,56.1543989322128,False,LOW_ZONE
2023-04-11,3536,2.92,60.39302802460694,98.33333333333333,23,0.5652173913043478,55.0,66.40776347984585,False,OFFICIAL_STATUS
2026-08-19,3537,56.3,90.96065225097482,1.3322676295501878e-14,43,0.4418604651162791,20.0,52.54400962878082,False,LOW_ZONE
2026-08-19,3540,20.15,68.0803866286888,50.33324489474979,79,0.46835443037974683,50.0,54.558060123686495,False,LIQUIDITY
2026-08-19,3541,21.75,63.976617552850726,0.0,24,0.5416666666666666,20.0,47.442985265855214,False,LIQUIDITY
2026-08-19,3543,43.54999923706055,89.93107262492398,0.0,37,0.35135135135135137,20.0,49.51986232801774,False,LOW_ZONE
2026-08-19,3545,49.400001525878906,88.50358303334708,5.833333333333332,71,0.5774647887323944,50.0,52.833351905309286,False,LOW_ZONE
2026-08-19,3546,71.8,58.6288954383686,66.98888561758586,47,0.46808510638297873,20.0,60.3784432273964,False,LIQUIDITY
2026-08-19,3548,74.5,81.53136531525581,17.171720001352835,60,0.5666666666666667,50.0,53.25233959491496,False,LIQUIDITY
2026-08-19,3550,22.600000381469727,98.8512944991599,5.013330078124998,39,0.4358974358974359,20.0,55.985643946202295,False,LOW_ZONE
2026-08-19,3551,173.5,93.40309372156506,16.787142156650827,41,0.6341463414634146,50.0,58.74210389953466,False,LOW_ZONE
2026-08-19,3552,45.75,73.35695309027813,18.983050847457662,82,0.6097560975609756,50.0,52.545531565777125,False,LIQUIDITY
2026-08-19,3555,160.0,86.89138576779027,1.6589861751152093,26,0.7692307692307693,50.0,57.05908535103896,False,LIQUIDITY
2026-08-19,3556,61.7,97.31389102072141,6.304822997421201,20,0.4,20.0,54.770373055571724,False,LIQUIDITY
2026-08-19,3557,24.399999618530273,86.03323681831355,27.293511143028173,48,0.4375,20.0,57.75834883125111,False,LIQUIDITY
2026-08-19,3558,123.5,87.3906002412623,17.387547665754862,59,0.4915254237288136,20.0,57.30982970068182,False,LIQUIDITY
2018-09-17,3561,10.5,89.23353930478326,0.0,4,0.0,50.0,34.27006179143498,False,LIQUIDITY
2020-02-14,3562,14.8,100.0,,13,0.38461538461538464,20.0,,False,DATA_QUALITY
2019-04-01,3563,438.0,59.43908897170114,0.0,6,0.6666666666666666,20.0,49.83172669151034,False,OSCILLATION
2026-08-19,3564,46.1,99.64917204602862,0.0,57,0.5614035087719298,20.0,58.736856876966485,False,LIQUIDITY
2026-08-19,3567,25.3,61.407335601036095,64.51313643649692,22,0.5,50.0,57.05048478943506,False,LIQUIDITY
2026-08-19,3570,162.5,46.868701837581504,48.197849401317036,14,0.35714285714285715,20.0,48.82435861588942,False,LIQUIDITY
2026-08-19,3576,16.75,94.3722928960569,12.302453530181602,76,0.4473684210526316,20.0,56.80835388294142,False,LOW_ZONE
2026-08-19,3577,119.5,91.35169762972453,34.77147650458869,31,0.6774193548387096,20.0,68.42095906022581,False,LOW_ZONE
2019-06-25,3579,1.57,100.0,,21,0.42857142857142855,20.0,,False,OFFICIAL_STATUS
2026-08-19,3580,77.8,86.54126803956542,10.194629239960033,67,0.5522388059701493,50.0,52.57820190096412,False,LIQUIDITY
2026-08-19,3581,105.5,75.0,47.19323999261134,45,0.6,50.0,59.79830999815283,False,LOW_ZONE
2026-08-19,3583,706.0,90.47013977128336,4.999999999999999,58,0.5689655172413793,50.0,52.960007448626385,False,LOW_ZONE
2026-08-19,3587,251.5,100.0,,57,0.631578947368421,20.0,,False,LIQUIDITY
2026-08-19,3588,52.29999923706055,92.952979765402,22.83989283474853,68,0.5735294117647058,50.0,58.301749491248906,False,LIQUIDITY
2026-08-19,3591,20.5,88.19362679053727,15.88282711042112,62,0.5645161290322581,50.0,54.864278685734206,False,LIQUIDITY
2026-08-19,3592,225.0,84.18581496961,59.42524269310434,27,0.4444444444444444,20.0,65.44538849749242,False,LOW_ZONE
2026-08-19,3593,11.0,78.21681370838215,93.03224231727012,51,0.6078431372549019,50.0,72.45839880947923,False,OFFICIAL_STATUS
2026-08-19,3594,50.8,99.24480805538074,3.5547821363945302,52,0.5576923076923077,20.0,59.39290718148209,False,LOW_ZONE
2026-08-19,3596,160.0,91.2597950572634,84.5145040052654,48,0.625,20.0,79.25656451849537,False,MR_PROBABILITY
2026-08-19,3597,26.6,82.02252248477275,0.0,38,0.5789473684210527,20.0,53.9751777980634,False,LIQUIDITY
2026-08-19,3605,119.0,85.18975114471702,0.0,44,0.5227272727272727,20.0,53.23874352523329,False,LOW_ZONE
2026-08-19,3607,13.899999618530273,80.2949489049037,52.98659321647996,70,0.5428571428571428,20.0,65.62084726130539,False,LIQUIDITY
2026-08-19,3609,24.0,89.97493734335839,20.862446299448017,51,0.6274509803921569,20.0,63.03162218963423,False,LIQUIDITY
2026-08-19,3611,188.0,66.68831168831169,0.0,28,0.5,20.0,47.006493506493506,False,LIQUIDITY
2026-08-19,3615,36.0,88.84783798576902,20.036611623153632,52,0.5769230769230769,20.0,60.97119660921142,False,LIQUIDITY
2026-08-19,3617,257.0,87.2493191384006,0.0,31,0.2903225806451613,20.0,46.88447316087502,False,LOW_ZONE
2026-08-19,3622,48.70000076293945,73.86381284863685,91.11375612354124,55,0.5636363636363636,20.0,73.84667379456727,False,LIQUIDITY
2026-08-19,3623,21.55,81.82270200638092,0.0,56,0.6071428571428571,50.0,50.26109631619999,False,LIQUIDITY
2026-08-19,3624,89.7,99.21184794164009,0.0,61,0.5409836065573771,20.0,57.99306257921334,False,LOW_ZONE
2026-08-19,3625,12.6,94.96981891348088,90.78672970323193,71,0.5352112676056338,20.0,79.24396612802126,False,OFFICIAL_STATUS
2026-08-19,3628,68.9,86.07876500941171,0.0,40,0.475,20.0,52.07362950282351,False,LIQUIDITY
2026-08-19,3629,13.85,100.0,,0,,20.0,,False,OFFICIAL_STATUS
2026-08-19,3630,25.15,96.86572088419663,68.2486860620474,85,0.6,20.0,76.12188778077083,False,LIQUIDITY
2026-08-19,3631,41.25,84.4614147909968,0.0,52,0.4230769230769231,20.0,50.03073212960673,False,LIQUIDITY
2026-08-19,3632,7.19,88.73720172085847,,27,0.48148148148148145,20.0,,False,OFFICIAL_STATUS
2022-11-16,3642,3.87,100.0,,49,0.5102040816326531,20.0,,False,OFFICIAL_STATUS
2026-08-19,3645,65.9000015258789,75.0,47.15149819334059,71,0.676056338028169,50.0,62.06956468918021,False,LOW_ZONE
2026-08-19,3646,23.0,45.0,,21,0.2857142857142857,20.0,,False,DATA_QUALITY
2022-09-20,3652,24.0,62.322012553996075,0.0,23,0.391304347826087,20.0,42.43573420098143,False,LIQUIDITY
2026-08-19,3653,5460.0,86.40604890604891,0.0,38,0.8157894736842105,20.0,62.39549888234099,False,LIQUIDITY
2026-08-19,3661,3630.0,90.20364085158901,0.0,57,0.7017543859649122,50.0,55.61372383442407,False,LIQUIDITY
2026-08-19,3663,61.0,85.91613909532984,26.72247230516585,69,0.5652173913043478,50.0,56.91198154402085,False,LOW_ZONE
2026-08-19,3664,6.0,100.0,,68,0.7205882352941176,20.0,,False,OFFICIAL_STATUS
2026-08-19,3665,2200.0,97.0137207425343,0.0,57,0.6491228070175439,20.0,60.577800433286605,False,LIQUIDITY
2026-08-19,3666,25.0,60.0,,67,0.5671641791044776,20.0,,False,LIQUIDITY
2026-08-19,3669,37.45000076293945,97.92358767145387,5.2208401759786165,60,0.5166666666666667,20.0,58.18228634543082,False,LOW_ZONE
2026-08-19,3672,12.8,94.36870183758151,0.0,84,0.5238095238095238,20.0,56.02489626556017,False,LIQUIDITY
2026-08-19,3673,59.5,91.31039365742535,25.08164466772806,64,0.4375,20.0,58.78852926415962,False,LOW_ZONE
2026-08-19,3675,276.5,96.26793016161486,0.0,59,0.6101694915254238,20.0,59.18546379424717,False,LOW_ZONE
2026-08-19,3679,109.5,58.99659863945578,25.77777777777778,25,0.24,20.0,43.34342403628118,False,LIQUIDITY
2026-08-19,3680,461.0,90.18315018315019,0.0,63,0.6190476190476191,50.0,53.12637362637362,False,LOW_ZONE
2023-12-04,3682,7.47,27.5,0.0,21,0.2857142857142857,20.0,28.82142857142857,False,OFFICIAL_STATUS
2026-08-18,3684,54.0,75.0,,17,0.35294117647058826,20.0,,False,LIQUIDITY
2026-08-19,3685,36.6,92.28864122481143,0.0,58,0.5517241379310345,20.0,56.238316505374456,False,LOW_ZONE
2026-08-19,3686,14.25,76.72593194370698,59.754258251698204,86,0.47674418604651164,50.0,59.75866972743199,False,LIQUIDITY
2026-08-19,3687,65.2,81.55386139486738,46.732046027561275,73,0.6027397260273972,20.0,66.23136170617245,False,LIQUIDITY
2026-08-19,3689,106.5,89.54722139608052,12.463981931217829,49,0.6530612244897959,50.0,57.07199863632249,False,LOW_ZONE
2026-08-19,3691,101.5,87.88868859846778,66.06360120659903,84,0.5357142857142857,50.0,66.45393545261867,False,MR_PROBABILITY
2026-08-19,3693,508.0,92.83812904043606,0.0,62,0.6774193548387096,50.0,55.67401935729211,False,LOW_ZONE
2026-08-19,3694,50.70000076293945,87.14669520853877,61.86837033164184,67,0.582089552238806,50.0,66.57378771263627,False,LOW_ZONE
2020-12-23,3698,22.25,81.02375870737988,0.0,25,0.64,20.0,55.507127612213964,False,LOW_ZONE
2026-08-19,3701,39.25,82.55869394398384,13.78800291423687,58,0.5689655172413793,50.0,52.78357442899575,False,LOW_ZONE
2026-08-19,3702,106.5,93.40062111801242,49.704333635083984,25,0.2,20.0,58.44626974417472,False,LOW_ZONE
2026-08-19,3703,19.549999237060547,56.66221414644464,78.5746591852773,26,0.34615384615384615,20.0,59.026944424868105,False,OSCILLATION
2026-08-19,3704,41.5,98.47211599450296,38.55550303174739,65,0.47692307692307695,20.0,65.48820286398004,False,LOW_ZONE
2026-08-19,3705,54.70000076293945,48.91226876229979,0.0,7,0.2857142857142857,20.0,35.245109200118506,False,LIQUIDITY
2026-08-19,3706,90.69999694824219,84.36439409250877,0.0,29,0.3793103448275862,20.0,48.688628572580214,False,LOW_ZONE
2026-08-19,3707,61.4,91.59053156146179,11.643163746653327,65,0.7384615384615385,50.0,60.04179655894802,False,LOW_ZONE
2026-08-19,3708,101.5,89.20532843362426,0.0,78,0.5,50.0,49.26159853008728,False,LOW_ZONE
2026-08-19,3709,68.0,84.36179205409974,58.21403296857033,31,0.5806451612903226,50.0,64.78140069708218,False,LOW_ZONE
2026-08-19,3710,5.25,88.37700760777683,17.87234042553193,65,0.5692307692307692,50.0,55.5581104656391,False,OFFICIAL_STATUS
2026-08-19,3711,588.0,98.4342943526617,4.999999999999999,38,0.47368421052631576,20.0,56.99081462158798,False,LOW_ZONE
2026-08-19,3712,20.5,90.20034706439566,0.0,61,0.5245901639344263,20.0,54.797809037351485,False,LIQUIDITY
2026-08-19,3713,14.8,74.9537068007279,3.4285714285713946,69,0.4057971014492754,20.0,47.51716794083948,False,LIQUIDITY
2026-08-19,3714,55.20000076293945,85.51324811217721,0.0,42,0.5,50.0,48.15397443365316,False,LOW_ZONE
2026-08-19,3715,107.5,83.34808311718136,33.54218328920717,30,0.4666666666666667,50.0,54.8899707574562,False,LOW_ZONE
2026-08-19,3716,34.650001525878906,59.825347330702826,0.0,0,,20.0,29.947604199210847,False,LIQUIDITY
2026-08-19,3717,22.200000762939453,99.01217466750025,5.075824849289865,4,0.75,20.0,65.47260861257254,False,LOW_ZONE
2026-08-19,4102,18.9,48.02642444260941,6.875097179767657,46,0.34782608695652173,20.0,38.561484236420384,False,LIQUIDITY
2018-11-06,4103,84.3,33.311688311688634,0.0,0,,0.0,24.99350649350659,False,LIQUIDITY
2026-08-19,4104,71.4000015258789,47.99549770698763,0.0,2,0.5,20.0,41.39864931209629,False,LIQUIDITY
2026-08-19,4105,77.0,45.03731343283583,0.0,16,0.0625,20.0,27.38619402985075,False,OSCILLATION
2026-08-19,4106,24.399999618530273,70.14563123918595,0.0,45,0.4,20.0,45.04368937175578,False,LIQUIDITY
2026-08-19,4107,114.0,72.53694581280789,4.166666666666666,31,0.25806451612903225,20.0,42.54468589438,False,LIQUIDITY
2026-08-19,4108,10.899999618530273,55.3773845077707,64.22694078303424,53,0.24528301886792453,20.0,52.02844111412751,False,LIQUIDITY
2026-08-19,4109,11.25,75.0,27.69230769230767,39,0.46153846153846156,20.0,55.26923076923076,False,LIQUIDITY
2026-08-19,4111,30.1,44.500499500499494,0.0,25,0.2,20.0,31.350149850149847,False,LIQUIDITY
2026-08-19,4113,14.85,84.62921144590382,3.0769230769230975,39,0.4358974358974359,20.0,51.234917279925,False,LIQUIDITY
2026-08-19,4114,30.25,58.724489795918366,0.0,22,0.3181818181818182,20.0,39.16280148423005,False,OSCILLATION
2026-08-19,4116,39.2,48.11403508771927,0.0,29,0.3793103448275862,20.0,37.81352087114337,False,LIQUIDITY
2026-08-19,4119,52.0,75.7383658047664,0.0,27,0.4444444444444444,20.0,48.054843074763255,False,LIQUIDITY
2026-08-19,4120,47.3,62.844506517690874,0.0,31,0.45161290322580644,20.0,44.40173905208145,False,LIQUIDITY
2026-08-19,4121,13.05,37.09383753501403,5.095238095238061,55,0.43636363636363634,50.0,32.992869875222816,False,LIQUIDITY
2026-08-19,4123,32.4,73.48912889029572,77.29920903904622,45,0.4444444444444444,20.0,66.7048742601836,False,MR_PROBABILITY
2026-08-19,4126,77.5,40.28643944887601,0.0,8,0.125,20.0,27.8359318346628,False,LIQUIDITY
2026-08-19,4127,88.8,90.32891507118312,0.0,59,0.5932203389830508,20.0,56.89528469084645,False,LIQUIDITY
2026-08-19,4128,15.0,85.62018612495126,0.0,87,0.6091954022988506,20.0,55.96191790645089,False,LIQUIDITY
2026-08-19,4129,87.0,62.91555752735877,0.0,31,0.3548387096774194,50.0,37.019828548530214,False,LIQUIDITY
2026-07-21,4130,26.7,90.13747758517633,0.0,38,0.5263157894736842,50.0,50.33071695976342,False,LIQUIDITY
2026-08-19,4131,32.3,78.54638016282743,,16,0.3125,20.0,,False,DATA_QUALITY
2026-08-19,4133,20.549999237060547,75.29665143347476,34.34725556170579,56,0.5178571428571429,20.0,58.711523606183164,False,LIQUIDITY
2026-08-19,4137,90.0,47.81402031885327,91.26214399299226,47,0.425531914893617,50.0,57.42569954071256,False,LIQUIDITY
2026-08-19,4138,51.0,42.02380952380952,0.0,18,0.4444444444444444,20.0,37.94047619047619,False,LIQUIDITY
2026-08-19,4139,37.0,81.19588744588744,0.0,28,0.32142857142857145,20.0,46.00162337662337,False,DATA_QUALITY
2022-04-26,4141,26.1,27.5,0.0,20,0.6,0.0,41.25,False,LIQUIDITY
2026-08-19,4142,17.25,73.93390515626166,0.0,46,0.4782608695652174,20.0,48.52799763383502,False,LIQUIDITY
2020-10-21,4144,26.9,45.0,,16,0.375,0.0,,False,LIQUIDITY
2026-08-19,4147,62.4,91.1056376573618,0.0,74,0.43243243243243246,20.0,52.30466427018151,False,LOW_ZONE
2026-08-19,4148,31.899999618530273,87.16472796394446,0.0,77,0.38961038961038963,20.0,49.837730077495024,False,LIQUIDITY
2021-09-29,4152,99.6,60.0,0.0,23,0.6086956521739131,20.0,48.26086956521739,False,OFFICIAL_STATUS
2026-08-19,4153,33.0,56.0421745490005,0.0,47,0.6382978723404256,20.0,47.96158853491292,False,LIQUIDITY
2026-08-18,4154,11.5,100.0,,13,0.3076923076923077,20.0,,False,DATA_QUALITY
2026-08-19,4155,14.649999618530273,74.60562992509455,13.375183233059474,32,0.34375,20.0,48.03798478579323,False,LIQUIDITY
2026-08-19,4157,8.77,68.82349025732852,0.0,65,0.47692307692307695,20.0,46.954739384890864,False,LIQUIDITY
2026-08-19,4160,39.3,55.99336833379385,48.674056430883276,43,0.3488372093023256,20.0,51.43164088692874,False,LIQUIDITY
2026-08-19,4161,22.7,48.25671852899575,0.0,59,0.4406779661016949,20.0,39.69735454174957,False,LIQUIDITY
2026-08-19,4162,58.2,86.947716422996,23.04951852840484,76,0.4342105263157895,20.0,56.87301034847369,False,LIQUIDITY
2026-08-19,4163,145.5,87.35777496839444,0.0,16,0.1875,20.0,43.832332490518326,False,LIQUIDITY
2026-08-19,4164,25.700000762939453,69.02927039668945,77.83819323023211,46,0.3695652173913043,20.0,63.25528594830399,False,LIQUIDITY
2026-08-19,4166,24.0,77.76174536864875,29.414820930206687,5,1.0,20.0,72.68222884314629,False,LIQUIDITY
2026-08-19,4167,19.85,87.47545247399873,0.0,54,0.5740740740740741,20.0,55.46485796442184,False,LIQUIDITY
2026-08-19,4168,22.5,64.4038434403264,48.5081098709761,73,0.589041095890411,20.0,61.11941337655427,False,LIQUIDITY
2026-08-19,4169,149.0,98.48024316109422,71.37122155569939,58,0.4482758620689655,20.0,72.83515419932208,False,LIQUIDITY
2026-08-19,4171,17.15,88.75624938249314,15.172413793103505,83,0.6144578313253012,20.0,60.85371320278285,False,LIQUIDITY
2026-08-19,4173,17.35,35.43869516310464,57.35136834161486,28,0.6071428571428571,20.0,55.18373634862081,False,LIQUIDITY
2026-08-19,4174,25.6,77.4735757917328,44.46597910454349,81,0.37037037037037035,50.0,52.96967862476683,False,LIQUIDITY
2026-08-19,4175,50.4,45.0,,17,0.29411764705882354,20.0,,False,LIQUIDITY
2026-08-19,4178,17.0,91.04804013761381,62.56675043658688,15,0.5333333333333333,50.0,66.45609965043087,False,LIQUIDITY
2019-07-29,4180,70.9,36.59663865546194,0.0,7,0.5714285714285714,0.0,43.121848739495725,False,LIQUIDITY
2026-08-19,4183,14.1,88.36819310641289,,16,0.1875,0.0,,False,DATA_QUALITY
2026-08-19,4188,10.1,71.47109541124165,0.0,47,0.2978723404255319,50.0,37.87749883613845,False,LIQUIDITY
2026-08-19,4190,25.049999237060547,77.00097327014369,0.0,42,0.4523809523809524,20.0,48.671720552471676,False,LIQUIDITY
2026-08-18,4192,19.5,85.64953672286916,,42,0.5,20.0,,False,DATA_QUALITY
2026-08-19,4195,14.199999809265137,67.49495475651631,88.52984447849906,62,0.5161290322580645,50.0,65.3648185143216,False,LIQUIDITY
2026-08-18,4198,42.0,100.0,,48,0.5833333333333334,20.0,,False,DATA_QUALITY
2026-08-19,4205,69.0,31.823855755894606,66.97121463789799,2,0.0,20.0,38.28996038624288,False,LIQUIDITY
2026-08-19,4207,20.6,35.533562822719425,0.0,9,0.3333333333333333,20.0,32.660068846815825,False,LIQUIDITY
2026-08-19,4303,48.4,84.55917298315256,0.0,56,0.5714285714285714,20.0,54.51060903780291,False,LIQUIDITY
2026-08-19,4304,21.3,78.29321231254933,0.0,24,0.75,20.0,57.9879636937648,False,LIQUIDITY
2026-08-19,4305,43.5,60.0,,1,0.0,20.0,,False,DATA_QUALITY
2026-08-19,4306,15.300000190734863,52.59039551273918,0.0,21,0.42857142857142855,20.0,40.634261510964606,False,LIQUIDITY
2026-08-19,4401,14.0,58.84169884169884,5.405405405405368,40,0.375,20.0,42.253861003861,False,LIQUIDITY
2026-08-19,4402,15.75,100.0,,70,0.5,20.0,,False,LIQUIDITY
2026-08-19,4406,10.0,52.5,,14,0.5,20.0,,False,DATA_QUALITY
2026-08-19,4413,19.6,96.51204302532176,,41,0.3902439024390244,20.0,,False,DATA_QUALITY
2026-08-19,4414,8.3100004196167,62.247766349942765,16.231822599676043,66,0.3939393939393939,20.0,46.55046737308366,False,LIQUIDITY
2019-12-13,4415,1.36,100.0,,0,,20.0,,False,DATA_QUALITY
2026-08-19,4416,12.35,99.81769124188726,0.0,14,0.2857142857142857,20.0,50.516735943994746,False,LIQUIDITY
2026-08-19,4417,47.1,58.789198606271775,0.0,3,1.0,20.0,59.636759581881535,False,LIQUIDITY
2026-08-19,4419,46.25,65.04540991654395,4.285714285714293,12,0.6666666666666666,20.0,52.58505154639175,False,LIQUIDITY
2026-08-19,4420,36.25,59.27090190915076,0.0,12,0.5833333333333334,50.0,42.78127057274523,False,LIQUIDITY
2026-08-19,4426,7.769999980926514,73.59943885156531,43.72536626666327,58,0.5172413793103449,20.0,60.52841460144576,False,LIQUIDITY
2022-05-24,4429,40.8,60.0,,0,,20.0,,False,DATA_QUALITY
2026-08-19,4430,18.95,73.05755648069199,0.0,14,0.5714285714285714,20.0,51.060124087064736,False,LIQUIDITY
2026-08-19,4432,15.6,66.71528008785714,37.56639170001081,51,0.45098039215686275,20.0,54.935593716065725,False,LIQUIDITY
2026-08-19,4433,19.2,67.5,,31,0.5161290322580645,20.0,,False,LIQUIDITY
2026-08-19,4438,60.0,63.34487731163618,10.617678008106825,18,0.16666666666666666,20.0,38.65788269551756,False,LIQUIDITY
2026-08-19,4439,108.5,50.699659378174644,0.0,31,0.3548387096774194,20.0,37.85505910377498,False,LIQUIDITY
2026-08-19,4440,17.600000381469727,66.44440719973805,0.0,15,0.2,20.0,37.93332215992142,False,LIQUIDITY
2026-08-19,4441,196.5,86.02148075504994,0.0,21,0.42857142857142855,20.0,50.66358708365784,False,LIQUIDITY
2026-08-19,4442,51.5,99.5432955791012,14.489351766942008,9,0.8888888888888888,20.0,72.15199328213252,False,DATA_QUALITY
2026-08-19,4502,15.7,52.5,,32,0.34375,20.0,,False,LIQUIDITY
2026-08-19,4503,24.25,78.64172163945064,81.12437140510792,69,0.6376811594202898,50.0,70.50404412572087,False,LIQUIDITY
2026-08-19,4506,122.0,38.33333333333333,0.0,4,0.0,20.0,23.5,False,LIQUIDITY
2026-08-19,4510,46.15,96.26612355736592,0.0,30,0.6666666666666666,20.0,60.87983706720977,False,LOW_ZONE
2026-08-19,4513,16.45,95.72284003421728,8.253707718348288,60,0.5333333333333333,20.0,58.78027893985226,False,LIQUIDITY
2026-08-19,4523,24.1,64.13439600987965,59.60255718098928,51,0.5490196078431373,50.0,58.11154633350533,False,LIQUIDITY
2026-08-19,4526,29.9,90.10697718451198,16.891044322224698,32,0.59375,50.0,56.56735423590977,False,LOW_ZONE
2026-08-19,4527,40.9,46.640541503384384,0.0,13,0.5384615384615384,20.0,42.146008604861464,False,LIQUIDITY
2026-08-19,4528,15.05,52.71137026239066,67.86508251621221,26,0.2692307692307692,20.0,52.85660478469333,False,LIQUIDITY
2026-08-19,4529,3.25,79.5377036756347,93.21411561838222,93,0.5806451612903226,50.0,72.08419484599565,False,OFFICIAL_STATUS
2026-08-19,4530,26.8,86.3409231664296,,31,0.5161290322580645,20.0,,False,DATA_QUALITY
2026-08-19,4532,23.649999618530273,74.08814234419937,44.446800126628375,25,0.52,20.0,60.9381427349169,False,LIQUIDITY
2026-08-19,4533,25.9,86.47251421678442,3.3333333333333326,41,0.4878048780487805,50.0,48.90923393983207,False,LIQUIDITY
2026-08-19,4534,30.1,97.36580896388486,9.611777964041337,57,0.49122807017543857,20.0,58.34952928543895,False,LOW_ZONE
2026-08-19,4535,28.45,75.0,,1,1.0,20.0,,False,DATA_QUALITY
2026-08-19,4536,169.5,44.19435215946844,0.0,47,0.3829787234042553,20.0,36.74766734996819,False,LIQUIDITY
2026-08-19,4538,17.25,55.11904761904762,80.31478936012948,9,0.1111111111111111,20.0,51.94774495907999,False,LIQUIDITY
2026-08-19,4540,59.400001525878906,92.10963636724583,0.0,51,0.49019607843137253,20.0,54.338773263114916,False,LOW_ZONE
2026-08-19,4541,67.6,86.65682489211902,0.0,45,0.6,20.0,55.99704746763571,False,LOW_ZONE
2026-08-19,4542,254.0,99.29784246138134,46.048791637195556,28,0.6071428571428571,20.0,71.515836361999,False,LOW_ZONE
2026-08-19,4543,32.05,79.5449344276957,12.254335260115644,44,0.5909090909090909,50.0,52.154336870610344,False,LIQUIDITY
2026-08-19,4545,32.20000076293945,97.645411265849,35.20993145419725,65,0.38461538461538464,20.0,61.634567781765554,False,LIQUIDITY
2026-08-19,4549,100.0,85.55955654819792,0.0,33,0.45454545454545453,20.0,51.30423060082301,False,LIQUIDITY
2026-08-19,4550,24.35,72.44897959183673,17.166666666666497,19,0.42105263157894735,20.0,50.65793949158606,False,LIQUIDITY
2026-08-19,4551,161.0,99.41089837997055,16.9003661952406,56,0.625,20.0,64.79836106280132,False,LOW_ZONE
2026-08-19,4552,17.5,44.737490708956784,62.08783765042526,19,0.3157894736842105,50.0,45.916890835819665,False,LIQUIDITY
2026-08-19,4554,31.8,75.25856506588975,0.0,56,0.44642857142857145,20.0,47.97042666262407,False,LIQUIDITY
2026-08-19,4555,47.29999923706055,95.08251274318026,0.0,36,0.5833333333333334,20.0,58.02475382295408,False,LIQUIDITY
2026-08-19,4556,76.5,90.94978590891398,7.9615703924419625,7,0.7142857142857143,20.0,62.70389979935611,False,LOW_ZONE
2026-08-19,4557,51.099998474121094,76.26445658806138,0.0,19,0.47368421052631576,20.0,49.08986329220788,False,LIQUIDITY
2026-08-19,4558,16.75,71.04549032473173,16.89943806272046,27,0.4074074074074074,50.0,45.260728835321856,False,LIQUIDITY
2026-08-19,4560,32.400001525878906,59.63924150743682,0.0,14,0.2857142857142857,20.0,38.463201023659614,False,LIQUIDITY
2026-08-19,4561,47.3,96.33908232997071,0.0,50,0.54,20.0,57.101724698991205,False,LIQUIDITY
2026-08-19,4562,31.649999618530273,85.90050464569299,9.462437875953636,37,0.5945945945945946,50.0,53.47359870053414,False,LIQUIDITY
2026-08-19,4563,39.45,75.93164080737478,15.75907590759071,57,0.5964912280701754,50.0,52.11399806121537,False,LIQUIDITY
2026-08-19,4564,16.700000762939453,96.78972586549138,1.5503637564768535,61,0.39344262295081966,20.0,53.227787387291215,False,LIQUIDITY
2026-08-19,4566,70.0,96.92902548255118,0.0,61,0.5409836065573771,20.0,57.308215841486664,False,LOW_ZONE
2026-08-19,4568,39.4,60.0,,2,0.0,20.0,,False,DATA_QUALITY
2026-08-19,4569,160.0,87.7508972950279,0.49382716049382935,19,0.6842105263157895,50.0,54.47504176810551,False,LIQUIDITY
2026-08-19,4571,164.0,81.0126582278481,0.0,27,0.5555555555555556,50.0,48.4704641350211,False,LOW_ZONE
2026-08-19,4572,140.0,63.826530612244895,37.79685860150928,42,0.5,20.0,55.597173834050786,False,LIQUIDITY
2026-08-19,4576,208.0,90.57634526085769,0.0,52,0.5384615384615384,50.0,50.826749732103465,False,LOW_ZONE
2026-08-19,4577,76.4,77.52048450302814,10.298102981029805,14,0.7857142857142857,50.0,56.90209966759446,False,LOW_ZONE
2026-08-19,4580,78.8,51.309877066553625,56.50685535189877,11,0.09090909090909091,20.0,44.24694968521351,False,LIQUIDITY
2026-08-19,4581,47.849998474121094,49.379413474062446,81.09373197657055,17,0.4117647058823529,20.0,59.44019821283196,False,LIQUIDITY
2026-08-19,4582,23.5,99.90228798494387,62.90654490458313,44,0.4090909090909091,20.0,69.97004989435621,False,LIQUIDITY
2026-08-19,4583,481.0,75.86872586872587,44.51793156142814,24,0.625,50.0,60.1401006509748,False,LIQUIDITY
2026-08-19,4584,39.0,52.5,,4,0.5,20.0,,False,DATA_QUALITY
2026-08-19,4585,298.0,90.75081610446136,10.0,15,0.8,50.0,61.22524483133841,False,LIQUIDITY
2026-08-19,4588,51.29999923706055,76.63612095191137,24.72364050482602,22,0.5,50.0,51.671746411779914,False,LIQUIDITY
2026-08-19,4590,86.5,91.68853724743543,0.0,16,0.75,20.0,62.006561174230626,False,LOW_ZONE
2026-08-19,4609,4.57,100.0,,18,0.7777777777777778,20.0,,False,OFFICIAL_STATUS
2026-08-19,4702,9.77,66.52534113060429,0.0,53,0.49056603773584906,20.0,46.67458347125675,False,LIQUIDITY
2026-08-19,4706,32.5,52.5,,6,0.5,20.0,,False,DATA_QUALITY
2026-08-19,4707,31.4,88.40688107703815,0.0,21,0.42857142857142855,20.0,51.3792071802543,False,LOW_ZONE
2026-08-19,4711,16.7,78.2223603875735,0.0,18,0.3333333333333333,20.0,45.466708116272045,False,LIQUIDITY
2024-02-05,4712,2.85,97.34663553385693,30.53898327273164,33,0.7575757575757576,20.0,71.5660092056127,False,OFFICIAL_STATUS
2026-08-19,4714,10.45,61.95309697098869,32.05577215468235,59,0.4576271186440678,50.0,47.82868568928923,False,LIQUIDITY
2026-08-19,4716,16.85,95.92780101254677,6.067245702435535,57,0.5087719298245614,20.0,57.558309624109754,False,LIQUIDITY
2026-08-19,4720,17.700000762939453,86.31098790655295,81.11319413603842,42,0.47619047619047616,50.0,67.95730919168977,False,LIQUIDITY
2026-08-19,4721,73.1,90.98277608915906,2.4999999999999996,62,0.6774193548387096,50.0,55.742413471909,False,LOW_ZONE
2026-08-19,4722,203.0,90.72802197802197,11.987534070782974,21,0.7619047619047619,50.0,60.572432968245195,False,LOW_ZONE
2021-01-11,4725,17.9,39.208494208494265,2.3804850178569796,28,0.4642857142857143,0.0,41.286240945583955,False,LIQUIDITY
2026-08-19,4726,24.3,63.590184432635205,43.76901125578567,66,0.5151515151515151,50.0,52.97385359828243,False,LIQUIDITY
2026-08-19,4728,395.5,52.5,,42,0.5238095238095238,20.0,,False,DATA_QUALITY
2026-08-19,4729,18.9,85.28904080986551,34.26657533603528,62,0.41935483870967744,50.0,54.23400123825879,False,LIQUIDITY
2026-08-19,4735,39.75,65.7045870554941,0.0,28,0.25,20.0,39.211376116648225,False,LIQUIDITY
2023-12-21,4736,163.5,50.10989010989011,0.0,37,0.5405405405405406,20.0,43.24918324918325,False,OSCILLATION
2026-08-19,4737,57.0,76.87755784181495,0.0,19,0.3157894736842105,20.0,44.5369515630708,False,LIQUIDITY
2026-08-19,4739,83.30000305175781,92.20841698808292,9.038261217798183,61,0.6885245901639344,50.0,58.07782810579245,False,LOW_ZONE
2026-08-19,4741,41.55,84.9820326801817,57.6730323891214,21,0.2857142857142857,50.0,55.98429647276343,False,LIQUIDITY
2026-08-19,4743,47.35,94.32361165605398,0.0,97,0.5257731958762887,50.0,51.57027937310485,False,LOW_ZONE
2026-08-19,4744,28.0,92.0916107807162,6.519386894112145,56,0.5357142857142857,50.0,52.828758529171466,False,LIQUIDITY
2026-08-19,4745,11.7,68.56796245399288,29.44170345356971,30,0.3,50.0,44.43081459959029,False,LIQUIDITY
2026-08-19,4746,52.0,78.05578341038428,0.0,65,0.4307692307692308,20.0,48.33981194619221,False,LIQUIDITY
2026-08-19,4747,56.5,97.12561080770337,0.0,31,0.16129032258064516,20.0,45.976392919730365,False,LIQUIDITY
2026-08-19,4749,759.0,79.17104986324426,27.673192037017504,4,1.0,50.0,68.16961296822765,False,LOW_ZONE
2026-08-19,4754,38.1,66.3589685075308,0.0,10,0.0,20.0,31.90769055225924,False,LIQUIDITY
2026-08-19,4755,113.5,86.72268907563026,31.545412146855817,39,0.48717948717948717,50.0,56.018544374787645,False,LOW_ZONE
2026-08-19,4760,250.0,89.70176305816445,8.946395563770798,34,0.5,50.0,51.64712780839203,False,LOW_ZONE
2026-08-19,4763,50.70000076293945,91.03480381001592,0.0,58,0.5,20.0,54.31044114300477,False,LOW_ZONE
2026-08-19,4764,201.30079650878906,87.40864053684713,85.49497517456304,11,0.6363636363636364,50.0,74.18724504560399,False,MR_SAMPLE
2026-08-19,4766,332.0,67.86394901577066,0.0,18,0.3888888888888889,50.0,39.52585137139786,False,LOW_ZONE
2026-08-19,4767,27.5,67.5,,0,,20.0,,False,DATA_QUALITY
2026-08-19,4768,298.0,83.90894819466249,19.84112776917935,38,0.6052631578947368,50.0,55.790861137535686,False,LOW_ZONE
2026-08-19,4770,212.0,75.48342003844941,58.91537166649971,40,0.575,20.0,66.62386892815975,False,LIQUIDITY
2026-08-19,4771,199.5,84.12142706102672,0.0,23,0.34782608695652173,20.0,47.67121072700367,False,LIQUIDITY
2026-08-19,4772,247.5,88.12994585589338,0.0,11,0.8181818181818182,50.0,58.48443830222256,False,LOW_ZONE
2021-12-15,4803,3.6,75.0,33.4316586068996,57,0.45614035087719296,50.0,52.04212517804069,False,OFFICIAL_STATUS
2026-04-13,4804,3.27,75.39752097157881,96.35103384015953,87,0.41379310344827586,55.0,65.87080785496181,False,OFFICIAL_STATUS
2026-08-19,4806,8.95,89.26629077193476,,31,0.4838709677419355,20.0,,False,DATA_QUALITY
2026-08-19,4807,30.600000381469727,94.41641151519703,32.13579192595161,51,0.45098039215686275,20.0,61.888283200752895,False,LIQUIDITY
2026-08-19,4903,34.55,88.11108997527107,41.30345957387739,74,0.5405405405405406,50.0,60.47540810226689,False,LOW_ZONE
2026-08-19,4904,101.5,69.04081383529974,0.0,8,0.125,20.0,36.462244150589925,False,LOW_ZONE
2026-08-19,4905,90.2,100.0,,6,0.16666666666666666,20.0,,False,DATA_QUALITY
2026-08-19,4906,33.95000076293945,91.62282600233016,20.730646484960648,48,0.5416666666666666,20.0,60.91950942193921,False,LOW_ZONE
2026-08-19,4907,47.05,67.04381327264241,0.0,39,0.5897435897435898,20.0,49.80545167410041,False,LIQUIDITY
2026-08-19,4908,152.5,80.99730458221023,8.768768768768771,65,0.6307692307692307,50.0,52.91446048993218,False,LOW_ZONE
2026-08-19,4909,37.1,75.0,33.702428821426025,61,0.5245901639344263,50.0,54.16331212338929,False,LIQUIDITY
2026-08-19,4911,27.75,65.90271186458861,76.80325934728768,35,0.4857142857142857,50.0,61.04305696762707,False,LIQUIDITY
2026-08-19,4912,90.80000305175781,83.55402814104795,0.0,84,0.5238095238095238,20.0,52.7804941566001,False,LIQUIDITY
2026-08-19,4915,59.79999923706055,62.632849051831684,71.84018855125537,50,0.44,50.0,57.44990185336334,False,OSCILLATION
2026-08-19,4916,100.5,99.68808486170688,0.0,61,0.6065573770491803,20.0,60.103146769987475,False,LOW_ZONE
2026-08-19,4919,116.5,84.27190425042197,54.35164042464019,69,0.5942028985507246,50.0,64.19556833780838,False,LOW_ZONE
2026-08-19,4923,53.4,93.95171164111856,0.0,26,0.5,20.0,55.18551349233557,False,LIQUIDITY
2026-08-19,4924,9.55,89.187728071361,67.61680142441237,60,0.38333333333333336,20.0,67.16051877751138,False,LIQUIDITY
2026-08-19,4927,32.25,75.0,30.608237025096226,65,0.4307692307692308,50.0,50.57513617935098,False,LOW_ZONE
2026-08-19,4930,16.049999237060547,51.115852022542654,32.11872616172799,28,0.5714285714285714,20.0,52.50729429005193,False,LIQUIDITY
2026-08-19,4931,268.0,94.95064109837739,0.0,50,0.58,20.0,57.88519232951322,False,OFFICIAL_STATUS
2026-08-19,4933,53.0,64.11153284166724,65.91055100533391,29,0.5862068965517241,50.0,60.79730450038537,False,LIQUIDITY
2026-08-19,4934,14.050000190734863,89.31383467243857,40.26591612993058,79,0.5316455696202531,50.0,60.309996522821805,False,LIQUIDITY
2026-08-19,4935,34.45000076293945,71.06868229585493,54.84397510110812,48,0.4583333333333333,20.0,60.78159846403351,False,LIQUIDITY
2026-08-19,4938,89.4000015258789,94.77040560009198,0.0,22,0.45454545454545453,20.0,54.06748531639123,False,LOW_ZONE
2026-08-19,4939,60.5,91.09545163356822,0.0,51,0.49019607843137253,20.0,54.03451784301164,False,LOW_ZONE
2026-08-19,4942,33.099998474121094,40.700341647028736,82.59008215135663,13,0.46153846153846156,20.0,58.70377687810162,False,LIQUIDITY
2026-08-19,4943,8.420000076293945,96.49430683219421,23.498534349903565,110,0.39090909090909093,20.0,58.55019836440688,False,OFFICIAL_STATUS
2023-10-25,4944,11.6,97.29885241185309,8.549141965678627,29,0.5517241379310345,20.0,59.878665352906616,False,LIQUIDITY
2025-09-01,4945,76.1,82.35668036318542,0.0,34,0.7647058823529411,20.0,59.64818057954386,False,LIQUIDITY
2026-08-19,4946,89.7,91.89876098697448,0.0,80,0.55,50.0,51.56962829609235,False,LIQUIDITY
2020-05-20,4947,228.5,33.93360160965795,0.0,14,0.6428571428571429,0.0,44.46579476861167,False,LIQUIDITY
2026-08-19,4949,70.0,83.347938844319,0.0,33,0.3333333333333333,50.0,42.504381653295695,False,LOW_ZONE
2026-08-19,4950,16.05,69.71721188204671,,53,0.5094339622641509,20.0,,False,LIQUIDITY
2026-08-19,4951,76.5,70.70834974302811,65.40803393552319,17,0.35294117647058826,50.0,55.652748700906876,False,LIQUIDITY
2026-08-19,4952,52.0,97.9847732934658,0.0,44,0.6590909090909091,20.0,61.16815926076701,False,LIQUIDITY
2026-08-19,4953,123.0,81.49093365442008,3.076923076923075,59,0.576271186440678,20.0,54.50464645877713,False,LIQUIDITY
2026-08-19,4956,29.049999237060547,78.50598806076961,24.00577845327392,60,0.55,50.0,53.55324103154936,False,LOW_ZONE
2026-08-19,4958,457.0,96.4774951076321,13.777064968877564,52,0.4807692307692308,20.0,58.810591697585934,False,LOW_ZONE
2026-08-19,4960,20.049999237060547,75.83699011111987,38.17387252379595,59,0.5423728813559322,50.0,56.06575160496291,False,LOW_ZONE
2026-08-19,4961,166.5,97.06457925636008,0.0,67,0.5373134328358209,20.0,57.23877676198265,False,LOW_ZONE
2026-08-19,4966,582.0,84.12698412698413,24.664694280078898,70,0.5428571428571428,50.0,55.18998309382925,False,LOW_ZONE
2026-08-19,4967,260.0,98.01826641392384,0.0,71,0.5492957746478874,20.0,57.88435316361377,False,LOW_ZONE
2026-08-19,4968,89.30000305175781,84.26150342847056,71.5480610686701,85,0.5882352941176471,50.0,68.3125251192381,False,MR_PROBABILITY
2026-08-19,4971,528.0,90.01288659793815,0.0,75,0.6133333333333333,20.0,57.40386597938144,False,LOW_ZONE
2026-08-19,4972,16.5,58.57142857142855,28.04041456702102,6,0.16666666666666666,20.0,41.58153221318382,False,LIQUIDITY
2026-08-19,4973,150.5,94.30324276950043,0.0,36,0.4444444444444444,20.0,53.62430616418346,False,LOW_ZONE
2026-08-19,4974,68.2,50.051020408163275,4.999999999999999,23,0.5652173913043478,20.0,45.22182786157941,False,LIQUIDITY
2026-08-19,4976,37.099998474121094,95.98814062453714,0.0,82,0.45121951219512196,20.0,54.3330275532148,False,LOW_ZONE
2026-08-19,4977,145.0,83.94969025718041,0.0,65,0.6153846153846154,50.0,51.14644553869258,False,LOW_ZONE
2026-08-19,4979,529.0,93.75433726578765,0.0,65,0.6923076923076923,20.0,60.89553194896706,False,OFFICIAL_STATUS
2018-08-23,4984,54.7,20.0,0.0,0,,0.0,21.0,False,LIQUIDITY
2026-05-20,4987,81.6,22.678571428570752,0.0,7,0.2857142857142857,0.0,30.374999999999797,False,LIQUIDITY
2026-08-19,4989,61.70000076293945,87.438050964548,30.741693412254644,63,0.4444444444444444,50.0,54.75017197576139,False,LOW_ZONE
2026-08-19,4991,486.5,85.22959929804037,0.0,46,0.5652173913043478,50.0,50.025401528542545,False,OFFICIAL_STATUS
2026-08-19,4994,82.0999984741211,67.24915510582449,93.62977662175884,72,0.3472222222222222,20.0,65.99885735385371,False,LIQUIDITY
2026-08-19,4995,49.1,75.66293781223709,0.0,26,0.3076923076923077,20.0,43.92965057444036,False,LIQUIDITY
2026-08-19,4999,18.5,60.30920495499499,54.36503952008468,6,0.0,50.0,39.184021366519666,False,LIQUIDITY
2026-08-19,5007,55.6,40.61053471667995,69.00045801284102,9,0.0,20.0,41.43327491821424,False,LIQUIDITY
2026-08-19,5009,33.2,75.01372878820531,0.0,35,0.3142857142857143,20.0,43.93269006503302,False,LOW_ZONE
2026-08-19,5011,17.3,99.20191540303273,61.933758082711144,34,0.47058823529411764,20.0,71.36166120041113,False,LIQUIDITY
2026-08-19,5013,26.3,60.0,,14,0.5,20.0,,False,DATA_QUALITY
2026-08-19,5014,10.1,69.35836636387623,75.7614207259295,52,0.5,20.0,66.74786509064523,False,LIQUIDITY
2026-08-19,5015,21.55,48.05768364127986,17.99999999999997,10,0.3,20.0,39.91730509238395,False,LIQUIDITY
2026-08-19,5016,24.7,52.5,,6,0.3333333333333333,20.0,,False,LIQUIDITY
2022-07-06,5102,24.65,31.666666666666664,,9,0.6666666666666666,0.0,,False,DATA_QUALITY
2026-08-19,5201,27.2,78.94070880685146,0.0,33,0.3939393939393939,50.0,43.00039446023725,False,LIQUIDITY
2026-08-19,5202,11.8,97.78020411849931,50.14797378671912,35,0.5714285714285714,20.0,71.01391182508671,False,LIQUIDITY
2026-08-19,5203,58.5,79.09239908318438,86.06132760465454,55,0.34545454545454546,20.0,67.6066879897553,False,LIQUIDITY
2026-08-19,5205,20.65,79.3451419362403,,1,1.0,20.0,,False,DATA_QUALITY
2026-08-19,5206,23.0,64.43000409332788,0.0,20,0.45,20.0,44.82900122799836,False,LIQUIDITY
2026-08-19,5209,161.5,60.26672694394213,0.0,10,0.5,20.0,45.08001808318264,False,LIQUIDITY
2026-08-19,5210,28.65,86.98337363034895,0.0,60,0.6,20.0,56.095012089104685,False,LIQUIDITY
2026-08-19,5211,19.2,95.50378870126526,3.7286358233753196,39,0.5128205128205128,20.0,56.967910950838785,False,LIQUIDITY
2026-08-18,5212,46.25,60.0,,22,0.2727272727272727,20.0,,False,DATA_QUALITY
2026-08-19,5213,21.1,27.5,49.353406041727574,20,0.45,50.0,41.58835151043189,False,LIQUIDITY
2026-08-19,5215,39.650001525878906,75.44525384433021,13.64703010110294,51,0.5098039215686274,20.0,53.33945132563362,False,LIQUIDITY
2026-08-19,5220,20.0,27.5,58.53172756667444,23,0.4782608695652174,20.0,49.230757978625135,False,LIQUIDITY
2026-08-19,5222,106.82141876220703,92.2981815176033,0.0,52,0.6923076923076923,50.0,55.958685224511754,False,LOW_ZONE
2026-08-19,5223,23.6,66.46871863499499,0.0,30,0.2,20.0,37.940615590498496,False,LIQUIDITY
2026-08-19,5225,59.599998474121094,80.54779068114937,90.61696799757392,62,0.5967741935483871,20.0,76.7218050101899,False,LIQUIDITY
2026-08-19,5227,31.5,94.63615233327374,12.840294443887156,89,0.6179775280898876,20.0,62.14024515365054,False,LOW_ZONE
2026-08-19,5228,42.55,93.5445089122367,7.734282325029662,11,0.5454545454545454,20.0,58.360559618564785,False,LIQUIDITY
2026-08-19,5230,17.55,92.14352461338729,18.492239490370803,43,0.5348837209302325,20.0,60.31262888451586,False,LIQUIDITY
2026-08-19,5234,294.5,77.26606042827808,84.18681835111283,48,0.5625,50.0,68.60152271626163,False,LIQUIDITY
2026-07-15,5236,156.5,96.41095786663449,43.720385230966855,45,0.4222222222222222,20.0,64.52005033439872,False,LIQUIDITY
2026-08-19,5243,88.19999694824219,81.59219422153998,4.166666666666666,52,0.5192307692307693,50.0,48.59624801005174,False,LOW_ZONE
2026-08-19,5244,32.79999923706055,68.3186394757065,0.0,25,0.6,50.0,45.995591842711946,False,LIQUIDITY
2026-08-18,5245,23.25,79.7404790888498,25.69555574239125,73,0.5616438356164384,20.0,59.1953477307459,False,LIQUIDITY
2026-08-19,5251,24.9,97.17607973421926,57.0727292026022,84,0.39285714285714285,20.0,67.2067205066306,False,LIQUIDITY
2018-11-21,5255,29.0,75.0,19.327427960580515,1,1.0,50.0,64.83185699014513,False,LIQUIDITY
2026-08-19,5258,47.099998474121094,89.174561379025,71.60150236212752,63,0.6031746031746031,20.0,74.74798209947747,False,LIQUIDITY
2019-11-18,5259,6.1,100.0,,0,,20.0,,False,OFFICIAL_STATUS
2026-08-19,5263,88.0,58.98910040685563,85.463721108426,66,0.48484848484848486,50.0,61.10811494461774,False,LIQUIDITY
2021-01-06,5264,87.1,37.48120300751895,15.0,28,0.5714285714285714,20.0,44.137218045112824,False,OSCILLATION
2026-08-19,5269,1460.0,97.27371864776444,0.0,72,0.6944444444444444,20.0,62.01544892766266,False,LIQUIDITY
2026-08-19,5272,17.25,75.75158347867333,55.768796282693195,69,0.5797101449275363,50.0,61.55897846210138,False,LIQUIDITY
2026-08-19,5274,15830.0,96.36868832039858,0.0,52,0.6538461538461539,20.0,60.52599111150418,False,LIQUIDITY
2026-08-19,5276,19.65,98.81522540129038,,15,0.5333333333333333,20.0,,False,DATA_QUALITY
2026-08-19,5278,24.3,73.36173001310615,0.0,42,0.5238095238095238,20.0,49.72280471821756,False,LIQUIDITY
2023-10-24,5281,15.8,52.5,,37,0.5405405405405406,20.0,,False,DATA_QUALITY
2026-08-19,5283,56.79999923706055,57.911383190161075,0.0,12,0.08333333333333333,20.0,31.873414957048322,False,LIQUIDITY
2026-08-19,5284,307.5,88.15388224255219,0.0,35,0.6,50.0,51.946164672765654,False,LOW_ZONE
2026-08-19,5285,79.4000015258789,99.19914638305067,0.0,55,0.4909090909090909,20.0,56.487016642187925,False,LOW_ZONE
2026-08-19,5287,153.5,63.7406015037594,0.0,6,0.16666666666666666,20.0,36.12218045112782,False,LIQUIDITY
2026-08-19,5288,188.5,81.87738697447821,0.0,43,0.5116279069767442,20.0,51.91205330164579,False,LIQUIDITY
2026-08-19,5289,1515.0,96.84601113172542,0.0,42,0.5714285714285714,50.0,53.69666048237477,False,LIQUIDITY
2026-08-19,5291,55.0,85.20259991702392,0.0,36,0.6944444444444444,50.0,53.89411330844051,False,LOW_ZONE
2026-08-19,5292,210.0,97.28126536122822,0.0,16,0.625,20.0,59.93437960836847,False,LIQUIDITY
2026-08-19,5299,99.6,95.26886683591044,8.91866913123848,66,0.5454545454545454,20.0,59.17396369721911,False,LOW_ZONE
2026-08-19,5301,5.5,93.93636483711263,,75,0.4533333333333333,20.0,,False,OFFICIAL_STATUS
2026-08-19,5302,10.3,99.10862847634894,29.423664711440704,72,0.6111111111111112,20.0,67.42183805409819,False,LIQUIDITY
2020-11-19,5304,3.32,40.12987012987013,0.0,1,0.0,20.0,24.038961038961038,False,OFFICIAL_STATUS
2020-11-23,5305,42.3,27.5,0.0,12,0.5833333333333334,0.0,40.75,False,LIQUIDITY
2022-03-07,5306,192.5,68.87755102040816,16.735213683513383,11,0.2727272727272727,20.0,45.028886908818976,False,LIQUIDITY
2026-08-19,5309,52.7,88.49652220438738,12.676941173760229,47,0.7872340425531915,50.0,60.835213231352014,False,LOW_ZONE
2026-08-19,5310,25.5,77.38423092407945,,53,0.5660377358490566,20.0,,False,DATA_QUALITY
2026-08-19,5312,90.6,56.97241533976228,4.7244094488189425,6,0.16666666666666666,20.0,35.272826964133415,False,LIQUIDITY
2026-08-19,5314,21.5,80.38325311052583,70.60996027576368,20,0.55,20.0,70.26746600209867,False,MR_PROBABILITY
2026-08-19,5315,19.05,44.23645320197045,41.28762907482134,30,0.6666666666666666,50.0,51.09284322929646,False,LIQUIDITY
2019-09-17,5317,47.3,64.73858818262435,0.0,8,0.75,50.0,49.421576454787306,False,OSCILLATION
2026-08-19,5321,71.0,87.54793494071495,0.0,71,0.5633802816901409,20.0,55.16578893291871,False,LOW_ZONE
2026-08-19,5324,12.3,37.48120300751878,0.0,43,0.4418604651162791,20.0,36.50017485574401,False,LIQUIDITY
2026-08-19,5328,63.1,89.62083492914593,0.0,67,0.5671641791044776,20.0,55.90117585187811,False,LOW_ZONE
2026-08-19,5340,75.8,86.90407337023878,0.0,63,0.7301587301587301,50.0,55.47598391583354,False,LOW_ZONE
2026-08-19,5344,13.65,83.9889340416357,59.664367873080636,63,0.5714285714285714,50.0,64.75562932361801,False,LIQUIDITY
2026-08-19,5345,21.45,97.58324382384532,21.31060090296604,34,0.7352941176470589,20.0,68.66144690230686,False,DATA_QUALITY
2026-08-19,5347,151.5,97.11571089243299,19.718708296821745,52,0.5,20.0,61.06439034193533,False,LOW_ZONE
2026-08-19,5348,16.75,100.0,,41,0.34146341463414637,20.0,,False,DATA_QUALITY
2020-10-28,5349,25.4,80.52922346513418,0.0,17,0.5294117647058824,20.0,52.04111998071673,False,LIQUIDITY
2026-08-19,5351,126.5,87.53369272237197,0.0,58,0.5172413793103449,20.0,53.77734919602193,False,LOW_ZONE
2026-08-19,5353,27.9,72.35449735449735,19.270900275144356,38,0.4473684210526316,20.0,51.94512690671424,False,LIQUIDITY
2026-08-19,5355,5.65,93.76169681846538,9.166666666666668,47,0.6382978723404256,50.0,57.06911188241905,False,OFFICIAL_STATUS
2026-08-19,5356,25.95,53.937796520822346,0.0,9,0.3333333333333333,20.0,38.1813389562467,False,LIQUIDITY
2026-08-19,5364,8.51,54.98997995991984,73.46772952732702,36,0.3333333333333333,50.0,52.36392636980771,False,LIQUIDITY
2026-08-19,5371,84.3,95.62997911671437,0.0,51,0.5490196078431373,20.0,57.15958197030843,False,LOW_ZONE
2026-08-19,5381,23.7,95.89987052222702,18.966682238119482,30,0.7,20.0,66.51163171619797,False,DATA_QUALITY
2024-05-22,5383,41.5,89.06082878009028,0.0,42,0.42857142857142855,20.0,51.57539149116994,False,LIQUIDITY
2026-08-19,5386,230.5,80.24049602304754,54.989221351591084,76,0.5526315789473685,50.0,61.89840151323308,False,LOW_ZONE
2026-08-19,5388,78.4,95.18999518999519,54.85345878546278,48,0.4166666666666667,20.0,66.77036325336425,False,LOW_ZONE
2026-08-19,5392,45.3,98.83313885647608,0.0,58,0.5344827586206896,20.0,57.68442441556351,False,LOW_ZONE
2026-08-19,5398,14.2,62.00611646823328,35.356233177243425,42,0.5476190476190477,50.0,51.369464663352275,False,LIQUIDITY
2026-08-19,5403,92.1,40.22321428571429,0.0,3,1.0,20.0,54.066964285714285,False,LIQUIDITY
2026-08-19,5410,35.8,80.72936976904319,20.93271713050297,19,0.42105263157894735,20.0,54.083569160707114,False,LIQUIDITY
2026-08-19,5425,91.8,99.95438788542236,0.0,65,0.6923076923076923,20.0,62.75554713485747,False,LOW_ZONE
2026-08-19,5426,27.2,91.96428571428572,0.0,53,0.5283018867924528,20.0,55.4383423180593,False,LOW_ZONE
2026-08-19,5432,149.0,90.48048841111043,0.0,44,0.4318181818181818,20.0,52.09869197787858,False,LIQUIDITY
2026-08-19,5434,530.0,95.81473214285714,0.0,23,0.4782608695652174,20.0,55.09224572981366,False,LOW_ZONE
2026-08-19,5438,16.95,81.19881740581087,12.677244892291501,34,0.5588235294117647,50.0,51.79366232716907,False,LIQUIDITY
2026-08-19,5439,234.5,79.26711668273867,14.945953208650675,43,0.6511627906976745,50.0,54.551507027914504,False,LOW_ZONE
2026-08-19,5443,104.5,90.44143204727146,0.0,60,0.4,50.0,46.63242961418143,False,LOW_ZONE
2026-08-19,5450,15.15,93.26697892271663,0.0,47,0.425531914893617,20.0,52.7460511236235,False,LIQUIDITY
2026-08-19,5452,26.7,87.199865058413,1.6666666666666663,46,0.6304347826086957,50.0,52.98966966245143,False,LIQUIDITY
2026-08-19,5455,29.6,52.5,,5,0.2,20.0,,False,DATA_QUALITY
2026-08-19,5457,26.75,87.7607181241111,71.3863218924365,72,0.6666666666666666,50.0,71.67479591034245,False,LIQUIDITY
2026-08-19,5460,16.0,94.2546271673615,0.0,16,0.4375,20.0,53.40138815020845,False,LIQUIDITY
2026-08-19,5464,70.7,99.22689075630252,2.666666666666657,43,0.5581395348837209,20.0,59.17891994006905,False,LOW_ZONE
2026-08-19,5465,24.25,74.85616906490685,0.0,40,0.5,50.0,44.95685071947206,False,LIQUIDITY
2026-08-19,5468,27.9,89.63464696223318,0.0,34,0.6470588235294118,20.0,58.302158794552305,False,LIQUIDITY
2026-08-19,5469,72.19999694824219,92.54715713943443,0.0,46,0.6304347826086957,50.0,54.177190620091196,False,LOW_ZONE
2026-08-19,5471,57.0,97.33723841361883,0.0,46,0.5217391304347826,20.0,56.85334543712912,False,LOW_ZONE
2026-08-19,5474,159.5,97.1767363071711,0.0,73,0.6027397260273972,20.0,59.23521267297325,False,LIQUIDITY
2026-08-19,5475,180.0,87.89823257908364,0.0,73,0.5342465753424658,50.0,49.89686703399906,False,OFFICIAL_STATUS
2026-08-19,5478,98.8,59.339846844467914,21.17812875196253,47,0.3404255319148936,20.0,45.30925219877781,False,LIQUIDITY
2019-03-20,5480,15.4,30.71428571428546,0.0,5,0.6,0.0,42.21428571428564,False,LIQUIDITY
2026-08-19,5481,19.35,94.05095798315229,10.359110577867558,38,0.34210526315789475,20.0,53.06822293414942,False,LIQUIDITY
2026-08-19,5483,176.5,96.96048632218844,0.0,51,0.6666666666666666,20.0,61.08814589665653,False,LOW_ZONE
2026-08-19,5484,40.0,93.12391936750853,27.9337795041097,36,0.5833333333333334,20.0,64.42062068627999,False,LIQUIDITY
2026-08-19,5487,29.1,77.30128438885369,0.0,16,0.625,20.0,53.940385316656105,False,LIQUIDITY
2026-08-19,5488,12.35,98.85408708938121,39.77182346772825,48,0.625,20.0,70.34918199374641,False,LIQUIDITY
2026-08-19,5489,41.3,98.87514060742407,32.03480571933416,24,0.3333333333333333,20.0,59.67124361206076,False,LIQUIDITY
2026-08-19,5490,29.8,99.84197218710493,10.46895391735565,42,0.42857142857142855,20.0,57.426972992613244,False,LOW_ZONE
2026-08-19,5493,78.4,75.38094341403104,13.038850345821752,20,0.9,50.0,60.37399561066475,False,LIQUIDITY
2026-08-19,5498,49.2,88.4365213201638,0.0,44,0.4090909090909091,50.0,46.303683668776415,False,LOW_ZONE
2026-08-19,5508,52.2,74.3547622269117,0.0,30,0.3333333333333333,20.0,44.30642866807351,False,LIQUIDITY
2026-08-19,5511,71.0,81.24980455706338,0.0,5,0.2,20.0,42.374941367119014,False,LIQUIDITY
2026-08-19,5512,7.79,47.79220779220778,0.0,23,0.13043478260869565,20.0,30.250705815923205,False,LIQUIDITY
2026-08-19,5514,14.6,57.46311984252723,,8,0.75,20.0,,False,DATA_QUALITY
2026-08-19,5515,53.79999923706055,73.14229278394109,0.0,17,0.35294117647058826,20.0,44.53092312929997,False,LOW_ZONE
2026-08-19,5516,11.7,91.1854103343465,0.0,34,0.5,20.0,54.355623100303944,False,LIQUIDITY
2026-08-19,5519,27.700000762939453,47.16362937994482,72.70009641616585,17,0.35294117647058826,50.0,50.412348212142554,False,LIQUIDITY
2026-08-17,5520,83.0,52.5,,2,0.5,20.0,,False,DATA_QUALITY
2026-08-19,5521,10.649999618530273,82.4697471147405,0.0,46,0.30434782608695654,20.0,45.87135891703085,False,LIQUIDITY
2026-08-19,5522,62.599998474121094,60.13392939631438,69.51944274077444,26,0.4230769230769231,20.0,60.11234719639562,False,OSCILLATION
2026-08-18,5523,30.35,45.0,,18,0.3888888888888889,20.0,,False,DATA_QUALITY
2026-08-19,5525,21.850000381469727,70.9114910308584,5.964438916731354,15,0.4666666666666667,20.0,48.76455703844036,False,LIQUIDITY
2026-08-19,5529,20.95,62.1122761031018,55.95225414734654,48,0.4791666666666667,20.0,58.99674636776717,False,LIQUIDITY
2026-08-19,5530,49.9,72.47694449277884,0.0,23,0.34782608695652173,20.0,44.1778659565293,False,LIQUIDITY
2026-08-19,5531,7.349999904632568,56.03174322847036,83.92694321129234,53,0.32075471698113206,20.0,59.41390028079815,False,LIQUIDITY
2026-08-19,5533,13.850000381469727,52.5,17.357267713005715,14,0.21428571428571427,20.0,38.51788835682285,False,LIQUIDITY
2026-08-19,5534,79.19999694824219,53.44978249073371,0.0,16,0.3125,20.0,37.40993474722011,False,OSCILLATION
2026-08-19,5536,873.0,97.94216397703889,79.50373397578274,13,0.6923076923076923,20.0,82.02781345628811,True,ACCEPT
2026-08-19,5538,37.29999923706055,87.40701476699499,0.0,41,0.3170731707317073,20.0,47.73429955204972,False,LIQUIDITY
2026-08-19,5543,24.05,92.5,,18,0.6666666666666666,20.0,,False,LIQUIDITY
2026-08-19,5546,13.5,89.74626346889121,61.902025036236914,21,0.0,50.0,49.89938529972659,False,LIQUIDITY
2026-08-19,5547,19.95,39.89495798319325,20.604358251391492,0,,20.0,29.119576957805847,False,LIQUIDITY
2026-08-19,5548,20.55,24.332849891225592,35.1022421449868,4,0.5,50.0,38.57541550361438,False,LIQUIDITY
2026-08-19,5601,30.25,67.5,,2,1.0,20.0,,False,DATA_QUALITY
2026-08-19,5603,14.4,33.40048840048841,0.0,32,0.375,50.0,28.770146520146525,False,LIQUIDITY
2026-08-19,5604,30.6,45.0,,4,0.5,20.0,,False,LIQUIDITY
2026-08-19,5607,54.0,53.22493112867917,0.0,48,0.3958333333333333,20.0,39.842479338603745,False,OSCILLATION
2026-08-19,5608,17.5,76.53928966612548,0.0,57,0.47368421052631576,20.0,49.17231321562711,False,LOW_ZONE
2026-08-19,5609,77.3,52.99719887955182,37.763184933350665,21,0.6190476190476191,20.0,55.91138446863178,False,LIQUIDITY
2026-08-19,5701,4.19,94.924486258975,12.19801413248446,76,0.47368421052631576,20.0,57.737375726603084,False,OFFICIAL_STATUS
2026-08-19,5703,14.95,75.0,,19,0.5263157894736842,0.0,,False,DATA_QUALITY
2026-08-19,5704,22.4,40.14769065520946,0.0,15,0.4666666666666667,20.0,38.04430719656283,False,LIQUIDITY
2026-08-19,5706,45.400001525878906,49.32964987224067,17.471497078252032,30,0.6,50.0,44.66676923123521,False,LIQUIDITY
2022-10-31,5820,11.7,32.012987012987075,0.0,2,0.5,0.0,39.60389610389612,False,OSCILLATION
2026-08-19,5864,32.7,99.17987971569164,12.695035460992889,34,0.20588235294117646,20.0,51.104193368191005,False,LOW_ZONE
2026-08-19,5871,109.5,74.41033649047843,13.128176218886887,45,0.4,20.0,49.60514500186525,False,LOW_ZONE
2026-08-19,5876,43.5,42.39182764495537,0.0,14,0.35714285714285715,20.0,35.43183400777232,False,OSCILLATION
2026-08-19,5878,38.6,45.0,,0,,20.0,,False,DATA_QUALITY
2026-08-19,5880,24.850000381469727,45.318785314697564,0.0,1,1.0,20.0,55.595635594409266,False,OSCILLATION
2026-08-19,5902,34.4,44.62301587301588,0.0,12,0.5833333333333334,20.0,42.886904761904766,False,DATA_QUALITY
2026-08-19,5903,185.0,39.505494505494504,21.028246659628348,1,0.0,20.0,29.108710016555438,False,LIQUIDITY
2026-08-19,5904,78.0,100.0,,28,0.35714285714285715,20.0,,False,DATA_QUALITY
2026-08-19,5905,7.9,73.87594522787657,58.37525785535406,46,0.43478260869565216,20.0,61.80007629307105,False,LIQUIDITY
2026-08-19,5906,38.0,67.12045444427078,9.844585577807965,58,0.3620689655172414,50.0,40.95935169325046,False,LIQUIDITY
2026-08-19,5907,4.880000114440918,78.07419727037046,0.8333333333333331,47,0.3191489361702128,20.0,45.205060599550855,False,LIQUIDITY
2026-08-19,6005,30.200000762939453,80.08052102719003,25.041279603699905,15,0.6,20.0,60.28447620908199,False,LOW_ZONE
2026-08-19,6015,15.45,98.71824749475647,36.708427828395465,36,0.3333333333333333,20.0,60.792581205525806,False,LIQUIDITY
2026-08-19,6016,19.15,94.05331510594668,61.07460374370153,16,0.4375,20.0,68.60964546770938,False,LOW_ZONE
2026-08-19,6020,20.35,67.57142857142857,72.2598882429322,3,0.0,20.0,50.33640063216162,False,LIQUIDITY
2026-08-19,6021,35.9,89.38463942898173,0.0,25,0.52,20.0,54.41539182869452,False,LIQUIDITY
2026-08-19,6023,83.5,37.67908604363934,84.68772884531184,1,0.0,50.0,39.97565802441976,False,OSCILLATION
2026-08-19,6024,60.79999923706055,25.2301591804793,0.0,6,0.16666666666666666,20.0,24.56904775414379,False,OSCILLATION
2026-08-19,6026,14.5,67.13600655362036,9.075630252100835,29,0.3103448275862069,50.0,39.220054356697524,False,LIQUIDITY
2026-08-19,6101,38.0,94.51645064805584,0.0,55,0.5272727272727272,20.0,56.17311701259857,False,LIQUIDITY
2026-08-13,6103,29.5,84.33994114005765,,1,0.0,20.0,,False,DATA_QUALITY
2026-08-19,6104,92.5,87.47991307495118,8.333333333333334,70,0.5571428571428572,20.0,57.0415929701044,False,LOW_ZONE
2026-08-19,6108,24.75,84.91379353375191,0.0,34,0.5,20.0,52.47413806012557,False,LOW_ZONE
2026-08-19,6109,11.1,96.29398918570554,32.83991256025564,43,0.5116279069767442,20.0,64.4470121050779,False,LIQUIDITY
2026-08-19,6111,35.7,44.64981643875534,88.50796976574955,73,0.5205479452054794,50.0,58.63837572922837,False,LIQUIDITY
2026-08-19,6112,44.099998474121094,86.3457260902039,0.0,33,0.5151515151515151,20.0,53.358263281606625,False,LIQUIDITY
2026-08-19,6113,23.15,92.93563579277864,0.8333333333333331,66,0.5757575757575758,20.0,57.3617513438942,False,LIQUIDITY
2026-08-19,6114,24.5,73.56798156642091,89.09127865987216,53,0.5471698113207547,85.0,63.00830847451695,False,LIQUIDITY
2026-08-19,6115,44.900001525878906,53.11095586139228,70.84441341587701,0,,20.0,45.64439011238694,False,LIQUIDITY
2026-08-19,6116,14.25,98.04839993183455,4.036701935407554,60,0.43333333333333335,20.0,55.423695463402254,False,LOW_ZONE
2026-08-19,6117,61.0,61.391553868622495,90.34996775691391,54,0.48148148148148145,50.0,62.94940254425967,False,LIQUIDITY
2026-08-19,6118,15.3,61.23848921088008,65.14100525204631,80,0.6375,50.0,61.28179807627561,False,LIQUIDITY
2026-08-19,6120,12.550000190734863,92.16395522011791,25.684832736024752,71,0.49295774647887325,20.0,60.85912714440776,False,LOW_ZONE
2026-08-19,6121,401.5,97.85128271910405,0.0,31,0.3870967741935484,20.0,52.96828804153766,False,LOW_ZONE
2026-08-19,6122,47.3,59.93176014289135,8.890902993153244,27,0.4444444444444444,20.0,45.53558712448905,False,LIQUIDITY
2026-08-19,6123,42.85,71.01593625498008,0.0,12,0.25,20.0,40.80478087649402,False,LIQUIDITY
2026-08-19,6124,27.0,62.15892441257331,6.349206349206371,46,0.5869565217391305,50.0,45.343674563247504,False,LIQUIDITY
2026-08-19,6125,51.9,88.29750346740637,0.0,55,0.5454545454545454,50.0,50.352887403858276,False,LOW_ZONE
2026-08-19,6126,29.45,80.80628441291856,61.651419018943734,46,0.5,20.0,66.6547400786115,False,LIQUIDITY
2026-08-19,6127,49.7,99.17027417027417,29.805899022132074,68,0.5588235294117647,20.0,65.96726288896821,False,LOW_ZONE
2026-08-19,6128,20.299999237060547,52.760613655526676,0.0,11,0.09090909090909091,20.0,30.55545682393073,False,LIQUIDITY
2026-08-19,6129,13.7,95.0,63.15938940959742,67,0.5970149253731343,50.0,69.70029511359338,False,LIQUIDITY
2026-08-19,6130,28.4,87.9812390072308,0.0,43,0.4883720930232558,20.0,53.045534492866906,False,LIQUIDITY
2020-11-24,6131,5.18,100.0,,9,0.7777777777777778,20.0,,False,OFFICIAL_STATUS
2026-08-19,6133,22.149999618530273,95.89401280413817,0.0,58,0.39655172413793105,20.0,52.66475556537938,False,LIQUIDITY
2026-08-19,6134,27.75,94.55420466058764,0.0,58,0.6896551724137931,50.0,56.555916570590085,False,LIQUIDITY
2026-08-19,6136,24.950000762939453,63.48021302333743,0.0,5,0.2,20.0,37.04406390700123,False,LIQUIDITY
2026-08-19,6138,297.0,95.83529781549584,5.36986301369863,54,0.5925925925925926,20.0,59.87083287585118,False,LOW_ZONE
2026-08-19,6139,766.0,98.33319782096106,5.025799456649809,39,0.5384615384615384,20.0,58.91025536429692,False,LOW_ZONE
2026-08-19,6140,16.3,87.34656617264687,54.914479793917685,73,0.4931506849315068,50.0,62.22711034821869,False,LIQUIDITY
2026-08-19,6141,44.5,92.3057192571484,0.0,48,0.5208333333333334,20.0,55.31671577714452,False,LOW_ZONE
2026-08-19,6142,9.0,95.8863120333791,13.455178185208872,54,0.6296296296296297,20.0,63.018577045204836,False,LIQUIDITY
2026-08-19,6143,89.3,79.97241544106687,1.1459855808283586,48,0.5625,20.0,53.15322102752715,False,LOW_ZONE
2026-08-19,6144,13.5,76.57829070492826,3.3333333333333726,36,0.5833333333333334,50.0,48.80682054481182,False,LIQUIDITY
2018-09-17,6145,6.31,79.78002976443551,89.6809540361157,1,0.0,50.0,53.85424743835958,False,LIQUIDITY
2026-08-19,6146,195.5,65.28571428571428,5.0,30,0.5333333333333333,50.0,44.33571428571428,False,LIQUIDITY
2026-08-19,6147,161.5,91.7096738772373,3.20855614973262,30,0.5,50.0,50.81504120060434,False,LOW_ZONE
2026-08-19,6148,27.6,98.24195858835786,26.24049658441109,70,0.5857142857142857,20.0,65.6041402940387,False,LIQUIDITY
2026-08-19,6150,59.0,87.46366559264087,0.0,90,0.6777777777777778,50.0,54.0724330111256,False,LIQUIDITY
2026-08-19,6151,36.0,72.32316356086669,2.0437956204379626,17,0.47058823529411764,50.0,43.82554503219303,False,LIQUIDITY
2026-08-19,6152,13.899999618530273,94.00479517587999,0.0,62,0.43548387096774194,20.0,53.26595468179625,False,LIQUIDITY
2026-08-19,6153,16.700000762939453,95.15738622726161,0.0,66,0.5606060606060606,50.0,52.865397686360296,False,LOW_ZONE
2026-08-19,6154,13.95,55.67099567099569,0.0,10,0.0,20.0,28.701298701298704,False,LIQUIDITY
2026-08-19,6155,58.099998474121094,98.82903900950949,4.547207208028299,63,0.5238095238095238,20.0,58.49979921914563,False,LOW_ZONE
2026-08-19,6156,21.05,97.88135593220339,9.519051215777019,62,0.6290322580645161,20.0,62.61513732554076,False,LIQUIDITY
2026-08-19,6158,16.6,52.337348440251404,61.19797915586821,43,0.5116279069767442,20.0,58.3495365303448,False,LIQUIDITY
2026-08-19,6160,13.95,64.68118813755056,59.975891716773,73,0.5205479452054794,50.0,57.5147677266228,False,LIQUIDITY
2026-08-19,6161,50.4,93.12579013906446,4.999999999999999,35,0.6285714285714286,20.0,60.04487989886219,False,LIQUIDITY
2026-08-19,6163,41.6,91.43864361255666,0.0,48,0.4375,50.0,48.056593083767,False,LOW_ZONE
2026-08-19,6164,11.649999618530273,97.21706657757998,39.22091732869858,45,0.5333333333333333,20.0,66.97034930544865,False,LIQUIDITY
2026-08-19,6165,46.79999923706055,79.23837984537714,77.00366639569597,76,0.4868421052631579,20.0,69.62769371043187,False,MR_PROBABILITY
2026-08-19,6166,123.5,99.35649935649936,31.09309628231172,48,0.5416666666666666,20.0,65.83022387752774,False,LOW_ZONE
2026-08-19,6167,10.65,76.00715740864891,0.0,51,0.6078431372549019,50.0,48.53744134024173,False,LIQUIDITY
2026-08-19,6168,24.200000762939453,91.80528563880827,2.4999999999999996,72,0.6388888888888888,50.0,54.833252358309146,False,LOW_ZONE
2026-08-19,6169,12.6,80.65797372914224,79.89492748672683,81,0.4567901234567901,20.0,69.87482769412807,False,LIQUIDITY
2026-08-19,6170,47.55,59.8210663575775,0.0,47,0.5531914893617021,20.0,46.54206458812431,False,LIQUIDITY
2026-08-19,6171,23.25,80.13030174489668,,12,0.5,20.0,,False,DATA_QUALITY
2021-11-17,6172,20.1,100.0,,10,0.9,20.0,,False,DATA_QUALITY
2026-08-19,6173,213.5,99.83465608465609,0.0,60,0.5,20.0,56.95039682539682,False,LOW_ZONE
2026-08-19,6174,44.75,98.37191403706116,0.0,39,0.6666666666666666,20.0,61.511574211118344,False,LOW_ZONE
2026-08-19,6175,75.7,94.38406896970433,22.266713400146433,53,0.6226415094339622,20.0,64.56114432396677,False,LOW_ZONE
2026-08-19,6176,108.4000015258789,52.343475787092586,70.86367857210347,42,0.2857142857142857,50.0,49.49039095058221,False,OSCILLATION
2026-08-19,6177,48.400001525878906,55.946854047808976,0.0,26,0.5,20.0,43.78405621434269,False,OSCILLATION
2026-08-19,6179,26.85,96.11801242236025,0.0,45,0.4666666666666667,20.0,54.83540372670807,False,LOW_ZONE
2026-08-19,6180,40.85,77.27063057569319,43.37786599317136,41,0.4634146341463415,20.0,59.92809469539104,False,LIQUIDITY
2026-08-19,6182,110.0,94.71371250238838,0.0,59,0.5932203389830508,20.0,58.21072392020804,False,LOW_ZONE
2026-08-19,6183,93.30000305175781,56.066252038571285,0.0,7,0.5714285714285714,20.0,45.96273275442853,False,LIQUIDITY
2026-08-19,6184,41.849998474121094,21.38019057067857,87.92612666399343,1,0.0,50.0,35.89558883720193,False,LIQUIDITY
2026-08-19,6185,13.2,68.69747899159664,84.40925818690168,47,0.2553191489361702,20.0,61.371132712289516,False,LIQUIDITY
2026-08-19,6186,32.7,58.10506700274845,92.22087501757056,37,0.5675675675675675,20.0,69.5137658822442,False,OSCILLATION
2026-08-19,6187,1305.0,98.05622621434709,0.0,57,0.6140350877192983,20.0,59.837920495883075,False,LIQUIDITY
2026-08-19,6188,69.1,75.5224357554869,19.2748756120378,57,0.5263157894736842,50.0,50.76492331386604,False,LOW_ZONE
2026-08-19,6189,47.150001525878906,75.50588154893354,31.61599899283806,13,0.38461538461538464,20.0,54.09422575135112,False,LIQUIDITY
2026-08-19,6190,65.0,91.90549113979435,22.876523366326616,45,0.6444444444444445,50.0,60.12411151685329,False,LOW_ZONE
2026-08-19,6191,82.5,91.58066463722332,38.77589194193818,54,0.5370370370370371,50.0,60.779283487762655,False,LOW_ZONE
2026-08-19,6192,116.0,69.17627566619147,0.0,10,0.7,20.0,53.75288269985744,False,LIQUIDITY
2026-08-19,6194,29.4,27.5,67.96122305973738,16,0.5625,20.0,54.11530576493435,False,LIQUIDITY
2026-08-18,6195,27.65,63.101173020527874,0.0,3,0.6666666666666666,20.0,50.93035190615836,False,LIQUIDITY
2026-08-19,6196,500.0,98.8425925925926,4.999999999999999,52,0.6923076923076923,20.0,63.672008547008545,False,LOW_ZONE
2026-08-19,6197,301.0,96.67487684729065,5.833333333333332,33,0.6666666666666666,20.0,62.46079638752052,False,LOW_ZONE
2026-08-19,6198,19.35,67.5,,34,0.2647058823529412,20.0,,False,DATA_QUALITY
2026-08-19,6199,95.9,98.52442889933326,2.2339453734785675,35,0.7428571428571429,20.0,64.4015292988839,False,LOW_ZONE
2026-08-19,6201,44.45000076293945,48.80480602817378,79.2095975780931,4,1.0,20.0,76.4438412029754,False,LIQUIDITY
2026-08-19,6202,58.0,98.52183947497488,0.0,50,0.48,20.0,55.95655184249246,False,LOW_ZONE
2026-08-19,6203,60.3,45.480665950590755,64.0141804249271,41,0.5121951219512195,50.0,52.51359854994559,False,LIQUIDITY
2026-08-19,6204,83.5,97.95386904761905,0.0,48,0.5625,20.0,58.261160714285715,False,LIQUIDITY
2026-08-19,6205,61.0,86.25336848070154,3.3333333333333326,45,0.5555555555555556,50.0,50.87601054421046,False,LIQUIDITY
2026-08-19,6206,144.5,99.84162179284131,0.0,17,0.4117647058823529,20.0,54.305427714322974,False,LOW_ZONE
2026-08-19,6207,102.0,99.45552303818144,23.933436473522125,52,0.4807692307692308,20.0,62.24309295291188,False,LOW_ZONE
2026-08-19,6208,81.5,82.88654004675698,32.645296745723265,18,0.3888888888888889,20.0,56.69395286712458,False,LOW_ZONE
2026-08-19,6209,67.0,92.42304904853216,19.774536296914896,62,0.6129032258064516,20.0,63.05764556298192,False,LOW_ZONE
2026-08-19,6210,17.1,82.10680056882799,,7,0.42857142857142855,20.0,,False,DATA_QUALITY
2026-08-17,6212,29.45,52.5,,11,0.45454545454545453,0.0,,False,DATA_QUALITY
2026-08-19,6213,484.0,82.94829482948295,0.0,66,0.5757575757575758,20.0,54.15721572157216,False,OFFICIAL_STATUS
2026-08-19,6214,178.5,75.19823438136618,0.0,21,0.38095238095238093,20.0,45.98804174298128,False,LOW_ZONE
2026-08-19,6215,99.30000305175781,85.762144542888,0.0,58,0.5862068965517241,50.0,50.81485025941812,False,LOW_ZONE
2026-08-19,6216,22.149999618530273,66.50099540330983,0.0,17,0.29411764705882354,20.0,40.773828032757656,False,LIQUIDITY
2026-08-19,6217,153.0,85.67102844165674,10.020530877261061,48,0.7083333333333334,50.0,56.956441251812294,False,LOW_ZONE
2026-08-19,6218,38.55,98.08429118773947,0.0,29,0.3793103448275862,20.0,52.804597701149426,False,LIQUIDITY
2026-08-19,6219,12.1,86.54834873160462,37.83724795673795,70,0.4714285714285714,20.0,61.56667375152301,False,LIQUIDITY
2026-08-19,6220,25.55,93.18525996971226,43.13620577422047,44,0.5,50.0,61.239629434468796,False,LIQUIDITY
2026-08-19,6221,22.3,69.52944530573515,0.0,40,0.25,50.0,35.85883359172054,False,LIQUIDITY
2026-08-18,6222,20.1,45.0,,28,0.5714285714285714,20.0,,False,LIQUIDITY
2026-08-19,6223,5255.0,95.79570227343507,38.49081339952691,46,0.6304347826086957,20.0,69.27445751017312,False,LIQUIDITY
2026-08-19,6224,65.5999984741211,92.73478139737061,0.0,55,0.43636363636363634,50.0,48.411343510120275,False,LIQUIDITY
2026-08-19,6225,53.599998474121094,75.0,0.0,99,0.6565656565656566,20.0,54.1969696969697,False,OFFICIAL_STATUS
2026-08-19,6226,21.299999237060547,91.47992630012098,0.0,57,0.45614035087719296,20.0,53.12818841635208,False,LOW_ZONE
2026-08-19,6227,117.0,94.50549450549451,0.0,42,0.7380952380952381,20.0,62.494505494505496,False,LOW_ZONE
2026-08-19,6228,17.3,87.36770036066049,,60,0.38333333333333336,20.0,,False,DATA_QUALITY
2026-08-19,6229,23.85,83.8885075379588,0.0,54,0.6296296296296297,50.0,51.55544115027653,False,LIQUIDITY
2026-08-19,6230,106.0,83.58760980120203,73.80744725593321,72,0.5416666666666666,50.0,67.27814475434391,False,LIQUIDITY
2026-08-19,6231,213.5,86.3013698630137,35.358077606440084,73,0.5616438356164384,50.0,59.07924542900729,False,LIQUIDITY
2026-08-19,6233,21.2,88.62199747155499,8.125783391656507,61,0.4426229508196721,50.0,49.39673361397079,False,LIQUIDITY
2026-08-19,6234,35.3,89.42321252291637,11.657773790904939,41,0.43902439024390244,50.0,50.41213891191822,False,LIQUIDITY
2026-08-19,6235,37.29999923706055,88.88564662716868,29.62516219327438,70,0.5428571428571428,50.0,57.85769882218349,False,LIQUIDITY
2026-08-18,6236,14.95,67.5,,0,,0.0,,False,OFFICIAL_STATUS
2026-08-19,6237,33.25,78.92190739460955,40.29186485789118,80,0.5375,50.0,57.37453843285566,False,LIQUIDITY
2020-06-10,6238,179.5,78.01281089410149,0.0,22,0.4090909090909091,20.0,47.67657054095772,False,LOW_ZONE
2026-08-19,6239,262.5,95.23809523809524,11.590493553450514,23,0.34782608695652173,20.0,53.90383456848685,False,LOW_ZONE
2026-08-19,6240,20.75,100.0,,46,0.45652173913043476,20.0,,False,DATA_QUALITY
2026-08-17,6241,13.85,92.14929214929214,18.151933970968607,50,0.6,20.0,62.18277113752979,False,LIQUIDITY
2026-08-19,6242,34.1,45.0,,17,0.4117647058823529,20.0,,False,DATA_QUALITY
2026-08-19,6243,43.29999923706055,95.35526188264518,9.559807254586042,76,0.6578947368421053,20.0,62.73337248370323,False,LOW_ZONE
2026-08-19,6244,25.15,92.43049821084503,0.0,80,0.4125,50.0,47.604149463253506,False,LOW_ZONE
2026-08-19,6245,83.4,95.63794983642312,0.0,55,0.5272727272727272,20.0,56.50956676910875,False,LOW_ZONE
2026-08-19,6246,12.2,83.80398671096344,45.759330114687266,47,0.5531914893617021,50.0,60.67677322281191,False,LIQUIDITY
2023-02-01,6247,15.45,45.0,,1,0.0,0.0,,False,DATA_QUALITY
2026-08-19,6248,18.1,50.05424954792048,0.0,24,0.375,20.0,38.26627486437614,False,LIQUIDITY
2022-08-12,6251,20.3,80.98045786708312,0.0,20,0.85,20.0,61.794137360124935,False,LOW_ZONE
2026-08-19,6257,199.5,94.94310998735777,13.202773483822938,25,0.44,20.0,56.98362636716307,False,LOW_ZONE
2026-08-19,6259,30.6,97.18722763647888,0.0,31,0.6129032258064516,20.0,59.543265065137206,False,LIQUIDITY
2026-08-19,6261,76.2,75.90034758972665,44.432925656713074,17,0.47058823529411764,50.0,55.49598274991979,False,LOW_ZONE
2026-08-19,6263,161.5,80.84182794713408,0.0,14,0.35714285714285715,20.0,46.966834098425934,False,LIQUIDITY
2026-08-19,6264,6.02,45.0,,63,0.3333333333333333,20.0,,False,LIQUIDITY
2026-08-19,6265,59.2,96.23115577889448,0.0,41,0.5609756097560976,20.0,57.69861502635126,False,LOW_ZONE
2026-08-19,6266,25.0,65.08498583569404,0.0,31,0.45161290322580644,50.0,40.57388284748241,False,LIQUIDITY
2026-08-19,6269,62.70000076293945,99.09698560948625,0.0,60,0.4166666666666667,20.0,54.22909568284587,False,LOW_ZONE
2026-08-19,6270,29.9,97.47656813266042,2.746268656716433,33,0.48484848484848486,20.0,56.47499214943178,False,LIQUIDITY
2026-08-19,6271,194.0,94.07256615974134,2.4999999999999996,58,0.5862068965517241,20.0,58.432976744474125,False,LOW_ZONE
2026-08-19,6272,22.950000762939453,82.2092462971751,85.17341195151054,72,0.5277777777777778,50.0,69.2894602103635,False,LIQUIDITY
2026-08-19,6274,1500.0,98.44042420461635,0.0,53,0.6792452830188679,20.0,61.90948575195094,False,LIQUIDITY
2026-08-19,6275,45.15,79.90361279505342,0.0,56,0.5,50.0,46.47108383851602,False,LIQUIDITY
2026-08-19,6276,19.0,81.00675833139128,76.00790189544529,60,0.3333333333333333,50.0,60.804002973278706,False,LIQUIDITY
2026-08-19,6277,83.69999694824219,93.40151927863954,0.0,0,,20.0,40.020455783591856,False,LOW_ZONE
2026-08-19,6278,174.5,88.38485458203768,0.0,55,0.509090909090909,50.0,49.28818364733857,False,LOW_ZONE
2026-08-19,6279,128.0,68.74692336117852,0.0,47,0.5531914893617021,20.0,49.21982168920462,False,LOW_ZONE
2026-08-19,6281,51.099998474121094,41.67774270585393,18.555505243636322,0,,20.0,29.14219912266526,False,LIQUIDITY
2026-08-19,6282,45.54999923706055,90.03916469374825,23.591237818162085,53,0.49056603773584906,50.0,55.12653999474047,False,LOW_ZONE
2026-08-19,6283,19.899999618530273,64.51383488242556,71.11372792936476,76,0.5789473684210527,50.0,62.00100349970043,False,LIQUIDITY
2026-08-19,6284,79.1,89.30172966047405,1.9694397283531462,59,0.5423728813559322,20.0,55.55406527090847,False,LOW_ZONE
2026-08-19,6285,235.5,91.52082485415818,11.666666666666666,43,0.6046511627906976,20.0,60.51244900663505,False,LOW_ZONE
2025-06-20,6287,8.89,75.0,,20,0.65,20.0,,False,OFFICIAL_STATUS
2025-08-04,6288,20.95,100.0,0.0,64,0.53125,20.0,57.9375,False,LIQUIDITY
2022-09-23,6289,1.35,100.0,,51,0.5882352941176471,20.0,,False,OFFICIAL_STATUS
2026-08-19,6290,223.5,89.32988990077477,9.35211267605634,59,0.5254237288135594,50.0,52.3997070036533,False,LOW_ZONE
2026-08-19,6291,376.0,91.59663865546219,7.244094488188977,32,0.59375,50.0,54.602515218685895,False,LOW_ZONE
2026-08-19,6292,62.2,97.46162927981109,0.0,11,0.2727272727272727,20.0,49.420306965761505,False,LIQUIDITY
2026-08-19,6294,28.7,78.11280947587149,0.0,16,0.1875,20.0,41.05884284276145,False,LIQUIDITY
2018-09-17,6298,17.2,44.68388556228524,58.312749821223484,0,,50.0,35.48335312399144,False,LIQUIDITY
2023-11-21,6404,4.64,100.0,,31,0.41935483870967744,20.0,,False,OFFICIAL_STATUS
2026-08-19,6405,38.25,83.23976710964976,40.37099935374003,49,0.42857142857142855,50.0,55.42182282847279,False,LIQUIDITY
2026-08-19,6409,1030.0,88.82265275707898,0.0,56,0.5714285714285714,20.0,55.789652969980835,False,LIQUIDITY
2026-08-19,6411,78.1,92.10270890320302,17.267514335762648,67,0.5074626865671642,20.0,59.1715718519165,False,LOW_ZONE
2026-08-19,6412,77.0,72.88330593604768,60.27982084834008,38,0.5789473684210527,50.0,61.8033680455309,False,LOW_ZONE
2026-08-19,6414,408.5,95.67972350230414,5.678348158983182,56,0.4107142857142857,20.0,54.44493266186561,False,LOW_ZONE
2026-08-19,6415,440.0,90.47619047619048,15.692460443623993,74,0.6216216216216216,20.0,61.714620902411795,False,LOW_ZONE
2026-08-19,6416,96.9000015258789,97.40259525464337,0.0,72,0.4861111111111111,20.0,55.804111909726345,False,LOW_ZONE
2026-08-19,6417,107.0,81.78331735378715,73.03591410618972,22,0.3181818181818182,50.0,59.83942827813812,False,LIQUIDITY
2026-08-19,6418,32.25,97.14285714285714,0.0,48,0.4583333333333333,20.0,54.89285714285714,False,LIQUIDITY
2026-08-19,6419,161.5,97.83549783549783,0.0,53,0.5471698113207547,20.0,57.76574369027199,False,LOW_ZONE
2018-09-19,6422,72.7,41.75324675324668,0.0,0,,20.0,24.525974025974,False,LIQUIDITY
2026-08-19,6423,78.9,85.94752186588921,0.0,2,0.5,50.0,48.28425655976676,False,LIQUIDITY
2026-08-19,6425,57.8,80.01837390904915,19.560940574653916,46,0.5,50.0,51.39574731637822,False,LIQUIDITY
2021-03-23,6426,103.0,69.7811312522761,0.0,28,0.5714285714285714,50.0,45.57719651853997,False,LIQUIDITY
2026-08-19,6431,20.0,97.66354902193767,0.0,68,0.4852941176470588,20.0,55.85788823599306,False,LIQUIDITY
2026-08-19,6432,67.7,95.96405726469692,21.15127883485433,47,0.6170212765957447,20.0,64.587675185995,False,LOW_ZONE
2026-08-19,6435,257.0,99.73045822102426,9.396078431372551,54,0.6481481481481481,20.0,63.71260151859486,False,LOW_ZONE
2021-01-18,6438,88.8,79.68186883426213,0.0,17,0.4117647058823529,20.0,48.25750182674923,False,LOW_ZONE
2026-08-19,6441,21.55,94.86049926578562,0.0,72,0.5555555555555556,50.0,52.62481644640235,False,LIQUIDITY
2026-08-19,6442,1530.0,92.046818727491,0.0,32,0.65625,50.0,54.8015456182473,False,LIQUIDITY
2026-08-19,6443,26.0,79.61715343498517,26.19682987448518,75,0.5333333333333333,50.0,53.934353499116845,False,LOW_ZONE
2024-01-24,6446,320.5,76.1283800035759,61.97268850373565,48,0.5416666666666666,20.0,66.58168612700669,False,LOW_ZONE
2026-08-19,6449,226.0,93.01323026609187,34.16857321198978,56,0.5535714285714286,20.0,65.05325523996787,False,LOW_ZONE
2026-08-19,6451,414.0,93.04183489390945,15.049751243781092,64,0.640625,50.0,58.39373827911811,False,LOW_ZONE
2020-08-17,6452,56.6,67.5,98.33333333333333,25,0.72,50.0,73.93333333333332,False,OFFICIAL_STATUS
2026-08-19,6456,65.0999984741211,96.19421559795045,0.0,62,0.5,50.0,51.35826467938513,False,LOW_ZONE
2024-12-25,6457,62.1,85.86248993502784,0.0,43,0.4418604651162791,20.0,51.01456093399673,False,LIQUIDITY
2026-08-19,6461,15.9,92.43209674422711,0.0,66,0.5757575757575758,20.0,57.002356295995405,False,LIQUIDITY
2026-08-19,6462,97.0,76.46103896103895,29.886166450645113,84,0.5833333333333334,50.0,55.40985330097296,False,LOW_ZONE
2026-08-19,6464,79.0,40.36179868044105,0.0,2,0.0,20.0,24.108539604132314,False,LIQUIDITY
2026-08-19,6465,46.1,96.16688780775468,76.35516803411326,51,0.5490196078431373,20.0,76.40944658614883,False,LIQUIDITY
2026-08-19,6469,67.9,72.01249321021186,85.80438747634796,41,0.5121951219512195,20.0,70.42069849068713,False,MR_PROBABILITY
2026-08-19,6470,41.55,42.448979591836704,75.66401246102102,39,0.6153846153846154,20.0,62.11223545434473,False,LIQUIDITY
2023-12-18,6472,678.0,78.49718553447461,0.0,42,0.5238095238095238,20.0,51.2634413746281,False,LOW_ZONE
2026-08-19,6474,39.8,67.5,,0,,20.0,,False,LIQUIDITY
2026-08-19,6477,37.5,97.39165484925667,0.0,60,0.6833333333333333,20.0,61.71749645477699,False,LOW_ZONE
2026-08-19,6482,28.5,75.40829431552842,0.0,36,0.5,20.0,49.622488294658524,False,LIQUIDITY
2026-08-19,6485,61.0,77.07180038007104,34.731210508563244,73,0.5205479452054794,50.0,54.920781097326504,False,LIQUIDITY
2026-08-19,6486,74.2,46.14609571788413,51.57806704583179,6,0.3333333333333333,50.0,44.238345476823184,False,LIQUIDITY
2026-08-19,6488,983.0,96.16820593436825,0.0,66,0.6666666666666666,20.0,60.85046178031047,False,LOW_ZONE
2026-08-19,6491,375.5,78.91323135190329,0.0,63,0.49206349206349204,20.0,50.435874167475745,False,LOW_ZONE
2026-08-19,6492,37.55,74.09157174903594,73.74353323094226,70,0.6,50.0,66.16335483244634,False,LIQUIDITY
2026-08-19,6494,55.4,98.58245392975272,0.0,46,0.5217391304347826,20.0,57.22691009196929,False,LIQUIDITY
2026-08-19,6496,25.0,80.10232855025363,0.0,28,0.21428571428571427,20.0,42.45926999364752,False,DATA_QUALITY
2020-08-24,6497,5.66,96.04569420035149,0.0,29,0.5517241379310345,20.0,57.365432398036475,False,OFFICIAL_STATUS
2026-08-19,6498,73.9,81.77112016741933,33.19362543757074,11,0.2727272727272727,50.0,48.51156059143666,False,LIQUIDITY
2026-08-19,6499,61.6,78.40188707061772,15.999999999999979,76,0.5,50.0,50.02056612118531,False,LIQUIDITY
2026-08-19,6504,36.70000076293945,63.25489984716691,23.51764627285773,49,0.22448979591836735,20.0,43.59057539991552,False,LIQUIDITY
2026-08-19,6505,70.19999694824219,88.04712302107392,0.0,26,0.46153846153846156,20.0,52.26029075247602,False,LOW_ZONE
2026-08-19,6506,17.15,64.28571428571428,12.335164835164841,12,0.5833333333333334,20.0,51.86950549450549,False,LIQUIDITY
2026-08-19,6508,25.75,77.88620034254569,0.0,11,0.45454545454545453,20.0,49.002223739127345,False,LIQUIDITY
2026-08-19,6509,45.85,85.80064020782282,13.150475875017872,35,0.6285714285714286,20.0,59.88495388824417,False,LOW_ZONE
2026-08-19,6510,2660.0,91.93957213829464,7.540315546824377,68,0.6764705882352942,50.0,57.261068175253314,False,LIQUIDITY
2026-08-19,6512,19.95,45.0,,22,0.5909090909090909,20.0,,False,DATA_QUALITY
2024-10-08,6514,50.8,27.5,15.757575757575788,33,0.48484848484848486,0.0,41.73484848484849,False,LIQUIDITY
2026-08-19,6515,6370.0,91.09387344681463,12.7513683258918,43,0.7441860465116279,50.0,60.341585510866175,False,LIQUIDITY
2026-08-19,6516,58.5,69.44657219456147,0.0,29,0.3103448275862069,20.0,42.14431648595465,False,LIQUIDITY
2026-08-19,6517,66.6,97.56147124568177,0.0,43,0.627906976744186,20.0,60.10565067603011,False,LOW_ZONE
2026-08-19,6523,89.8,45.0,,46,0.5217391304347826,20.0,,False,LIQUIDITY
2026-08-19,6525,142.5,96.44159000173582,0.0,30,0.5,20.0,55.93247700052075,False,LOW_ZONE
2026-08-19,6526,580.0,89.42259830761573,7.176605318015674,18,0.7222222222222222,50.0,57.787597488455305,False,LOW_ZONE
2026-08-19,6527,74.7,60.0,,17,0.35294117647058826,20.0,,False,LIQUIDITY
2026-08-19,6530,79.9,87.33377906544834,0.0,45,0.6222222222222222,50.0,52.366800386301165,False,LOW_ZONE
2026-08-19,6531,837.0,94.24133558748943,6.666666666666668,59,0.6271186440677966,50.0,56.25262666494739,False,LOW_ZONE
2026-08-19,6532,87.8,92.18168279970216,0.0,62,0.5,20.0,54.65450483991064,False,LOW_ZONE
2026-08-19,6533,248.5,99.26172019195275,0.0,79,0.6075949367088608,20.0,60.006364158851646,False,LOW_ZONE
2026-08-19,6534,91.30000305175781,51.500155295579255,15.0860782574996,68,0.4117647058823529,20.0,43.574507329519264,False,LIQUIDITY
2026-08-19,6535,81.0,75.0,91.53675214174963,62,0.4838709677419355,85.0,62.15031706769547,False,LIQUIDITY
2026-08-19,6538,191.5,88.94294559929234,0.0,73,0.6027397260273972,20.0,56.76507546060962,False,LOW_ZONE
2026-08-19,6541,35.95000076293945,90.43407436119041,73.45011289028149,102,0.5490196078431373,20.0,73.96333876622161,False,LIQUIDITY
2026-08-19,6542,45.7,75.0,,14,0.35714285714285715,20.0,,False,DATA_QUALITY
2026-08-19,6546,62.0,86.51638777485825,0.0,43,0.5116279069767442,50.0,48.8037535417598,False,LIQUIDITY
2026-08-19,6547,51.7,93.71227364185111,0.0,65,0.6153846153846154,20.0,58.57522055409379,False,LOW_ZONE
2026-08-19,6548,71.1,94.01684148323238,1.6666666666666663,34,0.5588235294117647,20.0,57.38642499398932,False,LOW_ZONE
2026-08-19,6550,10.149999618530273,60.0,92.54963522757356,100,0.56,50.0,65.43740880689339,False,LIQUIDITY
2026-08-19,6552,24.600000381469727,85.03260251640776,28.716947433716904,66,0.4393939393939394,50.0,53.37083579516973,False,LIQUIDITY
2026-08-19,6556,58.5,69.73121684925198,76.38507564924375,42,0.2857142857142857,50.0,56.0870625385151,False,LIQUIDITY
2026-08-19,6558,24.649999618530273,85.19793597986838,34.463896847566346,72,0.5138888888888888,50.0,57.09202167251876,False,LIQUIDITY
2026-08-19,6560,31.0,73.56825652379781,59.81374385990473,52,0.4807692307692308,50.0,58.94698984519245,False,LIQUIDITY
2026-08-19,6561,320.0,39.81942215088282,53.847782595359256,24,0.4583333333333333,20.0,51.15777229410466,False,LIQUIDITY
2026-08-19,6568,125.5,75.0,71.77384212347222,75,0.5333333333333333,50.0,63.94346053086805,False,LIQUIDITY
2026-08-19,6569,92.9,82.73106726343391,65.08203236798293,43,0.3488372093023256,20.0,63.55494455009568,False,LIQUIDITY
2026-08-19,6570,55.1,95.95178121626483,0.0,37,0.4594594594594595,20.0,54.569318148663235,False,LIQUIDITY
2026-08-19,6573,17.75,94.68410096206773,0.0,95,0.5684210526315789,20.0,57.457861867567686,False,LIQUIDITY
2026-08-19,6574,122.5,98.8009592326139,0.06985346780671309,1,0.0,20.0,41.65775113673585,False,LIQUIDITY
2026-08-19,6576,79.2,66.11973775017253,1.037170079448932,58,0.5344827586206896,20.0,48.12969660353468,False,LIQUIDITY
2026-08-19,6577,80.7,90.19743567040248,0.0,21,0.47619047619047616,20.0,53.344944986835024,False,LOW_ZONE
2026-08-19,6578,18.0,83.24912095586964,0.0,45,0.4,20.0,48.97473628676089,False,LIQUIDITY
2026-08-19,6579,151.0,98.06295399515739,53.30705434834849,41,0.5365853658536586,20.0,70.8432107612441,False,LOW_ZONE
2026-08-19,6581,107.5,59.118165784832456,8.351648351425542,20,0.5,20.0,46.82336182330612,False,LIQUIDITY
2026-08-19,6582,31.350000381469727,56.64128829881683,15.618970255599237,61,0.3770491803278688,20.0,44.20860446338092,False,LIQUIDITY
2026-08-19,6584,600.0,95.69647803719826,0.0,15,0.8666666666666667,50.0,62.20894341115948,False,LOW_ZONE
2026-08-19,6585,114.0,93.49342152563088,1.8824846048120087,34,0.4411764705882353,20.0,53.753941726539324,False,LOW_ZONE
2026-08-19,6588,95.0,88.07844717576734,0.0,52,0.5576923076923077,20.0,55.15430338349943,False,LOW_ZONE
2025-07-18,6589,66.4,69.24385138670853,0.0,44,0.4318181818181818,20.0,45.72770087055801,False,LOW_ZONE
2026-08-19,6590,65.5,75.0,,17,0.17647058823529413,20.0,,False,DATA_QUALITY
2026-08-19,6591,43.900001525878906,68.87600074359882,40.82221755205462,75,0.5333333333333333,50.0,54.3683546110933,False,LIQUIDITY
2026-08-19,6592,60.400001525878906,64.26622489527622,0.0,21,0.19047619047619047,20.0,36.99415318286859,False,LIQUIDITY
2026-08-19,6593,32.65,34.026110196966044,6.197183098591591,49,0.40816326530612246,20.0,36.002026792921384,False,LIQUIDITY
2023-03-23,6594,31.3,74.77408984850386,0.0,26,0.7307692307692307,20.0,56.355303877628074,False,LIQUIDITY
2026-08-19,6596,93.5,46.83962264150942,0.0,27,0.25925925925925924,20.0,33.829664570230605,False,LIQUIDITY
2026-08-19,6597,73.0,100.0,,3,0.3333333333333333,0.0,,False,DATA_QUALITY
2026-08-19,6598,27.5,94.1770191164297,6.326059825497052,77,0.5454545454545454,20.0,58.19825705493953,False,LIQUIDITY
2026-08-19,6603,27.1,92.08182118112833,0.0,37,0.5405405405405406,20.0,55.840762570554716,False,LOW_ZONE
2026-08-19,6605,141.0,75.17077636044013,0.0,21,0.23809523809523808,20.0,41.69409005098918,False,LOW_ZONE
2026-08-19,6606,26.15,57.02233152378591,0.0,10,0.3,20.0,38.106699457135775,False,LIQUIDITY
2026-08-19,6609,39.0,76.50141847816964,0.0,51,0.5882352941176471,20.0,52.597484366980304,False,LIQUIDITY
2026-08-19,6612,73.3,67.5,,50,0.46,20.0,,False,LIQUIDITY
2026-08-19,6613,251.0,97.71980061512355,75.56407696359375,27,0.4444444444444444,20.0,73.54029275876883,False,MR_PROBABILITY
2026-08-19,6614,35.599998474121094,47.43906606175059,75.64456560677827,5,0.6,50.0,58.64286122021974,False,LIQUIDITY
2026-08-19,6615,33.65,67.5,,31,0.4838709677419355,20.0,,False,LIQUIDITY
2026-08-19,6616,8.55,63.22825219473265,83.11597716670359,40,0.45,50.0,60.74746995009569,False,LIQUIDITY
2026-08-19,6617,95.2,89.17308530736811,0.0,18,0.6111111111111112,20.0,57.08525892554377,False,LOW_ZONE
2026-08-19,6620,74.8,98.84935386794123,29.860767046725947,4,1.0,20.0,79.11999792206385,False,LOW_ZONE
2026-08-19,6624,42.25,100.0,,9,0.3333333333333333,20.0,,False,DATA_QUALITY
2026-08-19,6625,77.0,61.56260422131108,0.0,37,0.5405405405405406,20.0,46.68499748260954,False,LIQUIDITY
2026-08-19,6629,111.5,52.49664763652544,0.0,21,0.3333333333333333,20.0,37.748994290957626,False,LIQUIDITY
2026-08-19,6637,61.2,52.644655116051,60.412093743575156,7,0.42857142857142855,50.0,51.253562827851944,False,LIQUIDITY
2026-08-19,6640,966.0,85.64593301435407,0.0,28,0.4642857142857143,50.0,47.12235133287765,False,LIQUIDITY
2026-08-19,6641,18.049999237060547,72.27890118449724,0.0,23,0.43478260869565216,20.0,46.727148616218734,False,LIQUIDITY
2026-08-19,6642,79.1,94.52054794520548,0.0,28,0.35714285714285715,20.0,51.070450097847356,False,LOW_ZONE
2026-08-19,6643,409.5,83.18068989129505,29.679349192349918,73,0.5342465753424658,50.0,55.90144152574996,False,LOW_ZONE
2026-08-19,6645,12.699999809265137,91.18036509372556,40.18721984291889,75,0.52,20.0,65.0009144888474,False,LIQUIDITY
2026-08-19,6649,35.1,75.57486101231561,,44,0.3181818181818182,20.0,,False,LIQUIDITY
2026-08-19,6651,138.0,97.72672888250779,0.0,31,0.4838709677419355,20.0,55.834147697010394,False,LIQUIDITY
2026-08-19,6654,167.5,88.22188449848025,2.4999999999999996,17,0.4117647058823529,20.0,51.44450652601466,False,LIQUIDITY
2026-08-19,6655,115.5,31.554621848739494,69.93455578440916,13,0.6153846153846154,50.0,52.9115639622626,False,LIQUIDITY
2026-08-19,6657,29.700000762939453,85.3756150421554,67.14904894855948,60,0.45,50.0,63.399946749786494,False,LIQUIDITY
2026-08-19,6658,156.5,90.17525225703665,8.280839895013125,29,0.6896551724137931,50.0,57.31244082327807,False,LOW_ZONE
2026-08-19,6661,17.0,93.81529936129846,,15,0.5333333333333333,20.0,,False,DATA_QUALITY
2026-08-18,6662,29.0,75.0,,14,0.5,20.0,,False,DATA_QUALITY
2026-08-19,6664,333.5,87.67703802832608,31.724501352325134,37,0.43243243243243246,50.0,54.70720971955208,False,LIQUIDITY
2026-08-19,6666,43.5,50.355046587177796,0.0,37,0.40540540540540543,20.0,39.2686761383155,False,LIQUIDITY
2026-08-19,6667,224.0,84.90459282548447,36.55162838385344,49,0.6122448979591837,50.0,60.47663188238421,False,LIQUIDITY
2026-08-19,6668,35.650001525878906,93.68716838867154,14.399991122159093,80,0.55,20.0,60.20614829714123,False,LOW_ZONE
2026-08-19,6669,6375.0,94.73829011623909,0.0,56,0.6785714285714286,20.0,60.77862989201458,False,LIQUIDITY
2026-08-19,6670,267.0,71.90663667041619,0.0,36,0.6388888888888888,20.0,52.73865766779152,False,LIQUIDITY
2026-08-19,6671,22.25,27.5,66.99446139558596,7,0.5714285714285714,50.0,49.64147249175363,False,LIQUIDITY
2026-08-19,6672,284.0,90.5273937532002,0.0,55,0.45454545454545453,20.0,52.794581762323695,False,LOW_ZONE
2026-08-19,6674,14.649999618530273,62.03058731733296,86.0512171306448,58,0.43103448275862066,50.0,60.553014960619706,False,LIQUIDITY
2026-08-19,6679,199.5,75.0,68.38552607020543,62,0.6129032258064516,50.0,65.4834782917449,False,MR_PROBABILITY
2026-08-19,6680,51.5,85.983572982558,,2,0.5,20.0,,False,DATA_QUALITY
2026-08-19,6683,1190.0,89.31733497419069,4.166666666666666,53,0.8113207547169812,50.0,59.6764898004333,False,LIQUIDITY
2026-08-19,6684,46.1,98.31011458247465,44.210520645527616,54,0.5925925925925926,20.0,70.32344231390208,False,LIQUIDITY
2026-08-19,6689,60.7,82.22634606111264,9.166666666666668,38,0.5,50.0,49.459570485000455,False,LIQUIDITY
2026-08-19,6690,162.5,55.382944052145575,8.650793650793654,32,0.46875,20.0,44.84008162834209,False,LIQUIDITY
2026-08-19,6691,641.8181762695312,95.94922960831026,0.0,20,0.7,20.0,61.78476888249308,False,LOW_ZONE
2026-08-19,6692,24.5,95.60668540114281,,18,0.3888888888888889,20.0,,False,LIQUIDITY
2026-08-19,6693,174.0,96.62950479647394,0.0,30,0.5666666666666667,20.0,57.98885143894218,False,LOW_ZONE
2026-08-19,6695,47.5,90.9169535267948,61.44266104217416,62,0.5645161290322581,20.0,71.57123518954972,False,LIQUIDITY
2026-08-19,6697,40.6,63.796296296296305,1.5999999999999082,30,0.43333333333333335,20.0,44.53888888888886,False,LIQUIDITY
2026-08-19,6698,31.0,96.24780938870038,55.5237116177562,68,0.4411764705882353,20.0,67.99056483869622,False,LIQUIDITY
2026-08-19,6703,103.5,53.975903614457835,55.35854311258512,37,0.4864864864864865,20.0,56.62700145707822,False,LIQUIDITY
2026-08-19,6706,115.5,87.3015873015873,6.25,55,0.45454545454545453,50.0,48.88933982683982,False,LOW_ZONE
2026-08-19,6708,39.75,68.53120131814774,,17,0.5294117647058824,20.0,,False,DATA_QUALITY
2026-08-19,6712,146.5,64.06759488569757,0.857227966862289,38,0.5,20.0,46.434585457424845,False,OSCILLATION
2026-08-19,6715,447.5,99.34523002195748,0.0,49,0.5102040816326531,20.0,57.10969145556683,False,LOW_ZONE
2026-08-19,6716,136.5,89.75876194811106,0.0,62,0.4838709677419355,20.0,53.443757616691386,False,OFFICIAL_STATUS
2026-08-19,6719,196.5,92.58461148434529,59.46842022577935,48,0.5833333333333334,20.0,72.14248850174843,False,LOW_ZONE
2026-08-19,6720,137.5,80.40815647402913,0.0,13,0.3076923076923077,50.0,40.853216172977966,False,LIQUIDITY
2026-08-19,6721,51.4,52.5,,0,,20.0,,False,DATA_QUALITY
2026-08-19,6722,32.04999923706055,60.026999976085584,84.92953497901148,11,0.2727272727272727,50.0,54.92230191939672,False,LIQUIDITY
2026-08-19,6725,228.0,87.35182695832825,80.34473278000351,1,1.0,50.0,83.79173128249936,False,LIQUIDITY
2026-08-19,6727,443.5,89.0904509952129,0.0,17,0.7058823529411765,20.0,59.90360588679916,False,LOW_ZONE
2026-08-19,6728,105.5,54.397759103641455,43.58364056897612,14,0.21428571428571427,20.0,45.64380930190789,False,LIQUIDITY
2026-08-19,6730,32.9,75.0,,1,0.0,20.0,,False,DATA_QUALITY
2026-08-19,6732,150.5,92.41682974559687,57.80447329488279,71,0.43661971830985913,20.0,67.27475879669554,False,LIQUIDITY
2026-08-19,6733,25.3,89.77958690625755,0.0,28,0.25,20.0,46.433876071877265,False,LIQUIDITY
2026-08-19,6735,61.2,76.44529383659818,60.750615480385754,26,0.6153846153846154,50.0,64.08278048261435,False,LIQUIDITY
2026-08-19,6739,978.0,91.19693644048007,15.0,5,1.0,50.0,68.60908093214402,False,LIQUIDITY
2026-08-19,6741,54.2,63.608374384236456,80.26181182303405,51,0.39215686274509803,50.0,58.41267115338239,False,LIQUIDITY
2026-08-19,6742,42.70000076293945,89.32384295913947,45.09582636114933,45,0.6,20.0,68.07110947802917,False,LIQUIDITY
2026-08-19,6743,24.850000381469727,90.71314139263508,79.77998150735186,64,0.59375,20.0,76.97143779462849,False,LIQUIDITY
2025-11-26,6747,199.0,45.0,,16,0.25,0.0,,False,LIQUIDITY
2026-08-19,6751,41.3,56.00891708034565,12.145748987854274,32,0.3125,50.0,36.71411237106726,False,LIQUIDITY
2026-08-19,6752,101.0,72.75872149678426,0.0,29,0.4482758620689655,20.0,47.27589231110424,False,LIQUIDITY
2026-08-19,6753,143.0,94.41256418000604,0.0,36,0.6944444444444444,20.0,61.157102587335146,False,LOW_ZONE
2026-08-19,6754,41.400001525878906,67.03349138665115,80.28750756204407,14,0.35714285714285715,20.0,62.896210020792076,False,LIQUIDITY
2026-08-19,6756,94.80000305175781,92.15217126687187,1.6666666666666663,59,0.6271186440677966,20.0,58.875877368762126,False,LIQUIDITY
2026-08-19,6757,57.0,78.75367877523207,0.0,15,0.7333333333333333,20.0,57.62610363256962,False,LOW_ZONE
2026-08-19,6761,182.0,94.76887958911927,0.0,26,0.46153846153846156,50.0,49.776817722889625,False,LOW_ZONE
2026-08-17,6762,170.0,80.47488666378888,,2,0.5,20.0,,False,DATA_QUALITY
2026-08-19,6763,41.9,62.73809523809524,23.82154954499174,28,0.5,50.0,47.276815957676504,False,LIQUIDITY
2026-08-19,6767,25.3,67.5,,20,0.4,20.0,,False,DATA_QUALITY
2026-08-19,6768,64.0999984741211,53.400260277773455,79.68411862924489,32,0.5,50.0,58.44110774064326,False,OSCILLATION
2026-08-19,6770,66.5999984741211,99.63979536775722,0.0,34,0.4117647058823529,20.0,54.24487978679775,False,LOW_ZONE
2026-08-19,6771,41.6,52.343701156611445,0.0,2,0.0,20.0,27.703110346983433,False,LIQUIDITY
2026-08-19,6776,53.20000076293945,57.65395857859796,34.06613617291965,19,0.5789473684210527,20.0,55.181142669440874,False,LIQUIDITY
2026-08-19,6781,1065.0,93.55457129635751,0.0,46,0.6304347826086957,50.0,54.479414867168124,False,LIQUIDITY
2026-08-19,6782,203.0,82.88873733015657,0.0,48,0.6458333333333334,20.0,56.241621199046975,False,LOW_ZONE
2026-08-19,6785,98.3,79.75611403979443,38.21047148755607,29,0.4827586206896552,50.0,55.462210704517005,False,LIQUIDITY
2026-08-19,6788,350.0,92.61771747805267,3.3333333333333326,44,0.6590909090909091,50.0,55.891375849476404,False,LOW_ZONE
2026-08-19,6789,421.5,89.2327907146507,28.74411659268818,54,0.5555555555555556,50.0,58.12253302923392,False,LOW_ZONE
2026-08-19,6790,37.79999923706055,45.253612886762454,79.50435595276261,11,0.0,20.0,45.452172854219384,False,LIQUIDITY
2026-08-19,6791,99.1,67.2493587598974,54.26028328728441,29,0.7241379310344828,50.0,62.9640163808248,False,LIQUIDITY
2026-08-19,6792,57.1,78.59753372926397,0.0,33,0.6060606060606061,20.0,53.761078300597376,False,LIQUIDITY
2026-08-19,6794,68.69999694824219,79.23323518736193,84.13449552602987,31,0.45161290322580644,20.0,70.35198153449024,False,LIQUIDITY
2026-08-19,6796,61.400001525878906,98.88586103679478,0.0,37,0.5405405405405406,20.0,57.88197452725465,False,LIQUIDITY
2026-08-19,6799,78.0999984741211,91.24818415542309,34.40394033940066,58,0.5862068965517241,50.0,61.06164722802881,False,LOW_ZONE
2026-08-19,6803,268.0,28.24514991181658,77.96973816632931,0,,20.0,39.9659795151273,False,LIQUIDITY
2026-08-19,6804,18.95,87.98185941043084,0.0,14,0.42857142857142855,20.0,51.25170068027211,False,LIQUIDITY
2026-08-19,6805,1800.0,99.03593339176162,0.0,37,0.7837837837837838,20.0,65.224293531042,False,LIQUIDITY
2026-06-22,6806,3.51,100.0,,46,0.45652173913043476,20.0,,False,OFFICIAL_STATUS
2026-08-19,6807,37.900001525878906,35.839698957548315,0.0,9,0.2222222222222222,20.0,29.418576353931158,False,LIQUIDITY
2026-08-19,6811,225.5,98.46153846153845,0.0,28,0.6428571428571429,20.0,60.824175824175825,False,LIQUIDITY
2026-08-19,6821,41.6,84.45633314054368,33.048438539153395,18,0.4444444444444444,50.0,54.43234291028479,False,LIQUIDITY
2026-08-19,6823,61.6,82.66806722689074,59.3321384817573,22,0.6818181818181818,50.0,67.588000243052,False,LIQUIDITY
2026-08-19,6829,213.5,98.43587069864442,0.0,34,0.7647058823529411,20.0,64.47193768018155,False,LOW_ZONE
2026-08-19,6830,409.5,79.45578231292517,7.6190476190476195,36,0.5,50.0,48.24149659863946,False,LOW_ZONE
2026-08-19,6831,599.0,93.68207411287155,12.462684854554041,15,0.5333333333333333,20.0,59.22029344749997,False,LOW_ZONE
2026-08-19,6834,98.0,95.431246256292,0.0,29,0.5172413793103449,20.0,56.14661525619795,False,LOW_ZONE
2026-08-19,6835,30.700000762939453,43.63977458921022,50.48716044144776,28,0.5357142857142857,50.0,49.28515105855357,False,LIQUIDITY
2026-08-19,6838,22.649999618530273,65.77090868057097,66.00589769601905,39,0.48717948717948717,50.0,58.34813164356066,False,LIQUIDITY
2026-08-19,6840,82.4,83.13767057792505,0.0,8,0.625,20.0,55.69130117337751,False,LIQUIDITY
2026-08-19,6841,52.5,70.0463947249321,76.13772991186356,28,0.7142857142857143,20.0,73.47692232401695,False,LIQUIDITY
2026-08-19,6843,39.1,60.0,,9,0.0,20.0,,False,DATA_QUALITY
2026-08-19,6844,60.0,32.857142857142904,82.36118315168375,0,,20.0,42.447438645063805,False,DATA_QUALITY
2026-08-19,6846,57.4,60.0,,3,0.3333333333333333,20.0,,False,DATA_QUALITY
2026-08-19,6854,89.80000305175781,67.5,56.222461657464,29,0.3793103448275862,85.0,47.93492575919359,False,LIQUIDITY
2026-08-19,6855,116.0,75.0,,3,1.0,20.0,,False,DATA_QUALITY
2026-08-19,6856,44.2,76.08648019875855,,1,0.0,20.0,,False,DATA_QUALITY
2026-08-19,6859,113.5,95.35918862915956,0.0,32,0.34375,50.0,46.42025658874787,False,LIQUIDITY
2026-08-19,6861,193.0,78.97539478516342,56.532926048934925,33,0.48484848484848486,50.0,59.871304493237304,False,LOW_ZONE
2026-08-19,6862,137.5,92.27799227799227,28.15209074746659,12,0.75,50.0,64.72142037026433,False,LIQUIDITY
2026-08-19,6863,110.5,99.26362305218807,7.256475941326107,37,0.6486486486486487,20.0,63.052665360447406,False,LOW_ZONE
2026-08-14,6865,26.95,86.52113752053603,,25,0.32,20.0,,False,DATA_QUALITY
2026-08-19,6869,65.5999984741211,85.7466791338617,46.084427405859145,36,0.4166666666666667,50.0,57.2451105916233,False,LOW_ZONE
2026-08-19,6870,261.5,96.884905454148,0.0,20,0.7,20.0,62.065471636244396,False,LIQUIDITY
2026-08-19,6872,15.05,72.25204643970959,70.09337521287168,6,0.0,50.0,46.69895773513079,False,LIQUIDITY
2026-08-19,6873,68.0,88.10530497580908,82.05978386165764,30,0.6,50.0,72.44653745815714,False,MR_PROBABILITY
2026-08-19,6874,78.6,65.78360179561656,0.0,28,0.6071428571428571,20.0,49.94936625297068,False,LIQUIDITY
2026-08-19,6875,32.6,62.572420245665036,53.007602523510606,26,0.46153846153846156,50.0,53.36978055073101,False,LIQUIDITY
2026-08-19,6877,120.0,88.45166809238665,15.502283105022833,14,0.6428571428571429,50.0,57.19678548968599,False,LIQUIDITY
2026-08-19,6881,206.0,52.5,,2,0.0,20.0,,False,DATA_QUALITY
2026-08-19,6884,30.5,67.5,,5,0.0,20.0,,False,DATA_QUALITY
2026-08-19,6885,20.350000381469727,75.941868803894,69.22808787406119,34,0.5588235294117647,20.0,68.85428849203643,False,LIQUIDITY
2026-08-19,6887,37.5,92.53539710876329,0.0,9,0.6666666666666666,20.0,59.76061913262898,False,LIQUIDITY
2026-08-19,6890,160.5,98.52893102321019,82.25543764151068,18,0.6111111111111112,20.0,80.45587205067406,False,LIQUIDITY
2026-08-19,6894,330.5,94.16909620991254,4.999999999999999,10,0.7,20.0,62.50072886297376,False,LIQUIDITY
2026-08-19,6895,120.0,79.35714285714286,20.35087719298246,31,0.6129032258064516,50.0,54.78195892958202,False,LIQUIDITY
2026-08-19,6899,50.2,30.81932773109244,48.24148550591057,0,,50.0,28.806169695805373,False,DATA_QUALITY
2026-08-19,6901,16.200000762939453,93.42403677547084,8.44226203474476,43,0.4883720930232558,20.0,56.78893933202511,False,LOW_ZONE
2026-08-19,6902,130.5,97.27371864776444,0.0,26,0.4230769230769231,20.0,53.874423286637025,False,LIQUIDITY
2026-08-19,6903,316.5,89.82528263103802,11.369564057808635,4,0.5,50.0,52.28997580376357,False,LOW_ZONE
2026-08-18,6904,124.5,67.5,,2,0.0,0.0,,False,DATA_QUALITY
2026-08-19,6906,71.30000305175781,87.36717869314762,30.784306649395507,33,0.42424242424242425,20.0,58.63350299756589,False,LIQUIDITY
2026-08-19,6907,192.5,90.78127072556042,0.0,0,,20.0,39.23438121766813,False,LOW_ZONE
2026-08-19,6908,30.850000381469727,66.89226598800903,90.55160621469264,28,0.5,50.0,65.20558135007587,False,LIQUIDITY
2026-08-19,6909,39.29999923706055,88.05568648899931,58.822055986700576,15,0.6,50.0,66.62221994337494,False,LIQUIDITY
2026-08-19,6910,24.2,52.558309037900855,60.87032079483643,4,0.0,50.0,38.48507291007937,False,LIQUIDITY
2026-08-19,6913,140.5,99.78420371169616,0.0,17,0.5882352941176471,20.0,59.582319937038264,False,LOW_ZONE
2026-08-19,6914,148.5,40.595238095238095,0.0,10,0.3,20.0,33.17857142857143,False,LIQUIDITY
2026-08-19,6916,18.549999237060547,94.74046443588448,0.0,23,0.43478260869565216,20.0,53.46561759163491,False,LIQUIDITY
2026-08-19,6918,74.0,52.5,0.0,16,0.375,20.0,39.0,False,LIQUIDITY
2026-08-19,6919,102.5,97.76404585738678,0.9211602025710475,10,0.8,20.0,65.55950380785879,False,LOW_ZONE
2026-08-19,6921,68.0999984741211,76.06014018243194,0.0,2,0.0,50.0,30.31804205472958,False,LIQUIDITY
2026-08-19,6922,200.5,98.04727646454265,0.0,22,0.6363636363636364,20.0,60.50509203027188,False,LIQUIDITY
2026-08-19,6923,75.69999694824219,72.75144745776333,0.0,28,0.35714285714285715,20.0,44.539719951614714,False,LIQUIDITY
2026-08-19,6924,114.5,88.28028620774735,10.984455958549223,9,0.4444444444444444,20.0,54.563533185294844,False,LIQUIDITY
2026-08-19,6925,50.2,93.24119092219058,70.94453907417268,18,0.4444444444444444,50.0,66.54182537853367,False,LIQUIDITY
2026-08-19,6928,47.5,99.44496482633889,1.787422517774824,35,0.6571428571428571,20.0,61.99463079163108,False,LIQUIDITY
2026-08-19,6929,22.4,100.0,,0,,20.0,,False,DATA_QUALITY
2026-08-19,6931,41.29999923706055,68.4044933426825,0.0,14,0.14285714285714285,20.0,36.807062288519035,False,LIQUIDITY
2026-08-19,6933,190.5,95.49376797698946,0.0,28,0.5357142857142857,20.0,56.719558964525405,False,LOW_ZONE
2026-08-19,6934,73.0,93.8175667687498,0.0,15,0.7333333333333333,20.0,62.145270030624935,False,LIQUIDITY
2026-08-19,6936,32.099998474121094,54.28571254185215,12.88144886137708,12,0.16666666666666666,20.0,36.50607597789991,False,LIQUIDITY
2026-08-19,6937,265.0,88.6942883283231,0.0,26,0.8076923076923077,50.0,58.33905572926616,False,LOW_ZONE
2026-08-19,6944,732.0,99.08047341450276,0.0,7,1.0,20.0,71.72414202435083,False,LOW_ZONE
2026-08-19,6947,71.0,92.83543127317716,51.087620919571805,4,0.5,20.0,67.6225346118461,False,LOW_ZONE
2026-08-19,6949,1085.0,83.22777386816796,0.0,14,0.6428571428571429,20.0,56.25404644616468,False,LIQUIDITY
2026-08-19,6951,72.0,59.237961544191464,0.0,9,0.1111111111111111,20.0,33.104721796590766,False,LIQUIDITY
2026-08-19,6952,36.65,72.26993572805466,0.0,3,0.0,20.0,33.68098071841639,False,LIQUIDITY
2026-08-19,6953,230.0,87.83354017346292,0.0,11,0.5454545454545454,20.0,54.71369841567524,False,LIQUIDITY
2026-08-19,6955,119.5,35.0,4.878048780487806,5,0.8,50.0,43.21951219512195,False,LIQUIDITY
2026-08-19,6957,213.5,81.44619013001598,0.0,19,0.631578947368421,20.0,55.38122546005742,False,LIQUIDITY
2026-08-19,6958,16.899999618530273,77.36335896621941,16.079244598773137,11,0.45454545454545453,20.0,52.86518247592274,False,LIQUIDITY
2026-08-19,6961,50.8,32.325517993456934,86.40190813387615,0,,50.0,38.79813243150612,False,LIQUIDITY
2026-08-19,6962,30.649999618530273,88.3367885776378,37.04446118045608,13,0.46153846153846156,50.0,57.10830571455921,False,LOW_ZONE
2026-08-19,6965,73.30000305175781,55.1367811745626,88.87438570375332,6,0.5,20.0,65.75963077830711,False,LIQUIDITY
2026-08-19,6967,75.6,98.33147942157953,0.0,6,0.8333333333333334,20.0,66.49944382647386,False,LIQUIDITY
2026-08-19,6968,43.45,66.54397705544935,0.0,4,0.5,20.0,46.9631931166348,False,LIQUIDITY
2026-08-19,6969,35.0,91.58288619983762,0.0,20,0.5,20.0,54.47486585995128,False,LIQUIDITY
2026-08-19,6971,25.9,58.43816631130062,14.628205128205233,1,0.0,20.0,33.188501175441495,False,LIQUIDITY
2026-08-19,6982,48.3,49.36775896008671,36.0694173251851,13,0.6153846153846154,20.0,54.28922048086075,False,LIQUIDITY
2026-08-19,6988,11.949999809265137,62.32634229079086,70.94908409558819,14,0.6428571428571429,50.0,63.22088799684859,False,LIQUIDITY
2026-08-19,6994,34.79999923706055,72.01977456031784,84.25519468036526,22,0.7272727272727273,50.0,71.9879128563685,False,LIQUIDITY
2026-08-19,6996,177.5,79.80354779937807,0.0,12,0.5833333333333334,20.0,53.44106433981342,False,LIQUIDITY
2026-08-19,6997,68.9,76.78358128675075,,2,0.5,20.0,,False,DATA_QUALITY
2026-08-19,7402,109.0,97.1621784808598,0.0,38,0.6578947368421053,20.0,60.8854956495211,False,LOW_ZONE
2026-08-19,7547,53.5,80.83270696488535,0.0,8,0.25,50.0,39.24981208946561,False,LIQUIDITY
2026-08-19,7556,243.5,91.0839511120016,0.0,26,0.4230769230769231,50.0,47.51749302590817,False,LIQUIDITY
2026-08-19,7584,27.35,89.107949564158,,18,0.4444444444444444,20.0,,False,DATA_QUALITY
2026-08-19,7610,1605.0,96.30092737313744,0.8713202074520553,0,,20.0,41.10810826380424,False,LIQUIDITY
2026-08-19,7631,145.0,84.99133615710434,0.0,23,0.5217391304347826,20.0,53.14957476017478,False,LIQUIDITY
2026-08-19,7642,78.2,89.44143169793612,0.0,10,0.2,20.0,44.83242950938084,False,LIQUIDITY
2026-08-19,7689,172.0,78.62997658079625,49.60541797419708,3,1.0,50.0,73.49034746778814,False,LIQUIDITY
2026-08-19,7703,177.0,90.09770266701875,11.666666666666666,10,0.6,50.0,55.44597746677229,False,LIQUIDITY
2026-08-19,7704,62.7,94.75931677018635,0.0,6,0.8333333333333334,20.0,65.42779503105591,False,LIQUIDITY
2026-08-19,7705,30.700000762939453,57.95918650441355,0.0,3,0.0,20.0,29.387755951324063,False,LIQUIDITY
2026-08-19,7708,93.0,41.18708693441789,0.0,0,,20.0,24.356126080325367,False,LIQUIDITY
2026-08-19,7709,71.0,92.84646594063635,29.21845384414966,1,0.0,50.0,42.65855324322832,False,LIQUIDITY
2026-08-19,7711,490.0,89.4429469901168,0.0,2,1.0,20.0,68.83288409703503,False,OFFICIAL_STATUS
2026-08-19,7712,144.0,95.50583285523044,0.0,12,0.6666666666666666,20.0,60.651749856569126,False,LOW_ZONE
2026-08-19,7713,71.0,60.0,,1,0.0,20.0,,False,DATA_QUALITY
2026-08-19,7714,164.5,92.3974540311174,0.0,11,0.7272727272727273,20.0,61.53741802751704,False,LOW_ZONE
2026-08-19,7715,31.65,95.61053471667998,0.1930347429774315,10,0.1,20.0,43.731419100748354,False,LIQUIDITY
2026-08-18,7716,23.95,78.60972018926529,,0,,20.0,,False,DATA_QUALITY
2026-08-19,7717,398.0,82.55504733538984,29.671366345299536,3,0.6666666666666666,50.0,59.684355786941836,False,LIQUIDITY
2026-08-19,7718,47.85,52.5,,3,0.0,20.0,,False,DATA_QUALITY
2026-08-19,7721,61.0,86.75526906443868,23.43314383003866,15,0.5333333333333333,50.0,55.38486667684127,False,LIQUIDITY
2026-08-19,7722,273.0,98.48024316109422,26.73142002671706,13,0.38461538461538464,20.0,59.765389493469065,False,LIQUIDITY
2026-08-19,7723,19.15,84.9368318756074,34.685377328541136,12,0.3333333333333333,50.0,51.65239389481751,False,LIQUIDITY
2026-08-19,7728,585.0,87.92661540536895,17.270046017704654,8,0.75,50.0,60.69549612603684,False,LIQUIDITY
2026-08-19,7730,163.5,86.67466986794717,1.6666666666666663,16,0.5,50.0,48.91906762705082,False,LIQUIDITY
2026-08-19,7732,34.29999923706055,58.343575561181424,26.3214790279547,10,0.4,20.0,48.0834424253431,False,LIQUIDITY
2026-08-19,7734,2905.0,95.13476276586584,45.68339057986456,10,0.6,20.0,69.96127647472589,False,LIQUIDITY
2026-08-19,7736,69.3,54.28571428571429,78.97474461228633,13,0.07692307692307693,20.0,50.33709274647818,False,LIQUIDITY
2026-08-19,7738,165.0,74.65493443754313,53.60710065110622,4,0.25,20.0,55.298255494039495,False,LIQUIDITY
2026-08-19,7740,142.0,96.64534753286463,0.053850133853659554,9,0.6666666666666666,20.0,61.0070667933228,False,LIQUIDITY
2026-08-19,7743,21.25,72.6667730769307,,6,0.0,20.0,,False,DATA_QUALITY
2026-08-19,7744,484.5,96.17250673854447,0.0,1,1.0,20.0,70.85175202156334,False,LIQUIDITY
2026-08-19,7747,114.0,60.0,,0,,20.0,,False,DATA_QUALITY
2026-08-19,7749,325.5,75.96098680436029,55.89549128452362,10,0.7,50.0,65.26216886243898,False,LIQUIDITY
2026-08-19,7750,2515.0,99.68183264397072,0.0,7,0.8571428571428571,20.0,67.61883550747693,False,LIQUIDITY
2026-08-19,7751,1435.0,92.65138154027042,0.0,3,0.6666666666666666,20.0,59.795414462081126,False,LIQUIDITY
2026-08-19,7753,37.3,71.93514624158458,37.18016754345043,3,0.6666666666666666,50.0,58.37558575833798,False,LIQUIDITY
2026-08-19,7757,89.8,42.30431413071558,39.98789066212499,1,0.0,50.0,30.188266904745923,False,LIQUIDITY
2026-08-19,7760,33.0,78.53545044363361,3.667262925619029,11,0.18181818181818182,20.0,41.931996319040294,False,LIQUIDITY
2026-08-19,7765,222.0,50.83269671504965,44.345593930321236,7,0.2857142857142857,20.0,46.90763606852377,False,LIQUIDITY
2026-08-19,7767,44.7,92.57755155682051,,0,,20.0,,False,DATA_QUALITY
2026-08-19,7768,289.5,86.2914862914863,0.0,5,0.8,50.0,57.38744588744589,False,LIQUIDITY
2026-08-19,7769,6445.0,93.80229315153393,0.0,6,0.3333333333333333,20.0,50.14068794546018,False,LIQUIDITY
2026-08-19,7770,37.95,78.56051843761173,,2,0.0,20.0,,False,DATA_QUALITY
2026-08-19,7777,37.55,97.84289784289784,11.178288859782743,3,1.0,20.0,74.14744156781504,False,LOW_ZONE
2026-08-19,7780,16.549999237060547,48.79551846918055,75.52140752563966,18,0.4444444444444444,50.0,54.35234075549741,False,LIQUIDITY
2026-08-19,7782,25.4,68.96334389140046,,2,1.0,20.0,,False,DATA_QUALITY
2026-08-19,7786,123.5,97.22316444444469,1.981911035472022,15,0.26666666666666666,20.0,49.66242709220141,False,LIQUIDITY
2026-08-19,7788,274.0,90.04329004329004,0.0,6,0.8333333333333334,20.0,64.01298701298701,False,LOW_ZONE
2026-08-19,7791,56.70000076293945,42.42811284658271,84.85601197752511,1,0.0,20.0,45.94243684835609,False,LIQUIDITY
2026-08-19,7792,288.5,97.73358678169323,0.0,3,0.6666666666666666,20.0,61.32007603450796,False,LOW_ZONE
2026-08-19,7795,544.0,93.90504704875963,0.0,2,1.0,20.0,70.17151411462788,False,OFFICIAL_STATUS
2026-08-19,7799,345.0,99.36616284739151,24.45013906666974,10,0.7,20.0,68.92238362088489,False,LOW_ZONE
2026-08-19,7805,693.0,58.17945924574113,0.0,1,0.0,20.0,29.453837773722338,False,LIQUIDITY
2026-08-19,7810,194.0,84.21248399427046,10.0,1,0.0,50.0,35.263745198281136,False,LIQUIDITY
2026-08-19,7818,62.0,59.60845570879045,50.40357632964584,11,0.5454545454545454,50.0,54.34706715868495,False,LIQUIDITY
2026-08-19,7821,38.75,46.09460220933718,84.06522519708061,12,0.3333333333333333,50.0,52.34468696207131,False,LIQUIDITY
2026-08-19,7822,875.0,90.58498619131308,0.0,3,0.6666666666666666,50.0,54.67549585739392,False,LIQUIDITY
2026-08-19,7823,83.9000015258789,63.09175740612231,0.0,1,0.0,50.0,26.427527221836694,False,LIQUIDITY
2026-08-19,7855,43.29999923706055,100.0,,0,,20.0,,False,DATA_QUALITY
2026-08-19,8011,15.800000190734863,71.74246099608945,62.90231027253996,71,0.4507042253521127,50.0,58.26944262752521,False,LIQUIDITY
2026-08-19,8016,296.0,99.31450507266246,0.0,57,0.40350877192982454,20.0,53.89961467969347,False,LOW_ZONE
2026-08-19,8021,393.5,96.29862970546543,8.465937789495538,38,0.34210526315789475,20.0,53.269231253750355,False,LOW_ZONE
2026-08-19,8024,13.3,98.56184084372003,17.332956833391467,49,0.673469387755102,20.0,66.10587309411693,False,LIQUIDITY
2026-08-19,8027,169.0,89.95439418217676,33.84278523209213,67,0.5970149253731343,50.0,60.85746232387009,False,LOW_ZONE
2026-08-19,8028,247.0,93.32781628219716,43.949899682441654,54,0.7407407407407407,20.0,73.20804202749179,False,LOW_ZONE
2026-08-19,8032,35.9,73.20494280826236,23.26283907268937,29,0.6206896551724138,50.0,53.89788226582346,False,LIQUIDITY
2026-08-19,8033,185.0,93.39019189765459,0.0,60,0.5833333333333334,20.0,57.51705756929638,False,OFFICIAL_STATUS
2026-08-19,8034,18.5,53.95472016378319,50.336937015315215,79,0.5316455696202531,50.0,52.22001739157135,False,LIQUIDITY
2026-08-19,8038,30.7,85.46750754044419,71.25099002185968,75,0.5733333333333334,50.0,68.15299976759817,False,LIQUIDITY
2026-08-19,8039,271.5,85.57237464522233,0.0,32,0.59375,20.0,55.48421239356669,False,LOW_ZONE
2026-08-19,8040,71.2,81.61422120278115,29.12837771658433,59,0.4745762711864407,50.0,53.50364892557364,False,LOW_ZONE
2026-08-19,8042,111.5,96.65556599208722,19.913903907370504,35,0.5714285714285714,20.0,63.11800291732594,False,LOW_ZONE
2026-08-19,8043,143.0,97.8134110787172,0.0,62,0.532258064516129,20.0,57.311765259099026,False,LOW_ZONE
2026-08-19,8044,25.25,86.93887726959696,80.4621713408581,72,0.4166666666666667,20.0,70.69720601609362,False,LIQUIDITY
2026-08-19,8045,50.79999923706055,87.74765541204283,72.68821774758253,62,0.532258064516129,50.0,67.96409299599235,False,LIQUIDITY
2026-08-19,8046,1180.0,93.785168388343,0.0,58,0.5689655172413793,20.0,57.204516033744284,False,LIQUIDITY
2026-08-19,8047,49.15,94.02023919043239,0.0,25,0.68,20.0,60.60607175712971,False,LIQUIDITY
2026-08-19,8048,51.5,87.98658968150494,30.30467996555641,46,0.2608695652173913,50.0,49.298233852362316,False,LIQUIDITY
2026-08-19,8049,24.35,55.378787878787904,91.49279027970874,8,0.5,20.0,66.48683393356356,False,LIQUIDITY
2026-08-19,8050,56.7,98.70834409713252,3.017911444928149,24,0.375,20.0,53.616981090371794,False,LOW_ZONE
2026-08-19,8054,79.0,84.91519895629484,63.97035220952339,54,0.7222222222222222,50.0,70.63381440593596,False,LOW_ZONE
2026-08-19,8059,13.5,76.65167762020062,88.52188071066556,68,0.5588235294117647,50.0,69.39067934607951,False,LIQUIDITY
2026-08-19,8064,99.2,89.99351631726822,28.53242212614577,52,0.4423076923076923,50.0,54.90039119594767,False,LOW_ZONE
2026-08-19,8066,14.65,52.5,,21,0.23809523809523808,20.0,,False,LIQUIDITY
2026-08-19,8067,12.7,97.03752468729427,23.71567736897149,9,0.4444444444444444,20.0,60.37351008176448,False,DATA_QUALITY
2026-08-19,8068,16.95,86.27981878198764,50.01788557910815,106,0.6132075471698113,50.0,64.28464344446766,False,LIQUIDITY
2026-08-19,8069,161.0,84.07917383820998,71.48350677744706,72,0.6388888888888888,20.0,74.26129551249142,False,MR_PROBABILITY
2026-08-19,8070,51.0,96.28267582445966,0.0,35,0.5714285714285714,20.0,58.02765989019504,False,LOW_ZONE
2026-08-19,8071,24.1,97.15573682515831,0.0,49,0.5102040816326531,20.0,56.45284349652709,False,LIQUIDITY
2026-08-19,8072,26.450000762939453,74.06264147217696,27.56616950927905,30,0.4666666666666667,20.0,55.11033481897285,False,LIQUIDITY
2026-08-19,8074,55.0,84.74855729596042,3.3333333333333326,17,0.29411764705882354,50.0,42.58142993388617,False,LOW_ZONE
2026-08-19,8076,23.15,77.75309054437507,21.547758221092554,48,0.4583333333333333,20.0,54.46286671858566,False,LIQUIDITY
2026-08-19,8077,44.9,75.0,,2,1.0,20.0,,False,DATA_QUALITY
2026-08-19,8080,27.75,80.38847788526887,0.0,26,0.5769230769230769,20.0,53.42423567327297,False,LIQUIDITY
2026-08-19,8081,257.0,95.22783251231527,3.4703196347031984,45,0.4888888888888889,20.0,56.10259632903704,False,LOW_ZONE
2026-08-19,8083,158.5,42.29591836734694,0.0,0,,20.0,24.68877551020408,False,LIQUIDITY
2026-08-19,8084,50.4,92.70416568604378,0.0,59,0.6271186440677966,20.0,58.62480902784703,False,LIQUIDITY
2026-08-19,8085,12.3,98.06949806949807,0.0,64,0.5625,20.0,58.29584942084942,False,LIQUIDITY
2026-08-19,8086,115.5,87.94722151738138,23.063903951924203,63,0.5714285714285714,50.0,56.7929995860526,False,LOW_ZONE
2026-08-19,8087,26.95,100.0,,34,0.6176470588235294,20.0,,False,DATA_QUALITY
2026-08-19,8088,45.2,89.49791396921307,30.38702804985657,44,0.4772727272727273,50.0,56.26431302140988,False,LOW_ZONE
2026-08-19,8089,17.7,85.66418036393354,67.11847825716495,67,0.3582089552238806,50.0,60.725142330187715,False,LIQUIDITY
2026-08-19,8091,220.5,92.95025272678905,17.61459621543841,52,0.5769230769230769,20.0,61.59641717958863,False,LOW_ZONE
2026-08-19,8092,12.35,70.62719910286096,83.16335320969579,68,0.4852941176470588,50.0,64.03782156269399,False,LIQUIDITY
2026-08-19,8093,22.95,100.0,,67,0.5074626865671642,20.0,,False,DATA_QUALITY
2026-08-19,8096,108.0,96.5079365079365,63.32311147938853,53,0.6226415094339622,20.0,75.46240410524695,False,LOW_ZONE
2026-08-19,8097,50.4,66.85090993921725,79.61000306789364,57,0.5263157894736842,20.0,67.74724743294911,False,LIQUIDITY
2026-08-19,8099,59.1,73.69150744116983,0.0,41,0.5365853658536586,20.0,50.205013207960704,False,LIQUIDITY
2026-08-19,8101,11.0,91.57955858519061,47.75853108176041,100,0.5,20.0,66.41350034599728,False,OFFICIAL_STATUS
2026-08-19,8102,68.9,94.84079922906722,,0,,20.0,,False,DATA_QUALITY
2026-08-19,8103,83.5999984741211,89.20213375657357,0.0,31,0.5806451612903226,50.0,51.67999496568175,False,LOW_ZONE
2026-08-19,8104,30.299999237060547,93.51701525865639,42.34438658209337,70,0.5571428571428572,20.0,67.35548693740597,False,LIQUIDITY
2026-08-19,8105,13.800000190734863,94.23045660315654,89.40514689206093,62,0.45161290322580644,20.0,76.16881080073638,False,MR_PROBABILITY
2026-08-19,8107,11.9,82.46936922645727,0.0,35,0.4,20.0,48.74081076793718,False,LIQUIDITY
2026-08-19,8109,135.5,95.37223340040242,0.0,13,0.3076923076923077,20.0,49.84243925088995,False,LOW_ZONE
2026-08-19,8110,43.45000076293945,96.12403159376598,5.838756182471946,56,0.4642857142857143,50.0,51.72546995231921,False,LOW_ZONE
2026-08-19,8111,55.2,91.35835808803672,8.187833587364045,51,0.5882352941176471,20.0,59.10152464678144,False,LOW_ZONE
2026-08-19,8112,91.0,96.19848003313886,0.0,26,0.34615384615384615,20.0,51.244159394557045,False,LOW_ZONE
2026-08-19,8114,197.0,88.49104859335038,24.489237738449926,40,0.575,20.0,61.91962401261759,False,LOW_ZONE
2026-08-19,8121,27.7,86.75385647216632,68.86164323598689,81,0.6172839506172839,50.0,69.26008626916513,False,LIQUIDITY
2026-08-19,8131,61.0,98.08155442473962,16.32642810700733,9,0.4444444444444444,20.0,58.83940668750705,False,LOW_ZONE
2026-08-19,8147,119.0,82.58229466283157,32.02930172632357,37,0.5945945945945946,50.0,58.1198516682682,False,LIQUIDITY
2026-08-19,8150,87.30000305175781,99.88966856332718,4.999999999999999,40,0.5,20.0,58.216900568998156,False,LOW_ZONE
2026-08-19,8155,311.0,87.07706766917293,0.0,69,0.6666666666666666,50.0,53.62312030075188,False,LOW_ZONE
2026-08-19,8162,57.0,95.93023147132075,3.3333333333333326,16,0.1875,20.0,47.23740277472956,False,LIQUIDITY
2026-08-19,8163,31.100000381469727,94.7505034672902,29.83449771847647,41,0.3902439024390244,20.0,59.59109254297691,False,LOW_ZONE
2026-08-19,8171,19.4,83.05032853649543,46.451370420199076,71,0.5352112676056338,50.0,60.08427919416741,False,LIQUIDITY
2026-08-19,8176,9.96,74.60645415190871,1.8461538461537552,81,0.5679012345679012,20.0,51.88051174414808,False,LIQUIDITY
2026-08-19,8182,40.4,96.91037014377486,0.0,41,0.5853658536585366,20.0,58.634086652888556,False,LOW_ZONE
2026-08-19,8183,28.95,87.52837552359757,30.941972238688997,55,0.6,50.0,59.49400571675152,False,LIQUIDITY
2026-08-19,8201,11.800000190734863,69.4213401779044,37.43878555659853,62,0.532258064516129,20.0,58.153840378004816,False,LIQUIDITY
2026-08-19,8210,985.0,87.02870978900035,58.86728929360515,37,0.6486486486486487,50.0,67.78489471956084,False,LOW_ZONE
2026-08-19,8213,32.5,74.07814006223707,0.0,18,0.4444444444444444,50.0,43.05677535200445,False,LIQUIDITY
2026-08-19,8215,23.899999618530273,91.37549476419869,19.407749413123476,48,0.4791666666666667,50.0,54.13958578254048,False,LIQUIDITY
2026-08-19,8222,39.45000076293945,95.92151586584836,0.0,56,0.5892857142857143,20.0,58.45502618832593,False,LOW_ZONE
2026-08-19,8227,148.0,82.31792717086834,15.03602577405331,39,0.6153846153846154,50.0,54.415923056312295,False,LOW_ZONE
2026-08-19,8234,70.6,97.7593179582468,0.0,44,0.5681818181818182,20.0,58.37324993292859,False,LOW_ZONE
2026-08-19,8240,41.5,75.01469723691946,28.00964722912567,37,0.3783783783783784,50.0,48.35817232970861,False,LIQUIDITY
2026-08-19,8249,39.75,75.01781320637588,80.9929763639601,40,0.4,50.0,62.253588052902785,False,LIQUIDITY
2026-08-19,8255,146.0,95.58173784977909,7.878787878787879,57,0.5087719298245614,20.0,57.907376219367535,False,LOW_ZONE
2026-08-19,8261,183.5,99.30109029913335,18.875967177113004,52,0.75,20.0,69.00931888401826,False,LOW_ZONE
2026-08-19,8271,219.5,98.29718587560495,0.0,21,0.47619047619047616,20.0,55.77487004839577,False,LOW_ZONE
2026-08-19,8272,62.5,81.67449187302947,,8,0.25,20.0,,False,DATA_QUALITY
2026-08-19,8277,8.03,94.9053558565655,13.482698954149066,74,0.4864864864864865,20.0,58.436876090101514,False,OFFICIAL_STATUS
2026-08-19,8279,84.6,60.0,,20,0.45,20.0,,False,LIQUIDITY
2026-08-19,8284,66.6,52.7536231884058,0.0,4,0.0,20.0,27.82608695652174,False,LIQUIDITY
2020-04-30,8287,0.73,75.0,56.17991849870313,25,0.68,85.0,59.19497962467578,False,OFFICIAL_STATUS
2026-08-19,8289,47.0,87.07482993197279,0.0,42,0.5952380952380952,50.0,51.47959183673469,False,LOW_ZONE
2026-08-19,8291,33.25,78.81423175802203,53.286121714294595,1,1.0,50.0,74.46579995598026,False,OFFICIAL_STATUS
2026-08-19,8299,1965.0,92.78003645030142,0.0,49,0.42857142857142855,50.0,48.19115379223328,False,LIQUIDITY
2026-08-19,8341,75.69999694824219,60.0,24.730040237698425,25,0.36,20.0,46.982510059424605,False,LIQUIDITY
2026-08-19,8342,87.4,52.5,,2,1.0,20.0,,False,DATA_QUALITY
2026-08-19,8349,39.4,39.157557482095726,34.16782999822461,22,0.5,20.0,47.28922474418487,False,LIQUIDITY
2026-08-19,8354,17.25,87.58311731486033,0.0,9,0.1111111111111111,20.0,41.60826852779143,False,LIQUIDITY
2026-08-19,8358,410.5,93.61014775048696,0.0,59,0.4406779661016949,50.0,48.803383308196935,False,LOW_ZONE
2026-08-19,8367,40.150001525878906,42.21709009216696,27.783114234271093,36,0.5,20.0,46.61090558621786,False,LIQUIDITY
2026-08-19,8374,82.4000015258789,86.41819490878508,0.0,31,0.5161290322580645,50.0,48.909329440377455,False,LOW_ZONE
2026-08-19,8383,67.2,98.3594927729006,2.530187096017861,19,0.5263157894736842,20.0,57.92986829008517,False,LOW_ZONE
2026-08-19,8390,95.4,79.35125498545266,11.280707384591674,43,0.5348837209302325,20.0,54.67206496969069,False,LOW_ZONE
2026-08-19,8401,22.85,42.98792756539236,0.0,22,0.2727272727272727,20.0,33.078196451435886,False,LIQUIDITY
2026-08-19,8403,19.35,41.84873949579834,0.0,25,0.28,20.0,32.95462184873951,False,LIQUIDITY
2026-08-19,8404,16.100000381469727,69.94950495787995,59.79413602050994,58,0.39655172413793105,20.0,59.829937216629396,False,LIQUIDITY
2022-04-20,8406,278.5,20.0,0.0,28,0.5714285714285714,0.0,38.14285714285714,False,LIQUIDITY
2026-08-18,8409,18.3,60.0,,48,0.5,20.0,,False,DATA_QUALITY
2026-08-19,8410,31.5,56.72770964534304,10.439999999999966,31,0.41935483870967744,50.0,39.70895805489322,False,LIQUIDITY
2026-08-19,8411,12.850000381469727,44.56348982087105,5.768003158162212,9,0.5555555555555556,20.0,43.477714402468536,False,LIQUIDITY
2026-08-19,8415,38.0,53.83116883116884,0.0,23,0.4782608695652174,20.0,42.497176736307175,False,LIQUIDITY
2026-08-19,8416,168.5,52.5,,17,0.29411764705882354,20.0,,False,DATA_QUALITY
2024-01-24,8418,8.95,45.0,,13,0.23076923076923078,0.0,,False,DATA_QUALITY
2024-11-20,8420,40.6,39.19950738916259,90.80886317078891,12,0.4166666666666667,20.0,58.96206800944601,False,OFFICIAL_STATUS
2026-08-19,8421,13.15,98.54885520799742,32.3224708024051,27,0.48148148148148145,20.0,64.08971870744494,False,LIQUIDITY
2026-08-19,8422,26.700000762939453,77.74777746564011,0.0,8,0.25,20.0,42.82433323969204,False,LOW_ZONE
2026-08-19,8423,17.8,43.94957983193276,0.0,9,0.5555555555555556,20.0,41.851540616246496,False,LIQUIDITY
2026-08-19,8424,69.2,31.937229437229412,9.999999999999792,0,,20.0,24.08116883116877,False,DATA_QUALITY
2026-08-19,8426,21.2,51.99390781801212,0.0,41,0.34146341463414637,20.0,37.84207478442802,False,LIQUIDITY
2022-02-23,8427,74.9,42.53694581280777,0.0,1,0.0,20.0,24.76108374384233,False,DATA_QUALITY
2026-08-19,8429,5.989999771118164,72.65807215001576,67.1839225233155,47,0.40425531914893614,20.0,62.72106185030168,False,LIQUIDITY
2026-08-19,8431,44.5,86.785282432199,74.10982089349704,79,0.5316455696202531,50.0,68.01240704164155,False,LIQUIDITY
2026-08-19,8432,50.0,55.632065775950664,11.666666666666666,36,0.3611111111111111,20.0,42.439619732785204,False,LIQUIDITY
2026-08-19,8433,54.4,64.8365617433414,0.0,35,0.42857142857142855,20.0,44.30811138014528,False,LIQUIDITY
2026-08-19,8435,53.5,40.9451029320025,0.0,4,0.0,20.0,24.283530879600747,False,LIQUIDITY
2026-08-19,8436,124.0,72.19823476371624,0.0,71,0.323943661971831,20.0,43.377780288269804,False,LOW_ZONE
2026-08-19,8437,9.05,44.60339060585381,45.8314945281675,33,0.2727272727272727,50.0,40.5207089956162,False,LIQUIDITY
2026-08-19,8438,66.5,88.43449479693446,5.891457134918935,24,0.25,50.0,43.003212722810076,False,LOW_ZONE
2026-08-19,8440,20.3,61.07945425361156,0.0,60,0.4,50.0,37.82383627608347,False,LIQUIDITY
2026-08-19,8442,44.400001525878906,50.12036991134639,0.0,35,0.42857142857142855,20.0,39.89325383054677,False,LIQUIDITY
2026-08-19,8443,11.449999809265137,37.610834198491155,0.0,7,0.2857142857142857,20.0,31.854678830975917,False,LIQUIDITY
2026-08-18,8444,5.0,100.0,,45,0.5111111111111111,20.0,,False,OFFICIAL_STATUS
2026-08-19,8446,85.1,58.76847290640395,29.174744355634147,36,0.16666666666666666,20.0,41.924227960829725,False,LIQUIDITY
2026-08-19,8450,14.45,46.95125606947756,87.42061813732862,37,0.3783783783783784,20.0,59.29188270652678,False,LIQUIDITY
2026-08-19,8454,258.5,92.86220512301306,0.0,51,0.27450980392156865,20.0,48.093955654550975,False,LOW_ZONE
2026-08-19,8455,23.3,80.94880326285286,69.04928579904714,16,0.5625,50.0,65.92196242861765,False,LIQUIDITY
2019-03-14,8462,180.0,43.06332842415317,0.0,4,0.0,20.0,24.91899852724595,False,LIQUIDITY
2026-08-19,8463,21.200000762939453,59.6515735202468,0.0,45,0.3333333333333333,20.0,39.895472056074034,False,LIQUIDITY
2026-08-19,8464,369.0,78.80289076801625,5.2476265948146965,73,0.5342465753424658,20.0,52.98017113938252,False,LOW_ZONE
2026-08-19,8466,15.5,70.27295625988846,83.96413900891567,17,0.29411764705882354,20.0,62.89645104196016,False,LIQUIDITY
2026-08-19,8467,98.5,82.18972675974064,58.20361144804039,47,0.5531914893617021,50.0,63.303565570783356,False,LIQUIDITY
2026-08-19,8472,69.3,99.22291472414454,30.409951336167396,13,0.23076923076923078,20.0,56.29243917436213,False,LIQUIDITY
2026-08-19,8473,45.0,85.19442757956216,0.0,25,0.68,20.0,57.958328273868645,False,LOW_ZONE
2023-10-30,8476,63.5,63.79551820728291,0.0,25,0.4,50.0,38.63865546218487,False,LIQUIDITY
2026-08-19,8477,15.9,83.83948784466932,,47,0.40425531914893614,20.0,,False,LIQUIDITY
2026-08-19,8478,138.0,67.5903971547125,93.47311975845776,57,0.47368421052631576,20.0,69.85592540181767,False,LIQUIDITY
2022-12-14,8480,84.6,45.0,,1,1.0,0.0,,False,DATA_QUALITY
2026-08-19,8481,40.20000076293945,60.0,38.94705721015701,7,0.7142857142857143,20.0,61.16533573111068,False,LIQUIDITY
2026-08-19,8482,47.9,86.7750421402599,,27,0.4074074074074074,20.0,,False,DATA_QUALITY
2026-08-19,8487,71.0,51.334151322641844,88.68707482005756,26,0.46153846153846156,20.0,63.41816794796079,False,LIQUIDITY
2026-08-19,8488,9.869999885559082,89.00942852901746,23.626650674909953,33,0.3333333333333333,20.0,54.60949122743273,False,LIQUIDITY
2026-08-19,8489,22.7,63.8091619626574,0.0,78,0.5512820512820513,20.0,47.68121012725876,False,LIQUIDITY
2020-10-21,8497,65.5,52.5,,6,1.0,0.0,,False,DATA_QUALITY
2026-08-19,8499,269.0,90.95646842427958,0.0,41,0.4634146341463415,20.0,53.189379551674115,False,LIQUIDITY
2026-08-19,8905,34.55,75.74526785774196,,13,0.46153846153846156,20.0,,False,DATA_QUALITY
2026-08-19,8906,27.6,79.90963391795982,0.0,20,0.6,20.0,53.972890175387946,False,LIQUIDITY
2026-08-19,8908,39.6,55.107632093933475,8.155308289914059,9,0.1111111111111111,20.0,33.90445003399189,False,LIQUIDITY
2020-01-13,8913,13.3,30.71428571428585,0.0,13,0.23076923076923078,0.0,31.137362637362678,False,LIQUIDITY
2026-08-19,8916,40.4,22.65118317265556,66.59290781244255,11,0.45454545454545453,50.0,44.57994554127094,False,LIQUIDITY
2026-08-19,8917,53.5,45.0,,0,,20.0,,False,DATA_QUALITY
2026-08-19,8921,17.4,45.0,,1,0.0,20.0,,False,DATA_QUALITY
2026-08-19,8923,18.65,75.0,,12,0.16666666666666666,20.0,,False,DATA_QUALITY
2026-08-19,8924,50.6,35.06561679790023,84.1357771392437,35,0.4857142857142857,50.0,53.625057895609565,False,LIQUIDITY
2026-08-19,8926,55.79999923706055,95.65330118579782,78.40219215660497,13,0.23076923076923078,20.0,67.21961531796751,False,MR_PROBABILITY
2026-08-19,8927,19.9,76.17022527078285,0.0,35,0.5428571428571428,20.0,51.136781866949136,False,LIQUIDITY
2026-08-19,8928,22.9,68.04267161410019,0.0,17,0.5882352941176471,20.0,50.059860307759465,False,DATA_QUALITY
2026-08-19,8929,13.15,75.0,,26,0.34615384615384615,20.0,,False,LIQUIDITY
2026-08-19,8930,29.35,57.16033202271734,12.809344397524345,28,0.39285714285714285,20.0,44.13614999191057,False,LIQUIDITY
2026-08-19,8931,40.6,55.14563106796117,55.15733196335011,9,0.2222222222222222,20.0,48.99968897789254,False,LIQUIDITY
2026-08-19,8932,109.0,98.68073878627968,0.0,30,0.7333333333333333,20.0,63.6042216358839,False,DATA_QUALITY
2026-08-19,8933,4.44,98.42125854364645,2.1861471861470836,68,0.4411764705882353,50.0,50.80820847727776,False,OFFICIAL_STATUS
2020-11-17,8934,36.1,75.0,,0,,0.0,,False,DATA_QUALITY
2026-08-19,8935,17.4,93.00699300699301,51.87399062653498,38,0.631578947368421,20.0,71.81796397978428,False,LIQUIDITY
2026-08-19,8936,50.6,74.50602647698084,59.312984898646896,59,0.5423728813559322,20.0,65.45124060843395,False,LOW_ZONE
2026-08-19,8937,25.55,90.18055115616092,0.0,20,0.55,50.0,51.05416534684828,False,DATA_QUALITY
2026-08-19,8938,52.7,55.89490968801314,43.03983222870109,25,0.36,20.0,50.328430963579216,False,LIQUIDITY
2026-08-19,8940,15.199999809265137,27.949303538689396,70.06490463508946,48,0.4791666666666667,50.0,47.77601722037919,False,LIQUIDITY
2026-08-19,8941,44.75,50.45918367346938,0.0,5,0.6,20.0,45.13775510204081,False,LIQUIDITY
2026-08-19,8942,41.25,67.10967993754879,0.0,20,0.4,20.0,44.13290398126463,False,LIQUIDITY
2026-08-19,8996,1135.0,100.0,0.0,55,0.6363636363636364,20.0,61.09090909090909,False,LIQUIDITY
2026-08-19,9103,5.170000076293945,84.13821393951926,1.709375514535787,66,0.5454545454545454,20.0,54.03244442412608,False,LIQUIDITY
2026-08-19,9105,8.449999809265137,96.04667243761648,7.819556204404683,41,0.5365853658536586,20.0,58.86645175799587,False,LIQUIDITY
2026-08-19,9110,3.049999952316284,92.87993191402404,19.016816937690297,66,0.4090909090909091,20.0,56.89091108135706,False,OFFICIAL_STATUS
2026-08-19,9136,12.0,98.02371596841364,10.496450370181188,35,0.3142857142857143,20.0,53.45979881164081,False,LIQUIDITY
2019-11-11,9157,0.72,79.9947959989515,,5,0.6,20.0,,False,OFFICIAL_STATUS
2022-03-03,9188,3.47,52.5,,14,0.7857142857142857,0.0,,False,DATA_QUALITY
2026-08-19,9802,70.30000305175781,74.6308218357831,48.16049461922005,58,0.5689655172413793,20.0,63.49833572278132,False,LOW_ZONE
2026-08-19,9902,13.649999618530273,72.20670050899271,1.6666666666666663,22,0.22727272727272727,20.0,40.8968586375463,False,LIQUIDITY
2026-08-19,9904,24.700000762939453,62.52878798195399,0.0,26,0.34615384615384615,20.0,41.14325177920158,False,OSCILLATION
2026-08-19,9905,21.299999237060547,46.31328043618521,0.0,0,,20.0,25.893984130855564,False,LIQUIDITY
2026-08-19,9906,38.79999923706055,89.11541736350645,15.77111798039531,68,0.4852941176470588,20.0,57.23622823356253,False,LIQUIDITY
2026-08-19,9907,15.050000190734863,53.23308421634271,0.0,19,0.2631578947368421,50.0,31.364662107008073,False,OSCILLATION
2026-08-19,9908,28.950000762939453,43.847944697126444,75.80380323790536,2,0.0,20.0,44.105334218614274,False,LIQUIDITY
2026-08-19,9910,68.80000305175781,80.08989722672904,27.934410220286892,51,0.45098039215686275,20.0,56.53998348779631,False,LOW_ZONE
2026-08-19,9911,82.0999984741211,44.72207161082477,11.35974211276928,10,0.0,20.0,28.25655701143975,False,LIQUIDITY
2026-08-19,9912,12.800000190734863,51.6181632930345,0.0,37,0.4864864864864865,20.0,42.08004358250494,False,LIQUIDITY
2026-08-19,9914,88.5999984741211,85.96201319465307,0.0,68,0.4117647058823529,20.0,50.141545134866504,False,LOW_ZONE
2026-08-19,9917,108.0,53.62244897959184,12.038383477079291,11,0.0,20.0,31.096330563147372,False,OSCILLATION
2026-08-19,9918,42.400001525878906,56.77908981092522,62.77845635138143,12,0.16666666666666666,20.0,49.72834103112292,False,LIQUIDITY
2026-08-19,9919,13.75,54.26485676039294,25.5807230107583,52,0.46153846153846156,20.0,48.520791626961305,False,LIQUIDITY
2026-08-19,9921,104.0,79.37836222355051,0.0,69,0.4927536231884058,20.0,50.59611736271733,False,LOW_ZONE
2026-08-19,9924,38.150001525878906,26.92240191146644,79.65659933282538,13,0.0,50.0,35.49087040664628,False,LIQUIDITY
2026-08-19,9925,39.95000076293945,43.299312776910284,72.88281626072221,0,,20.0,43.210497898253635,False,LIQUIDITY
2026-08-19,9926,48.54999923706055,43.13258054793546,83.30087143114314,2,0.0,20.0,45.764992022166425,False,LIQUIDITY
2026-08-19,9927,68.5999984741211,48.36776487291408,11.446907118259839,7,0.7142857142857143,20.0,50.80062767001061,False,LIQUIDITY
2026-08-19,9928,18.600000381469727,60.555556081169094,0.0,59,0.4576271186440678,20.0,43.89548038367276,False,LIQUIDITY
2026-08-19,9929,10.850000381469727,81.87769270309873,81.96407794449959,53,0.41509433962264153,20.0,69.50715748573376,False,LIQUIDITY
2026-08-19,9930,63.29999923706055,32.3272068383046,17.721543436618305,4,0.0,50.0,21.628547910645956,False,LIQUIDITY
2026-08-19,9931,33.79999923706055,44.703620765188006,0.0,9,0.1111111111111111,20.0,28.744419562889735,False,LIQUIDITY
2026-08-19,9933,41.20000076293945,81.66133062316197,0.0,19,0.3684210526315789,20.0,47.55103076589596,False,LOW_ZONE
2026-08-19,9934,11.25,78.48688364886651,0.0,17,0.35294117647058826,20.0,46.134300388777596,False,LIQUIDITY
2026-08-19,9935,20.75,57.56584197742845,0.0,47,0.2553191489361702,20.0,36.92932706131364,False,LIQUIDITY
2026-08-19,9937,54.900001525878906,42.35450607579226,70.90023830809551,8,0.25,20.0,49.93141139976156,False,LIQUIDITY
2026-08-19,9938,42.20000076293945,74.11269407241528,35.04620076267795,46,0.5,20.0,57.99535841239407,False,LOW_ZONE
2026-08-19,9939,130.0,75.05005231777116,0.0,18,0.4444444444444444,20.0,47.84834902866468,False,LOW_ZONE
2026-08-19,9940,20.5,65.02100228968173,0.0,16,0.0625,20.0,33.381300686904524,False,LIQUIDITY
2026-08-19,9941,85.19999694824219,52.05937937360223,0.0,16,0.3125,20.0,36.99281381208067,False,OSCILLATION
2026-08-19,9942,114.0,54.987468671679196,45.16733128914611,10,0.3,20.0,48.78807342379029,False,LIQUIDITY
2026-08-19,9943,50.70000076293945,28.236168910005514,83.85355283117943,3,0.0,20.0,41.434238880796514,False,LIQUIDITY
2026-08-19,9944,17.399999618530273,48.85036322140843,8.900746421219496,10,0.7,20.0,49.8802955717274,False,LIQUIDITY
2026-08-19,9945,29.8,45.705536111994874,0.0,29,0.27586206896551724,20.0,33.98752290256398,False,OSCILLATION
2026-08-19,9946,18.850000381469727,48.054598811971466,0.0,27,0.37037037037037035,20.0,37.52749075470255,False,LIQUIDITY
2026-08-19,9949,23.3,93.57016375120831,27.432361610138287,20,0.5,20.0,61.929139527897064,False,LIQUIDITY
2026-08-19,9950,10.2,36.758241758241724,57.8178059065177,32,0.5,20.0,52.48192400410194,False,LIQUIDITY
2026-08-19,9951,53.9,48.342781557067255,0.0,27,0.48148148148148145,20.0,40.94727891156462,False,LIQUIDITY
2026-08-19,9955,24.200000762939453,67.68057928080114,1.6666666666666663,60,0.55,50.0,44.720840450907005,False,LIQUIDITY
2026-08-19,9958,99.5,94.63154988689132,82.28243545186626,72,0.5833333333333334,20.0,78.46007382903396,False,MR_PROBABILITY
2026-08-19,9960,30.2,85.864382250121,,6,0.16666666666666666,20.0,,False,DATA_QUALITY
2026-08-19,9962,10.15,43.69373776908023,0.0,24,0.5,20.0,40.10812133072407,False,LIQUIDITY
