symbol,security_type,exchange,name,category,unit,trading_suspended,disposition_level,attention_flag,settlement_type,reference,update_date,source,retrieved_at
1240,STK,OTC,茂生農經,33,1000.0,False,0.0,False,0,57.1,2026-08-20,Shioaji authenticated contract info,2026-08-21 04:31:41.223332
1259,STK,OTC,安心,16,1000.0,False,0.0,False,0,65.0,2026-08-20,Shioaji authenticated contract info,2026-08-21 04:31:41.224922
1264,STK,OTC,德麥,02,1000.0,False,0.0,False,0,256.0,2026-08-20,Shioaji authenticated contract info,2026-08-21 04:31:41.224922
1268,STK,OTC,漢來美食,16,1000.0,False,0.0,False,0,181.5,2026-08-20,Shioaji authenticated contract info,2026-08-21 04:31:41.224922
1294,STK,OTC,漢田生技,02,1000.0,False,0.0,False,0,56.8,2026-08-20,Shioaji authenticated contract info,2026-08-21 04:31:41.224922
1295,STK,OTC,生合,02,1000.0,False,0.0,False,0,45.85,2026-08-20,Shioaji authenticated contract info,2026-08-21 04:31:41.225856
1336,STK,OTC,台翰,28,1000.0,False,0.0,False,0,17.35,2026-08-20,Shioaji authenticated contract info,2026-08-21 04:31:41.225856
1565,STK,OTC,精華,22,1000.0,False,0.0,False,0,94.9,2026-08-20,Shioaji authenticated contract info,2026-08-21 04:31:41.225856
1569,STK,OTC,濱川,25,1000.0,False,0.0,False,0,43.8,2026-08-20,Shioaji authenticated contract info,2026-08-21 04:31:41.226365
1570,STK,OTC,力肯,05,1000.0,False,0.0,False,0,33.2,2026-08-20,Shioaji authenticated contract info,2026-08-21 04:31:41.226365
1580,STK,OTC,新麥,05,1000.0,False,0.0,False,0,107.5,2026-08-20,Shioaji authenticated contract info,2026-08-21 04:31:41.226365
1584,STK,OTC,精剛,20,1000.0,False,0.0,False,0,17.75,2026-08-20,Shioaji authenticated contract info,2026-08-21 04:31:41.226977
1586,STK,OTC,和勤,05,1000.0,False,0.0,False,0,18.2,2026-08-20,Shioaji authenticated contract info,2026-08-21 04:31:41.226977
1591,STK,OTC,駿吉-KY,05,1000.0,False,0.0,False,0,35.4,2026-08-20,Shioaji authenticated contract info,2026-08-21 04:31:41.226977
1593,STK,OTC,祺驊,37,1000.0,False,0.0,False,0,31.8,2026-08-20,Shioaji authenticated contract info,2026-08-21 04:31:41.227486
1595,STK,OTC,川寶,24,1000.0,False,0.0,False,0,62.0,2026-08-20,Shioaji authenticated contract info,2026-08-21 04:31:41.227486
1599,STK,OTC,宏佳騰,05,1000.0,False,0.0,False,0,23.25,2026-08-20,Shioaji authenticated contract info,2026-08-21 04:31:41.227486
1742,STK,OTC,台蠟,21,1000.0,False,0.0,False,0,18.0,2026-08-20,Shioaji authenticated contract info,2026-08-21 04:31:41.227486
1777,STK,OTC,生泰,22,1000.0,False,0.0,False,0,74.1,2026-08-20,Shioaji authenticated contract info,2026-08-21 04:31:41.227486
1780,STK,OTC,立弘,02,1000.0,False,0.0,False,0,24.8,2026-08-20,Shioaji authenticated contract info,2026-08-21 04:31:41.229031
1781,STK,OTC,合世,22,1000.0,False,0.0,False,0,10.9,2026-08-20,Shioaji authenticated contract info,2026-08-21 04:31:41.229031
1784,STK,OTC,訊聯,22,1000.0,False,0.0,False,0,60.1,2026-08-20,Shioaji authenticated contract info,2026-08-21 04:31:41.229031
1785,STK,OTC,光洋科,31,1000.0,False,0.0,False,0,101.0,2026-08-20,Shioaji authenticated contract info,2026-08-21 04:31:41.229031
1788,STK,OTC,杏昌,22,1000.0,False,0.0,False,0,130.0,2026-08-20,Shioaji authenticated contract info,2026-08-21 04:31:41.229031
1796,STK,OTC,金穎生技,02,1000.0,False,0.0,False,0,29.65,2026-08-20,Shioaji authenticated contract info,2026-08-21 04:31:41.229031
1799,STK,OTC,易威,22,1000.0,False,0.0,False,0,29.95,2026-08-20,Shioaji authenticated contract info,2026-08-21 04:31:41.230547
1813,STK,OTC,寶利徠,22,1000.0,False,0.0,False,0,11.4,2026-08-20,Shioaji authenticated contract info,2026-08-21 04:31:41.230547
1815,STK,OTC,富喬,28,1000.0,False,0.0,False,0,98.0,2026-08-20,Shioaji authenticated contract info,2026-08-21 04:31:41.230547
2035,STK,OTC,唐榮,10,1000.0,False,0.0,False,0,27.15,2026-08-20,Shioaji authenticated contract info,2026-08-21 04:31:41.230547
2061,STK,OTC,風青,06,1000.0,False,0.0,False,0,48.85,2026-08-20,Shioaji authenticated contract info,2026-08-21 04:31:41.230547
2063,STK,OTC,世鎧,10,1000.0,False,0.0,False,0,24.5,2026-08-20,Shioaji authenticated contract info,2026-08-21 04:31:41.230547
2064,STK,OTC,晉椿,10,1000.0,False,0.0,False,0,12.45,2026-08-20,Shioaji authenticated contract info,2026-08-21 04:31:41.230547
2065,STK,OTC,世豐,10,1000.0,False,0.0,False,0,35.35,2026-08-20,Shioaji authenticated contract info,2026-08-21 04:31:41.230547
2066,STK,OTC,世德,05,1000.0,False,0.0,False,0,57.0,2026-08-20,Shioaji authenticated contract info,2026-08-21 04:31:41.232099
2067,STK,OTC,嘉鋼,05,1000.0,False,0.0,False,1,5.75,2026-08-20,Shioaji authenticated contract info,2026-08-21 04:31:41.232099
2070,STK,OTC,精湛,05,1000.0,False,0.0,False,0,64.7,2026-08-20,Shioaji authenticated contract info,2026-08-21 04:31:41.232099
2073,STK,OTC,雄順,10,1000.0,False,0.0,False,0,26.5,2026-08-20,Shioaji authenticated contract info,2026-08-21 04:31:41.232099
2221,STK,OTC,大甲,20,1000.0,False,0.0,False,0,52.6,2026-08-20,Shioaji authenticated contract info,2026-08-21 04:31:41.232099
2230,STK,OTC,泰茂,38,1000.0,False,0.0,False,0,24.3,2026-08-20,Shioaji authenticated contract info,2026-08-21 04:31:41.232099
2235,STK,OTC,謚源,05,1000.0,False,0.0,False,0,27.6,2026-08-20,Shioaji authenticated contract info,2026-08-21 04:31:41.232099
2596,STK,OTC,綠意,14,1000.0,False,0.0,False,0,33.25,2026-08-20,Shioaji authenticated contract info,2026-08-21 04:31:41.232099
2640,STK,OTC,大車隊,36,1000.0,False,0.0,False,0,154.5,2026-08-20,Shioaji authenticated contract info,2026-08-21 04:31:41.233668
2641,STK,OTC,正德,15,1000.0,False,0.0,False,0,18.35,2026-08-20,Shioaji authenticated contract info,2026-08-21 04:31:41.233668
2643,STK,OTC,捷迅,15,1000.0,False,0.0,False,0,61.9,2026-08-20,Shioaji authenticated contract info,2026-08-21 04:31:41.233668
2718,STK,OTC,全心投控,14,1000.0,False,0.0,False,0,49.1,2026-08-20,Shioaji authenticated contract info,2026-08-21 04:31:41.233668
2719,STK,OTC,燦星旅,16,1000.0,False,0.0,False,0,21.0,2026-08-20,Shioaji authenticated contract info,2026-08-21 04:31:41.233668
2724,STK,OTC,藝舍-KY,20,1000.0,False,0.0,False,0,10.55,2026-08-20,Shioaji authenticated contract info,2026-08-21 04:31:41.233668
2726,STK,OTC,雅茗-KY,16,1000.0,False,0.0,False,0,8.5,2026-08-20,Shioaji authenticated contract info,2026-08-21 04:31:41.233668
2729,STK,OTC,瓦城,16,1000.0,False,0.0,False,0,159.5,2026-08-20,Shioaji authenticated contract info,2026-08-21 04:31:41.235211
2732,STK,OTC,六角,16,1000.0,False,0.0,False,0,64.4,2026-08-20,Shioaji authenticated contract info,2026-08-21 04:31:41.235211
2734,STK,OTC,易飛網,16,1000.0,False,0.0,False,0,15.0,2026-08-20,Shioaji authenticated contract info,2026-08-21 04:31:41.235211
2736,STK,OTC,富野,16,1000.0,False,0.0,False,0,11.4,2026-08-20,Shioaji authenticated contract info,2026-08-21 04:31:41.235211
2740,STK,OTC,華軒,16,1000.0,False,0.0,False,0,29.7,2026-08-20,Shioaji authenticated contract info,2026-08-21 04:31:41.235211
2743,STK,OTC,山富,16,1000.0,False,0.0,False,0,57.3,2026-08-20,Shioaji authenticated contract info,2026-08-21 04:31:41.236239
2745,STK,OTC,五福,16,1000.0,False,0.0,False,0,87.8,2026-08-20,Shioaji authenticated contract info,2026-08-21 04:31:41.236239
2751,STK,OTC,王座,16,1000.0,False,0.0,False,0,54.4,2026-08-20,Shioaji authenticated contract info,2026-08-21 04:31:41.236757
2752,STK,OTC,豆府,16,1000.0,False,0.0,False,0,179.0,2026-08-20,Shioaji authenticated contract info,2026-08-21 04:31:41.236757
2754,STK,OTC,亞洲藏壽司,16,1000.0,False,0.0,False,0,68.7,2026-08-20,Shioaji authenticated contract info,2026-08-21 04:31:41.236757
2755,STK,OTC,揚秦,16,1000.0,False,0.0,False,0,103.5,2026-08-20,Shioaji authenticated contract info,2026-08-21 04:31:41.238334
2756,STK,OTC,聯發國際,16,1000.0,False,0.0,False,0,61.1,2026-08-20,Shioaji authenticated contract info,2026-08-21 04:31:41.238334
2916,STK,OTC,滿心,38,1000.0,False,0.0,False,0,40.15,2026-08-20,Shioaji authenticated contract info,2026-08-21 04:31:41.238334
2924,STK,OTC,宏太-KY,38,1000.0,False,0.0,False,0,17.4,2026-08-20,Shioaji authenticated contract info,2026-08-21 04:31:41.238334
2926,STK,OTC,誠品生活,32,1000.0,False,0.0,False,0,30.4,2026-08-20,Shioaji authenticated contract info,2026-08-21 04:31:41.238334
2937,STK,OTC,集雅社,38,1000.0,False,0.0,False,0,48.2,2026-08-20,Shioaji authenticated contract info,2026-08-21 04:31:41.239504
2941,STK,OTC,米斯特,38,1000.0,False,0.0,False,0,30.0,2026-08-20,Shioaji authenticated contract info,2026-08-21 04:31:41.239504
2947,STK,OTC,振宇五金,38,1000.0,False,0.0,False,0,62.2,2026-08-20,Shioaji authenticated contract info,2026-08-21 04:31:41.239504
2948,STK,OTC,寶陞,38,1000.0,False,0.0,False,0,37.35,2026-08-20,Shioaji authenticated contract info,2026-08-21 04:31:41.239504
2949,STK,OTC,欣新網,36,1000.0,False,0.0,False,0,61.0,2026-08-20,Shioaji authenticated contract info,2026-08-21 04:31:41.239504
3064,STK,OTC,泰偉,32,1000.0,False,0.0,False,1,19.55,2026-08-20,Shioaji authenticated contract info,2026-08-21 04:31:41.239504
3066,STK,OTC,李洲,26,1000.0,False,0.0,False,0,23.0,2026-08-20,Shioaji authenticated contract info,2026-08-21 04:31:41.241053
3067,STK,OTC,全域,38,1000.0,False,0.0,False,0,17.1,2026-08-20,Shioaji authenticated contract info,2026-08-21 04:31:41.241053
3071,STK,OTC,協禧,25,1000.0,False,0.0,False,0,24.4,2026-08-20,Shioaji authenticated contract info,2026-08-21 04:31:41.241053
3073,STK,OTC,天方能源,35,1000.0,False,0.0,False,0,22.65,2026-08-20,Shioaji authenticated contract info,2026-08-21 04:31:41.241053
3078,STK,OTC,僑威,28,1000.0,False,0.0,False,0,53.1,2026-08-20,Shioaji authenticated contract info,2026-08-21 04:31:41.241053
3081,STK,OTC,聯亞,27,1000.0,False,0.0,True,0,2680.0,2026-08-20,Shioaji authenticated contract info,2026-08-21 04:31:41.241053
3083,STK,OTC,網龍,32,1000.0,False,0.0,False,0,23.35,2026-08-20,Shioaji authenticated contract info,2026-08-21 04:31:41.241053
3085,STK,OTC,新零售,36,1000.0,False,0.0,False,0,11.95,2026-08-20,Shioaji authenticated contract info,2026-08-21 04:31:41.242616
3086,STK,OTC,華義*,32,1000.0,False,0.0,False,0,26.35,2026-08-20,Shioaji authenticated contract info,2026-08-21 04:31:41.242616
3088,STK,OTC,艾訊,25,1000.0,False,0.0,False,0,126.5,2026-08-20,Shioaji authenticated contract info,2026-08-21 04:31:41.242616
3093,STK,OTC,港建*,31,1000.0,False,0.0,False,0,48.2,2026-08-20,Shioaji authenticated contract info,2026-08-21 04:31:41.242616
3095,STK,OTC,及成,27,1000.0,False,0.0,False,0,36.7,2026-08-20,Shioaji authenticated contract info,2026-08-21 04:31:41.242616
3105,STK,OTC,穩懋,24,1000.0,False,0.0,False,0,363.5,2026-08-20,Shioaji authenticated contract info,2026-08-21 04:31:41.242616
3114,STK,OTC,好德,28,1000.0,False,0.0,False,0,31.95,2026-08-20,Shioaji authenticated contract info,2026-08-21 04:31:41.242616
3115,STK,OTC,富榮綱,28,1000.0,False,0.0,False,0,8.89,2026-08-20,Shioaji authenticated contract info,2026-08-21 04:31:41.242616
3118,STK,OTC,進階,22,1000.0,False,0.0,False,0,31.65,2026-08-20,Shioaji authenticated contract info,2026-08-21 04:31:41.242616
3122,STK,OTC,笙泉,24,1000.0,False,0.0,False,0,25.25,2026-08-20,Shioaji authenticated contract info,2026-08-21 04:31:41.244795
3128,STK,OTC,昇銳,26,1000.0,False,0.0,False,0,21.8,2026-08-20,Shioaji authenticated contract info,2026-08-21 04:31:41.244795
3131,STK,OTC,弘塑,24,1000.0,False,0.0,False,0,2355.0,2026-08-20,Shioaji authenticated contract info,2026-08-21 04:31:41.244795
3141,STK,OTC,晶宏,24,1000.0,False,0.0,False,0,71.1,2026-08-20,Shioaji authenticated contract info,2026-08-21 04:31:41.244795
3147,STK,OTC,大綜,30,1000.0,False,0.0,False,0,221.5,2026-08-20,Shioaji authenticated contract info,2026-08-21 04:31:41.246256
3152,STK,OTC,璟德,27,1000.0,False,0.0,False,0,223.0,2026-08-20,Shioaji authenticated contract info,2026-08-21 04:31:41.246256
3158,STK,OTC,嘉實,30,1000.0,False,0.0,False,0,82.8,2026-08-20,Shioaji authenticated contract info,2026-08-21 04:31:41.246256
3162,STK,OTC,精確,05,1000.0,False,0.0,False,0,62.2,2026-08-20,Shioaji authenticated contract info,2026-08-21 04:31:41.246256
3163,STK,OTC,波若威,27,1000.0,False,1.0,False,0,710.0,2026-08-20,Shioaji authenticated contract info,2026-08-21 04:31:41.247288
3169,STK,OTC,亞信,24,1000.0,False,0.0,False,0,100.0,2026-08-20,Shioaji authenticated contract info,2026-08-21 04:31:41.247288
3171,STK,OTC,炎洲流通,38,1000.0,False,0.0,False,0,63.2,2026-08-20,Shioaji authenticated contract info,2026-08-21 04:31:41.247822
3176,STK,OTC,基亞,22,1000.0,False,0.0,False,0,34.0,2026-08-20,Shioaji authenticated contract info,2026-08-21 04:31:41.247822
3178,STK,OTC,公準,24,1000.0,False,0.0,False,0,58.1,2026-08-20,Shioaji authenticated contract info,2026-08-21 04:31:41.247822
3188,STK,OTC,鑫龍騰,14,1000.0,False,0.0,False,0,23.85,2026-08-20,Shioaji authenticated contract info,2026-08-21 04:31:41.247822
3191,STK,OTC,雲嘉南,28,1000.0,False,0.0,False,0,18.15,2026-08-20,Shioaji authenticated contract info,2026-08-21 04:31:41.249395
3205,STK,OTC,佰研,22,1000.0,False,0.0,False,0,48.25,2026-08-20,Shioaji authenticated contract info,2026-08-21 04:31:41.250024
3206,STK,OTC,志豐,28,1000.0,False,0.0,False,0,34.9,2026-08-20,Shioaji authenticated contract info,2026-08-21 04:31:41.250024
3207,STK,OTC,耀勝,28,1000.0,False,0.0,False,0,39.5,2026-08-20,Shioaji authenticated contract info,2026-08-21 04:31:41.251084
3211,STK,OTC,順達,25,1000.0,False,0.0,False,0,369.0,2026-08-20,Shioaji authenticated contract info,2026-08-21 04:31:41.251084
3213,STK,OTC,茂訊,25,1000.0,False,0.0,False,0,132.5,2026-08-20,Shioaji authenticated contract info,2026-08-21 04:31:41.251084
3217,STK,OTC,優群,28,1000.0,False,0.0,False,0,136.0,2026-08-20,Shioaji authenticated contract info,2026-08-21 04:31:41.251084
3218,STK,OTC,大學光,22,1000.0,False,0.0,False,0,136.0,2026-08-20,Shioaji authenticated contract info,2026-08-21 04:31:41.251084
3219,STK,OTC,倚強科,31,1000.0,False,0.0,False,0,69.2,2026-08-20,Shioaji authenticated contract info,2026-08-21 04:31:41.251084
3221,STK,OTC,台嘉碩,27,1000.0,False,0.0,False,0,47.85,2026-08-20,Shioaji authenticated contract info,2026-08-21 04:31:41.252637
3224,STK,OTC,三顧,29,1000.0,False,0.0,False,0,34.3,2026-08-20,Shioaji authenticated contract info,2026-08-21 04:31:41.252637
3226,STK,OTC,龍鋒,05,1000.0,False,0.0,False,0,52.5,2026-08-20,Shioaji authenticated contract info,2026-08-21 04:31:41.252637
3227,STK,OTC,原相,24,1000.0,False,0.0,False,0,198.0,2026-08-20,Shioaji authenticated contract info,2026-08-21 04:31:41.252637
3228,STK,OTC,金麗科,24,1000.0,False,0.0,False,0,139.0,2026-08-20,Shioaji authenticated contract info,2026-08-21 04:31:41.253732
3230,STK,OTC,錦明,26,1000.0,False,0.0,False,0,41.1,2026-08-20,Shioaji authenticated contract info,2026-08-21 04:31:41.253732
3232,STK,OTC,昱捷,29,1000.0,False,0.0,False,0,19.5,2026-08-20,Shioaji authenticated contract info,2026-08-21 04:31:41.253732
3234,STK,OTC,光環,27,1000.0,False,0.0,False,0,147.5,2026-08-20,Shioaji authenticated contract info,2026-08-21 04:31:41.253732
3236,STK,OTC,千如,28,1000.0,False,0.0,False,0,46.65,2026-08-20,Shioaji authenticated contract info,2026-08-21 04:31:41.254744
3252,STK,OTC,海灣,16,1000.0,False,0.0,False,0,15.8,2026-08-20,Shioaji authenticated contract info,2026-08-21 04:31:41.254744
3259,STK,OTC,鑫創,24,1000.0,False,0.0,False,1,11.35,2026-08-20,Shioaji authenticated contract info,2026-08-21 04:31:41.255253
3260,STK,OTC,威剛,24,1000.0,False,0.0,False,0,395.0,2026-08-20,Shioaji authenticated contract info,2026-08-21 04:31:41.255253
3264,STK,OTC,欣銓,24,1000.0,False,0.0,False,0,206.5,2026-08-20,Shioaji authenticated contract info,2026-08-21 04:31:41.255253
3265,STK,OTC,台星科,24,1000.0,False,0.0,False,0,180.5,2026-08-20,Shioaji authenticated contract info,2026-08-21 04:31:41.255253
3268,STK,OTC,海德威,24,1000.0,False,0.0,False,0,18.4,2026-08-20,Shioaji authenticated contract info,2026-08-21 04:31:41.255253
3272,STK,OTC,東碩,25,1000.0,False,0.0,False,0,14.1,2026-08-20,Shioaji authenticated contract info,2026-08-21 04:31:41.255253
3276,STK,OTC,宇環,28,1000.0,False,0.0,False,0,14.45,2026-08-20,Shioaji authenticated contract info,2026-08-21 04:31:41.255253
3284,STK,OTC,太普高,20,1000.0,False,0.0,False,0,20.6,2026-08-20,Shioaji authenticated contract info,2026-08-21 04:31:41.256798
3285,STK,OTC,微端,31,1000.0,False,0.0,False,0,36.65,2026-08-20,Shioaji authenticated contract info,2026-08-21 04:31:41.256798
3287,STK,OTC,廣寰科,25,1000.0,False,0.0,False,0,38.0,2026-08-20,Shioaji authenticated contract info,2026-08-21 04:31:41.256798
3288,STK,OTC,點晶,28,1000.0,False,0.0,False,0,22.25,2026-08-20,Shioaji authenticated contract info,2026-08-21 04:31:41.256798
3289,STK,OTC,宜特,31,1000.0,False,0.0,False,0,135.0,2026-08-20,Shioaji authenticated contract info,2026-08-21 04:31:41.256798
3290,STK,OTC,東浦,28,1000.0,False,0.0,False,0,50.9,2026-08-20,Shioaji authenticated contract info,2026-08-21 04:31:41.256798
3293,STK,OTC,鈊象,32,1000.0,False,0.0,False,0,749.0,2026-08-20,Shioaji authenticated contract info,2026-08-21 04:31:41.256798
3294,STK,OTC,英濟,28,1000.0,False,0.0,False,0,30.5,2026-08-20,Shioaji authenticated contract info,2026-08-21 04:31:41.258351
3297,STK,OTC,杭特,26,1000.0,False,0.0,False,0,26.95,2026-08-20,Shioaji authenticated contract info,2026-08-21 04:31:41.258351
3303,STK,OTC,岱稜,31,1000.0,False,0.0,False,0,52.8,2026-08-20,Shioaji authenticated contract info,2026-08-21 04:31:41.258351
3306,STK,OTC,鼎天,27,1000.0,False,0.0,False,0,44.2,2026-08-20,Shioaji authenticated contract info,2026-08-21 04:31:41.258351
3310,STK,OTC,佳穎,28,1000.0,False,0.0,False,0,69.5,2026-08-20,Shioaji authenticated contract info,2026-08-21 04:31:41.258351
3313,STK,OTC,斐成,14,1000.0,False,0.0,False,0,10.25,2026-08-20,Shioaji authenticated contract info,2026-08-21 04:31:41.258351
3317,STK,OTC,尼克森,24,1000.0,False,0.0,False,0,66.9,2026-08-20,Shioaji authenticated contract info,2026-08-21 04:31:41.259896
3322,STK,OTC,建舜電,28,1000.0,False,0.0,False,0,11.25,2026-08-20,Shioaji authenticated contract info,2026-08-21 04:31:41.259896
3323,STK,OTC,加百裕,25,1000.0,False,0.0,False,0,29.55,2026-08-20,Shioaji authenticated contract info,2026-08-21 04:31:41.259896
3324,STK,OTC,雙鴻,31,1000.0,False,0.0,False,0,989.0,2026-08-20,Shioaji authenticated contract info,2026-08-21 04:31:41.259896
3325,STK,OTC,旭品,25,1000.0,False,0.0,False,0,11.3,2026-08-20,Shioaji authenticated contract info,2026-08-21 04:31:41.260893
3332,STK,OTC,幸康,28,1000.0,False,0.0,False,0,62.0,2026-08-20,Shioaji authenticated contract info,2026-08-21 04:31:41.261405
3339,STK,OTC,泰谷,26,1000.0,False,0.0,False,0,37.65,2026-08-20,Shioaji authenticated contract info,2026-08-21 04:31:41.261405
3349,STK,OTC,寶德,25,1000.0,False,0.0,False,0,23.5,2026-08-20,Shioaji authenticated contract info,2026-08-21 04:31:41.261933
3354,STK,OTC,律勝,28,1000.0,False,0.0,False,0,20.15,2026-08-20,Shioaji authenticated contract info,2026-08-21 04:31:41.261933
3357,STK,OTC,臺慶科,28,1000.0,False,0.0,False,0,218.5,2026-08-20,Shioaji authenticated contract info,2026-08-21 04:31:41.261933
3360,STK,OTC,尚立,29,1000.0,False,0.0,False,0,15.7,2026-08-20,Shioaji authenticated contract info,2026-08-21 04:31:41.261933
3362,STK,OTC,先進光,26,1000.0,False,0.0,False,0,181.5,2026-08-20,Shioaji authenticated contract info,2026-08-21 04:31:41.262958
3363,STK,OTC,上詮,27,1000.0,False,0.0,False,0,584.0,2026-08-20,Shioaji authenticated contract info,2026-08-21 04:31:41.262958
3372,STK,OTC,典範,24,1000.0,False,0.0,False,0,14.85,2026-08-20,Shioaji authenticated contract info,2026-08-21 04:31:41.262958
3373,STK,OTC,熱映,31,1000.0,False,0.0,False,0,16.4,2026-08-20,Shioaji authenticated contract info,2026-08-21 04:31:41.264566
3374,STK,OTC,精材,24,1000.0,False,0.0,False,0,299.0,2026-08-20,Shioaji authenticated contract info,2026-08-21 04:31:41.264566
3379,STK,OTC,彬台,05,1000.0,False,0.0,False,0,29.1,2026-08-20,Shioaji authenticated contract info,2026-08-21 04:31:41.264566
3388,STK,OTC,崇越電,28,1000.0,False,0.0,False,0,93.3,2026-08-20,Shioaji authenticated contract info,2026-08-21 04:31:41.266137
3390,STK,OTC,旭軟,28,1000.0,False,0.0,False,0,21.5,2026-08-20,Shioaji authenticated contract info,2026-08-21 04:31:41.266137
3402,STK,OTC,漢科,31,1000.0,False,0.0,False,0,122.0,2026-08-20,Shioaji authenticated contract info,2026-08-21 04:31:41.266137
3430,STK,OTC,奇鈦科,21,1000.0,False,0.0,False,0,117.5,2026-08-20,Shioaji authenticated contract info,2026-08-21 04:31:41.266137
3434,STK,OTC,哲固,26,1000.0,False,0.0,False,0,30.75,2026-08-20,Shioaji authenticated contract info,2026-08-21 04:31:41.266137
3438,STK,OTC,類比科,24,1000.0,False,0.0,False,0,57.5,2026-08-20,Shioaji authenticated contract info,2026-08-21 04:31:41.266137
3441,STK,OTC,聯一光,26,1000.0,False,0.0,True,0,88.5,2026-08-20,Shioaji authenticated contract info,2026-08-21 04:31:41.267691
3444,STK,OTC,利機,29,1000.0,False,0.0,False,0,76.2,2026-08-20,Shioaji authenticated contract info,2026-08-21 04:31:41.267691
3455,STK,OTC,由田,26,1000.0,False,0.0,False,0,247.0,2026-08-20,Shioaji authenticated contract info,2026-08-21 04:31:41.267691
3465,STK,OTC,進泰電子,31,1000.0,False,0.0,False,0,29.4,2026-08-20,Shioaji authenticated contract info,2026-08-21 04:31:41.267691
3466,STK,OTC,德晉,27,1000.0,False,0.0,False,0,24.8,2026-08-20,Shioaji authenticated contract info,2026-08-21 04:31:41.267691
3467,STK,OTC,台灣精材,24,1000.0,False,0.0,False,0,45.95,2026-08-20,Shioaji authenticated contract info,2026-08-21 04:31:41.267691
3479,STK,OTC,安勤,25,1000.0,False,0.0,False,0,131.0,2026-08-20,Shioaji authenticated contract info,2026-08-21 04:31:41.267691
3483,STK,OTC,力致,25,1000.0,False,0.0,False,0,70.5,2026-08-20,Shioaji authenticated contract info,2026-08-21 04:31:41.267691
3484,STK,OTC,崧騰,28,1000.0,False,0.0,False,0,51.6,2026-08-20,Shioaji authenticated contract info,2026-08-21 04:31:41.269238
3485,STK,OTC,敘豐,28,1000.0,False,0.0,False,0,202.0,2026-08-20,Shioaji authenticated contract info,2026-08-21 04:31:41.269238
3489,STK,OTC,森寶,14,1000.0,False,0.0,False,0,23.8,2026-08-20,Shioaji authenticated contract info,2026-08-21 04:31:41.269803
3490,STK,OTC,單井,26,1000.0,False,1.0,True,0,46.8,2026-08-20,Shioaji authenticated contract info,2026-08-21 04:31:41.269803
3491,STK,OTC,昇達科,27,1000.0,False,0.0,False,0,1225.0,2026-08-20,Shioaji authenticated contract info,2026-08-21 04:31:41.269803
3492,STK,OTC,長盛,28,1000.0,False,0.0,False,0,20.05,2026-08-20,Shioaji authenticated contract info,2026-08-21 04:31:41.269803
3498,STK,OTC,陽程,31,1000.0,False,1.0,True,0,190.5,2026-08-20,Shioaji authenticated contract info,2026-08-21 04:31:41.270820
3499,STK,OTC,環天科,27,1000.0,False,0.0,False,0,12.75,2026-08-20,Shioaji authenticated contract info,2026-08-21 04:31:41.270820
3508,STK,OTC,位速,31,1000.0,False,0.0,True,0,22.75,2026-08-20,Shioaji authenticated contract info,2026-08-21 04:31:41.270820
3511,STK,OTC,矽瑪,28,1000.0,False,0.0,False,0,19.35,2026-08-20,Shioaji authenticated contract info,2026-08-21 04:31:41.270820
3512,STK,OTC,皇龍,14,1000.0,False,0.0,False,0,19.7,2026-08-20,Shioaji authenticated contract info,2026-08-21 04:31:41.270820
3516,STK,OTC,亞帝歐,26,1000.0,False,0.0,False,0,25.35,2026-08-20,Shioaji authenticated contract info,2026-08-21 04:31:41.270820
3520,STK,OTC,華盈,28,1000.0,False,0.0,False,0,18.25,2026-08-20,Shioaji authenticated contract info,2026-08-21 04:31:41.270820
3521,STK,OTC,台鋼建設,14,1000.0,False,0.0,False,0,12.1,2026-08-20,Shioaji authenticated contract info,2026-08-21 04:31:41.272375
3522,STK,OTC,御嵿,16,1000.0,False,0.0,False,0,11.65,2026-08-20,Shioaji authenticated contract info,2026-08-21 04:31:41.272375
3523,STK,OTC,迎輝,26,1000.0,False,0.0,False,0,15.05,2026-08-20,Shioaji authenticated contract info,2026-08-21 04:31:41.272375
3526,STK,OTC,凡甲,28,1000.0,False,0.0,False,0,283.5,2026-08-20,Shioaji authenticated contract info,2026-08-21 04:31:41.272375
3527,STK,OTC,聚積,24,1000.0,False,0.0,False,0,51.0,2026-08-20,Shioaji authenticated contract info,2026-08-21 04:31:41.272375
3529,STK,OTC,力旺,24,1000.0,False,0.0,False,0,2260.0,2026-08-20,Shioaji authenticated contract info,2026-08-21 04:31:41.272375
3531,STK,OTC,先益,26,1000.0,False,0.0,False,0,21.8,2026-08-20,Shioaji authenticated contract info,2026-08-21 04:31:41.272375
3537,STK,OTC,堡達,28,1000.0,False,0.0,False,0,56.3,2026-08-20,Shioaji authenticated contract info,2026-08-21 04:31:41.273940
3540,STK,OTC,曜越,25,1000.0,False,0.0,False,0,20.15,2026-08-20,Shioaji authenticated contract info,2026-08-21 04:31:41.273940
3541,STK,OTC,西柏,31,1000.0,False,0.0,False,0,21.75,2026-08-20,Shioaji authenticated contract info,2026-08-21 04:31:41.273940
3546,STK,OTC,宇峻,32,1000.0,False,0.0,False,0,71.8,2026-08-20,Shioaji authenticated contract info,2026-08-21 04:31:41.273940
3548,STK,OTC,兆利,28,1000.0,False,0.0,False,0,74.5,2026-08-20,Shioaji authenticated contract info,2026-08-21 04:31:41.273940
3551,STK,OTC,世禾,35,1000.0,False,0.0,False,0,173.5,2026-08-20,Shioaji authenticated contract info,2026-08-21 04:31:41.273940
3552,STK,OTC,同致,31,1000.0,False,0.0,False,0,45.75,2026-08-20,Shioaji authenticated contract info,2026-08-21 04:31:41.273940
3555,STK,OTC,博士旺,24,1000.0,False,0.0,False,0,160.0,2026-08-20,Shioaji authenticated contract info,2026-08-21 04:31:41.275498
3556,STK,OTC,禾瑞亞,24,1000.0,False,0.0,False,0,61.7,2026-08-20,Shioaji authenticated contract info,2026-08-21 04:31:41.275894
3558,STK,OTC,神準,27,1000.0,False,0.0,False,0,123.5,2026-08-20,Shioaji authenticated contract info,2026-08-21 04:31:41.275894
3564,STK,OTC,其陽,27,1000.0,False,0.0,False,0,46.1,2026-08-20,Shioaji authenticated contract info,2026-08-21 04:31:41.275894
3567,STK,OTC,逸昌,24,1000.0,False,0.0,False,0,25.3,2026-08-20,Shioaji authenticated contract info,2026-08-21 04:31:41.275894
3570,STK,OTC,大塚,30,1000.0,False,0.0,False,0,162.5,2026-08-20,Shioaji authenticated contract info,2026-08-21 04:31:41.276904
3577,STK,OTC,泓格,25,1000.0,False,0.0,False,0,119.5,2026-08-20,Shioaji authenticated contract info,2026-08-21 04:31:41.276904
3580,STK,OTC,友威科,31,1000.0,False,0.0,False,0,77.8,2026-08-20,Shioaji authenticated contract info,2026-08-21 04:31:41.276904
3581,STK,OTC,博磊,24,1000.0,False,0.0,False,0,105.5,2026-08-20,Shioaji authenticated contract info,2026-08-21 04:31:41.276904
3587,STK,OTC,閎康,31,1000.0,False,0.0,False,0,251.5,2026-08-20,Shioaji authenticated contract info,2026-08-21 04:31:41.276904
3594,STK,OTC,磐儀,25,1000.0,False,0.0,False,0,50.8,2026-08-20,Shioaji authenticated contract info,2026-08-21 04:31:41.276904
3597,STK,OTC,映興,28,1000.0,False,0.0,False,0,26.6,2026-08-20,Shioaji authenticated contract info,2026-08-21 04:31:41.278666
3609,STK,OTC,三一東林,28,1000.0,False,0.0,False,0,24.0,2026-08-20,Shioaji authenticated contract info,2026-08-21 04:31:41.278666
3611,STK,OTC,鼎翰,25,1000.0,False,0.0,False,0,188.0,2026-08-20,Shioaji authenticated contract info,2026-08-21 04:31:41.279702
3615,STK,OTC,安可,26,1000.0,False,0.0,False,0,36.0,2026-08-20,Shioaji authenticated contract info,2026-08-21 04:31:41.279702
3623,STK,OTC,富晶通,26,1000.0,False,0.0,False,0,21.55,2026-08-20,Shioaji authenticated contract info,2026-08-21 04:31:41.280222
3624,STK,OTC,光頡,28,1000.0,False,0.0,False,0,89.7,2026-08-20,Shioaji authenticated contract info,2026-08-21 04:31:41.280222
3625,STK,OTC,西勝,25,1000.0,False,0.0,False,1,12.6,2026-08-20,Shioaji authenticated contract info,2026-08-21 04:31:41.280222
3628,STK,OTC,盈正,31,1000.0,False,0.0,False,0,68.9,2026-08-20,Shioaji authenticated contract info,2026-08-21 04:31:41.280746
3629,STK,OTC,地心引力,32,1000.0,False,0.0,False,2,13.85,2026-08-20,Shioaji authenticated contract info,2026-08-21 04:31:41.280746
3630,STK,OTC,新鉅科,26,1000.0,False,0.0,False,0,25.15,2026-08-20,Shioaji authenticated contract info,2026-08-21 04:31:41.280746
3631,STK,OTC,晟楠,28,1000.0,False,0.0,False,0,41.25,2026-08-20,Shioaji authenticated contract info,2026-08-21 04:31:41.280746
3632,STK,OTC,研勤,27,1000.0,False,0.0,False,2,7.19,2026-08-20,Shioaji authenticated contract info,2026-08-21 04:31:41.281764
3646,STK,OTC,艾恩特,28,1000.0,False,0.0,False,0,23.0,2026-08-20,Shioaji authenticated contract info,2026-08-21 04:31:41.281764
3663,STK,OTC,鑫科,31,1000.0,False,0.0,False,0,61.0,2026-08-20,Shioaji authenticated contract info,2026-08-21 04:31:41.281764
3664,STK,OTC,安瑞-KY,27,1000.0,False,0.0,False,2,6.0,2026-08-20,Shioaji authenticated contract info,2026-08-21 04:31:41.282284
3666,STK,OTC,光耀,26,1000.0,False,0.0,False,0,25.0,2026-08-20,Shioaji authenticated contract info,2026-08-21 04:31:41.282284
3672,STK,OTC,康聯訊,27,1000.0,False,0.0,False,0,12.8,2026-08-20,Shioaji authenticated contract info,2026-08-21 04:31:41.282284
3675,STK,OTC,德微,24,1000.0,False,0.0,False,0,276.5,2026-08-20,Shioaji authenticated contract info,2026-08-21 04:31:41.282284
3680,STK,OTC,家登,24,1000.0,False,0.0,False,0,461.0,2026-08-20,Shioaji authenticated contract info,2026-08-21 04:31:41.283310
3684,STK,OTC,榮昌,27,1000.0,False,0.0,False,0,53.9,2026-08-20,Shioaji authenticated contract info,2026-08-21 04:31:41.283310
3685,STK,OTC,元創精密,05,1000.0,False,0.0,False,0,36.6,2026-08-20,Shioaji authenticated contract info,2026-08-21 04:31:41.283310
3687,STK,OTC,歐買尬,36,1000.0,False,0.0,False,0,65.2,2026-08-20,Shioaji authenticated contract info,2026-08-21 04:31:41.283310
3689,STK,OTC,湧德,28,1000.0,False,0.0,False,0,106.5,2026-08-20,Shioaji authenticated contract info,2026-08-21 04:31:41.283310
3691,STK,OTC,碩禾,26,1000.0,False,0.0,False,0,101.5,2026-08-20,Shioaji authenticated contract info,2026-08-21 04:31:41.283310
3693,STK,OTC,營邦,25,1000.0,False,0.0,False,0,508.0,2026-08-20,Shioaji authenticated contract info,2026-08-21 04:31:41.283310
3707,STK,OTC,漢磊,24,1000.0,False,0.0,False,0,61.4,2026-08-20,Shioaji authenticated contract info,2026-08-21 04:31:41.284907
3709,STK,OTC,鑫聯大投控,25,1000.0,False,0.0,False,0,68.0,2026-08-20,Shioaji authenticated contract info,2026-08-21 04:31:41.284907
3710,STK,OTC,連展投控,28,1000.0,False,0.0,False,1,5.25,2026-08-20,Shioaji authenticated contract info,2026-08-21 04:31:41.284907
3713,STK,OTC,新晶投控,35,1000.0,False,0.0,False,0,14.8,2026-08-20,Shioaji authenticated contract info,2026-08-21 04:31:41.284907
4102,STK,OTC,永日,22,1000.0,False,0.0,False,0,18.9,2026-08-20,Shioaji authenticated contract info,2026-08-21 04:31:41.284907
4105,STK,OTC,東洋,22,1000.0,False,0.0,False,0,77.0,2026-08-20,Shioaji authenticated contract info,2026-08-21 04:31:41.284907
4107,STK,OTC,邦特,22,1000.0,False,0.0,False,0,114.0,2026-08-20,Shioaji authenticated contract info,2026-08-21 04:31:41.286428
4109,STK,OTC,加捷生醫,22,1000.0,False,0.0,False,0,11.25,2026-08-20,Shioaji authenticated contract info,2026-08-21 04:31:41.286428
4111,STK,OTC,濟生,22,1000.0,False,0.0,False,0,30.1,2026-08-20,Shioaji authenticated contract info,2026-08-21 04:31:41.286428
4113,STK,OTC,聯上,14,1000.0,False,0.0,False,0,14.85,2026-08-20,Shioaji authenticated contract info,2026-08-21 04:31:41.286989
4114,STK,OTC,健喬,22,1000.0,False,0.0,False,0,30.25,2026-08-20,Shioaji authenticated contract info,2026-08-21 04:31:41.286989
4116,STK,OTC,明基醫,22,1000.0,False,0.0,False,0,39.2,2026-08-20,Shioaji authenticated contract info,2026-08-21 04:31:41.287508
4120,STK,OTC,友華,22,1000.0,False,0.0,False,0,47.3,2026-08-20,Shioaji authenticated contract info,2026-08-21 04:31:41.287508
4121,STK,OTC,優盛,22,1000.0,False,0.0,False,0,13.05,2026-08-20,Shioaji authenticated contract info,2026-08-21 04:31:41.287508
4123,STK,OTC,晟德,22,1000.0,False,0.0,False,0,32.4,2026-08-20,Shioaji authenticated contract info,2026-08-21 04:31:41.287508
4126,STK,OTC,太醫,22,1000.0,False,0.0,False,0,77.5,2026-08-20,Shioaji authenticated contract info,2026-08-21 04:31:41.287508
4127,STK,OTC,天良,22,1000.0,False,0.0,False,0,88.8,2026-08-20,Shioaji authenticated contract info,2026-08-21 04:31:41.287508
4128,STK,OTC,中天,22,1000.0,False,0.0,False,0,15.0,2026-08-20,Shioaji authenticated contract info,2026-08-21 04:31:41.289043
4129,STK,OTC,聯合,22,1000.0,False,0.0,False,0,87.0,2026-08-20,Shioaji authenticated contract info,2026-08-21 04:31:41.289043
4131,STK,OTC,浩泰,22,1000.0,False,0.0,False,0,32.3,2026-08-20,Shioaji authenticated contract info,2026-08-21 04:31:41.289043
4138,STK,OTC,曜亞,22,1000.0,False,0.0,False,0,51.0,2026-08-20,Shioaji authenticated contract info,2026-08-21 04:31:41.289043
4139,STK,OTC,馬光-KY,22,1000.0,False,0.0,False,0,37.0,2026-08-20,Shioaji authenticated contract info,2026-08-21 04:31:41.289043
4147,STK,OTC,中裕,22,1000.0,False,0.0,False,0,62.4,2026-08-20,Shioaji authenticated contract info,2026-08-21 04:31:41.289043
4153,STK,OTC,鈺緯,22,1000.0,False,0.0,False,0,33.0,2026-08-20,Shioaji authenticated contract info,2026-08-21 04:31:41.289043
4154,STK,OTC,樂威科-KY,20,1000.0,False,0.0,False,0,11.5,2026-08-20,Shioaji authenticated contract info,2026-08-21 04:31:41.290625
4157,STK,OTC,太景*-KY,22,1000.0,False,0.0,False,0,8.77,2026-08-20,Shioaji authenticated contract info,2026-08-21 04:31:41.290625
4160,STK,OTC,訊聯基因,22,1000.0,False,0.0,False,0,39.3,2026-08-20,Shioaji authenticated contract info,2026-08-21 04:31:41.290625
4161,STK,OTC,聿新科,22,1000.0,False,0.0,False,0,22.7,2026-08-20,Shioaji authenticated contract info,2026-08-21 04:31:41.291748
4162,STK,OTC,智擎,22,1000.0,False,0.0,False,0,58.2,2026-08-20,Shioaji authenticated contract info,2026-08-21 04:31:41.291748
4163,STK,OTC,鐿鈦,22,1000.0,False,0.0,False,0,145.5,2026-08-20,Shioaji authenticated contract info,2026-08-21 04:31:41.292256
4166,STK,OTC,友霖,22,1000.0,False,0.0,False,0,24.0,2026-08-20,Shioaji authenticated contract info,2026-08-21 04:31:41.292256
4167,STK,OTC,松瑞藥,22,1000.0,False,0.0,False,0,19.85,2026-08-20,Shioaji authenticated contract info,2026-08-21 04:31:41.292256
4168,STK,OTC,醣聯,22,1000.0,False,0.0,False,0,22.5,2026-08-20,Shioaji authenticated contract info,2026-08-21 04:31:41.292256
4171,STK,OTC,瑞基,33,1000.0,False,0.0,False,0,17.15,2026-08-20,Shioaji authenticated contract info,2026-08-21 04:31:41.292256
4173,STK,OTC,久裕,22,1000.0,False,0.0,False,0,17.35,2026-08-20,Shioaji authenticated contract info,2026-08-21 04:31:41.293785
4174,STK,OTC,浩鼎,22,1000.0,False,0.0,False,0,25.6,2026-08-20,Shioaji authenticated contract info,2026-08-21 04:31:41.293785
4175,STK,OTC,杏一,22,1000.0,False,0.0,False,0,50.4,2026-08-20,Shioaji authenticated contract info,2026-08-21 04:31:41.293785
4183,STK,OTC,福永生技,22,1000.0,False,0.0,False,0,14.1,2026-08-20,Shioaji authenticated contract info,2026-08-21 04:31:41.293785
4188,STK,OTC,安克,22,1000.0,False,0.0,False,0,10.1,2026-08-20,Shioaji authenticated contract info,2026-08-21 04:31:41.293785
4192,STK,OTC,杏國,22,1000.0,False,0.0,False,0,19.45,2026-08-20,Shioaji authenticated contract info,2026-08-21 04:31:41.293785
4198,STK,OTC,欣大健康,22,1000.0,False,0.0,False,0,41.6,2026-08-20,Shioaji authenticated contract info,2026-08-21 04:31:41.295416
4205,STK,OTC,中華食,02,1000.0,False,0.0,False,0,69.0,2026-08-20,Shioaji authenticated contract info,2026-08-21 04:31:41.295416
4207,STK,OTC,環泰,02,1000.0,False,0.0,False,0,20.6,2026-08-20,Shioaji authenticated contract info,2026-08-21 04:31:41.295416
4303,STK,OTC,信立,03,1000.0,False,0.0,False,0,48.4,2026-08-20,Shioaji authenticated contract info,2026-08-21 04:31:41.295416
4304,STK,OTC,勝昱,03,1000.0,False,0.0,False,0,21.3,2026-08-20,Shioaji authenticated contract info,2026-08-21 04:31:41.295416
4305,STK,OTC,世坤,03,1000.0,False,0.0,False,0,43.5,2026-08-20,Shioaji authenticated contract info,2026-08-21 04:31:41.295416
4401,STK,OTC,東隆興,04,1000.0,False,0.0,False,0,14.0,2026-08-20,Shioaji authenticated contract info,2026-08-21 04:31:41.296980
4402,STK,OTC,郡都開發,04,1000.0,False,0.0,False,0,15.75,2026-08-20,Shioaji authenticated contract info,2026-08-21 04:31:41.296980
4406,STK,OTC,新昕纖,04,1000.0,False,0.0,False,0,10.0,2026-08-20,Shioaji authenticated contract info,2026-08-21 04:31:41.298092
4413,STK,OTC,飛寶企業,04,1000.0,False,0.0,False,0,19.6,2026-08-20,Shioaji authenticated contract info,2026-08-21 04:31:41.298092
4416,STK,OTC,三圓,14,1000.0,False,0.0,False,0,12.35,2026-08-20,Shioaji authenticated contract info,2026-08-21 04:31:41.298092
4417,STK,OTC,金洲,04,1000.0,False,0.0,False,0,47.1,2026-08-20,Shioaji authenticated contract info,2026-08-21 04:31:41.298092
4419,STK,OTC,皇家美食,16,1000.0,False,0.0,False,0,46.25,2026-08-20,Shioaji authenticated contract info,2026-08-21 04:31:41.298092
4420,STK,OTC,光明,04,1000.0,False,0.0,False,0,36.25,2026-08-20,Shioaji authenticated contract info,2026-08-21 04:31:41.298092
4430,STK,OTC,耀億,20,1000.0,False,0.0,False,0,18.95,2026-08-20,Shioaji authenticated contract info,2026-08-21 04:31:41.301446
4432,STK,OTC,銘旺實,04,1000.0,False,0.0,False,0,15.6,2026-08-20,Shioaji authenticated contract info,2026-08-21 04:31:41.302555
4433,STK,OTC,興采,04,1000.0,False,0.0,False,0,19.2,2026-08-20,Shioaji authenticated contract info,2026-08-21 04:31:41.302555
4442,STK,OTC,竣邦-KY,04,1000.0,False,0.0,False,0,51.5,2026-08-20,Shioaji authenticated contract info,2026-08-21 04:31:41.302555
4502,STK,OTC,健信,05,1000.0,False,0.0,False,0,15.7,2026-08-20,Shioaji authenticated contract info,2026-08-21 04:31:41.302555
4503,STK,OTC,金雨,05,1000.0,False,0.0,False,0,24.25,2026-08-20,Shioaji authenticated contract info,2026-08-21 04:31:41.302555
4506,STK,OTC,崇友,05,1000.0,False,0.0,False,0,122.0,2026-08-20,Shioaji authenticated contract info,2026-08-21 04:31:41.304142
4510,STK,OTC,高鋒,05,1000.0,False,0.0,False,0,46.15,2026-08-20,Shioaji authenticated contract info,2026-08-21 04:31:41.304142
4513,STK,OTC,福裕,05,1000.0,False,0.0,False,0,16.45,2026-08-20,Shioaji authenticated contract info,2026-08-21 04:31:41.304142
4523,STK,OTC,永彰,05,1000.0,False,0.0,False,0,24.1,2026-08-20,Shioaji authenticated contract info,2026-08-21 04:31:41.304678
4527,STK,OTC,方土霖,05,1000.0,False,0.0,False,0,40.9,2026-08-20,Shioaji authenticated contract info,2026-08-21 04:31:41.304678
4528,STK,OTC,江興鍛,05,1000.0,False,0.0,False,0,15.05,2026-08-20,Shioaji authenticated contract info,2026-08-21 04:31:41.304678
4529,STK,OTC,淳紳,20,1000.0,False,0.0,False,2,3.25,2026-08-20,Shioaji authenticated contract info,2026-08-21 04:31:41.304678
4530,STK,OTC,宏易,16,1000.0,False,0.0,False,0,26.8,2026-08-20,Shioaji authenticated contract info,2026-08-21 04:31:41.305713
4533,STK,OTC,協易機,05,1000.0,False,0.0,False,0,25.9,2026-08-20,Shioaji authenticated contract info,2026-08-21 04:31:41.305713
4534,STK,OTC,慶騰,05,1000.0,False,0.0,False,0,30.1,2026-08-20,Shioaji authenticated contract info,2026-08-21 04:31:41.305713
4535,STK,OTC,至興,05,1000.0,False,0.0,False,0,28.45,2026-08-20,Shioaji authenticated contract info,2026-08-21 04:31:41.305713
4538,STK,OTC,大詠城,05,1000.0,False,0.0,False,0,17.25,2026-08-20,Shioaji authenticated contract info,2026-08-21 04:31:41.305713
4541,STK,OTC,晟田,20,1000.0,False,0.0,True,0,67.6,2026-08-20,Shioaji authenticated contract info,2026-08-21 04:31:41.305713
4542,STK,OTC,科嶠,28,1000.0,False,0.0,False,0,254.0,2026-08-20,Shioaji authenticated contract info,2026-08-21 04:31:41.307246
4543,STK,OTC,萬在,05,1000.0,False,0.0,False,0,32.05,2026-08-20,Shioaji authenticated contract info,2026-08-21 04:31:41.307246
4549,STK,OTC,桓達,05,1000.0,False,0.0,False,0,100.0,2026-08-20,Shioaji authenticated contract info,2026-08-21 04:31:41.307246
4550,STK,OTC,長佳,05,1000.0,False,0.0,False,0,24.35,2026-08-20,Shioaji authenticated contract info,2026-08-21 04:31:41.308323
4554,STK,OTC,橙的,31,1000.0,False,0.0,False,0,31.8,2026-08-20,Shioaji authenticated contract info,2026-08-21 04:31:41.308323
4556,STK,OTC,旭然,20,1000.0,False,0.0,False,0,76.5,2026-08-20,Shioaji authenticated contract info,2026-08-21 04:31:41.308831
4558,STK,OTC,寶緯,05,1000.0,False,0.0,False,0,16.75,2026-08-20,Shioaji authenticated contract info,2026-08-21 04:31:41.308831
4561,STK,OTC,健椿,05,1000.0,False,0.0,False,0,47.3,2026-08-20,Shioaji authenticated contract info,2026-08-21 04:31:41.308831
4563,STK,OTC,百德,05,1000.0,False,0.0,False,0,39.45,2026-08-20,Shioaji authenticated contract info,2026-08-21 04:31:41.308831
4568,STK,OTC,科際精密,05,1000.0,False,0.0,False,0,39.4,2026-08-20,Shioaji authenticated contract info,2026-08-21 04:31:41.308831
4577,STK,OTC,達航科技,31,1000.0,False,0.0,False,0,76.4,2026-08-20,Shioaji authenticated contract info,2026-08-21 04:31:41.310377
4580,STK,OTC,捷流閥業,05,1000.0,False,0.0,False,0,78.8,2026-08-20,Shioaji authenticated contract info,2026-08-21 04:31:41.310377
4584,STK,OTC,君帆,05,1000.0,False,0.0,False,0,39.0,2026-08-20,Shioaji authenticated contract info,2026-08-21 04:31:41.310377
4609,STK,OTC,唐鋒,38,1000.0,False,0.0,False,2,4.57,2026-08-20,Shioaji authenticated contract info,2026-08-21 04:31:41.310377
4702,STK,OTC,中美實,38,1000.0,False,0.0,False,0,9.77,2026-08-20,Shioaji authenticated contract info,2026-08-21 04:31:41.311902
4706,STK,OTC,大恭,21,1000.0,False,0.0,False,0,32.5,2026-08-20,Shioaji authenticated contract info,2026-08-21 04:31:41.311902
4707,STK,OTC,磐亞,21,1000.0,False,0.0,False,0,31.4,2026-08-20,Shioaji authenticated contract info,2026-08-21 04:31:41.311902
4711,STK,OTC,永純,21,1000.0,False,0.0,False,0,16.7,2026-08-20,Shioaji authenticated contract info,2026-08-21 04:31:41.311902
4714,STK,OTC,永捷,21,1000.0,False,0.0,False,0,10.45,2026-08-20,Shioaji authenticated contract info,2026-08-21 04:31:41.311902
4716,STK,OTC,大立,21,1000.0,False,0.0,False,0,16.85,2026-08-20,Shioaji authenticated contract info,2026-08-21 04:31:41.311902
4721,STK,OTC,美琪瑪,21,1000.0,False,0.0,True,0,73.1,2026-08-20,Shioaji authenticated contract info,2026-08-21 04:31:41.311902
4726,STK,OTC,永昕,22,1000.0,False,0.0,False,0,24.3,2026-08-20,Shioaji authenticated contract info,2026-08-21 04:31:41.313620
4728,STK,OTC,雙美,22,1000.0,False,0.0,False,0,395.5,2026-08-20,Shioaji authenticated contract info,2026-08-21 04:31:41.314415
4729,STK,OTC,熒茂,26,1000.0,False,0.0,False,0,18.9,2026-08-20,Shioaji authenticated contract info,2026-08-21 04:31:41.314926
4735,STK,OTC,豪展,22,1000.0,False,0.0,False,0,39.75,2026-08-20,Shioaji authenticated contract info,2026-08-21 04:31:41.314926
4741,STK,OTC,泓瀚,21,1000.0,False,0.0,False,0,41.55,2026-08-20,Shioaji authenticated contract info,2026-08-21 04:31:41.315953
4743,STK,OTC,合一,22,1000.0,False,0.0,False,0,47.35,2026-08-20,Shioaji authenticated contract info,2026-08-21 04:31:41.316481
4744,STK,OTC,皇將,22,1000.0,False,0.0,False,0,28.0,2026-08-20,Shioaji authenticated contract info,2026-08-21 04:31:41.316481
4745,STK,OTC,合富-KY,22,1000.0,False,0.0,False,0,11.7,2026-08-20,Shioaji authenticated contract info,2026-08-21 04:31:41.317551
4747,STK,OTC,強生,22,1000.0,False,,False,,53.0,2026-08-19,Shioaji authenticated contract info,2026-08-21 04:31:41.317551
4749,STK,OTC,新應材,24,1000.0,False,0.0,False,0,759.0,2026-08-20,Shioaji authenticated contract info,2026-08-21 04:31:41.319279
4754,STK,OTC,國碳科,21,1000.0,False,0.0,False,0,38.1,2026-08-20,Shioaji authenticated contract info,2026-08-21 04:31:41.319279
4760,STK,OTC,勤凱,31,1000.0,False,0.0,False,0,250.0,2026-08-20,Shioaji authenticated contract info,2026-08-21 04:31:41.319815
4767,STK,OTC,誠泰科技,21,1000.0,False,0.0,False,0,27.5,2026-08-20,Shioaji authenticated contract info,2026-08-21 04:31:41.319815
4768,STK,OTC,晶呈科技,21,1000.0,False,0.0,False,0,298.0,2026-08-20,Shioaji authenticated contract info,2026-08-21 04:31:41.319815
4772,STK,OTC,台特化,21,1000.0,False,0.0,False,0,247.5,2026-08-20,Shioaji authenticated contract info,2026-08-21 04:31:41.320841
4806,STK,OTC,桂田文創,32,1000.0,False,0.0,False,0,8.95,2026-08-20,Shioaji authenticated contract info,2026-08-21 04:31:41.546790
4903,STK,OTC,聯光通,27,1000.0,False,0.0,False,0,34.55,2026-08-20,Shioaji authenticated contract info,2026-08-21 04:31:41.546790
4905,STK,OTC,台聯電,22,1000.0,False,0.0,False,0,90.2,2026-08-20,Shioaji authenticated contract info,2026-08-21 04:31:41.546790
4907,STK,OTC,富宇,14,1000.0,False,0.0,False,0,47.05,2026-08-20,Shioaji authenticated contract info,2026-08-21 04:31:41.546790
4908,STK,OTC,前鼎,27,1000.0,False,0.0,False,0,151.5,2026-08-20,Shioaji authenticated contract info,2026-08-21 04:31:41.546790
4909,STK,OTC,新復興,27,1000.0,False,0.0,False,0,37.1,2026-08-20,Shioaji authenticated contract info,2026-08-21 04:31:41.546790
4911,STK,OTC,德英,22,1000.0,False,0.0,False,0,27.75,2026-08-20,Shioaji authenticated contract info,2026-08-21 04:31:41.548365
4923,STK,OTC,力士,24,1000.0,False,0.0,False,0,53.4,2026-08-20,Shioaji authenticated contract info,2026-08-21 04:31:41.548365
4924,STK,OTC,欣厚-KY,35,1000.0,False,0.0,False,0,9.55,2026-08-20,Shioaji authenticated contract info,2026-08-21 04:31:41.548365
4931,STK,OTC,新盛力,25,1000.0,False,1.0,False,0,268.0,2026-08-20,Shioaji authenticated contract info,2026-08-21 04:31:41.548365
4933,STK,OTC,友輝,26,1000.0,False,0.0,False,0,53.0,2026-08-20,Shioaji authenticated contract info,2026-08-21 04:31:41.548365
4939,STK,OTC,亞電,28,1000.0,False,0.0,True,0,60.5,2026-08-20,Shioaji authenticated contract info,2026-08-21 04:31:41.548365
4946,STK,OTC,辣椒,32,1000.0,False,0.0,False,0,89.7,2026-08-20,Shioaji authenticated contract info,2026-08-21 04:31:41.549883
4950,STK,OTC,金耘國際,10,1000.0,False,0.0,False,0,16.05,2026-08-20,Shioaji authenticated contract info,2026-08-21 04:31:41.549883
4951,STK,OTC,精拓科,24,1000.0,False,0.0,False,0,76.5,2026-08-20,Shioaji authenticated contract info,2026-08-21 04:31:41.549883
4953,STK,OTC,緯致,30,1000.0,False,0.0,False,0,123.0,2026-08-20,Shioaji authenticated contract info,2026-08-21 04:31:41.549883
4966,STK,OTC,譜瑞-KY,24,1000.0,False,0.0,False,0,573.0,2026-08-20,Shioaji authenticated contract info,2026-08-21 04:31:41.549883
4971,STK,OTC,IET-KY,24,1000.0,False,0.0,True,0,528.0,2026-08-20,Shioaji authenticated contract info,2026-08-21 04:31:41.549883
4972,STK,OTC,湯石照明,26,1000.0,False,0.0,False,0,16.5,2026-08-20,Shioaji authenticated contract info,2026-08-21 04:31:41.549883
4973,STK,OTC,廣穎,24,1000.0,False,0.0,False,0,150.5,2026-08-20,Shioaji authenticated contract info,2026-08-21 04:31:41.551459
4974,STK,OTC,亞泰,28,1000.0,False,0.0,False,0,68.2,2026-08-20,Shioaji authenticated contract info,2026-08-21 04:31:41.551459
4979,STK,OTC,華星光,27,1000.0,False,2.0,False,0,529.0,2026-08-20,Shioaji authenticated contract info,2026-08-21 04:31:41.551459
4991,STK,OTC,環宇-KY,24,1000.0,False,2.0,False,0,486.5,2026-08-20,Shioaji authenticated contract info,2026-08-21 04:31:41.551459
4995,STK,OTC,晶達,26,1000.0,False,0.0,False,0,49.1,2026-08-20,Shioaji authenticated contract info,2026-08-21 04:31:41.551459
5009,STK,OTC,榮剛,10,1000.0,False,0.0,False,0,33.2,2026-08-20,Shioaji authenticated contract info,2026-08-21 04:31:41.551459
5011,STK,OTC,久陽,10,1000.0,False,0.0,False,0,17.3,2026-08-20,Shioaji authenticated contract info,2026-08-21 04:31:41.553019
5013,STK,OTC,強新,10,1000.0,False,0.0,False,0,26.3,2026-08-20,Shioaji authenticated contract info,2026-08-21 04:31:41.553019
5014,STK,OTC,建錩,10,1000.0,False,0.0,False,0,10.1,2026-08-20,Shioaji authenticated contract info,2026-08-21 04:31:41.553019
5015,STK,OTC,華祺,10,1000.0,False,0.0,False,0,21.55,2026-08-20,Shioaji authenticated contract info,2026-08-21 04:31:41.553019
5016,STK,OTC,松和,10,1000.0,False,0.0,False,0,24.7,2026-08-20,Shioaji authenticated contract info,2026-08-21 04:31:41.553019
5201,STK,OTC,凱衛,30,1000.0,False,0.0,False,0,27.2,2026-08-20,Shioaji authenticated contract info,2026-08-21 04:31:41.553019
5202,STK,OTC,力新,30,1000.0,False,0.0,False,0,11.8,2026-08-20,Shioaji authenticated contract info,2026-08-21 04:31:41.553019
5205,STK,OTC,中茂,35,1000.0,False,0.0,False,0,20.65,2026-08-20,Shioaji authenticated contract info,2026-08-21 04:31:41.554553
5206,STK,OTC,坤悅,14,1000.0,False,0.0,False,0,23.0,2026-08-20,Shioaji authenticated contract info,2026-08-21 04:31:41.554553
5209,STK,OTC,新鼎,20,1000.0,False,0.0,False,0,161.5,2026-08-20,Shioaji authenticated contract info,2026-08-21 04:31:41.554553
5210,STK,OTC,寶碩,30,1000.0,False,0.0,False,0,28.65,2026-08-20,Shioaji authenticated contract info,2026-08-21 04:31:41.554553
5211,STK,OTC,蒙恬,30,1000.0,False,0.0,False,0,19.2,2026-08-20,Shioaji authenticated contract info,2026-08-21 04:31:41.554553
5212,STK,OTC,凌網,30,1000.0,False,0.0,False,0,46.8,2026-08-20,Shioaji authenticated contract info,2026-08-21 04:31:41.554553
5213,STK,OTC,亞昕,14,1000.0,False,0.0,False,0,21.1,2026-08-20,Shioaji authenticated contract info,2026-08-21 04:31:41.554553
5220,STK,OTC,萬達光電,26,1000.0,False,0.0,False,0,20.0,2026-08-20,Shioaji authenticated contract info,2026-08-21 04:31:41.556105
5223,STK,OTC,安力-KY,25,1000.0,False,0.0,False,0,23.6,2026-08-20,Shioaji authenticated contract info,2026-08-21 04:31:41.556105
5227,STK,OTC,立凱-KY,28,1000.0,False,0.0,False,0,31.5,2026-08-20,Shioaji authenticated contract info,2026-08-21 04:31:41.556105
5228,STK,OTC,鈺鎧,28,1000.0,False,0.0,False,0,42.55,2026-08-20,Shioaji authenticated contract info,2026-08-21 04:31:41.556105
5230,STK,OTC,雷笛克光學,26,1000.0,False,0.0,False,0,17.55,2026-08-20,Shioaji authenticated contract info,2026-08-21 04:31:41.556105
5245,STK,OTC,智晶,26,1000.0,False,0.0,False,0,23.15,2026-08-20,Shioaji authenticated contract info,2026-08-21 04:31:41.556105
5251,STK,OTC,天鉞電,26,1000.0,False,0.0,False,0,24.9,2026-08-20,Shioaji authenticated contract info,2026-08-21 04:31:41.556105
5263,STK,OTC,智崴,32,1000.0,False,0.0,False,0,88.0,2026-08-20,Shioaji authenticated contract info,2026-08-21 04:31:41.557647
5272,STK,OTC,笙科,24,1000.0,False,0.0,False,0,17.25,2026-08-20,Shioaji authenticated contract info,2026-08-21 04:31:41.558154
5274,STK,OTC,信驊,24,1000.0,False,0.0,False,0,15830.0,2026-08-20,Shioaji authenticated contract info,2026-08-21 04:31:41.558154
5276,STK,OTC,達輝-KY,20,1000.0,False,0.0,False,0,19.65,2026-08-20,Shioaji authenticated contract info,2026-08-21 04:31:41.558154
5278,STK,OTC,尚凡*,36,1000.0,False,0.0,False,0,24.3,2026-08-20,Shioaji authenticated contract info,2026-08-21 04:31:41.559666
5287,STK,OTC,數字,36,1000.0,False,0.0,False,0,153.5,2026-08-20,Shioaji authenticated contract info,2026-08-21 04:31:41.559666
5289,STK,OTC,宜鼎,25,1000.0,False,0.0,False,0,1515.0,2026-08-20,Shioaji authenticated contract info,2026-08-21 04:31:41.560678
5291,STK,OTC,邑昇,28,1000.0,False,0.0,False,0,55.0,2026-08-20,Shioaji authenticated contract info,2026-08-21 04:31:41.560678
5299,STK,OTC,杰力,24,1000.0,False,0.0,False,0,99.6,2026-08-20,Shioaji authenticated contract info,2026-08-21 04:31:41.562208
5301,STK,OTC,寶得利,16,1000.0,False,0.0,False,1,5.5,2026-08-20,Shioaji authenticated contract info,2026-08-21 04:31:41.562734
5302,STK,OTC,太欣,24,1000.0,False,0.0,False,0,10.3,2026-08-20,Shioaji authenticated contract info,2026-08-21 04:31:41.562734
5309,STK,OTC,系統電,28,1000.0,False,0.0,False,0,52.7,2026-08-20,Shioaji authenticated contract info,2026-08-21 04:31:41.562734
5310,STK,OTC,天剛,30,1000.0,False,0.0,False,0,25.5,2026-08-20,Shioaji authenticated contract info,2026-08-21 04:31:41.562734
5312,STK,OTC,寶島科,22,1000.0,False,0.0,False,0,90.6,2026-08-20,Shioaji authenticated contract info,2026-08-21 04:31:41.562734
5314,STK,OTC,世紀*,20,1000.0,False,0.0,True,0,21.5,2026-08-20,Shioaji authenticated contract info,2026-08-21 04:31:41.564650
5315,STK,OTC,光聯,26,1000.0,False,0.0,False,0,19.05,2026-08-20,Shioaji authenticated contract info,2026-08-21 04:31:41.564650
5321,STK,OTC,美而快,36,1000.0,False,0.0,False,0,71.0,2026-08-20,Shioaji authenticated contract info,2026-08-21 04:31:41.564650
5324,STK,OTC,士開,14,1000.0,False,0.0,False,0,12.3,2026-08-20,Shioaji authenticated contract info,2026-08-21 04:31:41.566161
5328,STK,OTC,華容,28,1000.0,False,0.0,False,0,63.1,2026-08-20,Shioaji authenticated contract info,2026-08-21 04:31:41.566541
5340,STK,OTC,建榮,28,1000.0,False,0.0,False,0,75.8,2026-08-20,Shioaji authenticated contract info,2026-08-21 04:31:41.566541
5344,STK,OTC,立衛,24,1000.0,False,0.0,False,0,13.65,2026-08-20,Shioaji authenticated contract info,2026-08-21 04:31:41.568681
5345,STK,OTC,馥鴻,20,1000.0,False,0.0,False,0,21.45,2026-08-20,Shioaji authenticated contract info,2026-08-21 04:31:41.569814
5347,STK,OTC,世界,24,1000.0,False,0.0,False,0,151.5,2026-08-20,Shioaji authenticated contract info,2026-08-21 04:31:41.569814
5348,STK,OTC,正能量智能,37,1000.0,False,0.0,False,0,16.75,2026-08-20,Shioaji authenticated contract info,2026-08-21 04:31:41.569814
5351,STK,OTC,鈺創,24,1000.0,False,0.0,False,0,126.5,2026-08-20,Shioaji authenticated contract info,2026-08-21 04:31:41.570836
5353,STK,OTC,台林,27,1000.0,False,0.0,False,0,27.9,2026-08-20,Shioaji authenticated contract info,2026-08-21 04:31:41.570836
5355,STK,OTC,佳總,28,1000.0,False,0.0,False,1,5.65,2026-08-20,Shioaji authenticated contract info,2026-08-21 04:31:41.570836
5356,STK,OTC,協益,25,1000.0,False,0.0,False,0,25.95,2026-08-20,Shioaji authenticated contract info,2026-08-21 04:31:41.570836
5364,STK,OTC,力麗店,16,1000.0,False,0.0,False,0,8.51,2026-08-20,Shioaji authenticated contract info,2026-08-21 04:31:41.570836
5371,STK,OTC,中光電,26,1000.0,False,0.0,False,0,84.3,2026-08-20,Shioaji authenticated contract info,2026-08-21 04:31:41.570836
5381,STK,OTC,光譜,05,1000.0,False,0.0,False,0,23.7,2026-08-20,Shioaji authenticated contract info,2026-08-21 04:31:41.572387
5386,STK,OTC,青雲,25,1000.0,False,0.0,False,0,230.5,2026-08-20,Shioaji authenticated contract info,2026-08-21 04:31:41.572387
5392,STK,OTC,能率,26,1000.0,False,0.0,False,0,45.3,2026-08-20,Shioaji authenticated contract info,2026-08-21 04:31:41.572387
5398,STK,OTC,慕康生醫,20,1000.0,False,0.0,False,0,14.2,2026-08-20,Shioaji authenticated contract info,2026-08-21 04:31:41.572387
5403,STK,OTC,中菲,30,1000.0,False,0.0,False,0,92.1,2026-08-20,Shioaji authenticated contract info,2026-08-21 04:31:41.572387
5410,STK,OTC,國眾,30,1000.0,False,0.0,False,0,35.8,2026-08-20,Shioaji authenticated contract info,2026-08-21 04:31:41.572387
5425,STK,OTC,台半,24,1000.0,False,0.0,False,0,91.8,2026-08-20,Shioaji authenticated contract info,2026-08-21 04:31:41.572387
5426,STK,OTC,振發,25,1000.0,False,0.0,False,0,27.2,2026-08-20,Shioaji authenticated contract info,2026-08-21 04:31:41.574265
5432,STK,OTC,新門,35,1000.0,False,0.0,False,0,149.0,2026-08-20,Shioaji authenticated contract info,2026-08-21 04:31:41.574265
5438,STK,OTC,東友,25,1000.0,False,0.0,False,0,16.95,2026-08-20,Shioaji authenticated contract info,2026-08-21 04:31:41.574265
5439,STK,OTC,高技,28,1000.0,False,0.0,False,0,234.5,2026-08-20,Shioaji authenticated contract info,2026-08-21 04:31:41.575244
5443,STK,OTC,均豪,24,1000.0,False,0.0,False,0,104.5,2026-08-20,Shioaji authenticated contract info,2026-08-21 04:31:41.575757
5450,STK,OTC,南良,20,1000.0,False,0.0,False,0,15.15,2026-08-20,Shioaji authenticated contract info,2026-08-21 04:31:41.576216
5452,STK,OTC,佶優,31,1000.0,False,0.0,False,0,26.7,2026-08-20,Shioaji authenticated contract info,2026-08-21 04:31:41.576216
5455,STK,OTC,昇益,14,1000.0,False,0.0,False,0,29.6,2026-08-20,Shioaji authenticated contract info,2026-08-21 04:31:41.576216
5457,STK,OTC,宣德,28,1000.0,False,0.0,False,0,26.75,2026-08-20,Shioaji authenticated contract info,2026-08-21 04:31:41.577532
5460,STK,OTC,同協,28,1000.0,False,0.0,False,0,16.0,2026-08-20,Shioaji authenticated contract info,2026-08-21 04:31:41.577532
5464,STK,OTC,霖宏,28,1000.0,False,0.0,False,0,70.7,2026-08-20,Shioaji authenticated contract info,2026-08-21 04:31:41.577532
5465,STK,OTC,富驊,25,1000.0,False,0.0,False,0,24.25,2026-08-20,Shioaji authenticated contract info,2026-08-21 04:31:41.578539
5468,STK,OTC,凱鈺,24,1000.0,False,0.0,False,0,27.9,2026-08-20,Shioaji authenticated contract info,2026-08-21 04:31:41.578539
5474,STK,OTC,聰泰,25,1000.0,False,0.0,False,0,159.5,2026-08-20,Shioaji authenticated contract info,2026-08-21 04:31:41.578539
5475,STK,OTC,德宏,28,1000.0,False,2.0,True,0,180.0,2026-08-20,Shioaji authenticated contract info,2026-08-21 04:31:41.578539
5478,STK,OTC,智冠,32,1000.0,False,0.0,False,0,98.8,2026-08-20,Shioaji authenticated contract info,2026-08-21 04:31:41.578539
5481,STK,OTC,新華,20,1000.0,False,0.0,False,0,19.35,2026-08-20,Shioaji authenticated contract info,2026-08-21 04:31:41.578539
5483,STK,OTC,中美晶,24,1000.0,False,0.0,False,0,176.5,2026-08-20,Shioaji authenticated contract info,2026-08-21 04:31:41.578539
5487,STK,OTC,通泰,24,1000.0,False,0.0,False,0,29.1,2026-08-20,Shioaji authenticated contract info,2026-08-21 04:31:41.580096
5488,STK,OTC,松普,28,1000.0,False,0.0,False,0,12.35,2026-08-20,Shioaji authenticated contract info,2026-08-21 04:31:41.581541
5489,STK,OTC,彩富,31,1000.0,False,0.0,False,0,41.3,2026-08-20,Shioaji authenticated contract info,2026-08-21 04:31:41.581541
5490,STK,OTC,同亨,25,1000.0,False,0.0,False,0,29.8,2026-08-20,Shioaji authenticated contract info,2026-08-21 04:31:41.581541
5493,STK,OTC,三聯,31,1000.0,False,0.0,False,0,78.4,2026-08-20,Shioaji authenticated contract info,2026-08-21 04:31:41.581541
5498,STK,OTC,凱崴,28,1000.0,False,0.0,False,0,49.2,2026-08-20,Shioaji authenticated contract info,2026-08-21 04:31:41.581541
5508,STK,OTC,永信建,14,1000.0,False,0.0,False,0,52.2,2026-08-20,Shioaji authenticated contract info,2026-08-21 04:31:41.583982
5511,STK,OTC,德昌,14,1000.0,False,0.0,False,0,71.0,2026-08-20,Shioaji authenticated contract info,2026-08-21 04:31:41.584615
5512,STK,OTC,力麒,14,1000.0,False,0.0,False,0,7.79,2026-08-20,Shioaji authenticated contract info,2026-08-21 04:31:41.585669
5514,STK,OTC,三豐,14,1000.0,False,0.0,False,0,14.6,2026-08-20,Shioaji authenticated contract info,2026-08-21 04:31:41.585669
5516,STK,OTC,雙喜,14,1000.0,False,0.0,False,0,11.7,2026-08-20,Shioaji authenticated contract info,2026-08-21 04:31:41.586721
5520,STK,OTC,力泰,14,1000.0,False,0.0,False,0,82.4,2026-08-20,Shioaji authenticated contract info,2026-08-21 04:31:41.587245
5523,STK,OTC,豐謙,14,1000.0,False,0.0,False,0,30.35,2026-08-20,Shioaji authenticated contract info,2026-08-21 04:31:41.587245
5529,STK,OTC,鉅陞,14,1000.0,False,0.0,False,0,20.95,2026-08-20,Shioaji authenticated contract info,2026-08-21 04:31:41.587245
5530,STK,OTC,龍巖,20,1000.0,False,0.0,False,0,49.9,2026-08-20,Shioaji authenticated contract info,2026-08-21 04:31:41.587245
5536,STK,OTC,聖暉*,31,1000.0,False,0.0,False,0,873.0,2026-08-20,Shioaji authenticated contract info,2026-08-21 04:31:41.587245
5543,STK,OTC,桓鼎-KY,14,1000.0,False,0.0,False,0,24.05,2026-08-20,Shioaji authenticated contract info,2026-08-21 04:31:41.587245
5547,STK,OTC,久舜,14,1000.0,False,0.0,False,0,19.95,2026-08-20,Shioaji authenticated contract info,2026-08-21 04:31:41.587245
5548,STK,OTC,安倉,14,1000.0,False,0.0,False,0,20.55,2026-08-20,Shioaji authenticated contract info,2026-08-21 04:31:41.588836
5601,STK,OTC,台聯櫃,15,1000.0,False,0.0,False,0,30.25,2026-08-20,Shioaji authenticated contract info,2026-08-21 04:31:41.588836
5603,STK,OTC,陸海,15,1000.0,False,0.0,False,0,14.4,2026-08-20,Shioaji authenticated contract info,2026-08-21 04:31:41.588836
5604,STK,OTC,中連,20,1000.0,False,0.0,False,0,30.6,2026-08-20,Shioaji authenticated contract info,2026-08-21 04:31:41.588836
5609,STK,OTC,中菲行,15,1000.0,False,0.0,False,0,77.3,2026-08-20,Shioaji authenticated contract info,2026-08-21 04:31:41.588836
5701,STK,OTC,劍湖山,16,1000.0,False,0.0,False,1,4.19,2026-08-20,Shioaji authenticated contract info,2026-08-21 04:31:41.588836
5703,STK,OTC,亞都,16,1000.0,False,0.0,False,0,14.95,2026-08-20,Shioaji authenticated contract info,2026-08-21 04:31:41.588836
5704,STK,OTC,老爺知,16,1000.0,False,0.0,False,0,22.4,2026-08-20,Shioaji authenticated contract info,2026-08-21 04:31:41.590378
5864,STK,OTC,致和證,17,1000.0,False,0.0,False,0,32.7,2026-08-20,Shioaji authenticated contract info,2026-08-21 04:31:41.590378
5878,STK,OTC,台名,17,1000.0,False,0.0,False,0,38.6,2026-08-20,Shioaji authenticated contract info,2026-08-21 04:31:41.590378
5902,STK,OTC,德記,38,1000.0,False,0.0,False,0,34.4,2026-08-20,Shioaji authenticated contract info,2026-08-21 04:31:41.591629
5903,STK,OTC,全家,38,1000.0,False,0.0,False,0,185.0,2026-08-20,Shioaji authenticated contract info,2026-08-21 04:31:41.591629
5904,STK,OTC,寶雅*,38,1000.0,False,0.0,True,0,78.0,2026-08-20,Shioaji authenticated contract info,2026-08-21 04:31:41.591629
5905,STK,OTC,南仁湖,16,1000.0,False,0.0,False,0,7.9,2026-08-20,Shioaji authenticated contract info,2026-08-21 04:31:41.591629
6015,STK,OTC,宏遠證,17,1000.0,False,0.0,False,0,15.45,2026-08-20,Shioaji authenticated contract info,2026-08-21 04:31:41.591629
6016,STK,OTC,康和證,17,1000.0,False,0.0,False,0,19.15,2026-08-20,Shioaji authenticated contract info,2026-08-21 04:31:41.593213
6020,STK,OTC,大展證,17,1000.0,False,0.0,False,0,20.35,2026-08-20,Shioaji authenticated contract info,2026-08-21 04:31:41.593213
6021,STK,OTC,美好證,17,1000.0,False,0.0,False,0,35.9,2026-08-20,Shioaji authenticated contract info,2026-08-21 04:31:41.593213
6023,STK,OTC,元大期,17,1000.0,False,0.0,False,0,83.5,2026-08-20,Shioaji authenticated contract info,2026-08-21 04:31:41.593213
6026,STK,OTC,福邦證,17,1000.0,False,0.0,False,0,14.5,2026-08-20,Shioaji authenticated contract info,2026-08-21 04:31:41.594233
6028,STK,OTC,公勝保經,17,1000.0,False,0.0,False,0,99.5,2026-08-20,Shioaji authenticated contract info,2026-08-21 04:31:41.594744
6101,STK,OTC,寬魚國際,32,1000.0,False,0.0,False,0,38.0,2026-08-20,Shioaji authenticated contract info,2026-08-21 04:31:41.594744
6103,STK,OTC,合邦,24,1000.0,False,0.0,False,0,28.2,2026-08-20,Shioaji authenticated contract info,2026-08-21 04:31:41.594744
6104,STK,OTC,創惟,24,1000.0,False,0.0,False,0,92.5,2026-08-20,Shioaji authenticated contract info,2026-08-21 04:31:41.594744
6109,STK,OTC,亞元,27,1000.0,False,0.0,False,0,11.1,2026-08-20,Shioaji authenticated contract info,2026-08-21 04:31:41.594744
6111,STK,OTC,光聚晶電,32,1000.0,False,0.0,False,0,35.7,2026-08-20,Shioaji authenticated contract info,2026-08-21 04:31:41.596318
6113,STK,OTC,亞矽,29,1000.0,False,0.0,False,0,23.15,2026-08-20,Shioaji authenticated contract info,2026-08-21 04:31:41.596318
6114,STK,OTC,久威,28,1000.0,False,0.0,False,0,24.5,2026-08-20,Shioaji authenticated contract info,2026-08-21 04:31:41.596318
6118,STK,OTC,建達,29,1000.0,False,0.0,False,0,15.3,2026-08-20,Shioaji authenticated contract info,2026-08-21 04:31:41.596318
6121,STK,OTC,新普,25,1000.0,False,0.0,False,0,401.5,2026-08-20,Shioaji authenticated contract info,2026-08-21 04:31:41.597840
6122,STK,OTC,擎邦,05,1000.0,False,0.0,False,0,47.3,2026-08-20,Shioaji authenticated contract info,2026-08-21 04:31:41.597840
6123,STK,OTC,上奇,30,1000.0,False,0.0,False,0,42.85,2026-08-20,Shioaji authenticated contract info,2026-08-21 04:31:41.599621
6124,STK,OTC,業強,28,1000.0,False,0.0,False,0,27.0,2026-08-20,Shioaji authenticated contract info,2026-08-21 04:31:41.600733
6125,STK,OTC,廣運,05,1000.0,False,0.0,False,0,51.9,2026-08-20,Shioaji authenticated contract info,2026-08-21 04:31:41.602507
6126,STK,OTC,信音,28,1000.0,False,0.0,False,0,29.45,2026-08-20,Shioaji authenticated contract info,2026-08-21 04:31:41.602507
6127,STK,OTC,九豪,28,1000.0,False,0.0,False,0,49.7,2026-08-20,Shioaji authenticated contract info,2026-08-21 04:31:41.602507
6129,STK,OTC,普誠,24,1000.0,False,0.0,False,0,13.7,2026-08-20,Shioaji authenticated contract info,2026-08-21 04:31:41.604179
6130,STK,OTC,上亞科技,22,1000.0,False,0.0,False,0,28.4,2026-08-20,Shioaji authenticated contract info,2026-08-21 04:31:41.604179
6134,STK,OTC,萬旭,28,1000.0,False,0.0,False,0,27.75,2026-08-20,Shioaji authenticated contract info,2026-08-21 04:31:41.604700
6138,STK,OTC,茂達,24,1000.0,False,0.0,False,0,297.0,2026-08-20,Shioaji authenticated contract info,2026-08-21 04:31:41.604700
6140,STK,OTC,訊達,30,1000.0,False,0.0,False,0,16.3,2026-08-20,Shioaji authenticated contract info,2026-08-21 04:31:41.604700
6143,STK,OTC,振曜,27,1000.0,False,0.0,False,0,89.3,2026-08-20,Shioaji authenticated contract info,2026-08-21 04:31:41.604700
6144,STK,OTC,得利影,32,1000.0,False,0.0,False,0,13.5,2026-08-20,Shioaji authenticated contract info,2026-08-21 04:31:41.605728
6146,STK,OTC,耕興,31,1000.0,False,0.0,False,0,195.5,2026-08-20,Shioaji authenticated contract info,2026-08-21 04:31:41.605728
6147,STK,OTC,頎邦,24,1000.0,False,0.0,False,0,161.5,2026-08-20,Shioaji authenticated contract info,2026-08-21 04:31:41.605728
6148,STK,OTC,驊宏資,30,1000.0,False,0.0,False,0,27.6,2026-08-20,Shioaji authenticated contract info,2026-08-21 04:31:41.605728
6150,STK,OTC,撼訊,25,1000.0,False,0.0,False,0,59.0,2026-08-20,Shioaji authenticated contract info,2026-08-21 04:31:41.605728
6151,STK,OTC,晉倫,31,1000.0,False,0.0,False,0,36.0,2026-08-20,Shioaji authenticated contract info,2026-08-21 04:31:41.606869
6154,STK,OTC,順發,29,1000.0,False,0.0,False,0,13.95,2026-08-20,Shioaji authenticated contract info,2026-08-21 04:31:41.606869
6156,STK,OTC,松上,28,1000.0,False,0.0,False,0,21.05,2026-08-20,Shioaji authenticated contract info,2026-08-21 04:31:41.607378
6158,STK,OTC,禾昌,28,1000.0,False,0.0,False,0,16.6,2026-08-20,Shioaji authenticated contract info,2026-08-21 04:31:41.607378
6160,STK,OTC,欣技,25,1000.0,False,0.0,False,0,13.95,2026-08-20,Shioaji authenticated contract info,2026-08-21 04:31:41.607378
6161,STK,OTC,捷波,25,1000.0,False,0.0,False,0,50.4,2026-08-20,Shioaji authenticated contract info,2026-08-21 04:31:41.607378
6163,STK,OTC,華電網,30,1000.0,False,0.0,False,0,41.6,2026-08-20,Shioaji authenticated contract info,2026-08-21 04:31:41.607378
6167,STK,OTC,久正,26,1000.0,False,0.0,False,0,10.65,2026-08-20,Shioaji authenticated contract info,2026-08-21 04:31:41.607378
6169,STK,OTC,昱泉,32,1000.0,False,0.0,False,0,12.6,2026-08-20,Shioaji authenticated contract info,2026-08-21 04:31:41.608950
6170,STK,OTC,統振,27,1000.0,False,0.0,False,0,47.55,2026-08-20,Shioaji authenticated contract info,2026-08-21 04:31:41.608950
6171,STK,OTC,大城地產,14,1000.0,False,0.0,False,0,23.25,2026-08-20,Shioaji authenticated contract info,2026-08-21 04:31:41.608950
6173,STK,OTC,信昌電,28,1000.0,False,0.0,False,0,213.5,2026-08-20,Shioaji authenticated contract info,2026-08-21 04:31:41.608950
6174,STK,OTC,安碁,28,1000.0,False,0.0,False,0,44.75,2026-08-20,Shioaji authenticated contract info,2026-08-21 04:31:41.608950
6175,STK,OTC,立敦,28,1000.0,False,0.0,False,0,75.7,2026-08-20,Shioaji authenticated contract info,2026-08-21 04:31:41.610499
6179,STK,OTC,亞通,20,1000.0,False,0.0,False,0,26.85,2026-08-20,Shioaji authenticated contract info,2026-08-21 04:31:41.610499
6180,STK,OTC,橘子,32,1000.0,False,0.0,False,0,40.85,2026-08-20,Shioaji authenticated contract info,2026-08-21 04:31:41.610499
6182,STK,OTC,合晶,24,1000.0,False,0.0,True,0,110.0,2026-08-20,Shioaji authenticated contract info,2026-08-21 04:31:41.612023
6185,STK,OTC,幃翔,28,1000.0,False,0.0,False,0,13.2,2026-08-20,Shioaji authenticated contract info,2026-08-21 04:31:41.612023
6186,STK,OTC,新潤,14,1000.0,False,0.0,False,0,32.7,2026-08-20,Shioaji authenticated contract info,2026-08-21 04:31:41.612023
6187,STK,OTC,萬潤,24,1000.0,False,0.0,True,0,1305.0,2026-08-20,Shioaji authenticated contract info,2026-08-21 04:31:41.612023
6188,STK,OTC,廣明,25,1000.0,False,0.0,False,0,69.1,2026-08-20,Shioaji authenticated contract info,2026-08-21 04:31:41.612023
6190,STK,OTC,萬泰科,27,1000.0,False,0.0,False,0,65.0,2026-08-20,Shioaji authenticated contract info,2026-08-21 04:31:41.612023
6194,STK,OTC,育富,28,1000.0,False,0.0,False,0,29.4,2026-08-20,Shioaji authenticated contract info,2026-08-21 04:31:41.613623
6195,STK,OTC,詩肯,38,1000.0,False,0.0,False,0,27.7,2026-08-20,Shioaji authenticated contract info,2026-08-21 04:31:41.614372
6198,STK,OTC,瑞築,14,1000.0,False,0.0,False,0,19.35,2026-08-20,Shioaji authenticated contract info,2026-08-21 04:31:41.615907
6199,STK,OTC,天品,20,1000.0,False,0.0,False,0,95.9,2026-08-20,Shioaji authenticated contract info,2026-08-21 04:31:41.616437
6203,STK,OTC,海韻電,28,1000.0,False,0.0,False,0,60.3,2026-08-20,Shioaji authenticated contract info,2026-08-21 04:31:41.616965
6204,STK,OTC,艾華,28,1000.0,False,0.0,False,0,83.5,2026-08-20,Shioaji authenticated contract info,2026-08-21 04:31:41.618960
6207,STK,OTC,雷科,28,1000.0,False,0.0,False,0,102.0,2026-08-20,Shioaji authenticated contract info,2026-08-21 04:31:41.620045
6208,STK,OTC,日揚,24,1000.0,False,0.0,False,0,81.5,2026-08-20,Shioaji authenticated contract info,2026-08-21 04:31:41.620576
6210,STK,OTC,慶生,28,1000.0,False,0.0,False,0,17.1,2026-08-20,Shioaji authenticated contract info,2026-08-21 04:31:41.620576
6212,STK,OTC,理銘,14,1000.0,False,0.0,False,0,29.45,2026-08-20,Shioaji authenticated contract info,2026-08-21 04:31:41.620576
6217,STK,OTC,中探針,28,1000.0,False,0.0,False,0,153.0,2026-08-20,Shioaji authenticated contract info,2026-08-21 04:31:41.620576
6218,STK,OTC,豪勉,27,1000.0,False,0.0,False,0,38.55,2026-08-20,Shioaji authenticated contract info,2026-08-21 04:31:41.620576
6219,STK,OTC,富旺,14,1000.0,False,0.0,False,0,12.1,2026-08-20,Shioaji authenticated contract info,2026-08-21 04:31:41.620576
6220,STK,OTC,岳豐,28,1000.0,False,0.0,False,0,25.55,2026-08-20,Shioaji authenticated contract info,2026-08-21 04:31:41.622104
6221,STK,OTC,晉泰,30,1000.0,False,0.0,False,0,22.3,2026-08-20,Shioaji authenticated contract info,2026-08-21 04:31:41.622104
6222,STK,OTC,立軒,26,1000.0,False,0.0,False,0,20.2,2026-08-20,Shioaji authenticated contract info,2026-08-21 04:31:41.622104
6223,STK,OTC,旺矽,24,1000.0,False,0.0,False,0,5255.0,2026-08-20,Shioaji authenticated contract info,2026-08-21 04:31:41.622104
6227,STK,OTC,茂綸,29,1000.0,False,0.0,False,0,117.0,2026-08-20,Shioaji authenticated contract info,2026-08-21 04:31:41.623812
6228,STK,OTC,全譜,25,1000.0,False,0.0,False,0,17.3,2026-08-20,Shioaji authenticated contract info,2026-08-21 04:31:41.623812
6229,STK,OTC,研通,24,1000.0,False,0.0,False,0,23.85,2026-08-20,Shioaji authenticated contract info,2026-08-21 04:31:41.623812
6231,STK,OTC,系微,30,1000.0,False,0.0,False,0,213.5,2026-08-20,Shioaji authenticated contract info,2026-08-21 04:31:41.624984
6233,STK,OTC,旺玖,24,1000.0,False,0.0,False,0,21.2,2026-08-20,Shioaji authenticated contract info,2026-08-21 04:31:41.624984
6234,STK,OTC,高僑,26,1000.0,False,0.0,False,0,35.3,2026-08-20,Shioaji authenticated contract info,2026-08-21 04:31:41.624984
6236,STK,OTC,中湛,36,1000.0,False,0.0,False,1,16.3,2026-08-20,Shioaji authenticated contract info,2026-08-21 04:31:41.624984
6237,STK,OTC,驊訊,24,1000.0,False,0.0,False,0,33.25,2026-08-20,Shioaji authenticated contract info,2026-08-21 04:31:41.624984
6240,STK,OTC,松崗,30,1000.0,False,0.0,False,0,20.75,2026-08-20,Shioaji authenticated contract info,2026-08-21 04:31:41.626602
6241,STK,OTC,鑫永洋,27,1000.0,False,,False,,13.8,2026-08-17,Shioaji authenticated contract info,2026-08-21 04:31:41.626602
6242,STK,OTC,立康,22,1000.0,False,0.0,False,0,34.1,2026-08-20,Shioaji authenticated contract info,2026-08-21 04:31:41.626602
6244,STK,OTC,茂迪,26,1000.0,False,0.0,False,0,25.15,2026-08-20,Shioaji authenticated contract info,2026-08-21 04:31:41.628212
6245,STK,OTC,立端,27,1000.0,False,0.0,False,0,83.4,2026-08-20,Shioaji authenticated contract info,2026-08-21 04:31:41.628212
6246,STK,OTC,臺龍,26,1000.0,False,0.0,False,0,12.2,2026-08-20,Shioaji authenticated contract info,2026-08-21 04:31:41.629919
6248,STK,OTC,沛波,10,1000.0,False,0.0,False,0,18.1,2026-08-20,Shioaji authenticated contract info,2026-08-21 04:31:41.630460
6259,STK,OTC,百徽,28,1000.0,False,0.0,False,0,30.6,2026-08-20,Shioaji authenticated contract info,2026-08-21 04:31:41.631470
6261,STK,OTC,久元,24,1000.0,False,0.0,False,0,76.2,2026-08-20,Shioaji authenticated contract info,2026-08-21 04:31:41.631470
6263,STK,OTC,普萊德,27,1000.0,False,0.0,False,0,161.5,2026-08-20,Shioaji authenticated contract info,2026-08-21 04:31:41.631981
6264,STK,OTC,富裔,14,1000.0,False,0.0,False,0,6.02,2026-08-20,Shioaji authenticated contract info,2026-08-21 04:31:41.631981
6265,STK,OTC,方土昶,29,1000.0,False,0.0,False,0,59.2,2026-08-20,Shioaji authenticated contract info,2026-08-21 04:31:41.632487
6266,STK,OTC,泰詠,28,1000.0,False,0.0,False,0,25.0,2026-08-20,Shioaji authenticated contract info,2026-08-21 04:31:41.632487
6270,STK,OTC,倍微,29,1000.0,False,0.0,False,0,29.9,2026-08-20,Shioaji authenticated contract info,2026-08-21 04:31:41.633025
6274,STK,OTC,台燿,28,1000.0,False,0.0,False,0,1500.0,2026-08-20,Shioaji authenticated contract info,2026-08-21 04:31:41.633025
6275,STK,OTC,元山,28,1000.0,False,0.0,False,0,45.15,2026-08-20,Shioaji authenticated contract info,2026-08-21 04:31:41.633025
6276,STK,OTC,安鈦克,25,1000.0,False,0.0,False,0,19.0,2026-08-20,Shioaji authenticated contract info,2026-08-21 04:31:41.633025
6279,STK,OTC,胡連,28,1000.0,False,0.0,False,0,128.0,2026-08-20,Shioaji authenticated contract info,2026-08-21 04:31:41.633025
6284,STK,OTC,佳邦,28,1000.0,False,0.0,False,0,79.1,2026-08-20,Shioaji authenticated contract info,2026-08-21 04:31:41.634596
6290,STK,OTC,良維,28,1000.0,False,0.0,False,0,223.5,2026-08-20,Shioaji authenticated contract info,2026-08-21 04:31:41.634596
6291,STK,OTC,沛亨,24,1000.0,False,0.0,False,0,376.0,2026-08-20,Shioaji authenticated contract info,2026-08-21 04:31:41.634596
6292,STK,OTC,迅德,28,1000.0,False,0.0,False,0,62.2,2026-08-20,Shioaji authenticated contract info,2026-08-21 04:31:41.634596
6294,STK,OTC,智基,32,1000.0,False,0.0,False,0,28.7,2026-08-20,Shioaji authenticated contract info,2026-08-21 04:31:41.634596
6411,STK,OTC,晶焱,24,1000.0,False,0.0,False,0,78.1,2026-08-20,Shioaji authenticated contract info,2026-08-21 04:31:41.634596
6417,STK,OTC,韋僑,27,1000.0,False,0.0,False,0,107.0,2026-08-20,Shioaji authenticated contract info,2026-08-21 04:31:41.634596
6418,STK,OTC,詠昇,28,1000.0,False,0.0,False,0,32.25,2026-08-20,Shioaji authenticated contract info,2026-08-21 04:31:41.636122
6419,STK,OTC,京晨科,26,1000.0,False,0.0,False,0,161.5,2026-08-20,Shioaji authenticated contract info,2026-08-21 04:31:41.636122
6423,STK,OTC,億而得,24,1000.0,False,0.0,False,0,78.9,2026-08-20,Shioaji authenticated contract info,2026-08-21 04:31:41.636741
6425,STK,OTC,易發,05,1000.0,False,0.0,False,0,57.8,2026-08-20,Shioaji authenticated contract info,2026-08-21 04:31:41.636741
6432,STK,OTC,今展科,28,1000.0,False,0.0,False,0,67.7,2026-08-20,Shioaji authenticated contract info,2026-08-21 04:31:41.636741
6435,STK,OTC,大中,24,1000.0,False,0.0,False,0,257.0,2026-08-20,Shioaji authenticated contract info,2026-08-21 04:31:41.637268
6441,STK,OTC,廣錠,25,1000.0,False,0.0,False,0,21.55,2026-08-20,Shioaji authenticated contract info,2026-08-21 04:31:41.637268
6461,STK,OTC,益得,22,1000.0,False,0.0,False,0,15.9,2026-08-20,Shioaji authenticated contract info,2026-08-21 04:31:41.637268
6462,STK,OTC,神盾,24,1000.0,False,0.0,False,0,97.0,2026-08-20,Shioaji authenticated contract info,2026-08-21 04:31:41.639046
6465,STK,OTC,威潤,27,1000.0,False,0.0,False,0,46.1,2026-08-20,Shioaji authenticated contract info,2026-08-21 04:31:41.639046
6469,STK,OTC,大樹,22,1000.0,False,0.0,False,0,67.9,2026-08-20,Shioaji authenticated contract info,2026-08-21 04:31:41.639046
6470,STK,OTC,宇智,27,1000.0,False,0.0,False,0,41.55,2026-08-20,Shioaji authenticated contract info,2026-08-21 04:31:41.639046
6474,STK,OTC,華豫寧,29,1000.0,False,0.0,False,0,39.8,2026-08-20,Shioaji authenticated contract info,2026-08-21 04:31:41.640636
6482,STK,OTC,弘煜科,32,1000.0,False,0.0,False,0,28.5,2026-08-20,Shioaji authenticated contract info,2026-08-21 04:31:41.640636
6485,STK,OTC,點序,24,1000.0,False,0.0,False,0,61.0,2026-08-20,Shioaji authenticated contract info,2026-08-21 04:31:41.640636
6486,STK,OTC,互動,27,1000.0,False,0.0,False,0,74.2,2026-08-20,Shioaji authenticated contract info,2026-08-21 04:31:41.640636
6488,STK,OTC,環球晶,24,1000.0,False,0.0,False,0,983.0,2026-08-20,Shioaji authenticated contract info,2026-08-21 04:31:41.640636
6492,STK,OTC,生華科,22,1000.0,False,0.0,False,0,37.55,2026-08-20,Shioaji authenticated contract info,2026-08-21 04:31:41.640636
6494,STK,OTC,九齊,24,1000.0,False,0.0,False,0,55.4,2026-08-20,Shioaji authenticated contract info,2026-08-21 04:31:41.642181
6496,STK,OTC,科懋,22,1000.0,False,0.0,False,0,25.0,2026-08-20,Shioaji authenticated contract info,2026-08-21 04:31:41.642704
6498,STK,OTC,久禾光,26,1000.0,False,0.0,False,0,73.9,2026-08-20,Shioaji authenticated contract info,2026-08-21 04:31:41.642704
6499,STK,OTC,益安,22,1000.0,False,0.0,False,0,61.6,2026-08-20,Shioaji authenticated contract info,2026-08-21 04:31:41.642704
6506,STK,OTC,雙邦,04,1000.0,False,0.0,False,0,17.15,2026-08-20,Shioaji authenticated contract info,2026-08-21 04:31:41.642704
6508,STK,OTC,惠光,33,1000.0,False,0.0,False,0,25.75,2026-08-20,Shioaji authenticated contract info,2026-08-21 04:31:41.643718
6509,STK,OTC,聚和,21,1000.0,False,0.0,False,0,45.85,2026-08-20,Shioaji authenticated contract info,2026-08-21 04:31:41.644238
6510,STK,OTC,精測,24,1000.0,False,0.0,False,0,2660.0,2026-08-20,Shioaji authenticated contract info,2026-08-21 04:31:41.644238
6512,STK,OTC,啟發電,31,1000.0,False,0.0,False,0,19.95,2026-08-20,Shioaji authenticated contract info,2026-08-21 04:31:41.644238
6516,STK,OTC,勤崴國際,30,1000.0,False,0.0,False,0,58.5,2026-08-20,Shioaji authenticated contract info,2026-08-21 04:31:41.644238
6517,STK,OTC,保勝光學,26,1000.0,False,0.0,False,0,66.6,2026-08-20,Shioaji authenticated contract info,2026-08-21 04:31:41.645245
6523,STK,OTC,達爾膚,22,1000.0,False,0.0,False,0,89.8,2026-08-20,Shioaji authenticated contract info,2026-08-21 04:31:41.645245
6527,STK,OTC,明達醫,22,1000.0,False,0.0,False,0,74.7,2026-08-20,Shioaji authenticated contract info,2026-08-21 04:31:41.645245
6530,STK,OTC,創威,27,1000.0,False,0.0,False,0,79.9,2026-08-20,Shioaji authenticated contract info,2026-08-21 04:31:41.645245
6532,STK,OTC,瑞耘,24,1000.0,False,0.0,False,0,87.8,2026-08-20,Shioaji authenticated contract info,2026-08-21 04:31:41.646790
6535,STK,OTC,順藥,22,1000.0,False,0.0,False,0,81.0,2026-08-20,Shioaji authenticated contract info,2026-08-21 04:31:41.646790
6538,STK,OTC,倉和,28,1000.0,False,0.0,True,0,191.5,2026-08-20,Shioaji authenticated contract info,2026-08-21 04:31:41.646790
6542,STK,OTC,隆中,32,1000.0,False,0.0,False,0,45.7,2026-08-20,Shioaji authenticated contract info,2026-08-21 04:31:41.646790
6546,STK,OTC,正基,27,1000.0,False,0.0,False,0,62.0,2026-08-20,Shioaji authenticated contract info,2026-08-21 04:31:41.646790
6547,STK,OTC,高端疫苗,22,1000.0,False,0.0,False,0,51.7,2026-08-20,Shioaji authenticated contract info,2026-08-21 04:31:41.648381
6548,STK,OTC,長科*,24,1000.0,False,0.0,False,0,71.1,2026-08-20,Shioaji authenticated contract info,2026-08-21 04:31:41.648381
6556,STK,OTC,勝品,26,1000.0,False,0.0,False,0,58.5,2026-08-20,Shioaji authenticated contract info,2026-08-21 04:31:41.650254
6560,STK,OTC,欣普羅,26,1000.0,False,0.0,False,0,31.0,2026-08-20,Shioaji authenticated contract info,2026-08-21 04:31:41.651275
6561,STK,OTC,是方,27,1000.0,False,0.0,False,0,320.0,2026-08-20,Shioaji authenticated contract info,2026-08-21 04:31:41.651275
6568,STK,OTC,宏觀,24,1000.0,False,0.0,False,0,125.5,2026-08-20,Shioaji authenticated contract info,2026-08-21 04:31:41.651275
6569,STK,OTC,醫揚,22,1000.0,False,0.0,False,0,92.9,2026-08-20,Shioaji authenticated contract info,2026-08-21 04:31:41.651275
6570,STK,OTC,維田,25,1000.0,False,0.0,False,0,55.1,2026-08-20,Shioaji authenticated contract info,2026-08-21 04:31:41.651275
6574,STK,OTC,霈方,22,1000.0,False,0.0,False,0,122.5,2026-08-20,Shioaji authenticated contract info,2026-08-21 04:31:41.651275
6576,STK,OTC,逸達,22,1000.0,False,0.0,False,0,79.2,2026-08-20,Shioaji authenticated contract info,2026-08-21 04:31:41.652913
6577,STK,OTC,勁豐,25,1000.0,False,0.0,False,0,80.7,2026-08-20,Shioaji authenticated contract info,2026-08-21 04:31:41.652913
6578,STK,OTC,達邦蛋白,33,1000.0,False,0.0,False,0,18.0,2026-08-20,Shioaji authenticated contract info,2026-08-21 04:31:41.652913
6584,STK,OTC,南俊國際,28,1000.0,False,0.0,False,0,600.0,2026-08-20,Shioaji authenticated contract info,2026-08-21 04:31:41.654471
6588,STK,OTC,東典光電,27,1000.0,False,0.0,False,0,95.0,2026-08-20,Shioaji authenticated contract info,2026-08-21 04:31:41.654471
6590,STK,OTC,普鴻,30,1000.0,False,0.0,False,0,65.5,2026-08-20,Shioaji authenticated contract info,2026-08-21 04:31:41.654471
6593,STK,OTC,台灣銘板,30,1000.0,False,0.0,False,0,32.65,2026-08-20,Shioaji authenticated contract info,2026-08-21 04:31:41.654471
6596,STK,OTC,寬宏藝術,32,1000.0,False,0.0,False,0,93.5,2026-08-20,Shioaji authenticated contract info,2026-08-21 04:31:41.654471
6597,STK,OTC,立誠,28,1000.0,False,0.0,False,0,73.0,2026-08-20,Shioaji authenticated contract info,2026-08-21 04:31:41.656030
6603,STK,OTC,富強鑫,05,1000.0,False,0.0,False,0,27.1,2026-08-20,Shioaji authenticated contract info,2026-08-21 04:31:41.656030
6609,STK,OTC,瀧澤科,05,1000.0,False,0.0,False,0,39.0,2026-08-20,Shioaji authenticated contract info,2026-08-21 04:31:41.656030
6612,STK,OTC,奈米醫材,22,1000.0,False,0.0,False,0,73.3,2026-08-20,Shioaji authenticated contract info,2026-08-21 04:31:41.656030
6613,STK,OTC,朋億*,31,1000.0,False,0.0,False,0,251.0,2026-08-20,Shioaji authenticated contract info,2026-08-21 04:31:41.656030
6615,STK,OTC,慧智,22,1000.0,False,0.0,False,0,33.65,2026-08-20,Shioaji authenticated contract info,2026-08-21 04:31:41.657730
6616,STK,OTC,特昇-KY,38,1000.0,False,0.0,False,0,8.55,2026-08-20,Shioaji authenticated contract info,2026-08-21 04:31:41.657730
6617,STK,OTC,共信-KY,22,1000.0,False,0.0,False,0,95.2,2026-08-20,Shioaji authenticated contract info,2026-08-21 04:31:41.657730
6620,STK,OTC,漢達,22,1000.0,False,0.0,False,0,74.8,2026-08-20,Shioaji authenticated contract info,2026-08-21 04:31:41.657730
6624,STK,OTC,萬年清,35,1000.0,False,0.0,False,0,42.25,2026-08-20,Shioaji authenticated contract info,2026-08-21 04:31:41.657730
6629,STK,OTC,泰金-KY,38,1000.0,False,0.0,False,0,111.5,2026-08-20,Shioaji authenticated contract info,2026-08-21 04:31:41.657730
6637,STK,OTC,醫影,22,1000.0,False,0.0,False,0,61.2,2026-08-20,Shioaji authenticated contract info,2026-08-21 04:31:41.659657
6640,STK,OTC,均華,24,1000.0,False,0.0,False,0,966.0,2026-08-20,Shioaji authenticated contract info,2026-08-21 04:31:41.660667
6642,STK,OTC,富致,28,1000.0,False,0.0,False,0,79.1,2026-08-20,Shioaji authenticated contract info,2026-08-21 04:31:41.661797
6643,STK,OTC,M31,24,1000.0,False,0.0,False,0,409.5,2026-08-20,Shioaji authenticated contract info,2026-08-21 04:31:41.662322
6649,STK,OTC,台生材,22,1000.0,False,0.0,False,0,35.1,2026-08-20,Shioaji authenticated contract info,2026-08-21 04:31:41.662322
6651,STK,OTC,全宇昕,24,1000.0,False,0.0,False,0,138.0,2026-08-20,Shioaji authenticated contract info,2026-08-21 04:31:41.662322
6654,STK,OTC,天正國際,31,1000.0,False,0.0,False,0,167.5,2026-08-20,Shioaji authenticated contract info,2026-08-21 04:31:41.663352
6661,STK,OTC,威健生技,22,1000.0,False,0.0,False,0,17.0,2026-08-20,Shioaji authenticated contract info,2026-08-21 04:31:41.663352
6662,STK,OTC,樂斯科,22,1000.0,False,0.0,False,0,28.9,2026-08-20,Shioaji authenticated contract info,2026-08-21 04:31:41.663352
6664,STK,OTC,群翊,28,1000.0,False,0.0,False,0,333.5,2026-08-20,Shioaji authenticated contract info,2026-08-21 04:31:41.663352
6667,STK,OTC,信紘科,31,1000.0,False,0.0,False,0,224.0,2026-08-20,Shioaji authenticated contract info,2026-08-21 04:31:41.665044
6679,STK,OTC,鈺太,24,1000.0,False,0.0,False,0,199.5,2026-08-20,Shioaji authenticated contract info,2026-08-21 04:31:41.666706
6680,STK,OTC,鑫創電子,25,1000.0,False,0.0,False,0,51.5,2026-08-20,Shioaji authenticated contract info,2026-08-21 04:31:41.666706
6683,STK,OTC,雍智科技,24,1000.0,False,0.0,False,0,1190.0,2026-08-20,Shioaji authenticated contract info,2026-08-21 04:31:41.666706
6684,STK,OTC,安格,24,1000.0,False,0.0,False,0,46.1,2026-08-20,Shioaji authenticated contract info,2026-08-21 04:31:41.668444
6690,STK,OTC,安碁資訊,36,1000.0,False,0.0,False,0,162.5,2026-08-20,Shioaji authenticated contract info,2026-08-21 04:31:41.668444
6692,STK,OTC,進能服,35,1000.0,False,0.0,False,0,24.5,2026-08-20,Shioaji authenticated contract info,2026-08-21 04:31:41.668444
6693,STK,OTC,廣閎科,24,1000.0,False,0.0,False,0,174.0,2026-08-20,Shioaji authenticated contract info,2026-08-21 04:31:41.668444
6697,STK,OTC,東捷資訊,30,1000.0,False,0.0,False,0,40.6,2026-08-20,Shioaji authenticated contract info,2026-08-21 04:31:41.668444
6703,STK,OTC,軒郁,22,1000.0,False,0.0,False,0,103.5,2026-08-20,Shioaji authenticated contract info,2026-08-21 04:31:41.669997
6708,STK,OTC,天擎,24,1000.0,False,0.0,False,0,39.75,2026-08-20,Shioaji authenticated contract info,2026-08-21 04:31:41.669997
6712,STK,OTC,長聖,22,1000.0,False,0.0,False,0,146.5,2026-08-20,Shioaji authenticated contract info,2026-08-21 04:31:41.669997
6716,STK,OTC,應廣,24,1000.0,False,1.0,False,0,136.5,2026-08-20,Shioaji authenticated contract info,2026-08-21 04:31:41.669997
6720,STK,OTC,久昌,24,1000.0,False,0.0,False,0,137.5,2026-08-20,Shioaji authenticated contract info,2026-08-21 04:31:41.669997
6721,STK,OTC,信實,20,1000.0,False,0.0,False,0,51.4,2026-08-20,Shioaji authenticated contract info,2026-08-21 04:31:41.671559
6725,STK,OTC,矽科宏晟,31,1000.0,False,0.0,False,0,228.0,2026-08-20,Shioaji authenticated contract info,2026-08-21 04:31:41.671559
6727,STK,OTC,亞泰金屬,28,1000.0,False,0.0,False,0,443.5,2026-08-20,Shioaji authenticated contract info,2026-08-21 04:31:41.671559
6728,STK,OTC,上洋,38,1000.0,False,0.0,False,0,105.5,2026-08-20,Shioaji authenticated contract info,2026-08-21 04:31:41.671559
6730,STK,OTC,常廣,22,1000.0,False,0.0,False,0,32.9,2026-08-20,Shioaji authenticated contract info,2026-08-21 04:31:41.671559
6732,STK,OTC,昇佳電子,24,1000.0,False,0.0,False,0,150.5,2026-08-20,Shioaji authenticated contract info,2026-08-21 04:31:41.671559
6733,STK,OTC,博晟生醫,22,1000.0,False,0.0,False,0,25.3,2026-08-20,Shioaji authenticated contract info,2026-08-21 04:31:41.673102
6735,STK,OTC,美達科技,31,1000.0,False,0.0,False,0,61.2,2026-08-20,Shioaji authenticated contract info,2026-08-21 04:31:41.673102
6739,STK,OTC,竹陞科技,31,1000.0,False,0.0,False,0,978.0,2026-08-20,Shioaji authenticated contract info,2026-08-21 04:31:41.673102
6741,STK,OTC,91APP*-KY,36,1000.0,False,0.0,False,0,54.2,2026-08-20,Shioaji authenticated contract info,2026-08-21 04:31:41.673102
6751,STK,OTC,智聯服務,30,1000.0,False,0.0,False,0,41.3,2026-08-20,Shioaji authenticated contract info,2026-08-21 04:31:41.673102
6752,STK,OTC,叡揚,30,1000.0,False,0.0,False,0,101.0,2026-08-20,Shioaji authenticated contract info,2026-08-21 04:31:41.673102
6761,STK,OTC,穩得,28,1000.0,False,0.0,False,0,182.0,2026-08-20,Shioaji authenticated contract info,2026-08-21 04:31:41.674650
6762,STK,OTC,達亞,22,1000.0,False,0.0,False,0,170.0,2026-08-20,Shioaji authenticated contract info,2026-08-21 04:31:41.674650
6763,STK,OTC,綠界科技*,36,1000.0,False,0.0,False,0,41.9,2026-08-20,Shioaji authenticated contract info,2026-08-21 04:31:41.674650
6767,STK,OTC,台微醫,22,1000.0,False,0.0,False,0,25.3,2026-08-20,Shioaji authenticated contract info,2026-08-21 04:31:41.674650
6785,STK,OTC,昱展新藥,22,1000.0,False,0.0,False,0,98.3,2026-08-20,Shioaji authenticated contract info,2026-08-21 04:31:41.675860
6788,STK,OTC,華景電,24,1000.0,False,0.0,False,0,350.0,2026-08-20,Shioaji authenticated contract info,2026-08-21 04:31:41.676174
6791,STK,OTC,虎門科技,30,1000.0,False,0.0,False,0,99.1,2026-08-20,Shioaji authenticated contract info,2026-08-21 04:31:41.676174
6803,STK,OTC,崑鼎,35,1000.0,False,0.0,False,0,268.0,2026-08-20,Shioaji authenticated contract info,2026-08-21 04:31:41.676174
6804,STK,OTC,明係,37,1000.0,False,0.0,False,0,18.95,2026-08-20,Shioaji authenticated contract info,2026-08-21 04:31:41.677097
6811,STK,OTC,宏碁資訊,36,1000.0,False,0.0,False,0,225.5,2026-08-20,Shioaji authenticated contract info,2026-08-21 04:31:41.677609
6821,STK,OTC,聯寶,28,1000.0,False,0.0,False,0,41.6,2026-08-20,Shioaji authenticated contract info,2026-08-21 04:31:41.677609
6823,STK,OTC,濾能,24,1000.0,False,0.0,False,0,61.6,2026-08-20,Shioaji authenticated contract info,2026-08-21 04:31:41.677609
6829,STK,OTC,千附精密,24,1000.0,False,0.0,False,0,213.5,2026-08-20,Shioaji authenticated contract info,2026-08-21 04:31:41.677609
6840,STK,OTC,東研信超,31,1000.0,False,0.0,False,0,82.4,2026-08-20,Shioaji authenticated contract info,2026-08-21 04:31:41.679160
6841,STK,OTC,長佳智能,22,1000.0,False,0.0,False,0,52.5,2026-08-20,Shioaji authenticated contract info,2026-08-21 04:31:41.679160
6843,STK,OTC,進典,05,1000.0,False,0.0,False,0,39.1,2026-08-20,Shioaji authenticated contract info,2026-08-21 04:31:41.679160
6844,STK,OTC,諾貝兒,22,1000.0,False,0.0,False,0,60.0,2026-08-20,Shioaji authenticated contract info,2026-08-21 04:31:41.679160
6846,STK,OTC,綠茵,02,1000.0,False,0.0,False,0,57.4,2026-08-20,Shioaji authenticated contract info,2026-08-21 04:31:41.679160
6855,STK,OTC,數泓科,31,1000.0,False,0.0,False,0,116.0,2026-08-20,Shioaji authenticated contract info,2026-08-21 04:31:41.680753
6856,STK,OTC,鑫傳,32,1000.0,False,0.0,False,0,44.2,2026-08-20,Shioaji authenticated contract info,2026-08-21 04:31:41.680753
6859,STK,OTC,伯特光,26,1000.0,False,0.0,False,0,113.5,2026-08-20,Shioaji authenticated contract info,2026-08-21 04:31:41.680753
6865,STK,OTC,偉康科技,36,1000.0,False,0.0,False,0,25.3,2026-08-20,Shioaji authenticated contract info,2026-08-21 04:31:41.680753
6870,STK,OTC,騰雲,36,1000.0,False,0.0,False,0,261.5,2026-08-20,Shioaji authenticated contract info,2026-08-21 04:31:41.680753
6872,STK,OTC,浩宇生醫,22,1000.0,False,0.0,False,0,15.05,2026-08-20,Shioaji authenticated contract info,2026-08-21 04:31:41.680753
6874,STK,OTC,倍力,30,1000.0,False,0.0,False,0,78.6,2026-08-20,Shioaji authenticated contract info,2026-08-21 04:31:41.680753
6875,STK,OTC,國邑*,22,1000.0,False,0.0,False,0,32.6,2026-08-20,Shioaji authenticated contract info,2026-08-21 04:31:41.682339
6877,STK,OTC,鏵友益,31,1000.0,False,0.0,False,0,120.0,2026-08-20,Shioaji authenticated contract info,2026-08-21 04:31:41.682339
6881,STK,OTC,潤德,20,1000.0,False,0.0,False,0,206.0,2026-08-20,Shioaji authenticated contract info,2026-08-21 04:31:41.682339
6884,STK,OTC,海柏特,30,1000.0,False,0.0,False,0,30.5,2026-08-20,Shioaji authenticated contract info,2026-08-21 04:31:41.682339
6894,STK,OTC,衛司特,35,1000.0,False,0.0,False,0,330.5,2026-08-20,Shioaji authenticated contract info,2026-08-21 04:31:41.682339
6895,STK,OTC,宏碩系統,24,1000.0,False,0.0,False,0,120.0,2026-08-20,Shioaji authenticated contract info,2026-08-21 04:31:41.682339
6899,STK,OTC,創為精密,26,1000.0,False,0.0,False,0,50.2,2026-08-20,Shioaji authenticated contract info,2026-08-21 04:31:41.683899
6903,STK,OTC,巨漢,31,1000.0,False,0.0,False,0,316.5,2026-08-20,Shioaji authenticated contract info,2026-08-21 04:31:41.685311
6904,STK,OTC,伯鑫,20,1000.0,False,0.0,False,0,124.0,2026-08-20,Shioaji authenticated contract info,2026-08-21 04:31:41.685311
6907,STK,OTC,雅特力-KY,24,1000.0,False,0.0,False,0,192.5,2026-08-20,Shioaji authenticated contract info,2026-08-21 04:31:41.686318
6910,STK,OTC,德鴻,36,1000.0,False,0.0,False,0,24.2,2026-08-20,Shioaji authenticated contract info,2026-08-21 04:31:41.686318
6913,STK,OTC,鴻呈,28,1000.0,False,0.0,False,0,140.5,2026-08-20,Shioaji authenticated contract info,2026-08-21 04:31:41.686871
6922,STK,OTC,宸曜,25,1000.0,False,0.0,False,0,200.5,2026-08-20,Shioaji authenticated contract info,2026-08-21 04:31:41.686871
6925,STK,OTC,意藍,36,1000.0,False,0.0,False,0,50.2,2026-08-20,Shioaji authenticated contract info,2026-08-21 04:31:41.686871
6929,STK,OTC,佑全,22,1000.0,False,0.0,False,0,22.4,2026-08-20,Shioaji authenticated contract info,2026-08-21 04:31:41.687878
6945,STK,OTC,圓祥生技,22,1000.0,False,0.0,False,0,99.5,2026-08-20,Shioaji authenticated contract info,2026-08-21 04:31:41.687878
6953,STK,OTC,家碩,24,1000.0,False,0.0,False,0,230.0,2026-08-20,Shioaji authenticated contract info,2026-08-21 04:31:41.687878
6961,STK,OTC,旅天下,16,1000.0,False,0.0,False,0,50.8,2026-08-20,Shioaji authenticated contract info,2026-08-21 04:31:41.687878
6967,STK,OTC,汎瑋材料,28,1000.0,False,0.0,False,0,75.6,2026-08-20,Shioaji authenticated contract info,2026-08-21 04:31:41.687878
6968,STK,OTC,萬達寵物,38,1000.0,False,0.0,False,0,43.45,2026-08-20,Shioaji authenticated contract info,2026-08-21 04:31:41.687878
6971,STK,OTC,惠民實業,35,1000.0,False,0.0,False,0,25.9,2026-08-20,Shioaji authenticated contract info,2026-08-21 04:31:41.689634
6982,STK,OTC,大井泵浦,05,1000.0,False,0.0,False,0,48.3,2026-08-20,Shioaji authenticated contract info,2026-08-21 04:31:41.689634
6983,STK,OTC,華洋精機,31,1000.0,False,0.0,False,0,299.5,2026-08-20,Shioaji authenticated contract info,2026-08-21 04:31:41.689634
6986,STK,OTC,和迅,22,1000.0,False,0.0,False,0,42.9,2026-08-20,Shioaji authenticated contract info,2026-08-21 04:31:41.689634
6996,STK,OTC,力領科技,24,1000.0,False,0.0,False,0,177.5,2026-08-20,Shioaji authenticated contract info,2026-08-21 04:31:41.689634
6997,STK,OTC,博弘,36,1000.0,False,0.0,False,0,68.9,2026-08-20,Shioaji authenticated contract info,2026-08-21 04:31:41.689634
7402,STK,OTC,邑錡,26,1000.0,False,0.0,False,0,109.0,2026-08-20,Shioaji authenticated contract info,2026-08-21 04:31:41.691199
7547,STK,OTC,碩網,36,1000.0,False,0.0,False,0,53.5,2026-08-20,Shioaji authenticated contract info,2026-08-21 04:31:41.691199
7556,STK,OTC,意德士,24,1000.0,False,0.0,False,0,243.5,2026-08-20,Shioaji authenticated contract info,2026-08-21 04:31:41.691199
7584,STK,OTC,樂意,32,1000.0,False,0.0,False,0,27.35,2026-08-20,Shioaji authenticated contract info,2026-08-21 04:31:41.692561
7642,STK,OTC,昶瑞機電,05,1000.0,False,0.0,False,0,78.2,2026-08-20,Shioaji authenticated contract info,2026-08-21 04:31:41.692561
7703,STK,OTC,銳澤,31,1000.0,False,0.0,False,0,177.0,2026-08-20,Shioaji authenticated contract info,2026-08-21 04:31:41.692561
7704,STK,OTC,明遠精密,24,1000.0,False,0.0,False,0,62.7,2026-08-20,Shioaji authenticated contract info,2026-08-21 04:31:41.692561
7708,STK,OTC,全家餐飲,16,1000.0,False,0.0,False,0,93.0,2026-08-20,Shioaji authenticated contract info,2026-08-21 04:31:41.692561
7709,STK,OTC,榮田,05,1000.0,False,0.0,False,0,71.0,2026-08-20,Shioaji authenticated contract info,2026-08-21 04:31:41.694090
7712,STK,OTC,博盛半導體,24,1000.0,False,0.0,False,0,144.0,2026-08-20,Shioaji authenticated contract info,2026-08-21 04:31:41.694618
7713,STK,OTC,威力德生醫,22,1000.0,False,0.0,False,0,71.0,2026-08-20,Shioaji authenticated contract info,2026-08-21 04:31:41.694618
7714,STK,OTC,創泓科技,36,1000.0,False,0.0,False,0,164.5,2026-08-20,Shioaji authenticated contract info,2026-08-21 04:31:41.694618
7715,STK,OTC,裕山,35,1000.0,False,0.0,False,0,31.65,2026-08-20,Shioaji authenticated contract info,2026-08-21 04:31:41.694618
7716,STK,OTC,昱臺國際,15,1000.0,False,0.0,False,0,23.9,2026-08-20,Shioaji authenticated contract info,2026-08-21 04:31:41.696257
7717,STK,OTC,萊德光電-KY,27,1000.0,False,0.0,False,0,398.0,2026-08-20,Shioaji authenticated contract info,2026-08-21 04:31:41.696257
7718,STK,OTC,友鋮,05,1000.0,False,0.0,False,0,47.85,2026-08-20,Shioaji authenticated contract info,2026-08-21 04:31:41.696257
7723,STK,OTC,築間,16,1000.0,False,0.0,False,0,19.15,2026-08-20,Shioaji authenticated contract info,2026-08-21 04:31:41.696257
7728,STK,OTC,光焱科技,31,1000.0,False,0.0,False,0,585.0,2026-08-20,Shioaji authenticated contract info,2026-08-21 04:31:41.696257
7734,STK,OTC,印能科技,24,1000.0,False,0.0,False,0,2905.0,2026-08-20,Shioaji authenticated contract info,2026-08-21 04:31:41.697825
7738,STK,OTC,東聯互動,36,1000.0,False,0.0,False,0,165.0,2026-08-20,Shioaji authenticated contract info,2026-08-21 04:31:41.697825
7743,STK,OTC,金利食安,02,1000.0,False,0.0,False,0,21.25,2026-08-20,Shioaji authenticated contract info,2026-08-21 04:31:41.697825
7744,STK,OTC,崴寶,28,1000.0,False,0.0,False,0,484.5,2026-08-20,Shioaji authenticated contract info,2026-08-21 04:31:41.699542
7747,STK,OTC,昕奇雲端,36,1000.0,False,0.0,False,0,114.0,2026-08-20,Shioaji authenticated contract info,2026-08-21 04:31:41.700112
7751,STK,OTC,竑騰,24,1000.0,False,0.0,False,0,1435.0,2026-08-20,Shioaji authenticated contract info,2026-08-21 04:31:41.701158
7753,STK,OTC,星亞,26,1000.0,False,0.0,False,0,37.3,2026-08-20,Shioaji authenticated contract info,2026-08-21 04:31:41.702944
7757,STK,OTC,金色三麥,16,1000.0,False,0.0,False,0,89.8,2026-08-20,Shioaji authenticated contract info,2026-08-21 04:31:41.702944
7767,STK,OTC,仁大資訊,30,1000.0,False,0.0,False,0,44.7,2026-08-20,Shioaji authenticated contract info,2026-08-21 04:31:41.702944
7770,STK,OTC,君曜,24,1000.0,False,0.0,False,0,37.95,2026-08-20,Shioaji authenticated contract info,2026-08-21 04:31:41.702944
7772,STK,OTC,耀穎,24,1000.0,False,0.0,False,0,89.0,2026-08-20,Shioaji authenticated contract info,2026-08-21 04:31:41.702944
7777,STK,OTC,能率亞洲,20,1000.0,False,0.0,False,0,37.55,2026-08-20,Shioaji authenticated contract info,2026-08-21 04:31:41.702944
7782,STK,OTC,光速火箭,38,1000.0,False,0.0,False,0,25.4,2026-08-20,Shioaji authenticated contract info,2026-08-21 04:31:41.704693
7792,STK,OTC,安葆,31,1000.0,False,0.0,True,0,288.5,2026-08-20,Shioaji authenticated contract info,2026-08-21 04:31:41.704693
7794,STK,OTC,宏碁智新,38,1000.0,False,0.0,False,0,28.0,2026-08-20,Shioaji authenticated contract info,2026-08-21 04:31:41.704693
7805,STK,OTC,威聯通,36,1000.0,False,0.0,False,0,693.0,2026-08-20,Shioaji authenticated contract info,2026-08-21 04:31:41.704693
7810,STK,OTC,捷創科技,24,1000.0,False,0.0,False,0,194.0,2026-08-20,Shioaji authenticated contract info,2026-08-21 04:31:41.704693
7811,STK,OTC,民盛,37,1000.0,False,0.0,False,0,71.6,2026-08-20,Shioaji authenticated contract info,2026-08-21 04:31:41.704693
7814,STK,OTC,海昌生技,22,1000.0,False,0.0,False,0,31.0,2026-08-20,Shioaji authenticated contract info,2026-08-21 04:31:41.704693
7819,STK,OTC,精誠金融,30,1000.0,False,0.0,False,0,35.8,2026-08-20,Shioaji authenticated contract info,2026-08-21 04:31:41.706247
7820,STK,OTC,立盈,35,1000.0,False,0.0,False,0,120.0,2026-08-20,Shioaji authenticated contract info,2026-08-21 04:31:41.706247
7828,STK,OTC,創新服務,24,1000.0,False,0.0,False,0,1615.0,2026-08-20,Shioaji authenticated contract info,2026-08-21 04:31:41.706247
7839,STK,OTC,達人網,36,1000.0,False,0.0,False,0,45.0,2026-08-20,Shioaji authenticated contract info,2026-08-21 04:31:41.706247
7842,STK,OTC,天能綠電,35,1000.0,False,0.0,False,0,101.0,2026-08-20,Shioaji authenticated contract info,2026-08-21 04:31:41.706247
8024,STK,OTC,佑華,24,1000.0,False,0.0,False,0,13.3,2026-08-20,Shioaji authenticated contract info,2026-08-21 04:31:41.706247
8027,STK,OTC,鈦昇,05,1000.0,False,0.0,False,0,169.0,2026-08-20,Shioaji authenticated contract info,2026-08-21 04:31:41.707788
8032,STK,OTC,光菱,29,1000.0,False,0.0,False,0,35.9,2026-08-20,Shioaji authenticated contract info,2026-08-21 04:31:41.707788
8034,STK,OTC,榮群,27,1000.0,False,0.0,False,0,18.5,2026-08-20,Shioaji authenticated contract info,2026-08-21 04:31:41.707788
8038,STK,OTC,長園科,28,1000.0,False,0.0,False,0,30.7,2026-08-20,Shioaji authenticated contract info,2026-08-21 04:31:41.707788
8040,STK,OTC,九暘,24,1000.0,False,0.0,False,0,71.2,2026-08-20,Shioaji authenticated contract info,2026-08-21 04:31:41.707788
8042,STK,OTC,金山電,28,1000.0,False,0.0,False,0,111.5,2026-08-20,Shioaji authenticated contract info,2026-08-21 04:31:41.707788
8043,STK,OTC,蜜望實,28,1000.0,False,0.0,False,0,143.0,2026-08-20,Shioaji authenticated contract info,2026-08-21 04:31:41.709335
8044,STK,OTC,網家,36,1000.0,False,0.0,False,0,25.25,2026-08-20,Shioaji authenticated contract info,2026-08-21 04:31:41.709335
8047,STK,OTC,星雲,31,1000.0,False,0.0,False,0,49.15,2026-08-20,Shioaji authenticated contract info,2026-08-21 04:31:41.709335
8048,STK,OTC,德勝,27,1000.0,False,0.0,False,0,51.5,2026-08-20,Shioaji authenticated contract info,2026-08-21 04:31:41.709335
8049,STK,OTC,晶采,26,1000.0,False,0.0,False,0,24.35,2026-08-20,Shioaji authenticated contract info,2026-08-21 04:31:41.709335
8050,STK,OTC,廣積,25,1000.0,False,0.0,False,0,56.7,2026-08-20,Shioaji authenticated contract info,2026-08-21 04:31:41.709335
8054,STK,OTC,安國,24,1000.0,False,0.0,False,0,79.0,2026-08-20,Shioaji authenticated contract info,2026-08-21 04:31:41.710894
8059,STK,OTC,凱碩,27,1000.0,False,0.0,False,0,13.5,2026-08-20,Shioaji authenticated contract info,2026-08-21 04:31:41.710894
8064,STK,OTC,東捷,26,1000.0,False,0.0,False,0,99.2,2026-08-20,Shioaji authenticated contract info,2026-08-21 04:31:41.710894
8066,STK,OTC,來思達,38,1000.0,False,0.0,False,0,14.65,2026-08-20,Shioaji authenticated contract info,2026-08-21 04:31:41.710894
8067,STK,OTC,志旭,29,1000.0,False,0.0,False,0,12.7,2026-08-20,Shioaji authenticated contract info,2026-08-21 04:31:41.710894
8068,STK,OTC,全達,29,1000.0,False,0.0,False,0,16.95,2026-08-20,Shioaji authenticated contract info,2026-08-21 04:31:41.712416
8069,STK,OTC,元太,26,1000.0,False,0.0,False,0,161.0,2026-08-20,Shioaji authenticated contract info,2026-08-21 04:31:41.712416
8071,STK,OTC,能率網通,28,1000.0,False,0.0,False,0,24.1,2026-08-20,Shioaji authenticated contract info,2026-08-21 04:31:41.712416
8074,STK,OTC,鉅橡,28,1000.0,False,0.0,False,0,55.0,2026-08-20,Shioaji authenticated contract info,2026-08-21 04:31:41.712416
8076,STK,OTC,伍豐,25,1000.0,False,0.0,False,0,23.15,2026-08-20,Shioaji authenticated contract info,2026-08-21 04:31:41.713968
8077,STK,OTC,洛碁,16,1000.0,False,0.0,False,0,42.9,2026-08-20,Shioaji authenticated contract info,2026-08-21 04:31:41.713968
8080,STK,OTC,泰霖,14,1000.0,False,0.0,False,0,27.75,2026-08-20,Shioaji authenticated contract info,2026-08-21 04:31:41.713968
8083,STK,OTC,瑞穎,05,1000.0,False,0.0,False,0,158.5,2026-08-20,Shioaji authenticated contract info,2026-08-21 04:31:41.715519
8084,STK,OTC,巨虹,29,1000.0,False,0.0,False,0,50.4,2026-08-20,Shioaji authenticated contract info,2026-08-21 04:31:41.717165
8085,STK,OTC,福華,31,1000.0,False,0.0,False,0,12.3,2026-08-20,Shioaji authenticated contract info,2026-08-21 04:31:41.718937
8086,STK,OTC,宏捷科,24,1000.0,False,0.0,False,0,115.5,2026-08-20,Shioaji authenticated contract info,2026-08-21 04:31:41.718937
8087,STK,OTC,麗升能源,35,1000.0,False,0.0,False,0,26.95,2026-08-20,Shioaji authenticated contract info,2026-08-21 04:31:41.718937
8088,STK,OTC,品安,24,1000.0,False,0.0,False,0,45.2,2026-08-20,Shioaji authenticated contract info,2026-08-21 04:31:41.719994
8089,STK,OTC,康全電訊,27,1000.0,False,0.0,False,0,17.7,2026-08-20,Shioaji authenticated contract info,2026-08-21 04:31:41.719994
8091,STK,OTC,翔名,24,1000.0,False,0.0,False,0,220.5,2026-08-20,Shioaji authenticated contract info,2026-08-21 04:31:41.720523
8092,STK,OTC,建暐,31,1000.0,False,0.0,False,0,12.35,2026-08-20,Shioaji authenticated contract info,2026-08-21 04:31:41.720523
8093,STK,OTC,保銳,28,1000.0,False,0.0,False,0,22.95,2026-08-20,Shioaji authenticated contract info,2026-08-21 04:31:41.720523
8096,STK,OTC,擎亞,29,1000.0,False,0.0,False,0,108.0,2026-08-20,Shioaji authenticated contract info,2026-08-21 04:31:41.720523
8097,STK,OTC,常珵,27,1000.0,False,0.0,False,0,50.4,2026-08-20,Shioaji authenticated contract info,2026-08-21 04:31:41.720523
8099,STK,OTC,大世科,30,1000.0,False,0.0,False,0,59.1,2026-08-20,Shioaji authenticated contract info,2026-08-21 04:31:41.720523
8102,STK,OTC,傑霖科技,24,1000.0,False,0.0,False,0,68.9,2026-08-20,Shioaji authenticated contract info,2026-08-21 04:31:41.720523
8107,STK,OTC,大億金茂,05,1000.0,False,0.0,False,0,11.9,2026-08-20,Shioaji authenticated contract info,2026-08-21 04:31:41.722049
8109,STK,OTC,博大,28,1000.0,False,0.0,False,0,135.5,2026-08-20,Shioaji authenticated contract info,2026-08-21 04:31:41.722049
8111,STK,OTC,立碁,26,1000.0,False,0.0,False,0,55.2,2026-08-20,Shioaji authenticated contract info,2026-08-21 04:31:41.722049
8121,STK,OTC,越峰,28,1000.0,False,0.0,False,0,27.7,2026-08-20,Shioaji authenticated contract info,2026-08-21 04:31:41.722049
8147,STK,OTC,正淩,28,1000.0,False,0.0,False,0,119.0,2026-08-20,Shioaji authenticated contract info,2026-08-21 04:31:41.722049
8155,STK,OTC,博智,28,1000.0,False,0.0,False,0,311.0,2026-08-20,Shioaji authenticated contract info,2026-08-21 04:31:41.722049
8171,STK,OTC,天宇,35,1000.0,False,0.0,False,0,19.4,2026-08-20,Shioaji authenticated contract info,2026-08-21 04:31:41.723602
8176,STK,OTC,智捷,27,1000.0,False,0.0,False,0,9.96,2026-08-20,Shioaji authenticated contract info,2026-08-21 04:31:41.723602
8182,STK,OTC,加高,28,1000.0,False,0.0,False,0,40.4,2026-08-20,Shioaji authenticated contract info,2026-08-21 04:31:41.723602
8183,STK,OTC,精星,31,1000.0,False,0.0,False,0,28.95,2026-08-20,Shioaji authenticated contract info,2026-08-21 04:31:41.723602
8227,STK,OTC,巨有科技,24,1000.0,False,0.0,False,0,148.0,2026-08-20,Shioaji authenticated contract info,2026-08-21 04:31:41.723602
8234,STK,OTC,新漢,25,1000.0,False,0.0,False,0,70.6,2026-08-20,Shioaji authenticated contract info,2026-08-21 04:31:41.723602
8240,STK,OTC,華宏,26,1000.0,False,0.0,False,0,41.5,2026-08-20,Shioaji authenticated contract info,2026-08-21 04:31:41.723602
8255,STK,OTC,朋程,05,1000.0,False,0.0,False,0,146.0,2026-08-20,Shioaji authenticated contract info,2026-08-21 04:31:41.725145
8272,STK,OTC,全景軟體,30,1000.0,False,0.0,False,0,62.5,2026-08-20,Shioaji authenticated contract info,2026-08-21 04:31:41.725145
8277,STK,OTC,商丞,24,1000.0,False,0.0,False,1,8.03,2026-08-20,Shioaji authenticated contract info,2026-08-21 04:31:41.725657
8279,STK,OTC,生展,22,1000.0,False,0.0,False,0,84.6,2026-08-20,Shioaji authenticated contract info,2026-08-21 04:31:41.725657
8284,STK,OTC,三竹,30,1000.0,False,0.0,False,0,66.6,2026-08-20,Shioaji authenticated contract info,2026-08-21 04:31:41.725657
8289,STK,OTC,泰藝,28,1000.0,False,0.0,False,0,47.0,2026-08-20,Shioaji authenticated contract info,2026-08-21 04:31:41.726801
8291,STK,OTC,尚茂,28,1000.0,False,0.0,False,1,33.25,2026-08-20,Shioaji authenticated contract info,2026-08-21 04:31:41.726801
8299,STK,OTC,群聯,24,1000.0,False,0.0,False,0,1965.0,2026-08-20,Shioaji authenticated contract info,2026-08-21 04:31:41.726801
8342,STK,OTC,益張,20,1000.0,False,0.0,False,0,87.4,2026-08-20,Shioaji authenticated contract info,2026-08-21 04:31:41.726801
8349,STK,OTC,恒耀,10,1000.0,False,0.0,False,0,39.4,2026-08-20,Shioaji authenticated contract info,2026-08-21 04:31:41.726801
8354,STK,OTC,冠好,20,1000.0,False,0.0,False,0,17.25,2026-08-20,Shioaji authenticated contract info,2026-08-21 04:31:41.728465
8358,STK,OTC,金居,28,1000.0,False,0.0,False,0,410.5,2026-08-20,Shioaji authenticated contract info,2026-08-21 04:31:41.728465
8383,STK,OTC,千附,24,1000.0,False,0.0,False,0,67.2,2026-08-20,Shioaji authenticated contract info,2026-08-21 04:31:41.728465
8390,STK,OTC,金益鼎,35,1000.0,False,0.0,False,0,95.4,2026-08-20,Shioaji authenticated contract info,2026-08-21 04:31:41.728465
8401,STK,OTC,白紗科,20,1000.0,False,0.0,False,0,22.85,2026-08-20,Shioaji authenticated contract info,2026-08-21 04:31:41.728465
8403,STK,OTC,盛弘,22,1000.0,False,0.0,False,0,19.35,2026-08-20,Shioaji authenticated contract info,2026-08-21 04:31:41.728465
8409,STK,OTC,商之器,22,1000.0,False,0.0,False,0,18.3,2026-08-20,Shioaji authenticated contract info,2026-08-21 04:31:41.730132
8410,STK,OTC,森田,25,1000.0,False,0.0,False,0,31.5,2026-08-20,Shioaji authenticated contract info,2026-08-21 04:31:41.730132
8415,STK,OTC,大國鋼,10,1000.0,False,0.0,False,0,38.0,2026-08-20,Shioaji authenticated contract info,2026-08-21 04:31:41.730651
8416,STK,OTC,實威,30,1000.0,False,0.0,False,0,168.5,2026-08-20,Shioaji authenticated contract info,2026-08-21 04:31:41.730651
8421,STK,OTC,旭源,20,1000.0,False,0.0,False,0,13.15,2026-08-20,Shioaji authenticated contract info,2026-08-21 04:31:41.730651
8423,STK,OTC,保綠-KY,35,1000.0,False,0.0,False,0,17.8,2026-08-20,Shioaji authenticated contract info,2026-08-21 04:31:41.731719
8424,STK,OTC,惠普,14,1000.0,False,0.0,False,0,69.2,2026-08-20,Shioaji authenticated contract info,2026-08-21 04:31:41.731719
8426,STK,OTC,紅木-KY,20,1000.0,False,0.0,False,0,21.2,2026-08-20,Shioaji authenticated contract info,2026-08-21 04:31:41.732246
8431,STK,OTC,匯鑽科,31,1000.0,False,0.0,False,0,44.5,2026-08-20,Shioaji authenticated contract info,2026-08-21 04:31:41.732246
8432,STK,OTC,東生華,22,1000.0,False,0.0,False,0,50.0,2026-08-20,Shioaji authenticated contract info,2026-08-21 04:31:41.732246
8433,STK,OTC,弘帆,38,1000.0,False,0.0,False,0,54.4,2026-08-20,Shioaji authenticated contract info,2026-08-21 04:31:41.732246
8435,STK,OTC,鉅邁,20,1000.0,False,0.0,False,0,53.5,2026-08-20,Shioaji authenticated contract info,2026-08-21 04:31:41.733257
8436,STK,OTC,大江,22,1000.0,False,0.0,False,0,124.0,2026-08-20,Shioaji authenticated contract info,2026-08-21 04:31:41.733257
8437,STK,OTC,大地-KY,20,1000.0,False,0.0,False,0,9.05,2026-08-20,Shioaji authenticated contract info,2026-08-21 04:31:41.733257
8440,STK,OTC,綠電,35,1000.0,False,0.0,False,0,20.3,2026-08-20,Shioaji authenticated contract info,2026-08-21 04:31:41.733257
8444,STK,OTC,綠河-KY,20,1000.0,False,0.0,False,2,5.01,2026-08-20,Shioaji authenticated contract info,2026-08-21 04:31:41.733257
8446,STK,OTC,華研,32,1000.0,False,0.0,False,0,85.1,2026-08-20,Shioaji authenticated contract info,2026-08-21 04:31:41.733257
8450,STK,OTC,霹靂,32,1000.0,False,0.0,False,0,14.45,2026-08-20,Shioaji authenticated contract info,2026-08-21 04:31:41.734808
8455,STK,OTC,大拓-KY,31,1000.0,False,0.0,False,0,23.3,2026-08-20,Shioaji authenticated contract info,2026-08-21 04:31:41.734808
8472,STK,OTC,夠麻吉,36,1000.0,False,0.0,False,0,69.3,2026-08-20,Shioaji authenticated contract info,2026-08-21 04:31:41.734808
8477,STK,OTC,創業家,36,1000.0,False,0.0,False,0,15.9,2026-08-20,Shioaji authenticated contract info,2026-08-21 04:31:41.734808
8489,STK,OTC,三貝德,20,1000.0,False,0.0,False,0,22.7,2026-08-20,Shioaji authenticated contract info,2026-08-21 04:31:41.734808
8905,STK,OTC,裕國,20,1000.0,False,0.0,False,0,34.55,2026-08-20,Shioaji authenticated contract info,2026-08-21 04:31:41.734808
8906,STK,OTC,花王,20,1000.0,False,0.0,False,0,27.6,2026-08-20,Shioaji authenticated contract info,2026-08-21 04:31:41.736334
8908,STK,OTC,欣雄,23,1000.0,False,0.0,False,0,39.6,2026-08-20,Shioaji authenticated contract info,2026-08-21 04:31:41.736334
8916,STK,OTC,光隆,20,1000.0,False,0.0,False,0,40.4,2026-08-20,Shioaji authenticated contract info,2026-08-21 04:31:41.736334
8917,STK,OTC,欣泰,23,1000.0,False,0.0,False,0,53.5,2026-08-20,Shioaji authenticated contract info,2026-08-21 04:31:41.736899
8921,STK,OTC,沈氏,20,1000.0,False,0.0,False,0,17.4,2026-08-20,Shioaji authenticated contract info,2026-08-21 04:31:41.736899
8923,STK,OTC,時報,32,1000.0,False,0.0,False,0,18.65,2026-08-20,Shioaji authenticated contract info,2026-08-21 04:31:41.737417
8924,STK,OTC,大田,37,1000.0,False,0.0,False,0,50.6,2026-08-20,Shioaji authenticated contract info,2026-08-21 04:31:41.737417
8927,STK,OTC,北基,23,1000.0,False,0.0,False,0,19.9,2026-08-20,Shioaji authenticated contract info,2026-08-21 04:31:41.737417
8928,STK,OTC,鉅明,37,1000.0,False,0.0,False,0,22.9,2026-08-20,Shioaji authenticated contract info,2026-08-21 04:31:41.737417
8929,STK,OTC,富堡,20,1000.0,False,0.0,False,0,13.15,2026-08-20,Shioaji authenticated contract info,2026-08-21 04:31:41.737417
8930,STK,OTC,青鋼,10,1000.0,False,0.0,False,0,29.35,2026-08-20,Shioaji authenticated contract info,2026-08-21 04:31:41.737417
8931,STK,OTC,大汽電,23,1000.0,False,0.0,False,0,40.6,2026-08-20,Shioaji authenticated contract info,2026-08-21 04:31:41.737417
8932,STK,OTC,智通*,36,1000.0,False,0.0,False,0,109.0,2026-08-20,Shioaji authenticated contract info,2026-08-21 04:31:41.738969
8933,STK,OTC,愛地雅,37,1000.0,False,0.0,False,1,4.44,2026-08-20,Shioaji authenticated contract info,2026-08-21 04:31:41.738969
8935,STK,OTC,邦泰,20,1000.0,False,0.0,False,0,17.4,2026-08-20,Shioaji authenticated contract info,2026-08-21 04:31:41.738969
8936,STK,OTC,國統,20,1000.0,False,0.0,False,0,50.6,2026-08-20,Shioaji authenticated contract info,2026-08-21 04:31:41.738969
8937,STK,OTC,合騏*,20,1000.0,False,0.0,False,0,25.55,2026-08-20,Shioaji authenticated contract info,2026-08-21 04:31:41.738969
8938,STK,OTC,明安,37,1000.0,False,0.0,False,0,52.7,2026-08-20,Shioaji authenticated contract info,2026-08-21 04:31:41.740557
8941,STK,OTC,關中,38,1000.0,False,0.0,False,0,44.75,2026-08-20,Shioaji authenticated contract info,2026-08-21 04:31:41.740557
8942,STK,OTC,森鉅,20,1000.0,False,0.0,False,0,41.25,2026-08-20,Shioaji authenticated contract info,2026-08-21 04:31:41.741081
9949,STK,OTC,琉園,32,1000.0,False,0.0,False,0,23.3,2026-08-20,Shioaji authenticated contract info,2026-08-21 04:31:41.741081
9950,STK,OTC,萬國通,03,1000.0,False,0.0,False,0,10.2,2026-08-20,Shioaji authenticated contract info,2026-08-21 04:31:41.741081
9951,STK,OTC,皇田,05,1000.0,False,0.0,False,0,53.9,2026-08-20,Shioaji authenticated contract info,2026-08-21 04:31:41.741081
9960,STK,OTC,邁達康,37,1000.0,False,0.0,False,0,30.2,2026-08-20,Shioaji authenticated contract info,2026-08-21 04:31:41.742101
9962,STK,OTC,有益,10,1000.0,False,0.0,False,0,10.15,2026-08-20,Shioaji authenticated contract info,2026-08-21 04:31:41.742486
1101,STK,TSE,台泥,01,1000.0,False,0.0,False,0,24.05,2026-08-20,Shioaji authenticated contract info,2026-08-21 04:31:41.742486
1102,STK,TSE,亞泥,01,1000.0,False,0.0,False,0,33.8,2026-08-20,Shioaji authenticated contract info,2026-08-21 04:31:41.742486
1103,STK,TSE,嘉泥,01,1000.0,False,0.0,False,0,13.05,2026-08-20,Shioaji authenticated contract info,2026-08-21 04:31:41.742486
1104,STK,TSE,環泥,01,1000.0,False,0.0,False,0,26.4,2026-08-20,Shioaji authenticated contract info,2026-08-21 04:31:41.743495
1108,STK,TSE,幸福,01,1000.0,False,0.0,False,0,11.7,2026-08-20,Shioaji authenticated contract info,2026-08-21 04:31:41.743495
1109,STK,TSE,信大,01,1000.0,False,0.0,False,0,13.55,2026-08-20,Shioaji authenticated contract info,2026-08-21 04:31:41.743495
1110,STK,TSE,東泥,01,1000.0,False,0.0,False,0,15.9,2026-08-20,Shioaji authenticated contract info,2026-08-21 04:31:41.744022
1201,STK,TSE,味全,02,1000.0,False,0.0,False,0,12.3,2026-08-20,Shioaji authenticated contract info,2026-08-21 04:31:41.744022
1203,STK,TSE,味王,02,1000.0,False,0.0,False,0,42.8,2026-08-20,Shioaji authenticated contract info,2026-08-21 04:31:41.744022
1210,STK,TSE,大成,02,1000.0,False,0.0,False,0,52.8,2026-08-20,Shioaji authenticated contract info,2026-08-21 04:31:41.744022
1213,STK,TSE,大飲,02,1000.0,False,0.0,False,1,7.3,2026-08-20,Shioaji authenticated contract info,2026-08-21 04:31:41.745040
1215,STK,TSE,卜蜂,02,1000.0,False,0.0,False,0,109.0,2026-08-20,Shioaji authenticated contract info,2026-08-21 04:31:41.745040
1216,STK,TSE,統一,02,1000.0,False,0.0,False,0,77.5,2026-08-20,Shioaji authenticated contract info,2026-08-21 04:31:41.745040
1217,STK,TSE,愛之味,02,1000.0,False,0.0,False,0,9.93,2026-08-20,Shioaji authenticated contract info,2026-08-21 04:31:41.745040
1218,STK,TSE,泰山,02,1000.0,False,0.0,False,0,14.25,2026-08-20,Shioaji authenticated contract info,2026-08-21 04:31:41.746060
1219,STK,TSE,福壽,02,1000.0,False,0.0,False,0,11.0,2026-08-20,Shioaji authenticated contract info,2026-08-21 04:31:41.746060
1220,STK,TSE,台榮,02,1000.0,False,0.0,False,0,10.9,2026-08-20,Shioaji authenticated contract info,2026-08-21 04:31:41.746570
1225,STK,TSE,福懋油,02,1000.0,False,0.0,False,0,24.0,2026-08-20,Shioaji authenticated contract info,2026-08-21 04:31:41.746570
1227,STK,TSE,佳格,02,1000.0,False,0.0,False,0,28.9,2026-08-20,Shioaji authenticated contract info,2026-08-21 04:31:41.747282
1229,STK,TSE,聯華,02,1000.0,False,0.0,False,0,41.45,2026-08-20,Shioaji authenticated contract info,2026-08-21 04:31:41.747282
1231,STK,TSE,聯華食,02,1000.0,False,0.0,False,0,83.9,2026-08-20,Shioaji authenticated contract info,2026-08-21 04:31:41.747282
1232,STK,TSE,大統益,02,1000.0,False,0.0,False,0,155.0,2026-08-20,Shioaji authenticated contract info,2026-08-21 04:31:41.747282
1233,STK,TSE,天仁,02,1000.0,False,0.0,False,0,27.55,2026-08-20,Shioaji authenticated contract info,2026-08-21 04:31:41.747282
1234,STK,TSE,黑松,02,1000.0,False,0.0,False,0,33.25,2026-08-20,Shioaji authenticated contract info,2026-08-21 04:31:41.748306
1235,STK,TSE,興泰,02,1000.0,False,0.0,False,0,35.1,2026-08-20,Shioaji authenticated contract info,2026-08-21 04:31:41.749869
1236,STK,TSE,宏亞,02,1000.0,False,0.0,False,0,25.35,2026-08-20,Shioaji authenticated contract info,2026-08-21 04:31:41.749869
1256,STK,TSE,鮮活果汁-KY,02,1000.0,False,0.0,False,0,176.0,2026-08-20,Shioaji authenticated contract info,2026-08-21 04:31:41.749869
1301,STK,TSE,台塑,03,1000.0,False,0.0,False,0,56.8,2026-08-20,Shioaji authenticated contract info,2026-08-21 04:31:41.749869
1303,STK,TSE,南亞,03,1000.0,False,0.0,False,0,187.5,2026-08-20,Shioaji authenticated contract info,2026-08-21 04:31:41.751643
1304,STK,TSE,台聚,03,1000.0,False,0.0,False,0,11.8,2026-08-20,Shioaji authenticated contract info,2026-08-21 04:31:41.751643
1305,STK,TSE,華夏,03,1000.0,False,0.0,False,0,11.75,2026-08-20,Shioaji authenticated contract info,2026-08-21 04:31:41.751643
1307,STK,TSE,三芳,03,1000.0,False,0.0,False,0,30.3,2026-08-20,Shioaji authenticated contract info,2026-08-21 04:31:41.751643
1308,STK,TSE,亞聚,03,1000.0,False,0.0,False,0,13.35,2026-08-20,Shioaji authenticated contract info,2026-08-21 04:31:41.751643
1309,STK,TSE,台達化,03,1000.0,False,0.0,False,0,12.7,2026-08-20,Shioaji authenticated contract info,2026-08-21 04:31:41.751643
1310,STK,TSE,台苯,03,1000.0,False,0.0,False,0,8.1,2026-08-20,Shioaji authenticated contract info,2026-08-21 04:31:41.751643
1312,STK,TSE,國喬,03,1000.0,False,0.0,False,0,11.75,2026-08-20,Shioaji authenticated contract info,2026-08-21 04:31:41.751643
1313,STK,TSE,聯成,03,1000.0,False,0.0,False,0,11.4,2026-08-20,Shioaji authenticated contract info,2026-08-21 04:31:41.753201
1314,STK,TSE,中石化,03,1000.0,False,0.0,False,0,7.8,2026-08-20,Shioaji authenticated contract info,2026-08-21 04:31:41.753201
1315,STK,TSE,達新,03,1000.0,False,0.0,False,0,65.7,2026-08-20,Shioaji authenticated contract info,2026-08-21 04:31:41.753201
1316,STK,TSE,上曜,14,1000.0,False,0.0,False,0,10.6,2026-08-20,Shioaji authenticated contract info,2026-08-21 04:31:41.753201
1319,STK,TSE,東陽,12,1000.0,False,0.0,False,0,81.7,2026-08-20,Shioaji authenticated contract info,2026-08-21 04:31:41.753201
1321,STK,TSE,大洋,03,1000.0,False,0.0,False,0,31.8,2026-08-20,Shioaji authenticated contract info,2026-08-21 04:31:41.753201
1323,STK,TSE,永裕,03,1000.0,False,0.0,False,0,21.4,2026-08-20,Shioaji authenticated contract info,2026-08-21 04:31:41.753201
1324,STK,TSE,地球,03,1000.0,False,0.0,False,0,9.99,2026-08-20,Shioaji authenticated contract info,2026-08-21 04:31:41.754769
1325,STK,TSE,恆大,03,1000.0,False,0.0,False,0,26.15,2026-08-20,Shioaji authenticated contract info,2026-08-21 04:31:41.754769
1326,STK,TSE,台化,03,1000.0,False,0.0,False,0,56.7,2026-08-20,Shioaji authenticated contract info,2026-08-21 04:31:41.754769
1337,STK,TSE,再生-KY,03,1000.0,False,0.0,False,0,4.58,2026-08-20,Shioaji authenticated contract info,2026-08-21 04:31:41.754769
1338,STK,TSE,廣華-KY,12,1000.0,False,0.0,False,0,14.7,2026-08-20,Shioaji authenticated contract info,2026-08-21 04:31:41.754769
1339,STK,TSE,昭輝,12,1000.0,False,0.0,False,0,45.45,2026-08-20,Shioaji authenticated contract info,2026-08-21 04:31:41.754769
1340,STK,TSE,勝悅-KY,03,1000.0,False,0.0,False,0,5.15,2026-08-20,Shioaji authenticated contract info,2026-08-21 04:31:41.754769
1341,STK,TSE,富林-KY,03,1000.0,False,0.0,False,0,58.4,2026-08-20,Shioaji authenticated contract info,2026-08-21 04:31:41.754769
1342,STK,TSE,八貫,20,1000.0,False,0.0,False,0,102.0,2026-08-20,Shioaji authenticated contract info,2026-08-21 04:31:41.756296
1402,STK,TSE,遠東新,04,1000.0,False,0.0,False,0,28.0,2026-08-20,Shioaji authenticated contract info,2026-08-21 04:31:41.756296
1409,STK,TSE,新纖,04,1000.0,False,0.0,False,0,24.1,2026-08-20,Shioaji authenticated contract info,2026-08-21 04:31:41.756296
1410,STK,TSE,南染,04,1000.0,False,0.0,False,0,25.65,2026-08-20,Shioaji authenticated contract info,2026-08-21 04:31:41.756296
1413,STK,TSE,宏洲,04,1000.0,False,0.0,False,0,9.24,2026-08-20,Shioaji authenticated contract info,2026-08-21 04:31:41.756296
1414,STK,TSE,東和,04,1000.0,False,0.0,False,0,20.0,2026-08-20,Shioaji authenticated contract info,2026-08-21 04:31:41.756296
1416,STK,TSE,廣豐,20,1000.0,False,0.0,False,0,11.75,2026-08-20,Shioaji authenticated contract info,2026-08-21 04:31:41.756296
1417,STK,TSE,嘉裕,04,1000.0,False,0.0,False,0,8.18,2026-08-20,Shioaji authenticated contract info,2026-08-21 04:31:41.756296
1418,STK,TSE,東華,04,1000.0,False,0.0,False,0,17.75,2026-08-20,Shioaji authenticated contract info,2026-08-21 04:31:41.757840
1419,STK,TSE,新紡,04,1000.0,False,0.0,False,0,63.4,2026-08-20,Shioaji authenticated contract info,2026-08-21 04:31:41.757840
1423,STK,TSE,利華,04,1000.0,False,0.0,False,0,34.8,2026-08-20,Shioaji authenticated contract info,2026-08-21 04:31:41.757840
1432,STK,TSE,大魯閣,37,1000.0,False,0.0,False,0,15.0,2026-08-20,Shioaji authenticated contract info,2026-08-21 04:31:41.757840
1434,STK,TSE,福懋,04,1000.0,False,0.0,False,0,17.5,2026-08-20,Shioaji authenticated contract info,2026-08-21 04:31:41.757840
1435,STK,TSE,中福,20,1000.0,False,0.0,False,0,24.35,2026-08-20,Shioaji authenticated contract info,2026-08-21 04:31:41.757840
1436,STK,TSE,華友聯,14,1000.0,False,0.0,False,0,38.0,2026-08-20,Shioaji authenticated contract info,2026-08-21 04:31:41.757840
1437,STK,TSE,勤益控,20,1000.0,False,0.0,False,0,32.2,2026-08-20,Shioaji authenticated contract info,2026-08-21 04:31:41.757840
1438,STK,TSE,三地開發,14,1000.0,False,0.0,False,0,22.45,2026-08-20,Shioaji authenticated contract info,2026-08-21 04:31:41.759379
1439,STK,TSE,雋揚,14,1000.0,False,0.0,False,0,29.3,2026-08-20,Shioaji authenticated contract info,2026-08-21 04:31:41.759801
1440,STK,TSE,南紡,04,1000.0,False,0.0,False,0,13.35,2026-08-20,Shioaji authenticated contract info,2026-08-21 04:31:41.759801
1441,STK,TSE,大東,04,1000.0,False,0.0,False,0,8.8,2026-08-20,Shioaji authenticated contract info,2026-08-21 04:31:41.759801
1442,STK,TSE,名軒,14,1000.0,False,0.0,False,0,29.9,2026-08-20,Shioaji authenticated contract info,2026-08-21 04:31:41.759801
1443,STK,TSE,立益物流,20,1000.0,False,0.0,False,0,24.15,2026-08-20,Shioaji authenticated contract info,2026-08-21 04:31:41.759801
1444,STK,TSE,力麗,04,1000.0,False,0.0,False,0,7.14,2026-08-20,Shioaji authenticated contract info,2026-08-21 04:31:41.760809
1445,STK,TSE,大宇,04,1000.0,False,0.0,False,0,10.15,2026-08-20,Shioaji authenticated contract info,2026-08-21 04:31:41.760809
1446,STK,TSE,宏和,04,1000.0,False,0.0,False,0,13.6,2026-08-20,Shioaji authenticated contract info,2026-08-21 04:31:41.760809
1447,STK,TSE,力鵬,04,1000.0,False,0.0,False,0,6.79,2026-08-20,Shioaji authenticated contract info,2026-08-21 04:31:41.760809
1449,STK,TSE,佳和,04,1000.0,False,0.0,False,0,12.05,2026-08-20,Shioaji authenticated contract info,2026-08-21 04:31:41.760809
1451,STK,TSE,年興,04,1000.0,False,0.0,False,0,17.25,2026-08-20,Shioaji authenticated contract info,2026-08-21 04:31:41.760809
1452,STK,TSE,宏益,04,1000.0,False,0.0,False,0,11.3,2026-08-20,Shioaji authenticated contract info,2026-08-21 04:31:41.762401
1453,STK,TSE,大將,14,1000.0,False,0.0,False,0,11.15,2026-08-20,Shioaji authenticated contract info,2026-08-21 04:31:41.762401
1454,STK,TSE,台富,04,1000.0,False,0.0,False,0,12.3,2026-08-20,Shioaji authenticated contract info,2026-08-21 04:31:41.762401
1455,STK,TSE,集盛,04,1000.0,False,0.0,False,0,9.99,2026-08-20,Shioaji authenticated contract info,2026-08-21 04:31:41.762401
1456,STK,TSE,怡華,14,1000.0,False,0.0,False,0,13.5,2026-08-20,Shioaji authenticated contract info,2026-08-21 04:31:41.762401
1457,STK,TSE,宜進,04,1000.0,False,0.0,False,0,14.35,2026-08-20,Shioaji authenticated contract info,2026-08-21 04:31:41.762401
1459,STK,TSE,聯發,04,1000.0,False,0.0,False,0,14.0,2026-08-20,Shioaji authenticated contract info,2026-08-21 04:31:41.762401
1460,STK,TSE,宏遠,04,1000.0,False,0.0,False,0,6.52,2026-08-20,Shioaji authenticated contract info,2026-08-21 04:31:41.762401
1463,STK,TSE,強盛新,04,1000.0,False,0.0,False,0,17.45,2026-08-20,Shioaji authenticated contract info,2026-08-21 04:31:41.762401
1464,STK,TSE,得力,04,1000.0,False,0.0,False,0,10.1,2026-08-20,Shioaji authenticated contract info,2026-08-21 04:31:41.762401
1465,STK,TSE,偉全,04,1000.0,False,0.0,False,0,12.05,2026-08-20,Shioaji authenticated contract info,2026-08-21 04:31:41.762401
1466,STK,TSE,聚隆,04,1000.0,False,0.0,False,0,16.35,2026-08-20,Shioaji authenticated contract info,2026-08-21 04:31:41.762401
1467,STK,TSE,南緯,04,1000.0,False,0.0,False,0,8.31,2026-08-20,Shioaji authenticated contract info,2026-08-21 04:31:41.762401
1468,STK,TSE,昶和,04,1000.0,False,0.0,False,0,13.05,2026-08-20,Shioaji authenticated contract info,2026-08-21 04:31:41.762401
1470,STK,TSE,大統新創,04,1000.0,False,0.0,False,0,23.75,2026-08-20,Shioaji authenticated contract info,2026-08-21 04:31:41.762401
1471,STK,TSE,首利,28,1000.0,False,0.0,False,0,9.41,2026-08-20,Shioaji authenticated contract info,2026-08-21 04:31:41.762401
1472,STK,TSE,三洋實業,14,1000.0,False,0.0,False,0,87.4,2026-08-20,Shioaji authenticated contract info,2026-08-21 04:31:41.762401
1473,STK,TSE,台南,04,1000.0,False,0.0,False,0,19.7,2026-08-20,Shioaji authenticated contract info,2026-08-21 04:31:41.762401
1474,STK,TSE,弘裕,04,1000.0,False,0.0,False,0,9.99,2026-08-20,Shioaji authenticated contract info,2026-08-21 04:31:41.762401
1475,STK,TSE,業旺,04,1000.0,False,0.0,False,0,25.55,2026-08-20,Shioaji authenticated contract info,2026-08-21 04:31:41.767082
1476,STK,TSE,儒鴻,04,1000.0,False,0.0,False,0,311.5,2026-08-20,Shioaji authenticated contract info,2026-08-21 04:31:41.768769
1477,STK,TSE,聚陽,04,1000.0,False,0.0,False,0,192.5,2026-08-20,Shioaji authenticated contract info,2026-08-21 04:31:41.768769
1503,STK,TSE,士電,05,1000.0,False,0.0,False,0,197.0,2026-08-20,Shioaji authenticated contract info,2026-08-21 04:31:41.769858
1504,STK,TSE,東元,05,1000.0,False,0.0,False,0,71.8,2026-08-20,Shioaji authenticated contract info,2026-08-21 04:31:41.770384
1506,STK,TSE,正道,05,1000.0,False,0.0,False,0,10.1,2026-08-20,Shioaji authenticated contract info,2026-08-21 04:31:41.770384
1512,STK,TSE,瑞利,12,1000.0,False,0.0,False,0,6.54,2026-08-20,Shioaji authenticated contract info,2026-08-21 04:31:41.770384
1513,STK,TSE,中興電,05,1000.0,False,0.0,False,0,164.0,2026-08-20,Shioaji authenticated contract info,2026-08-21 04:31:41.770384
1514,STK,TSE,亞力,05,1000.0,False,0.0,False,0,99.5,2026-08-20,Shioaji authenticated contract info,2026-08-21 04:31:41.770384
1515,STK,TSE,力山,05,1000.0,False,0.0,False,0,31.4,2026-08-20,Shioaji authenticated contract info,2026-08-21 04:31:41.770384
1516,STK,TSE,川飛,20,1000.0,False,0.0,False,0,14.7,2026-08-20,Shioaji authenticated contract info,2026-08-21 04:31:41.770384
1517,STK,TSE,利奇,05,1000.0,False,0.0,False,0,11.5,2026-08-20,Shioaji authenticated contract info,2026-08-21 04:31:41.771912
1519,STK,TSE,華城,05,1000.0,False,0.0,False,0,718.0,2026-08-20,Shioaji authenticated contract info,2026-08-21 04:31:41.771912
1521,STK,TSE,大億,12,1000.0,False,0.0,False,0,25.4,2026-08-20,Shioaji authenticated contract info,2026-08-21 04:31:41.771912
1522,STK,TSE,堤維西,12,1000.0,False,0.0,False,0,27.65,2026-08-20,Shioaji authenticated contract info,2026-08-21 04:31:41.771912
1524,STK,TSE,耿鼎,12,1000.0,False,0.0,False,0,27.0,2026-08-20,Shioaji authenticated contract info,2026-08-21 04:31:41.771912
1525,STK,TSE,江申,12,1000.0,False,0.0,False,0,67.0,2026-08-20,Shioaji authenticated contract info,2026-08-21 04:31:41.772939
1526,STK,TSE,日馳,05,1000.0,False,0.0,False,0,17.0,2026-08-20,Shioaji authenticated contract info,2026-08-21 04:31:41.772939
1527,STK,TSE,鑽全,05,1000.0,False,0.0,False,0,32.7,2026-08-20,Shioaji authenticated contract info,2026-08-21 04:31:41.772939
1528,STK,TSE,恩德,05,1000.0,False,0.0,False,0,18.55,2026-08-20,Shioaji authenticated contract info,2026-08-21 04:31:41.772939
1529,STK,TSE,樂事綠能,05,1000.0,False,0.0,False,0,16.8,2026-08-20,Shioaji authenticated contract info,2026-08-21 04:31:41.772939
1530,STK,TSE,亞崴,05,1000.0,False,0.0,False,0,28.75,2026-08-20,Shioaji authenticated contract info,2026-08-21 04:31:41.772939
1531,STK,TSE,高林股,05,1000.0,False,0.0,False,0,13.0,2026-08-20,Shioaji authenticated contract info,2026-08-21 04:31:41.772939
1532,STK,TSE,勤美,05,1000.0,False,0.0,False,0,22.5,2026-08-20,Shioaji authenticated contract info,2026-08-21 04:31:41.772939
1533,STK,TSE,車王電,12,1000.0,False,0.0,False,0,31.1,2026-08-20,Shioaji authenticated contract info,2026-08-21 04:31:41.774492
1535,STK,TSE,中宇,05,1000.0,False,0.0,False,0,45.75,2026-08-20,Shioaji authenticated contract info,2026-08-21 04:31:41.774492
1536,STK,TSE,和大,12,1000.0,False,0.0,False,0,50.2,2026-08-20,Shioaji authenticated contract info,2026-08-21 04:31:41.774492
1537,STK,TSE,廣隆,05,1000.0,False,0.0,False,0,121.0,2026-08-20,Shioaji authenticated contract info,2026-08-21 04:31:41.774492
1538,STK,TSE,正峰,05,1000.0,False,0.0,False,1,9.16,2026-08-20,Shioaji authenticated contract info,2026-08-21 04:31:41.774492
1539,STK,TSE,巨庭,05,1000.0,False,0.0,False,0,15.7,2026-08-20,Shioaji authenticated contract info,2026-08-21 04:31:41.775828
1540,STK,TSE,喬福,05,1000.0,False,0.0,False,0,19.0,2026-08-20,Shioaji authenticated contract info,2026-08-21 04:31:41.775828
1541,STK,TSE,錩泰,05,1000.0,False,0.0,False,0,21.6,2026-08-20,Shioaji authenticated contract info,2026-08-21 04:31:41.775828
1558,STK,TSE,伸興,05,1000.0,False,0.0,False,0,99.7,2026-08-20,Shioaji authenticated contract info,2026-08-21 04:31:41.775828
1560,STK,TSE,中砂,05,1000.0,False,0.0,False,0,707.0,2026-08-20,Shioaji authenticated contract info,2026-08-21 04:31:41.775828
1563,STK,TSE,巧新,12,1000.0,False,0.0,False,0,61.0,2026-08-20,Shioaji authenticated contract info,2026-08-21 04:31:41.775828
1568,STK,TSE,倉佑,12,1000.0,False,0.0,False,0,28.6,2026-08-20,Shioaji authenticated contract info,2026-08-21 04:31:41.777062
1582,STK,TSE,信錦,28,1000.0,False,0.0,False,0,72.9,2026-08-20,Shioaji authenticated contract info,2026-08-21 04:31:41.777062
1583,STK,TSE,程泰,05,1000.0,False,0.0,False,0,48.75,2026-08-20,Shioaji authenticated contract info,2026-08-21 04:31:41.777062
1587,STK,TSE,吉茂,12,1000.0,False,0.0,False,0,23.85,2026-08-20,Shioaji authenticated contract info,2026-08-21 04:31:41.777062
1590,STK,TSE,亞德客-KY,05,1000.0,False,0.0,False,0,1455.0,2026-08-20,Shioaji authenticated contract info,2026-08-21 04:31:41.778629
1597,STK,TSE,直得,05,1000.0,False,0.0,False,0,134.5,2026-08-20,Shioaji authenticated contract info,2026-08-21 04:31:41.778629
1598,STK,TSE,岱宇,37,1000.0,False,0.0,False,0,19.65,2026-08-20,Shioaji authenticated contract info,2026-08-21 04:31:41.778629
1603,STK,TSE,華電,06,1000.0,False,0.0,False,0,30.45,2026-08-20,Shioaji authenticated contract info,2026-08-21 04:31:41.778629
1604,STK,TSE,聲寶,06,1000.0,False,0.0,False,0,23.1,2026-08-20,Shioaji authenticated contract info,2026-08-21 04:31:41.780322
1605,STK,TSE,華新,06,1000.0,False,0.0,False,0,36.8,2026-08-20,Shioaji authenticated contract info,2026-08-21 04:31:41.780322
1608,STK,TSE,華榮,06,1000.0,False,0.0,False,0,35.3,2026-08-20,Shioaji authenticated contract info,2026-08-21 04:31:41.780322
1609,STK,TSE,大亞,06,1000.0,False,0.0,False,0,36.8,2026-08-20,Shioaji authenticated contract info,2026-08-21 04:31:41.780322
1611,STK,TSE,中電,06,1000.0,False,0.0,False,0,11.95,2026-08-20,Shioaji authenticated contract info,2026-08-21 04:31:41.780322
1612,STK,TSE,宏泰,06,1000.0,False,0.0,False,0,34.45,2026-08-20,Shioaji authenticated contract info,2026-08-21 04:31:41.780322
1614,STK,TSE,三洋電,06,1000.0,False,0.0,False,0,30.55,2026-08-20,Shioaji authenticated contract info,2026-08-21 04:31:41.780322
1615,STK,TSE,大山,06,1000.0,False,0.0,False,0,44.0,2026-08-20,Shioaji authenticated contract info,2026-08-21 04:31:41.780322
1616,STK,TSE,億泰,06,1000.0,False,0.0,False,0,19.05,2026-08-20,Shioaji authenticated contract info,2026-08-21 04:31:41.781915
1617,STK,TSE,榮星,06,1000.0,False,0.0,False,0,17.35,2026-08-20,Shioaji authenticated contract info,2026-08-21 04:31:41.781915
1618,STK,TSE,合機,06,1000.0,False,0.0,False,0,38.5,2026-08-20,Shioaji authenticated contract info,2026-08-21 04:31:41.782434
1623,STK,TSE,大東電,06,1000.0,False,0.0,False,0,203.0,2026-08-20,Shioaji authenticated contract info,2026-08-21 04:31:41.782434
1626,STK,TSE,艾美特-KY,06,1000.0,False,0.0,False,0,9.51,2026-08-20,Shioaji authenticated contract info,2026-08-21 04:31:41.782434
1702,STK,TSE,南僑,02,1000.0,False,0.0,False,0,32.2,2026-08-20,Shioaji authenticated contract info,2026-08-21 04:31:41.782434
1707,STK,TSE,葡萄王,22,1000.0,False,0.0,False,0,90.2,2026-08-20,Shioaji authenticated contract info,2026-08-21 04:31:41.782434
1708,STK,TSE,東鹼,21,1000.0,False,0.0,False,0,49.8,2026-08-20,Shioaji authenticated contract info,2026-08-21 04:31:41.783445
1709,STK,TSE,和益,21,1000.0,False,0.0,False,0,32.55,2026-08-20,Shioaji authenticated contract info,2026-08-21 04:31:41.783445
1710,STK,TSE,東聯,21,1000.0,False,0.0,False,0,14.9,2026-08-20,Shioaji authenticated contract info,2026-08-21 04:31:41.783445
1711,STK,TSE,永光,21,1000.0,False,0.0,False,0,37.95,2026-08-20,Shioaji authenticated contract info,2026-08-21 04:31:41.783445
1712,STK,TSE,興農,21,1000.0,False,0.0,False,0,39.4,2026-08-20,Shioaji authenticated contract info,2026-08-21 04:31:41.783445
1713,STK,TSE,國化,21,1000.0,False,0.0,False,0,44.15,2026-08-20,Shioaji authenticated contract info,2026-08-21 04:31:41.783445
1714,STK,TSE,和桐,21,1000.0,False,0.0,False,0,16.55,2026-08-20,Shioaji authenticated contract info,2026-08-21 04:31:41.783445
1717,STK,TSE,長興,21,1000.0,False,0.0,False,0,69.6,2026-08-20,Shioaji authenticated contract info,2026-08-21 04:31:41.783445
1718,STK,TSE,中纖,21,1000.0,False,0.0,False,0,10.45,2026-08-20,Shioaji authenticated contract info,2026-08-21 04:31:41.783445
1720,STK,TSE,生達,22,1000.0,False,0.0,False,0,56.0,2026-08-20,Shioaji authenticated contract info,2026-08-21 04:31:41.785075
1721,STK,TSE,三晃,21,1000.0,False,0.0,False,0,19.25,2026-08-20,Shioaji authenticated contract info,2026-08-21 04:31:41.785075
1722,STK,TSE,台肥,21,1000.0,False,0.0,False,0,45.75,2026-08-20,Shioaji authenticated contract info,2026-08-21 04:31:41.785075
1723,STK,TSE,中碳,21,1000.0,False,0.0,False,0,86.3,2026-08-20,Shioaji authenticated contract info,2026-08-21 04:31:41.785075
1725,STK,TSE,元禎,21,1000.0,False,0.0,False,0,30.35,2026-08-20,Shioaji authenticated contract info,2026-08-21 04:31:41.786083
1726,STK,TSE,永記,21,1000.0,False,0.0,False,0,76.8,2026-08-20,Shioaji authenticated contract info,2026-08-21 04:31:41.786083
1727,STK,TSE,中華化,21,1000.0,False,0.0,False,0,92.7,2026-08-20,Shioaji authenticated contract info,2026-08-21 04:31:41.786658
1730,STK,TSE,花仙子,21,1000.0,False,0.0,False,0,51.4,2026-08-20,Shioaji authenticated contract info,2026-08-21 04:31:41.786658
1731,STK,TSE,美吾華,22,1000.0,False,0.0,False,0,20.7,2026-08-20,Shioaji authenticated contract info,2026-08-21 04:31:41.786658
1732,STK,TSE,毛寶,21,1000.0,False,0.0,False,0,26.05,2026-08-20,Shioaji authenticated contract info,2026-08-21 04:31:41.786658
1733,STK,TSE,五鼎,22,1000.0,False,0.0,False,0,31.15,2026-08-20,Shioaji authenticated contract info,2026-08-21 04:31:41.786658
1734,STK,TSE,杏輝,22,1000.0,False,0.0,False,0,32.0,2026-08-20,Shioaji authenticated contract info,2026-08-21 04:31:41.786658
1735,STK,TSE,日勝化,21,1000.0,False,0.0,False,0,20.0,2026-08-20,Shioaji authenticated contract info,2026-08-21 04:31:41.786658
1736,STK,TSE,喬山,37,1000.0,False,0.0,False,0,129.0,2026-08-20,Shioaji authenticated contract info,2026-08-21 04:31:41.786658
1737,STK,TSE,臺鹽,02,1000.0,False,0.0,False,0,32.1,2026-08-20,Shioaji authenticated contract info,2026-08-21 04:31:41.788197
1752,STK,TSE,南光,22,1000.0,False,0.0,False,0,31.75,2026-08-20,Shioaji authenticated contract info,2026-08-21 04:31:41.788197
1760,STK,TSE,寶齡富錦,22,1000.0,False,0.0,False,0,58.1,2026-08-20,Shioaji authenticated contract info,2026-08-21 04:31:41.788197
1762,STK,TSE,中化生,22,1000.0,False,0.0,False,0,34.5,2026-08-20,Shioaji authenticated contract info,2026-08-21 04:31:41.788197
1773,STK,TSE,勝一,21,1000.0,False,0.0,False,0,153.5,2026-08-20,Shioaji authenticated contract info,2026-08-21 04:31:41.788197
1776,STK,TSE,展宇,21,1000.0,False,0.0,False,0,17.0,2026-08-20,Shioaji authenticated contract info,2026-08-21 04:31:41.788197
1783,STK,TSE,和康生,22,1000.0,False,0.0,False,0,40.9,2026-08-20,Shioaji authenticated contract info,2026-08-21 04:31:41.788197
1786,STK,TSE,科妍,22,1000.0,False,0.0,False,0,49.55,2026-08-20,Shioaji authenticated contract info,2026-08-21 04:31:41.788197
1789,STK,TSE,神隆,22,1000.0,False,0.0,False,0,18.95,2026-08-20,Shioaji authenticated contract info,2026-08-21 04:31:41.789738
1795,STK,TSE,美時,22,1000.0,False,0.0,False,0,186.5,2026-08-20,Shioaji authenticated contract info,2026-08-21 04:31:41.789738
1802,STK,TSE,台玻,08,1000.0,False,0.0,False,0,57.1,2026-08-20,Shioaji authenticated contract info,2026-08-21 04:31:41.789738
1805,STK,TSE,寶徠,14,1000.0,False,0.0,False,0,10.15,2026-08-20,Shioaji authenticated contract info,2026-08-21 04:31:41.789738
1806,STK,TSE,冠軍,08,1000.0,False,0.0,False,0,8.0,2026-08-20,Shioaji authenticated contract info,2026-08-21 04:31:41.789738
1808,STK,TSE,潤隆,14,1000.0,False,0.0,False,0,33.3,2026-08-20,Shioaji authenticated contract info,2026-08-21 04:31:41.789738
1809,STK,TSE,中釉,08,1000.0,False,0.0,False,0,37.6,2026-08-20,Shioaji authenticated contract info,2026-08-21 04:31:41.789738
1810,STK,TSE,和成,08,1000.0,False,0.0,False,0,26.1,2026-08-20,Shioaji authenticated contract info,2026-08-21 04:31:41.791285
1817,STK,TSE,凱撒衛,08,1000.0,False,0.0,False,0,40.0,2026-08-20,Shioaji authenticated contract info,2026-08-21 04:31:41.791285
1903,STK,TSE,士紙,09,1000.0,False,0.0,False,0,47.3,2026-08-20,Shioaji authenticated contract info,2026-08-21 04:31:41.791285
1904,STK,TSE,正隆,09,1000.0,False,0.0,False,0,24.75,2026-08-20,Shioaji authenticated contract info,2026-08-21 04:31:41.791285
1905,STK,TSE,華紙,09,1000.0,False,0.0,False,0,13.2,2026-08-20,Shioaji authenticated contract info,2026-08-21 04:31:41.791285
1906,STK,TSE,寶隆,09,1000.0,False,0.0,False,0,11.35,2026-08-20,Shioaji authenticated contract info,2026-08-21 04:31:41.792497
1907,STK,TSE,永豐餘,09,1000.0,False,0.0,False,0,29.95,2026-08-20,Shioaji authenticated contract info,2026-08-21 04:31:41.792497
1909,STK,TSE,榮成,09,1000.0,False,0.0,False,0,11.2,2026-08-20,Shioaji authenticated contract info,2026-08-21 04:31:41.792497
2002,STK,TSE,中鋼,10,1000.0,False,0.0,False,0,18.95,2026-08-20,Shioaji authenticated contract info,2026-08-21 04:31:41.792497
2006,STK,TSE,東和鋼鐵,10,1000.0,False,0.0,False,0,81.3,2026-08-20,Shioaji authenticated contract info,2026-08-21 04:31:41.792497
2007,STK,TSE,燁興,10,1000.0,False,0.0,False,0,6.94,2026-08-20,Shioaji authenticated contract info,2026-08-21 04:31:41.792497
2008,STK,TSE,高興昌,10,1000.0,False,0.0,False,0,30.5,2026-08-20,Shioaji authenticated contract info,2026-08-21 04:31:41.792497
2009,STK,TSE,第一銅,10,1000.0,False,0.0,False,0,38.9,2026-08-20,Shioaji authenticated contract info,2026-08-21 04:31:41.794020
2010,STK,TSE,春源,10,1000.0,False,0.0,False,0,22.65,2026-08-20,Shioaji authenticated contract info,2026-08-21 04:31:41.794020
2012,STK,TSE,春雨,10,1000.0,False,0.0,False,0,14.85,2026-08-20,Shioaji authenticated contract info,2026-08-21 04:31:41.794875
2013,STK,TSE,中鋼構,10,1000.0,False,0.0,False,0,41.1,2026-08-20,Shioaji authenticated contract info,2026-08-21 04:31:41.794875
2014,STK,TSE,中鴻,10,1000.0,False,0.0,False,0,16.9,2026-08-20,Shioaji authenticated contract info,2026-08-21 04:31:41.794875
2015,STK,TSE,豐興,10,1000.0,False,0.0,False,0,63.7,2026-08-20,Shioaji authenticated contract info,2026-08-21 04:31:41.794875
2017,STK,TSE,官田鋼,10,1000.0,False,0.0,False,0,9.03,2026-08-20,Shioaji authenticated contract info,2026-08-21 04:31:41.795883
2020,STK,TSE,美亞,10,1000.0,False,0.0,False,0,21.6,2026-08-20,Shioaji authenticated contract info,2026-08-21 04:31:41.795883
2022,STK,TSE,聚亨,10,1000.0,False,0.0,False,0,7.63,2026-08-20,Shioaji authenticated contract info,2026-08-21 04:31:41.795883
2023,STK,TSE,燁輝,10,1000.0,False,0.0,False,0,13.85,2026-08-20,Shioaji authenticated contract info,2026-08-21 04:31:41.795883
2024,STK,TSE,志聯,10,1000.0,False,0.0,False,0,13.2,2026-08-20,Shioaji authenticated contract info,2026-08-21 04:31:41.795883
2025,STK,TSE,千興,10,1000.0,False,0.0,False,0,12.55,2026-08-20,Shioaji authenticated contract info,2026-08-21 04:31:41.795883
2027,STK,TSE,大成鋼,10,1000.0,False,0.0,False,0,50.0,2026-08-20,Shioaji authenticated contract info,2026-08-21 04:31:41.797518
2028,STK,TSE,威致,10,1000.0,False,0.0,False,0,15.55,2026-08-20,Shioaji authenticated contract info,2026-08-21 04:31:41.797843
2029,STK,TSE,盛餘,10,1000.0,False,0.0,False,0,21.8,2026-08-20,Shioaji authenticated contract info,2026-08-21 04:31:41.798166
2030,STK,TSE,彰源,10,1000.0,False,0.0,False,0,21.5,2026-08-20,Shioaji authenticated contract info,2026-08-21 04:31:41.798166
2031,STK,TSE,新光鋼,10,1000.0,False,0.0,False,0,45.75,2026-08-20,Shioaji authenticated contract info,2026-08-21 04:31:41.798749
2032,STK,TSE,新鋼,10,1000.0,False,0.0,False,0,16.8,2026-08-20,Shioaji authenticated contract info,2026-08-21 04:31:41.798749
2033,STK,TSE,佳大,10,1000.0,False,0.0,False,0,22.5,2026-08-20,Shioaji authenticated contract info,2026-08-21 04:31:41.798749
2034,STK,TSE,允強,10,1000.0,False,0.0,False,0,19.75,2026-08-20,Shioaji authenticated contract info,2026-08-21 04:31:41.798749
2038,STK,TSE,海光,10,1000.0,False,0.0,False,0,12.5,2026-08-20,Shioaji authenticated contract info,2026-08-21 04:31:41.800625
2049,STK,TSE,上銀,05,1000.0,False,0.0,False,0,367.0,2026-08-20,Shioaji authenticated contract info,2026-08-21 04:31:41.801664
2059,STK,TSE,川湖,28,1000.0,False,0.0,False,0,14095.0,2026-08-20,Shioaji authenticated contract info,2026-08-21 04:31:41.801664
2062,STK,TSE,橋椿,38,1000.0,False,0.0,False,0,18.8,2026-08-20,Shioaji authenticated contract info,2026-08-21 04:31:41.803369
2069,STK,TSE,運錩,10,1000.0,False,0.0,False,0,19.85,2026-08-20,Shioaji authenticated contract info,2026-08-21 04:31:41.803369
2072,STK,TSE,世紀風電,35,1000.0,False,0.0,False,0,149.5,2026-08-20,Shioaji authenticated contract info,2026-08-21 04:31:41.803369
2101,STK,TSE,南港,11,1000.0,False,0.0,False,0,32.3,2026-08-20,Shioaji authenticated contract info,2026-08-21 04:31:41.803369
2102,STK,TSE,泰豐,11,1000.0,False,0.0,False,0,18.55,2026-08-20,Shioaji authenticated contract info,2026-08-21 04:31:41.803369
2103,STK,TSE,台橡,11,1000.0,False,0.0,False,0,27.25,2026-08-20,Shioaji authenticated contract info,2026-08-21 04:31:41.803369
2104,STK,TSE,國際中橡,11,1000.0,False,0.0,False,0,10.3,2026-08-20,Shioaji authenticated contract info,2026-08-21 04:31:41.803369
2105,STK,TSE,正新,11,1000.0,False,0.0,False,0,31.05,2026-08-20,Shioaji authenticated contract info,2026-08-21 04:31:41.804935
2106,STK,TSE,建大,11,1000.0,False,0.0,False,0,17.4,2026-08-20,Shioaji authenticated contract info,2026-08-21 04:31:41.804935
2107,STK,TSE,厚生,11,1000.0,False,0.0,False,0,25.95,2026-08-20,Shioaji authenticated contract info,2026-08-21 04:31:41.804935
2108,STK,TSE,南帝,11,1000.0,False,0.0,False,0,29.1,2026-08-20,Shioaji authenticated contract info,2026-08-21 04:31:41.804935
2109,STK,TSE,華豐,11,1000.0,False,0.0,False,0,14.55,2026-08-20,Shioaji authenticated contract info,2026-08-21 04:31:41.804935
2114,STK,TSE,鑫永銓,11,1000.0,False,0.0,False,0,88.0,2026-08-20,Shioaji authenticated contract info,2026-08-21 04:31:41.804935
2115,STK,TSE,六暉-KY,12,1000.0,False,0.0,False,0,23.05,2026-08-20,Shioaji authenticated contract info,2026-08-21 04:31:41.804935
2201,STK,TSE,裕隆,12,1000.0,False,0.0,False,0,28.8,2026-08-20,Shioaji authenticated contract info,2026-08-21 04:31:41.804935
2204,STK,TSE,中華,12,1000.0,False,0.0,False,0,53.0,2026-08-20,Shioaji authenticated contract info,2026-08-21 04:31:41.806493
2206,STK,TSE,三陽工業,12,1000.0,False,0.0,False,0,62.8,2026-08-20,Shioaji authenticated contract info,2026-08-21 04:31:41.806493
2207,STK,TSE,和泰車,12,1000.0,False,0.0,False,0,506.0,2026-08-20,Shioaji authenticated contract info,2026-08-21 04:31:41.806493
2208,STK,TSE,台船,15,1000.0,False,0.0,False,0,19.05,2026-08-20,Shioaji authenticated contract info,2026-08-21 04:31:41.806493
2211,STK,TSE,長榮鋼,10,1000.0,False,0.0,False,0,82.2,2026-08-20,Shioaji authenticated contract info,2026-08-21 04:31:41.806493
2227,STK,TSE,裕日車,12,1000.0,False,0.0,False,0,48.35,2026-08-20,Shioaji authenticated contract info,2026-08-21 04:31:41.806493
2228,STK,TSE,劍麟,12,1000.0,False,0.0,False,0,76.7,2026-08-20,Shioaji authenticated contract info,2026-08-21 04:31:41.806493
2231,STK,TSE,為升,12,1000.0,False,0.0,False,0,96.0,2026-08-20,Shioaji authenticated contract info,2026-08-21 04:31:41.808040
2233,STK,TSE,宇隆,12,1000.0,False,0.0,False,0,188.5,2026-08-20,Shioaji authenticated contract info,2026-08-21 04:31:41.808040
2236,STK,TSE,百達-KY,12,1000.0,False,0.0,False,0,126.0,2026-08-20,Shioaji authenticated contract info,2026-08-21 04:31:41.808040
2237,STK,TSE,華德動能-創,12,1000.0,False,0.0,False,0,26.9,2026-08-20,Shioaji authenticated contract info,2026-08-21 04:31:41.808040
2239,STK,TSE,英利-KY,12,1000.0,False,0.0,False,0,19.4,2026-08-20,Shioaji authenticated contract info,2026-08-21 04:31:41.808040
2241,STK,TSE,艾姆勒,12,1000.0,False,0.0,False,0,34.55,2026-08-20,Shioaji authenticated contract info,2026-08-21 04:31:41.809144
2243,STK,TSE,宏旭-KY,12,1000.0,False,0.0,False,0,40.0,2026-08-20,Shioaji authenticated contract info,2026-08-21 04:31:41.809144
2247,STK,TSE,汎德永業,12,1000.0,False,0.0,False,0,222.0,2026-08-20,Shioaji authenticated contract info,2026-08-21 04:31:41.809144
2248,STK,TSE,華勝-KY,12,1000.0,False,0.0,False,0,62.9,2026-08-20,Shioaji authenticated contract info,2026-08-21 04:31:41.809144
2250,STK,TSE,IKKA-KY,12,1000.0,False,0.0,False,0,60.1,2026-08-20,Shioaji authenticated contract info,2026-08-21 04:31:41.809144
2254,STK,TSE,巨鎧精密-創,12,1000.0,False,0.0,False,0,58.7,2026-08-20,Shioaji authenticated contract info,2026-08-21 04:31:41.809144
2258,STK,TSE,鴻華先進-創,12,1000.0,False,0.0,False,0,31.05,2026-08-20,Shioaji authenticated contract info,2026-08-21 04:31:41.810718
2301,STK,TSE,光寶科,25,1000.0,False,0.0,False,0,273.5,2026-08-20,Shioaji authenticated contract info,2026-08-21 04:31:41.810718
2302,STK,TSE,麗正,24,1000.0,False,0.0,False,0,44.7,2026-08-20,Shioaji authenticated contract info,2026-08-21 04:31:41.810718
2303,STK,TSE,聯電,24,1000.0,False,0.0,False,0,115.5,2026-08-20,Shioaji authenticated contract info,2026-08-21 04:31:41.812278
2305,STK,TSE,全友,25,1000.0,False,0.0,False,0,26.8,2026-08-20,Shioaji authenticated contract info,2026-08-21 04:31:41.812278
2308,STK,TSE,台達電,28,1000.0,False,0.0,False,0,1765.0,2026-08-20,Shioaji authenticated contract info,2026-08-21 04:31:41.812278
2312,STK,TSE,金寶,31,1000.0,False,0.0,False,0,32.25,2026-08-20,Shioaji authenticated contract info,2026-08-21 04:31:41.812278
2313,STK,TSE,華通,28,1000.0,False,0.0,False,0,207.5,2026-08-20,Shioaji authenticated contract info,2026-08-21 04:31:41.812278
2314,STK,TSE,台揚,27,1000.0,False,0.0,False,2,11.05,2026-08-20,Shioaji authenticated contract info,2026-08-21 04:31:41.812278
2316,STK,TSE,楠梓電,28,1000.0,False,0.0,False,0,155.5,2026-08-20,Shioaji authenticated contract info,2026-08-21 04:31:41.812278
2317,STK,TSE,鴻海,31,1000.0,False,0.0,False,0,245.0,2026-08-20,Shioaji authenticated contract info,2026-08-21 04:31:41.812278
2321,STK,TSE,東訊,27,1000.0,False,0.0,False,1,15.0,2026-08-20,Shioaji authenticated contract info,2026-08-21 04:31:41.813836
2323,STK,TSE,中環,26,1000.0,False,0.0,False,0,10.85,2026-08-20,Shioaji authenticated contract info,2026-08-21 04:31:41.814339
2324,STK,TSE,仁寶,25,1000.0,False,0.0,False,0,39.3,2026-08-20,Shioaji authenticated contract info,2026-08-21 04:31:41.814339
2327,STK,TSE,國巨*,28,1000.0,False,0.0,False,0,576.0,2026-08-20,Shioaji authenticated contract info,2026-08-21 04:31:41.815348
2328,STK,TSE,廣宇,28,1000.0,False,0.0,False,0,46.0,2026-08-20,Shioaji authenticated contract info,2026-08-21 04:31:41.815348
2329,STK,TSE,華泰,24,1000.0,False,0.0,False,0,42.7,2026-08-20,Shioaji authenticated contract info,2026-08-21 04:31:41.815873
2330,STK,TSE,台積電,24,1000.0,False,0.0,False,0,2350.0,2026-08-20,Shioaji authenticated contract info,2026-08-21 04:31:41.815873
2331,STK,TSE,精英,25,1000.0,False,0.0,False,0,19.5,2026-08-20,Shioaji authenticated contract info,2026-08-21 04:31:41.815873
2332,STK,TSE,友訊,27,1000.0,False,0.0,False,0,20.7,2026-08-20,Shioaji authenticated contract info,2026-08-21 04:31:41.815873
2337,STK,TSE,旺宏,24,1000.0,False,0.0,False,0,119.0,2026-08-20,Shioaji authenticated contract info,2026-08-21 04:31:41.816906
2338,STK,TSE,光罩,24,1000.0,False,0.0,False,0,37.8,2026-08-20,Shioaji authenticated contract info,2026-08-21 04:31:41.818682
2340,STK,TSE,台亞,24,1000.0,False,0.0,False,0,29.9,2026-08-20,Shioaji authenticated contract info,2026-08-21 04:31:41.818682
2342,STK,TSE,茂矽,24,1000.0,False,0.0,False,0,38.8,2026-08-20,Shioaji authenticated contract info,2026-08-21 04:31:41.818682
2344,STK,TSE,華邦電,24,1000.0,False,0.0,False,0,168.0,2026-08-20,Shioaji authenticated contract info,2026-08-21 04:31:41.819780
2345,STK,TSE,智邦,27,1000.0,False,0.0,False,0,2125.0,2026-08-20,Shioaji authenticated contract info,2026-08-21 04:31:41.819780
2347,STK,TSE,聯強,29,1000.0,False,0.0,False,0,86.3,2026-08-20,Shioaji authenticated contract info,2026-08-21 04:31:41.820306
2348,STK,TSE,海悅,20,1000.0,False,0.0,False,0,70.0,2026-08-20,Shioaji authenticated contract info,2026-08-21 04:31:41.820306
2349,STK,TSE,錸德,26,1000.0,False,0.0,False,0,11.0,2026-08-20,Shioaji authenticated contract info,2026-08-21 04:31:41.820306
2351,STK,TSE,順德,24,1000.0,False,0.0,False,0,185.0,2026-08-20,Shioaji authenticated contract info,2026-08-21 04:31:41.820306
2352,STK,TSE,佳世達,25,1000.0,False,0.0,False,0,28.75,2026-08-20,Shioaji authenticated contract info,2026-08-21 04:31:41.820306
2353,STK,TSE,宏碁,25,1000.0,False,0.0,False,0,30.9,2026-08-20,Shioaji authenticated contract info,2026-08-21 04:31:41.820306
2354,STK,TSE,鴻準,31,1000.0,False,0.0,False,0,60.8,2026-08-20,Shioaji authenticated contract info,2026-08-21 04:31:41.820306
2355,STK,TSE,敬鵬,28,1000.0,False,0.0,False,0,41.7,2026-08-20,Shioaji authenticated contract info,2026-08-21 04:31:41.820306
2356,STK,TSE,英業達,25,1000.0,False,0.0,False,0,65.2,2026-08-20,Shioaji authenticated contract info,2026-08-21 04:31:41.821845
2357,STK,TSE,華碩,25,1000.0,False,0.0,False,0,925.0,2026-08-20,Shioaji authenticated contract info,2026-08-21 04:31:41.821845
2359,STK,TSE,所羅門,31,1000.0,False,0.0,False,0,161.0,2026-08-20,Shioaji authenticated contract info,2026-08-21 04:31:41.822367
2360,STK,TSE,致茂,31,1000.0,False,0.0,False,0,2120.0,2026-08-20,Shioaji authenticated contract info,2026-08-21 04:31:41.822367
2362,STK,TSE,藍天,25,1000.0,False,0.0,False,0,47.15,2026-08-20,Shioaji authenticated contract info,2026-08-21 04:31:41.822367
2363,STK,TSE,矽統,24,1000.0,False,0.0,False,0,50.8,2026-08-20,Shioaji authenticated contract info,2026-08-21 04:31:41.822367
2364,STK,TSE,倫飛,25,1000.0,False,0.0,False,0,82.6,2026-08-20,Shioaji authenticated contract info,2026-08-21 04:31:41.822367
2365,STK,TSE,昆盈,25,1000.0,False,0.0,False,0,30.05,2026-08-20,Shioaji authenticated contract info,2026-08-21 04:31:41.823386
2367,STK,TSE,燿華,28,1000.0,False,0.0,False,0,42.0,2026-08-20,Shioaji authenticated contract info,2026-08-21 04:31:41.823386
2368,STK,TSE,金像電,28,1000.0,False,0.0,False,0,1040.0,2026-08-20,Shioaji authenticated contract info,2026-08-21 04:31:41.823386
2369,STK,TSE,菱生,24,1000.0,False,0.0,False,0,30.6,2026-08-20,Shioaji authenticated contract info,2026-08-21 04:31:41.823386
2371,STK,TSE,大同,05,1000.0,False,0.0,False,0,27.0,2026-08-20,Shioaji authenticated contract info,2026-08-21 04:31:41.823386
2373,STK,TSE,震旦行,31,1000.0,False,0.0,False,0,53.0,2026-08-20,Shioaji authenticated contract info,2026-08-21 04:31:41.823386
2374,STK,TSE,佳能,26,1000.0,False,0.0,False,0,66.9,2026-08-20,Shioaji authenticated contract info,2026-08-21 04:31:41.823386
2375,STK,TSE,凱美,28,1000.0,False,0.0,False,0,127.0,2026-08-20,Shioaji authenticated contract info,2026-08-21 04:31:41.823386
2376,STK,TSE,技嘉,25,1000.0,False,0.0,False,0,348.5,2026-08-20,Shioaji authenticated contract info,2026-08-21 04:31:41.824935
2377,STK,TSE,微星,25,1000.0,False,0.0,False,0,142.5,2026-08-20,Shioaji authenticated contract info,2026-08-21 04:31:41.824935
2379,STK,TSE,瑞昱,24,1000.0,False,0.0,False,0,738.0,2026-08-20,Shioaji authenticated contract info,2026-08-21 04:31:41.824935
2380,STK,TSE,虹光,25,1000.0,False,0.0,False,0,20.25,2026-08-20,Shioaji authenticated contract info,2026-08-21 04:31:41.824935
2382,STK,TSE,廣達,25,1000.0,False,0.0,False,0,331.0,2026-08-20,Shioaji authenticated contract info,2026-08-21 04:31:41.825780
2383,STK,TSE,台光電,28,1000.0,False,0.0,False,0,5880.0,2026-08-20,Shioaji authenticated contract info,2026-08-21 04:31:41.826620
2385,STK,TSE,群光,28,1000.0,False,0.0,False,0,106.0,2026-08-20,Shioaji authenticated contract info,2026-08-21 04:31:41.826620
2387,STK,TSE,精元,25,1000.0,False,0.0,False,0,35.8,2026-08-20,Shioaji authenticated contract info,2026-08-21 04:31:41.827205
2388,STK,TSE,威盛,24,1000.0,False,0.0,False,0,72.0,2026-08-20,Shioaji authenticated contract info,2026-08-21 04:31:41.827205
2390,STK,TSE,云辰,31,1000.0,False,0.0,False,0,10.1,2026-08-20,Shioaji authenticated contract info,2026-08-21 04:31:41.827729
2392,STK,TSE,正崴,28,1000.0,False,0.0,False,0,41.05,2026-08-20,Shioaji authenticated contract info,2026-08-21 04:31:41.827729
2393,STK,TSE,億光,26,1000.0,False,0.0,False,0,64.6,2026-08-20,Shioaji authenticated contract info,2026-08-21 04:31:41.827729
2395,STK,TSE,研華,25,1000.0,False,0.0,False,0,694.0,2026-08-20,Shioaji authenticated contract info,2026-08-21 04:31:41.829395
2397,STK,TSE,友通,25,1000.0,False,0.0,False,0,64.9,2026-08-20,Shioaji authenticated contract info,2026-08-21 04:31:41.829395
2399,STK,TSE,映泰,25,1000.0,False,0.0,False,0,45.1,2026-08-20,Shioaji authenticated contract info,2026-08-21 04:31:41.830121
2401,STK,TSE,凌陽,24,1000.0,False,0.0,False,0,25.7,2026-08-20,Shioaji authenticated contract info,2026-08-21 04:31:41.830121
2402,STK,TSE,毅嘉,28,1000.0,False,0.0,False,0,52.2,2026-08-20,Shioaji authenticated contract info,2026-08-21 04:31:41.830627
2404,STK,TSE,漢唐,31,1000.0,False,0.0,False,0,1095.0,2026-08-20,Shioaji authenticated contract info,2026-08-21 04:31:41.830627
2405,STK,TSE,輔信,25,1000.0,False,0.0,False,0,15.4,2026-08-20,Shioaji authenticated contract info,2026-08-21 04:31:41.830627
2406,STK,TSE,國碩,26,1000.0,False,0.0,False,0,28.55,2026-08-20,Shioaji authenticated contract info,2026-08-21 04:31:41.830627
2408,STK,TSE,南亞科,24,1000.0,False,0.0,False,0,481.0,2026-08-20,Shioaji authenticated contract info,2026-08-21 04:31:41.830627
2409,STK,TSE,友達,26,1000.0,False,0.0,False,0,26.15,2026-08-20,Shioaji authenticated contract info,2026-08-21 04:31:41.830627
2412,STK,TSE,中華電,27,1000.0,False,0.0,False,0,136.0,2026-08-20,Shioaji authenticated contract info,2026-08-21 04:31:41.830627
2413,STK,TSE,環科,28,1000.0,False,0.0,False,0,43.9,2026-08-20,Shioaji authenticated contract info,2026-08-21 04:31:41.832183
2414,STK,TSE,精技,29,1000.0,False,0.0,False,0,51.9,2026-08-20,Shioaji authenticated contract info,2026-08-21 04:31:41.832183
2415,STK,TSE,錩新,28,1000.0,False,0.0,False,0,29.1,2026-08-20,Shioaji authenticated contract info,2026-08-21 04:31:41.832183
2417,STK,TSE,圓剛,25,1000.0,False,0.0,False,0,45.65,2026-08-20,Shioaji authenticated contract info,2026-08-21 04:31:41.832183
2419,STK,TSE,仲琦,27,1000.0,False,0.0,False,0,24.0,2026-08-20,Shioaji authenticated contract info,2026-08-21 04:31:41.832183
2420,STK,TSE,新巨,28,1000.0,False,0.0,False,0,57.2,2026-08-20,Shioaji authenticated contract info,2026-08-21 04:31:41.832183
2421,STK,TSE,建準,28,1000.0,False,0.0,False,0,145.0,2026-08-20,Shioaji authenticated contract info,2026-08-21 04:31:41.832183
2423,STK,TSE,固緯,31,1000.0,False,0.0,False,0,73.6,2026-08-20,Shioaji authenticated contract info,2026-08-21 04:31:41.832183
2424,STK,TSE,隴華,27,1000.0,False,0.0,False,1,8.21,2026-08-20,Shioaji authenticated contract info,2026-08-21 04:31:41.833732
2425,STK,TSE,承啟,25,1000.0,False,0.0,False,0,39.0,2026-08-20,Shioaji authenticated contract info,2026-08-21 04:31:41.833732
2426,STK,TSE,鼎元,26,1000.0,False,0.0,False,0,68.0,2026-08-20,Shioaji authenticated contract info,2026-08-21 04:31:41.833732
2427,STK,TSE,三商電,30,1000.0,False,0.0,False,0,21.95,2026-08-20,Shioaji authenticated contract info,2026-08-21 04:31:41.833732
2428,STK,TSE,興勤,28,1000.0,False,0.0,False,0,256.5,2026-08-20,Shioaji authenticated contract info,2026-08-21 04:31:41.833732
2429,STK,TSE,銘旺科,26,1000.0,False,0.0,False,0,33.0,2026-08-20,Shioaji authenticated contract info,2026-08-21 04:31:41.833732
2430,STK,TSE,燦坤,29,1000.0,False,0.0,False,0,17.05,2026-08-20,Shioaji authenticated contract info,2026-08-21 04:31:41.833732
2431,STK,TSE,聯昌,28,1000.0,False,0.0,False,0,10.15,2026-08-20,Shioaji authenticated contract info,2026-08-21 04:31:41.835306
2432,STK,TSE,倚天酷碁-創,25,1000.0,False,0.0,False,0,27.35,2026-08-20,Shioaji authenticated contract info,2026-08-21 04:31:41.835306
2433,STK,TSE,互盛電,31,1000.0,False,0.0,False,0,41.7,2026-08-20,Shioaji authenticated contract info,2026-08-21 04:31:41.835306
2434,STK,TSE,統懋,24,1000.0,False,0.0,False,0,50.3,2026-08-20,Shioaji authenticated contract info,2026-08-21 04:31:41.835306
2436,STK,TSE,偉詮電,24,1000.0,False,0.0,False,0,65.1,2026-08-20,Shioaji authenticated contract info,2026-08-21 04:31:41.835306
2438,STK,TSE,翔耀,26,1000.0,False,0.0,False,0,18.05,2026-08-20,Shioaji authenticated contract info,2026-08-21 04:31:41.836318
2439,STK,TSE,美律,27,1000.0,False,0.0,False,0,79.1,2026-08-20,Shioaji authenticated contract info,2026-08-21 04:31:41.836318
2440,STK,TSE,太空梭,28,1000.0,False,0.0,False,0,13.7,2026-08-20,Shioaji authenticated contract info,2026-08-21 04:31:41.836828
2441,STK,TSE,超豐,24,1000.0,False,0.0,False,0,113.5,2026-08-20,Shioaji authenticated contract info,2026-08-21 04:31:41.836828
2442,STK,TSE,新美齊,14,1000.0,False,0.0,False,0,19.35,2026-08-20,Shioaji authenticated contract info,2026-08-21 04:31:41.836828
2444,STK,TSE,兆勁,27,1000.0,False,0.0,False,0,11.0,2026-08-20,Shioaji authenticated contract info,2026-08-21 04:31:41.836828
2449,STK,TSE,京元電子,24,1000.0,False,0.0,False,0,235.0,2026-08-20,Shioaji authenticated contract info,2026-08-21 04:31:41.836828
2450,STK,TSE,神腦,27,1000.0,False,0.0,False,0,28.05,2026-08-20,Shioaji authenticated contract info,2026-08-21 04:31:41.836828
2451,STK,TSE,創見,24,1000.0,False,0.0,False,0,281.0,2026-08-20,Shioaji authenticated contract info,2026-08-21 04:31:41.838438
2453,STK,TSE,凌群,30,1000.0,False,0.0,False,0,51.4,2026-08-20,Shioaji authenticated contract info,2026-08-21 04:31:41.838438
2454,STK,TSE,聯發科,24,1000.0,False,0.0,False,0,3845.0,2026-08-20,Shioaji authenticated contract info,2026-08-21 04:31:41.838438
2455,STK,TSE,全新,27,1000.0,False,0.0,True,0,396.5,2026-08-20,Shioaji authenticated contract info,2026-08-21 04:31:41.838438
2457,STK,TSE,飛宏,28,1000.0,False,0.0,False,0,22.9,2026-08-20,Shioaji authenticated contract info,2026-08-21 04:31:41.838438
2458,STK,TSE,義隆,24,1000.0,False,0.0,False,0,145.5,2026-08-20,Shioaji authenticated contract info,2026-08-21 04:31:41.838438
2459,STK,TSE,敦吉,31,1000.0,False,0.0,False,0,67.0,2026-08-20,Shioaji authenticated contract info,2026-08-21 04:31:41.839699
2460,STK,TSE,建通,28,1000.0,False,0.0,False,0,28.4,2026-08-20,Shioaji authenticated contract info,2026-08-21 04:31:41.839699
2461,STK,TSE,光群雷,31,1000.0,False,0.0,False,0,17.95,2026-08-20,Shioaji authenticated contract info,2026-08-21 04:31:41.839699
2462,STK,TSE,良得電,28,1000.0,False,0.0,False,0,19.4,2026-08-20,Shioaji authenticated contract info,2026-08-21 04:31:41.839699
2464,STK,TSE,盟立,31,1000.0,False,0.0,False,0,181.5,2026-08-20,Shioaji authenticated contract info,2026-08-21 04:31:41.839699
2465,STK,TSE,麗臺,25,1000.0,False,0.0,False,0,85.9,2026-08-20,Shioaji authenticated contract info,2026-08-21 04:31:41.839699
2466,STK,TSE,冠西電,26,1000.0,False,0.0,False,0,99.0,2026-08-20,Shioaji authenticated contract info,2026-08-21 04:31:41.841257
2467,STK,TSE,志聖,28,1000.0,False,0.0,False,0,547.0,2026-08-20,Shioaji authenticated contract info,2026-08-21 04:31:41.841257
2468,STK,TSE,華經,30,1000.0,False,0.0,False,0,34.6,2026-08-20,Shioaji authenticated contract info,2026-08-21 04:31:41.841257
2471,STK,TSE,資通,30,1000.0,False,0.0,False,0,48.8,2026-08-20,Shioaji authenticated contract info,2026-08-21 04:31:41.842138
2472,STK,TSE,立隆電,28,1000.0,False,0.0,False,0,230.5,2026-08-20,Shioaji authenticated contract info,2026-08-21 04:31:41.842649
2474,STK,TSE,可成,31,1000.0,False,0.0,False,0,204.0,2026-08-20,Shioaji authenticated contract info,2026-08-21 04:31:41.842649
2476,STK,TSE,鉅祥,28,1000.0,False,0.0,False,0,119.0,2026-08-20,Shioaji authenticated contract info,2026-08-21 04:31:41.842649
2477,STK,TSE,美隆電,31,1000.0,False,0.0,False,0,20.85,2026-08-20,Shioaji authenticated contract info,2026-08-21 04:31:41.842649
2478,STK,TSE,大毅,28,1000.0,False,0.0,False,0,134.5,2026-08-20,Shioaji authenticated contract info,2026-08-21 04:31:41.842649
2480,STK,TSE,敦陽科,30,1000.0,False,0.0,False,0,158.5,2026-08-20,Shioaji authenticated contract info,2026-08-21 04:31:41.842649
2481,STK,TSE,強茂,24,1000.0,False,0.0,False,0,136.5,2026-08-20,Shioaji authenticated contract info,2026-08-21 04:31:41.842649
2482,STK,TSE,連宇,31,1000.0,False,0.0,False,0,15.6,2026-08-20,Shioaji authenticated contract info,2026-08-21 04:31:41.844173
2483,STK,TSE,百容,28,1000.0,False,0.0,False,0,36.2,2026-08-20,Shioaji authenticated contract info,2026-08-21 04:31:41.844173
2484,STK,TSE,希華,28,1000.0,False,0.0,False,0,73.0,2026-08-20,Shioaji authenticated contract info,2026-08-21 04:31:41.844173
2485,STK,TSE,兆赫,27,1000.0,False,0.0,False,0,40.35,2026-08-20,Shioaji authenticated contract info,2026-08-21 04:31:41.844173
2486,STK,TSE,一詮,26,1000.0,False,0.0,False,0,235.0,2026-08-20,Shioaji authenticated contract info,2026-08-21 04:31:41.844173
2488,STK,TSE,漢平,31,1000.0,False,0.0,False,0,48.6,2026-08-20,Shioaji authenticated contract info,2026-08-21 04:31:41.844173
2489,STK,TSE,瑞軒,26,1000.0,False,0.0,False,0,31.3,2026-08-20,Shioaji authenticated contract info,2026-08-21 04:31:41.845739
2491,STK,TSE,吉祥全,26,1000.0,False,0.0,False,0,38.15,2026-08-20,Shioaji authenticated contract info,2026-08-21 04:31:41.845739
2492,STK,TSE,華新科,28,1000.0,False,0.0,False,0,298.0,2026-08-20,Shioaji authenticated contract info,2026-08-21 04:31:41.845739
2493,STK,TSE,揚博,28,1000.0,False,0.0,True,0,183.0,2026-08-20,Shioaji authenticated contract info,2026-08-21 04:31:41.846371
2495,STK,TSE,普安,25,1000.0,False,0.0,False,0,37.3,2026-08-20,Shioaji authenticated contract info,2026-08-21 04:31:41.846907
2496,STK,TSE,卓越,20,1000.0,False,0.0,False,0,54.7,2026-08-20,Shioaji authenticated contract info,2026-08-21 04:31:41.846907
2497,STK,TSE,怡利電,12,1000.0,False,0.0,False,0,44.6,2026-08-20,Shioaji authenticated contract info,2026-08-21 04:31:41.847306
2498,STK,TSE,宏達電,27,1000.0,False,0.0,False,0,39.85,2026-08-20,Shioaji authenticated contract info,2026-08-21 04:31:41.847306
2501,STK,TSE,國建,14,1000.0,False,0.0,False,0,22.8,2026-08-20,Shioaji authenticated contract info,2026-08-21 04:31:41.847306
2504,STK,TSE,國產,14,1000.0,False,0.0,False,0,30.6,2026-08-20,Shioaji authenticated contract info,2026-08-21 04:31:41.848338
2505,STK,TSE,國揚,14,1000.0,False,0.0,False,0,17.2,2026-08-20,Shioaji authenticated contract info,2026-08-21 04:31:41.848338
2506,STK,TSE,太設,14,1000.0,False,0.0,False,0,8.53,2026-08-20,Shioaji authenticated contract info,2026-08-21 04:31:41.850382
2509,STK,TSE,全坤建,14,1000.0,False,0.0,False,0,14.15,2026-08-20,Shioaji authenticated contract info,2026-08-21 04:31:41.851407
2511,STK,TSE,太子,14,1000.0,False,0.0,False,0,8.2,2026-08-20,Shioaji authenticated contract info,2026-08-21 04:31:41.851407
2514,STK,TSE,龍邦,20,1000.0,False,0.0,False,0,11.8,2026-08-20,Shioaji authenticated contract info,2026-08-21 04:31:41.851407
2515,STK,TSE,中工,14,1000.0,False,0.0,False,0,11.85,2026-08-20,Shioaji authenticated contract info,2026-08-21 04:31:41.851407
2516,STK,TSE,新建,14,1000.0,False,0.0,False,0,14.0,2026-08-20,Shioaji authenticated contract info,2026-08-21 04:31:41.851407
2520,STK,TSE,冠德,14,1000.0,False,0.0,False,0,36.7,2026-08-20,Shioaji authenticated contract info,2026-08-21 04:31:41.851407
2524,STK,TSE,京城,14,1000.0,False,0.0,False,0,34.0,2026-08-20,Shioaji authenticated contract info,2026-08-21 04:31:41.851407
2527,STK,TSE,宏璟,14,1000.0,False,0.0,False,0,44.1,2026-08-20,Shioaji authenticated contract info,2026-08-21 04:31:41.853043
2528,STK,TSE,皇普,14,1000.0,False,0.0,False,0,20.15,2026-08-20,Shioaji authenticated contract info,2026-08-21 04:31:41.853043
2530,STK,TSE,華建,14,1000.0,False,0.0,False,0,19.0,2026-08-20,Shioaji authenticated contract info,2026-08-21 04:31:41.853043
2534,STK,TSE,宏盛,14,1000.0,False,0.0,False,0,16.9,2026-08-20,Shioaji authenticated contract info,2026-08-21 04:31:41.853043
2535,STK,TSE,達欣工,14,1000.0,False,0.0,False,0,89.4,2026-08-20,Shioaji authenticated contract info,2026-08-21 04:31:41.853043
2536,STK,TSE,宏普,14,1000.0,False,0.0,False,0,20.8,2026-08-20,Shioaji authenticated contract info,2026-08-21 04:31:41.853043
2537,STK,TSE,聯上發,14,1000.0,False,0.0,False,0,11.55,2026-08-20,Shioaji authenticated contract info,2026-08-21 04:31:41.853043
2538,STK,TSE,基泰,14,1000.0,False,0.0,False,0,9.02,2026-08-20,Shioaji authenticated contract info,2026-08-21 04:31:41.853043
2539,STK,TSE,櫻花建,14,1000.0,False,0.0,False,0,33.3,2026-08-20,Shioaji authenticated contract info,2026-08-21 04:31:41.853043
2540,STK,TSE,愛山林,14,1000.0,False,0.0,False,0,46.3,2026-08-20,Shioaji authenticated contract info,2026-08-21 04:31:41.853043
2542,STK,TSE,興富發,14,1000.0,False,0.0,False,0,48.15,2026-08-20,Shioaji authenticated contract info,2026-08-21 04:31:41.855068
2543,STK,TSE,皇昌,14,1000.0,False,0.0,False,0,38.1,2026-08-20,Shioaji authenticated contract info,2026-08-21 04:31:41.855068
2545,STK,TSE,皇翔,14,1000.0,False,0.0,False,0,33.55,2026-08-20,Shioaji authenticated contract info,2026-08-21 04:31:41.855068
2546,STK,TSE,根基,14,1000.0,False,0.0,False,0,111.0,2026-08-20,Shioaji authenticated contract info,2026-08-21 04:31:41.855068
2547,STK,TSE,日勝生,14,1000.0,False,0.0,False,0,10.1,2026-08-20,Shioaji authenticated contract info,2026-08-21 04:31:41.855068
2548,STK,TSE,華固,14,1000.0,False,0.0,False,0,93.9,2026-08-20,Shioaji authenticated contract info,2026-08-21 04:31:41.855068
2597,STK,TSE,潤弘,14,1000.0,False,0.0,False,0,166.0,2026-08-20,Shioaji authenticated contract info,2026-08-21 04:31:41.855068
2601,STK,TSE,益航,15,1000.0,False,0.0,False,0,6.92,2026-08-20,Shioaji authenticated contract info,2026-08-21 04:31:41.855068
2603,STK,TSE,長榮,15,1000.0,False,0.0,False,0,240.5,2026-08-20,Shioaji authenticated contract info,2026-08-21 04:31:41.856611
2605,STK,TSE,新興,15,1000.0,False,0.0,False,0,36.75,2026-08-20,Shioaji authenticated contract info,2026-08-21 04:31:41.856611
2606,STK,TSE,裕民,15,1000.0,False,0.0,False,0,69.5,2026-08-20,Shioaji authenticated contract info,2026-08-21 04:31:41.856611
2607,STK,TSE,榮運,15,1000.0,False,0.0,False,0,50.4,2026-08-20,Shioaji authenticated contract info,2026-08-21 04:31:41.856611
2608,STK,TSE,嘉里大榮,15,1000.0,False,0.0,False,0,28.4,2026-08-20,Shioaji authenticated contract info,2026-08-21 04:31:41.856611
2609,STK,TSE,陽明,15,1000.0,False,0.0,False,0,59.0,2026-08-20,Shioaji authenticated contract info,2026-08-21 04:31:41.856611
2610,STK,TSE,華航,15,1000.0,False,0.0,False,0,19.9,2026-08-20,Shioaji authenticated contract info,2026-08-21 04:31:41.856611
2611,STK,TSE,志信,15,1000.0,False,0.0,False,0,15.5,2026-08-20,Shioaji authenticated contract info,2026-08-21 04:31:41.856611
2612,STK,TSE,中航,15,1000.0,False,0.0,False,0,59.5,2026-08-20,Shioaji authenticated contract info,2026-08-21 04:31:41.858152
2613,STK,TSE,中櫃,15,1000.0,False,0.0,False,0,23.0,2026-08-20,Shioaji authenticated contract info,2026-08-21 04:31:41.858152
2614,STK,TSE,東森,20,1000.0,False,0.0,False,0,18.2,2026-08-20,Shioaji authenticated contract info,2026-08-21 04:31:41.858152
2615,STK,TSE,萬海,15,1000.0,False,0.0,False,0,106.5,2026-08-20,Shioaji authenticated contract info,2026-08-21 04:31:41.858152
2616,STK,TSE,山隆,23,1000.0,False,0.0,False,0,13.35,2026-08-20,Shioaji authenticated contract info,2026-08-21 04:31:41.859144
2617,STK,TSE,台航,15,1000.0,False,0.0,False,0,30.9,2026-08-20,Shioaji authenticated contract info,2026-08-21 04:31:41.859144
2618,STK,TSE,長榮航,15,1000.0,False,0.0,False,0,41.6,2026-08-20,Shioaji authenticated contract info,2026-08-21 04:31:41.859661
2630,STK,TSE,亞航,15,1000.0,False,0.0,False,0,51.9,2026-08-20,Shioaji authenticated contract info,2026-08-21 04:31:41.859661
2633,STK,TSE,台灣高鐵,15,1000.0,False,0.0,False,0,25.9,2026-08-20,Shioaji authenticated contract info,2026-08-21 04:31:41.860280
2634,STK,TSE,漢翔,15,1000.0,False,0.0,False,0,68.6,2026-08-20,Shioaji authenticated contract info,2026-08-21 04:31:41.860280
2636,STK,TSE,台驊控股,15,1000.0,False,0.0,False,0,71.3,2026-08-20,Shioaji authenticated contract info,2026-08-21 04:31:41.860787
2637,STK,TSE,慧洋-KY,15,1000.0,False,0.0,False,0,91.8,2026-08-20,Shioaji authenticated contract info,2026-08-21 04:31:41.860787
2642,STK,TSE,宅配通,15,1000.0,False,0.0,False,0,20.25,2026-08-20,Shioaji authenticated contract info,2026-08-21 04:31:41.860787
2645,STK,TSE,長榮航太,15,1000.0,False,0.0,False,0,177.0,2026-08-20,Shioaji authenticated contract info,2026-08-21 04:31:41.860787
2646,STK,TSE,星宇航空,15,1000.0,False,0.0,False,0,20.9,2026-08-20,Shioaji authenticated contract info,2026-08-21 04:31:41.862326
2701,STK,TSE,萬企,16,1000.0,False,0.0,False,0,10.55,2026-08-20,Shioaji authenticated contract info,2026-08-21 04:31:41.862326
2702,STK,TSE,華園,16,1000.0,False,0.0,False,0,12.2,2026-08-20,Shioaji authenticated contract info,2026-08-21 04:31:41.862326
2704,STK,TSE,國賓,16,1000.0,False,0.0,False,0,45.7,2026-08-20,Shioaji authenticated contract info,2026-08-21 04:31:41.862326
2705,STK,TSE,六福,16,1000.0,False,0.0,False,0,15.5,2026-08-20,Shioaji authenticated contract info,2026-08-21 04:31:41.863494
2706,STK,TSE,第一店,16,1000.0,False,0.0,False,0,12.4,2026-08-20,Shioaji authenticated contract info,2026-08-21 04:31:41.863494
2707,STK,TSE,晶華,16,1000.0,False,0.0,False,0,178.5,2026-08-20,Shioaji authenticated contract info,2026-08-21 04:31:41.863494
2712,STK,TSE,遠雄來,16,1000.0,False,0.0,False,0,14.4,2026-08-20,Shioaji authenticated contract info,2026-08-21 04:31:41.864003
2722,STK,TSE,夏都,16,1000.0,False,0.0,False,0,21.5,2026-08-20,Shioaji authenticated contract info,2026-08-21 04:31:41.864003
2723,STK,TSE,美食-KY,16,1000.0,False,0.0,False,0,65.2,2026-08-20,Shioaji authenticated contract info,2026-08-21 04:31:41.864003
2727,STK,TSE,王品,16,1000.0,False,0.0,False,0,234.0,2026-08-20,Shioaji authenticated contract info,2026-08-21 04:31:41.864003
2731,STK,TSE,雄獅,16,1000.0,False,0.0,False,0,142.0,2026-08-20,Shioaji authenticated contract info,2026-08-21 04:31:41.864003
2739,STK,TSE,寒舍,16,1000.0,False,0.0,False,0,35.55,2026-08-20,Shioaji authenticated contract info,2026-08-21 04:31:41.864003
2748,STK,TSE,雲品,16,1000.0,False,0.0,False,0,38.3,2026-08-20,Shioaji authenticated contract info,2026-08-21 04:31:41.864003
2753,STK,TSE,八方雲集,16,1000.0,False,0.0,False,0,185.0,2026-08-20,Shioaji authenticated contract info,2026-08-21 04:31:41.865538
2762,STK,TSE,世界健身-KY,37,1000.0,False,0.0,False,0,81.9,2026-08-20,Shioaji authenticated contract info,2026-08-21 04:31:41.865538
2801,STK,TSE,彰銀,17,1000.0,False,0.0,False,0,23.9,2026-08-20,Shioaji authenticated contract info,2026-08-21 04:31:41.865538
2812,STK,TSE,台中銀,17,1000.0,False,0.0,False,0,19.0,2026-08-20,Shioaji authenticated contract info,2026-08-21 04:31:41.866060
2816,STK,TSE,旺旺保,17,1000.0,False,0.0,False,0,34.2,2026-08-20,Shioaji authenticated contract info,2026-08-21 04:31:41.866060
2820,STK,TSE,華票,17,1000.0,False,0.0,False,0,16.25,2026-08-20,Shioaji authenticated contract info,2026-08-21 04:31:41.866060
2832,STK,TSE,台產,17,1000.0,False,0.0,False,0,59.3,2026-08-20,Shioaji authenticated contract info,2026-08-21 04:31:41.866060
2834,STK,TSE,臺企銀,17,1000.0,False,0.0,False,0,16.4,2026-08-20,Shioaji authenticated contract info,2026-08-21 04:31:41.866060
2836,STK,TSE,高雄銀,17,1000.0,False,0.0,False,0,11.9,2026-08-20,Shioaji authenticated contract info,2026-08-21 04:31:41.867076
2838,STK,TSE,聯邦銀,17,1000.0,False,0.0,False,0,20.05,2026-08-20,Shioaji authenticated contract info,2026-08-21 04:31:41.867076
2845,STK,TSE,遠東銀,17,1000.0,False,0.0,False,0,13.5,2026-08-20,Shioaji authenticated contract info,2026-08-21 04:31:41.867076
2849,STK,TSE,安泰銀,17,1000.0,False,0.0,False,0,14.05,2026-08-20,Shioaji authenticated contract info,2026-08-21 04:31:41.867076
2850,STK,TSE,新產,17,1000.0,False,0.0,False,0,159.5,2026-08-20,Shioaji authenticated contract info,2026-08-21 04:31:41.867076
2851,STK,TSE,中再保,17,1000.0,False,0.0,False,0,40.2,2026-08-20,Shioaji authenticated contract info,2026-08-21 04:31:41.867076
2852,STK,TSE,第一保,17,1000.0,False,0.0,False,0,27.65,2026-08-20,Shioaji authenticated contract info,2026-08-21 04:31:41.867076
2855,STK,TSE,統一證,17,1000.0,False,0.0,False,0,45.85,2026-08-20,Shioaji authenticated contract info,2026-08-21 04:31:41.867076
2867,STK,TSE,三商壽,17,1000.0,False,,False,,9.82,2026-08-19,Shioaji authenticated contract info,2026-08-21 04:31:41.868750
2880,STK,TSE,華南金,17,1000.0,False,0.0,False,0,39.0,2026-08-20,Shioaji authenticated contract info,2026-08-21 04:31:41.868750
2881,STK,TSE,富邦金,17,1000.0,False,0.0,False,0,128.5,2026-08-20,Shioaji authenticated contract info,2026-08-21 04:31:41.868750
2882,STK,TSE,國泰金,17,1000.0,False,0.0,False,0,98.3,2026-08-20,Shioaji authenticated contract info,2026-08-21 04:31:41.868750
2883,STK,TSE,凱基金,17,1000.0,False,0.0,False,0,30.4,2026-08-20,Shioaji authenticated contract info,2026-08-21 04:31:41.868750
2884,STK,TSE,玉山金,17,1000.0,False,0.0,False,0,37.8,2026-08-20,Shioaji authenticated contract info,2026-08-21 04:31:41.869761
2885,STK,TSE,元大金,17,1000.0,False,0.0,False,0,62.5,2026-08-20,Shioaji authenticated contract info,2026-08-21 04:31:41.869761
2886,STK,TSE,兆豐金,17,1000.0,False,0.0,False,0,47.05,2026-08-20,Shioaji authenticated contract info,2026-08-21 04:31:41.870274
2887,STK,TSE,台新新光金,17,1000.0,False,0.0,False,0,36.4,2026-08-20,Shioaji authenticated contract info,2026-08-21 04:31:41.870274
2889,STK,TSE,國票金,17,1000.0,False,0.0,False,0,15.55,2026-08-20,Shioaji authenticated contract info,2026-08-21 04:31:41.870274
2890,STK,TSE,永豐金,17,1000.0,False,0.0,False,0,39.4,2026-08-20,Shioaji authenticated contract info,2026-08-21 04:31:41.870274
2891,STK,TSE,中信金,17,1000.0,False,0.0,False,0,64.9,2026-08-20,Shioaji authenticated contract info,2026-08-21 04:31:41.870274
2892,STK,TSE,第一金,17,1000.0,False,0.0,False,0,33.6,2026-08-20,Shioaji authenticated contract info,2026-08-21 04:31:41.870274
2897,STK,TSE,王道銀行,17,1000.0,False,0.0,False,0,10.15,2026-08-20,Shioaji authenticated contract info,2026-08-21 04:31:41.871809
2901,STK,TSE,欣欣,18,1000.0,False,0.0,False,0,23.25,2026-08-20,Shioaji authenticated contract info,2026-08-21 04:31:41.871809
2903,STK,TSE,遠百,18,1000.0,False,0.0,False,0,22.25,2026-08-20,Shioaji authenticated contract info,2026-08-21 04:31:41.871809
2904,STK,TSE,匯僑,20,1000.0,False,0.0,False,0,12.7,2026-08-20,Shioaji authenticated contract info,2026-08-21 04:31:41.871809
2905,STK,TSE,三商,18,1000.0,False,0.0,False,0,17.45,2026-08-20,Shioaji authenticated contract info,2026-08-21 04:31:41.871809
2906,STK,TSE,高林,18,1000.0,False,0.0,False,0,13.6,2026-08-20,Shioaji authenticated contract info,2026-08-21 04:31:41.872837
2908,STK,TSE,特力,18,1000.0,False,0.0,False,0,21.6,2026-08-20,Shioaji authenticated contract info,2026-08-21 04:31:41.872837
2910,STK,TSE,統領,18,1000.0,False,0.0,False,0,24.4,2026-08-20,Shioaji authenticated contract info,2026-08-21 04:31:41.872837
2911,STK,TSE,麗嬰房,18,1000.0,False,0.0,False,0,6.66,2026-08-20,Shioaji authenticated contract info,2026-08-21 04:31:41.873360
2912,STK,TSE,統一超,18,1000.0,False,0.0,False,0,218.5,2026-08-20,Shioaji authenticated contract info,2026-08-21 04:31:41.873360
2913,STK,TSE,農林,18,1000.0,False,0.0,False,0,11.0,2026-08-20,Shioaji authenticated contract info,2026-08-21 04:31:41.873360
2915,STK,TSE,潤泰全,18,1000.0,False,0.0,False,0,61.8,2026-08-20,Shioaji authenticated contract info,2026-08-21 04:31:41.873360
2923,STK,TSE,鼎固-KY,14,1000.0,False,0.0,False,0,22.9,2026-08-20,Shioaji authenticated contract info,2026-08-21 04:31:41.873360
2929,STK,TSE,淘帝-KY,18,1000.0,False,0.0,False,0,5.66,2026-08-20,Shioaji authenticated contract info,2026-08-21 04:31:41.873360
2939,STK,TSE,永邑-KY,18,1000.0,False,0.0,False,0,18.8,2026-08-20,Shioaji authenticated contract info,2026-08-21 04:31:41.873360
2945,STK,TSE,三商家購,18,1000.0,False,0.0,False,0,39.8,2026-08-20,Shioaji authenticated contract info,2026-08-21 04:31:41.874914
3002,STK,TSE,歐格,25,1000.0,False,0.0,False,0,16.65,2026-08-20,Shioaji authenticated contract info,2026-08-21 04:31:41.874914
3003,STK,TSE,健和興,28,1000.0,False,0.0,False,0,64.5,2026-08-20,Shioaji authenticated contract info,2026-08-21 04:31:41.874914
3004,STK,TSE,豐達科,10,1000.0,False,0.0,False,0,121.5,2026-08-20,Shioaji authenticated contract info,2026-08-21 04:31:41.875801
3005,STK,TSE,神基,25,1000.0,False,0.0,False,0,117.5,2026-08-20,Shioaji authenticated contract info,2026-08-21 04:31:41.875801
3006,STK,TSE,晶豪科,24,1000.0,False,0.0,False,0,245.5,2026-08-20,Shioaji authenticated contract info,2026-08-21 04:31:41.875801
3008,STK,TSE,大立光,26,1000.0,False,0.0,True,0,5550.0,2026-08-20,Shioaji authenticated contract info,2026-08-21 04:31:41.876312
3010,STK,TSE,華立,29,1000.0,False,0.0,False,0,130.0,2026-08-20,Shioaji authenticated contract info,2026-08-21 04:31:41.876312
3011,STK,TSE,今皓,28,1000.0,False,0.0,False,0,10.45,2026-08-20,Shioaji authenticated contract info,2026-08-21 04:31:41.876312
3013,STK,TSE,晟銘電,25,1000.0,False,0.0,False,0,83.3,2026-08-20,Shioaji authenticated contract info,2026-08-21 04:31:41.876312
3014,STK,TSE,聯陽,24,1000.0,False,0.0,False,0,131.5,2026-08-20,Shioaji authenticated contract info,2026-08-21 04:31:41.876312
3015,STK,TSE,全漢,28,1000.0,False,0.0,False,0,53.7,2026-08-20,Shioaji authenticated contract info,2026-08-21 04:31:41.876312
3016,STK,TSE,嘉晶,24,1000.0,False,0.0,False,0,102.0,2026-08-20,Shioaji authenticated contract info,2026-08-21 04:31:41.877863
3017,STK,TSE,奇鋐,25,1000.0,False,0.0,False,0,3095.0,2026-08-20,Shioaji authenticated contract info,2026-08-21 04:31:41.877863
3018,STK,TSE,隆銘綠能,31,1000.0,False,0.0,False,0,13.4,2026-08-20,Shioaji authenticated contract info,2026-08-21 04:31:41.877863
3019,STK,TSE,亞光,26,1000.0,False,0.0,False,0,136.5,2026-08-20,Shioaji authenticated contract info,2026-08-21 04:31:41.877863
3021,STK,TSE,鴻名,28,1000.0,False,0.0,False,0,19.95,2026-08-20,Shioaji authenticated contract info,2026-08-21 04:31:41.877863
3022,STK,TSE,威強電,25,1000.0,False,0.0,False,0,91.9,2026-08-20,Shioaji authenticated contract info,2026-08-21 04:31:41.877863
3023,STK,TSE,信邦,28,1000.0,False,0.0,False,0,322.0,2026-08-20,Shioaji authenticated contract info,2026-08-21 04:31:41.879544
3024,STK,TSE,憶聲,26,1000.0,False,0.0,False,0,13.45,2026-08-20,Shioaji authenticated contract info,2026-08-21 04:31:41.879544
3025,STK,TSE,星通,27,1000.0,False,0.0,False,0,56.4,2026-08-20,Shioaji authenticated contract info,2026-08-21 04:31:41.879544
3026,STK,TSE,禾伸堂,28,1000.0,False,2.0,False,0,690.0,2026-08-20,Shioaji authenticated contract info,2026-08-21 04:31:41.880557
3027,STK,TSE,盛達,27,1000.0,False,0.0,False,0,17.75,2026-08-20,Shioaji authenticated contract info,2026-08-21 04:31:41.880999
3028,STK,TSE,增你強,29,1000.0,False,0.0,False,0,65.6,2026-08-20,Shioaji authenticated contract info,2026-08-21 04:31:41.881428
3029,STK,TSE,零壹,30,1000.0,False,0.0,False,0,110.0,2026-08-20,Shioaji authenticated contract info,2026-08-21 04:31:41.881428
3030,STK,TSE,德律,31,1000.0,False,0.0,False,0,285.0,2026-08-20,Shioaji authenticated contract info,2026-08-21 04:31:41.881428
3031,STK,TSE,佰鴻,26,1000.0,False,0.0,False,0,22.1,2026-08-20,Shioaji authenticated contract info,2026-08-21 04:31:41.882506
3032,STK,TSE,偉訓,28,1000.0,False,0.0,False,0,77.9,2026-08-20,Shioaji authenticated contract info,2026-08-21 04:31:41.882506
3033,STK,TSE,威健,29,1000.0,False,0.0,False,0,45.0,2026-08-20,Shioaji authenticated contract info,2026-08-21 04:31:41.882506
3034,STK,TSE,聯詠,24,1000.0,False,0.0,False,0,534.0,2026-08-20,Shioaji authenticated contract info,2026-08-21 04:31:41.882506
3035,STK,TSE,智原,24,1000.0,False,0.0,False,0,172.5,2026-08-20,Shioaji authenticated contract info,2026-08-21 04:31:41.884103
3036,STK,TSE,文曄,29,1000.0,False,0.0,False,0,201.5,2026-08-20,Shioaji authenticated contract info,2026-08-21 04:31:41.884103
3037,STK,TSE,欣興,28,1000.0,False,0.0,False,0,1130.0,2026-08-20,Shioaji authenticated contract info,2026-08-21 04:31:41.884103
3038,STK,TSE,全台,26,1000.0,False,0.0,False,0,20.35,2026-08-20,Shioaji authenticated contract info,2026-08-21 04:31:41.885867
3040,STK,TSE,遠見,20,1000.0,False,0.0,False,0,37.75,2026-08-20,Shioaji authenticated contract info,2026-08-21 04:31:41.885867
3041,STK,TSE,揚智,24,1000.0,False,0.0,False,0,22.3,2026-08-20,Shioaji authenticated contract info,2026-08-21 04:31:41.886389
3042,STK,TSE,晶技,28,1000.0,False,0.0,False,0,186.0,2026-08-20,Shioaji authenticated contract info,2026-08-21 04:31:41.886389
3043,STK,TSE,科風,31,1000.0,False,0.0,False,0,21.05,2026-08-20,Shioaji authenticated contract info,2026-08-21 04:31:41.886389
3044,STK,TSE,健鼎,28,1000.0,False,0.0,False,0,480.5,2026-08-20,Shioaji authenticated contract info,2026-08-21 04:31:41.887002
3045,STK,TSE,台灣大,27,1000.0,False,0.0,False,0,113.5,2026-08-20,Shioaji authenticated contract info,2026-08-21 04:31:41.887002
3046,STK,TSE,建碁,25,1000.0,False,0.0,False,0,58.7,2026-08-20,Shioaji authenticated contract info,2026-08-21 04:31:41.887002
3047,STK,TSE,訊舟,27,1000.0,False,0.0,False,0,13.7,2026-08-20,Shioaji authenticated contract info,2026-08-21 04:31:41.887002
3048,STK,TSE,益登,29,1000.0,False,0.0,False,0,57.0,2026-08-20,Shioaji authenticated contract info,2026-08-21 04:31:41.887002
3049,STK,TSE,精金,26,1000.0,False,0.0,False,0,10.7,2026-08-20,Shioaji authenticated contract info,2026-08-21 04:31:41.887002
3050,STK,TSE,鈺德,26,1000.0,False,0.0,False,0,11.4,2026-08-20,Shioaji authenticated contract info,2026-08-21 04:31:41.887002
3051,STK,TSE,力特,26,1000.0,False,0.0,False,0,22.15,2026-08-20,Shioaji authenticated contract info,2026-08-21 04:31:41.888580
3052,STK,TSE,夆典,14,1000.0,False,0.0,False,0,11.3,2026-08-20,Shioaji authenticated contract info,2026-08-21 04:31:41.888580
3054,STK,TSE,立萬利,02,1000.0,False,0.0,False,0,51.5,2026-08-20,Shioaji authenticated contract info,2026-08-21 04:31:41.888580
3055,STK,TSE,蔚華科,29,1000.0,False,0.0,False,0,115.0,2026-08-20,Shioaji authenticated contract info,2026-08-21 04:31:41.888580
3056,STK,TSE,富華新,14,1000.0,False,0.0,False,0,14.0,2026-08-20,Shioaji authenticated contract info,2026-08-21 04:31:41.888580
3057,STK,TSE,喬鼎,25,1000.0,False,0.0,False,0,17.25,2026-08-20,Shioaji authenticated contract info,2026-08-21 04:31:41.888580
3058,STK,TSE,立德,28,1000.0,False,0.0,False,0,8.11,2026-08-20,Shioaji authenticated contract info,2026-08-21 04:31:41.888580
3059,STK,TSE,華晶科,26,1000.0,False,0.0,False,0,39.25,2026-08-20,Shioaji authenticated contract info,2026-08-21 04:31:41.888580
3060,STK,TSE,銘異,25,1000.0,False,0.0,False,0,27.55,2026-08-20,Shioaji authenticated contract info,2026-08-21 04:31:41.890126
3062,STK,TSE,建漢,27,1000.0,False,0.0,False,0,20.3,2026-08-20,Shioaji authenticated contract info,2026-08-21 04:31:41.890126
3090,STK,TSE,日電貿,28,1000.0,False,0.0,False,0,177.5,2026-08-20,Shioaji authenticated contract info,2026-08-21 04:31:41.890126
3092,STK,TSE,鴻碩,28,1000.0,False,0.0,False,0,23.4,2026-08-20,Shioaji authenticated contract info,2026-08-21 04:31:41.890126
3094,STK,TSE,聯傑,24,1000.0,False,0.0,False,0,36.25,2026-08-20,Shioaji authenticated contract info,2026-08-21 04:31:41.890126
3130,STK,TSE,一零四,36,1000.0,False,0.0,False,0,211.5,2026-08-20,Shioaji authenticated contract info,2026-08-21 04:31:41.890126
3135,STK,TSE,凌航,24,1000.0,False,0.0,False,0,153.0,2026-08-20,Shioaji authenticated contract info,2026-08-21 04:31:41.890126
3138,STK,TSE,耀登,27,1000.0,False,0.0,False,0,95.4,2026-08-20,Shioaji authenticated contract info,2026-08-21 04:31:41.890126
3149,STK,TSE,正達,26,1000.0,False,0.0,False,0,64.8,2026-08-20,Shioaji authenticated contract info,2026-08-21 04:31:41.891686
3150,STK,TSE,鈺寶-創,24,1000.0,False,0.0,False,0,17.15,2026-08-20,Shioaji authenticated contract info,2026-08-21 04:31:41.891686
3164,STK,TSE,景岳,22,1000.0,False,0.0,False,0,15.85,2026-08-20,Shioaji authenticated contract info,2026-08-21 04:31:41.891686
3167,STK,TSE,大量,05,1000.0,False,0.0,False,0,693.0,2026-08-20,Shioaji authenticated contract info,2026-08-21 04:31:41.892495
3168,STK,TSE,眾福科,26,1000.0,False,0.0,False,0,41.35,2026-08-20,Shioaji authenticated contract info,2026-08-21 04:31:41.892495
3189,STK,TSE,景碩,24,1000.0,False,0.0,False,0,849.0,2026-08-20,Shioaji authenticated contract info,2026-08-21 04:31:41.893005
3209,STK,TSE,全科,29,1000.0,False,0.0,False,0,50.8,2026-08-20,Shioaji authenticated contract info,2026-08-21 04:31:41.893005
3229,STK,TSE,晟鈦,28,1000.0,False,0.0,False,0,51.8,2026-08-20,Shioaji authenticated contract info,2026-08-21 04:31:41.893005
3231,STK,TSE,緯創,25,1000.0,False,0.0,False,0,182.0,2026-08-20,Shioaji authenticated contract info,2026-08-21 04:31:41.894036
3257,STK,TSE,虹冠電,24,1000.0,False,0.0,False,0,49.6,2026-08-20,Shioaji authenticated contract info,2026-08-21 04:31:41.894036
3266,STK,TSE,昇陽,14,1000.0,False,0.0,False,0,13.6,2026-08-20,Shioaji authenticated contract info,2026-08-21 04:31:41.894546
3296,STK,TSE,勝德,28,1000.0,False,0.0,False,0,24.4,2026-08-20,Shioaji authenticated contract info,2026-08-21 04:31:41.894546
3305,STK,TSE,昇貿,31,1000.0,False,0.0,False,0,109.5,2026-08-20,Shioaji authenticated contract info,2026-08-21 04:31:41.894546
3308,STK,TSE,聯德,28,1000.0,False,0.0,False,0,19.8,2026-08-20,Shioaji authenticated contract info,2026-08-21 04:31:41.894546
3311,STK,TSE,閎暉,27,1000.0,False,0.0,False,0,31.4,2026-08-20,Shioaji authenticated contract info,2026-08-21 04:31:41.894546
3312,STK,TSE,弘憶股,29,1000.0,False,0.0,False,0,51.3,2026-08-20,Shioaji authenticated contract info,2026-08-21 04:31:41.896101
3321,STK,TSE,同泰,28,1000.0,False,0.0,False,0,18.05,2026-08-20,Shioaji authenticated contract info,2026-08-21 04:31:41.896101
3338,STK,TSE,泰碩,28,1000.0,False,0.0,False,0,61.5,2026-08-20,Shioaji authenticated contract info,2026-08-21 04:31:41.896101
3346,STK,TSE,麗清,12,1000.0,False,0.0,False,0,19.9,2026-08-20,Shioaji authenticated contract info,2026-08-21 04:31:41.896101
3356,STK,TSE,奇偶,26,1000.0,False,0.0,False,0,63.0,2026-08-20,Shioaji authenticated contract info,2026-08-21 04:31:41.896101
3376,STK,TSE,新日興,28,1000.0,False,0.0,False,0,186.5,2026-08-20,Shioaji authenticated contract info,2026-08-21 04:31:41.897671
3380,STK,TSE,明泰,27,1000.0,False,0.0,False,0,27.15,2026-08-20,Shioaji authenticated contract info,2026-08-21 04:31:41.897671
3406,STK,TSE,玉晶光,26,1000.0,False,0.0,False,0,657.0,2026-08-20,Shioaji authenticated contract info,2026-08-21 04:31:41.897671
3413,STK,TSE,京鼎,24,1000.0,False,0.0,False,0,288.5,2026-08-20,Shioaji authenticated contract info,2026-08-21 04:31:41.899221
3416,STK,TSE,融程電,25,1000.0,False,0.0,False,0,176.5,2026-08-20,Shioaji authenticated contract info,2026-08-21 04:31:41.899221
3419,STK,TSE,譁裕,27,1000.0,False,0.0,False,0,12.05,2026-08-20,Shioaji authenticated contract info,2026-08-21 04:31:41.899221
3432,STK,TSE,台端,28,1000.0,False,0.0,False,0,14.4,2026-08-20,Shioaji authenticated contract info,2026-08-21 04:31:41.900447
3437,STK,TSE,榮創,26,1000.0,False,0.0,False,0,16.75,2026-08-20,Shioaji authenticated contract info,2026-08-21 04:31:41.900447
3443,STK,TSE,創意,24,1000.0,False,0.0,False,0,5295.0,2026-08-20,Shioaji authenticated contract info,2026-08-21 04:31:41.902188
3447,STK,TSE,展達,27,1000.0,False,0.0,False,0,26.9,2026-08-20,Shioaji authenticated contract info,2026-08-21 04:31:41.902188
3450,STK,TSE,聯鈞,24,1000.0,False,0.0,False,0,567.0,2026-08-20,Shioaji authenticated contract info,2026-08-21 04:31:41.902188
3481,STK,TSE,群創,26,1000.0,False,0.0,False,0,46.75,2026-08-20,Shioaji authenticated contract info,2026-08-21 04:31:41.903275
3494,STK,TSE,誠研,25,1000.0,False,0.0,False,0,7.13,2026-08-20,Shioaji authenticated contract info,2026-08-21 04:31:41.903275
3501,STK,TSE,維熹,28,1000.0,False,0.0,False,0,39.6,2026-08-20,Shioaji authenticated contract info,2026-08-21 04:31:41.903275
3504,STK,TSE,揚明光,26,1000.0,False,0.0,False,0,78.4,2026-08-20,Shioaji authenticated contract info,2026-08-21 04:31:41.903797
3515,STK,TSE,華擎,25,1000.0,False,0.0,False,0,220.0,2026-08-20,Shioaji authenticated contract info,2026-08-21 04:31:41.903797
3518,STK,TSE,柏騰,31,1000.0,False,0.0,False,0,27.7,2026-08-20,Shioaji authenticated contract info,2026-08-21 04:31:41.903797
3528,STK,TSE,安馳,29,1000.0,False,0.0,False,0,84.0,2026-08-20,Shioaji authenticated contract info,2026-08-21 04:31:41.903797
3530,STK,TSE,晶相光,24,1000.0,False,0.0,False,0,55.1,2026-08-20,Shioaji authenticated contract info,2026-08-21 04:31:41.903797
3532,STK,TSE,台勝科,24,1000.0,False,0.0,False,0,356.5,2026-08-20,Shioaji authenticated contract info,2026-08-21 04:31:41.904815
3533,STK,TSE,嘉澤,28,1000.0,False,0.0,False,0,1620.0,2026-08-20,Shioaji authenticated contract info,2026-08-21 04:31:41.904815
3535,STK,TSE,晶彩科,26,1000.0,False,0.0,False,0,87.1,2026-08-20,Shioaji authenticated contract info,2026-08-21 04:31:41.905339
3543,STK,TSE,州巧,26,1000.0,False,0.0,False,0,43.55,2026-08-20,Shioaji authenticated contract info,2026-08-21 04:31:41.905339
3545,STK,TSE,敦泰,24,1000.0,False,0.0,False,0,49.4,2026-08-20,Shioaji authenticated contract info,2026-08-21 04:31:41.905339
3550,STK,TSE,聯穎,28,1000.0,False,0.0,False,0,22.6,2026-08-20,Shioaji authenticated contract info,2026-08-21 04:31:41.905339
3557,STK,TSE,嘉威,38,1000.0,False,0.0,False,0,24.4,2026-08-20,Shioaji authenticated contract info,2026-08-21 04:31:41.905339
3563,STK,TSE,牧德,26,1000.0,False,0.0,False,0,674.0,2026-08-20,Shioaji authenticated contract info,2026-08-21 04:31:41.905339
3576,STK,TSE,聯合再生,26,1000.0,False,0.0,False,0,16.75,2026-08-20,Shioaji authenticated contract info,2026-08-21 04:31:41.905339
3583,STK,TSE,辛耘,24,1000.0,False,0.0,False,0,706.0,2026-08-20,Shioaji authenticated contract info,2026-08-21 04:31:41.906882
3588,STK,TSE,通嘉,24,1000.0,False,0.0,False,0,52.3,2026-08-20,Shioaji authenticated contract info,2026-08-21 04:31:41.906882
3591,STK,TSE,艾笛森,26,1000.0,False,0.0,False,0,20.5,2026-08-20,Shioaji authenticated contract info,2026-08-21 04:31:41.906882
3592,STK,TSE,瑞鼎,24,1000.0,False,0.0,False,0,225.0,2026-08-20,Shioaji authenticated contract info,2026-08-21 04:31:41.906882
3593,STK,TSE,力銘,28,1000.0,False,0.0,False,1,11.0,2026-08-20,Shioaji authenticated contract info,2026-08-21 04:31:41.906882
3596,STK,TSE,智易,27,1000.0,False,0.0,False,0,160.0,2026-08-20,Shioaji authenticated contract info,2026-08-21 04:31:41.906882
3605,STK,TSE,宏致,28,1000.0,False,0.0,False,0,119.0,2026-08-20,Shioaji authenticated contract info,2026-08-21 04:31:41.906882
3607,STK,TSE,谷崧,28,1000.0,False,0.0,False,0,13.9,2026-08-20,Shioaji authenticated contract info,2026-08-21 04:31:41.906882
3617,STK,TSE,碩天,31,1000.0,False,0.0,False,0,257.0,2026-08-20,Shioaji authenticated contract info,2026-08-21 04:31:41.908950
3622,STK,TSE,洋華,26,1000.0,False,0.0,False,0,48.7,2026-08-20,Shioaji authenticated contract info,2026-08-21 04:31:41.908950
3645,STK,TSE,達邁,28,1000.0,False,0.0,False,0,65.9,2026-08-20,Shioaji authenticated contract info,2026-08-21 04:31:41.908950
3652,STK,TSE,精聯,25,1000.0,False,0.0,False,0,34.1,2026-08-20,Shioaji authenticated contract info,2026-08-21 04:31:41.910142
3653,STK,TSE,健策,28,1000.0,False,0.0,True,0,5460.0,2026-08-20,Shioaji authenticated contract info,2026-08-21 04:31:41.910142
3661,STK,TSE,世芯-KY,24,1000.0,False,0.0,False,0,3630.0,2026-08-20,Shioaji authenticated contract info,2026-08-21 04:31:41.910142
3665,STK,TSE,貿聯-KY,31,1000.0,False,0.0,False,0,2200.0,2026-08-20,Shioaji authenticated contract info,2026-08-21 04:31:41.910142
3669,STK,TSE,圓展,27,1000.0,False,0.0,False,0,37.45,2026-08-20,Shioaji authenticated contract info,2026-08-21 04:31:41.910142
3673,STK,TSE,TPK-KY,26,1000.0,False,0.0,False,0,59.5,2026-08-20,Shioaji authenticated contract info,2026-08-21 04:31:41.911729
3679,STK,TSE,新至陞,28,1000.0,False,0.0,False,0,109.5,2026-08-20,Shioaji authenticated contract info,2026-08-21 04:31:41.912337
3686,STK,TSE,達能,24,1000.0,False,0.0,False,0,14.25,2026-08-20,Shioaji authenticated contract info,2026-08-21 04:31:41.912337
3694,STK,TSE,海華,27,1000.0,False,0.0,False,0,50.7,2026-08-20,Shioaji authenticated contract info,2026-08-21 04:31:41.912337
3701,STK,TSE,大眾控,25,1000.0,False,0.0,False,0,39.25,2026-08-20,Shioaji authenticated contract info,2026-08-21 04:31:41.913351
3702,STK,TSE,大聯大,29,1000.0,False,0.0,False,0,106.5,2026-08-20,Shioaji authenticated contract info,2026-08-21 04:31:41.913351
3703,STK,TSE,欣陸,14,1000.0,False,0.0,False,0,19.55,2026-08-20,Shioaji authenticated contract info,2026-08-21 04:31:41.913351
3704,STK,TSE,合勤控,27,1000.0,False,0.0,False,0,41.5,2026-08-20,Shioaji authenticated contract info,2026-08-21 04:31:41.913351
3705,STK,TSE,永信,22,1000.0,False,0.0,False,0,54.7,2026-08-20,Shioaji authenticated contract info,2026-08-21 04:31:41.913351
3706,STK,TSE,神達,25,1000.0,False,0.0,False,0,90.7,2026-08-20,Shioaji authenticated contract info,2026-08-21 04:31:41.913351
3708,STK,TSE,上緯投控,35,1000.0,False,0.0,False,0,101.5,2026-08-20,Shioaji authenticated contract info,2026-08-21 04:31:41.913351
3711,STK,TSE,日月光投控,24,1000.0,False,0.0,False,0,588.0,2026-08-20,Shioaji authenticated contract info,2026-08-21 04:31:41.914905
3712,STK,TSE,永崴投控,25,1000.0,False,0.0,False,0,20.5,2026-08-20,Shioaji authenticated contract info,2026-08-21 04:31:41.914905
3714,STK,TSE,富采,26,1000.0,False,0.0,False,0,55.2,2026-08-20,Shioaji authenticated contract info,2026-08-21 04:31:41.914905
3715,STK,TSE,定穎投控,28,1000.0,False,0.0,False,0,107.5,2026-08-20,Shioaji authenticated contract info,2026-08-21 04:31:41.914905
3716,STK,TSE,中化控股,22,1000.0,False,0.0,False,0,34.65,2026-08-20,Shioaji authenticated contract info,2026-08-21 04:31:41.914905
3717,STK,TSE,聯嘉投控,12,1000.0,False,0.0,False,0,22.2,2026-08-20,Shioaji authenticated contract info,2026-08-21 04:31:41.914905
4104,STK,TSE,佳醫,22,1000.0,False,0.0,False,0,71.4,2026-08-20,Shioaji authenticated contract info,2026-08-21 04:31:41.914905
4106,STK,TSE,雃博,22,1000.0,False,0.0,False,0,24.4,2026-08-20,Shioaji authenticated contract info,2026-08-21 04:31:41.916431
4108,STK,TSE,懷特,22,1000.0,False,0.0,False,0,10.9,2026-08-20,Shioaji authenticated contract info,2026-08-21 04:31:41.916431
4119,STK,TSE,旭富,22,1000.0,False,0.0,False,0,52.0,2026-08-20,Shioaji authenticated contract info,2026-08-21 04:31:41.916431
4133,STK,TSE,亞諾法,22,1000.0,False,0.0,False,0,20.55,2026-08-20,Shioaji authenticated contract info,2026-08-21 04:31:41.916431
4137,STK,TSE,麗豐-KY,22,1000.0,False,0.0,False,0,90.0,2026-08-20,Shioaji authenticated contract info,2026-08-21 04:31:41.916431
4142,STK,TSE,國光生,22,1000.0,False,0.0,False,0,17.25,2026-08-20,Shioaji authenticated contract info,2026-08-21 04:31:41.916431
4148,STK,TSE,全宇生技-KY,22,1000.0,False,0.0,False,0,31.9,2026-08-20,Shioaji authenticated contract info,2026-08-21 04:31:41.916431
4155,STK,TSE,訊映,22,1000.0,False,0.0,False,0,14.65,2026-08-20,Shioaji authenticated contract info,2026-08-21 04:31:41.917973
4164,STK,TSE,承業醫,22,1000.0,False,0.0,False,0,25.7,2026-08-20,Shioaji authenticated contract info,2026-08-21 04:31:41.917973
4169,STK,TSE,泰宗,22,1000.0,False,0.0,False,0,149.0,2026-08-20,Shioaji authenticated contract info,2026-08-21 04:31:41.917973
4178,STK,TSE,永笙-KY,22,1000.0,False,0.0,False,0,17.0,2026-08-20,Shioaji authenticated contract info,2026-08-21 04:31:41.917973
4190,STK,TSE,佐登-KY,22,1000.0,False,0.0,False,0,25.05,2026-08-20,Shioaji authenticated contract info,2026-08-21 04:31:41.918987
4195,STK,TSE,基米-創,22,1000.0,False,0.0,False,0,14.2,2026-08-20,Shioaji authenticated contract info,2026-08-21 04:31:41.918987
4306,STK,TSE,炎洲,03,1000.0,False,0.0,False,0,15.3,2026-08-20,Shioaji authenticated contract info,2026-08-21 04:31:41.919493
4414,STK,TSE,如興,04,1000.0,False,0.0,False,0,8.31,2026-08-20,Shioaji authenticated contract info,2026-08-21 04:31:41.919493
4426,STK,TSE,利勤,04,1000.0,False,0.0,False,0,7.77,2026-08-20,Shioaji authenticated contract info,2026-08-21 04:31:41.919493
4438,STK,TSE,廣越,04,1000.0,False,0.0,False,0,60.0,2026-08-20,Shioaji authenticated contract info,2026-08-21 04:31:41.919493
4439,STK,TSE,冠星-KY,04,1000.0,False,0.0,False,0,108.5,2026-08-20,Shioaji authenticated contract info,2026-08-21 04:31:41.919493
4440,STK,TSE,宜新實業,04,1000.0,False,0.0,False,0,17.6,2026-08-20,Shioaji authenticated contract info,2026-08-21 04:31:41.919493
4441,STK,TSE,振大環球,04,1000.0,False,0.0,False,0,185.5,2026-08-20,Shioaji authenticated contract info,2026-08-21 04:31:41.919493
4526,STK,TSE,東台,05,1000.0,False,0.0,False,0,29.9,2026-08-20,Shioaji authenticated contract info,2026-08-21 04:31:41.921067
4532,STK,TSE,瑞智,05,1000.0,False,0.0,False,0,23.65,2026-08-20,Shioaji authenticated contract info,2026-08-21 04:31:41.921067
4536,STK,TSE,拓凱,37,1000.0,False,0.0,False,0,169.5,2026-08-20,Shioaji authenticated contract info,2026-08-21 04:31:41.921067
4540,STK,TSE,全球傳動,05,1000.0,False,0.0,False,0,59.4,2026-08-20,Shioaji authenticated contract info,2026-08-21 04:31:41.921067
4545,STK,TSE,銘鈺,28,1000.0,False,0.0,False,0,32.2,2026-08-20,Shioaji authenticated contract info,2026-08-21 04:31:41.921067
4551,STK,TSE,智伸科,12,1000.0,False,0.0,False,0,161.0,2026-08-20,Shioaji authenticated contract info,2026-08-21 04:31:41.921067
4552,STK,TSE,力達-KY,05,1000.0,False,0.0,False,0,17.5,2026-08-20,Shioaji authenticated contract info,2026-08-21 04:31:41.921067
4555,STK,TSE,氣立,05,1000.0,False,0.0,False,0,47.3,2026-08-20,Shioaji authenticated contract info,2026-08-21 04:31:41.922592
4557,STK,TSE,永新-KY,12,1000.0,False,0.0,False,0,51.1,2026-08-20,Shioaji authenticated contract info,2026-08-21 04:31:41.922592
4560,STK,TSE,強信-KY,05,1000.0,False,0.0,False,0,32.4,2026-08-20,Shioaji authenticated contract info,2026-08-21 04:31:41.922592
4562,STK,TSE,穎漢,05,1000.0,False,0.0,False,0,31.65,2026-08-20,Shioaji authenticated contract info,2026-08-21 04:31:41.922592
4564,STK,TSE,元翎,05,1000.0,False,0.0,False,0,16.7,2026-08-20,Shioaji authenticated contract info,2026-08-21 04:31:41.922592
4566,STK,TSE,時碩工業,05,1000.0,False,0.0,False,0,70.0,2026-08-20,Shioaji authenticated contract info,2026-08-21 04:31:41.922592
4569,STK,TSE,六方科-KY,12,1000.0,False,0.0,False,0,160.0,2026-08-20,Shioaji authenticated contract info,2026-08-21 04:31:41.922592
4571,STK,TSE,鈞興-KY,05,1000.0,False,0.0,False,0,164.0,2026-08-20,Shioaji authenticated contract info,2026-08-21 04:31:41.924159
4572,STK,TSE,駐龍,05,1000.0,False,0.0,False,0,140.0,2026-08-20,Shioaji authenticated contract info,2026-08-21 04:31:41.924159
4576,STK,TSE,大銀微系統,05,1000.0,False,0.0,False,0,208.0,2026-08-20,Shioaji authenticated contract info,2026-08-21 04:31:41.924159
4581,STK,TSE,光隆精密-KY,12,1000.0,False,0.0,False,0,47.85,2026-08-20,Shioaji authenticated contract info,2026-08-21 04:31:41.924159
4582,STK,TSE,聚恆-創,35,1000.0,False,0.0,False,0,23.5,2026-08-20,Shioaji authenticated contract info,2026-08-21 04:31:41.924159
4583,STK,TSE,台灣精銳,05,1000.0,False,0.0,False,0,481.0,2026-08-20,Shioaji authenticated contract info,2026-08-21 04:31:41.924159
4585,STK,TSE,達明,31,1000.0,False,0.0,False,0,298.0,2026-08-20,Shioaji authenticated contract info,2026-08-21 04:31:41.925749
4588,STK,TSE,玖鼎電力,31,1000.0,False,0.0,False,0,51.3,2026-08-20,Shioaji authenticated contract info,2026-08-21 04:31:41.925749
4590,STK,TSE,富田-創,05,1000.0,False,0.0,False,0,86.5,2026-08-20,Shioaji authenticated contract info,2026-08-21 04:31:41.925749
4720,STK,TSE,德淵,21,1000.0,False,0.0,False,0,17.7,2026-08-20,Shioaji authenticated contract info,2026-08-21 04:31:41.925749
4722,STK,TSE,國精化,21,1000.0,False,0.0,False,0,203.0,2026-08-20,Shioaji authenticated contract info,2026-08-21 04:31:41.925749
4736,STK,TSE,泰博,22,1000.0,False,0.0,False,0,143.0,2026-08-20,Shioaji authenticated contract info,2026-08-21 04:31:41.925749
4737,STK,TSE,華廣,22,1000.0,False,0.0,False,0,57.0,2026-08-20,Shioaji authenticated contract info,2026-08-21 04:31:41.927329
4739,STK,TSE,康普,21,1000.0,False,0.0,False,0,83.3,2026-08-20,Shioaji authenticated contract info,2026-08-21 04:31:41.927329
4746,STK,TSE,台耀,22,1000.0,False,0.0,False,0,52.0,2026-08-20,Shioaji authenticated contract info,2026-08-21 04:31:41.927329
4755,STK,TSE,三福化,21,1000.0,False,0.0,False,0,113.5,2026-08-20,Shioaji authenticated contract info,2026-08-21 04:31:41.927329
4763,STK,TSE,材料*-KY,21,1000.0,False,0.0,False,0,50.7,2026-08-20,Shioaji authenticated contract info,2026-08-21 04:31:41.927329
4764,STK,TSE,雙鍵,21,1000.0,False,0.0,False,0,203.0,2026-08-20,Shioaji authenticated contract info,2026-08-21 04:31:41.927329
4766,STK,TSE,南寶,21,1000.0,False,0.0,False,0,332.0,2026-08-20,Shioaji authenticated contract info,2026-08-21 04:31:41.928902
4770,STK,TSE,上品,21,1000.0,False,0.0,False,0,212.0,2026-08-20,Shioaji authenticated contract info,2026-08-21 04:31:41.928902
4771,STK,TSE,望隼,22,1000.0,False,0.0,False,0,199.5,2026-08-20,Shioaji authenticated contract info,2026-08-21 04:31:41.928902
4807,STK,TSE,日成-KY,18,1000.0,False,0.0,False,0,30.6,2026-08-20,Shioaji authenticated contract info,2026-08-21 04:31:41.929707
4904,STK,TSE,遠傳,27,1000.0,False,0.0,False,0,101.5,2026-08-20,Shioaji authenticated contract info,2026-08-21 04:31:41.929707
4906,STK,TSE,正文,27,1000.0,False,0.0,False,0,33.95,2026-08-20,Shioaji authenticated contract info,2026-08-21 04:31:41.930244
4912,STK,TSE,聯德控股-KY,28,1000.0,False,0.0,False,0,90.8,2026-08-20,Shioaji authenticated contract info,2026-08-21 04:31:41.930244
4915,STK,TSE,致伸,28,1000.0,False,0.0,False,0,59.8,2026-08-20,Shioaji authenticated contract info,2026-08-21 04:31:41.930788
4916,STK,TSE,事欣科,25,1000.0,False,0.0,False,0,100.5,2026-08-20,Shioaji authenticated contract info,2026-08-21 04:31:41.930788
4919,STK,TSE,新唐,24,1000.0,False,0.0,False,0,116.5,2026-08-20,Shioaji authenticated contract info,2026-08-21 04:31:41.930788
4927,STK,TSE,泰鼎-KY,28,1000.0,False,0.0,False,0,32.25,2026-08-20,Shioaji authenticated contract info,2026-08-21 04:31:41.931800
4930,STK,TSE,燦星網,06,1000.0,False,0.0,False,0,16.05,2026-08-20,Shioaji authenticated contract info,2026-08-21 04:31:41.933438
4934,STK,TSE,太極,26,1000.0,False,0.0,False,0,14.05,2026-08-20,Shioaji authenticated contract info,2026-08-21 04:31:41.934550
4935,STK,TSE,茂林-KY,26,1000.0,False,0.0,False,0,34.45,2026-08-20,Shioaji authenticated contract info,2026-08-21 04:31:41.934550
4938,STK,TSE,和碩,25,1000.0,False,0.0,False,0,89.4,2026-08-20,Shioaji authenticated contract info,2026-08-21 04:31:41.935106
4942,STK,TSE,嘉彰,26,1000.0,False,0.0,False,0,33.1,2026-08-20,Shioaji authenticated contract info,2026-08-21 04:31:41.935106
4943,STK,TSE,康控-KY,28,1000.0,False,0.0,False,2,8.42,2026-08-20,Shioaji authenticated contract info,2026-08-21 04:31:41.935106
4949,STK,TSE,有成精密,26,1000.0,False,0.0,False,0,70.0,2026-08-20,Shioaji authenticated contract info,2026-08-21 04:31:41.935106
4952,STK,TSE,凌通,24,1000.0,False,0.0,False,0,52.0,2026-08-20,Shioaji authenticated contract info,2026-08-21 04:31:41.935106
4956,STK,TSE,光鋐,26,1000.0,False,0.0,False,0,29.05,2026-08-20,Shioaji authenticated contract info,2026-08-21 04:31:41.935106
4958,STK,TSE,臻鼎-KY,28,1000.0,False,0.0,False,0,457.0,2026-08-20,Shioaji authenticated contract info,2026-08-21 04:31:41.936638
4960,STK,TSE,誠美材,26,1000.0,False,0.0,False,0,20.05,2026-08-20,Shioaji authenticated contract info,2026-08-21 04:31:41.936638
4961,STK,TSE,天鈺,24,1000.0,False,0.0,False,0,166.5,2026-08-20,Shioaji authenticated contract info,2026-08-21 04:31:41.936638
4967,STK,TSE,十銓,24,1000.0,False,0.0,False,0,260.0,2026-08-20,Shioaji authenticated contract info,2026-08-21 04:31:41.936638
4968,STK,TSE,立積,24,1000.0,False,0.0,False,0,89.3,2026-08-20,Shioaji authenticated contract info,2026-08-21 04:31:41.936638
4976,STK,TSE,佳凌,26,1000.0,False,0.0,False,0,37.1,2026-08-20,Shioaji authenticated contract info,2026-08-21 04:31:41.936638
4977,STK,TSE,眾達-KY,27,1000.0,False,0.0,False,0,145.0,2026-08-20,Shioaji authenticated contract info,2026-08-21 04:31:41.936638
4989,STK,TSE,榮科,28,1000.0,False,0.0,False,0,61.7,2026-08-20,Shioaji authenticated contract info,2026-08-21 04:31:41.938186
4994,STK,TSE,傳奇,30,1000.0,False,0.0,False,0,82.1,2026-08-20,Shioaji authenticated contract info,2026-08-21 04:31:41.938186
4999,STK,TSE,鑫禾,28,1000.0,False,0.0,False,0,18.5,2026-08-20,Shioaji authenticated contract info,2026-08-21 04:31:41.938186
5007,STK,TSE,三星,10,1000.0,False,0.0,False,0,55.6,2026-08-20,Shioaji authenticated contract info,2026-08-21 04:31:41.938186
5203,STK,TSE,訊連,30,1000.0,False,0.0,False,0,58.5,2026-08-20,Shioaji authenticated contract info,2026-08-21 04:31:41.938186
5215,STK,TSE,科嘉-KY,25,1000.0,False,0.0,False,0,39.65,2026-08-20,Shioaji authenticated contract info,2026-08-21 04:31:41.938186
5222,STK,TSE,全訊,24,1000.0,False,0.0,False,0,107.0,2026-08-20,Shioaji authenticated contract info,2026-08-21 04:31:41.938186
5225,STK,TSE,東科-KY,31,1000.0,False,0.0,False,0,59.6,2026-08-20,Shioaji authenticated contract info,2026-08-21 04:31:41.939743
5234,STK,TSE,達興材料,26,1000.0,False,0.0,False,0,294.5,2026-08-20,Shioaji authenticated contract info,2026-08-21 04:31:41.939743
5236,STK,TSE,凌陽創新,24,1000.0,False,0.0,False,0,135.5,2026-08-20,Shioaji authenticated contract info,2026-08-21 04:31:41.939743
5243,STK,TSE,乙盛-KY,26,1000.0,False,0.0,False,0,88.2,2026-08-20,Shioaji authenticated contract info,2026-08-21 04:31:41.939743
5244,STK,TSE,弘凱,26,1000.0,False,0.0,False,0,32.8,2026-08-20,Shioaji authenticated contract info,2026-08-21 04:31:41.939743
5258,STK,TSE,虹堡,25,1000.0,False,0.0,False,0,47.1,2026-08-20,Shioaji authenticated contract info,2026-08-21 04:31:41.939743
5269,STK,TSE,祥碩,24,1000.0,False,0.0,False,0,1460.0,2026-08-20,Shioaji authenticated contract info,2026-08-21 04:31:41.939743
5283,STK,TSE,禾聯碩,06,1000.0,False,0.0,False,0,56.8,2026-08-20,Shioaji authenticated contract info,2026-08-21 04:31:41.941281
5284,STK,TSE,jpp-KY,20,1000.0,False,0.0,False,0,307.5,2026-08-20,Shioaji authenticated contract info,2026-08-21 04:31:41.941281
5285,STK,TSE,界霖,24,1000.0,False,0.0,False,0,79.4,2026-08-20,Shioaji authenticated contract info,2026-08-21 04:31:41.941281
5288,STK,TSE,豐祥-KY,05,1000.0,False,0.0,False,0,188.5,2026-08-20,Shioaji authenticated contract info,2026-08-21 04:31:41.941281
5292,STK,TSE,華懋,35,1000.0,False,0.0,False,0,210.0,2026-08-20,Shioaji authenticated contract info,2026-08-21 04:31:41.941281
5306,STK,TSE,桂盟,37,1000.0,False,0.0,False,0,96.2,2026-08-20,Shioaji authenticated contract info,2026-08-21 04:31:41.942474
5388,STK,TSE,中磊,27,1000.0,False,0.0,False,0,78.4,2026-08-20,Shioaji authenticated contract info,2026-08-21 04:31:41.942474
5434,STK,TSE,崇越,29,1000.0,False,0.0,False,0,530.0,2026-08-20,Shioaji authenticated contract info,2026-08-21 04:31:41.942474
5469,STK,TSE,瀚宇博,28,1000.0,False,0.0,False,0,72.2,2026-08-20,Shioaji authenticated contract info,2026-08-21 04:31:41.942474
5471,STK,TSE,松翰,24,1000.0,False,0.0,False,0,57.0,2026-08-20,Shioaji authenticated contract info,2026-08-21 04:31:41.943743
5484,STK,TSE,慧友,26,1000.0,False,0.0,False,0,40.0,2026-08-20,Shioaji authenticated contract info,2026-08-21 04:31:41.943743
5515,STK,TSE,建國,14,1000.0,False,0.0,False,0,53.8,2026-08-20,Shioaji authenticated contract info,2026-08-21 04:31:41.943743
5519,STK,TSE,隆大,14,1000.0,False,0.0,False,0,27.7,2026-08-20,Shioaji authenticated contract info,2026-08-21 04:31:41.943743
5521,STK,TSE,工信,14,1000.0,False,0.0,False,0,10.65,2026-08-20,Shioaji authenticated contract info,2026-08-21 04:31:41.943743
5522,STK,TSE,遠雄,14,1000.0,False,0.0,False,0,62.6,2026-08-20,Shioaji authenticated contract info,2026-08-21 04:31:41.945359
5525,STK,TSE,順天,14,1000.0,False,0.0,False,0,21.85,2026-08-20,Shioaji authenticated contract info,2026-08-21 04:31:41.945359
5531,STK,TSE,鄉林,14,1000.0,False,0.0,False,0,7.35,2026-08-20,Shioaji authenticated contract info,2026-08-21 04:31:41.945359
5533,STK,TSE,皇鼎,14,1000.0,False,0.0,False,0,13.85,2026-08-20,Shioaji authenticated contract info,2026-08-21 04:31:41.945359
5534,STK,TSE,長虹,14,1000.0,False,0.0,False,0,79.2,2026-08-20,Shioaji authenticated contract info,2026-08-21 04:31:41.945359
5538,STK,TSE,東明-KY,10,1000.0,False,0.0,False,0,37.3,2026-08-20,Shioaji authenticated contract info,2026-08-21 04:31:41.947019
5546,STK,TSE,永固-KY,14,1000.0,False,0.0,False,0,13.5,2026-08-20,Shioaji authenticated contract info,2026-08-21 04:31:41.947019
5607,STK,TSE,遠雄港,15,1000.0,False,0.0,False,0,54.0,2026-08-20,Shioaji authenticated contract info,2026-08-21 04:31:41.947378
5608,STK,TSE,四維航,15,1000.0,False,0.0,False,0,17.5,2026-08-20,Shioaji authenticated contract info,2026-08-21 04:31:41.947378
5706,STK,TSE,鳳凰,16,1000.0,False,0.0,False,0,45.4,2026-08-20,Shioaji authenticated contract info,2026-08-21 04:31:41.947378
5871,STK,TSE,中租-KY,20,1000.0,False,0.0,False,0,109.5,2026-08-20,Shioaji authenticated contract info,2026-08-21 04:31:41.948386
5876,STK,TSE,上海商銀,17,1000.0,False,0.0,False,0,43.5,2026-08-20,Shioaji authenticated contract info,2026-08-21 04:31:41.948386
5880,STK,TSE,合庫金,17,1000.0,False,0.0,False,0,24.85,2026-08-20,Shioaji authenticated contract info,2026-08-21 04:31:41.948386
5906,STK,TSE,台南-KY,18,1000.0,False,0.0,False,0,38.0,2026-08-20,Shioaji authenticated contract info,2026-08-21 04:31:41.948386
5907,STK,TSE,大洋-KY,18,1000.0,False,0.0,False,0,4.88,2026-08-20,Shioaji authenticated contract info,2026-08-21 04:31:41.948386
6005,STK,TSE,群益證,17,1000.0,False,0.0,False,0,30.2,2026-08-20,Shioaji authenticated contract info,2026-08-21 04:31:41.948386
6024,STK,TSE,群益期,17,1000.0,False,0.0,False,0,60.8,2026-08-20,Shioaji authenticated contract info,2026-08-21 04:31:41.948386
6108,STK,TSE,競國,28,1000.0,False,0.0,False,0,24.75,2026-08-20,Shioaji authenticated contract info,2026-08-21 04:31:41.949913
6112,STK,TSE,邁達特,30,1000.0,False,0.0,False,0,44.1,2026-08-20,Shioaji authenticated contract info,2026-08-21 04:31:41.949913
6115,STK,TSE,鎰勝,28,1000.0,False,0.0,False,0,44.9,2026-08-20,Shioaji authenticated contract info,2026-08-21 04:31:41.949913
6116,STK,TSE,彩晶,26,1000.0,False,0.0,False,0,14.25,2026-08-20,Shioaji authenticated contract info,2026-08-21 04:31:41.949913
6117,STK,TSE,迎廣,25,1000.0,False,0.0,False,0,61.0,2026-08-20,Shioaji authenticated contract info,2026-08-21 04:31:41.949913
6120,STK,TSE,達運,26,1000.0,False,0.0,False,0,12.55,2026-08-20,Shioaji authenticated contract info,2026-08-21 04:31:41.949913
6128,STK,TSE,上福,25,1000.0,False,0.0,False,0,20.3,2026-08-20,Shioaji authenticated contract info,2026-08-21 04:31:41.949913
6133,STK,TSE,金橋,28,1000.0,False,0.0,False,0,22.15,2026-08-20,Shioaji authenticated contract info,2026-08-21 04:31:41.951495
6136,STK,TSE,富爾特,27,1000.0,False,0.0,False,0,24.95,2026-08-20,Shioaji authenticated contract info,2026-08-21 04:31:41.951495
6139,STK,TSE,亞翔,31,1000.0,False,0.0,False,0,766.0,2026-08-20,Shioaji authenticated contract info,2026-08-21 04:31:41.951495
6141,STK,TSE,柏承,28,1000.0,False,0.0,False,0,44.5,2026-08-20,Shioaji authenticated contract info,2026-08-21 04:31:41.951495
6142,STK,TSE,友勁,27,1000.0,False,0.0,False,0,9.0,2026-08-20,Shioaji authenticated contract info,2026-08-21 04:31:41.951495
6152,STK,TSE,百一,27,1000.0,False,0.0,False,0,13.9,2026-08-20,Shioaji authenticated contract info,2026-08-21 04:31:41.951495
6153,STK,TSE,嘉聯益,28,1000.0,False,0.0,False,0,16.7,2026-08-20,Shioaji authenticated contract info,2026-08-21 04:31:41.951495
6155,STK,TSE,鈞寶,28,1000.0,False,0.0,False,0,58.1,2026-08-20,Shioaji authenticated contract info,2026-08-21 04:31:41.953033
6164,STK,TSE,華興,26,1000.0,False,0.0,False,0,11.65,2026-08-20,Shioaji authenticated contract info,2026-08-21 04:31:41.953033
6165,STK,TSE,浪凡,36,1000.0,False,0.0,False,0,46.8,2026-08-20,Shioaji authenticated contract info,2026-08-21 04:31:41.953033
6166,STK,TSE,凌華,25,1000.0,False,0.0,False,0,123.5,2026-08-20,Shioaji authenticated contract info,2026-08-21 04:31:41.953033
6168,STK,TSE,宏齊,26,1000.0,False,0.0,False,0,24.2,2026-08-20,Shioaji authenticated contract info,2026-08-21 04:31:41.953033
6176,STK,TSE,瑞儀,26,1000.0,False,,False,,81.7,2026-08-12,Shioaji authenticated contract info,2026-08-21 04:31:41.953033
6177,STK,TSE,達麗,14,1000.0,False,0.0,False,0,45.4,2026-08-20,Shioaji authenticated contract info,2026-08-21 04:31:41.954551
6183,STK,TSE,關貿,30,1000.0,False,0.0,False,0,93.3,2026-08-20,Shioaji authenticated contract info,2026-08-21 04:31:41.954551
6184,STK,TSE,大豐電,20,1000.0,False,0.0,False,0,41.85,2026-08-20,Shioaji authenticated contract info,2026-08-21 04:31:41.954551
6189,STK,TSE,豐藝,29,1000.0,False,0.0,False,0,47.15,2026-08-20,Shioaji authenticated contract info,2026-08-21 04:31:41.954551
6191,STK,TSE,精成科,28,1000.0,False,0.0,False,0,82.5,2026-08-20,Shioaji authenticated contract info,2026-08-21 04:31:41.954551
6192,STK,TSE,巨路,31,1000.0,False,0.0,False,0,116.0,2026-08-20,Shioaji authenticated contract info,2026-08-21 04:31:41.954551
6196,STK,TSE,帆宣,31,1000.0,False,0.0,False,0,500.0,2026-08-20,Shioaji authenticated contract info,2026-08-21 04:31:41.954551
6197,STK,TSE,佳必琪,28,1000.0,False,0.0,False,0,301.0,2026-08-20,Shioaji authenticated contract info,2026-08-21 04:31:41.956102
6201,STK,TSE,亞弘電,31,1000.0,False,0.0,False,0,44.45,2026-08-20,Shioaji authenticated contract info,2026-08-21 04:31:41.956102
6202,STK,TSE,盛群,24,1000.0,False,0.0,False,0,58.0,2026-08-20,Shioaji authenticated contract info,2026-08-21 04:31:41.956102
6205,STK,TSE,詮欣,28,1000.0,False,0.0,False,0,61.0,2026-08-20,Shioaji authenticated contract info,2026-08-21 04:31:41.956102
6206,STK,TSE,飛捷,25,1000.0,False,0.0,False,0,144.5,2026-08-20,Shioaji authenticated contract info,2026-08-21 04:31:41.956102
6209,STK,TSE,今國光,26,1000.0,False,0.0,False,0,67.0,2026-08-20,Shioaji authenticated contract info,2026-08-21 04:31:41.956102
6213,STK,TSE,聯茂,28,1000.0,False,2.0,False,0,484.0,2026-08-20,Shioaji authenticated contract info,2026-08-21 04:31:41.957624
6214,STK,TSE,精誠,30,1000.0,False,0.0,False,0,178.5,2026-08-20,Shioaji authenticated contract info,2026-08-21 04:31:41.957624
6215,STK,TSE,和椿,31,1000.0,False,0.0,False,0,99.3,2026-08-20,Shioaji authenticated contract info,2026-08-21 04:31:41.957624
6216,STK,TSE,居易,27,1000.0,False,0.0,False,0,22.15,2026-08-20,Shioaji authenticated contract info,2026-08-21 04:31:41.957624
6224,STK,TSE,聚鼎,28,1000.0,False,0.0,False,0,65.6,2026-08-20,Shioaji authenticated contract info,2026-08-21 04:31:41.957624
6225,STK,TSE,天瀚,26,1000.0,False,2.0,True,1,53.6,2026-08-20,Shioaji authenticated contract info,2026-08-21 04:31:41.957624
6226,STK,TSE,光鼎,26,1000.0,False,0.0,True,0,21.3,2026-08-20,Shioaji authenticated contract info,2026-08-21 04:31:41.959104
6230,STK,TSE,尼得科超眾,25,1000.0,False,0.0,False,0,106.0,2026-08-20,Shioaji authenticated contract info,2026-08-21 04:31:41.959104
6235,STK,TSE,華孚,25,1000.0,False,0.0,False,0,37.3,2026-08-20,Shioaji authenticated contract info,2026-08-21 04:31:41.959104
6239,STK,TSE,力成,24,1000.0,False,0.0,False,0,262.5,2026-08-20,Shioaji authenticated contract info,2026-08-21 04:31:41.959104
6243,STK,TSE,迅杰,24,1000.0,False,0.0,False,0,43.3,2026-08-20,Shioaji authenticated contract info,2026-08-21 04:31:41.959104
6257,STK,TSE,矽格,24,1000.0,False,0.0,False,0,199.5,2026-08-20,Shioaji authenticated contract info,2026-08-21 04:31:41.959104
6269,STK,TSE,台郡,28,1000.0,False,0.0,False,0,62.7,2026-08-20,Shioaji authenticated contract info,2026-08-21 04:31:41.960651
6271,STK,TSE,同欣電,24,1000.0,False,0.0,False,0,194.0,2026-08-20,Shioaji authenticated contract info,2026-08-21 04:31:41.960651
6272,STK,TSE,驊陞,28,1000.0,False,0.0,False,0,22.95,2026-08-20,Shioaji authenticated contract info,2026-08-21 04:31:41.960651
6277,STK,TSE,宏正,25,1000.0,False,0.0,False,0,83.7,2026-08-20,Shioaji authenticated contract info,2026-08-21 04:31:41.960651
6278,STK,TSE,台表科,26,1000.0,False,0.0,False,0,174.5,2026-08-20,Shioaji authenticated contract info,2026-08-21 04:31:41.960651
6281,STK,TSE,全國電,29,1000.0,False,0.0,False,0,51.1,2026-08-20,Shioaji authenticated contract info,2026-08-21 04:31:41.960651
6282,STK,TSE,康舒,28,1000.0,False,0.0,False,0,45.55,2026-08-20,Shioaji authenticated contract info,2026-08-21 04:31:41.962175
6283,STK,TSE,淳安,31,1000.0,False,0.0,False,0,19.9,2026-08-20,Shioaji authenticated contract info,2026-08-21 04:31:41.962175
6285,STK,TSE,啟碁,27,1000.0,False,0.0,False,0,235.5,2026-08-20,Shioaji authenticated contract info,2026-08-21 04:31:41.962175
6405,STK,TSE,悅城,26,1000.0,False,0.0,False,0,38.25,2026-08-20,Shioaji authenticated contract info,2026-08-21 04:31:41.962175
6409,STK,TSE,旭隼,31,1000.0,False,0.0,False,0,1030.0,2026-08-20,Shioaji authenticated contract info,2026-08-21 04:31:41.963900
6412,STK,TSE,群電,28,1000.0,False,0.0,False,0,77.0,2026-08-20,Shioaji authenticated contract info,2026-08-21 04:31:41.964283
6414,STK,TSE,樺漢,25,1000.0,False,0.0,False,0,408.5,2026-08-20,Shioaji authenticated contract info,2026-08-21 04:31:41.964722
6415,STK,TSE,矽力*-KY,24,1000.0,False,0.0,False,0,440.0,2026-08-20,Shioaji authenticated contract info,2026-08-21 04:31:41.964722
6416,STK,TSE,瑞祺電通,27,1000.0,False,0.0,False,0,96.9,2026-08-20,Shioaji authenticated contract info,2026-08-21 04:31:41.964722
6426,STK,TSE,統新,27,1000.0,False,0.0,False,0,231.0,2026-08-20,Shioaji authenticated contract info,2026-08-21 04:31:41.965814
6431,STK,TSE,光麗-KY,22,1000.0,False,0.0,False,0,20.0,2026-08-20,Shioaji authenticated contract info,2026-08-21 04:31:41.965814
6438,STK,TSE,迅得,31,1000.0,False,0.0,False,0,142.0,2026-08-20,Shioaji authenticated contract info,2026-08-21 04:31:41.965814
6442,STK,TSE,光聖,27,1000.0,False,0.0,False,0,1530.0,2026-08-20,Shioaji authenticated contract info,2026-08-21 04:31:41.967825
6443,STK,TSE,元晶,26,1000.0,False,0.0,False,0,26.0,2026-08-20,Shioaji authenticated contract info,2026-08-21 04:31:41.968847
6446,STK,TSE,藥華藥,22,1000.0,False,0.0,False,0,1400.0,2026-08-20,Shioaji authenticated contract info,2026-08-21 04:31:41.968847
6449,STK,TSE,鈺邦,28,1000.0,False,0.0,False,0,226.0,2026-08-20,Shioaji authenticated contract info,2026-08-21 04:31:41.968847
6451,STK,TSE,訊芯-KY,24,1000.0,False,0.0,False,0,414.0,2026-08-20,Shioaji authenticated contract info,2026-08-21 04:31:41.969877
6456,STK,TSE,GIS-KY,26,1000.0,False,0.0,False,0,65.1,2026-08-20,Shioaji authenticated contract info,2026-08-21 04:31:41.969877
6464,STK,TSE,台數科,20,1000.0,False,0.0,False,0,79.0,2026-08-20,Shioaji authenticated contract info,2026-08-21 04:31:41.970465
6472,STK,TSE,保瑞,22,1000.0,False,0.0,False,0,405.0,2026-08-20,Shioaji authenticated contract info,2026-08-21 04:31:41.970465
6477,STK,TSE,安集,26,1000.0,False,0.0,False,0,37.5,2026-08-20,Shioaji authenticated contract info,2026-08-21 04:31:41.970465
6491,STK,TSE,晶碩,22,1000.0,False,0.0,False,0,375.5,2026-08-20,Shioaji authenticated contract info,2026-08-21 04:31:41.970465
6504,STK,TSE,南六,20,1000.0,False,0.0,False,0,36.7,2026-08-20,Shioaji authenticated contract info,2026-08-21 04:31:41.970465
6505,STK,TSE,台塑化,23,1000.0,False,0.0,False,0,70.2,2026-08-20,Shioaji authenticated contract info,2026-08-21 04:31:41.970465
6515,STK,TSE,穎崴,24,1000.0,False,0.0,False,0,6370.0,2026-08-20,Shioaji authenticated contract info,2026-08-21 04:31:41.970465
6525,STK,TSE,捷敏-KY,24,1000.0,False,0.0,False,0,142.5,2026-08-20,Shioaji authenticated contract info,2026-08-21 04:31:41.972095
6526,STK,TSE,達發,24,1000.0,False,0.0,False,0,580.0,2026-08-20,Shioaji authenticated contract info,2026-08-21 04:31:41.972095
6531,STK,TSE,愛普*,24,1000.0,False,0.0,False,0,837.0,2026-08-20,Shioaji authenticated contract info,2026-08-21 04:31:41.972617
6533,STK,TSE,晶心科,24,1000.0,False,0.0,False,0,248.5,2026-08-20,Shioaji authenticated contract info,2026-08-21 04:31:41.972617
6534,STK,TSE,正瀚-創,22,1000.0,False,0.0,False,0,91.3,2026-08-20,Shioaji authenticated contract info,2026-08-21 04:31:41.972617
6541,STK,TSE,泰福-KY,22,1000.0,False,0.0,False,0,35.95,2026-08-20,Shioaji authenticated contract info,2026-08-21 04:31:41.972617
6550,STK,TSE,北極星藥業-KY,22,1000.0,False,0.0,False,0,10.15,2026-08-20,Shioaji authenticated contract info,2026-08-21 04:31:41.973639
6552,STK,TSE,易華電,24,1000.0,False,0.0,False,0,24.6,2026-08-20,Shioaji authenticated contract info,2026-08-21 04:31:41.973639
6558,STK,TSE,興能高,31,1000.0,False,0.0,False,0,24.65,2026-08-20,Shioaji authenticated contract info,2026-08-21 04:31:41.973639
6573,STK,TSE,虹揚-KY,24,1000.0,False,0.0,False,0,17.75,2026-08-20,Shioaji authenticated contract info,2026-08-21 04:31:41.973639
6579,STK,TSE,研揚,25,1000.0,False,0.0,False,0,151.0,2026-08-20,Shioaji authenticated contract info,2026-08-21 04:31:41.973639
6581,STK,TSE,鋼聯,35,1000.0,False,0.0,False,0,107.5,2026-08-20,Shioaji authenticated contract info,2026-08-21 04:31:41.973639
6582,STK,TSE,申豐,11,1000.0,False,0.0,False,0,31.35,2026-08-20,Shioaji authenticated contract info,2026-08-21 04:31:41.973639
6585,STK,TSE,鼎基,20,1000.0,False,0.0,False,0,114.0,2026-08-20,Shioaji authenticated contract info,2026-08-21 04:31:41.975199
6589,STK,TSE,台康生技,22,1000.0,False,0.0,False,0,49.85,2026-08-20,Shioaji authenticated contract info,2026-08-21 04:31:41.975199
6591,STK,TSE,動力-KY,25,1000.0,False,0.0,False,0,43.9,2026-08-20,Shioaji authenticated contract info,2026-08-21 04:31:41.975807
6592,STK,TSE,和潤企業,20,1000.0,False,0.0,False,0,60.4,2026-08-20,Shioaji authenticated contract info,2026-08-21 04:31:41.975807
6598,STK,TSE,ABC-KY,22,1000.0,False,0.0,False,0,27.5,2026-08-20,Shioaji authenticated contract info,2026-08-21 04:31:41.976316
6605,STK,TSE,帝寶,12,1000.0,False,0.0,False,0,141.0,2026-08-20,Shioaji authenticated contract info,2026-08-21 04:31:41.976316
6606,STK,TSE,建德工業,05,1000.0,False,0.0,False,0,26.15,2026-08-20,Shioaji authenticated contract info,2026-08-21 04:31:41.976316
6614,STK,TSE,資拓宏宇,36,1000.0,False,0.0,False,0,35.6,2026-08-20,Shioaji authenticated contract info,2026-08-21 04:31:41.976316
6625,STK,TSE,必應,20,1000.0,False,0.0,False,0,77.0,2026-08-20,Shioaji authenticated contract info,2026-08-21 04:31:41.976316
6641,STK,TSE,基士德-KY,35,1000.0,False,0.0,False,0,18.05,2026-08-20,Shioaji authenticated contract info,2026-08-21 04:31:41.977874
6645,STK,TSE,金萬林-創,22,1000.0,False,0.0,False,0,12.7,2026-08-20,Shioaji authenticated contract info,2026-08-21 04:31:41.978530
6655,STK,TSE,科定,20,1000.0,False,0.0,False,0,115.5,2026-08-20,Shioaji authenticated contract info,2026-08-21 04:31:41.978530
6657,STK,TSE,華安,22,1000.0,False,0.0,False,0,29.7,2026-08-20,Shioaji authenticated contract info,2026-08-21 04:31:41.978530
6658,STK,TSE,聯策,31,1000.0,False,0.0,False,0,156.5,2026-08-20,Shioaji authenticated contract info,2026-08-21 04:31:41.979539
6666,STK,TSE,羅麗芬-KY,22,1000.0,False,0.0,False,0,41.5,2026-08-20,Shioaji authenticated contract info,2026-08-21 04:31:41.979539
6668,STK,TSE,中揚光,26,1000.0,False,0.0,False,0,35.65,2026-08-20,Shioaji authenticated contract info,2026-08-21 04:31:41.979539
6669,STK,TSE,緯穎,25,1000.0,False,0.0,False,0,6375.0,2026-08-20,Shioaji authenticated contract info,2026-08-21 04:31:41.980552
6670,STK,TSE,復盛應用,37,1000.0,False,0.0,False,0,267.0,2026-08-20,Shioaji authenticated contract info,2026-08-21 04:31:41.980936
6671,STK,TSE,三能-KY,38,1000.0,False,0.0,False,0,22.25,2026-08-20,Shioaji authenticated contract info,2026-08-21 04:31:41.980936
6672,STK,TSE,騰輝電子-KY,28,1000.0,False,0.0,False,0,284.0,2026-08-20,Shioaji authenticated contract info,2026-08-21 04:31:41.980936
6674,STK,TSE,鋐寶科技,27,1000.0,False,0.0,False,0,14.65,2026-08-20,Shioaji authenticated contract info,2026-08-21 04:31:41.981955
6689,STK,TSE,伊雲谷,36,1000.0,False,0.0,False,0,60.7,2026-08-20,Shioaji authenticated contract info,2026-08-21 04:31:41.981955
6691,STK,TSE,洋基工程,31,1000.0,False,0.0,False,0,623.0,2026-08-20,Shioaji authenticated contract info,2026-08-21 04:31:41.982480
6695,STK,TSE,芯鼎,24,1000.0,False,0.0,False,0,47.5,2026-08-20,Shioaji authenticated contract info,2026-08-21 04:31:41.982480
6698,STK,TSE,旭暉應材,31,1000.0,False,0.0,False,0,31.0,2026-08-20,Shioaji authenticated contract info,2026-08-21 04:31:41.982480
6706,STK,TSE,惠特,26,1000.0,False,0.0,False,0,115.5,2026-08-20,Shioaji authenticated contract info,2026-08-21 04:31:41.982480
6715,STK,TSE,嘉基,28,1000.0,False,0.0,False,0,447.5,2026-08-20,Shioaji authenticated contract info,2026-08-21 04:31:41.984097
6719,STK,TSE,力智,24,1000.0,False,0.0,False,0,196.5,2026-08-20,Shioaji authenticated contract info,2026-08-21 04:31:41.984097
6722,STK,TSE,輝創,31,1000.0,False,0.0,False,0,32.05,2026-08-20,Shioaji authenticated contract info,2026-08-21 04:31:41.985868
6742,STK,TSE,澤米,26,1000.0,False,0.0,False,0,42.7,2026-08-20,Shioaji authenticated contract info,2026-08-21 04:31:41.985868
6743,STK,TSE,安普新,31,1000.0,False,0.0,False,0,24.85,2026-08-20,Shioaji authenticated contract info,2026-08-21 04:31:41.985868
6753,STK,TSE,龍德造船,15,1000.0,False,0.0,False,0,143.0,2026-08-20,Shioaji authenticated contract info,2026-08-21 04:31:41.986401
6754,STK,TSE,匯僑設計,38,1000.0,False,0.0,False,0,41.4,2026-08-20,Shioaji authenticated contract info,2026-08-21 04:31:41.986401
6756,STK,TSE,威鋒電子,24,1000.0,False,0.0,False,0,94.8,2026-08-20,Shioaji authenticated contract info,2026-08-21 04:31:41.987181
6757,STK,TSE,台灣虎航,15,1000.0,False,0.0,False,0,57.0,2026-08-20,Shioaji authenticated contract info,2026-08-21 04:31:41.987181
6768,STK,TSE,志強-KY,37,1000.0,False,0.0,False,0,64.1,2026-08-20,Shioaji authenticated contract info,2026-08-21 04:31:41.987181
6770,STK,TSE,力積電,24,1000.0,False,0.0,False,0,66.6,2026-08-20,Shioaji authenticated contract info,2026-08-21 04:31:41.987181
6771,STK,TSE,平和環保-創,35,1000.0,False,0.0,False,0,41.6,2026-08-20,Shioaji authenticated contract info,2026-08-21 04:31:41.987181
6776,STK,TSE,展碁國際,29,1000.0,False,0.0,False,0,53.2,2026-08-20,Shioaji authenticated contract info,2026-08-21 04:31:41.987181
6781,STK,TSE,AES-KY,28,1000.0,False,0.0,False,0,1065.0,2026-08-20,Shioaji authenticated contract info,2026-08-21 04:31:41.987181
6782,STK,TSE,視陽,22,1000.0,False,0.0,False,0,203.0,2026-08-20,Shioaji authenticated contract info,2026-08-21 04:31:41.988726
6789,STK,TSE,采鈺,24,1000.0,False,0.0,False,0,421.5,2026-08-20,Shioaji authenticated contract info,2026-08-21 04:31:41.988726
6790,STK,TSE,永豐實,09,1000.0,False,0.0,False,0,37.8,2026-08-20,Shioaji authenticated contract info,2026-08-21 04:31:41.988726
6792,STK,TSE,詠業,27,1000.0,False,0.0,False,0,57.1,2026-08-20,Shioaji authenticated contract info,2026-08-21 04:31:41.988726
6794,STK,TSE,向榮生技,22,1000.0,False,0.0,False,0,68.7,2026-08-20,Shioaji authenticated contract info,2026-08-21 04:31:41.988726
6796,STK,TSE,晉弘,22,1000.0,False,0.0,False,0,61.4,2026-08-20,Shioaji authenticated contract info,2026-08-21 04:31:41.988726
6799,STK,TSE,來頡,24,1000.0,False,0.0,False,0,78.1,2026-08-20,Shioaji authenticated contract info,2026-08-21 04:31:41.988726
6805,STK,TSE,富世達,28,1000.0,False,0.0,False,0,1790.0,2026-08-20,Shioaji authenticated contract info,2026-08-21 04:31:41.990277
6807,STK,TSE,峰源-KY,38,1000.0,False,0.0,False,0,37.9,2026-08-20,Shioaji authenticated contract info,2026-08-21 04:31:41.990277
6830,STK,TSE,汎銓,31,1000.0,False,0.0,False,0,409.5,2026-08-20,Shioaji authenticated contract info,2026-08-21 04:31:41.990277
6831,STK,TSE,邁科,25,1000.0,False,0.0,False,0,599.0,2026-08-20,Shioaji authenticated contract info,2026-08-21 04:31:41.990277
6834,STK,TSE,天二科技,28,1000.0,False,0.0,True,0,98.0,2026-08-20,Shioaji authenticated contract info,2026-08-21 04:31:41.990277
6835,STK,TSE,圓裕,28,1000.0,False,0.0,False,0,30.7,2026-08-20,Shioaji authenticated contract info,2026-08-21 04:31:41.990277
6838,STK,TSE,台新藥,22,1000.0,False,0.0,False,0,22.65,2026-08-20,Shioaji authenticated contract info,2026-08-21 04:31:41.990277
6854,STK,TSE,錼創科技-KY創,24,1000.0,False,0.0,False,0,89.8,2026-08-20,Shioaji authenticated contract info,2026-08-21 04:31:41.991824
6861,STK,TSE,睿生光電,22,1000.0,False,0.0,False,0,193.0,2026-08-20,Shioaji authenticated contract info,2026-08-21 04:31:41.991824
6862,STK,TSE,三集瑞-KY,28,1000.0,False,0.0,False,0,137.5,2026-08-20,Shioaji authenticated contract info,2026-08-21 04:31:41.992449
6863,STK,TSE,永道-KY,27,1000.0,False,0.0,False,0,110.5,2026-08-20,Shioaji authenticated contract info,2026-08-21 04:31:41.992449
6869,STK,TSE,雲豹能源,35,1000.0,False,0.0,False,0,65.6,2026-08-20,Shioaji authenticated contract info,2026-08-21 04:31:41.992958
6873,STK,TSE,泓德能源,35,1000.0,False,0.0,False,0,68.0,2026-08-20,Shioaji authenticated contract info,2026-08-21 04:31:41.992958
6885,STK,TSE,全福生技,22,1000.0,False,0.0,False,0,20.35,2026-08-20,Shioaji authenticated contract info,2026-08-21 04:31:41.992958
6887,STK,TSE,寶綠特-KY,35,1000.0,False,0.0,False,0,37.5,2026-08-20,Shioaji authenticated contract info,2026-08-21 04:31:41.993676
6890,STK,TSE,來億-KY,37,1000.0,False,0.0,False,0,160.5,2026-08-20,Shioaji authenticated contract info,2026-08-21 04:31:41.994220
6901,STK,TSE,鑽石投資,20,1000.0,False,0.0,False,0,16.2,2026-08-20,Shioaji authenticated contract info,2026-08-21 04:31:41.994220
6902,STK,TSE,GOGOLOOK,36,1000.0,False,0.0,False,0,130.5,2026-08-20,Shioaji authenticated contract info,2026-08-21 04:31:41.995131
6906,STK,TSE,現觀科,36,1000.0,False,0.0,False,0,71.3,2026-08-20,Shioaji authenticated contract info,2026-08-21 04:31:41.995656
6908,STK,TSE,宏碁遊戲-創,29,1000.0,False,0.0,False,0,30.85,2026-08-20,Shioaji authenticated contract info,2026-08-21 04:31:41.995656
6909,STK,TSE,創控,24,1000.0,False,0.0,False,0,39.3,2026-08-20,Shioaji authenticated contract info,2026-08-21 04:31:41.995656
6914,STK,TSE,阜爾運通,20,1000.0,False,0.0,False,0,148.5,2026-08-20,Shioaji authenticated contract info,2026-08-21 04:31:41.995656
6916,STK,TSE,華凌,26,1000.0,False,0.0,False,0,18.55,2026-08-20,Shioaji authenticated contract info,2026-08-21 04:31:41.997271
6918,STK,TSE,愛派司,22,1000.0,False,0.0,False,0,74.0,2026-08-20,Shioaji authenticated contract info,2026-08-21 04:31:41.997271
6919,STK,TSE,康霈*,22,1000.0,False,0.0,False,0,102.5,2026-08-20,Shioaji authenticated contract info,2026-08-21 04:31:41.997271
6921,STK,TSE,嘉雨思-創,24,1000.0,False,0.0,False,0,68.1,2026-08-20,Shioaji authenticated contract info,2026-08-21 04:31:41.997271
6923,STK,TSE,中台,35,1000.0,False,0.0,False,0,75.7,2026-08-20,Shioaji authenticated contract info,2026-08-21 04:31:41.997271
6924,STK,TSE,榮惠-KY創,28,1000.0,False,0.0,False,0,114.5,2026-08-20,Shioaji authenticated contract info,2026-08-21 04:31:41.997271
6928,STK,TSE,攸泰科技,25,1000.0,False,0.0,False,0,47.5,2026-08-20,Shioaji authenticated contract info,2026-08-21 04:31:41.997271
6931,STK,TSE,青松健康,22,1000.0,False,0.0,False,0,41.3,2026-08-20,Shioaji authenticated contract info,2026-08-21 04:31:41.998816
6933,STK,TSE,AMAX-KY,25,1000.0,False,0.0,False,0,190.5,2026-08-20,Shioaji authenticated contract info,2026-08-21 04:31:41.998816
6934,STK,TSE,心誠鎂,22,1000.0,False,0.0,False,0,73.0,2026-08-20,Shioaji authenticated contract info,2026-08-21 04:31:41.998816
6936,STK,TSE,永鴻生技,22,1000.0,False,0.0,False,0,32.1,2026-08-20,Shioaji authenticated contract info,2026-08-21 04:31:41.998816
6937,STK,TSE,天虹,24,1000.0,False,0.0,False,0,265.0,2026-08-20,Shioaji authenticated contract info,2026-08-21 04:31:41.998816
6944,STK,TSE,兆聯實業,35,1000.0,False,0.0,False,0,732.0,2026-08-20,Shioaji authenticated contract info,2026-08-21 04:31:41.999823
6947,STK,TSE,台鎔科技,35,1000.0,False,0.0,False,0,71.0,2026-08-20,Shioaji authenticated contract info,2026-08-21 04:31:41.999823
6949,STK,TSE,沛爾生醫-創,22,1000.0,False,0.0,False,0,1085.0,2026-08-20,Shioaji authenticated contract info,2026-08-21 04:31:42.000329
6951,STK,TSE,青新-創,35,1000.0,False,0.0,False,0,72.0,2026-08-20,Shioaji authenticated contract info,2026-08-21 04:31:42.000329
6952,STK,TSE,大武山,20,1000.0,False,0.0,False,0,36.65,2026-08-20,Shioaji authenticated contract info,2026-08-21 04:31:42.000329
6955,STK,TSE,邦睿生技-創,22,1000.0,False,0.0,False,0,119.5,2026-08-20,Shioaji authenticated contract info,2026-08-21 04:31:42.000329
6957,STK,TSE,裕慶-KY,20,1000.0,False,0.0,False,0,213.5,2026-08-20,Shioaji authenticated contract info,2026-08-21 04:31:42.000329
6958,STK,TSE,日盛台駿,20,1000.0,False,0.0,False,0,16.9,2026-08-20,Shioaji authenticated contract info,2026-08-21 04:31:42.000329
6962,STK,TSE,奕力-KY,24,1000.0,False,0.0,False,0,30.65,2026-08-20,Shioaji authenticated contract info,2026-08-21 04:31:42.001919
6965,STK,TSE,中傑-KY,37,1000.0,False,0.0,False,0,73.3,2026-08-20,Shioaji authenticated contract info,2026-08-21 04:31:42.001919
6969,STK,TSE,成信實業*-創,35,1000.0,False,0.0,False,0,35.0,2026-08-20,Shioaji authenticated contract info,2026-08-21 04:31:42.001919
6988,STK,TSE,威力暘-創,12,1000.0,False,0.0,False,0,11.95,2026-08-20,Shioaji authenticated contract info,2026-08-21 04:31:42.001919
6994,STK,TSE,富威電力,35,1000.0,False,0.0,False,0,34.8,2026-08-20,Shioaji authenticated contract info,2026-08-21 04:31:42.001919
7610,STK,TSE,聯友金屬-創,35,1000.0,False,0.0,False,0,1605.0,2026-08-20,Shioaji authenticated contract info,2026-08-21 04:31:42.001919
7631,STK,TSE,聚賢研發-創,31,1000.0,False,0.0,False,0,145.0,2026-08-20,Shioaji authenticated contract info,2026-08-21 04:31:42.001919
7689,STK,TSE,大鵬科CLMX,27,1000.0,False,0.0,False,0,172.0,2026-08-20,Shioaji authenticated contract info,2026-08-21 04:31:42.003466
7705,STK,TSE,三商餐飲,16,1000.0,False,0.0,False,0,30.7,2026-08-20,Shioaji authenticated contract info,2026-08-21 04:31:42.003466
7711,STK,TSE,永擎,25,1000.0,False,0.0,False,0,490.0,2026-08-20,Shioaji authenticated contract info,2026-08-21 04:31:42.003466
7721,STK,TSE,微程式,36,1000.0,False,0.0,False,0,61.0,2026-08-20,Shioaji authenticated contract info,2026-08-21 04:31:42.003466
7722,STK,TSE,LINEPAY,36,1000.0,False,0.0,False,0,273.0,2026-08-20,Shioaji authenticated contract info,2026-08-21 04:31:42.004506
7730,STK,TSE,暉盛-創,24,1000.0,False,0.0,False,0,163.5,2026-08-20,Shioaji authenticated contract info,2026-08-21 04:31:42.004506
7732,STK,TSE,金興精密,12,1000.0,False,0.0,False,0,34.3,2026-08-20,Shioaji authenticated contract info,2026-08-21 04:31:42.004506
7736,STK,TSE,虎山,12,1000.0,False,0.0,False,0,69.3,2026-08-20,Shioaji authenticated contract info,2026-08-21 04:31:42.004506
7740,STK,TSE,熙特爾-創,35,1000.0,False,0.0,False,0,142.0,2026-08-20,Shioaji authenticated contract info,2026-08-21 04:31:42.004506
7749,STK,TSE,意騰-KY,24,1000.0,False,0.0,False,0,325.5,2026-08-20,Shioaji authenticated contract info,2026-08-21 04:31:42.004506
7750,STK,TSE,新代,05,1000.0,False,0.0,False,0,2515.0,2026-08-20,Shioaji authenticated contract info,2026-08-21 04:31:42.006063
7760,STK,TSE,享溫馨,16,1000.0,False,0.0,False,0,33.0,2026-08-20,Shioaji authenticated contract info,2026-08-21 04:31:42.006063
7765,STK,TSE,中華資安,36,1000.0,False,0.0,False,0,222.0,2026-08-20,Shioaji authenticated contract info,2026-08-21 04:31:42.006063
7768,STK,TSE,頌勝科技,24,1000.0,False,0.0,False,0,289.5,2026-08-20,Shioaji authenticated contract info,2026-08-21 04:31:42.006063
7769,STK,TSE,鴻勁,24,1000.0,False,0.0,False,0,6445.0,2026-08-20,Shioaji authenticated contract info,2026-08-21 04:31:42.006063
7780,STK,TSE,大研生醫*,02,1000.0,False,0.0,False,0,16.55,2026-08-20,Shioaji authenticated contract info,2026-08-21 04:31:42.006063
7786,STK,TSE,東方風能,35,1000.0,False,0.0,False,0,123.5,2026-08-20,Shioaji authenticated contract info,2026-08-21 04:31:42.006063
7788,STK,TSE,松川精密,28,1000.0,False,0.0,False,0,274.0,2026-08-20,Shioaji authenticated contract info,2026-08-21 04:31:42.007605
7791,STK,TSE,皇家可口,02,1000.0,False,0.0,False,0,56.7,2026-08-20,Shioaji authenticated contract info,2026-08-21 04:31:42.007605
7795,STK,TSE,長廣,28,1000.0,False,1.0,False,0,544.0,2026-08-20,Shioaji authenticated contract info,2026-08-21 04:31:42.007605
7799,STK,TSE,禾榮科,22,1000.0,False,0.0,False,0,345.0,2026-08-20,Shioaji authenticated contract info,2026-08-21 04:31:42.007605
7803,STK,TSE,雲象科技-創,22,1000.0,False,0.0,False,0,19.15,2026-08-20,Shioaji authenticated contract info,2026-08-21 04:31:42.007605
7818,STK,TSE,溢泰實業,35,1000.0,False,0.0,False,0,62.0,2026-08-20,Shioaji authenticated contract info,2026-08-21 04:31:42.007605
7821,STK,TSE,神數,12,1000.0,False,0.0,False,0,38.75,2026-08-20,Shioaji authenticated contract info,2026-08-21 04:31:42.009130
7822,STK,TSE,倍利科,24,1000.0,False,0.0,False,0,875.0,2026-08-20,Shioaji authenticated contract info,2026-08-21 04:31:42.009130
7823,STK,TSE,奧義賽博-KY創,36,1000.0,False,0.0,False,0,83.9,2026-08-20,Shioaji authenticated contract info,2026-08-21 04:31:42.009130
7827,STK,TSE,漢康-KY創,22,1000.0,False,0.0,False,0,153.5,2026-08-20,Shioaji authenticated contract info,2026-08-21 04:31:42.009130
7835,STK,TSE,永悅健康-創,36,1000.0,False,0.0,False,0,21.45,2026-08-20,Shioaji authenticated contract info,2026-08-21 04:31:42.009130
7855,STK,TSE,和運租車,20,1000.0,False,0.0,False,0,43.3,2026-08-20,Shioaji authenticated contract info,2026-08-21 04:31:42.010924
8011,STK,TSE,台通,27,1000.0,False,0.0,False,0,15.8,2026-08-20,Shioaji authenticated contract info,2026-08-21 04:31:42.010924
8016,STK,TSE,矽創,24,1000.0,False,0.0,False,0,296.0,2026-08-20,Shioaji authenticated contract info,2026-08-21 04:31:42.010924
8021,STK,TSE,尖點,31,1000.0,False,0.0,False,0,393.5,2026-08-20,Shioaji authenticated contract info,2026-08-21 04:31:42.011936
8028,STK,TSE,昇陽半導體,24,1000.0,False,0.0,False,0,247.0,2026-08-20,Shioaji authenticated contract info,2026-08-21 04:31:42.011936
8033,STK,TSE,雷虎,20,1000.0,False,2.0,False,0,185.0,2026-08-20,Shioaji authenticated contract info,2026-08-21 04:31:42.012449
8039,STK,TSE,台虹,28,1000.0,False,0.0,False,0,271.5,2026-08-20,Shioaji authenticated contract info,2026-08-21 04:31:42.012449
8045,STK,TSE,達運光電,27,1000.0,False,0.0,False,0,50.8,2026-08-20,Shioaji authenticated contract info,2026-08-21 04:31:42.012449
8046,STK,TSE,南電,28,1000.0,False,0.0,False,0,1180.0,2026-08-20,Shioaji authenticated contract info,2026-08-21 04:31:42.012449
8070,STK,TSE,長華*,29,1000.0,False,0.0,False,0,51.0,2026-08-20,Shioaji authenticated contract info,2026-08-21 04:31:42.012449
8072,STK,TSE,陞泰,29,1000.0,False,0.0,False,0,26.45,2026-08-20,Shioaji authenticated contract info,2026-08-21 04:31:42.012449
8081,STK,TSE,致新,24,1000.0,False,0.0,False,0,257.0,2026-08-20,Shioaji authenticated contract info,2026-08-21 04:31:42.014003
8101,STK,TSE,華冠,27,1000.0,False,0.0,False,1,11.0,2026-08-20,Shioaji authenticated contract info,2026-08-21 04:31:42.014359
8103,STK,TSE,瀚荃,28,1000.0,False,0.0,False,0,83.6,2026-08-20,Shioaji authenticated contract info,2026-08-21 04:31:42.015001
8104,STK,TSE,錸寶,26,1000.0,False,0.0,False,0,30.3,2026-08-20,Shioaji authenticated contract info,2026-08-21 04:31:42.015001
8105,STK,TSE,凌巨,26,1000.0,False,,False,,15.1,2026-08-18,Shioaji authenticated contract info,2026-08-21 04:31:42.015635
8110,STK,TSE,華東,24,1000.0,False,0.0,False,0,43.45,2026-08-20,Shioaji authenticated contract info,2026-08-21 04:31:42.016215
8112,STK,TSE,至上,29,1000.0,False,0.0,False,0,91.0,2026-08-20,Shioaji authenticated contract info,2026-08-21 04:31:42.016215
8114,STK,TSE,振樺電,25,1000.0,False,0.0,False,0,197.0,2026-08-20,Shioaji authenticated contract info,2026-08-21 04:31:42.016215
8131,STK,TSE,福懋科,24,1000.0,False,0.0,False,0,61.0,2026-08-20,Shioaji authenticated contract info,2026-08-21 04:31:42.017257
8150,STK,TSE,南茂,24,1000.0,False,0.0,False,0,87.3,2026-08-20,Shioaji authenticated contract info,2026-08-21 04:31:42.017257
8162,STK,TSE,微矽電子-創,24,1000.0,False,0.0,False,0,57.0,2026-08-20,Shioaji authenticated contract info,2026-08-21 04:31:42.019214
8163,STK,TSE,達方,25,1000.0,False,0.0,False,0,31.1,2026-08-20,Shioaji authenticated contract info,2026-08-21 04:31:42.019214
8201,STK,TSE,無敵,31,1000.0,False,0.0,False,0,11.8,2026-08-20,Shioaji authenticated contract info,2026-08-21 04:31:42.019742
8210,STK,TSE,勤誠,25,1000.0,False,0.0,False,0,985.0,2026-08-20,Shioaji authenticated contract info,2026-08-21 04:31:42.019742
8213,STK,TSE,志超,28,1000.0,False,0.0,False,0,32.5,2026-08-20,Shioaji authenticated contract info,2026-08-21 04:31:42.019742
8215,STK,TSE,明基材,26,1000.0,False,0.0,False,0,23.9,2026-08-20,Shioaji authenticated contract info,2026-08-21 04:31:42.019742
8222,STK,TSE,寶一,05,1000.0,False,0.0,False,0,39.45,2026-08-20,Shioaji authenticated contract info,2026-08-21 04:31:42.020750
8249,STK,TSE,菱光,28,1000.0,False,0.0,False,0,39.75,2026-08-20,Shioaji authenticated contract info,2026-08-21 04:31:42.020750
8261,STK,TSE,富鼎,24,1000.0,False,0.0,False,0,183.5,2026-08-20,Shioaji authenticated contract info,2026-08-21 04:31:42.020750
8271,STK,TSE,宇瞻,24,1000.0,False,0.0,False,0,219.5,2026-08-20,Shioaji authenticated contract info,2026-08-21 04:31:42.020750
8341,STK,TSE,日友,35,1000.0,False,0.0,False,0,75.7,2026-08-20,Shioaji authenticated contract info,2026-08-21 04:31:42.020750
8367,STK,TSE,建新國際,15,1000.0,False,0.0,False,0,40.15,2026-08-20,Shioaji authenticated contract info,2026-08-21 04:31:42.020750
8374,STK,TSE,羅昇,05,1000.0,False,0.0,False,0,82.4,2026-08-20,Shioaji authenticated contract info,2026-08-21 04:31:42.022319
8404,STK,TSE,百和興業-KY,20,1000.0,False,0.0,False,0,16.1,2026-08-20,Shioaji authenticated contract info,2026-08-21 04:31:42.022319
8411,STK,TSE,福貞-KY,20,1000.0,False,0.0,False,0,12.85,2026-08-20,Shioaji authenticated contract info,2026-08-21 04:31:42.022850
8422,STK,TSE,可寧衛*,35,1000.0,False,0.0,False,0,26.7,2026-08-20,Shioaji authenticated contract info,2026-08-21 04:31:42.022850
8429,STK,TSE,金麗-KY,18,1000.0,False,0.0,False,0,5.99,2026-08-20,Shioaji authenticated contract info,2026-08-21 04:31:42.022850
8438,STK,TSE,昶昕,35,1000.0,False,0.0,False,0,66.5,2026-08-20,Shioaji authenticated contract info,2026-08-21 04:31:42.022850
8442,STK,TSE,威宏-KY,20,1000.0,False,0.0,False,0,44.4,2026-08-20,Shioaji authenticated contract info,2026-08-21 04:31:42.023869
8443,STK,TSE,阿瘦,18,1000.0,False,0.0,False,0,11.45,2026-08-20,Shioaji authenticated contract info,2026-08-21 04:31:42.023869
8454,STK,TSE,富邦媒,36,1000.0,False,0.0,False,0,258.5,2026-08-20,Shioaji authenticated contract info,2026-08-21 04:31:42.023869
8462,STK,TSE,柏文,37,1000.0,False,0.0,False,0,174.0,2026-08-20,Shioaji authenticated contract info,2026-08-21 04:31:42.023869
8463,STK,TSE,潤泰材,20,1000.0,False,0.0,False,0,21.2,2026-08-20,Shioaji authenticated contract info,2026-08-21 04:31:42.023869
8464,STK,TSE,億豐,38,1000.0,False,0.0,False,0,369.0,2026-08-20,Shioaji authenticated contract info,2026-08-21 04:31:42.023869
8466,STK,TSE,美吉吉-KY,20,1000.0,False,0.0,False,0,15.5,2026-08-20,Shioaji authenticated contract info,2026-08-21 04:31:42.023869
8467,STK,TSE,波力-KY,37,1000.0,False,0.0,False,0,98.5,2026-08-20,Shioaji authenticated contract info,2026-08-21 04:31:42.025406
8473,STK,TSE,山林水,35,1000.0,False,0.0,False,0,45.0,2026-08-20,Shioaji authenticated contract info,2026-08-21 04:31:42.025767
8476,STK,TSE,台境*,35,1000.0,False,0.0,False,0,19.9,2026-08-20,Shioaji authenticated contract info,2026-08-21 04:31:42.025767
8478,STK,TSE,東哥遊艇,37,1000.0,False,0.0,False,0,138.0,2026-08-20,Shioaji authenticated contract info,2026-08-21 04:31:42.025767
8481,STK,TSE,政伸,20,1000.0,False,0.0,False,0,40.2,2026-08-20,Shioaji authenticated contract info,2026-08-21 04:31:42.026777
8482,STK,TSE,商億-KY,38,1000.0,False,0.0,False,0,47.9,2026-08-20,Shioaji authenticated contract info,2026-08-21 04:31:42.026777
8487,STK,TSE,愛爾達-創,36,1000.0,False,0.0,False,0,71.0,2026-08-20,Shioaji authenticated contract info,2026-08-21 04:31:42.026777
8488,STK,TSE,吉源-KY,20,1000.0,False,0.0,False,0,9.87,2026-08-20,Shioaji authenticated contract info,2026-08-21 04:31:42.026777
8499,STK,TSE,鼎炫-KY,31,1000.0,False,0.0,False,0,269.0,2026-08-20,Shioaji authenticated contract info,2026-08-21 04:31:42.026777
8926,STK,TSE,台汽電,23,1000.0,False,0.0,False,0,55.8,2026-08-20,Shioaji authenticated contract info,2026-08-21 04:31:42.028366
8940,STK,TSE,新天地,16,1000.0,False,0.0,False,0,15.2,2026-08-20,Shioaji authenticated contract info,2026-08-21 04:31:42.028366
8996,STK,TSE,高力,05,1000.0,False,0.0,False,0,1135.0,2026-08-20,Shioaji authenticated contract info,2026-08-21 04:31:42.028366
9103,STK,TSE,美德醫療-DR,00,1000.0,False,0.0,False,0,5.17,2026-08-20,Shioaji authenticated contract info,2026-08-21 04:31:42.028366
9105,STK,TSE,泰金寶-DR,00,1000.0,False,0.0,False,0,8.45,2026-08-20,Shioaji authenticated contract info,2026-08-21 04:31:42.028366
9110,STK,TSE,越南控-DR,00,1000.0,False,0.0,False,1,3.05,2026-08-20,Shioaji authenticated contract info,2026-08-21 04:31:42.029932
9136,STK,TSE,巨騰-DR,00,1000.0,False,0.0,False,0,12.0,2026-08-20,Shioaji authenticated contract info,2026-08-21 04:31:42.030790
9802,STK,TSE,鈺齊-KY,37,1000.0,False,0.0,False,0,70.3,2026-08-20,Shioaji authenticated contract info,2026-08-21 04:31:42.031301
9902,STK,TSE,台火,20,1000.0,False,0.0,False,0,13.65,2026-08-20,Shioaji authenticated contract info,2026-08-21 04:31:42.032324
9904,STK,TSE,寶成,37,1000.0,False,0.0,False,0,24.7,2026-08-20,Shioaji authenticated contract info,2026-08-21 04:31:42.032324
9905,STK,TSE,大華,20,1000.0,False,0.0,False,0,21.3,2026-08-20,Shioaji authenticated contract info,2026-08-21 04:31:42.032850
9906,STK,TSE,欣巴巴,14,1000.0,False,0.0,False,0,38.8,2026-08-20,Shioaji authenticated contract info,2026-08-21 04:31:42.035732
9907,STK,TSE,統一實,20,1000.0,False,0.0,False,0,15.05,2026-08-20,Shioaji authenticated contract info,2026-08-21 04:31:42.035732
9908,STK,TSE,大台北,23,1000.0,False,0.0,False,0,28.95,2026-08-20,Shioaji authenticated contract info,2026-08-21 04:31:42.036312
9910,STK,TSE,豐泰,37,1000.0,False,0.0,False,0,68.8,2026-08-20,Shioaji authenticated contract info,2026-08-21 04:31:42.036888
9911,STK,TSE,櫻花,38,1000.0,False,0.0,False,0,82.1,2026-08-20,Shioaji authenticated contract info,2026-08-21 04:31:42.036888
9912,STK,TSE,偉聯,25,1000.0,False,0.0,False,0,12.8,2026-08-20,Shioaji authenticated contract info,2026-08-21 04:31:42.036888
9914,STK,TSE,美利達,37,1000.0,False,0.0,False,0,88.6,2026-08-20,Shioaji authenticated contract info,2026-08-21 04:31:42.037414
9917,STK,TSE,中保科,20,1000.0,False,0.0,False,0,108.0,2026-08-20,Shioaji authenticated contract info,2026-08-21 04:31:42.037414
9918,STK,TSE,欣天然,23,1000.0,False,0.0,False,0,42.4,2026-08-20,Shioaji authenticated contract info,2026-08-21 04:31:42.037414
9919,STK,TSE,康那香,20,1000.0,False,0.0,False,0,13.75,2026-08-20,Shioaji authenticated contract info,2026-08-21 04:31:42.037414
9921,STK,TSE,巨大,37,1000.0,False,0.0,False,0,104.0,2026-08-20,Shioaji authenticated contract info,2026-08-21 04:31:42.037414
9924,STK,TSE,福興,38,1000.0,False,0.0,False,0,38.15,2026-08-20,Shioaji authenticated contract info,2026-08-21 04:31:42.037414
9925,STK,TSE,新保,20,1000.0,False,0.0,False,0,39.95,2026-08-20,Shioaji authenticated contract info,2026-08-21 04:31:42.037414
9926,STK,TSE,新海,23,1000.0,False,0.0,False,0,48.55,2026-08-20,Shioaji authenticated contract info,2026-08-21 04:31:42.038948
9927,STK,TSE,泰銘,20,1000.0,False,0.0,False,0,68.6,2026-08-20,Shioaji authenticated contract info,2026-08-21 04:31:42.038948
9928,STK,TSE,中視,20,1000.0,False,0.0,False,0,18.6,2026-08-20,Shioaji authenticated contract info,2026-08-21 04:31:42.038948
9929,STK,TSE,秋雨,20,1000.0,False,0.0,False,0,10.85,2026-08-20,Shioaji authenticated contract info,2026-08-21 04:31:42.038948
9930,STK,TSE,中聯資源,35,1000.0,False,0.0,False,0,63.3,2026-08-20,Shioaji authenticated contract info,2026-08-21 04:31:42.038948
9931,STK,TSE,欣高,23,1000.0,False,0.0,False,0,33.8,2026-08-20,Shioaji authenticated contract info,2026-08-21 04:31:42.038948
9933,STK,TSE,中鼎,20,1000.0,False,0.0,False,0,41.2,2026-08-20,Shioaji authenticated contract info,2026-08-21 04:31:42.038948
9934,STK,TSE,成霖,38,1000.0,False,0.0,False,0,11.25,2026-08-20,Shioaji authenticated contract info,2026-08-21 04:31:42.040494
9935,STK,TSE,慶豐富,38,1000.0,False,0.0,False,0,20.75,2026-08-20,Shioaji authenticated contract info,2026-08-21 04:31:42.040494
9937,STK,TSE,全國,23,1000.0,False,0.0,False,0,54.9,2026-08-20,Shioaji authenticated contract info,2026-08-21 04:31:42.040494
9938,STK,TSE,百和,20,1000.0,False,0.0,False,0,42.2,2026-08-20,Shioaji authenticated contract info,2026-08-21 04:31:42.040494
9939,STK,TSE,宏全,20,1000.0,False,0.0,False,0,130.0,2026-08-20,Shioaji authenticated contract info,2026-08-21 04:31:42.040494
9940,STK,TSE,信義,20,1000.0,False,0.0,False,0,20.5,2026-08-20,Shioaji authenticated contract info,2026-08-21 04:31:42.040494
9941,STK,TSE,裕融,20,1000.0,False,0.0,False,0,85.2,2026-08-20,Shioaji authenticated contract info,2026-08-21 04:31:42.040494
9942,STK,TSE,茂順,20,1000.0,False,0.0,False,0,114.0,2026-08-20,Shioaji authenticated contract info,2026-08-21 04:31:42.042481
9943,STK,TSE,好樂迪,16,1000.0,False,0.0,False,0,50.7,2026-08-20,Shioaji authenticated contract info,2026-08-21 04:31:42.042481
9944,STK,TSE,新麗,20,1000.0,False,0.0,False,0,17.4,2026-08-20,Shioaji authenticated contract info,2026-08-21 04:31:42.042481
9945,STK,TSE,潤泰新,20,1000.0,False,0.0,False,0,29.8,2026-08-20,Shioaji authenticated contract info,2026-08-21 04:31:42.043492
9946,STK,TSE,三發地產,14,1000.0,False,0.0,False,0,18.85,2026-08-20,Shioaji authenticated contract info,2026-08-21 04:31:42.044017
9955,STK,TSE,佳龍,35,1000.0,False,0.0,False,0,24.2,2026-08-20,Shioaji authenticated contract info,2026-08-21 04:31:42.044017
9958,STK,TSE,世紀鋼,10,1000.0,False,0.0,False,0,99.5,2026-08-20,Shioaji authenticated contract info,2026-08-21 04:31:42.044017
