symbol,date,open_research,high_research,low_research,close_research,volume_research,open_shioaji,high_shioaji,low_shioaji,close_shioaji,volume_shioaji,turnover,open_relative_diff,high_relative_diff,low_relative_diff,close_relative_diff,volume_relative_diff
1240,2026-05-25,57.5,57.8,57.5,57.7,11000.0,57.5,57.8,57.5,57.7,11,633400.0,0.0,0.0,0.0,0.0,999.0
1240,2026-05-26,57.5,57.7,57.5,57.7,13000.0,57.5,57.7,57.5,57.7,13,748000.0,0.0,0.0,0.0,0.0,999.0
1240,2026-05-27,58.3,58.5,57.8,57.8,7000.0,58.3,58.5,57.8,57.8,7,407800.0,0.0,0.0,0.0,0.0,999.0
1240,2026-05-28,57.5,57.6,57.0,57.3,46000.0,57.5,57.6,57.0,57.3,46,2634600.0,0.0,0.0,0.0,0.0,999.0
1240,2026-05-29,57.6,57.6,57.3,57.3,2000.0,57.6,57.6,57.3,57.3,2,114900.0,0.0,0.0,0.0,0.0,999.0
1240,2026-06-01,57.3,57.7,57.3,57.3,14000.0,57.3,57.7,57.3,57.3,14,803600.0,0.0,0.0,0.0,0.0,999.0
1240,2026-06-02,57.0,57.2,56.9,57.2,24000.0,57.0,57.2,56.9,57.2,24,1368500.0,0.0,0.0,0.0,0.0,999.0
1240,2026-06-03,57.5,57.5,57.1,57.2,11000.0,57.5,57.5,57.1,57.2,11,630300.0,0.0,0.0,0.0,0.0,999.0
1240,2026-06-04,57.3,57.5,57.3,57.4,9000.0,57.3,57.5,57.3,57.4,9,516400.0,0.0,0.0,0.0,0.0,999.0
1240,2026-06-05,57.3,57.4,57.3,57.3,16000.0,57.3,57.4,57.3,57.3,16,917300.0,0.0,0.0,0.0,0.0,999.0
1240,2026-06-08,57.3,57.3,57.0,57.3,13000.0,57.3,57.3,57.0,57.3,13,742200.0,0.0,0.0,0.0,0.0,999.0
1240,2026-06-09,57.9,58.0,57.6,57.9,12000.0,57.9,58.0,57.6,57.9,12,693900.0,0.0,0.0,0.0,0.0,999.0
1240,2026-06-10,58.0,58.0,57.7,57.7,11000.0,58.0,58.0,57.7,57.7,11,636900.0,0.0,0.0,0.0,0.0,999.0
1240,2026-06-11,57.8,57.8,57.8,57.8,3000.0,57.8,57.8,57.8,57.8,3,173400.0,0.0,0.0,0.0,0.0,999.0
1240,2026-06-12,57.9,58.5,57.9,58.5,12000.0,57.9,58.5,57.9,58.5,12,697800.0,0.0,0.0,0.0,0.0,999.0
1240,2026-06-15,58.1,58.1,57.6,58.0,24000.0,58.1,58.1,57.6,58.0,24,1389400.0,0.0,0.0,0.0,0.0,999.0
1240,2026-06-16,58.1,58.3,58.1,58.2,7000.0,58.1,58.3,58.1,58.2,7,407300.0,0.0,0.0,0.0,0.0,999.0
1240,2026-06-17,58.2,58.4,58.2,58.3,12000.0,58.2,58.4,58.2,58.3,12,699400.0,0.0,0.0,0.0,0.0,999.0
1240,2026-06-18,58.5,58.5,58.3,58.4,10000.0,58.5,58.5,58.3,58.4,10,583600.0,0.0,0.0,0.0,0.0,999.0
1240,2026-06-22,58.3,58.4,58.3,58.3,12000.0,58.3,58.4,58.3,58.3,12,699700.0,0.0,0.0,0.0,0.0,999.0
1240,2026-06-23,58.3,58.4,58.3,58.4,13000.0,58.3,58.4,58.3,58.4,13,758200.0,0.0,0.0,0.0,0.0,999.0
1240,2026-06-24,58.3,58.3,58.0,58.3,10000.0,58.3,58.3,58.0,58.3,10,581900.0,0.0,0.0,0.0,0.0,999.0
1240,2026-06-25,58.1,58.1,57.1,57.8,33000.0,58.1,58.1,57.1,57.8,33,1892400.0,0.0,0.0,0.0,0.0,999.0
1240,2026-06-26,58.0,58.0,57.7,57.7,6000.0,58.0,58.0,57.7,57.7,6,347400.0,0.0,0.0,0.0,0.0,999.0
1240,2026-06-29,57.6,57.8,57.5,57.5,5000.0,57.6,57.8,57.5,57.5,5,288100.0,0.0,0.0,0.0,0.0,999.0
1240,2026-06-30,57.5,57.5,57.5,57.5,1000.0,57.5,57.5,57.5,57.5,1,57500.0,0.0,0.0,0.0,0.0,999.0
1240,2026-07-01,57.6,58.0,57.6,58.0,13000.0,57.6,58.0,57.6,58.0,13,752900.0,0.0,0.0,0.0,0.0,999.0
1240,2026-07-02,58.0,58.0,58.0,58.0,17000.0,58.0,58.0,58.0,58.0,17,986000.0,0.0,0.0,0.0,0.0,999.0
1240,2026-07-03,58.0,58.2,58.0,58.2,5000.0,58.0,58.2,58.0,58.2,5,290700.0,0.0,0.0,0.0,0.0,999.0
1240,2026-07-06,58.5,58.5,58.4,58.5,12000.0,58.5,58.5,58.4,58.5,12,701900.0,0.0,0.0,0.0,0.0,999.0
1240,2026-07-07,58.4,58.4,56.8,57.9,20000.0,58.4,58.4,56.8,57.9,20,1154600.0,0.0,0.0,0.0,0.0,999.0
1240,2026-07-08,58.4,58.5,56.7,57.8,28000.0,58.4,58.5,56.7,57.8,28,1608800.0,0.0,0.0,0.0,0.0,999.0
1240,2026-07-09,57.8,58.0,57.7,57.8,19000.0,57.8,58.0,57.7,57.8,19,1098800.0,0.0,0.0,0.0,0.0,999.0
1240,2026-07-13,57.8,58.3,57.8,58.3,33000.0,57.8,58.3,57.8,58.3,33,1915800.0,0.0,0.0,0.0,0.0,999.0
1240,2026-07-14,58.4,58.4,57.6,58.1,54000.0,58.4,58.4,57.6,58.1,54,3128700.0,0.0,0.0,0.0,0.0,999.0
1240,2026-07-15,55.1,55.3,54.6,55.1,22000.0,55.1,55.3,54.6,55.1,22,1210300.0,0.0,0.0,0.0,0.0,999.0
1240,2026-07-16,55.4,55.5,55.3,55.5,10000.0,55.4,55.5,55.3,55.5,10,553500.0,0.0,0.0,0.0,0.0,999.0
1240,2026-07-17,55.5,55.5,54.7,54.7,15000.0,55.5,55.5,54.7,54.7,15,824200.0,0.0,0.0,0.0,0.0,999.0
1240,2026-07-20,54.7,55.2,54.7,55.0,33000.0,54.7,55.2,54.7,55.0,33,1816500.0,0.0,0.0,0.0,0.0,999.0
1240,2026-07-21,54.8,55.4,54.8,55.4,12000.0,54.8,55.4,54.8,55.4,12,661600.0,0.0,0.0,0.0,0.0,999.0
1240,2026-07-22,55.4,55.5,55.1,55.1,3000.0,55.4,55.5,55.1,55.1,3,166000.0,0.0,0.0,0.0,0.0,999.0
1240,2026-07-23,55.3,55.3,55.2,55.2,3000.0,55.3,55.3,55.2,55.2,3,165800.0,0.0,0.0,0.0,0.0,999.0
1240,2026-07-24,54.9,54.9,54.7,54.7,8000.0,54.9,54.9,54.7,54.7,8,438200.0,0.0,0.0,0.0,0.0,999.0
1240,2026-07-27,54.7,55.2,54.5,54.5,17000.0,54.7,55.2,54.5,54.5,17,930000.0,0.0,0.0,0.0,0.0,999.0
1240,2026-07-28,55.1,55.1,54.4,54.4,11000.0,55.1,55.1,54.4,54.4,11,601000.0,0.0,0.0,0.0,0.0,999.0
1240,2026-07-29,54.1,54.1,53.6,53.6,5000.0,54.1,54.1,53.6,53.6,5,269800.0,0.0,0.0,0.0,0.0,999.0
1240,2026-07-30,53.4,54.0,53.3,53.7,8000.0,53.4,54.0,53.3,53.7,8,428600.0,0.0,0.0,0.0,0.0,999.0
1240,2026-07-31,54.5,55.3,54.5,55.2,28000.0,54.5,55.3,54.5,55.2,28,1539600.0,0.0,0.0,0.0,0.0,999.0
1240,2026-08-03,55.0,55.4,55.0,55.4,4000.0,55.0,55.4,55.0,55.4,4,220700.0,0.0,0.0,0.0,0.0,999.0
1240,2026-08-04,54.9,55.4,54.5,55.2,25000.0,54.9,55.4,54.5,55.2,25,1369600.0,0.0,0.0,0.0,0.0,999.0
1240,2026-08-05,55.1,55.1,55.1,55.1,13000.0,55.1,55.1,55.1,55.1,13,716300.0,0.0,0.0,0.0,0.0,999.0
1240,2026-08-06,55.0,55.0,55.0,55.0,1000.0,55.0,55.0,55.0,55.0,1,55000.0,0.0,0.0,0.0,0.0,999.0
1240,2026-08-07,55.0,55.0,54.8,54.8,3000.0,55.0,55.0,54.8,54.8,3,164800.0,0.0,0.0,0.0,0.0,999.0
1240,2026-08-10,55.0,55.0,54.9,54.9,2000.0,55.0,55.0,54.9,54.9,2,109900.0,0.0,0.0,0.0,0.0,999.0
1240,2026-08-11,56.1,56.5,55.8,55.8,22000.0,56.1,56.5,55.8,55.8,22,1234000.0,0.0,0.0,0.0,0.0,999.0
1240,2026-08-12,56.0,56.4,55.9,56.4,21000.0,56.0,56.4,55.9,56.4,21,1178700.0,0.0,0.0,0.0,0.0,999.0
1240,2026-08-13,56.5,56.9,56.4,56.4,9000.0,56.5,56.9,56.4,56.4,9,509600.0,0.0,0.0,0.0,0.0,999.0
1240,2026-08-14,56.6,57.0,56.5,56.7,24000.0,56.6,57.0,56.5,56.7,24,1360600.0,0.0,0.0,0.0,0.0,999.0
1240,2026-08-17,56.9,56.9,56.7,56.8,12000.0,56.9,56.9,56.7,56.8,12,682000.0,0.0,0.0,0.0,0.0,999.0
1240,2026-08-18,56.8,57.0,56.8,56.9,24000.0,56.8,57.0,56.8,56.9,24,1366400.0,0.0,0.0,0.0,0.0,999.0
1240,2026-08-19,57.0,57.1,57.0,57.1,2000.0,57.0,57.1,57.0,57.1,2,114100.0,0.0,0.0,0.0,0.0,999.0
1742,2026-05-25,15.0,15.25,14.8,15.2,54000.0,15.0,15.25,14.8,15.2,54,813250.0,0.0,0.0,0.0,0.0,999.0
1742,2026-05-26,15.2,15.4,14.85,15.0,20000.0,15.2,15.4,14.85,15.0,20,301550.0,0.0,0.0,0.0,0.0,999.0
1742,2026-05-27,15.0,15.1,14.85,14.85,45000.0,15.0,15.1,14.85,14.85,45,675050.0,0.0,0.0,0.0,0.0,999.0
1742,2026-05-28,15.15,15.15,14.9,15.15,20000.0,15.15,15.15,14.9,15.15,20,299800.0,0.0,0.0,0.0,0.0,999.0
1742,2026-05-29,15.0,15.3,15.0,15.2,26000.0,15.0,15.3,15.0,15.2,26,391900.0,0.0,0.0,0.0,0.0,999.0
1742,2026-06-01,15.5,15.9,15.35,15.4,46000.0,15.5,15.9,15.35,15.4,46,710550.0,0.0,0.0,0.0,0.0,999.0
1742,2026-06-02,15.5,15.5,15.3,15.5,53000.0,15.5,15.5,15.3,15.5,53,817600.0,0.0,0.0,0.0,0.0,999.0
1742,2026-06-03,15.6,15.6,15.5,15.6,85000.0,15.6,15.6,15.5,15.6,85,1322200.0,0.0,0.0,0.0,0.0,999.0
1742,2026-06-04,15.7,16.15,15.65,15.9,63000.0,15.7,16.15,15.65,15.9,63,994600.0,0.0,0.0,0.0,0.0,999.0
1742,2026-06-05,17.2,17.2,16.05,16.1,104000.0,17.2,17.2,16.05,16.1,104,1698550.0,0.0,0.0,0.0,0.0,999.0
1742,2026-06-08,15.6,15.95,15.1,15.5,32000.0,15.6,15.95,15.1,15.5,32,499200.0,0.0,0.0,0.0,0.0,999.0
1742,2026-06-09,15.25,15.75,15.05,15.3,42000.0,15.25,15.75,15.05,15.3,42,641650.0,0.0,0.0,0.0,0.0,999.0
1742,2026-06-10,15.0,15.2,14.6,14.6,51000.0,15.0,15.2,14.6,14.6,51,766000.0,0.0,0.0,0.0,0.0,999.0
1742,2026-06-11,14.8,15.75,14.7,15.75,42000.0,14.8,15.75,14.7,15.75,42,632850.0,0.0,0.0,0.0,0.0,999.0
1742,2026-06-12,15.2,15.95,15.2,15.5,39000.0,15.2,15.95,15.2,15.5,39,613200.0,0.0,0.0,0.0,0.0,999.0
1742,2026-06-15,15.7,15.7,15.5,15.7,35000.0,15.7,15.7,15.5,15.7,35,546000.0,0.0,0.0,0.0,0.0,999.0
1742,2026-06-16,15.7,15.8,15.5,15.6,30000.0,15.7,15.8,15.5,15.6,30,467150.0,0.0,0.0,0.0,0.0,999.0
1742,2026-06-17,16.1,16.25,15.3,15.5,38000.0,16.1,16.25,15.3,15.5,38,591750.0,0.0,0.0,0.0,0.0,999.0
1742,2026-06-18,15.65,15.7,15.45,15.6,73000.0,15.65,15.7,15.45,15.6,73,1138100.0,0.0,0.0,0.0,0.0,999.0
1742,2026-06-22,15.4,15.45,15.3,15.4,18000.0,15.4,15.45,15.3,15.4,18,276750.0,0.0,0.0,0.0,0.0,999.0
1742,2026-06-23,15.5,15.5,15.15,15.3,22000.0,15.5,15.5,15.15,15.3,22,334200.0,0.0,0.0,0.0,0.0,999.0
1742,2026-06-24,15.15,15.25,15.1,15.25,15000.0,15.15,15.25,15.1,15.25,15,227300.0,0.0,0.0,0.0,0.0,999.0
1742,2026-06-25,14.9,15.0,14.3,14.95,27000.0,14.9,15.0,14.3,14.95,27,401900.0,0.0,0.0,0.0,0.0,999.0
1742,2026-06-26,15.3,15.35,15.05,15.05,12000.0,15.3,15.35,15.05,15.05,12,182650.0,0.0,0.0,0.0,0.0,999.0
1742,2026-06-29,14.85,15.25,14.85,15.15,3000.0,14.85,15.25,14.85,15.15,3,45250.0,0.0,0.0,0.0,0.0,999.0
1742,2026-06-30,15.3,15.3,15.3,15.3,1000.0,15.3,15.3,15.3,15.3,1,15300.0,0.0,0.0,0.0,0.0,999.0
1742,2026-07-01,15.05,15.35,15.0,15.35,60000.0,15.05,15.35,15.0,15.35,60,907550.0,0.0,0.0,0.0,0.0,999.0
1742,2026-07-02,15.2,15.4,14.9,15.4,17000.0,15.2,15.3,14.9,15.25,13,196850.0,0.0,0.006535947712418277,0.0,0.009836065573770515,1306.6923076923076
1742,2026-07-03,15.5,15.5,15.05,15.5,35000.0,15.5,15.5,15.05,15.5,35,535650.0,0.0,0.0,0.0,0.0,999.0
1742,2026-07-06,15.35,15.35,15.35,15.35,5000.0,15.35,15.35,15.35,15.35,5,76750.0,0.0,0.0,0.0,0.0,999.0
1742,2026-07-07,15.45,15.55,15.3,15.3,35000.0,15.45,15.55,15.3,15.3,35,539150.0,0.0,0.0,0.0,0.0,999.0
1742,2026-07-08,15.05,15.3,15.05,15.25,12000.0,15.05,15.3,15.05,15.25,12,181200.0,0.0,0.0,0.0,0.0,999.0
1742,2026-07-09,15.35,15.35,15.1,15.2,6000.0,15.35,15.35,15.1,15.2,6,91150.0,0.0,0.0,0.0,0.0,999.0
1742,2026-07-13,15.4,15.4,15.25,15.25,5000.0,15.4,15.4,15.25,15.25,5,76400.0,0.0,0.0,0.0,0.0,999.0
1742,2026-07-14,15.75,15.75,15.0,15.35,21000.0,15.75,15.75,15.0,15.35,21,319100.0,0.0,0.0,0.0,0.0,999.0
1742,2026-07-15,15.85,16.45,15.05,16.2,89000.0,15.85,16.45,15.05,16.2,89,1413900.0,0.0,0.0,0.0,0.0,999.0
1742,2026-07-16,16.3,16.3,15.8,16.25,61000.0,16.3,16.3,15.8,16.25,61,975400.0,0.0,0.0,0.0,0.0,999.0
1742,2026-07-17,15.8,16.2,15.8,16.2,46000.0,15.8,16.2,15.8,16.2,46,737100.0,0.0,0.0,0.0,0.0,999.0
1742,2026-07-20,16.5,16.75,16.1,16.3,61000.0,16.5,16.75,16.1,16.3,61,993150.0,0.0,0.0,0.0,0.0,999.0
1742,2026-07-21,16.3,16.4,16.05,16.4,64000.0,16.3,16.4,16.05,16.4,64,1041500.0,0.0,0.0,0.0,0.0,999.0
1742,2026-07-22,16.0,16.0,15.7,15.85,36000.0,16.0,16.0,15.7,15.85,36,571250.0,0.0,0.0,0.0,0.0,999.0
1742,2026-07-23,16.0,16.4,15.95,16.4,33000.0,16.0,16.4,15.95,16.4,33,536250.0,0.0,0.0,0.0,0.0,999.0
1742,2026-07-24,16.65,16.65,16.1,16.5,32000.0,16.65,16.65,16.1,16.5,32,523150.0,0.0,0.0,0.0,0.0,999.0
1742,2026-07-27,16.2,16.2,16.15,16.15,5000.0,16.2,16.2,16.15,16.15,5,80850.0,0.0,0.0,0.0,0.0,999.0
1742,2026-07-28,16.05,16.05,15.9,16.0,22000.0,16.05,16.05,15.9,16.0,22,351900.0,0.0,0.0,0.0,0.0,999.0
1742,2026-07-29,15.95,16.3,15.8,16.05,55000.0,15.95,16.3,15.8,16.05,55,881800.0,0.0,0.0,0.0,0.0,999.0
1742,2026-07-30,16.0,16.55,15.8,16.55,88000.0,16.0,16.55,15.8,16.55,88,1413650.0,0.0,0.0,0.0,0.0,999.0
1742,2026-07-31,16.65,18.15,15.85,17.9,299000.0,16.65,18.15,15.85,17.9,299,5130300.0,0.0,0.0,0.0,0.0,999.0
1742,2026-08-03,17.9,18.75,17.65,18.5,234000.0,17.9,18.75,17.65,18.5,234,4253700.0,0.0,0.0,0.0,0.0,999.0
1742,2026-08-04,18.5,18.5,18.05,18.35,71000.0,18.5,18.5,18.05,18.35,71,1299100.0,0.0,0.0,0.0,0.0,999.0
1742,2026-08-05,18.0,18.2,16.55,18.1,265000.0,18.0,18.2,16.55,18.1,265,4584200.0,0.0,0.0,0.0,0.0,999.0
1742,2026-08-06,17.85,17.95,17.0,17.95,121000.0,17.85,17.95,17.0,17.95,121,2099300.0,0.0,0.0,0.0,0.0,999.0
1742,2026-08-07,18.0,18.0,17.5,17.8,52000.0,18.0,18.0,17.5,17.8,52,921400.0,0.0,0.0,0.0,0.0,999.0
1742,2026-08-10,17.95,17.95,17.55,17.85,40000.0,17.95,17.95,17.55,17.85,40,709000.0,0.0,0.0,0.0,0.0,999.0
1742,2026-08-11,17.85,17.9,17.15,17.9,93000.0,17.85,17.9,17.15,17.9,93,1637000.0,0.0,0.0,0.0,0.0,999.0
1742,2026-08-12,17.65,17.75,17.35,17.65,104000.0,17.65,17.75,17.35,17.65,104,1822150.0,0.0,0.0,0.0,0.0,999.0
1742,2026-08-13,17.4,17.7,17.4,17.65,27000.0,17.4,17.7,17.4,17.55,11,192950.0,0.0,0.0,0.0,0.005698005698005576,2453.5454545454545
1742,2026-08-14,17.7,17.85,17.5,17.5,34000.0,17.7,17.85,17.5,17.5,34,598750.0,0.0,0.0,0.0,0.0,999.0
1742,2026-08-17,17.7,17.7,17.3,17.5,83000.0,17.7,17.7,17.3,17.5,83,1445600.0,0.0,0.0,0.0,0.0,999.0
1742,2026-08-18,17.6,18.4,17.35,17.95,82000.0,17.6,18.4,17.35,17.95,82,1463400.0,0.0,0.0,0.0,0.0,999.0
1742,2026-08-19,17.7,18.2,17.5,18.0,129000.0,17.7,18.2,17.5,18.0,129,2295200.0,0.0,0.0,0.0,0.0,999.0
2067,2026-05-25,6.75,6.9,6.53,6.73,82000.0,6.75,6.9,6.53,6.73,82,550540.0,0.0,0.0,0.0,0.0,999.0
2067,2026-05-26,6.73,6.78,6.55,6.7,85000.0,6.73,6.78,6.55,6.7,85,563780.0,0.0,0.0,0.0,0.0,999.0
2067,2026-05-27,6.7,6.7,6.5,6.68,96000.0,6.7,6.7,6.5,6.68,96,627240.0,0.0,0.0,0.0,0.0,999.0
2067,2026-05-28,6.84,6.84,6.52,6.6,24000.0,6.84,6.84,6.52,6.6,24,158930.0,0.0,0.0,0.0,0.0,999.0
2067,2026-05-29,6.6,6.6,6.55,6.56,35000.0,6.6,6.6,6.55,6.56,35,229460.0,0.0,0.0,0.0,0.0,999.0
2067,2026-06-01,6.5,6.7,6.42,6.5,107000.0,6.5,6.7,6.42,6.5,107,693200.0,0.0,0.0,0.0,0.0,999.0
2067,2026-06-02,6.5,6.6,6.45,6.5,67000.0,6.5,6.6,6.45,6.5,67,434400.0,0.0,0.0,0.0,0.0,999.0
2067,2026-06-03,6.5,6.5,6.45,6.46,60000.0,6.5,6.5,6.45,6.46,60,389220.0,0.0,0.0,0.0,0.0,999.0
2067,2026-06-04,6.7,6.7,6.5,6.52,65000.0,6.7,6.7,6.5,6.52,65,427260.0,0.0,0.0,0.0,0.0,999.0
2067,2026-06-05,6.53,6.54,6.52,6.53,30000.0,6.53,6.54,6.52,6.53,30,195920.0,0.0,0.0,0.0,0.0,999.0
2067,2026-06-08,6.42,6.53,6.15,6.28,48000.0,6.42,6.42,6.15,6.28,48,301230.0,0.0,0.017133956386292885,0.0,0.0,999.0
2067,2026-06-09,6.28,6.47,6.28,6.4,12000.0,6.28,6.47,6.28,6.4,12,77050.0,0.0,0.0,0.0,0.0,999.0
2067,2026-06-10,6.26,6.28,6.24,6.28,17000.0,6.26,6.28,6.24,6.28,17,106490.0,0.0,0.0,0.0,0.0,999.0
2067,2026-06-11,6.28,6.28,6.16,6.16,24000.0,6.28,6.28,6.16,6.16,24,148730.0,0.0,0.0,0.0,0.0,999.0
2067,2026-06-12,6.43,6.47,6.4,6.47,35000.0,6.43,6.47,6.4,6.47,35,225620.0,0.0,0.0,0.0,0.0,999.0
2067,2026-06-15,6.56,6.56,6.26,6.34,45000.0,6.56,6.56,6.26,6.34,45,291540.0,0.0,0.0,0.0,0.0,999.0
2067,2026-06-16,6.34,6.55,6.34,6.35,17000.0,6.34,6.55,6.34,6.35,17,108440.0,0.0,0.0,0.0,0.0,999.0
2067,2026-06-17,6.48,6.65,6.48,6.52,38000.0,6.48,6.65,6.48,6.52,38,249090.0,0.0,0.0,0.0,0.0,999.0
2067,2026-06-18,6.67,6.67,6.5,6.6,69000.0,6.67,6.67,6.5,6.6,69,452000.0,0.0,0.0,0.0,0.0,999.0
2067,2026-06-22,6.6,6.65,6.6,6.64,88000.0,6.6,6.65,6.6,6.64,88,583230.0,0.0,0.0,0.0,0.0,999.0
2067,2026-06-23,6.64,6.64,6.52,6.52,39000.0,6.64,6.64,6.52,6.52,39,257160.0,0.0,0.0,0.0,0.0,999.0
2067,2026-06-24,6.52,6.69,6.42,6.68,19000.0,6.52,6.69,6.42,6.68,19,123480.0,0.0,0.0,0.0,0.0,999.0
2067,2026-06-25,6.73,6.73,6.52,6.58,12000.0,6.73,6.73,6.52,6.58,12,79260.0,0.0,0.0,0.0,0.0,999.0
2067,2026-06-26,6.5,6.57,6.4,6.4,8000.0,6.5,6.57,6.4,6.4,8,51570.0,0.0,0.0,0.0,0.0,999.0
2067,2026-06-29,7.0,7.02,6.62,6.79,27000.0,7.0,7.02,6.62,6.79,27,185990.0,0.0,0.0,0.0,0.0,999.0
2067,2026-06-30,6.9,6.9,6.56,6.56,51000.0,6.9,6.9,6.56,6.56,51,341770.0,0.0,0.0,0.0,0.0,999.0
2067,2026-07-01,6.57,6.67,6.5,6.67,24000.0,6.57,6.67,6.5,6.67,24,156890.0,0.0,0.0,0.0,0.0,999.0
2067,2026-07-02,6.5,6.67,6.4,6.43,23000.0,6.5,6.67,6.4,6.43,23,148280.0,0.0,0.0,0.0,0.0,999.0
2067,2026-07-03,6.57,6.83,6.45,6.8,31000.0,6.57,6.83,6.45,6.8,31,203450.0,0.0,0.0,0.0,0.0,999.0
2067,2026-07-06,6.86,6.86,6.62,6.8,42000.0,6.86,6.86,6.62,6.8,42,285890.0,0.0,0.0,0.0,0.0,999.0
2067,2026-07-07,6.58,6.79,6.58,6.77,9000.0,6.58,6.79,6.58,6.77,9,60820.0,0.0,0.0,0.0,0.0,999.0
2067,2026-07-08,6.75,6.77,6.53,6.54,28000.0,6.75,6.77,6.53,6.54,28,185400.0,0.0,0.0,0.0,0.0,999.0
2067,2026-07-09,6.6,6.6,6.59,6.6,43000.0,6.6,6.6,6.59,6.6,43,283780.0,0.0,0.0,0.0,0.0,999.0
2067,2026-07-13,6.53,6.67,6.41,6.43,76000.0,6.53,6.67,6.41,6.43,76,495720.0,0.0,0.0,0.0,0.0,999.0
2067,2026-07-14,6.4,6.63,6.34,6.61,6000.0,6.4,6.63,6.34,6.61,6,38920.0,0.0,0.0,0.0,0.0,999.0
2067,2026-07-15,6.6,6.61,6.6,6.6,52000.0,6.6,6.61,6.6,6.6,52,343250.0,0.0,0.0,0.0,0.0,999.0
2067,2026-07-16,6.6,6.65,6.6,6.65,22000.0,6.6,6.65,6.6,6.65,22,146240.0,0.0,0.0,0.0,0.0,999.0
2067,2026-07-17,6.65,6.75,6.34,6.73,35000.0,6.65,6.75,6.34,6.73,35,229290.0,0.0,0.0,0.0,0.0,999.0
2067,2026-07-20,6.73,6.73,6.45,6.47,22000.0,6.73,6.73,6.45,6.47,22,143420.0,0.0,0.0,0.0,0.0,999.0
2067,2026-07-21,6.48,6.54,6.42,6.54,12000.0,6.48,6.54,6.42,6.54,12,77870.0,0.0,0.0,0.0,0.0,999.0
2067,2026-07-22,6.33,6.59,6.33,6.57,10000.0,6.33,6.59,6.33,6.57,10,64920.0,0.0,0.0,0.0,0.0,999.0
2067,2026-07-23,6.38,6.57,6.38,6.57,3000.0,6.38,6.57,6.38,6.57,3,19520.0,0.0,0.0,0.0,0.0,999.0
2067,2026-07-24,6.57,6.57,6.57,6.57,4000.0,6.57,6.57,6.57,6.57,4,26280.0,0.0,0.0,0.0,0.0,999.0
2067,2026-07-27,6.57,6.57,6.57,6.57,2000.0,6.57,6.57,6.57,6.57,2,13140.0,0.0,0.0,0.0,0.0,999.0
2067,2026-07-28,6.3,6.42,6.26,6.42,16000.0,6.3,6.42,6.26,6.42,16,100690.0,0.0,0.0,0.0,0.0,999.0
2067,2026-07-29,6.28,6.28,6.25,6.25,10000.0,6.28,6.28,6.25,6.25,10,62630.0,0.0,0.0,0.0,0.0,999.0
2067,2026-07-30,6.25,6.25,6.18,6.23,12000.0,6.25,6.25,6.18,6.23,12,74690.0,0.0,0.0,0.0,0.0,999.0
2067,2026-07-31,6.3,6.46,6.25,6.44,33000.0,6.3,6.46,6.25,6.44,33,207310.0,0.0,0.0,0.0,0.0,999.0
2067,2026-08-03,6.26,6.26,6.26,6.26,17000.0,6.26,6.26,6.26,6.26,17,106420.0,0.0,0.0,0.0,0.0,999.0
2067,2026-08-04,6.26,6.26,6.21,6.21,3000.0,6.26,6.26,6.21,6.21,3,18730.0,0.0,0.0,0.0,0.0,999.0
2067,2026-08-05,6.21,6.44,6.2,6.44,7000.0,6.21,6.44,6.2,6.44,7,43710.0,0.0,0.0,0.0,0.0,999.0
2067,2026-08-06,6.22,6.41,6.22,6.41,2000.0,6.22,6.41,6.22,6.41,2,12630.0,0.0,0.0,0.0,0.0,999.0
2067,2026-08-07,6.41,6.41,6.41,6.41,1000.0,6.41,6.41,6.41,6.41,1,6410.0,0.0,0.0,0.0,0.0,999.0
2067,2026-08-10,6.19,6.48,6.19,6.48,9000.0,6.19,6.48,6.19,6.48,9,56210.0,0.0,0.0,0.0,0.0,999.0
2067,2026-08-11,6.23,6.45,6.23,6.45,18000.0,6.23,6.45,6.23,6.45,18,114630.0,0.0,0.0,0.0,0.0,999.0
2067,2026-08-12,6.48,6.48,6.25,6.38,18000.0,6.48,6.48,6.25,6.38,18,113390.0,0.0,0.0,0.0,0.0,999.0
2067,2026-08-13,6.19,6.29,6.17,6.29,31000.0,6.19,6.29,6.17,6.29,31,192020.0,0.0,0.0,0.0,0.0,999.0
2067,2026-08-14,6.18,6.18,5.8,6.17,68000.0,6.18,6.18,5.8,6.17,68,402280.0,0.0,0.0,0.0,0.0,999.0
2067,2026-08-17,6.24,6.24,5.76,6.0,47000.0,6.24,6.24,5.76,6.0,47,273480.0,0.0,0.0,0.0,0.0,999.0
2067,2026-08-18,5.95,5.95,5.68,5.71,117000.0,5.95,5.95,5.68,5.71,117,670670.0,0.0,0.0,0.0,0.0,999.0
2067,2026-08-19,5.88,5.92,5.75,5.75,21000.0,5.88,5.92,5.75,5.75,21,123710.0,0.0,0.0,0.0,0.0,999.0
2736,2026-05-25,12.3,12.65,12.2,12.2,85000.0,12.3,12.65,12.2,12.2,85,1047250.0,0.0,0.0,0.0,0.0,999.0
2736,2026-05-26,12.35,12.35,12.15,12.2,57000.0,12.35,12.35,12.15,12.2,57,696300.0,0.0,0.0,0.0,0.0,999.0
2736,2026-05-27,12.1,12.7,12.1,12.25,122000.0,12.1,12.7,12.1,12.25,122,1503850.0,0.0,0.0,0.0,0.0,999.0
2736,2026-05-28,12.25,12.25,12.05,12.05,89000.0,12.25,12.25,12.05,12.05,89,1083200.0,0.0,0.0,0.0,0.0,999.0
2736,2026-05-29,12.0,12.05,11.95,12.0,82000.0,12.0,12.05,11.95,12.0,82,984150.0,0.0,0.0,0.0,0.0,999.0
2736,2026-06-01,12.0,12.1,12.0,12.0,57000.0,12.0,12.1,12.0,12.0,57,687200.0,0.0,0.0,0.0,0.0,999.0
2736,2026-06-02,12.05,12.2,12.0,12.1,65000.0,12.05,12.2,12.0,12.1,65,785850.0,0.0,0.0,0.0,0.0,999.0
2736,2026-06-03,12.1,12.15,12.0,12.15,78000.0,12.1,12.15,12.0,12.15,78,942300.0,0.0,0.0,0.0,0.0,999.0
2736,2026-06-04,12.1,12.35,12.1,12.3,94000.0,12.1,12.35,12.1,12.3,94,1151950.0,0.0,0.0,0.0,0.0,999.0
2736,2026-06-05,12.4,12.4,12.15,12.35,63000.0,12.4,12.4,12.15,12.35,63,772900.0,0.0,0.0,0.0,0.0,999.0
2736,2026-06-08,11.9,12.4,11.7,12.15,81000.0,11.9,12.4,11.7,12.15,81,974200.0,0.0,0.0,0.0,0.0,999.0
2736,2026-06-09,12.15,12.15,11.85,12.0,70000.0,12.15,12.15,11.85,12.0,70,840800.0,0.0,0.0,0.0,0.0,999.0
2736,2026-06-10,11.9,12.0,11.9,11.95,22000.0,11.9,12.0,11.9,11.95,22,263050.0,0.0,0.0,0.0,0.0,999.0
2736,2026-06-11,11.9,12.0,11.85,11.9,38000.0,11.9,12.0,11.85,11.9,38,452200.0,0.0,0.0,0.0,0.0,999.0
2736,2026-06-12,12.0,12.05,11.85,11.85,33000.0,12.0,12.05,11.85,11.85,33,394150.0,0.0,0.0,0.0,0.0,999.0
2736,2026-06-15,12.0,12.15,11.95,12.05,60000.0,12.0,12.15,11.95,12.05,60,722400.0,0.0,0.0,0.0,0.0,999.0
2736,2026-06-16,12.0,12.2,11.95,11.95,42000.0,12.0,12.2,11.95,11.95,42,506600.0,0.0,0.0,0.0,0.0,999.0
2736,2026-06-17,12.0,12.1,11.95,11.95,41000.0,12.0,12.1,11.95,11.95,41,492250.0,0.0,0.0,0.0,0.0,999.0
2736,2026-06-18,12.1,12.1,12.0,12.05,67000.0,12.1,12.1,12.0,12.05,67,806150.0,0.0,0.0,0.0,0.0,999.0
2736,2026-06-22,12.1,12.2,11.95,11.95,72000.0,12.1,12.2,11.95,11.95,72,868650.0,0.0,0.0,0.0,0.0,999.0
2736,2026-06-23,12.0,12.1,11.8,11.9,59000.0,12.0,12.1,11.8,11.9,59,703150.0,0.0,0.0,0.0,0.0,999.0
2736,2026-06-24,11.9,12.05,11.85,11.85,68000.0,11.9,12.05,11.85,11.85,68,809000.0,0.0,0.0,0.0,0.0,999.0
2736,2026-06-25,11.95,12.0,11.9,11.95,61000.0,11.95,12.0,11.9,11.95,61,728250.0,0.0,0.0,0.0,0.0,999.0
2736,2026-06-26,12.0,12.0,11.7,11.8,104000.0,12.0,12.0,11.7,11.8,104,1229600.0,0.0,0.0,0.0,0.0,999.0
2736,2026-06-29,12.0,12.05,11.8,11.8,38000.0,12.0,12.05,11.8,11.8,38,452850.0,0.0,0.0,0.0,0.0,999.0
2736,2026-06-30,11.85,11.9,11.75,11.85,94000.0,11.85,11.9,11.75,11.85,94,1107900.0,0.0,0.0,0.0,0.0,999.0
2736,2026-07-01,12.1,12.1,11.85,11.85,28000.0,12.1,12.1,11.85,11.85,28,333950.0,0.0,0.0,0.0,0.0,999.0
2736,2026-07-02,11.85,12.05,11.85,11.95,38000.0,11.85,12.05,11.85,11.95,38,453350.0,0.0,0.0,0.0,0.0,999.0
2736,2026-07-03,12.25,12.25,12.05,12.1,137000.0,12.25,12.25,12.05,12.1,137,1661250.0,0.0,0.0,0.0,0.0,999.0
2736,2026-07-06,12.15,12.25,12.05,12.1,38000.0,12.15,12.25,12.05,12.1,38,460600.0,0.0,0.0,0.0,0.0,999.0
2736,2026-07-07,12.05,12.05,11.8,11.9,112000.0,12.05,12.05,11.8,11.9,112,1331300.0,0.0,0.0,0.0,0.0,999.0
2736,2026-07-08,11.9,11.9,11.75,11.85,102000.0,11.9,11.9,11.75,11.85,102,1204500.0,0.0,0.0,0.0,0.0,999.0
2736,2026-07-09,11.85,11.85,11.75,11.8,64000.0,11.85,11.85,11.75,11.8,64,753300.0,0.0,0.0,0.0,0.0,999.0
2736,2026-07-13,12.1,12.1,11.8,11.8,55000.0,12.1,12.1,11.8,11.8,55,653350.0,0.0,0.0,0.0,0.0,999.0
2736,2026-07-14,11.75,11.75,11.5,11.7,165000.0,11.75,11.75,11.5,11.7,165,1916800.0,0.0,0.0,0.0,0.0,999.0
2736,2026-07-15,11.7,11.85,11.7,11.8,43000.0,11.7,11.85,11.7,11.8,43,507000.0,0.0,0.0,0.0,0.0,999.0
2736,2026-07-16,11.9,11.95,11.8,11.85,40000.0,11.9,11.95,11.8,11.85,40,474750.0,0.0,0.0,0.0,0.0,999.0
2736,2026-07-17,12.0,12.0,11.65,11.75,71000.0,12.0,12.0,11.65,11.75,71,834750.0,0.0,0.0,0.0,0.0,999.0
2736,2026-07-20,11.75,11.9,11.5,11.75,91000.0,11.75,11.9,11.5,11.75,91,1068000.0,0.0,0.0,0.0,0.0,999.0
2736,2026-07-21,11.9,11.95,11.75,11.8,49000.0,11.9,11.95,11.75,11.8,49,578550.0,0.0,0.0,0.0,0.0,999.0
2736,2026-07-22,11.75,11.8,11.75,11.8,61000.0,11.75,11.8,11.75,11.8,61,718500.0,0.0,0.0,0.0,0.0,999.0
2736,2026-07-23,11.95,12.1,11.7,11.95,46000.0,11.95,12.1,11.7,11.95,46,546350.0,0.0,0.0,0.0,0.0,999.0
2736,2026-07-24,11.95,12.0,11.7,11.85,48000.0,11.95,12.0,11.7,11.85,48,566150.0,0.0,0.0,0.0,0.0,999.0
2736,2026-07-27,11.95,12.0,11.75,11.9,43000.0,11.95,12.0,11.75,11.9,43,508750.0,0.0,0.0,0.0,0.0,999.0
2736,2026-07-28,11.75,11.8,11.7,11.8,96000.0,11.75,11.8,11.7,11.8,96,1124500.0,0.0,0.0,0.0,0.0,999.0
2736,2026-07-29,11.7,11.7,11.4,11.6,192000.0,11.7,11.7,11.4,11.6,192,2221650.0,0.0,0.0,0.0,0.0,999.0
2736,2026-07-30,11.6,11.6,11.3,11.55,100000.0,11.6,11.6,11.3,11.55,100,1152000.0,0.0,0.0,0.0,0.0,999.0
2736,2026-07-31,11.95,11.95,11.6,11.65,40000.0,11.95,11.95,11.6,11.65,40,469250.0,0.0,0.0,0.0,0.0,999.0
2736,2026-08-03,11.8,11.8,11.6,11.6,24000.0,11.8,11.8,11.6,11.6,24,280250.0,0.0,0.0,0.0,0.0,999.0
2736,2026-08-04,11.6,11.75,11.6,11.65,26000.0,11.6,11.75,11.6,11.65,26,302750.0,0.0,0.0,0.0,0.0,999.0
2736,2026-08-05,11.9,11.95,11.45,11.5,85000.0,11.9,11.95,11.45,11.5,85,989750.0,0.0,0.0,0.0,0.0,999.0
2736,2026-08-06,11.45,11.5,11.3,11.45,75000.0,11.45,11.5,11.3,11.45,75,857500.0,0.0,0.0,0.0,0.0,999.0
2736,2026-08-07,11.6,11.65,11.4,11.5,18000.0,11.6,11.65,11.4,11.5,18,206450.0,0.0,0.0,0.0,0.0,999.0
2736,2026-08-10,11.5,11.5,11.3,11.45,53000.0,11.5,11.5,11.3,11.45,53,605150.0,0.0,0.0,0.0,0.0,999.0
2736,2026-08-11,11.45,11.5,11.45,11.45,30000.0,11.45,11.5,11.45,11.45,30,344300.0,0.0,0.0,0.0,0.0,999.0
2736,2026-08-12,11.45,11.65,11.45,11.5,58000.0,11.45,11.65,11.45,11.5,58,668450.0,0.0,0.0,0.0,0.0,999.0
2736,2026-08-13,11.4,11.5,11.4,11.45,41000.0,11.4,11.5,11.4,11.45,41,469350.0,0.0,0.0,0.0,0.0,999.0
2736,2026-08-14,11.4,11.55,11.35,11.35,63000.0,11.4,11.55,11.35,11.35,63,716800.0,0.0,0.0,0.0,0.0,999.0
2736,2026-08-17,11.5,11.5,11.3,11.45,30000.0,11.5,11.5,11.3,11.45,30,340250.0,0.0,0.0,0.0,0.0,999.0
2736,2026-08-18,11.4,11.5,11.4,11.4,17000.0,11.4,11.5,11.4,11.4,17,193900.0,0.0,0.0,0.0,0.0,999.0
2736,2026-08-19,11.35,11.45,11.3,11.4,28000.0,11.35,11.45,11.3,11.4,28,318500.0,0.0,0.0,0.0,0.0,999.0
3064,2026-05-25,18.15,18.15,18.0,18.0,8000.0,18.15,18.15,18.0,18.0,8,144250.0,0.0,0.0,0.0,0.0,999.0
3064,2026-05-26,18.75,18.75,18.0,18.35,10000.0,18.75,18.75,18.0,18.35,10,181100.0,0.0,0.0,0.0,0.0,999.0
3064,2026-05-27,18.4,18.4,18.0,18.3,4000.0,18.4,18.4,18.0,18.3,4,72700.0,0.0,0.0,0.0,0.0,999.0
3064,2026-05-28,18.5,19.5,18.5,19.0,9000.0,18.5,19.5,18.5,19.0,9,172650.0,0.0,0.0,0.0,0.0,999.0
3064,2026-05-29,19.15,19.2,19.15,19.2,2000.0,19.15,19.2,19.15,19.2,2,38350.0,0.0,0.0,0.0,0.0,999.0
3064,2026-06-04,18.45,18.6,18.45,18.6,3000.0,18.45,18.6,18.45,18.6,3,55500.0,0.0,0.0,0.0,0.0,999.0
3064,2026-06-05,18.6,20.0,17.0,18.6,5000.0,18.6,20.0,17.0,18.6,5,92200.0,0.0,0.0,0.0,0.0,999.0
3064,2026-06-08,18.0,18.0,18.0,18.0,1000.0,18.0,18.0,18.0,18.0,1,18000.0,0.0,0.0,0.0,0.0,999.0
3064,2026-06-11,17.1,18.0,17.05,18.0,3000.0,17.1,18.0,17.05,18.0,3,52150.0,0.0,0.0,0.0,0.0,999.0
3064,2026-06-16,18.0,19.2,18.0,19.2,7000.0,18.0,19.2,18.0,19.2,7,127200.0,0.0,0.0,0.0,0.0,999.0
3064,2026-06-17,19.2,19.2,19.2,19.2,1000.0,19.2,19.2,19.2,19.2,1,19200.0,0.0,0.0,0.0,0.0,999.0
3064,2026-06-18,19.2,19.3,19.2,19.3,3000.0,19.2,19.3,19.2,19.3,3,57700.0,0.0,0.0,0.0,0.0,999.0
3064,2026-06-23,20.0,20.0,20.0,20.0,1000.0,20.0,20.0,20.0,20.0,1,20000.0,0.0,0.0,0.0,0.0,999.0
3064,2026-06-26,20.0,20.0,20.0,20.0,2000.0,20.0,20.0,20.0,20.0,2,40000.0,0.0,0.0,0.0,0.0,999.0
3064,2026-06-29,19.95,20.0,19.95,20.0,2000.0,19.95,20.0,19.95,20.0,2,39950.0,0.0,0.0,0.0,0.0,999.0
3064,2026-07-01,20.0,20.0,20.0,20.0,1000.0,20.0,20.0,20.0,20.0,1,20000.0,0.0,0.0,0.0,0.0,999.0
3064,2026-07-02,19.05,19.1,19.05,19.1,3000.0,19.05,19.1,19.05,19.1,3,57250.0,0.0,0.0,0.0,0.0,999.0
3064,2026-07-03,19.7,19.7,19.7,19.7,1000.0,19.7,19.7,19.7,19.7,1,19700.0,0.0,0.0,0.0,0.0,999.0
3064,2026-07-06,20.3,20.3,20.0,20.0,31000.0,20.3,20.3,20.0,20.0,31,620500.0,0.0,0.0,0.0,0.0,999.0
3064,2026-07-07,19.5,19.5,19.5,19.5,1000.0,19.5,19.5,19.5,19.5,1,19500.0,0.0,0.0,0.0,0.0,999.0
3064,2026-07-09,19.2,19.2,19.2,19.2,1000.0,19.2,19.2,19.2,19.2,1,19200.0,0.0,0.0,0.0,0.0,999.0
3064,2026-07-17,18.0,18.0,17.9,17.9,4000.0,18.0,18.0,17.9,17.9,4,71700.0,0.0,0.0,0.0,0.0,999.0
3064,2026-07-20,18.0,18.0,18.0,18.0,23000.0,18.0,18.0,18.0,18.0,23,414000.0,0.0,0.0,0.0,0.0,999.0
3064,2026-07-22,18.0,18.0,18.0,18.0,5000.0,18.0,18.0,18.0,18.0,5,90000.0,0.0,0.0,0.0,0.0,999.0
3064,2026-08-04,16.95,19.6,16.95,19.6,2000.0,16.95,19.6,16.95,19.6,2,36550.0,0.0,0.0,0.0,0.0,999.0
3122,2026-05-25,36.25,36.8,35.75,35.8,729000.0,36.25,36.8,35.75,35.8,729,26481150.0,0.0,0.0,0.0,0.0,999.0
3122,2026-05-26,36.0,36.0,33.85,34.5,664000.0,36.0,36.0,33.85,34.5,664,22786950.0,0.0,0.0,0.0,0.0,999.0
3122,2026-05-27,34.7,35.6,33.2,33.35,444000.0,34.7,35.6,33.2,33.35,444,15034400.0,0.0,0.0,0.0,0.0,999.0
3122,2026-05-28,33.15,34.15,32.5,32.5,561000.0,33.15,34.15,32.5,32.5,561,18620950.0,0.0,0.0,0.0,0.0,999.0
3122,2026-05-29,32.9,33.0,32.0,32.75,339000.0,32.9,33.0,32.0,32.75,339,11101550.0,0.0,0.0,0.0,0.0,999.0
3122,2026-06-01,32.75,32.75,31.6,31.8,503000.0,32.75,32.75,31.6,31.8,503,16053200.0,0.0,0.0,0.0,0.0,999.0
3122,2026-06-02,31.8,32.3,30.8,31.85,559000.0,31.8,32.3,30.8,31.85,559,17572250.0,0.0,0.0,0.0,0.0,999.0
3122,2026-06-03,31.85,32.75,31.5,31.8,308000.0,31.85,32.75,31.5,31.8,308,9852350.0,0.0,0.0,0.0,0.0,999.0
3122,2026-06-04,31.8,31.8,30.85,31.15,276000.0,31.8,31.8,30.85,31.15,276,8587250.0,0.0,0.0,0.0,0.0,999.0
3122,2026-06-05,31.15,31.35,30.25,30.4,296000.0,31.15,31.35,30.25,30.4,296,9081700.0,0.0,0.0,0.0,0.0,999.0
3122,2026-06-08,27.4,29.15,27.4,28.85,308000.0,27.4,29.15,27.4,28.85,308,8667550.0,0.0,0.0,0.0,0.0,999.0
3122,2026-06-09,30.0,30.0,28.8,29.45,174000.0,30.0,30.0,28.8,29.45,174,5107450.0,0.0,0.0,0.0,0.0,999.0
3122,2026-06-10,29.0,29.65,27.95,27.95,373000.0,29.0,29.65,27.95,27.95,373,10790750.0,0.0,0.0,0.0,0.0,999.0
3122,2026-06-11,27.95,30.0,27.95,29.25,234000.0,27.95,30.0,27.95,29.25,234,6810850.0,0.0,0.0,0.0,0.0,999.0
3122,2026-06-12,29.4,30.45,29.4,29.55,188000.0,29.4,30.45,29.4,29.55,188,5627050.0,0.0,0.0,0.0,0.0,999.0
3122,2026-06-15,29.7,32.4,29.7,31.6,350000.0,29.7,32.4,29.7,31.6,350,11090750.0,0.0,0.0,0.0,0.0,999.0
3122,2026-06-16,31.9,31.9,30.4,30.9,265000.0,31.9,31.9,30.4,30.9,265,8198750.0,0.0,0.0,0.0,0.0,999.0
3122,2026-06-17,30.9,30.9,30.35,30.6,129000.0,30.9,30.9,30.35,30.6,129,3947600.0,0.0,0.0,0.0,0.0,999.0
3122,2026-06-18,31.0,32.3,30.6,31.05,267000.0,31.0,32.3,30.6,31.05,267,8316650.0,0.0,0.0,0.0,0.0,999.0
3122,2026-06-22,31.3,32.5,31.25,31.85,375000.0,31.3,32.5,31.25,31.85,375,11981600.0,0.0,0.0,0.0,0.0,999.0
3122,2026-06-23,32.55,32.55,31.2,31.75,253000.0,32.55,32.55,31.2,31.75,253,8030700.0,0.0,0.0,0.0,0.0,999.0
3122,2026-06-24,31.0,34.9,30.5,34.9,836000.0,31.0,34.9,30.5,34.9,836,28147150.0,0.0,0.0,0.0,0.0,999.0
3122,2026-06-25,35.1,35.1,32.55,32.6,969000.0,35.1,35.1,32.55,32.6,969,32689250.0,0.0,0.0,0.0,0.0,999.0
3122,2026-06-26,32.5,32.5,30.3,30.3,351000.0,32.5,32.5,30.3,30.3,351,10964500.0,0.0,0.0,0.0,0.0,999.0
3122,2026-06-29,30.4,31.75,30.0,30.65,194000.0,30.4,31.75,30.0,30.65,194,5996950.0,0.0,0.0,0.0,0.0,999.0
3122,2026-06-30,30.3,31.1,30.3,30.7,105000.0,30.3,31.1,30.3,30.7,105,3229950.0,0.0,0.0,0.0,0.0,999.0
3122,2026-07-01,30.7,31.5,30.2,30.55,154000.0,30.7,31.5,30.2,30.55,154,4697000.0,0.0,0.0,0.0,0.0,999.0
3122,2026-07-02,30.5,32.05,30.1,31.5,296000.0,30.5,32.05,30.1,31.5,296,9252500.0,0.0,0.0,0.0,0.0,999.0
3122,2026-07-03,32.25,33.1,31.75,32.0,362000.0,32.25,33.1,31.75,32.0,362,11713950.0,0.0,0.0,0.0,0.0,999.0
3122,2026-07-06,31.95,32.95,31.2,31.4,245000.0,31.95,32.95,31.2,31.4,245,7779850.0,0.0,0.0,0.0,0.0,999.0
3122,2026-07-07,31.2,31.65,30.4,30.4,196000.0,31.2,31.65,30.4,30.4,196,6057500.0,0.0,0.0,0.0,0.0,999.0
3122,2026-07-08,30.0,30.75,29.85,30.15,96000.0,30.0,30.75,29.85,30.15,96,2901100.0,0.0,0.0,0.0,0.0,999.0
3122,2026-07-09,30.0,31.25,30.0,30.15,126000.0,30.0,31.25,30.0,30.15,126,3846700.0,0.0,0.0,0.0,0.0,999.0
3122,2026-07-13,30.15,30.15,28.9,29.5,199000.0,30.15,30.15,28.9,29.5,199,5820900.0,0.0,0.0,0.0,0.0,999.0
3122,2026-07-14,29.35,29.4,27.55,28.4,182000.0,29.35,29.4,27.55,28.4,182,5157400.0,0.0,0.0,0.0,0.0,999.0
3122,2026-07-15,28.4,29.1,28.4,28.65,75000.0,28.4,29.1,28.4,28.65,75,2155650.0,0.0,0.0,0.0,0.0,999.0
3122,2026-07-16,28.5,28.55,27.7,27.95,100000.0,28.5,28.55,27.7,27.95,100,2801900.0,0.0,0.0,0.0,0.0,999.0
3122,2026-07-17,28.0,28.0,26.05,26.05,195000.0,28.0,28.0,26.05,26.05,195,5187000.0,0.0,0.0,0.0,0.0,999.0
3122,2026-07-20,27.0,27.0,25.0,25.65,89000.0,27.0,27.0,25.0,25.65,89,2280100.0,0.0,0.0,0.0,0.0,999.0
3122,2026-07-21,25.65,26.95,25.5,26.0,85000.0,25.65,26.95,25.5,26.0,85,2216250.0,0.0,0.0,0.0,0.0,999.0
3122,2026-07-22,26.6,28.2,26.45,26.45,86000.0,26.6,28.2,26.45,26.45,86,2296650.0,0.0,0.0,0.0,0.0,999.0
3122,2026-07-23,26.55,26.55,25.7,25.8,60000.0,26.55,26.55,25.7,25.8,60,1557550.0,0.0,0.0,0.0,0.0,999.0
3122,2026-07-24,25.25,25.95,25.25,25.55,91000.0,25.25,25.95,25.25,25.55,91,2312200.0,0.0,0.0,0.0,0.0,999.0
3122,2026-07-27,25.3,25.6,24.8,25.25,92000.0,25.3,25.6,24.8,25.25,92,2309450.0,0.0,0.0,0.0,0.0,999.0
3122,2026-07-28,24.8,24.8,24.0,24.0,121000.0,24.8,24.8,24.0,24.0,121,2945100.0,0.0,0.0,0.0,0.0,999.0
3122,2026-07-29,23.85,23.85,22.0,23.0,184000.0,23.85,23.85,22.0,23.0,184,4165700.0,0.0,0.0,0.0,0.0,999.0
3122,2026-07-30,22.35,22.8,21.95,22.7,124000.0,22.35,22.8,21.95,22.7,124,2795800.0,0.0,0.0,0.0,0.0,999.0
3122,2026-07-31,23.0,24.05,23.0,23.95,192000.0,23.0,24.05,23.0,23.95,192,4572350.0,0.0,0.0,0.0,0.0,999.0
3122,2026-08-03,24.65,24.65,24.1,24.55,35000.0,24.65,24.65,24.1,24.55,35,853450.0,0.0,0.0,0.0,0.0,999.0
3122,2026-08-04,24.55,25.4,24.55,25.2,45000.0,24.55,25.4,24.55,25.2,45,1122650.0,0.0,0.0,0.0,0.0,999.0
3122,2026-08-05,25.35,26.1,25.35,25.6,93000.0,25.35,26.1,25.35,25.6,93,2399300.0,0.0,0.0,0.0,0.0,999.0
3122,2026-08-06,25.0,25.65,25.0,25.5,35000.0,25.0,25.65,25.0,25.5,35,890000.0,0.0,0.0,0.0,0.0,999.0
3122,2026-08-07,25.05,26.7,25.0,25.0,91000.0,25.05,26.7,25.0,25.0,91,2344150.0,0.0,0.0,0.0,0.0,999.0
3122,2026-08-10,24.05,25.55,24.05,25.3,34000.0,24.05,25.55,24.05,25.3,34,856800.0,0.0,0.0,0.0,0.0,999.0
3122,2026-08-11,25.55,26.0,25.55,25.95,118000.0,25.55,26.0,25.55,25.95,118,3060850.0,0.0,0.0,0.0,0.0,999.0
3122,2026-08-12,25.8,26.2,25.8,26.1,32000.0,25.8,26.2,25.8,26.1,32,834450.0,0.0,0.0,0.0,0.0,999.0
3122,2026-08-13,26.2,26.6,26.05,26.1,83000.0,26.2,26.6,26.05,26.1,83,2178900.0,0.0,0.0,0.0,0.0,999.0
3122,2026-08-14,25.95,26.5,25.6,26.0,68000.0,25.95,26.5,25.6,26.0,68,1754850.0,0.0,0.0,0.0,0.0,999.0
3122,2026-08-17,25.7,25.7,25.2,25.45,58000.0,25.7,25.7,25.2,25.45,58,1473500.0,0.0,0.0,0.0,0.0,999.0
3122,2026-08-18,25.45,25.45,25.2,25.4,73000.0,25.45,25.45,25.2,25.4,73,1848450.0,0.0,0.0,0.0,0.0,999.0
3122,2026-08-19,25.4,25.4,25.15,25.25,43000.0,25.4,25.4,25.15,25.25,43,1088400.0,0.0,0.0,0.0,0.0,999.0
3207,2026-05-25,57.0,62.2,57.0,60.7,1513000.0,57.0,62.2,57.0,60.7,1513,91579400.0,0.0,0.0,0.0,0.0,999.0
3207,2026-05-26,62.1,64.7,61.8,63.0,1431000.0,62.1,64.7,61.8,63.0,1431,90060900.0,0.0,0.0,0.0,0.0,999.0
3207,2026-05-27,63.7,66.5,63.6,64.7,1422000.0,63.7,66.5,63.6,64.7,1422,92964300.0,0.0,0.0,0.0,0.0,999.0
3207,2026-05-28,64.6,65.5,63.5,65.0,891000.0,64.6,65.5,63.5,65.0,891,57526200.0,0.0,0.0,0.0,0.0,999.0
3207,2026-05-29,65.0,66.7,64.9,65.1,601000.0,65.0,66.7,64.9,65.1,601,39412800.0,0.0,0.0,0.0,0.0,999.0
3207,2026-06-01,65.1,67.9,64.6,67.9,745000.0,65.1,67.9,64.6,67.9,745,49558600.0,0.0,0.0,0.0,0.0,999.0
3207,2026-06-02,68.0,74.5,67.5,71.7,2139000.0,68.0,74.5,67.5,71.7,2139,153332500.0,0.0,0.0,0.0,0.0,999.0
3207,2026-06-03,73.1,73.5,69.5,70.3,1877000.0,73.1,73.5,69.5,70.3,1877,134770300.0,0.0,0.0,0.0,0.0,999.0
3207,2026-06-04,70.3,70.6,68.0,68.5,1051000.0,70.3,70.6,68.0,68.5,1051,72633800.0,0.0,0.0,0.0,0.0,999.0
3207,2026-06-05,69.4,72.3,65.0,69.7,3308000.0,69.4,72.3,65.0,69.7,3308,231028600.0,0.0,0.0,0.0,0.0,999.0
3207,2026-06-08,63.5,68.8,63.5,66.6,1380000.0,63.5,68.8,63.5,66.6,1380,91294100.0,0.0,0.0,0.0,0.0,999.0
3207,2026-06-09,68.0,69.2,64.8,65.4,931000.0,68.0,69.2,64.8,65.4,931,62245300.0,0.0,0.0,0.0,0.0,999.0
3207,2026-06-10,65.4,69.1,64.9,66.2,1296000.0,65.4,69.1,64.9,66.2,1296,86905500.0,0.0,0.0,0.0,0.0,999.0
3207,2026-06-11,65.2,68.0,64.0,66.5,1778000.0,65.2,68.0,64.0,66.5,1778,119418600.0,0.0,0.0,0.0,0.0,999.0
3207,2026-06-12,66.6,71.0,66.6,67.9,2056000.0,66.6,71.0,66.6,67.9,2056,141202300.0,0.0,0.0,0.0,0.0,999.0
3207,2026-06-15,68.0,71.3,67.7,67.7,1948000.0,68.0,71.3,67.7,67.7,1948,135027200.0,0.0,0.0,0.0,0.0,999.0
3207,2026-06-16,69.2,71.4,65.5,67.0,2230000.0,69.2,71.4,65.5,67.0,2230,152652500.0,0.0,0.0,0.0,0.0,999.0
3207,2026-06-17,67.4,69.5,66.6,67.8,2105000.0,67.4,69.5,66.6,67.8,2105,143967000.0,0.0,0.0,0.0,0.0,999.0
3207,2026-06-18,67.4,71.3,67.4,68.4,2251000.0,67.4,71.3,67.4,68.4,2251,155059200.0,0.0,0.0,0.0,0.0,999.0
3207,2026-06-22,69.5,70.6,67.2,67.3,1294000.0,69.5,70.6,67.2,67.3,1294,88812900.0,0.0,0.0,0.0,0.0,999.0
3207,2026-06-23,67.5,68.4,64.2,67.7,922000.0,67.5,68.4,64.2,67.7,922,61234800.0,0.0,0.0,0.0,0.0,999.0
3207,2026-06-24,66.2,70.3,65.7,70.1,3210000.0,66.2,70.3,65.7,70.1,3210,221635100.0,0.0,0.0,0.0,0.0,999.0
3207,2026-06-25,70.5,72.2,67.1,67.3,2683000.0,70.5,72.2,67.1,67.3,2683,188661700.0,0.0,0.0,0.0,0.0,999.0
3207,2026-06-26,68.0,68.0,64.0,64.0,1399000.0,68.0,68.0,64.0,64.0,1399,92327800.0,0.0,0.0,0.0,0.0,999.0
3207,2026-06-29,63.3,66.0,63.1,65.5,1124000.0,63.3,66.0,63.1,65.5,1124,72853500.0,0.0,0.0,0.0,0.0,999.0
3207,2026-06-30,65.5,66.8,65.3,65.5,487000.0,65.5,66.8,65.3,65.5,487,32088000.0,0.0,0.0,0.0,0.0,999.0
3207,2026-07-01,66.8,66.8,63.3,63.3,372000.0,66.8,66.8,63.3,63.3,372,24123000.0,0.0,0.0,0.0,0.0,999.0
3207,2026-07-02,63.2,64.0,62.9,63.5,350000.0,63.2,64.0,62.9,63.5,350,22215000.0,0.0,0.0,0.0,0.0,999.0
3207,2026-07-03,63.7,66.0,63.2,64.9,289000.0,63.7,66.0,63.2,64.9,289,18689700.0,0.0,0.0,0.0,0.0,999.0
3207,2026-07-06,65.5,65.6,63.7,63.7,285000.0,65.5,65.6,63.7,63.7,285,18383300.0,0.0,0.0,0.0,0.0,999.0
3207,2026-07-07,64.5,64.5,62.8,63.0,445000.0,64.5,64.5,62.8,63.0,445,28214000.0,0.0,0.0,0.0,0.0,999.0
3207,2026-07-08,63.6,63.7,61.4,61.5,341000.0,63.6,63.7,61.4,61.5,341,21220900.0,0.0,0.0,0.0,0.0,999.0
3207,2026-07-09,61.7,63.3,61.4,61.8,203000.0,61.7,63.3,61.4,61.8,203,12657200.0,0.0,0.0,0.0,0.0,999.0
3207,2026-07-13,63.2,63.2,60.5,60.5,223000.0,63.2,63.2,60.5,60.5,223,13677200.0,0.0,0.0,0.0,0.0,999.0
3207,2026-07-14,60.0,60.0,57.1,58.3,308000.0,60.0,60.0,57.1,58.3,308,17851600.0,0.0,0.0,0.0,0.0,999.0
3207,2026-07-15,58.3,59.0,58.2,58.5,93000.0,58.3,59.0,58.2,58.5,93,5441600.0,0.0,0.0,0.0,0.0,999.0
3207,2026-07-16,58.2,58.4,57.0,57.1,216000.0,58.2,58.4,57.0,57.1,216,12422900.0,0.0,0.0,0.0,0.0,999.0
3207,2026-07-17,56.9,56.9,51.7,51.8,345000.0,56.9,56.9,51.7,51.8,345,18552800.0,0.0,0.0,0.0,0.0,999.0
3207,2026-07-20,49.05,50.2,47.15,48.0,599000.0,49.05,50.2,47.15,48.0,599,28992450.0,0.0,0.0,0.0,0.0,999.0
3207,2026-07-21,48.15,48.65,46.5,46.85,391000.0,48.15,48.65,46.5,46.85,391,18426850.0,0.0,0.0,0.0,0.0,999.0
3207,2026-07-22,49.4,49.4,46.7,47.6,207000.0,49.4,49.4,46.7,47.6,207,9922900.0,0.0,0.0,0.0,0.0,999.0
3207,2026-07-23,48.8,48.8,46.85,47.6,155000.0,48.8,48.8,46.85,47.6,155,7372400.0,0.0,0.0,0.0,0.0,999.0
3207,2026-07-24,47.6,48.4,46.05,46.45,251000.0,47.6,48.4,46.05,46.45,251,11785250.0,0.0,0.0,0.0,0.0,999.0
3207,2026-07-27,46.45,46.45,42.35,44.0,549000.0,46.45,46.45,42.35,44.0,549,24082450.0,0.0,0.0,0.0,0.0,999.0
3207,2026-07-28,42.2,42.9,40.65,42.9,639000.0,42.2,42.9,40.65,42.9,639,26586700.0,0.0,0.0,0.0,0.0,999.0
3207,2026-07-29,42.95,42.95,39.5,39.8,703000.0,42.95,42.95,39.5,39.8,703,28370900.0,0.0,0.0,0.0,0.0,999.0
3207,2026-07-30,38.8,39.0,37.55,38.35,522000.0,38.8,39.0,37.55,38.35,522,19946800.0,0.0,0.0,0.0,0.0,999.0
3207,2026-07-31,41.0,41.0,39.5,39.7,163000.0,41.0,41.0,39.5,39.7,163,6506950.0,0.0,0.0,0.0,0.0,999.0
3207,2026-08-03,39.9,41.0,39.15,40.25,196000.0,39.9,41.0,39.15,40.25,196,7879900.0,0.0,0.0,0.0,0.0,999.0
3207,2026-08-04,40.5,41.6,40.05,41.35,168000.0,40.5,41.6,40.05,41.35,168,6898150.0,0.0,0.0,0.0,0.0,999.0
3207,2026-08-05,42.0,42.0,41.2,41.45,162000.0,42.0,42.0,41.2,41.45,162,6718250.0,0.0,0.0,0.0,0.0,999.0
3207,2026-08-06,40.45,42.25,40.45,41.6,182000.0,40.45,42.25,40.45,41.6,182,7529250.0,0.0,0.0,0.0,0.0,999.0
3207,2026-08-07,41.6,42.35,41.2,41.4,183000.0,41.6,42.35,41.2,41.4,183,7636200.0,0.0,0.0,0.0,0.0,999.0
3207,2026-08-10,41.15,42.45,41.15,42.4,172000.0,41.15,42.45,41.15,42.4,172,7261400.0,0.0,0.0,0.0,0.0,999.0
3207,2026-08-11,42.4,44.45,42.2,44.0,199000.0,42.4,44.45,42.2,44.0,199,8602850.0,0.0,0.0,0.0,0.0,999.0
3207,2026-08-12,43.1,44.2,42.8,43.0,111000.0,43.1,44.2,42.8,43.0,111,4811900.0,0.0,0.0,0.0,0.0,999.0
3207,2026-08-13,43.05,43.15,41.7,41.8,170000.0,43.05,43.15,41.7,41.8,170,7160550.0,0.0,0.0,0.0,0.0,999.0
3207,2026-08-14,41.8,45.0,40.85,42.7,573000.0,41.8,45.0,40.85,42.7,573,24817050.0,0.0,0.0,0.0,0.0,999.0
3207,2026-08-17,42.65,43.5,42.25,43.0,159000.0,42.65,43.5,42.25,43.0,159,6774550.0,0.0,0.0,0.0,0.0,999.0
3207,2026-08-18,42.3,42.6,41.9,42.0,86000.0,42.3,42.6,41.9,42.0,86,3629100.0,0.0,0.0,0.0,0.0,999.0
3207,2026-08-19,41.5,42.2,39.5,39.5,226000.0,41.5,42.2,39.5,39.5,226,9177400.0,0.0,0.0,0.0,0.0,999.0
3260,2026-05-25,421.5,421.5,405.0,407.5,17692000.0,421.5,421.5,405.0,407.5,17692,7264142000.0,0.0,0.0,0.0,0.0,999.0
3260,2026-05-26,410.5,416.0,406.5,410.0,11898000.0,410.5,416.0,406.5,410.0,11898,4895454000.0,0.0,0.0,0.0,0.0,999.0
3260,2026-05-27,430.0,437.5,410.5,412.5,19108000.0,430.0,437.5,410.5,412.5,19108,8089957500.0,0.0,0.0,0.0,0.0,999.0
3260,2026-05-28,414.5,421.0,403.0,404.5,13518000.0,414.5,421.0,403.0,404.5,13518,5578509000.0,0.0,0.0,0.0,0.0,999.0
3260,2026-05-29,413.5,420.0,411.0,415.0,12571000.0,413.5,420.0,411.0,415.0,12571,5232810500.0,0.0,0.0,0.0,0.0,999.0
3260,2026-06-01,422.0,432.5,420.5,427.0,15512000.0,422.0,432.5,420.5,427.0,15512,6618103500.0,0.0,0.0,0.0,0.0,999.0
3260,2026-06-02,434.0,469.5,430.0,469.5,58473000.0,434.0,469.5,430.0,469.5,58473,26703740500.0,0.0,0.0,0.0,0.0,999.0
3260,2026-06-03,480.5,481.0,456.5,462.0,35884000.0,480.5,481.0,456.5,462.0,35884,16817858000.0,0.0,0.0,0.0,0.0,999.0
3260,2026-06-04,457.0,476.0,451.5,458.0,22637000.0,457.0,476.0,451.5,458.0,22637,10492544000.0,0.0,0.0,0.0,0.0,999.0
3260,2026-06-05,444.5,444.5,414.5,421.5,18510000.0,444.5,444.5,414.5,421.5,18510,7896921000.0,0.0,0.0,0.0,0.0,999.0
3260,2026-06-08,379.5,404.5,379.5,403.0,14330000.0,379.5,404.5,379.5,403.0,14330,5558062500.0,0.0,0.0,0.0,0.0,999.0
3260,2026-06-09,425.0,425.0,412.0,421.0,10736000.0,425.0,425.0,412.0,421.0,10736,4494297500.0,0.0,0.0,0.0,0.0,999.0
3260,2026-06-10,412.0,420.5,390.0,390.0,11259000.0,412.0,420.5,390.0,390.0,11259,4571625000.0,0.0,0.0,0.0,0.0,999.0
3260,2026-06-11,388.0,399.5,378.0,394.5,13824000.0,388.0,399.5,378.0,394.5,13824,5393767500.0,0.0,0.0,0.0,0.0,999.0
3260,2026-06-12,416.0,422.0,405.5,405.5,11982000.0,416.0,422.0,405.5,405.5,11982,4946778000.0,0.0,0.0,0.0,0.0,999.0
3260,2026-06-15,414.5,435.0,413.0,423.0,16112000.0,414.5,435.0,413.0,423.0,16112,6867364500.0,0.0,0.0,0.0,0.0,999.0
3260,2026-06-16,430.0,434.0,417.0,417.0,13924000.0,430.0,434.0,417.0,417.0,13924,5904164000.0,0.0,0.0,0.0,0.0,999.0
3260,2026-06-17,412.0,417.0,405.5,416.0,8232000.0,412.0,417.0,405.5,416.0,8232,3391896000.0,0.0,0.0,0.0,0.0,999.0
3260,2026-06-18,420.0,425.0,412.0,423.0,12103000.0,420.0,425.0,412.0,423.0,12103,5083332000.0,0.0,0.0,0.0,0.0,999.0
3260,2026-06-22,434.0,443.0,427.5,434.0,15594000.0,434.0,443.0,427.5,434.0,15594,6794106500.0,0.0,0.0,0.0,0.0,999.0
3260,2026-06-23,436.0,436.0,410.0,412.0,13449000.0,436.0,436.0,410.0,412.0,13449,5625949500.0,0.0,0.0,0.0,0.0,999.0
3260,2026-06-24,402.0,410.0,399.0,408.5,8268000.0,402.0,410.0,399.0,408.5,8268,3345904500.0,0.0,0.0,0.0,0.0,999.0
3260,2026-06-25,421.0,423.0,407.5,409.5,9000000.0,421.0,423.0,407.5,409.5,9000,3726880000.0,0.0,0.0,0.0,0.0,999.0
3260,2026-06-26,409.5,421.0,396.0,397.5,10709000.0,409.5,421.0,396.0,397.5,10709,4358160000.0,0.0,0.0,0.0,0.0,999.0
3260,2026-06-29,399.0,406.5,394.5,404.0,5433000.0,399.0,406.5,394.5,404.0,5433,2179152500.0,0.0,0.0,0.0,0.0,999.0
3260,2026-06-30,407.5,415.0,396.0,409.0,11091000.0,407.5,415.0,396.0,409.0,11091,4515815500.0,0.0,0.0,0.0,0.0,999.0
3260,2026-07-01,411.5,412.0,392.0,398.5,14202000.0,411.5,412.0,392.0,398.5,14202,5684704000.0,0.0,0.0,0.0,0.0,999.0
3260,2026-07-02,384.0,408.0,382.5,408.0,7750000.0,384.0,408.0,382.5,408.0,7750,3074596500.0,0.0,0.0,0.0,0.0,999.0
3260,2026-07-03,404.0,411.5,403.0,411.5,5835000.0,404.0,411.5,403.0,411.5,5835,2385248500.0,0.0,0.0,0.0,0.0,999.0
3260,2026-07-06,416.0,420.0,408.0,410.5,7015000.0,416.0,420.0,408.0,410.5,7015,2908016000.0,0.0,0.0,0.0,0.0,999.0
3260,2026-07-07,417.0,418.0,404.0,404.0,8455000.0,417.0,418.0,404.0,404.0,8455,3467737000.0,0.0,0.0,0.0,0.0,999.0
3260,2026-07-08,408.0,413.0,397.0,404.0,5808000.0,408.0,413.0,397.0,404.0,5808,2346839500.0,0.0,0.0,0.0,0.0,999.0
3260,2026-07-09,408.0,418.0,405.5,410.0,7745000.0,408.0,418.0,405.5,410.0,7745,3191063000.0,0.0,0.0,0.0,0.0,999.0
3260,2026-07-13,416.5,417.0,402.0,405.0,6146000.0,416.5,417.0,402.0,405.0,6146,2513716500.0,0.0,0.0,0.0,0.0,999.0
3260,2026-07-14,406.0,409.0,389.0,403.0,7366000.0,406.0,409.0,389.0,403.0,7366,2943095500.0,0.0,0.0,0.0,0.0,999.0
3260,2026-07-15,409.0,419.5,408.0,408.0,9540000.0,409.0,419.5,408.0,408.0,9540,3931620500.0,0.0,0.0,0.0,0.0,999.0
3260,2026-07-16,403.0,403.0,396.5,400.5,4841000.0,403.0,403.0,396.5,400.5,4841,1933238000.0,0.0,0.0,0.0,0.0,999.0
3260,2026-07-17,387.5,392.0,366.0,366.5,11023000.0,387.5,392.0,366.0,366.5,11023,4176115500.0,0.0,0.0,0.0,0.0,999.0
3260,2026-07-20,368.5,371.0,334.0,348.5,8550000.0,368.5,371.0,334.0,348.5,8550,2998124000.0,0.0,0.0,0.0,0.0,999.0
3260,2026-07-21,357.0,368.5,354.0,368.5,4268000.0,357.0,368.5,354.0,368.5,4268,1542644000.0,0.0,0.0,0.0,0.0,999.0
3260,2026-07-22,379.0,389.0,378.0,379.5,6218000.0,379.0,389.0,378.0,379.5,6218,2382533500.0,0.0,0.0,0.0,0.0,999.0
3260,2026-07-23,383.0,383.0,368.0,378.5,4333000.0,383.0,383.0,368.0,378.5,4333,1621863500.0,0.0,0.0,0.0,0.0,999.0
3260,2026-07-24,378.0,398.0,375.5,383.0,10919000.0,378.0,398.0,375.5,383.0,10919,4233790000.0,0.0,0.0,0.0,0.0,999.0
3260,2026-07-27,386.0,403.0,378.5,402.0,6734000.0,386.0,403.0,378.5,402.0,6734,2627986000.0,0.0,0.0,0.0,0.0,999.0
3260,2026-07-28,379.0,383.0,368.0,369.0,10152000.0,379.0,383.0,368.0,369.0,10152,3801115000.0,0.0,0.0,0.0,0.0,999.0
3260,2026-07-29,367.0,405.0,350.0,394.0,30604000.0,367.0,405.0,350.0,394.0,30604,11435733500.0,0.0,0.0,0.0,0.0,999.0
3260,2026-07-30,394.0,408.5,376.0,378.5,21099000.0,394.0,408.5,376.0,378.5,21099,8319010500.0,0.0,0.0,0.0,0.0,999.0
3260,2026-07-31,409.0,413.5,395.0,398.5,23949000.0,409.0,413.5,395.0,398.5,23949,9691787000.0,0.0,0.0,0.0,0.0,999.0
3260,2026-08-03,391.5,402.0,384.5,391.5,13677000.0,391.5,402.0,384.5,391.5,13677,5388235000.0,0.0,0.0,0.0,0.0,999.0
3260,2026-08-04,392.5,406.0,386.5,398.5,10259000.0,392.5,406.0,386.5,398.5,10259,4064767500.0,0.0,0.0,0.0,0.0,999.0
3260,2026-08-05,409.5,412.5,396.0,396.0,13645000.0,409.5,412.5,396.0,396.0,13645,5533954000.0,0.0,0.0,0.0,0.0,999.0
3260,2026-08-06,397.5,426.5,394.0,421.0,21028000.0,397.5,426.5,394.0,421.0,21028,8714710500.0,0.0,0.0,0.0,0.0,999.0
3260,2026-08-07,427.0,437.0,413.5,416.0,19734000.0,427.0,437.0,413.5,416.0,19734,8362726500.0,0.0,0.0,0.0,0.0,999.0
3260,2026-08-10,421.0,424.0,411.0,411.0,11365000.0,421.0,424.0,411.0,411.0,11365,4730809500.0,0.0,0.0,0.0,0.0,999.0
3260,2026-08-11,409.5,409.5,400.5,405.5,7404000.0,409.5,409.5,400.5,405.5,7404,2997263000.0,0.0,0.0,0.0,0.0,999.0
3260,2026-08-12,408.5,422.0,408.5,409.5,11906000.0,408.5,422.0,408.5,409.5,11906,4925550000.0,0.0,0.0,0.0,0.0,999.0
3260,2026-08-13,416.0,419.0,409.0,409.0,7790000.0,416.0,419.0,409.0,409.0,7790,3212994500.0,0.0,0.0,0.0,0.0,999.0
3260,2026-08-14,415.5,419.0,400.0,402.0,10163000.0,415.5,419.0,400.0,402.0,10163,4170553500.0,0.0,0.0,0.0,0.0,999.0
3260,2026-08-17,404.0,404.0,397.0,400.0,4773000.0,404.0,404.0,397.0,400.0,4773,1911912500.0,0.0,0.0,0.0,0.0,999.0
3260,2026-08-18,404.0,406.0,386.0,387.0,9164000.0,404.0,406.0,386.0,387.0,9164,3594551000.0,0.0,0.0,0.0,0.0,999.0
3260,2026-08-19,377.5,395.0,375.0,395.0,6156000.0,377.5,395.0,375.0,395.0,6156,2372574500.0,0.0,0.0,0.0,0.0,999.0
3310,2026-05-25,76.8,76.9,72.4,73.2,62000.0,76.8,76.9,72.4,73.2,62,4607300.0,0.0,0.0,0.0,0.0,999.0
3310,2026-05-26,73.2,73.3,72.2,72.7,447000.0,73.2,73.3,72.2,72.7,447,32721300.0,0.0,0.0,0.0,0.0,999.0
3310,2026-05-27,72.7,77.0,72.1,76.6,1097000.0,72.7,77.0,72.1,76.6,1097,80038900.0,0.0,0.0,0.0,0.0,999.0
3310,2026-05-28,76.6,78.0,72.6,72.6,1084000.0,76.6,78.0,72.6,72.6,1084,82463100.0,0.0,0.0,0.0,0.0,999.0
3310,2026-05-29,72.7,74.5,72.3,72.3,1002000.0,72.7,74.5,72.3,72.3,1002,73662800.0,0.0,0.0,0.0,0.0,999.0
3310,2026-06-01,72.4,76.4,71.6,72.8,1123000.0,72.4,76.4,71.6,72.8,1123,81837300.0,0.0,0.0,0.0,0.0,999.0
3310,2026-06-02,72.8,73.4,71.2,71.2,1045000.0,72.8,73.4,71.2,71.2,1045,76096300.0,0.0,0.0,0.0,0.0,999.0
3310,2026-06-03,71.5,73.6,71.5,72.0,1128000.0,71.5,73.6,71.5,72.0,1128,81559600.0,0.0,0.0,0.0,0.0,999.0
3310,2026-06-04,72.0,73.5,71.9,72.1,975000.0,72.0,73.5,71.9,72.1,975,70824000.0,0.0,0.0,0.0,0.0,999.0
3310,2026-06-05,75.4,75.4,71.1,72.2,121000.0,75.4,75.4,71.1,72.2,121,8753400.0,0.0,0.0,0.0,0.0,999.0
3310,2026-06-08,65.3,72.0,65.3,69.5,131000.0,65.3,72.0,65.3,69.5,131,8886200.0,0.0,0.0,0.0,0.0,999.0
3310,2026-06-09,69.6,70.2,69.6,70.2,22000.0,69.6,70.2,69.6,70.2,22,1537800.0,0.0,0.0,0.0,0.0,999.0
3310,2026-06-10,70.1,70.1,68.0,68.4,17000.0,70.1,70.1,68.0,68.4,17,1166000.0,0.0,0.0,0.0,0.0,999.0
3310,2026-06-11,68.4,69.0,65.3,67.0,50000.0,68.4,69.0,65.3,67.0,50,3345700.0,0.0,0.0,0.0,0.0,999.0
3310,2026-06-12,66.9,68.5,66.5,67.4,17000.0,66.9,68.5,66.5,67.4,17,1141600.0,0.0,0.0,0.0,0.0,999.0
3310,2026-06-15,67.4,67.5,66.0,66.3,58000.0,67.4,67.5,66.0,66.3,58,3869400.0,0.0,0.0,0.0,0.0,999.0
3310,2026-06-16,66.1,66.1,64.1,65.7,64000.0,66.1,66.1,64.1,65.7,64,4167200.0,0.0,0.0,0.0,0.0,999.0
3310,2026-06-17,65.9,65.9,65.1,65.8,6000.0,65.9,65.9,65.1,65.8,6,393900.0,0.0,0.0,0.0,0.0,999.0
3310,2026-06-18,65.2,66.0,64.5,65.8,19000.0,65.2,66.0,64.5,65.8,19,1242000.0,0.0,0.0,0.0,0.0,999.0
3310,2026-06-22,65.3,65.3,64.1,65.3,77000.0,65.3,65.3,64.1,65.3,77,4978500.0,0.0,0.0,0.0,0.0,999.0
3310,2026-06-23,65.3,65.3,63.6,65.1,36000.0,65.3,65.3,63.6,65.1,36,2319900.0,0.0,0.0,0.0,0.0,999.0
3310,2026-06-24,65.0,65.0,64.5,64.9,5000.0,65.0,65.0,64.5,64.9,5,323800.0,0.0,0.0,0.0,0.0,999.0
3310,2026-06-25,64.4,64.9,64.1,64.9,10000.0,64.4,64.9,64.1,64.9,10,645500.0,0.0,0.0,0.0,0.0,999.0
3310,2026-06-26,63.8,64.9,63.5,64.6,13000.0,63.8,64.9,63.5,64.6,13,836600.0,0.0,0.0,0.0,0.0,999.0
3310,2026-06-29,64.6,64.6,64.6,64.6,2000.0,64.6,64.6,64.6,64.6,2,129200.0,0.0,0.0,0.0,0.0,999.0
3310,2026-06-30,64.6,65.7,63.7,65.7,14000.0,64.6,65.7,63.7,65.7,14,905900.0,0.0,0.0,0.0,0.0,999.0
3310,2026-07-01,65.7,65.9,65.7,65.9,3000.0,65.7,65.9,65.7,65.9,3,197500.0,0.0,0.0,0.0,0.0,999.0
3310,2026-07-02,65.9,66.9,65.1,66.9,14000.0,65.9,65.9,65.1,65.9,9,588500.0,0.0,0.015174506828528072,0.0,0.015174506828528072,1554.5555555555557
3310,2026-07-03,66.9,67.5,66.4,67.5,13000.0,66.9,67.5,66.4,67.5,13,870000.0,0.0,0.0,0.0,0.0,999.0
3310,2026-07-06,67.1,68.5,66.7,68.5,19000.0,67.1,68.5,66.7,68.5,19,1284300.0,0.0,0.0,0.0,0.0,999.0
3310,2026-07-07,68.0,69.0,67.7,68.5,40000.0,68.0,69.0,67.7,68.5,40,2733200.0,0.0,0.0,0.0,0.0,999.0
3310,2026-07-08,68.8,68.8,68.6,68.6,2000.0,68.8,68.8,68.6,68.6,2,137400.0,0.0,0.0,0.0,0.0,999.0
3310,2026-07-09,68.0,69.1,67.8,69.1,13000.0,68.0,69.1,67.8,69.1,13,892200.0,0.0,0.0,0.0,0.0,999.0
3310,2026-07-13,71.3,71.4,68.1,69.2,23000.0,71.3,71.4,68.1,69.2,23,1600400.0,0.0,0.0,0.0,0.0,999.0
3310,2026-07-14,67.7,68.8,67.1,68.1,17000.0,67.7,68.8,67.1,68.1,17,1154800.0,0.0,0.0,0.0,0.0,999.0
3310,2026-07-15,68.1,68.7,68.0,68.3,10000.0,68.1,68.7,68.0,68.3,10,681700.0,0.0,0.0,0.0,0.0,999.0
3310,2026-07-16,68.5,68.5,68.3,68.3,13000.0,68.5,68.5,68.3,68.3,13,889500.0,0.0,0.0,0.0,0.0,999.0
3310,2026-07-17,67.0,68.2,66.7,67.5,43000.0,67.0,68.2,66.7,67.5,43,2900200.0,0.0,0.0,0.0,0.0,999.0
3310,2026-07-20,67.5,68.3,66.5,67.8,7000.0,67.5,68.3,66.5,67.8,7,474200.0,0.0,0.0,0.0,0.0,999.0
3310,2026-07-21,67.0,67.8,66.7,67.4,12000.0,67.0,67.7,66.7,67.4,12,806300.0,0.0,0.0014771048744460016,0.0,0.0,999.0
3310,2026-07-22,68.0,68.0,68.0,68.0,1000.0,68.0,68.0,68.0,68.0,1,68000.0,0.0,0.0,0.0,0.0,999.0
3310,2026-07-23,67.3,67.5,67.0,67.5,5000.0,67.3,67.5,67.0,67.5,5,336200.0,0.0,0.0,0.0,0.0,999.0
3310,2026-07-24,66.6,67.3,66.3,67.3,7000.0,66.6,67.3,66.3,67.3,7,467800.0,0.0,0.0,0.0,0.0,999.0
3310,2026-07-27,66.6,66.6,65.4,66.0,15000.0,66.6,66.6,65.4,66.0,15,990300.0,0.0,0.0,0.0,0.0,999.0
3310,2026-07-28,64.0,65.9,63.5,65.9,18000.0,64.0,65.9,63.5,65.9,18,1162400.0,0.0,0.0,0.0,0.0,999.0
3310,2026-07-29,64.2,65.7,63.8,65.7,24000.0,64.2,65.7,63.8,65.7,24,1552500.0,0.0,0.0,0.0,0.0,999.0
3310,2026-07-30,65.7,66.4,65.6,65.6,4000.0,65.7,66.4,65.6,65.6,4,263300.0,0.0,0.0,0.0,0.0,999.0
3310,2026-07-31,65.6,66.8,65.6,66.8,11000.0,65.6,66.8,65.6,66.8,11,730200.0,0.0,0.0,0.0,0.0,999.0
3310,2026-08-03,66.6,67.4,65.7,67.2,13000.0,66.6,67.4,65.7,67.2,13,864900.0,0.0,0.0,0.0,0.0,999.0
3310,2026-08-04,67.2,67.2,67.2,67.2,4000.0,67.2,67.2,67.2,67.2,4,268800.0,0.0,0.0,0.0,0.0,999.0
3310,2026-08-05,67.0,67.0,67.0,67.0,1000.0,67.0,67.0,67.0,67.0,1,67000.0,0.0,0.0,0.0,0.0,999.0
3310,2026-08-06,67.5,68.0,66.7,68.0,17000.0,67.5,68.0,66.7,68.0,17,1148200.0,0.0,0.0,0.0,0.0,999.0
3310,2026-08-07,68.5,68.5,67.7,68.0,9000.0,68.5,68.5,67.7,68.0,9,615200.0,0.0,0.0,0.0,0.0,999.0
3310,2026-08-10,69.8,69.8,68.0,69.6,11000.0,69.8,69.8,68.0,69.6,11,761000.0,0.0,0.0,0.0,0.0,999.0
3310,2026-08-11,70.1,73.2,69.7,70.7,76000.0,70.1,73.2,69.7,70.7,76,5428300.0,0.0,0.0,0.0,0.0,999.0
3310,2026-08-12,70.3,71.0,69.1,69.1,39000.0,70.3,71.0,69.1,69.1,39,2719500.0,0.0,0.0,0.0,0.0,999.0
3310,2026-08-13,69.8,69.8,68.2,68.6,11000.0,69.8,69.8,68.2,68.6,11,755100.0,0.0,0.0,0.0,0.0,999.0
3310,2026-08-14,69.8,69.8,67.6,68.8,11000.0,69.8,69.8,67.6,68.8,11,750400.0,0.0,0.0,0.0,0.0,999.0
3310,2026-08-17,69.6,69.6,69.6,69.6,1000.0,69.6,69.6,69.6,69.6,1,69600.0,0.0,0.0,0.0,0.0,999.0
3310,2026-08-18,67.3,69.3,67.3,68.2,24000.0,67.3,69.3,67.3,68.2,24,1635600.0,0.0,0.0,0.0,0.0,999.0
3310,2026-08-19,68.5,69.5,68.5,69.5,11000.0,68.5,69.5,68.5,69.5,11,758200.0,0.0,0.0,0.0,0.0,999.0
3374,2026-05-25,255.0,267.0,246.0,258.0,17461000.0,255.0,267.0,246.0,258.0,17461,4525965500.0,0.0,0.0,0.0,0.0,999.0
3374,2026-05-26,263.5,263.5,248.0,255.5,11384000.0,263.5,263.5,248.0,255.5,11384,2895456000.0,0.0,0.0,0.0,0.0,999.0
3374,2026-05-27,259.0,262.5,248.0,250.5,11050000.0,259.0,262.5,248.0,250.5,11050,2808491500.0,0.0,0.0,0.0,0.0,999.0
3374,2026-05-28,259.5,275.5,248.5,255.0,36646000.0,259.5,275.5,248.5,255.0,36646,9713148000.0,0.0,0.0,0.0,0.0,999.0
3374,2026-05-29,264.0,269.0,257.5,259.0,17809000.0,264.0,269.0,257.5,259.0,17809,4656585000.0,0.0,0.0,0.0,0.0,999.0
3374,2026-06-01,262.0,265.0,253.0,260.5,15042000.0,262.0,265.0,253.0,260.5,15042,3876066500.0,0.0,0.0,0.0,0.0,999.0
3374,2026-06-02,261.5,262.5,246.5,254.5,11541000.0,261.5,262.5,246.5,254.5,11541,2938235500.0,0.0,0.0,0.0,0.0,999.0
3374,2026-06-03,259.5,279.5,259.0,275.5,32523000.0,259.5,279.5,259.0,275.5,32523,8916638000.0,0.0,0.0,0.0,0.0,999.0
3374,2026-06-04,270.0,270.0,250.0,254.0,17529000.0,270.0,270.0,250.0,254.0,17529,4525572000.0,0.0,0.0,0.0,0.0,999.0
3374,2026-06-05,248.0,250.5,234.0,246.5,10748000.0,248.0,250.5,234.0,246.5,10748,2616938500.0,0.0,0.0,0.0,0.0,999.0
3374,2026-06-08,222.0,235.5,222.0,233.0,7583000.0,222.0,235.5,222.0,233.0,7583,1707489500.0,0.0,0.0,0.0,0.0,999.0
3374,2026-06-09,234.5,242.0,229.0,241.0,5294000.0,234.5,242.0,229.0,241.0,5294,1249963000.0,0.0,0.0,0.0,0.0,999.0
3374,2026-06-10,236.0,240.0,224.5,224.5,5216000.0,236.0,240.0,224.5,224.5,5216,1208721500.0,0.0,0.0,0.0,0.0,999.0
3374,2026-06-11,222.0,226.0,215.5,223.0,5052000.0,222.0,226.0,215.5,223.0,5052,1118682000.0,0.0,0.0,0.0,0.0,999.0
3374,2026-06-12,233.5,237.0,230.0,233.0,3774000.0,233.5,237.0,230.0,233.0,3774,882981500.0,0.0,0.0,0.0,0.0,999.0
3374,2026-06-15,239.5,245.0,238.0,240.0,3621000.0,239.5,245.0,238.0,240.0,3621,875559000.0,0.0,0.0,0.0,0.0,999.0
3374,2026-06-16,245.5,245.5,232.5,234.5,3876000.0,245.5,245.5,232.5,234.5,3876,921155500.0,0.0,0.0,0.0,0.0,999.0
3374,2026-06-17,232.0,245.0,229.0,244.5,4237000.0,232.0,245.0,229.0,244.5,4237,1005907000.0,0.0,0.0,0.0,0.0,999.0
3374,2026-06-18,243.5,254.0,242.0,251.0,6335000.0,243.5,254.0,242.0,251.0,6335,1583886500.0,0.0,0.0,0.0,0.0,999.0
3374,2026-06-22,263.0,276.0,263.0,276.0,10681000.0,263.0,276.0,263.0,276.0,10681,2929197000.0,0.0,0.0,0.0,0.0,999.0
3374,2026-06-23,294.0,303.5,288.0,303.5,28598000.0,294.0,303.5,288.0,303.5,28598,8616965000.0,0.0,0.0,0.0,0.0,999.0
3374,2026-06-24,296.5,315.0,286.0,312.0,29626000.0,296.5,315.0,286.0,312.0,29626,8992506000.0,0.0,0.0,0.0,0.0,999.0
3374,2026-06-25,317.5,317.5,298.0,301.5,14230000.0,317.5,317.5,298.0,301.5,14230,4354888500.0,0.0,0.0,0.0,0.0,999.0
3374,2026-06-26,297.5,313.0,276.5,279.5,15647000.0,297.5,313.0,276.5,279.5,15647,4601015500.0,0.0,0.0,0.0,0.0,999.0
3374,2026-06-29,280.0,293.5,273.0,281.0,8953000.0,280.0,293.5,273.0,281.0,8953,2530593000.0,0.0,0.0,0.0,0.0,999.0
3374,2026-06-30,295.0,297.0,285.0,286.5,7438000.0,295.0,297.0,285.0,286.5,7438,2160389000.0,0.0,0.0,0.0,0.0,999.0
3374,2026-07-01,292.0,307.5,286.0,304.0,17232000.0,292.0,307.5,286.0,304.0,17232,5119899500.0,0.0,0.0,0.0,0.0,999.0
3374,2026-07-02,295.0,316.0,285.5,316.0,15322000.0,295.0,316.0,285.5,316.0,15322,4669138500.0,0.0,0.0,0.0,0.0,999.0
3374,2026-07-03,306.0,321.5,300.0,313.0,12868000.0,306.0,321.5,300.0,313.0,12868,3969940000.0,0.0,0.0,0.0,0.0,999.0
3374,2026-07-06,330.0,344.0,318.5,322.0,21034000.0,330.0,344.0,318.5,322.0,21034,7005992000.0,0.0,0.0,0.0,0.0,999.0
3374,2026-07-07,325.5,328.0,292.5,295.0,16144000.0,325.5,328.0,292.5,295.0,16144,4977012000.0,0.0,0.0,0.0,0.0,999.0
3374,2026-07-08,313.0,324.5,312.0,324.5,16578000.0,313.0,324.5,312.0,324.5,16578,5357698500.0,0.0,0.0,0.0,0.0,999.0
3374,2026-07-09,344.5,356.5,343.5,356.5,13684000.0,344.5,356.5,343.5,356.5,13684,4851776000.0,0.0,0.0,0.0,0.0,999.0
3374,2026-07-13,371.5,378.0,345.0,358.0,28028000.0,371.5,378.0,345.0,358.0,28028,10164787500.0,0.0,0.0,0.0,0.0,999.0
3374,2026-07-14,358.0,370.0,337.5,365.5,21090000.0,358.0,370.0,337.5,365.5,21090,7485070000.0,0.0,0.0,0.0,0.0,999.0
3374,2026-07-15,392.0,402.0,392.0,402.0,5943000.0,392.0,402.0,392.0,402.0,5943,2376034000.0,0.0,0.0,0.0,0.0,999.0
3374,2026-07-16,413.0,418.0,383.0,395.0,31420000.0,413.0,418.0,383.0,395.0,31420,12585596500.0,0.0,0.0,0.0,0.0,999.0
3374,2026-07-17,369.0,390.5,355.5,358.5,20475000.0,369.0,390.5,355.5,358.5,20475,7577367500.0,0.0,0.0,0.0,0.0,999.0
3374,2026-07-20,361.0,362.5,332.0,345.5,14774000.0,361.0,362.5,332.0,345.5,14774,5151442000.0,0.0,0.0,0.0,0.0,999.0
3374,2026-07-21,351.0,380.0,343.5,380.0,19090000.0,351.0,380.0,343.5,380.0,19090,6936447500.0,0.0,0.0,0.0,0.0,999.0
3374,2026-07-22,395.5,418.0,387.5,418.0,33462000.0,395.5,418.0,387.5,418.0,33462,13596898500.0,0.0,0.0,0.0,0.0,999.0
3374,2026-07-23,411.0,418.5,393.5,403.0,25253000.0,411.0,418.5,393.5,403.0,25253,10270443000.0,0.0,0.0,0.0,0.0,999.0
3374,2026-07-24,391.0,401.0,363.0,365.0,21390000.0,391.0,401.0,363.0,365.0,21390,8174782000.0,0.0,0.0,0.0,0.0,999.0
3374,2026-07-27,365.0,375.0,330.5,345.0,22241000.0,365.0,375.0,330.5,345.0,22241,7776638000.0,0.0,0.0,0.0,0.0,999.0
3374,2026-07-28,313.0,321.5,310.5,310.5,9728000.0,313.0,321.5,310.5,310.5,9728,3056950500.0,0.0,0.0,0.0,0.0,999.0
3374,2026-07-29,308.5,308.5,279.5,279.5,10366000.0,308.5,308.5,279.5,279.5,10366,2998241000.0,0.0,0.0,0.0,0.0,999.0
3374,2026-07-30,265.0,279.5,252.0,252.0,15676000.0,265.0,279.5,252.0,252.0,15676,4130666500.0,0.0,0.0,0.0,0.0,999.0
3374,2026-07-31,277.0,277.0,277.0,277.0,1990000.0,277.0,277.0,277.0,277.0,1990,551230000.0,0.0,0.0,0.0,0.0,999.0
3374,2026-08-03,290.5,304.5,287.5,304.5,4036000.0,290.5,304.5,287.5,304.5,4036,1202666000.0,0.0,0.0,0.0,0.0,999.0
3374,2026-08-04,324.0,324.0,303.0,309.5,17529000.0,324.0,324.0,303.0,309.5,17529,5499679000.0,0.0,0.0,0.0,0.0,999.0
3374,2026-08-05,324.0,340.0,310.5,313.0,19797000.0,324.0,340.0,310.5,313.0,19797,6507782000.0,0.0,0.0,0.0,0.0,999.0
3374,2026-08-06,313.0,317.5,304.0,316.0,9180000.0,313.0,317.5,304.0,316.0,9180,2860315500.0,0.0,0.0,0.0,0.0,999.0
3374,2026-08-07,310.0,330.0,301.0,306.5,11964000.0,310.0,330.0,301.0,306.5,11964,3745265000.0,0.0,0.0,0.0,0.0,999.0
3374,2026-08-10,325.5,337.0,325.5,337.0,5355000.0,325.5,337.0,325.5,337.0,5355,1795936000.0,0.0,0.0,0.0,0.0,999.0
3374,2026-08-11,341.0,351.5,324.0,334.0,19568000.0,341.0,351.5,324.0,334.0,19568,6576524500.0,0.0,0.0,0.0,0.0,999.0
3374,2026-08-12,332.0,338.0,324.0,330.0,10523000.0,332.0,338.0,324.0,330.0,10523,3489229000.0,0.0,0.0,0.0,0.0,999.0
3374,2026-08-13,333.5,341.0,324.5,325.0,13438000.0,333.5,341.0,324.5,325.0,13438,4450705500.0,0.0,0.0,0.0,0.0,999.0
3374,2026-08-14,327.5,346.5,318.0,325.0,18239000.0,327.5,346.5,318.0,325.0,18239,6072774000.0,0.0,0.0,0.0,0.0,999.0
3374,2026-08-17,299.5,301.0,292.5,292.5,13015000.0,299.5,301.0,292.5,292.5,13015,3822976000.0,0.0,0.0,0.0,0.0,999.0
3374,2026-08-18,291.0,321.5,288.0,306.5,26511000.0,291.0,321.5,288.0,306.5,26511,8194079500.0,0.0,0.0,0.0,0.0,999.0
3374,2026-08-19,296.0,306.5,294.0,299.0,11572000.0,296.0,306.5,294.0,299.0,11572,3464645500.0,0.0,0.0,0.0,0.0,999.0
3485,2026-05-25,291.5,291.5,291.5,291.5,200000.0,291.5,291.5,291.5,291.5,200,58300000.0,0.0,0.0,0.0,0.0,999.0
3485,2026-05-26,317.0,320.5,300.5,320.5,1048000.0,317.0,320.5,300.5,320.5,1048,328268000.0,0.0,0.0,0.0,0.0,999.0
3485,2026-05-27,342.5,343.5,304.0,322.0,900000.0,342.5,343.5,304.0,322.0,900,287022500.0,0.0,0.0,0.0,0.0,999.0
3485,2026-05-28,322.5,348.0,308.0,340.0,1391000.0,322.5,348.0,308.0,340.0,1391,457273500.0,0.0,0.0,0.0,0.0,999.0
3485,2026-05-29,360.0,360.0,327.0,334.0,821000.0,360.0,360.0,327.0,334.0,821,279472500.0,0.0,0.0,0.0,0.0,999.0
3485,2026-06-01,341.0,367.0,337.5,367.0,1336000.0,341.0,367.0,337.5,367.0,1336,479533000.0,0.0,0.0,0.0,0.0,999.0
3485,2026-06-02,364.0,364.0,351.0,359.0,671000.0,364.0,364.0,351.0,359.0,671,239441500.0,0.0,0.0,0.0,0.0,999.0
3485,2026-06-03,363.0,390.0,361.0,386.5,645000.0,363.0,390.0,361.0,386.5,645,243737000.0,0.0,0.0,0.0,0.0,999.0
3485,2026-06-04,366.0,388.0,366.0,368.0,467000.0,366.0,388.0,366.0,368.0,467,175040000.0,0.0,0.0,0.0,0.0,999.0
3485,2026-06-05,366.0,366.0,332.0,350.0,398000.0,366.0,366.0,332.0,350.0,398,137129000.0,0.0,0.0,0.0,0.0,999.0
3485,2026-06-08,315.0,323.5,315.0,320.0,331000.0,315.0,323.5,315.0,320.0,331,104750500.0,0.0,0.0,0.0,0.0,999.0
3485,2026-06-09,330.0,330.0,310.5,328.0,267000.0,330.0,330.0,310.5,328.0,267,85608500.0,0.0,0.0,0.0,0.0,999.0
3485,2026-06-10,325.5,325.5,295.5,295.5,287000.0,325.5,325.5,295.5,295.5,287,88483000.0,0.0,0.0,0.0,0.0,999.0
3485,2026-06-11,282.5,305.0,282.0,302.0,209000.0,282.5,305.0,282.0,302.0,209,60495500.0,0.0,0.0,0.0,0.0,999.0
3485,2026-06-12,325.0,325.0,308.0,316.0,217000.0,325.0,325.0,308.0,316.0,217,69134500.0,0.0,0.0,0.0,0.0,999.0
3485,2026-06-15,334.5,347.5,333.0,343.0,420000.0,334.5,347.5,333.0,343.0,420,143068000.0,0.0,0.0,0.0,0.0,999.0
3485,2026-06-16,330.0,332.0,310.0,316.0,530000.0,330.0,332.0,310.0,316.0,530,169473000.0,0.0,0.0,0.0,0.0,999.0
3485,2026-06-17,316.0,316.0,301.0,305.0,253000.0,316.0,316.0,301.0,305.0,253,77119000.0,0.0,0.0,0.0,0.0,999.0
3485,2026-06-18,308.0,322.0,300.0,311.0,250000.0,308.0,322.0,300.0,311.0,250,77638500.0,0.0,0.0,0.0,0.0,999.0
3485,2026-06-22,321.0,330.0,310.0,319.5,376000.0,321.0,330.0,310.0,319.5,376,119674500.0,0.0,0.0,0.0,0.0,999.0
3485,2026-06-23,315.0,319.5,295.0,297.5,489000.0,315.0,319.5,295.0,297.5,489,148017000.0,0.0,0.0,0.0,0.0,999.0
3485,2026-06-24,288.0,297.5,285.0,292.0,206000.0,288.0,297.5,285.0,292.0,206,59885500.0,0.0,0.0,0.0,0.0,999.0
3485,2026-06-25,294.0,295.5,283.0,285.0,303000.0,294.0,295.5,283.0,285.0,303,87043000.0,0.0,0.0,0.0,0.0,999.0
3485,2026-06-26,285.0,294.0,268.0,268.0,354000.0,285.0,294.0,268.0,268.0,354,97936000.0,0.0,0.0,0.0,0.0,999.0
3485,2026-06-29,267.0,281.0,257.0,267.0,185000.0,267.0,281.0,257.0,267.0,185,49772500.0,0.0,0.0,0.0,0.0,999.0
3485,2026-06-30,275.5,293.5,273.0,293.5,173000.0,275.5,293.5,273.0,293.5,173,49944500.0,0.0,0.0,0.0,0.0,999.0
3485,2026-07-01,307.0,315.0,299.0,301.0,492000.0,307.0,315.0,299.0,301.0,492,150800500.0,0.0,0.0,0.0,0.0,999.0
3485,2026-07-02,294.0,331.0,292.5,331.0,781000.0,294.0,331.0,292.5,331.0,781,254322500.0,0.0,0.0,0.0,0.0,999.0
3485,2026-07-03,338.5,346.5,319.0,320.0,1672000.0,338.5,346.5,319.0,320.0,1672,551462000.0,0.0,0.0,0.0,0.0,999.0
3485,2026-07-06,321.0,339.0,305.0,311.5,534000.0,321.0,339.0,305.0,311.5,534,170635500.0,0.0,0.0,0.0,0.0,999.0
3485,2026-07-07,312.5,315.0,280.5,284.0,557000.0,312.5,315.0,280.5,284.0,557,163342500.0,0.0,0.0,0.0,0.0,999.0
3485,2026-07-08,284.0,297.5,280.0,288.0,316000.0,284.0,297.5,280.0,288.0,316,91118500.0,0.0,0.0,0.0,0.0,999.0
3485,2026-07-09,289.0,297.5,286.0,286.0,144000.0,289.0,297.5,286.0,286.0,144,41782500.0,0.0,0.0,0.0,0.0,999.0
3485,2026-07-13,291.5,294.0,274.5,278.0,214000.0,291.5,294.0,274.5,278.0,214,60350500.0,0.0,0.0,0.0,0.0,999.0
3485,2026-07-14,273.0,281.0,251.0,263.0,352000.0,273.0,281.0,251.0,263.0,352,92059000.0,0.0,0.0,0.0,0.0,999.0
3485,2026-07-15,265.0,273.0,263.0,267.0,133000.0,265.0,273.0,263.0,267.0,133,35550500.0,0.0,0.0,0.0,0.0,999.0
3485,2026-07-16,264.0,267.0,257.5,261.0,103000.0,264.0,267.0,257.5,261.0,103,27047000.0,0.0,0.0,0.0,0.0,999.0
3485,2026-07-17,250.5,254.0,236.0,238.5,254000.0,250.5,254.0,236.0,238.5,254,61999000.0,0.0,0.0,0.0,0.0,999.0
3485,2026-07-20,240.0,240.0,215.0,224.0,260000.0,240.0,240.0,215.0,224.0,260,58228000.0,0.0,0.0,0.0,0.0,999.0
3485,2026-07-21,229.5,233.5,224.0,225.5,112000.0,229.5,233.5,224.0,225.5,112,25402000.0,0.0,0.0,0.0,0.0,999.0
3485,2026-07-22,244.0,248.0,237.0,247.0,233000.0,244.0,248.0,237.0,247.0,233,57192000.0,0.0,0.0,0.0,0.0,999.0
3485,2026-07-23,248.0,249.0,233.5,240.0,147000.0,248.0,249.0,233.5,240.0,147,35353000.0,0.0,0.0,0.0,0.0,999.0
3485,2026-07-24,234.0,236.5,226.5,226.5,70000.0,234.0,236.5,226.5,226.5,70,16073500.0,0.0,0.0,0.0,0.0,999.0
3485,2026-07-27,220.5,224.5,215.0,222.5,102000.0,220.5,224.5,215.0,222.5,102,22406000.0,0.0,0.0,0.0,0.0,999.0
3485,2026-07-28,215.0,215.0,206.5,207.0,132000.0,215.0,215.0,206.5,207.0,132,27647000.0,0.0,0.0,0.0,0.0,999.0
3485,2026-07-29,207.0,208.0,186.5,192.0,249000.0,207.0,208.0,186.5,192.0,249,48056500.0,0.0,0.0,0.0,0.0,999.0
3485,2026-07-30,180.5,192.0,174.5,175.0,190000.0,180.5,192.0,174.5,175.0,190,34580000.0,0.0,0.0,0.0,0.0,999.0
3485,2026-07-31,186.0,192.5,186.0,192.5,37000.0,186.0,192.5,186.0,192.5,37,7095000.0,0.0,0.0,0.0,0.0,999.0
3485,2026-08-03,190.5,211.5,187.0,201.0,174000.0,190.5,211.5,187.0,201.0,174,35209000.0,0.0,0.0,0.0,0.0,999.0
3485,2026-08-04,205.0,212.0,200.0,206.5,106000.0,205.0,212.0,200.0,206.5,106,21853000.0,0.0,0.0,0.0,0.0,999.0
3485,2026-08-05,212.0,222.0,208.5,208.5,214000.0,212.0,222.0,208.5,208.5,214,45544500.0,0.0,0.0,0.0,0.0,999.0
3485,2026-08-06,208.5,220.5,205.0,214.5,132000.0,208.5,220.5,205.0,214.5,132,28205000.0,0.0,0.0,0.0,0.0,999.0
3485,2026-08-07,220.0,221.5,210.5,210.5,117000.0,220.0,221.5,210.5,210.5,117,25210000.0,0.0,0.0,0.0,0.0,999.0
3485,2026-08-10,210.0,212.0,207.0,208.5,103000.0,210.0,212.0,207.0,208.5,103,21540000.0,0.0,0.0,0.0,0.0,999.0
3485,2026-08-11,209.0,210.0,203.0,205.0,98000.0,209.0,210.0,203.0,205.0,98,20249500.0,0.0,0.0,0.0,0.0,999.0
3485,2026-08-12,207.0,225.5,207.0,217.0,296000.0,209.5,225.5,209.5,217.0,296,64950000.0,0.011933174224343675,0.0,0.011933174224343675,0.0,999.0
3485,2026-08-13,218.0,227.0,214.0,214.0,150000.0,218.0,227.0,214.0,214.0,150,32952000.0,0.0,0.0,0.0,0.0,999.0
3485,2026-08-14,213.5,215.0,207.0,207.0,121000.0,213.5,215.0,207.0,207.0,121,25529000.0,0.0,0.0,0.0,0.0,999.0
3485,2026-08-17,210.0,221.0,207.0,218.5,148000.0,210.0,221.0,207.0,218.5,148,31584000.0,0.0,0.0,0.0,0.0,999.0
3485,2026-08-18,219.5,219.5,207.0,207.0,94000.0,219.5,219.5,207.0,207.0,94,19940000.0,0.0,0.0,0.0,0.0,999.0
3485,2026-08-19,202.0,209.5,201.0,202.0,61000.0,202.0,209.5,201.0,202.0,61,12444500.0,0.0,0.0,0.0,0.0,999.0
3529,2026-05-25,3700.0,3790.0,3675.0,3710.0,400000.0,3700.0,3790.0,3675.0,3710.0,400,1491690000.0,0.0,0.0,0.0,0.0,999.0
3529,2026-05-26,3800.0,3800.0,3445.0,3485.0,618000.0,3800.0,3800.0,3445.0,3485.0,618,2178105000.0,0.0,0.0,0.0,0.0,999.0
3529,2026-05-27,3480.0,3555.0,3270.0,3295.0,1340000.0,3480.0,3555.0,3270.0,3295.0,1340,4560465000.0,0.0,0.0,0.0,0.0,999.0
3529,2026-05-28,3420.0,3520.0,3370.0,3470.0,1202000.0,3420.0,3520.0,3370.0,3470.0,1202,4134670000.0,0.0,0.0,0.0,0.0,999.0
3529,2026-05-29,3540.0,3545.0,3385.0,3410.0,1170000.0,3540.0,3545.0,3385.0,3410.0,1170,4025170000.0,0.0,0.0,0.0,0.0,999.0
3529,2026-06-01,3480.0,3505.0,3215.0,3280.0,1025000.0,3480.0,3505.0,3215.0,3280.0,1025,3372705000.0,0.0,0.0,0.0,0.0,999.0
3529,2026-06-02,3345.0,3530.0,3345.0,3530.0,949000.0,3345.0,3530.0,3345.0,3530.0,949,3288560000.0,0.0,0.0,0.0,0.0,999.0
3529,2026-06-03,3580.0,3605.0,3470.0,3570.0,800000.0,3580.0,3605.0,3470.0,3570.0,800,2843540000.0,0.0,0.0,0.0,0.0,999.0
3529,2026-06-04,3510.0,3625.0,3470.0,3545.0,841000.0,3510.0,3625.0,3470.0,3545.0,841,2990245000.0,0.0,0.0,0.0,0.0,999.0
3529,2026-06-05,3500.0,3525.0,3385.0,3435.0,458000.0,3500.0,3525.0,3385.0,3435.0,458,1576900000.0,0.0,0.0,0.0,0.0,999.0
3529,2026-06-08,3095.0,3255.0,3095.0,3200.0,850000.0,3095.0,3255.0,3095.0,3200.0,850,2699980000.0,0.0,0.0,0.0,0.0,999.0
3529,2026-06-09,3255.0,3270.0,3050.0,3155.0,685000.0,3255.0,3270.0,3050.0,3155.0,685,2141095000.0,0.0,0.0,0.0,0.0,999.0
3529,2026-06-10,3145.0,3145.0,2945.0,2980.0,417000.0,3145.0,3145.0,2945.0,2980.0,417,1263145000.0,0.0,0.0,0.0,0.0,999.0
3529,2026-06-11,2945.0,3025.0,2870.0,3015.0,453000.0,2945.0,3025.0,2870.0,3015.0,453,1338330000.0,0.0,0.0,0.0,0.0,999.0
3529,2026-06-12,3120.0,3160.0,3015.0,3090.0,347000.0,3120.0,3160.0,3015.0,3090.0,347,1072090000.0,0.0,0.0,0.0,0.0,999.0
3529,2026-06-15,3210.0,3310.0,3185.0,3200.0,423000.0,3210.0,3310.0,3185.0,3200.0,423,1372810000.0,0.0,0.0,0.0,0.0,999.0
3529,2026-06-16,3315.0,3315.0,3170.0,3200.0,237000.0,3315.0,3315.0,3170.0,3200.0,237,763830000.0,0.0,0.0,0.0,0.0,999.0
3529,2026-06-17,3195.0,3235.0,3105.0,3155.0,244000.0,3195.0,3235.0,3105.0,3155.0,244,769195000.0,0.0,0.0,0.0,0.0,999.0
3529,2026-06-18,3245.0,3340.0,3190.0,3270.0,392000.0,3245.0,3340.0,3190.0,3270.0,392,1282865000.0,0.0,0.0,0.0,0.0,999.0
3529,2026-06-22,3400.0,3450.0,3150.0,3180.0,452000.0,3400.0,3450.0,3150.0,3180.0,452,1459660000.0,0.0,0.0,0.0,0.0,999.0
3529,2026-06-23,3190.0,3320.0,3180.0,3185.0,599000.0,3190.0,3320.0,3180.0,3185.0,599,1935040000.0,0.0,0.0,0.0,0.0,999.0
3529,2026-06-24,3190.0,3220.0,2980.0,3170.0,484000.0,3190.0,3220.0,2980.0,3170.0,484,1499520000.0,0.0,0.0,0.0,0.0,999.0
3529,2026-06-25,3265.0,3425.0,3185.0,3245.0,819000.0,3265.0,3425.0,3185.0,3245.0,819,2697155000.0,0.0,0.0,0.0,0.0,999.0
3529,2026-06-26,3265.0,3265.0,2925.0,2925.0,795000.0,3265.0,3265.0,2925.0,2925.0,795,2376205000.0,0.0,0.0,0.0,0.0,999.0
3529,2026-06-29,2910.0,2935.0,2835.0,2900.0,336000.0,2910.0,2935.0,2835.0,2900.0,336,972555000.0,0.0,0.0,0.0,0.0,999.0
3529,2026-06-30,2960.0,3050.0,2925.0,2925.0,425000.0,2960.0,3050.0,2925.0,2925.0,425,1258625000.0,0.0,0.0,0.0,0.0,999.0
3529,2026-07-01,3000.0,3035.0,2905.0,2950.0,327000.0,3000.0,3035.0,2905.0,2950.0,327,969685000.0,0.0,0.0,0.0,0.0,999.0
3529,2026-07-02,2865.0,3005.0,2865.0,2975.0,310000.0,2865.0,3005.0,2865.0,2975.0,310,917255000.0,0.0,0.0,0.0,0.0,999.0
3529,2026-07-03,3000.0,3085.0,2765.0,2770.0,1017000.0,3000.0,3085.0,2765.0,2770.0,1017,2904105000.0,0.0,0.0,0.0,0.0,999.0
3529,2026-07-06,2820.0,2855.0,2665.0,2805.0,939000.0,2820.0,2855.0,2665.0,2805.0,939,2583650000.0,0.0,0.0,0.0,0.0,999.0
3529,2026-07-07,2810.0,2930.0,2725.0,2740.0,736000.0,2810.0,2930.0,2725.0,2740.0,736,2088995000.0,0.0,0.0,0.0,0.0,999.0
3529,2026-07-08,2740.0,2760.0,2595.0,2680.0,567000.0,2740.0,2760.0,2595.0,2680.0,567,1509605000.0,0.0,0.0,0.0,0.0,999.0
3529,2026-07-09,2650.0,2680.0,2585.0,2605.0,988000.0,2650.0,2680.0,2585.0,2605.0,988,2585860000.0,0.0,0.0,0.0,0.0,999.0
3529,2026-07-13,2620.0,2635.0,2505.0,2550.0,845000.0,2620.0,2635.0,2505.0,2550.0,845,2157860000.0,0.0,0.0,0.0,0.0,999.0
3529,2026-07-14,2510.0,2515.0,2295.0,2415.0,1005000.0,2510.0,2515.0,2295.0,2415.0,1005,2392320000.0,0.0,0.0,0.0,0.0,999.0
3529,2026-07-15,2460.0,2590.0,2420.0,2530.0,782000.0,2460.0,2590.0,2420.0,2530.0,782,1964750000.0,0.0,0.0,0.0,0.0,999.0
3529,2026-07-16,2590.0,2595.0,2465.0,2530.0,427000.0,2590.0,2595.0,2465.0,2530.0,427,1075930000.0,0.0,0.0,0.0,0.0,999.0
3529,2026-07-17,2405.0,2460.0,2335.0,2350.0,454000.0,2405.0,2460.0,2335.0,2350.0,454,1084980000.0,0.0,0.0,0.0,0.0,999.0
3529,2026-07-20,2315.0,2350.0,2185.0,2300.0,888000.0,2315.0,2350.0,2185.0,2300.0,888,2013195000.0,0.0,0.0,0.0,0.0,999.0
3529,2026-07-21,2340.0,2390.0,2280.0,2365.0,357000.0,2340.0,2390.0,2280.0,2365.0,357,835400000.0,0.0,0.0,0.0,0.0,999.0
3529,2026-07-22,2450.0,2600.0,2430.0,2600.0,732000.0,2450.0,2600.0,2430.0,2600.0,732,1873490000.0,0.0,0.0,0.0,0.0,999.0
3529,2026-07-23,2620.0,2710.0,2480.0,2505.0,1017000.0,2620.0,2710.0,2480.0,2505.0,1017,2625865000.0,0.0,0.0,0.0,0.0,999.0
3529,2026-07-24,2475.0,2520.0,2405.0,2470.0,576000.0,2475.0,2520.0,2405.0,2470.0,576,1416515000.0,0.0,0.0,0.0,0.0,999.0
3529,2026-07-27,2500.0,2550.0,2395.0,2430.0,247000.0,2500.0,2550.0,2395.0,2430.0,247,600470000.0,0.0,0.0,0.0,0.0,999.0
3529,2026-07-28,2355.0,2355.0,2200.0,2200.0,780000.0,2355.0,2355.0,2200.0,2200.0,780,1753445000.0,0.0,0.0,0.0,0.0,999.0
3529,2026-07-29,2245.0,2275.0,1995.0,2085.0,1082000.0,2245.0,2275.0,1995.0,2085.0,1082,2243685000.0,0.0,0.0,0.0,0.0,999.0
3529,2026-07-30,2080.0,2290.0,2045.0,2290.0,970000.0,2080.0,2290.0,2045.0,2290.0,970,2171375000.0,0.0,0.0,0.0,0.0,999.0
3529,2026-07-31,2515.0,2515.0,2355.0,2475.0,2072000.0,2515.0,2515.0,2355.0,2475.0,2072,5095190000.0,0.0,0.0,0.0,0.0,999.0
3529,2026-08-03,2410.0,2435.0,2330.0,2390.0,798000.0,2410.0,2435.0,2330.0,2390.0,798,1912210000.0,0.0,0.0,0.0,0.0,999.0
3529,2026-08-04,2450.0,2620.0,2385.0,2575.0,1007000.0,2450.0,2620.0,2385.0,2575.0,1007,2577760000.0,0.0,0.0,0.0,0.0,999.0
3529,2026-08-05,2700.0,2780.0,2600.0,2630.0,1181000.0,2700.0,2780.0,2600.0,2630.0,1181,3150330000.0,0.0,0.0,0.0,0.0,999.0
3529,2026-08-06,2635.0,2770.0,2565.0,2660.0,1074000.0,2635.0,2770.0,2565.0,2660.0,1074,2886810000.0,0.0,0.0,0.0,0.0,999.0
3529,2026-08-07,2700.0,2770.0,2640.0,2725.0,784000.0,2700.0,2770.0,2640.0,2725.0,784,2135905000.0,0.0,0.0,0.0,0.0,999.0
3529,2026-08-10,2755.0,2995.0,2705.0,2835.0,1454000.0,2755.0,2995.0,2705.0,2835.0,1454,4166075000.0,0.0,0.0,0.0,0.0,999.0
3529,2026-08-11,2795.0,2820.0,2655.0,2660.0,784000.0,2795.0,2820.0,2655.0,2660.0,784,2120395000.0,0.0,0.0,0.0,0.0,999.0
3529,2026-08-12,2660.0,2705.0,2635.0,2660.0,545000.0,2660.0,2705.0,2635.0,2660.0,545,1449995000.0,0.0,0.0,0.0,0.0,999.0
3529,2026-08-13,2675.0,2800.0,2630.0,2700.0,1001000.0,2675.0,2800.0,2630.0,2700.0,1001,2706340000.0,0.0,0.0,0.0,0.0,999.0
3529,2026-08-14,2740.0,2825.0,2635.0,2655.0,953000.0,2740.0,2825.0,2635.0,2655.0,953,2604335000.0,0.0,0.0,0.0,0.0,999.0
3529,2026-08-17,2645.0,2685.0,2390.0,2390.0,1281000.0,2645.0,2685.0,2390.0,2390.0,1281,3178005000.0,0.0,0.0,0.0,0.0,999.0
3529,2026-08-18,2440.0,2500.0,2335.0,2340.0,1837000.0,2440.0,2500.0,2335.0,2340.0,1837,4421325000.0,0.0,0.0,0.0,0.0,999.0
3529,2026-08-19,2300.0,2380.0,2230.0,2260.0,1025000.0,2300.0,2380.0,2230.0,2260.0,1025,2331690000.0,0.0,0.0,0.0,0.0,999.0
3581,2026-05-25,272.5,272.5,272.5,272.5,87000.0,272.5,272.5,272.5,272.5,87,23707500.0,0.0,0.0,0.0,0.0,999.0
3581,2026-05-26,299.5,299.5,267.0,280.0,4293000.0,299.5,299.5,267.0,280.0,4293,1241639500.0,0.0,0.0,0.0,0.0,999.0
3581,2026-05-27,279.5,279.5,252.0,252.0,3058000.0,279.5,279.5,252.0,252.0,3058,788129500.0,0.0,0.0,0.0,0.0,999.0
3581,2026-05-28,244.5,254.0,236.5,240.0,1679000.0,244.5,254.0,236.5,240.0,1679,407663500.0,0.0,0.0,0.0,0.0,999.0
3581,2026-05-29,258.0,258.0,233.5,236.5,1254000.0,258.0,258.0,233.5,236.5,1254,300215000.0,0.0,0.0,0.0,0.0,999.0
3581,2026-06-01,236.5,250.0,233.5,244.0,876000.0,236.5,250.0,233.5,244.0,876,212296500.0,0.0,0.0,0.0,0.0,999.0
3581,2026-06-02,240.0,250.0,220.0,221.5,1571000.0,240.0,250.0,220.0,221.5,1571,359563000.0,0.0,0.0,0.0,0.0,999.0
3581,2026-06-03,221.5,226.0,210.0,211.0,1324000.0,221.5,226.0,210.0,211.0,1324,283308000.0,0.0,0.0,0.0,0.0,999.0
3581,2026-06-04,206.5,225.0,190.0,192.5,2656000.0,206.5,225.0,190.0,192.5,2656,545811500.0,0.0,0.0,0.0,0.0,999.0
3581,2026-06-05,186.5,188.0,173.5,173.5,1159000.0,186.5,188.0,173.5,173.5,1159,205516000.0,0.0,0.0,0.0,0.0,999.0
3581,2026-06-08,156.5,156.5,156.5,156.5,79000.0,156.5,156.5,156.5,156.5,79,12363500.0,0.0,0.0,0.0,0.0,999.0
3581,2026-06-09,141.0,141.0,141.0,141.0,209000.0,141.0,141.0,141.0,141.0,209,29469000.0,0.0,0.0,0.0,0.0,999.0
3581,2026-06-10,127.5,141.0,127.5,135.0,1204000.0,127.5,141.0,127.5,135.0,1204,159237000.0,0.0,0.0,0.0,0.0,999.0
3581,2026-06-11,127.5,144.0,121.5,143.0,1002000.0,127.5,144.0,121.5,143.0,1002,128228000.0,0.0,0.0,0.0,0.0,999.0
3581,2026-06-12,152.0,154.0,139.5,141.5,312000.0,152.0,154.0,139.5,141.5,312,45654000.0,0.0,0.0,0.0,0.0,999.0
3581,2026-06-15,146.0,146.0,133.0,141.5,251000.0,146.0,146.0,133.0,141.5,251,34820500.0,0.0,0.0,0.0,0.0,999.0
3581,2026-06-16,144.5,151.5,144.5,149.0,222000.0,144.5,151.5,144.5,149.0,222,32914000.0,0.0,0.0,0.0,0.0,999.0
3581,2026-06-17,155.0,163.5,154.5,163.5,272000.0,155.0,163.5,154.5,163.5,272,43684000.0,0.0,0.0,0.0,0.0,999.0
3581,2026-06-18,176.0,179.5,176.0,179.5,323000.0,176.0,179.5,176.0,179.5,323,57803500.0,0.0,0.0,0.0,0.0,999.0
3581,2026-06-22,185.0,187.5,178.0,178.0,414000.0,185.0,187.5,178.0,178.0,414,75304500.0,0.0,0.0,0.0,0.0,999.0
3581,2026-06-23,178.0,178.0,161.0,162.0,375000.0,178.0,178.0,161.0,162.0,375,61493000.0,0.0,0.0,0.0,0.0,999.0
3581,2026-06-24,152.5,159.0,147.5,153.0,318000.0,152.5,159.0,147.5,153.0,318,48105000.0,0.0,0.0,0.0,0.0,999.0
3581,2026-06-25,159.0,159.0,148.0,156.5,296000.0,159.0,159.0,148.0,156.5,296,45165500.0,0.0,0.0,0.0,0.0,999.0
3581,2026-06-26,145.0,149.0,141.0,141.0,1700000.0,145.0,149.0,141.0,141.0,1700,242854500.0,0.0,0.0,0.0,0.0,999.0
3581,2026-06-29,137.0,145.0,132.0,136.5,782000.0,137.0,145.0,132.0,136.5,782,107142000.0,0.0,0.0,0.0,0.0,999.0
3581,2026-06-30,137.0,149.0,136.5,141.5,856000.0,137.0,149.0,136.5,141.5,856,121937500.0,0.0,0.0,0.0,0.0,999.0
3581,2026-07-01,145.0,149.0,140.5,142.5,462000.0,145.0,149.0,140.5,142.5,462,66284500.0,0.0,0.0,0.0,0.0,999.0
3581,2026-07-02,134.5,151.5,134.5,144.5,584000.0,134.5,151.5,134.5,144.5,584,85049000.0,0.0,0.0,0.0,0.0,999.0
3581,2026-07-03,141.0,145.5,138.5,143.5,292000.0,141.0,145.5,138.5,143.5,292,41647000.0,0.0,0.0,0.0,0.0,999.0
3581,2026-07-06,141.5,148.0,140.0,140.0,419000.0,141.5,148.0,140.0,140.0,419,59908000.0,0.0,0.0,0.0,0.0,999.0
3581,2026-07-07,140.0,142.0,127.5,129.0,653000.0,140.0,142.0,127.5,129.0,653,86463500.0,0.0,0.0,0.0,0.0,999.0
3581,2026-07-08,134.0,134.0,123.0,130.0,479000.0,134.0,134.0,123.0,130.0,479,61083000.0,0.0,0.0,0.0,0.0,999.0
3581,2026-07-09,133.5,136.5,129.0,133.0,329000.0,133.5,136.5,129.0,133.0,329,43711500.0,0.0,0.0,0.0,0.0,999.0
3581,2026-07-13,142.5,142.5,127.5,134.0,543000.0,142.5,142.5,127.5,134.0,543,73898000.0,0.0,0.0,0.0,0.0,999.0
3581,2026-07-14,130.5,133.5,120.5,125.5,661000.0,130.5,133.5,120.5,125.5,661,81816000.0,0.0,0.0,0.0,0.0,999.0
3581,2026-07-15,126.0,131.0,126.0,127.5,238000.0,126.0,131.0,126.0,127.5,238,30525500.0,0.0,0.0,0.0,0.0,999.0
3581,2026-07-16,125.0,127.5,121.5,123.5,219000.0,125.0,127.5,121.5,123.5,219,27196000.0,0.0,0.0,0.0,0.0,999.0
3581,2026-07-17,115.0,122.0,111.5,115.5,579000.0,115.0,122.0,111.5,115.5,579,66589000.0,0.0,0.0,0.0,0.0,999.0
3581,2026-07-20,111.5,114.0,105.0,110.5,636000.0,111.5,114.0,105.0,110.5,636,69865500.0,0.0,0.0,0.0,0.0,999.0
3581,2026-07-21,116.5,116.5,110.5,114.5,369000.0,116.5,116.5,110.5,114.5,369,41610000.0,0.0,0.0,0.0,0.0,999.0
3581,2026-07-22,117.0,123.5,117.0,122.0,424000.0,117.0,123.5,117.0,122.0,424,51056500.0,0.0,0.0,0.0,0.0,999.0
3581,2026-07-23,126.0,126.0,117.0,118.0,273000.0,126.0,126.0,117.0,118.0,273,32755000.0,0.0,0.0,0.0,0.0,999.0
3581,2026-07-24,112.0,117.0,110.5,112.5,186000.0,112.0,117.0,110.5,112.5,186,20995500.0,0.0,0.0,0.0,0.0,999.0
3581,2026-07-27,114.0,114.0,107.0,112.0,185000.0,114.0,114.0,107.0,112.0,185,20343000.0,0.0,0.0,0.0,0.0,999.0
3581,2026-07-28,102.5,106.0,101.0,101.0,402000.0,102.5,106.0,101.0,101.0,402,41339500.0,0.0,0.0,0.0,0.0,999.0
3581,2026-07-29,102.5,103.0,90.9,93.2,757000.0,102.5,103.0,90.9,93.2,757,71421800.0,0.0,0.0,0.0,0.0,999.0
3581,2026-07-30,86.1,95.8,86.1,90.9,582000.0,86.1,95.8,86.1,90.9,582,53153400.0,0.0,0.0,0.0,0.0,999.0
3581,2026-07-31,99.0,99.3,94.3,98.4,395000.0,99.0,99.3,94.3,98.4,395,38394500.0,0.0,0.0,0.0,0.0,999.0
3581,2026-08-03,100.0,108.0,97.5,108.0,469000.0,100.0,108.0,97.5,108.0,469,49503500.0,0.0,0.0,0.0,0.0,999.0
3581,2026-08-04,106.0,113.0,102.5,111.5,1074000.0,106.0,113.0,102.5,111.5,1074,115912500.0,0.0,0.0,0.0,0.0,999.0
3581,2026-08-05,115.0,119.0,111.5,111.5,529000.0,115.0,119.0,111.5,111.5,529,60336500.0,0.0,0.0,0.0,0.0,999.0
3581,2026-08-06,110.5,122.5,107.0,122.5,528000.0,110.5,122.5,107.0,122.5,528,62130000.0,0.0,0.0,0.0,0.0,999.0
3581,2026-08-07,123.5,124.0,110.5,110.5,1176000.0,123.5,124.0,110.5,110.5,1176,135041500.0,0.0,0.0,0.0,0.0,999.0
3581,2026-08-10,110.5,116.5,109.0,114.0,561000.0,110.5,116.5,109.0,114.0,561,64014500.0,0.0,0.0,0.0,0.0,999.0
3581,2026-08-11,112.0,118.5,112.0,115.0,294000.0,112.0,118.5,112.0,115.0,294,33900000.0,0.0,0.0,0.0,0.0,999.0
3581,2026-08-12,113.0,122.0,113.0,119.0,562000.0,113.0,122.0,113.0,119.0,562,66562500.0,0.0,0.0,0.0,0.0,999.0
3581,2026-08-13,119.5,130.5,119.5,126.0,1163000.0,119.5,130.5,119.5,126.0,1163,146784000.0,0.0,0.0,0.0,0.0,999.0
3581,2026-08-14,130.0,130.0,117.5,119.0,842000.0,130.0,130.0,117.5,119.0,842,103185500.0,0.0,0.0,0.0,0.0,999.0
3581,2026-08-17,117.0,117.0,113.0,113.0,356000.0,117.0,117.0,113.0,113.0,356,40739500.0,0.0,0.0,0.0,0.0,999.0
3581,2026-08-18,113.5,114.0,105.5,106.5,524000.0,113.5,114.0,105.5,106.5,524,57040500.0,0.0,0.0,0.0,0.0,999.0
3581,2026-08-19,104.5,109.5,103.0,105.5,290000.0,104.5,109.5,103.0,105.5,290,30774500.0,0.0,0.0,0.0,0.0,999.0
3664,2026-05-25,8.25,8.27,8.24,8.24,70000.0,8.25,8.27,8.24,8.24,70,577470.0,0.0,0.0,0.0,0.0,999.0
3664,2026-05-26,7.72,8.24,7.72,8.24,21000.0,7.72,8.24,7.72,8.24,21,165400.0,0.0,0.0,0.0,0.0,999.0
3664,2026-05-27,8.24,8.24,7.62,7.67,15000.0,8.24,8.24,7.62,7.67,15,117010.0,0.0,0.0,0.0,0.0,999.0
3664,2026-05-28,7.67,7.68,7.67,7.67,45000.0,7.67,7.68,7.67,7.67,45,345270.0,0.0,0.0,0.0,0.0,999.0
3664,2026-05-29,7.67,7.67,7.6,7.6,25000.0,7.67,7.67,7.6,7.6,25,191470.0,0.0,0.0,0.0,0.0,999.0
3664,2026-06-01,8.2,8.2,7.7,7.8,64000.0,8.2,8.2,7.7,7.8,64,503300.0,0.0,0.0,0.0,0.0,999.0
3664,2026-06-02,8.3,8.3,7.75,7.75,37000.0,8.3,8.3,7.75,7.75,37,288400.0,0.0,0.0,0.0,0.0,999.0
3664,2026-06-03,7.7,7.7,7.6,7.7,27000.0,7.7,7.7,7.6,7.7,27,207400.0,0.0,0.0,0.0,0.0,999.0
3664,2026-06-04,7.05,7.68,7.05,7.68,47000.0,7.05,7.68,7.05,7.68,27,196270.0,0.0,0.0,0.0,0.0,1739.7407407407406
3664,2026-06-05,8.44,8.44,7.97,7.97,66000.0,8.44,8.44,7.97,7.97,66,528040.0,0.0,0.0,0.0,0.0,999.0
3664,2026-06-08,7.18,7.21,7.18,7.21,25000.0,7.18,7.21,7.18,7.21,25,179570.0,0.0,0.0,0.0,0.0,999.0
3664,2026-06-09,7.3,7.4,7.3,7.4,10000.0,7.3,7.4,7.3,7.4,10,73800.0,0.0,0.0,0.0,0.0,999.0
3664,2026-06-10,7.26,7.26,7.26,7.26,11000.0,7.26,7.26,7.26,7.26,11,79860.0,0.0,0.0,0.0,0.0,999.0
3664,2026-06-11,7.2,7.2,7.15,7.15,10000.0,7.2,7.2,7.15,7.15,10,71800.0,0.0,0.0,0.0,0.0,999.0
3664,2026-06-12,7.69,7.69,6.82,6.82,8000.0,7.69,7.69,6.82,6.82,8,55430.0,0.0,0.0,0.0,0.0,999.0
3664,2026-06-15,6.82,6.82,6.76,6.82,29000.0,6.82,6.82,6.76,6.82,29,197220.0,0.0,0.0,0.0,0.0,999.0
3664,2026-06-16,6.2,6.4,6.14,6.14,107000.0,6.2,6.4,6.14,6.14,107,661700.0,0.0,0.0,0.0,0.0,999.0
3664,2026-06-17,6.14,6.14,6.14,6.14,70000.0,6.14,6.14,6.14,6.14,70,429800.0,0.0,0.0,0.0,0.0,999.0
3664,2026-06-18,6.15,6.75,6.15,6.75,42000.0,6.15,6.75,6.15,6.75,42,274500.0,0.0,0.0,0.0,0.0,999.0
3664,2026-06-22,7.01,7.42,7.01,7.42,22000.0,7.01,7.42,7.01,7.42,22,162420.0,0.0,0.0,0.0,0.0,999.0
3664,2026-06-23,6.68,7.85,6.68,7.5,59000.0,6.68,7.85,6.68,7.5,59,428280.0,0.0,0.0,0.0,0.0,999.0
3664,2026-06-24,7.5,7.5,7.5,7.5,32000.0,7.5,7.5,7.5,7.5,32,240000.0,0.0,0.0,0.0,0.0,999.0
3664,2026-06-25,7.24,7.28,7.24,7.28,17000.0,7.24,7.28,7.24,7.28,17,123330.0,0.0,0.0,0.0,0.0,999.0
3664,2026-06-26,7.2,7.2,7.2,7.2,6000.0,7.2,7.2,7.2,7.2,6,43200.0,0.0,0.0,0.0,0.0,999.0
3664,2026-06-29,7.0,7.02,7.0,7.0,7000.0,7.0,7.02,7.0,7.0,7,49020.0,0.0,0.0,0.0,0.0,999.0
3664,2026-06-30,6.65,7.0,6.65,7.0,18000.0,6.65,7.0,6.65,7.0,18,123900.0,0.0,0.0,0.0,0.0,999.0
3664,2026-07-01,7.19,7.7,7.19,7.7,107000.0,7.19,7.7,7.19,7.7,107,821150.0,0.0,0.0,0.0,0.0,999.0
3664,2026-07-02,7.74,7.74,7.74,7.74,12000.0,7.74,7.74,7.74,7.74,12,92880.0,0.0,0.0,0.0,0.0,999.0
3664,2026-07-03,8.48,8.48,8.23,8.25,21000.0,8.48,8.48,8.23,8.25,21,174220.0,0.0,0.0,0.0,0.0,999.0
3664,2026-07-06,7.47,7.6,7.47,7.6,22000.0,7.47,7.6,7.47,7.6,22,166420.0,0.0,0.0,0.0,0.0,999.0
3664,2026-07-07,8.1,8.1,7.13,7.15,34000.0,8.1,8.1,7.13,7.15,34,244260.0,0.0,0.0,0.0,0.0,999.0
3664,2026-07-08,7.14,7.58,7.14,7.48,16000.0,7.14,7.58,7.14,7.48,16,116440.0,0.0,0.0,0.0,0.0,999.0
3664,2026-07-09,7.48,8.22,7.48,8.0,25000.0,7.48,8.22,7.48,8.0,25,201420.0,0.0,0.0,0.0,0.0,999.0
3664,2026-07-13,8.0,8.0,7.32,7.4,21000.0,8.0,8.0,7.32,7.4,21,160600.0,0.0,0.0,0.0,0.0,999.0
3664,2026-07-14,6.66,7.0,6.66,7.0,64000.0,6.66,7.0,6.66,7.0,64,431000.0,0.0,0.0,0.0,0.0,999.0
3664,2026-07-15,6.4,6.59,6.4,6.58,16000.0,6.4,6.59,6.4,6.58,16,102860.0,0.0,0.0,0.0,0.0,999.0
3664,2026-07-16,6.01,6.58,6.01,6.58,5000.0,6.01,6.58,6.01,6.58,5,31700.0,0.0,0.0,0.0,0.0,999.0
3664,2026-07-17,6.58,6.58,6.02,6.02,12000.0,6.58,6.58,6.02,6.02,12,72800.0,0.0,0.0,0.0,0.0,999.0
3664,2026-07-20,5.8,6.2,5.8,6.2,25000.0,5.8,6.2,5.8,6.2,25,153400.0,0.0,0.0,0.0,0.0,999.0
3664,2026-07-21,5.8,5.8,5.8,5.8,2000.0,5.8,5.8,5.8,5.8,2,11600.0,0.0,0.0,0.0,0.0,999.0
3664,2026-07-22,5.8,6.38,5.8,6.37,82000.0,5.8,6.38,5.8,6.37,82,515890.0,0.0,0.0,0.0,0.0,999.0
3664,2026-07-23,6.37,6.37,6.37,6.37,2000.0,6.37,6.37,6.37,6.37,2,12740.0,0.0,0.0,0.0,0.0,999.0
3664,2026-07-27,6.1,6.1,6.1,6.1,20000.0,6.1,6.1,6.1,6.1,20,122000.0,0.0,0.0,0.0,0.0,999.0
3664,2026-07-28,5.49,5.49,5.49,5.49,96000.0,5.49,5.49,5.49,5.49,96,527040.0,0.0,0.0,0.0,0.0,999.0
3664,2026-07-29,5.49,5.49,5.2,5.2,18000.0,5.49,5.49,5.2,5.2,18,93890.0,0.0,0.0,0.0,0.0,999.0
3664,2026-07-30,5.6,5.6,5.6,5.6,1000.0,5.6,5.6,5.6,5.6,1,5600.0,0.0,0.0,0.0,0.0,999.0
3664,2026-07-31,6.16,6.16,6.16,6.16,25000.0,6.16,6.16,6.16,6.16,25,154000.0,0.0,0.0,0.0,0.0,999.0
3664,2026-08-04,6.25,6.79,6.25,6.79,24000.0,6.25,6.79,6.25,6.79,24,157020.0,0.0,0.0,0.0,0.0,999.0
3664,2026-08-05,7.0,7.2,7.0,7.0,14000.0,7.0,7.2,7.0,7.0,14,99600.0,0.0,0.0,0.0,0.0,999.0
3664,2026-08-06,6.3,6.7,6.3,6.7,4000.0,6.3,6.7,6.3,6.7,4,25800.0,0.0,0.0,0.0,0.0,999.0
3664,2026-08-07,6.7,7.28,6.7,7.28,2000.0,6.7,7.28,6.7,7.28,2,13980.0,0.0,0.0,0.0,0.0,999.0
3664,2026-08-10,6.66,6.67,6.66,6.67,2000.0,6.66,6.67,6.66,6.67,2,13330.0,0.0,0.0,0.0,0.0,999.0
3664,2026-08-11,6.16,6.2,6.1,6.1,10000.0,6.16,6.2,6.1,6.1,10,61420.0,0.0,0.0,0.0,0.0,999.0
3664,2026-08-12,6.05,6.05,5.63,5.63,7000.0,6.05,6.05,5.63,5.63,7,40570.0,0.0,0.0,0.0,0.0,999.0
3664,2026-08-13,5.63,6.1,5.63,6.1,5000.0,5.63,6.1,5.63,6.1,5,28650.0,0.0,0.0,0.0,0.0,999.0
3664,2026-08-17,6.09,6.09,6.09,6.09,2000.0,6.09,6.09,6.09,6.09,2,12180.0,0.0,0.0,0.0,0.0,999.0
3664,2026-08-19,6.07,6.07,6.0,6.0,8000.0,6.07,6.07,6.0,6.0,8,48420.0,0.0,0.0,0.0,0.0,999.0
4107,2026-05-25,116.5,116.5,115.0,116.0,133000.0,116.5,116.5,115.0,116.0,133,15382000.0,0.0,0.0,0.0,0.0,999.0
4107,2026-05-26,115.5,115.5,114.0,115.0,169000.0,115.5,115.5,114.0,115.0,169,19362000.0,0.0,0.0,0.0,0.0,999.0
4107,2026-05-27,114.5,114.5,112.0,113.5,323000.0,114.5,114.5,112.0,113.5,323,36460000.0,0.0,0.0,0.0,0.0,999.0
4107,2026-05-28,113.5,114.5,113.5,113.5,103000.0,113.5,114.5,113.5,113.5,103,11730000.0,0.0,0.0,0.0,0.0,999.0
4107,2026-05-29,114.0,114.5,114.0,114.5,118000.0,114.0,114.5,114.0,114.5,118,13476000.0,0.0,0.0,0.0,0.0,999.0
4107,2026-06-01,114.5,114.5,114.0,114.0,68000.0,114.5,114.5,114.0,114.0,68,7764500.0,0.0,0.0,0.0,0.0,999.0
4107,2026-06-02,114.0,114.0,113.5,114.0,141000.0,114.0,114.0,113.5,114.0,141,16027000.0,0.0,0.0,0.0,0.0,999.0
4107,2026-06-03,114.5,116.0,114.5,115.0,173000.0,114.5,116.0,114.5,115.0,173,19880500.0,0.0,0.0,0.0,0.0,999.0
4107,2026-06-04,114.5,116.0,114.5,115.5,79000.0,114.5,116.0,114.5,115.5,79,9135500.0,0.0,0.0,0.0,0.0,999.0
4107,2026-06-05,116.0,117.0,115.5,116.5,81000.0,116.0,117.0,115.5,116.5,81,9402000.0,0.0,0.0,0.0,0.0,999.0
4107,2026-06-08,113.5,115.5,113.5,115.0,71000.0,113.5,115.5,113.5,115.0,71,8146500.0,0.0,0.0,0.0,0.0,999.0
4107,2026-06-09,115.5,117.0,115.5,117.0,48000.0,115.5,117.0,115.5,117.0,48,5586500.0,0.0,0.0,0.0,0.0,999.0
4107,2026-06-10,117.0,117.0,115.5,115.5,81000.0,117.0,117.0,115.5,115.5,81,9412000.0,0.0,0.0,0.0,0.0,999.0
4107,2026-06-11,116.5,117.0,116.0,117.0,46000.0,116.5,117.0,116.0,117.0,46,5353500.0,0.0,0.0,0.0,0.0,999.0
4107,2026-06-12,117.0,118.0,117.0,118.0,71000.0,117.0,118.0,117.0,118.0,71,8354000.0,0.0,0.0,0.0,0.0,999.0
4107,2026-06-15,118.5,118.5,116.5,116.5,54000.0,118.5,118.5,116.5,116.5,54,6333000.0,0.0,0.0,0.0,0.0,999.0
4107,2026-06-16,116.5,116.5,115.5,116.0,65000.0,116.5,116.5,115.5,116.0,65,7540000.0,0.0,0.0,0.0,0.0,999.0
4107,2026-06-17,116.0,117.0,115.5,116.5,111000.0,116.0,117.0,115.5,116.5,111,12907500.0,0.0,0.0,0.0,0.0,999.0
4107,2026-06-18,116.5,117.0,115.5,115.5,64000.0,116.5,117.0,115.5,115.5,64,7424500.0,0.0,0.0,0.0,0.0,999.0
4107,2026-06-22,116.0,116.0,115.5,116.0,37000.0,116.0,116.0,115.5,116.0,37,4288500.0,0.0,0.0,0.0,0.0,999.0
4107,2026-06-23,116.0,116.5,115.5,116.5,26000.0,116.0,116.5,115.5,116.5,26,3016000.0,0.0,0.0,0.0,0.0,999.0
4107,2026-06-24,116.0,116.5,116.0,116.5,35000.0,116.0,116.5,116.0,116.5,35,4067000.0,0.0,0.0,0.0,0.0,999.0
4107,2026-06-25,116.5,116.5,115.5,116.5,120000.0,116.5,116.5,115.5,116.5,120,13908500.0,0.0,0.0,0.0,0.0,999.0
4107,2026-06-26,116.0,116.0,114.5,115.0,136000.0,116.0,116.0,114.5,115.0,136,15661500.0,0.0,0.0,0.0,0.0,999.0
4107,2026-06-29,115.0,116.0,115.0,115.5,56000.0,115.0,116.0,115.0,115.5,56,6479000.0,0.0,0.0,0.0,0.0,999.0
4107,2026-06-30,115.5,115.5,115.0,115.0,61000.0,115.5,115.5,115.0,115.0,61,7029000.0,0.0,0.0,0.0,0.0,999.0
4107,2026-07-01,115.0,115.5,114.0,114.0,129000.0,115.0,115.5,114.0,114.0,129,14781000.0,0.0,0.0,0.0,0.0,999.0
4107,2026-07-02,115.0,116.0,115.0,115.5,87000.0,115.0,116.0,115.0,115.5,87,10044000.0,0.0,0.0,0.0,0.0,999.0
4107,2026-07-03,115.5,116.5,115.5,116.5,115000.0,115.5,116.5,115.5,116.5,115,13366000.0,0.0,0.0,0.0,0.0,999.0
4107,2026-07-06,117.5,118.0,116.5,117.5,90000.0,117.5,118.0,116.5,117.5,90,10548000.0,0.0,0.0,0.0,0.0,999.0
4107,2026-07-07,117.5,117.5,115.5,117.0,104000.0,117.5,117.5,115.5,117.0,104,12130000.0,0.0,0.0,0.0,0.0,999.0
4107,2026-07-08,117.5,117.5,116.0,117.0,72000.0,117.5,117.5,116.0,117.0,72,8387500.0,0.0,0.0,0.0,0.0,999.0
4107,2026-07-09,116.5,117.5,116.5,117.0,46000.0,116.5,117.5,116.5,117.0,46,5384500.0,0.0,0.0,0.0,0.0,999.0
4107,2026-07-13,117.0,120.0,117.0,120.0,148000.0,117.0,120.0,117.0,120.0,148,17567500.0,0.0,0.0,0.0,0.0,999.0
4107,2026-07-14,120.0,120.0,118.0,118.5,76000.0,120.0,120.0,118.0,118.5,76,9022500.0,0.0,0.0,0.0,0.0,999.0
4107,2026-07-15,118.5,118.5,117.5,118.0,35000.0,118.5,118.5,117.5,118.0,35,4128000.0,0.0,0.0,0.0,0.0,999.0
4107,2026-07-16,118.0,119.0,118.0,119.0,55000.0,118.0,119.0,118.0,119.0,55,6514500.0,0.0,0.0,0.0,0.0,999.0
4107,2026-07-17,118.0,118.5,117.0,117.0,93000.0,118.0,118.5,117.0,117.0,93,10924500.0,0.0,0.0,0.0,0.0,999.0
4107,2026-07-20,117.0,118.5,117.0,118.5,43000.0,117.0,118.5,117.0,118.5,43,5058500.0,0.0,0.0,0.0,0.0,999.0
4107,2026-07-21,119.0,119.5,118.5,118.5,27000.0,119.0,119.5,118.5,118.5,27,3209000.0,0.0,0.0,0.0,0.0,999.0
4107,2026-07-22,119.0,119.0,118.0,118.5,45000.0,119.0,119.0,118.0,118.5,45,5330000.0,0.0,0.0,0.0,0.0,999.0
4107,2026-07-23,119.5,119.5,118.5,119.0,38000.0,119.5,119.5,118.5,119.0,38,4522000.0,0.0,0.0,0.0,0.0,999.0
4107,2026-07-24,119.0,119.5,118.5,118.5,52000.0,119.0,119.5,118.5,118.5,52,6187500.0,0.0,0.0,0.0,0.0,999.0
4107,2026-07-27,119.0,119.5,118.5,119.5,139000.0,119.0,119.5,118.5,119.5,139,16549000.0,0.0,0.0,0.0,0.0,999.0
4107,2026-07-28,114.0,114.0,112.5,112.5,108000.0,114.0,114.0,112.5,112.5,108,12195000.0,0.0,0.0,0.0,0.0,999.0
4107,2026-07-29,112.5,112.5,110.0,110.5,137000.0,112.5,112.5,110.0,110.5,137,15175000.0,0.0,0.0,0.0,0.0,999.0
4107,2026-07-30,110.5,111.5,110.0,111.5,35000.0,110.5,111.5,110.0,111.5,35,3877500.0,0.0,0.0,0.0,0.0,999.0
4107,2026-07-31,112.5,114.0,112.5,113.5,46000.0,112.5,114.0,112.5,113.5,46,5202500.0,0.0,0.0,0.0,0.0,999.0
4107,2026-08-03,114.0,114.5,112.5,114.0,57000.0,114.0,114.5,112.5,114.0,57,6487000.0,0.0,0.0,0.0,0.0,999.0
4107,2026-08-04,114.0,114.0,114.0,114.0,20000.0,114.0,114.0,114.0,114.0,20,2280000.0,0.0,0.0,0.0,0.0,999.0
4107,2026-08-05,114.5,114.5,113.0,113.0,44000.0,114.5,114.5,113.0,113.0,44,4989000.0,0.0,0.0,0.0,0.0,999.0
4107,2026-08-06,113.0,113.0,113.0,113.0,27000.0,113.0,113.0,113.0,113.0,27,3051000.0,0.0,0.0,0.0,0.0,999.0
4107,2026-08-07,113.5,116.5,113.5,116.5,83000.0,113.5,116.5,113.5,116.5,83,9559000.0,0.0,0.0,0.0,0.0,999.0
4107,2026-08-10,117.0,117.0,114.5,115.5,43000.0,117.0,117.0,114.5,115.5,43,4955500.0,0.0,0.0,0.0,0.0,999.0
4107,2026-08-11,114.5,115.0,113.5,114.5,57000.0,114.5,115.0,113.5,114.5,57,6505000.0,0.0,0.0,0.0,0.0,999.0
4107,2026-08-12,114.0,114.5,114.0,114.5,25000.0,114.0,114.5,114.0,114.5,25,2854500.0,0.0,0.0,0.0,0.0,999.0
4107,2026-08-13,114.0,115.0,113.5,114.5,50000.0,114.0,115.0,113.5,114.5,50,5712000.0,0.0,0.0,0.0,0.0,999.0
4107,2026-08-14,115.0,115.0,113.5,114.0,53000.0,115.0,115.0,113.5,114.0,53,6056000.0,0.0,0.0,0.0,0.0,999.0
4107,2026-08-17,113.5,114.5,113.5,114.5,14000.0,113.5,114.5,113.5,114.5,14,1595000.0,0.0,0.0,0.0,0.0,999.0
4107,2026-08-18,115.0,115.0,114.0,114.0,46000.0,115.0,115.0,114.0,114.0,46,5255500.0,0.0,0.0,0.0,0.0,999.0
4107,2026-08-19,113.5,114.0,113.0,114.0,37000.0,113.5,114.0,113.0,114.0,37,4200500.0,0.0,0.0,0.0,0.0,999.0
4153,2026-05-25,31.0,31.2,30.45,30.65,22000.0,31.0,31.2,30.45,30.65,22,678900.0,0.0,0.0,0.0,0.0,999.0
4153,2026-05-26,30.2,30.9,30.15,30.6,24000.0,30.2,30.9,30.15,30.6,24,734050.0,0.0,0.0,0.0,0.0,999.0
4153,2026-05-27,30.7,31.0,30.65,30.7,38000.0,30.7,31.0,30.65,30.7,38,1166650.0,0.0,0.0,0.0,0.0,999.0
4153,2026-05-28,31.5,32.55,31.0,31.6,42000.0,31.5,32.55,31.0,31.6,42,1325650.0,0.0,0.0,0.0,0.0,999.0
4153,2026-05-29,32.9,32.9,31.6,31.7,27000.0,32.9,32.9,31.6,31.7,27,861900.0,0.0,0.0,0.0,0.0,999.0
4153,2026-06-01,32.5,32.5,31.75,31.85,84000.0,32.5,32.5,31.75,31.85,84,2688850.0,0.0,0.0,0.0,0.0,999.0
4153,2026-06-02,31.85,32.0,31.3,31.4,35000.0,31.85,32.0,31.3,31.4,35,1104900.0,0.0,0.0,0.0,0.0,999.0
4153,2026-06-03,31.15,31.75,31.0,31.25,65000.0,31.15,31.75,31.0,31.25,65,2029900.0,0.0,0.0,0.0,0.0,999.0
4153,2026-06-04,31.4,31.45,31.2,31.45,19000.0,31.4,31.45,31.2,31.45,19,596250.0,0.0,0.0,0.0,0.0,999.0
4153,2026-06-05,31.5,31.5,31.35,31.45,18000.0,31.5,31.5,31.35,31.45,18,565650.0,0.0,0.0,0.0,0.0,999.0
4153,2026-06-08,31.4,31.85,31.2,31.65,16000.0,31.4,31.85,31.2,31.65,16,505550.0,0.0,0.0,0.0,0.0,999.0
4153,2026-06-09,31.6,31.75,31.6,31.65,33000.0,31.6,31.75,31.6,31.65,33,1044950.0,0.0,0.0,0.0,0.0,999.0
4153,2026-06-10,31.5,31.85,31.5,31.65,28000.0,31.5,31.85,31.5,31.65,28,887950.0,0.0,0.0,0.0,0.0,999.0
4153,2026-06-11,32.15,32.45,31.65,32.35,45000.0,32.15,32.45,31.65,32.35,45,1444650.0,0.0,0.0,0.0,0.0,999.0
4153,2026-06-12,29.5,30.2,29.5,29.9,45000.0,29.5,30.2,29.5,29.9,45,1340200.0,0.0,0.0,0.0,0.0,999.0
4153,2026-06-15,29.55,30.0,29.55,29.75,21000.0,29.55,30.0,29.55,29.75,21,628500.0,0.0,0.0,0.0,0.0,999.0
4153,2026-06-16,29.9,30.8,29.8,29.8,18000.0,29.9,30.8,29.8,29.8,18,540500.0,0.0,0.0,0.0,0.0,999.0
4153,2026-06-17,29.8,30.65,29.8,30.0,8000.0,29.8,30.65,29.8,30.0,8,240950.0,0.0,0.0,0.0,0.0,999.0
4153,2026-06-18,30.0,30.35,29.7,30.0,10000.0,30.0,30.35,29.7,30.0,10,299150.0,0.0,0.0,0.0,0.0,999.0
4153,2026-06-22,29.8,30.5,29.6,30.1,31000.0,29.8,30.5,29.6,30.1,31,932900.0,0.0,0.0,0.0,0.0,999.0
4153,2026-06-23,29.9,30.0,29.9,29.9,17000.0,29.9,30.0,29.9,29.9,17,508950.0,0.0,0.0,0.0,0.0,999.0
4153,2026-06-24,29.0,30.05,29.0,30.05,22000.0,29.0,30.05,29.0,30.05,22,651300.0,0.0,0.0,0.0,0.0,999.0
4153,2026-06-25,30.05,30.45,29.65,30.0,22000.0,30.05,30.45,29.65,30.0,22,662650.0,0.0,0.0,0.0,0.0,999.0
4153,2026-06-26,30.2,30.2,29.85,29.85,4000.0,30.2,30.2,29.85,29.85,4,120050.0,0.0,0.0,0.0,0.0,999.0
4153,2026-06-29,29.9,29.95,29.85,29.95,6000.0,29.9,29.95,29.85,29.95,6,179450.0,0.0,0.0,0.0,0.0,999.0
4153,2026-06-30,30.85,30.85,29.9,30.0,20000.0,30.85,30.85,29.9,30.0,20,604750.0,0.0,0.0,0.0,0.0,999.0
4153,2026-07-01,30.0,30.1,29.95,30.0,14000.0,30.0,30.1,29.95,30.0,14,420000.0,0.0,0.0,0.0,0.0,999.0
4153,2026-07-02,30.95,30.95,30.0,30.15,14000.0,30.95,30.95,30.0,30.15,14,423550.0,0.0,0.0,0.0,0.0,999.0
4153,2026-07-03,30.6,30.9,30.5,30.9,22000.0,30.6,30.9,30.5,30.9,22,675800.0,0.0,0.0,0.0,0.0,999.0
4153,2026-07-06,30.9,31.45,30.05,31.3,50000.0,30.9,31.45,30.05,31.3,50,1532200.0,0.0,0.0,0.0,0.0,999.0
4153,2026-07-07,31.3,31.3,30.85,31.2,16000.0,31.3,31.3,30.85,31.2,16,495500.0,0.0,0.0,0.0,0.0,999.0
4153,2026-07-08,31.1,31.1,30.95,31.0,9000.0,31.1,31.1,30.95,31.0,9,279450.0,0.0,0.0,0.0,0.0,999.0
4153,2026-07-09,30.95,31.0,30.6,30.9,21000.0,30.95,31.0,30.6,30.9,21,648100.0,0.0,0.0,0.0,0.0,999.0
4153,2026-07-13,31.5,31.85,31.0,31.85,42000.0,31.5,31.85,31.0,31.85,42,1322000.0,0.0,0.0,0.0,0.0,999.0
4153,2026-07-14,31.35,31.95,31.0,31.25,13000.0,31.35,31.95,31.0,31.25,13,409600.0,0.0,0.0,0.0,0.0,999.0
4153,2026-07-15,32.3,32.3,31.4,31.4,15000.0,32.3,32.3,31.4,31.4,15,474150.0,0.0,0.0,0.0,0.0,999.0
4153,2026-07-16,31.6,31.6,31.3,31.3,3000.0,31.6,31.6,31.3,31.3,3,94300.0,0.0,0.0,0.0,0.0,999.0
4153,2026-07-17,30.8,31.0,30.8,31.0,3000.0,30.8,31.0,30.8,31.0,3,92800.0,0.0,0.0,0.0,0.0,999.0
4153,2026-07-20,31.0,31.0,31.0,31.0,3000.0,31.0,31.0,31.0,31.0,3,93000.0,0.0,0.0,0.0,0.0,999.0
4153,2026-07-21,31.0,31.0,31.0,31.0,7000.0,31.0,31.0,31.0,31.0,7,217000.0,0.0,0.0,0.0,0.0,999.0
4153,2026-07-22,31.0,31.2,31.0,31.2,5000.0,31.0,31.2,31.0,31.2,5,155200.0,0.0,0.0,0.0,0.0,999.0
4153,2026-07-23,31.3,31.3,31.2,31.2,3000.0,31.3,31.3,31.2,31.2,3,93800.0,0.0,0.0,0.0,0.0,999.0
4153,2026-07-24,31.05,31.3,31.05,31.3,8000.0,31.05,31.3,31.05,31.3,8,248800.0,0.0,0.0,0.0,0.0,999.0
4153,2026-07-27,31.3,31.85,31.3,31.6,10000.0,31.3,31.85,31.3,31.6,10,314550.0,0.0,0.0,0.0,0.0,999.0
4153,2026-07-28,31.6,32.2,30.7,31.5,14000.0,31.6,32.2,30.7,31.5,14,436900.0,0.0,0.0,0.0,0.0,999.0
4153,2026-07-29,31.05,31.05,30.2,31.0,18000.0,31.05,31.05,30.2,31.0,18,554550.0,0.0,0.0,0.0,0.0,999.0
4153,2026-07-30,31.0,31.7,31.0,31.7,5000.0,31.0,31.7,31.0,31.7,5,156400.0,0.0,0.0,0.0,0.0,999.0
4153,2026-07-31,31.7,32.0,31.7,31.7,5000.0,31.7,32.0,31.7,31.7,5,158800.0,0.0,0.0,0.0,0.0,999.0
4153,2026-08-03,32.75,32.75,31.15,32.0,9000.0,32.75,32.75,31.15,32.0,9,287600.0,0.0,0.0,0.0,0.0,999.0
4153,2026-08-04,31.9,32.0,31.2,32.0,11000.0,31.9,32.0,31.2,32.0,11,349150.0,0.0,0.0,0.0,0.0,999.0
4153,2026-08-05,31.45,32.0,31.4,32.0,32000.0,31.45,32.0,31.4,32.0,32,1013250.0,0.0,0.0,0.0,0.0,999.0
4153,2026-08-06,32.0,32.0,31.5,32.0,17000.0,32.0,32.0,31.5,32.0,17,542100.0,0.0,0.0,0.0,0.0,999.0
4153,2026-08-07,35.0,35.0,32.7,33.2,44000.0,35.0,35.0,32.7,33.2,44,1495950.0,0.0,0.0,0.0,0.0,999.0
4153,2026-08-10,33.45,33.45,32.45,33.0,9000.0,33.45,33.45,32.45,33.0,9,296800.0,0.0,0.0,0.0,0.0,999.0
4153,2026-08-11,32.5,33.0,32.5,33.0,9000.0,32.5,33.0,32.5,33.0,9,295500.0,0.0,0.0,0.0,0.0,999.0
4153,2026-08-12,33.1,33.1,32.6,33.1,13000.0,33.1,33.1,32.6,33.1,13,427100.0,0.0,0.0,0.0,0.0,999.0
4153,2026-08-13,33.1,33.1,32.65,32.8,14000.0,33.1,33.1,32.65,32.8,14,459750.0,0.0,0.0,0.0,0.0,999.0
4153,2026-08-14,32.95,33.0,32.4,33.0,20000.0,32.95,33.0,32.4,33.0,20,654200.0,0.0,0.0,0.0,0.0,999.0
4153,2026-08-17,32.25,33.0,32.25,33.0,42000.0,32.25,33.0,32.25,33.0,42,1366250.0,0.0,0.0,0.0,0.0,999.0
4153,2026-08-18,33.0,33.0,32.5,33.0,16000.0,33.0,33.0,32.5,33.0,16,524950.0,0.0,0.0,0.0,0.0,999.0
4153,2026-08-19,32.55,33.0,32.55,33.0,6000.0,32.55,33.0,32.55,33.0,6,197500.0,0.0,0.0,0.0,0.0,999.0
4198,2026-05-25,37.7,39.6,37.7,39.6,17000.0,37.7,39.6,37.7,39.6,17,652500.0,0.0,0.0,0.0,0.0,999.0
4198,2026-05-26,39.9,39.9,39.9,39.9,1000.0,39.9,39.9,39.9,39.9,1,39900.0,0.0,0.0,0.0,0.0,999.0
4198,2026-05-27,39.6,39.8,39.6,39.8,9000.0,39.6,39.8,39.6,39.8,9,357750.0,0.0,0.0,0.0,0.0,999.0
4198,2026-05-28,37.1,38.9,37.0,37.0,12000.0,37.1,38.9,37.0,37.0,12,446150.0,0.0,0.0,0.0,0.0,999.0
4198,2026-05-29,37.5,39.6,36.95,37.5,70000.0,37.5,39.6,36.95,37.5,70,2644200.0,0.0,0.0,0.0,0.0,999.0
4198,2026-06-01,38.0,39.15,37.0,38.65,21000.0,38.0,39.15,37.0,38.65,21,799350.0,0.0,0.0,0.0,0.0,999.0
4198,2026-06-02,38.8,39.2,37.45,38.75,18000.0,38.8,39.2,37.45,38.75,18,690150.0,0.0,0.0,0.0,0.0,999.0
4198,2026-06-03,38.45,38.65,38.45,38.65,3000.0,38.45,38.65,38.45,38.65,3,115600.0,0.0,0.0,0.0,0.0,999.0
4198,2026-06-04,37.4,38.4,36.65,37.8,13000.0,37.4,38.4,36.65,37.8,13,484900.0,0.0,0.0,0.0,0.0,999.0
4198,2026-06-05,36.5,37.75,36.5,37.75,3000.0,36.5,37.75,36.5,37.75,3,110750.0,0.0,0.0,0.0,0.0,999.0
4198,2026-06-09,38.2,38.2,36.3,37.85,17000.0,38.2,38.2,36.3,37.85,17,633900.0,0.0,0.0,0.0,0.0,999.0
4198,2026-06-10,37.0,38.5,36.15,36.15,14000.0,37.0,38.5,36.15,36.15,14,519400.0,0.0,0.0,0.0,0.0,999.0
4198,2026-06-11,37.15,37.9,35.5,36.35,18000.0,37.15,37.9,35.5,36.35,18,667750.0,0.0,0.0,0.0,0.0,999.0
4198,2026-06-12,36.1,37.0,36.0,37.0,11000.0,36.1,37.0,36.0,37.0,11,399150.0,0.0,0.0,0.0,0.0,999.0
4198,2026-06-15,36.95,37.65,36.95,37.65,12000.0,36.95,37.65,36.95,37.65,12,447300.0,0.0,0.0,0.0,0.0,999.0
4198,2026-06-16,39.2,39.2,39.2,39.2,1000.0,39.2,39.2,39.2,39.2,1,39200.0,0.0,0.0,0.0,0.0,999.0
4198,2026-06-17,37.5,39.2,37.5,38.2,31000.0,37.5,39.2,37.5,38.2,31,1185750.0,0.0,0.0,0.0,0.0,999.0
4198,2026-06-18,38.5,38.5,37.35,38.5,15000.0,38.5,38.5,37.35,38.5,15,573100.0,0.0,0.0,0.0,0.0,999.0
4198,2026-06-22,36.95,38.25,36.95,38.0,22000.0,36.95,38.25,36.95,38.0,22,827150.0,0.0,0.0,0.0,0.0,999.0
4198,2026-06-23,37.0,38.0,36.9,37.5,31000.0,37.0,38.0,36.9,37.5,31,1160000.0,0.0,0.0,0.0,0.0,999.0
4198,2026-06-24,37.8,37.8,36.8,36.9,31000.0,37.8,37.8,36.8,36.9,31,1153250.0,0.0,0.0,0.0,0.0,999.0
4198,2026-06-25,37.5,40.5,37.5,40.2,35000.0,37.5,40.5,37.5,40.2,35,1381100.0,0.0,0.0,0.0,0.0,999.0
4198,2026-06-26,40.8,40.8,38.0,38.0,26000.0,40.8,40.8,38.0,38.0,26,1020150.0,0.0,0.0,0.0,0.0,999.0
4198,2026-06-29,38.9,38.9,37.2,37.2,6000.0,38.9,38.9,37.2,37.2,6,227800.0,0.0,0.0,0.0,0.0,999.0
4198,2026-06-30,38.2,39.2,38.2,39.2,9000.0,38.2,39.2,38.2,39.2,9,348150.0,0.0,0.0,0.0,0.0,999.0
4198,2026-07-01,38.9,39.2,38.3,39.2,13000.0,38.9,39.2,38.3,39.2,13,502450.0,0.0,0.0,0.0,0.0,999.0
4198,2026-07-02,39.5,40.5,39.5,40.5,7000.0,39.5,40.5,39.5,40.5,7,279400.0,0.0,0.0,0.0,0.0,999.0
4198,2026-07-03,40.8,41.0,40.8,41.0,8000.0,40.8,41.0,40.8,41.0,8,327450.0,0.0,0.0,0.0,0.0,999.0
4198,2026-07-06,40.75,41.95,39.0,41.8,38000.0,40.75,41.95,39.0,41.8,38,1554550.0,0.0,0.0,0.0,0.0,999.0
4198,2026-07-07,41.0,41.75,41.0,41.75,7000.0,41.0,41.75,41.0,41.75,7,288500.0,0.0,0.0,0.0,0.0,999.0
4198,2026-07-08,41.2,41.75,41.2,41.75,6000.0,41.2,41.75,41.2,41.75,6,249050.0,0.0,0.0,0.0,0.0,999.0
4198,2026-07-09,38.95,45.5,38.95,45.4,52000.0,38.95,45.5,38.95,45.4,52,2182050.0,0.0,0.0,0.0,0.0,999.0
4198,2026-07-13,44.85,45.3,42.05,45.3,24000.0,44.85,45.3,42.05,45.3,24,1062300.0,0.0,0.0,0.0,0.0,999.0
4198,2026-07-14,41.95,44.35,41.95,42.8,9000.0,41.95,44.35,41.95,42.8,9,385700.0,0.0,0.0,0.0,0.0,999.0
4198,2026-07-15,43.6,43.6,43.6,43.6,1000.0,43.6,43.6,43.6,43.6,1,43600.0,0.0,0.0,0.0,0.0,999.0
4198,2026-07-16,42.2,42.3,40.1,40.1,7000.0,42.2,42.3,40.1,40.1,7,287400.0,0.0,0.0,0.0,0.0,999.0
4198,2026-07-17,37.75,39.8,37.65,38.05,5000.0,37.75,39.8,37.65,38.05,5,192000.0,0.0,0.0,0.0,0.0,999.0
4198,2026-07-20,40.35,40.35,40.15,40.15,2000.0,40.35,40.35,40.15,40.15,2,80500.0,0.0,0.0,0.0,0.0,999.0
4198,2026-07-21,41.2,41.2,39.2,40.2,13000.0,41.2,41.2,39.2,40.2,13,517850.0,0.0,0.0,0.0,0.0,999.0
4198,2026-07-22,41.6,43.0,40.0,42.2,19000.0,41.6,43.0,40.0,42.2,19,796900.0,0.0,0.0,0.0,0.0,999.0
4198,2026-07-23,43.2,43.2,39.2,41.9,10000.0,43.2,43.2,39.2,41.9,10,411050.0,0.0,0.0,0.0,0.0,999.0
4198,2026-07-24,42.25,42.25,40.0,40.7,7000.0,42.25,42.25,40.0,40.7,7,285750.0,0.0,0.0,0.0,0.0,999.0
4198,2026-07-27,40.9,41.9,40.0,41.9,9000.0,40.9,41.9,40.0,41.9,9,368050.0,0.0,0.0,0.0,0.0,999.0
4198,2026-07-29,41.5,41.5,41.5,41.5,1000.0,41.5,41.5,41.5,41.5,1,41500.0,0.0,0.0,0.0,0.0,999.0
4198,2026-07-30,41.15,44.5,41.15,43.0,24000.0,41.15,44.5,41.15,43.0,24,1018250.0,0.0,0.0,0.0,0.0,999.0
4198,2026-07-31,42.95,42.95,40.0,40.0,11000.0,42.95,42.95,40.0,40.0,11,449700.0,0.0,0.0,0.0,0.0,999.0
4198,2026-08-03,40.85,40.85,39.35,40.35,7000.0,40.85,40.85,39.35,40.35,7,279500.0,0.0,0.0,0.0,0.0,999.0
4198,2026-08-04,40.7,40.7,38.8,40.1,8000.0,40.7,40.7,38.8,40.1,8,318000.0,0.0,0.0,0.0,0.0,999.0
4198,2026-08-05,41.3,41.3,41.3,41.3,1000.0,41.3,41.3,41.3,41.3,1,41300.0,0.0,0.0,0.0,0.0,999.0
4198,2026-08-07,41.7,41.7,41.7,41.7,1000.0,41.7,41.7,41.7,41.7,1,41700.0,0.0,0.0,0.0,0.0,999.0
4198,2026-08-10,41.4,41.4,41.4,41.4,1000.0,41.4,41.4,41.4,41.4,1,41400.0,0.0,0.0,0.0,0.0,999.0
4198,2026-08-11,40.0,41.95,40.0,41.95,4000.0,40.0,41.95,40.0,41.95,4,163900.0,0.0,0.0,0.0,0.0,999.0
4198,2026-08-12,41.4,41.95,41.4,41.95,9000.0,41.4,41.95,41.4,41.95,9,374500.0,0.0,0.0,0.0,0.0,999.0
4198,2026-08-13,42.4,42.4,40.15,41.5,7000.0,42.4,42.4,40.15,41.5,7,286600.0,0.0,0.0,0.0,0.0,999.0
4198,2026-08-14,41.9,42.45,40.7,41.75,19000.0,41.9,42.45,40.7,41.75,19,793750.0,0.0,0.0,0.0,0.0,999.0
4198,2026-08-17,43.35,43.35,40.8,42.8,4000.0,43.35,43.35,40.8,42.8,4,170300.0,0.0,0.0,0.0,0.0,999.0
4198,2026-08-18,40.45,42.6,40.45,42.0,6000.0,40.45,42.6,40.45,42.0,6,248500.0,0.0,0.0,0.0,0.0,999.0
4442,2026-05-25,51.0,51.9,50.0,51.0,246000.0,51.0,51.9,50.0,51.0,246,12518100.0,0.0,0.0,0.0,0.0,999.0
4442,2026-05-26,51.4,52.0,51.0,51.0,171000.0,51.4,52.0,51.0,51.0,171,8764000.0,0.0,0.0,0.0,0.0,999.0
4442,2026-05-27,51.8,51.8,50.7,50.7,146000.0,51.8,51.8,50.7,50.7,146,7450800.0,0.0,0.0,0.0,0.0,999.0
4442,2026-05-28,51.0,51.0,49.6,50.1,69000.0,51.0,51.0,49.6,50.1,69,3468500.0,0.0,0.0,0.0,0.0,999.0
4442,2026-05-29,50.5,50.5,50.1,50.1,38000.0,50.5,50.5,50.1,50.1,38,1906400.0,0.0,0.0,0.0,0.0,999.0
4442,2026-06-01,50.5,50.7,50.4,50.6,9000.0,50.5,50.7,50.4,50.6,9,454700.0,0.0,0.0,0.0,0.0,999.0
4442,2026-06-02,50.6,50.9,50.3,50.9,9000.0,50.6,50.9,50.3,50.9,9,455000.0,0.0,0.0,0.0,0.0,999.0
4442,2026-06-03,51.1,51.2,51.0,51.2,15000.0,51.1,51.2,51.0,51.2,15,765900.0,0.0,0.0,0.0,0.0,999.0
4442,2026-06-04,51.4,51.4,51.0,51.0,20000.0,51.4,51.4,51.0,51.0,20,1021600.0,0.0,0.0,0.0,0.0,999.0
4442,2026-06-05,51.0,51.4,50.1,50.7,37000.0,51.0,51.4,50.1,50.7,37,1872500.0,0.0,0.0,0.0,0.0,999.0
4442,2026-06-08,46.85,50.1,46.85,50.1,10000.0,46.85,50.1,46.85,50.1,10,480350.0,0.0,0.0,0.0,0.0,999.0
4442,2026-06-09,50.1,52.0,50.1,51.5,20000.0,50.1,52.0,50.1,51.5,20,1030400.0,0.0,0.0,0.0,0.0,999.0
4442,2026-06-10,51.9,55.0,51.9,54.0,90000.0,51.9,55.0,51.9,54.0,90,4846200.0,0.0,0.0,0.0,0.0,999.0
4442,2026-06-11,54.0,54.0,53.5,53.7,16000.0,54.0,54.0,53.5,53.7,16,861300.0,0.0,0.0,0.0,0.0,999.0
4442,2026-06-12,53.8,55.8,53.8,55.1,43000.0,53.8,55.8,53.8,55.1,43,2362000.0,0.0,0.0,0.0,0.0,999.0
4442,2026-06-15,55.1,55.2,53.5,54.0,36000.0,55.1,55.2,53.5,54.0,36,1959000.0,0.0,0.0,0.0,0.0,999.0
4442,2026-06-16,54.5,55.3,54.2,54.9,41000.0,54.5,55.3,54.2,54.9,41,2248000.0,0.0,0.0,0.0,0.0,999.0
4442,2026-06-17,54.4,56.2,53.5,56.0,54000.0,54.4,56.2,53.5,56.0,54,2985200.0,0.0,0.0,0.0,0.0,999.0
4442,2026-06-18,56.0,56.3,55.6,56.1,14000.0,56.0,56.3,55.6,56.1,14,781300.0,0.0,0.0,0.0,0.0,999.0
4442,2026-06-22,56.5,56.6,55.5,56.0,37000.0,56.5,56.6,55.5,56.0,37,2067400.0,0.0,0.0,0.0,0.0,999.0
4442,2026-06-23,54.5,54.5,51.2,52.3,34000.0,54.5,54.5,51.2,52.3,34,1793700.0,0.0,0.0,0.0,0.0,999.0
4442,2026-06-24,52.8,53.0,52.2,52.2,15000.0,52.8,53.0,52.2,52.2,15,790000.0,0.0,0.0,0.0,0.0,999.0
4442,2026-06-25,52.0,52.0,51.6,51.6,6000.0,52.0,52.0,51.6,51.6,6,311200.0,0.0,0.0,0.0,0.0,999.0
4442,2026-06-26,51.5,51.5,49.15,50.5,39000.0,51.5,51.5,49.15,50.5,39,1965700.0,0.0,0.0,0.0,0.0,999.0
4442,2026-06-29,50.8,50.8,50.5,50.5,13000.0,50.8,50.8,50.5,50.5,13,657400.0,0.0,0.0,0.0,0.0,999.0
4442,2026-06-30,50.3,50.3,50.3,50.3,1000.0,50.3,50.3,50.3,50.3,1,50300.0,0.0,0.0,0.0,0.0,999.0
4442,2026-07-01,50.5,50.5,50.5,50.5,4000.0,50.5,50.5,50.5,50.5,4,202000.0,0.0,0.0,0.0,0.0,999.0
4442,2026-07-02,50.5,50.5,50.5,50.5,1000.0,50.5,50.5,50.5,50.5,1,50500.0,0.0,0.0,0.0,0.0,999.0
4442,2026-07-03,50.4,51.8,49.5,51.8,44000.0,50.4,51.8,49.5,51.8,44,2224100.0,0.0,0.0,0.0,0.0,999.0
4442,2026-07-06,52.0,52.0,50.4,50.4,36000.0,52.0,52.0,50.4,50.4,36,1837500.0,0.0,0.0,0.0,0.0,999.0
4442,2026-07-07,50.0,50.0,49.5,50.0,10000.0,50.0,50.0,49.5,50.0,10,499000.0,0.0,0.0,0.0,0.0,999.0
4442,2026-07-08,51.0,51.0,49.65,49.75,5000.0,51.0,51.0,49.65,49.75,5,252400.0,0.0,0.0,0.0,0.0,999.0
4442,2026-07-09,50.1,50.5,50.1,50.1,6000.0,50.1,50.5,50.1,50.1,6,301400.0,0.0,0.0,0.0,0.0,999.0
4442,2026-07-13,50.5,50.5,49.5,49.6,17000.0,50.5,50.5,49.5,49.6,17,852700.0,0.0,0.0,0.0,0.0,999.0
4442,2026-07-14,49.5,50.0,49.0,49.1,19000.0,49.5,50.0,49.0,49.1,19,936300.0,0.0,0.0,0.0,0.0,999.0
4442,2026-07-15,48.5,49.2,48.5,49.1,15000.0,48.5,49.2,48.5,49.1,15,735650.0,0.0,0.0,0.0,0.0,999.0
4442,2026-07-16,49.1,49.1,49.0,49.0,7000.0,49.1,49.1,49.0,49.0,7,343200.0,0.0,0.0,0.0,0.0,999.0
4442,2026-07-17,49.4,49.5,48.0,48.0,39000.0,49.4,49.5,48.0,48.0,39,1898100.0,0.0,0.0,0.0,0.0,999.0
4442,2026-07-20,47.6,47.6,46.0,47.0,75000.0,47.6,47.6,46.0,47.0,75,3506750.0,0.0,0.0,0.0,0.0,999.0
4442,2026-07-21,47.2,47.2,46.7,46.7,15000.0,47.2,47.2,46.7,46.7,15,705600.0,0.0,0.0,0.0,0.0,999.0
4442,2026-07-22,46.7,51.3,46.6,51.3,272000.0,46.7,51.3,46.6,51.3,272,13532200.0,0.0,0.0,0.0,0.0,999.0
4442,2026-07-23,51.5,56.4,51.2,56.4,748000.0,51.5,56.4,51.2,56.4,748,40395400.0,0.0,0.0,0.0,0.0,999.0
4442,2026-07-24,56.1,59.7,53.7,59.7,566000.0,56.1,59.7,53.7,59.7,566,32433300.0,0.0,0.0,0.0,0.0,999.0
4442,2026-07-27,59.4,59.8,56.1,59.7,565000.0,59.4,59.8,56.1,59.7,565,32937400.0,0.0,0.0,0.0,0.0,999.0
4442,2026-07-28,59.7,62.5,57.7,62.5,261000.0,59.7,62.5,57.7,62.5,261,15601700.0,0.0,0.0,0.0,0.0,999.0
4442,2026-07-29,61.8,62.2,57.6,62.1,1500000.0,61.8,62.2,57.6,62.1,1500,91758400.0,0.0,0.0,0.0,0.0,999.0
4442,2026-07-30,60.0,66.3,57.9,66.3,1355000.0,60.0,66.3,57.9,66.3,1355,84759200.0,0.0,0.0,0.0,0.0,999.0
4442,2026-07-31,72.9,72.9,59.7,72.6,2938000.0,72.9,72.9,59.7,72.6,2938,200671000.0,0.0,0.0,0.0,0.0,999.0
4442,2026-08-03,71.1,71.8,65.4,65.4,393000.0,71.1,71.8,65.4,65.4,393,26925900.0,0.0,0.0,0.0,0.0,999.0
4442,2026-08-04,64.0,64.0,58.9,58.9,1696000.0,64.0,64.0,58.9,58.9,1696,100529400.0,0.0,0.0,0.0,0.0,999.0
4442,2026-08-05,58.0,58.0,53.1,53.1,1085000.0,58.0,58.0,53.1,53.1,1085,58641000.0,0.0,0.0,0.0,0.0,999.0
4442,2026-08-06,52.6,54.4,52.5,52.8,370000.0,52.6,54.4,52.5,52.8,370,19712000.0,0.0,0.0,0.0,0.0,999.0
4442,2026-08-07,52.7,53.1,51.0,51.1,136000.0,52.7,53.1,51.0,51.1,136,7027300.0,0.0,0.0,0.0,0.0,999.0
4442,2026-08-10,51.1,52.6,51.1,52.1,85000.0,51.1,52.6,51.1,52.1,85,4423400.0,0.0,0.0,0.0,0.0,999.0
4442,2026-08-11,52.2,53.6,51.7,52.5,177000.0,52.2,53.6,51.7,52.5,177,9307400.0,0.0,0.0,0.0,0.0,999.0
4442,2026-08-12,53.4,53.4,52.3,52.8,79000.0,53.4,53.4,52.3,52.8,79,4192100.0,0.0,0.0,0.0,0.0,999.0
4442,2026-08-13,53.5,54.8,53.3,53.5,183000.0,53.5,54.8,53.3,53.5,183,9837700.0,0.0,0.0,0.0,0.0,999.0
4442,2026-08-14,53.5,53.6,52.7,52.7,75000.0,53.5,53.6,52.7,52.7,75,3973700.0,0.0,0.0,0.0,0.0,999.0
4442,2026-08-17,52.7,52.7,51.6,52.0,130000.0,52.7,52.7,51.6,52.0,130,6780400.0,0.0,0.0,0.0,0.0,999.0
4442,2026-08-18,51.7,52.4,51.1,51.2,78000.0,51.7,52.4,51.1,51.2,78,4021100.0,0.0,0.0,0.0,0.0,999.0
4442,2026-08-19,51.2,52.1,51.2,51.5,44000.0,51.2,52.1,51.2,51.5,44,2272000.0,0.0,0.0,0.0,0.0,999.0
4543,2026-05-25,39.3,40.15,38.6,39.1,394000.0,39.3,40.15,38.6,39.1,394,15433950.0,0.0,0.0,0.0,0.0,999.0
4543,2026-05-26,39.6,39.6,38.5,39.2,245000.0,39.6,39.6,38.5,39.2,245,9540500.0,0.0,0.0,0.0,0.0,999.0
4543,2026-05-27,39.8,39.8,38.1,38.2,336000.0,39.8,39.8,38.1,38.2,336,13022000.0,0.0,0.0,0.0,0.0,999.0
4543,2026-05-28,38.9,40.4,38.3,38.7,640000.0,38.9,40.4,38.3,38.7,640,25214000.0,0.0,0.0,0.0,0.0,999.0
4543,2026-05-29,39.6,41.85,38.85,41.5,1053000.0,39.6,41.85,38.85,41.5,1053,42765200.0,0.0,0.0,0.0,0.0,999.0
4543,2026-06-01,41.5,44.1,40.85,42.15,1119000.0,41.5,44.1,40.85,42.15,1119,47343000.0,0.0,0.0,0.0,0.0,999.0
4543,2026-06-02,42.1,46.35,40.8,46.35,1756000.0,42.1,46.35,40.8,46.35,1756,79891450.0,0.0,0.0,0.0,0.0,999.0
4543,2026-06-03,46.25,47.95,45.4,45.4,4422000.0,46.25,47.95,45.4,45.4,4422,205729300.0,0.0,0.0,0.0,0.0,999.0
4543,2026-06-04,44.75,44.75,43.2,43.3,744000.0,44.75,44.75,43.2,43.3,744,32688850.0,0.0,0.0,0.0,0.0,999.0
4543,2026-06-05,43.5,43.8,41.1,41.85,474000.0,43.5,43.8,41.1,41.85,474,19904900.0,0.0,0.0,0.0,0.0,999.0
4543,2026-06-08,37.7,39.35,37.7,39.25,503000.0,37.7,39.35,37.7,39.25,503,19244650.0,0.0,0.0,0.0,0.0,999.0
4543,2026-06-09,39.2,40.0,38.9,39.4,378000.0,39.2,40.0,38.9,39.4,378,14872900.0,0.0,0.0,0.0,0.0,999.0
4543,2026-06-10,39.2,39.95,37.6,37.8,348000.0,39.2,39.95,37.6,37.8,348,13427350.0,0.0,0.0,0.0,0.0,999.0
4543,2026-06-11,37.7,38.3,35.75,36.85,430000.0,37.7,38.3,35.75,36.85,430,15863250.0,0.0,0.0,0.0,0.0,999.0
4543,2026-06-12,37.35,37.6,36.8,37.1,299000.0,37.35,37.6,36.8,37.1,299,11115400.0,0.0,0.0,0.0,0.0,999.0
4543,2026-06-15,38.35,38.35,37.0,37.5,168000.0,38.35,38.35,37.0,37.5,168,6317100.0,0.0,0.0,0.0,0.0,999.0
4543,2026-06-16,37.8,37.8,36.8,36.9,224000.0,37.8,37.8,36.8,36.9,224,8310250.0,0.0,0.0,0.0,0.0,999.0
4543,2026-06-17,36.9,37.35,36.4,36.55,313000.0,36.9,37.35,36.4,36.55,313,11497200.0,0.0,0.0,0.0,0.0,999.0
4543,2026-06-18,37.0,38.0,36.75,37.95,308000.0,37.0,38.0,36.75,37.95,308,11617700.0,0.0,0.0,0.0,0.0,999.0
4543,2026-06-22,38.1,38.1,37.35,37.6,445000.0,38.1,38.1,37.35,37.6,445,16741800.0,0.0,0.0,0.0,0.0,999.0
4543,2026-06-23,38.0,38.0,36.85,36.95,356000.0,38.0,38.0,36.85,36.95,356,13192700.0,0.0,0.0,0.0,0.0,999.0
4543,2026-06-24,36.95,37.65,36.55,36.9,170000.0,36.95,37.65,36.55,36.9,170,6279200.0,0.0,0.0,0.0,0.0,999.0
4543,2026-06-25,37.0,37.15,36.2,36.4,344000.0,37.0,37.15,36.2,36.4,344,12591600.0,0.0,0.0,0.0,0.0,999.0
4543,2026-06-26,36.1,36.1,33.8,34.85,259000.0,36.1,36.1,33.8,34.85,259,9123400.0,0.0,0.0,0.0,0.0,999.0
4543,2026-06-29,34.95,35.0,34.0,34.5,290000.0,34.95,35.0,34.0,34.5,290,9995500.0,0.0,0.0,0.0,0.0,999.0
4543,2026-06-30,34.65,35.25,34.5,35.15,169000.0,34.65,35.25,34.5,35.15,169,5885350.0,0.0,0.0,0.0,0.0,999.0
4543,2026-07-01,35.45,36.4,35.0,36.05,246000.0,35.45,36.4,35.0,36.05,246,8808000.0,0.0,0.0,0.0,0.0,999.0
4543,2026-07-02,35.5,36.3,35.5,36.25,80000.0,35.5,36.3,35.5,36.25,80,2879850.0,0.0,0.0,0.0,0.0,999.0
4543,2026-07-03,36.25,36.9,36.25,36.85,110000.0,36.25,36.9,36.25,36.85,110,4028750.0,0.0,0.0,0.0,0.0,999.0
4543,2026-07-06,37.4,37.6,36.5,36.8,181000.0,37.4,37.6,36.5,36.8,181,6690350.0,0.0,0.0,0.0,0.0,999.0
4543,2026-07-07,36.8,36.8,35.1,35.35,143000.0,36.8,36.8,35.1,35.35,143,5137850.0,0.0,0.0,0.0,0.0,999.0
4543,2026-07-08,35.15,35.15,34.55,34.85,166000.0,35.15,35.15,34.55,34.85,166,5761450.0,0.0,0.0,0.0,0.0,999.0
4543,2026-07-09,35.0,36.1,34.6,35.45,161000.0,35.0,36.1,34.6,35.45,161,5686550.0,0.0,0.0,0.0,0.0,999.0
4543,2026-07-13,35.75,35.75,34.0,34.65,133000.0,35.75,35.75,34.0,34.65,133,4605500.0,0.0,0.0,0.0,0.0,999.0
4543,2026-07-14,34.0,34.4,32.5,34.0,196000.0,34.0,34.4,32.5,34.0,196,6519550.0,0.0,0.0,0.0,0.0,999.0
4543,2026-07-15,33.5,34.4,33.5,34.35,84000.0,33.5,34.4,33.5,34.35,84,2865350.0,0.0,0.0,0.0,0.0,999.0
4543,2026-07-16,33.75,34.35,33.7,33.85,136000.0,33.75,34.35,33.7,33.85,136,4615250.0,0.0,0.0,0.0,0.0,999.0
4543,2026-07-17,33.55,33.55,31.5,31.95,196000.0,33.55,33.55,31.5,31.95,196,6343150.0,0.0,0.0,0.0,0.0,999.0
4543,2026-07-20,31.85,32.1,30.35,31.25,210000.0,31.85,32.1,30.35,31.25,210,6521650.0,0.0,0.0,0.0,0.0,999.0
4543,2026-07-21,31.8,31.8,31.2,31.6,99000.0,31.8,31.8,31.2,31.6,99,3112900.0,0.0,0.0,0.0,0.0,999.0
4543,2026-07-22,32.0,32.0,31.5,31.6,120000.0,32.0,32.0,31.5,31.6,120,3798450.0,0.0,0.0,0.0,0.0,999.0
4543,2026-07-23,31.65,31.95,31.2,31.7,106000.0,31.65,31.95,31.2,31.7,106,3341900.0,0.0,0.0,0.0,0.0,999.0
4543,2026-07-24,31.7,31.9,31.0,31.15,68000.0,31.7,31.9,31.0,31.15,68,2128850.0,0.0,0.0,0.0,0.0,999.0
4543,2026-07-27,31.05,31.4,30.5,31.4,74000.0,31.05,31.4,30.5,31.4,74,2278900.0,0.0,0.0,0.0,0.0,999.0
4543,2026-07-28,31.0,31.0,30.0,30.3,87000.0,31.0,31.0,30.0,30.3,87,2638500.0,0.0,0.0,0.0,0.0,999.0
4543,2026-07-29,30.1,30.4,27.5,29.05,214000.0,30.1,30.4,27.5,29.05,214,6193550.0,0.0,0.0,0.0,0.0,999.0
4543,2026-07-30,29.1,29.9,28.9,29.25,89000.0,29.1,29.9,28.9,29.25,89,2599850.0,0.0,0.0,0.0,0.0,999.0
4543,2026-07-31,30.0,30.8,30.0,30.3,70000.0,30.0,30.8,30.0,30.3,70,2119250.0,0.0,0.0,0.0,0.0,999.0
4543,2026-08-03,30.35,31.15,30.35,31.15,50000.0,30.35,31.15,30.35,31.15,50,1542350.0,0.0,0.0,0.0,0.0,999.0
4543,2026-08-04,30.7,31.35,30.7,30.9,73000.0,30.7,31.35,30.7,30.9,73,2257950.0,0.0,0.0,0.0,0.0,999.0
4543,2026-08-05,31.4,31.8,30.9,31.1,162000.0,31.4,31.8,30.9,31.1,162,5042400.0,0.0,0.0,0.0,0.0,999.0
4543,2026-08-06,30.85,32.5,30.85,32.4,168000.0,30.85,32.5,30.85,32.4,168,5329900.0,0.0,0.0,0.0,0.0,999.0
4543,2026-08-07,32.4,33.35,31.85,32.0,131000.0,32.4,33.35,31.85,32.0,131,4251050.0,0.0,0.0,0.0,0.0,999.0
4543,2026-08-10,31.65,32.4,31.2,31.9,138000.0,31.65,32.4,31.2,31.9,138,4369200.0,0.0,0.0,0.0,0.0,999.0
4543,2026-08-11,32.35,32.35,31.15,31.6,68000.0,32.35,32.35,31.15,31.6,68,2150650.0,0.0,0.0,0.0,0.0,999.0
4543,2026-08-12,31.85,32.35,31.4,32.2,98000.0,31.85,32.35,31.4,32.2,98,3139000.0,0.0,0.0,0.0,0.0,999.0
4543,2026-08-13,32.25,32.3,31.75,32.1,51000.0,32.25,32.3,31.75,32.1,51,1630950.0,0.0,0.0,0.0,0.0,999.0
4543,2026-08-14,32.1,32.2,31.6,31.65,49000.0,32.1,32.2,31.6,31.65,49,1558750.0,0.0,0.0,0.0,0.0,999.0
4543,2026-08-17,31.85,32.2,31.55,31.75,31000.0,31.85,32.2,31.55,31.75,31,985000.0,0.0,0.0,0.0,0.0,999.0
4543,2026-08-18,31.8,32.1,31.5,31.85,78000.0,31.8,32.1,31.5,31.85,78,2482950.0,0.0,0.0,0.0,0.0,999.0
4543,2026-08-19,31.0,32.2,31.0,32.05,60000.0,31.0,32.2,31.0,32.05,60,1908250.0,0.0,0.0,0.0,0.0,999.0
4714,2026-05-25,13.3,13.65,13.05,13.5,2111000.0,13.3,13.65,13.05,13.5,2111,28119750.0,0.0,0.0,0.0,0.0,999.0
4714,2026-05-26,14.55,14.85,14.3,14.3,4943000.0,14.55,14.85,14.3,14.3,4943,72417550.0,0.0,0.0,0.0,0.0,999.0
4714,2026-05-27,13.55,13.95,13.55,13.65,1895000.0,13.55,13.95,13.55,13.65,1895,25897900.0,0.0,0.0,0.0,0.0,999.0
4714,2026-05-28,13.65,13.85,13.35,13.45,941000.0,13.65,13.85,13.35,13.45,941,12753150.0,0.0,0.0,0.0,0.0,999.0
4714,2026-05-29,13.5,13.6,13.3,13.4,995000.0,13.5,13.6,13.3,13.4,995,13330200.0,0.0,0.0,0.0,0.0,999.0
4714,2026-06-01,13.5,13.65,13.35,13.5,802000.0,13.5,13.65,13.35,13.5,802,10848950.0,0.0,0.0,0.0,0.0,999.0
4714,2026-06-02,13.7,13.75,13.3,13.6,1173000.0,13.7,13.75,13.3,13.6,1173,15829350.0,0.0,0.0,0.0,0.0,999.0
4714,2026-06-03,13.65,14.3,13.55,14.15,1761000.0,13.65,14.3,13.55,14.15,1761,24488150.0,0.0,0.0,0.0,0.0,999.0
4714,2026-06-04,14.15,14.15,13.9,14.0,730000.0,14.15,14.15,13.9,14.0,730,10240250.0,0.0,0.0,0.0,0.0,999.0
4714,2026-06-05,14.05,14.05,13.65,13.75,725000.0,14.05,14.05,13.65,13.75,725,10014150.0,0.0,0.0,0.0,0.0,999.0
4714,2026-06-08,12.75,13.5,12.75,13.4,991000.0,12.75,13.5,12.75,13.4,991,13077050.0,0.0,0.0,0.0,0.0,999.0
4714,2026-06-09,13.5,13.65,13.4,13.4,541000.0,13.5,13.65,13.4,13.4,541,7283150.0,0.0,0.0,0.0,0.0,999.0
4714,2026-06-10,13.45,14.25,13.3,13.5,1835000.0,13.45,14.25,13.3,13.5,1835,25147450.0,0.0,0.0,0.0,0.0,999.0
4714,2026-06-11,13.5,13.9,13.1,13.35,1100000.0,13.5,13.9,13.1,13.35,1100,14743100.0,0.0,0.0,0.0,0.0,999.0
4714,2026-06-12,13.5,13.7,13.5,13.55,680000.0,13.5,13.7,13.5,13.55,680,9255600.0,0.0,0.0,0.0,0.0,999.0
4714,2026-06-15,13.75,13.75,13.35,13.35,1393000.0,13.75,13.75,13.35,13.35,1393,18747050.0,0.0,0.0,0.0,0.0,999.0
4714,2026-06-16,13.45,13.45,13.25,13.3,755000.0,13.45,13.45,13.25,13.3,755,10069900.0,0.0,0.0,0.0,0.0,999.0
4714,2026-06-17,13.1,13.3,13.1,13.15,769000.0,13.1,13.3,13.1,13.15,769,10143400.0,0.0,0.0,0.0,0.0,999.0
4714,2026-06-18,13.2,13.3,13.0,13.05,1531000.0,13.2,13.3,13.0,13.05,1531,20088900.0,0.0,0.0,0.0,0.0,999.0
4714,2026-06-22,13.1,13.15,12.85,12.95,1798000.0,13.1,13.15,12.85,12.95,1798,23397000.0,0.0,0.0,0.0,0.0,999.0
4714,2026-06-23,12.9,12.95,12.5,12.5,1659000.0,12.9,12.95,12.5,12.5,1659,20979100.0,0.0,0.0,0.0,0.0,999.0
4714,2026-06-24,12.5,12.65,12.4,12.5,894000.0,12.5,12.65,12.4,12.5,894,11167200.0,0.0,0.0,0.0,0.0,999.0
4714,2026-06-25,12.55,12.6,12.35,12.35,716000.0,12.55,12.6,12.35,12.35,716,8915700.0,0.0,0.0,0.0,0.0,999.0
4714,2026-06-26,12.4,12.4,11.8,11.8,1817000.0,12.4,12.4,11.8,11.8,1817,21915850.0,0.0,0.0,0.0,0.0,999.0
4714,2026-06-29,12.15,12.25,11.9,12.1,913000.0,12.15,12.25,11.9,12.1,913,11039550.0,0.0,0.0,0.0,0.0,999.0
4714,2026-06-30,12.2,12.6,12.1,12.6,1257000.0,12.2,12.6,12.1,12.6,1257,15535450.0,0.0,0.0,0.0,0.0,999.0
4714,2026-07-01,12.7,12.85,12.3,12.35,846000.0,12.7,12.85,12.3,12.35,846,10615850.0,0.0,0.0,0.0,0.0,999.0
4714,2026-07-02,12.25,12.65,12.15,12.5,1568000.0,12.25,12.65,12.15,12.5,1568,19469200.0,0.0,0.0,0.0,0.0,999.0
4714,2026-07-03,12.5,13.4,12.5,12.8,3812000.0,12.5,13.4,12.5,12.8,3812,49485450.0,0.0,0.0,0.0,0.0,999.0
4714,2026-07-06,12.95,13.2,12.7,12.75,1431000.0,12.95,13.2,12.7,12.75,1431,18465600.0,0.0,0.0,0.0,0.0,999.0
4714,2026-07-07,12.75,12.75,12.0,12.0,1835000.0,12.75,12.75,12.0,12.0,1835,22573700.0,0.0,0.0,0.0,0.0,999.0
4714,2026-07-08,12.05,12.2,11.8,11.85,1548000.0,12.05,12.2,11.8,11.85,1548,18404250.0,0.0,0.0,0.0,0.0,999.0
4714,2026-07-09,11.9,12.05,11.85,11.85,728000.0,11.9,12.05,11.85,11.85,728,8658800.0,0.0,0.0,0.0,0.0,999.0
4714,2026-07-13,11.9,11.9,11.4,11.4,1580000.0,11.9,11.9,11.4,11.4,1580,18310900.0,0.0,0.0,0.0,0.0,999.0
4714,2026-07-14,11.3,11.6,10.95,11.3,1442000.0,11.3,11.6,10.95,11.3,1442,16113300.0,0.0,0.0,0.0,0.0,999.0
4714,2026-07-15,11.5,11.5,11.2,11.3,916000.0,11.5,11.5,11.2,11.3,916,10355500.0,0.0,0.0,0.0,0.0,999.0
4714,2026-07-16,11.05,11.35,10.95,11.25,2585000.0,11.05,11.35,10.95,11.25,2585,28908150.0,0.0,0.0,0.0,0.0,999.0
4714,2026-07-17,11.2,11.2,10.9,10.95,1492000.0,11.2,11.2,10.9,10.95,1492,16419400.0,0.0,0.0,0.0,0.0,999.0
4714,2026-07-20,11.05,11.1,10.5,10.85,996000.0,11.05,11.1,10.5,10.85,996,10761700.0,0.0,0.0,0.0,0.0,999.0
4714,2026-07-21,10.9,11.15,10.9,11.0,869000.0,10.9,11.15,10.9,11.0,869,9585900.0,0.0,0.0,0.0,0.0,999.0
4714,2026-07-22,11.05,11.15,11.05,11.05,719000.0,11.1,11.15,11.05,11.05,719,7984700.0,0.004504504504504409,0.0,0.0,0.0,999.0
4714,2026-07-23,11.15,11.15,10.95,11.0,633000.0,11.15,11.15,10.95,11.0,633,6970050.0,0.0,0.0,0.0,0.0,999.0
4714,2026-07-24,11.0,11.0,10.75,10.75,808000.0,11.0,11.0,10.75,10.75,808,8755200.0,0.0,0.0,0.0,0.0,999.0
4714,2026-07-27,10.8,10.8,10.55,10.65,647000.0,10.8,10.8,10.55,10.65,647,6886000.0,0.0,0.0,0.0,0.0,999.0
4714,2026-07-28,10.6,10.6,10.3,10.3,1008000.0,10.6,10.6,10.3,10.3,1008,10499500.0,0.0,0.0,0.0,0.0,999.0
4714,2026-07-29,10.3,10.4,9.7,9.88,1767000.0,10.3,10.4,9.7,9.88,1767,17556210.0,0.0,0.0,0.0,0.0,999.0
4714,2026-07-30,9.88,10.15,9.84,10.0,1025000.0,9.88,10.15,9.84,10.0,1025,10243300.0,0.0,0.0,0.0,0.0,999.0
4714,2026-07-31,10.25,10.3,9.99,10.0,1085000.0,10.25,10.3,9.99,10.0,1085,10957170.0,0.0,0.0,0.0,0.0,999.0
4714,2026-08-03,10.0,10.35,10.0,10.2,706000.0,10.0,10.35,10.0,10.2,706,7213100.0,0.0,0.0,0.0,0.0,999.0
4714,2026-08-04,10.25,10.4,10.1,10.35,682000.0,10.25,10.4,10.1,10.35,682,7017650.0,0.0,0.0,0.0,0.0,999.0
4714,2026-08-05,10.45,10.5,10.35,10.4,482000.0,10.45,10.5,10.35,10.4,482,5024500.0,0.0,0.0,0.0,0.0,999.0
4714,2026-08-06,10.45,10.65,10.4,10.55,850000.0,10.45,10.65,10.4,10.55,850,8967150.0,0.0,0.0,0.0,0.0,999.0
4714,2026-08-07,10.55,10.55,10.35,10.4,454000.0,10.55,10.55,10.35,10.4,454,4738900.0,0.0,0.0,0.0,0.0,999.0
4714,2026-08-10,10.45,10.55,10.4,10.55,451000.0,10.45,10.55,10.4,10.55,451,4733750.0,0.0,0.0,0.0,0.0,999.0
4714,2026-08-11,10.75,10.75,10.4,10.5,508000.0,10.75,10.75,10.4,10.5,508,5345750.0,0.0,0.0,0.0,0.0,999.0
4714,2026-08-12,10.45,10.65,10.45,10.65,570000.0,10.45,10.65,10.45,10.65,570,6031300.0,0.0,0.0,0.0,0.0,999.0
4714,2026-08-13,10.65,10.75,10.55,10.55,596000.0,10.65,10.75,10.55,10.55,596,6325800.0,0.0,0.0,0.0,0.0,999.0
4714,2026-08-14,10.55,10.55,10.45,10.45,468000.0,10.55,10.55,10.45,10.45,468,4912300.0,0.0,0.0,0.0,0.0,999.0
4714,2026-08-17,10.5,10.85,10.5,10.65,655000.0,10.5,10.85,10.5,10.65,655,6979300.0,0.0,0.0,0.0,0.0,999.0
4714,2026-08-18,10.7,10.7,10.5,10.5,547000.0,10.7,10.7,10.5,10.5,547,5774700.0,0.0,0.0,0.0,0.0,999.0
4714,2026-08-19,10.5,10.5,10.35,10.45,443000.0,10.5,10.5,10.35,10.45,443,4622200.0,0.0,0.0,0.0,0.0,999.0
4772,2026-05-25,309.5,310.0,303.5,304.5,1756000.0,309.5,310.0,303.5,304.5,1756,538686500.0,0.0,0.0,0.0,0.0,999.0
4772,2026-05-26,306.0,307.5,301.0,303.0,1335000.0,306.0,307.5,301.0,303.0,1335,405973000.0,0.0,0.0,0.0,0.0,999.0
4772,2026-05-27,308.5,317.0,300.0,302.5,2894000.0,308.5,317.0,300.0,302.5,2894,893545000.0,0.0,0.0,0.0,0.0,999.0
4772,2026-05-28,305.0,312.5,297.0,299.0,1907000.0,305.0,312.5,297.0,299.0,1907,579875500.0,0.0,0.0,0.0,0.0,999.0
4772,2026-05-29,302.5,304.5,298.5,300.0,1040000.0,302.5,304.5,298.5,300.0,1040,312912500.0,0.0,0.0,0.0,0.0,999.0
4772,2026-06-01,305.0,306.5,300.0,303.0,1009000.0,305.0,306.5,300.0,303.0,1009,305653000.0,0.0,0.0,0.0,0.0,999.0
4772,2026-06-02,306.5,307.0,297.0,298.5,940000.0,306.5,307.0,297.0,298.5,940,281659000.0,0.0,0.0,0.0,0.0,999.0
4772,2026-06-03,305.0,313.0,300.5,305.5,2634000.0,305.0,313.0,300.5,305.5,2634,811120500.0,0.0,0.0,0.0,0.0,999.0
4772,2026-06-04,305.5,308.5,300.0,300.0,1007000.0,305.5,308.5,300.0,300.0,1007,305060500.0,0.0,0.0,0.0,0.0,999.0
4772,2026-06-05,300.0,300.0,291.0,297.5,977000.0,300.0,300.0,291.0,297.5,977,288623500.0,0.0,0.0,0.0,0.0,999.0
4772,2026-06-08,268.0,284.5,268.0,283.5,1824000.0,268.0,284.5,268.0,283.5,1824,500164000.0,0.0,0.0,0.0,0.0,999.0
4772,2026-06-09,286.0,288.0,282.0,283.5,1058000.0,286.0,288.0,282.0,283.5,1058,300086500.0,0.0,0.0,0.0,0.0,999.0
4772,2026-06-10,279.0,283.5,271.5,271.5,1339000.0,279.0,283.5,271.5,271.5,1339,370936000.0,0.0,0.0,0.0,0.0,999.0
4772,2026-06-11,271.5,277.0,261.0,266.0,1057000.0,271.5,277.0,261.0,266.0,1057,282346000.0,0.0,0.0,0.0,0.0,999.0
4772,2026-06-12,274.5,276.0,269.5,273.0,710000.0,274.5,276.0,269.5,273.0,710,193428000.0,0.0,0.0,0.0,0.0,999.0
4772,2026-06-15,279.0,282.5,275.5,275.5,804000.0,279.0,282.5,275.5,275.5,804,223319000.0,0.0,0.0,0.0,0.0,999.0
4772,2026-06-16,280.0,280.0,271.0,275.0,735000.0,280.0,280.0,271.0,275.0,735,202121000.0,0.0,0.0,0.0,0.0,999.0
4772,2026-06-17,276.0,281.0,272.0,281.0,448000.0,276.0,281.0,272.0,281.0,448,124076000.0,0.0,0.0,0.0,0.0,999.0
4772,2026-06-18,281.0,283.0,277.0,281.0,960000.0,281.0,283.0,277.0,281.0,960,268498500.0,0.0,0.0,0.0,0.0,999.0
4772,2026-06-22,283.5,285.0,280.0,283.0,951000.0,283.5,285.0,280.0,283.0,951,269234000.0,0.0,0.0,0.0,0.0,999.0
4772,2026-06-23,283.0,283.5,275.0,275.0,807000.0,283.0,283.5,275.0,275.0,807,224132000.0,0.0,0.0,0.0,0.0,999.0
4772,2026-06-24,270.5,273.5,270.0,271.5,596000.0,270.5,273.5,270.0,271.5,596,161638500.0,0.0,0.0,0.0,0.0,999.0
4772,2026-06-25,272.5,275.0,270.5,270.5,530000.0,272.5,275.0,270.5,270.5,530,143993000.0,0.0,0.0,0.0,0.0,999.0
4772,2026-06-26,270.5,271.0,260.0,260.5,1286000.0,270.5,271.0,260.0,260.5,1286,340626500.0,0.0,0.0,0.0,0.0,999.0
4772,2026-06-29,261.5,273.5,261.5,267.0,711000.0,261.5,273.5,261.5,267.0,711,191384000.0,0.0,0.0,0.0,0.0,999.0
4772,2026-06-30,273.0,274.5,270.0,271.5,382000.0,273.0,274.5,270.0,271.5,382,103855500.0,0.0,0.0,0.0,0.0,999.0
4772,2026-07-01,274.5,280.0,272.0,275.5,694000.0,274.5,280.0,272.0,275.5,694,190977500.0,0.0,0.0,0.0,0.0,999.0
4772,2026-07-02,275.5,277.0,271.5,276.0,329000.0,275.5,277.0,271.5,276.0,329,90435000.0,0.0,0.0,0.0,0.0,999.0
4772,2026-07-03,277.5,286.0,273.5,281.0,982000.0,277.5,286.0,273.5,281.0,982,277091500.0,0.0,0.0,0.0,0.0,999.0
4772,2026-07-06,284.5,291.5,282.0,283.0,1251000.0,284.5,291.5,282.0,283.0,1251,358880500.0,0.0,0.0,0.0,0.0,999.0
4772,2026-07-07,284.0,285.0,270.0,270.0,722000.0,284.0,285.0,270.0,270.0,722,199101500.0,0.0,0.0,0.0,0.0,999.0
4772,2026-07-08,271.0,275.0,268.0,274.5,364000.0,271.0,275.0,268.0,274.5,364,98954000.0,0.0,0.0,0.0,0.0,999.0
4772,2026-07-09,277.0,277.0,269.0,270.5,332000.0,277.0,277.0,269.0,270.5,332,90201000.0,0.0,0.0,0.0,0.0,999.0
4772,2026-07-13,275.0,283.5,266.5,270.5,824000.0,275.0,283.5,266.5,270.5,824,225229500.0,0.0,0.0,0.0,0.0,999.0
4772,2026-07-14,269.0,272.5,252.5,263.5,913000.0,269.0,272.5,252.5,263.5,913,237174500.0,0.0,0.0,0.0,0.0,999.0
4772,2026-07-15,266.0,271.0,262.0,269.5,395000.0,266.0,271.0,262.0,269.5,395,105404500.0,0.0,0.0,0.0,0.0,999.0
4772,2026-07-16,267.5,268.5,263.0,264.5,379000.0,267.5,268.5,263.0,264.5,379,100501000.0,0.0,0.0,0.0,0.0,999.0
4772,2026-07-17,254.5,259.5,245.5,245.5,1072000.0,254.5,259.5,245.5,245.5,1072,269139000.0,0.0,0.0,0.0,0.0,999.0
4772,2026-07-20,248.0,248.0,228.0,236.0,1015000.0,248.0,248.0,228.0,236.0,1015,239778500.0,0.0,0.0,0.0,0.0,999.0
4772,2026-07-21,238.5,242.5,236.0,242.0,359000.0,238.5,242.5,236.0,242.0,359,86056000.0,0.0,0.0,0.0,0.0,999.0
4772,2026-07-22,247.5,248.0,241.0,242.5,425000.0,247.5,248.0,241.0,242.5,425,104107500.0,0.0,0.0,0.0,0.0,999.0
4772,2026-07-23,247.0,247.0,240.0,242.5,320000.0,247.0,247.0,240.0,242.5,320,77663500.0,0.0,0.0,0.0,0.0,999.0
4772,2026-07-24,242.5,242.5,233.0,234.0,466000.0,242.5,242.5,233.0,234.0,466,110102500.0,0.0,0.0,0.0,0.0,999.0
4772,2026-07-27,232.0,247.0,230.0,247.0,567000.0,232.0,247.0,230.0,247.0,567,134896000.0,0.0,0.0,0.0,0.0,999.0
4772,2026-07-28,239.5,243.0,229.0,229.0,681000.0,239.5,243.0,229.0,229.0,681,159484000.0,0.0,0.0,0.0,0.0,999.0
4772,2026-07-29,227.5,234.5,208.0,217.5,1164000.0,227.5,234.5,208.0,217.5,1164,253415000.0,0.0,0.0,0.0,0.0,999.0
4772,2026-07-30,208.0,217.0,205.0,207.0,875000.0,208.0,217.0,205.0,207.0,875,184404000.0,0.0,0.0,0.0,0.0,999.0
4772,2026-07-31,221.5,224.5,216.5,216.5,630000.0,221.5,224.5,216.5,216.5,630,138180500.0,0.0,0.0,0.0,0.0,999.0
4772,2026-08-03,214.0,230.5,213.5,228.5,621000.0,214.0,230.5,213.5,228.5,621,140428000.0,0.0,0.0,0.0,0.0,999.0
4772,2026-08-04,231.5,231.5,225.0,227.5,498000.0,231.5,231.5,225.0,227.5,498,113266000.0,0.0,0.0,0.0,0.0,999.0
4772,2026-08-05,235.0,241.5,233.0,237.0,631000.0,235.0,241.5,233.0,237.0,631,150049500.0,0.0,0.0,0.0,0.0,999.0
4772,2026-08-06,237.5,242.0,229.0,240.5,474000.0,237.5,242.0,229.0,240.5,474,112238500.0,0.0,0.0,0.0,0.0,999.0
4772,2026-08-07,242.5,242.5,233.0,233.0,388000.0,242.5,242.5,233.0,233.0,388,91963500.0,0.0,0.0,0.0,0.0,999.0
4772,2026-08-10,254.0,256.0,252.5,256.0,668000.0,254.0,256.0,252.5,256.0,668,170676000.0,0.0,0.0,0.0,0.0,999.0
4772,2026-08-11,263.5,263.5,245.5,251.5,1529000.0,263.5,263.5,245.5,251.5,1529,386560000.0,0.0,0.0,0.0,0.0,999.0
4772,2026-08-12,252.0,254.5,250.0,254.0,511000.0,252.0,254.5,250.0,254.0,511,128860000.0,0.0,0.0,0.0,0.0,999.0
4772,2026-08-13,255.0,259.0,255.0,255.0,433000.0,255.0,259.0,255.0,255.0,433,111157000.0,0.0,0.0,0.0,0.0,999.0
4772,2026-08-14,257.5,258.0,252.5,254.0,361000.0,257.5,258.0,252.5,254.0,361,91784000.0,0.0,0.0,0.0,0.0,999.0
4772,2026-08-17,255.0,261.5,254.5,255.0,531000.0,255.0,261.5,254.5,255.0,531,136406000.0,0.0,0.0,0.0,0.0,999.0
4772,2026-08-18,255.0,255.5,250.5,251.0,403000.0,255.0,255.5,250.5,251.0,403,101600000.0,0.0,0.0,0.0,0.0,999.0
4772,2026-08-19,245.0,250.5,243.5,247.5,467000.0,245.0,250.5,243.5,247.5,467,115508000.0,0.0,0.0,0.0,0.0,999.0
4953,2026-05-25,123.0,124.0,121.0,123.5,624000.0,123.0,124.0,121.0,123.5,624,76538000.0,0.0,0.0,0.0,0.0,999.0
4953,2026-05-26,123.5,124.0,121.0,122.0,331000.0,123.5,124.0,121.0,122.0,331,40441000.0,0.0,0.0,0.0,0.0,999.0
4953,2026-05-27,122.0,122.5,119.5,119.5,326000.0,122.0,122.5,119.5,119.5,326,39304500.0,0.0,0.0,0.0,0.0,999.0
4953,2026-05-28,120.0,123.5,120.0,120.0,440000.0,120.0,123.5,120.0,120.0,440,53275000.0,0.0,0.0,0.0,0.0,999.0
4953,2026-05-29,121.0,124.0,121.0,122.5,557000.0,121.0,124.0,121.0,122.5,557,68365000.0,0.0,0.0,0.0,0.0,999.0
4953,2026-06-01,125.0,134.0,125.0,132.0,2653000.0,125.0,134.0,125.0,132.0,2653,345237000.0,0.0,0.0,0.0,0.0,999.0
4953,2026-06-02,133.0,138.0,131.0,135.5,3117000.0,133.0,138.0,131.0,135.5,3117,418383000.0,0.0,0.0,0.0,0.0,999.0
4953,2026-06-03,142.0,143.0,135.5,140.5,3671000.0,142.0,143.0,135.5,140.5,3671,511890000.0,0.0,0.0,0.0,0.0,999.0
4953,2026-06-04,140.5,143.0,136.0,142.0,1536000.0,140.5,143.0,136.0,142.0,1536,214353500.0,0.0,0.0,0.0,0.0,999.0
4953,2026-06-05,143.0,145.5,139.0,143.0,2563000.0,143.0,145.5,139.0,143.0,2563,365863500.0,0.0,0.0,0.0,0.0,999.0
4953,2026-06-08,130.5,141.5,130.5,141.0,1759000.0,130.5,141.5,130.5,141.0,1759,242229000.0,0.0,0.0,0.0,0.0,999.0
4953,2026-06-09,144.0,145.5,142.0,143.0,1575000.0,144.0,145.5,142.0,143.0,1575,225635500.0,0.0,0.0,0.0,0.0,999.0
4953,2026-06-10,141.5,144.5,137.0,137.5,1225000.0,141.5,144.5,137.0,137.5,1225,171347000.0,0.0,0.0,0.0,0.0,999.0
4953,2026-06-11,136.0,139.0,134.0,134.5,949000.0,136.0,139.0,134.0,134.5,949,128953500.0,0.0,0.0,0.0,0.0,999.0
4953,2026-06-12,140.0,140.5,135.0,135.5,836000.0,140.0,140.5,135.0,135.5,836,115356500.0,0.0,0.0,0.0,0.0,999.0
4953,2026-06-15,138.0,138.5,134.5,136.0,789000.0,138.0,138.5,134.5,136.0,789,107424500.0,0.0,0.0,0.0,0.0,999.0
4953,2026-06-16,137.0,137.0,134.0,135.0,502000.0,137.0,137.0,134.0,135.0,502,67947000.0,0.0,0.0,0.0,0.0,999.0
4953,2026-06-17,133.5,135.5,131.5,133.0,528000.0,133.5,135.5,131.5,133.0,528,70217500.0,0.0,0.0,0.0,0.0,999.0
4953,2026-06-18,134.0,134.5,132.0,132.5,582000.0,134.0,134.5,132.0,132.5,582,77272000.0,0.0,0.0,0.0,0.0,999.0
4953,2026-06-22,134.0,134.5,132.0,132.5,500000.0,134.0,134.5,132.0,132.5,500,66414500.0,0.0,0.0,0.0,0.0,999.0
4953,2026-06-23,133.5,134.0,128.0,128.5,762000.0,133.5,134.0,128.0,128.5,762,99014000.0,0.0,0.0,0.0,0.0,999.0
4953,2026-06-24,127.0,128.0,125.0,126.5,505000.0,127.0,128.0,125.0,126.5,505,63828000.0,0.0,0.0,0.0,0.0,999.0
4953,2026-06-25,128.0,129.5,126.5,126.5,356000.0,128.0,129.5,126.5,126.5,356,45391500.0,0.0,0.0,0.0,0.0,999.0
4953,2026-06-26,125.5,125.5,122.5,122.5,669000.0,125.5,125.5,122.5,122.5,669,82760000.0,0.0,0.0,0.0,0.0,999.0
4953,2026-06-29,124.0,126.0,122.5,125.0,377000.0,124.0,126.0,122.5,125.0,377,46927500.0,0.0,0.0,0.0,0.0,999.0
4953,2026-06-30,122.0,123.5,120.5,123.0,408000.0,122.0,123.5,120.5,123.0,408,49774500.0,0.0,0.0,0.0,0.0,999.0
4953,2026-07-01,123.0,123.5,120.0,122.5,435000.0,123.0,123.5,120.0,122.5,435,52934000.0,0.0,0.0,0.0,0.0,999.0
4953,2026-07-02,122.5,125.5,122.0,124.5,423000.0,122.5,125.5,122.0,124.5,423,52546500.0,0.0,0.0,0.0,0.0,999.0
4953,2026-07-03,124.5,128.5,124.5,128.0,405000.0,124.5,128.5,124.5,128.0,405,51529500.0,0.0,0.0,0.0,0.0,999.0
4953,2026-07-06,129.0,131.0,127.5,129.5,497000.0,129.0,131.0,127.5,129.5,497,64581500.0,0.0,0.0,0.0,0.0,999.0
4953,2026-07-07,130.0,131.0,126.5,127.0,402000.0,130.0,131.0,126.5,127.0,402,51550000.0,0.0,0.0,0.0,0.0,999.0
4953,2026-07-08,127.0,128.0,123.5,125.5,238000.0,127.0,128.0,123.5,125.5,238,29771000.0,0.0,0.0,0.0,0.0,999.0
4953,2026-07-09,128.0,128.0,125.5,127.5,265000.0,128.0,128.0,125.5,127.5,265,33624000.0,0.0,0.0,0.0,0.0,999.0
4953,2026-07-13,128.5,130.5,124.5,124.5,354000.0,128.5,130.5,124.5,124.5,354,45069000.0,0.0,0.0,0.0,0.0,999.0
4953,2026-07-14,124.0,124.5,119.5,121.0,404000.0,124.0,124.5,119.5,121.0,404,48956000.0,0.0,0.0,0.0,0.0,999.0
4953,2026-07-15,122.5,125.5,121.5,125.0,287000.0,122.5,125.5,121.5,125.0,287,35676000.0,0.0,0.0,0.0,0.0,999.0
4953,2026-07-16,124.5,128.0,124.0,125.5,211000.0,124.5,128.0,124.0,125.5,211,26620500.0,0.0,0.0,0.0,0.0,999.0
4953,2026-07-17,125.0,125.5,120.5,121.5,299000.0,125.0,125.5,120.5,121.5,299,36560000.0,0.0,0.0,0.0,0.0,999.0
4953,2026-07-20,121.5,123.0,119.0,121.5,333000.0,121.5,123.0,119.0,121.5,333,40023500.0,0.0,0.0,0.0,0.0,999.0
4953,2026-07-21,121.0,124.5,121.0,123.5,205000.0,121.0,124.5,121.0,123.5,205,25236500.0,0.0,0.0,0.0,0.0,999.0
4953,2026-07-22,123.5,127.5,123.5,126.5,304000.0,123.5,127.5,123.5,126.5,304,38399500.0,0.0,0.0,0.0,0.0,999.0
4953,2026-07-23,127.5,128.5,124.5,125.0,302000.0,127.5,128.5,124.5,125.0,302,38056500.0,0.0,0.0,0.0,0.0,999.0
4953,2026-07-24,125.0,126.0,123.5,124.0,232000.0,125.0,126.0,123.5,124.0,232,28815000.0,0.0,0.0,0.0,0.0,999.0
4953,2026-07-27,123.5,124.0,121.0,123.0,215000.0,123.5,124.0,121.0,123.0,215,26291000.0,0.0,0.0,0.0,0.0,999.0
4953,2026-07-28,121.5,122.0,119.5,119.5,409000.0,121.5,122.0,119.5,119.5,409,49185000.0,0.0,0.0,0.0,0.0,999.0
4953,2026-07-29,120.0,121.5,115.0,118.0,466000.0,120.0,121.5,115.0,118.0,466,54764500.0,0.0,0.0,0.0,0.0,999.0
4953,2026-07-30,117.0,119.5,115.5,117.0,239000.0,117.0,119.5,115.5,117.0,239,28005000.0,0.0,0.0,0.0,0.0,999.0
4953,2026-07-31,122.0,123.0,120.0,120.5,186000.0,122.0,123.0,120.0,120.5,186,22525500.0,0.0,0.0,0.0,0.0,999.0
4953,2026-08-03,119.5,125.0,119.5,124.5,206000.0,119.5,125.0,119.5,124.5,206,25430500.0,0.0,0.0,0.0,0.0,999.0
4953,2026-08-04,125.5,130.5,125.0,129.0,694000.0,125.5,130.5,125.0,129.0,694,89027000.0,0.0,0.0,0.0,0.0,999.0
4953,2026-08-05,132.0,132.5,129.5,130.0,738000.0,132.0,132.5,129.5,130.0,738,96690000.0,0.0,0.0,0.0,0.0,999.0
4953,2026-08-06,130.0,131.0,126.5,127.5,321000.0,130.0,131.0,126.5,127.5,321,41054500.0,0.0,0.0,0.0,0.0,999.0
4953,2026-08-07,130.0,130.0,125.0,125.5,417000.0,130.0,130.0,125.0,125.5,417,52725500.0,0.0,0.0,0.0,0.0,999.0
4953,2026-08-10,126.0,127.0,124.0,127.0,266000.0,126.0,127.0,124.0,127.0,266,33601500.0,0.0,0.0,0.0,0.0,999.0
4953,2026-08-11,127.0,127.0,124.5,125.0,163000.0,127.0,127.0,124.5,125.0,163,20395000.0,0.0,0.0,0.0,0.0,999.0
4953,2026-08-12,125.0,126.0,125.0,125.0,142000.0,125.0,126.0,125.0,125.0,142,17801500.0,0.0,0.0,0.0,0.0,999.0
4953,2026-08-13,126.5,128.0,125.5,125.5,220000.0,126.5,128.0,125.5,125.5,220,27841500.0,0.0,0.0,0.0,0.0,999.0
4953,2026-08-14,127.0,127.0,125.5,127.0,192000.0,127.0,127.0,125.5,127.0,192,24225500.0,0.0,0.0,0.0,0.0,999.0
4953,2026-08-17,127.5,127.5,124.5,125.0,176000.0,127.5,127.5,124.5,125.0,176,22044000.0,0.0,0.0,0.0,0.0,999.0
4953,2026-08-18,125.0,125.0,122.5,122.5,182000.0,125.0,125.0,122.5,122.5,182,22444000.0,0.0,0.0,0.0,0.0,999.0
4953,2026-08-19,120.5,123.5,120.5,123.0,176000.0,120.5,123.5,120.5,123.0,176,21545500.0,0.0,0.0,0.0,0.0,999.0
5205,2026-05-25,23.7,23.7,23.7,23.7,1000.0,23.7,23.7,23.7,23.7,1,23700.0,0.0,0.0,0.0,0.0,999.0
5205,2026-05-26,23.85,23.85,23.85,23.85,1000.0,23.85,23.85,23.85,23.85,1,23850.0,0.0,0.0,0.0,0.0,999.0
5205,2026-05-27,23.85,23.85,23.85,23.85,1000.0,23.85,23.85,23.85,23.85,1,23850.0,0.0,0.0,0.0,0.0,999.0
5205,2026-05-28,23.8,23.8,21.6,23.45,11000.0,23.8,23.8,21.6,23.45,11,253750.0,0.0,0.0,0.0,0.0,999.0
5205,2026-05-29,23.65,23.65,21.85,23.5,4000.0,23.65,23.65,21.85,23.5,4,91800.0,0.0,0.0,0.0,0.0,999.0
5205,2026-06-01,23.3,23.3,23.3,23.3,1000.0,23.3,23.3,23.3,23.3,1,23300.0,0.0,0.0,0.0,0.0,999.0
5205,2026-06-02,23.7,23.7,21.35,21.65,10000.0,23.7,23.7,21.35,21.65,10,224150.0,0.0,0.0,0.0,0.0,999.0
5205,2026-06-03,21.1,22.7,21.1,22.65,10000.0,21.1,22.7,21.1,22.65,10,220350.0,0.0,0.0,0.0,0.0,999.0
5205,2026-06-04,21.15,22.7,21.15,22.7,2000.0,21.15,22.7,21.15,22.7,2,43850.0,0.0,0.0,0.0,0.0,999.0
5205,2026-06-05,22.55,23.25,22.55,22.75,7000.0,22.55,23.25,22.55,22.75,7,159250.0,0.0,0.0,0.0,0.0,999.0
5205,2026-06-08,22.8,22.8,22.8,22.8,1000.0,22.8,22.8,22.8,22.8,1,22800.0,0.0,0.0,0.0,0.0,999.0
5205,2026-06-09,22.85,23.45,22.85,23.45,2000.0,22.85,23.45,22.85,23.45,2,46300.0,0.0,0.0,0.0,0.0,999.0
5205,2026-06-10,23.5,23.5,23.5,23.5,1000.0,23.5,23.5,23.5,23.5,1,23500.0,0.0,0.0,0.0,0.0,999.0
5205,2026-06-11,23.55,23.7,23.5,23.7,5000.0,23.55,23.7,23.5,23.7,5,117750.0,0.0,0.0,0.0,0.0,999.0
5205,2026-06-12,23.75,24.95,22.8,24.95,12000.0,23.75,24.95,22.8,24.95,12,280900.0,0.0,0.0,0.0,0.0,999.0
5205,2026-06-15,25.0,25.0,24.75,24.95,5000.0,25.0,25.0,24.75,24.95,5,124500.0,0.0,0.0,0.0,0.0,999.0
5205,2026-06-16,25.05,26.3,25.0,25.85,10000.0,25.05,26.3,25.0,25.85,10,255100.0,0.0,0.0,0.0,0.0,999.0
5205,2026-06-17,25.5,25.5,25.4,25.4,2000.0,25.5,25.5,25.4,25.4,2,50900.0,0.0,0.0,0.0,0.0,999.0
5205,2026-06-18,25.25,25.25,22.95,24.9,17000.0,25.25,25.25,22.95,24.9,17,399700.0,0.0,0.0,0.0,0.0,999.0
5205,2026-06-22,24.8,24.8,23.1,23.2,5000.0,24.8,24.8,23.1,23.2,5,119650.0,0.0,0.0,0.0,0.0,999.0
5205,2026-06-23,24.85,24.85,23.0,23.25,17000.0,24.85,24.85,23.0,23.25,17,405400.0,0.0,0.0,0.0,0.0,999.0
5205,2026-06-24,23.75,23.75,21.75,23.45,5000.0,23.75,23.75,21.75,23.45,5,114600.0,0.0,0.0,0.0,0.0,999.0
5205,2026-06-25,22.65,23.4,22.65,23.4,2000.0,22.65,23.4,22.65,23.4,2,46050.0,0.0,0.0,0.0,0.0,999.0
5205,2026-06-26,24.1,24.1,23.95,23.95,3000.0,24.1,24.1,23.95,23.95,3,72000.0,0.0,0.0,0.0,0.0,999.0
5205,2026-06-29,24.6,24.6,24.55,24.55,2000.0,24.6,24.6,24.55,24.55,2,49150.0,0.0,0.0,0.0,0.0,999.0
5205,2026-06-30,24.95,24.95,22.45,24.1,9000.0,24.95,24.95,22.45,24.1,9,208250.0,0.0,0.0,0.0,0.0,999.0
5205,2026-07-01,24.35,24.35,24.35,24.35,1000.0,24.35,24.35,24.35,24.35,1,24350.0,0.0,0.0,0.0,0.0,999.0
5205,2026-07-02,25.2,25.2,22.95,24.55,7000.0,25.2,25.2,22.95,24.55,7,166250.0,0.0,0.0,0.0,0.0,999.0
5205,2026-07-03,24.9,24.9,22.9,24.5,13000.0,24.9,24.9,22.9,24.5,13,310950.0,0.0,0.0,0.0,0.0,999.0
5205,2026-07-06,24.4,24.4,22.5,23.95,7000.0,24.4,24.4,22.5,23.95,7,162350.0,0.0,0.0,0.0,0.0,999.0
5205,2026-07-07,21.9,22.9,21.9,22.6,9000.0,21.9,22.9,21.9,22.6,9,200500.0,0.0,0.0,0.0,0.0,999.0
5205,2026-07-08,22.6,22.6,22.5,22.5,2000.0,22.6,22.6,22.5,22.5,2,45100.0,0.0,0.0,0.0,0.0,999.0
5205,2026-07-09,22.7,23.1,22.7,23.1,2000.0,22.7,23.1,22.7,23.1,2,45800.0,0.0,0.0,0.0,0.0,999.0
5205,2026-07-13,23.1,23.1,23.1,23.1,1000.0,23.1,23.1,23.1,23.1,1,23100.0,0.0,0.0,0.0,0.0,999.0
5205,2026-07-15,20.6,22.15,20.6,22.15,5000.0,20.6,22.15,20.6,22.15,5,106600.0,0.0,0.0,0.0,0.0,999.0
5205,2026-07-16,21.4,22.1,20.45,21.45,8000.0,21.4,22.1,20.45,21.45,8,170250.0,0.0,0.0,0.0,0.0,999.0
5205,2026-07-17,21.9,21.9,21.5,21.7,3000.0,21.9,21.9,21.5,21.7,3,65100.0,0.0,0.0,0.0,0.0,999.0
5205,2026-07-20,21.9,21.9,21.9,21.9,1000.0,21.9,21.9,21.9,21.9,1,21900.0,0.0,0.0,0.0,0.0,999.0
5205,2026-07-21,22.25,22.25,22.1,22.1,2000.0,22.25,22.25,22.1,22.1,2,44350.0,0.0,0.0,0.0,0.0,999.0
5205,2026-07-22,22.25,22.25,22.25,22.25,1000.0,22.25,22.25,22.25,22.25,1,22250.0,0.0,0.0,0.0,0.0,999.0
5205,2026-07-23,22.1,22.35,22.1,22.35,2000.0,22.1,22.35,22.1,22.35,2,44450.0,0.0,0.0,0.0,0.0,999.0
5205,2026-07-24,22.3,22.3,20.3,22.1,9000.0,22.3,22.3,20.3,22.1,9,189100.0,0.0,0.0,0.0,0.0,999.0
5205,2026-07-27,22.05,22.05,22.05,22.05,1000.0,22.05,22.05,22.05,22.05,1,22050.0,0.0,0.0,0.0,0.0,999.0
5205,2026-07-28,22.1,22.1,22.1,22.1,1000.0,22.1,22.1,22.1,22.1,1,22100.0,0.0,0.0,0.0,0.0,999.0
5205,2026-07-29,22.05,22.05,22.05,22.05,1000.0,22.05,22.05,22.05,22.05,1,22050.0,0.0,0.0,0.0,0.0,999.0
5205,2026-07-30,22.1,22.1,22.1,22.1,1000.0,22.1,22.1,22.1,22.1,1,22100.0,0.0,0.0,0.0,0.0,999.0
5205,2026-07-31,22.05,22.05,20.55,21.8,7000.0,22.05,22.05,20.55,21.8,7,151300.0,0.0,0.0,0.0,0.0,999.0
5205,2026-08-03,21.8,21.8,21.8,21.8,1000.0,21.8,21.8,21.8,21.8,1,21800.0,0.0,0.0,0.0,0.0,999.0
5205,2026-08-04,21.8,21.8,21.75,21.75,6000.0,21.8,21.8,21.75,21.75,6,130750.0,0.0,0.0,0.0,0.0,999.0
5205,2026-08-05,21.85,21.85,21.85,21.85,1000.0,21.85,21.85,21.85,21.85,1,21850.0,0.0,0.0,0.0,0.0,999.0
5205,2026-08-06,21.85,21.85,21.85,21.85,5000.0,21.85,21.85,21.85,21.85,5,109250.0,0.0,0.0,0.0,0.0,999.0
5205,2026-08-07,21.95,21.95,21.95,21.95,1000.0,21.95,21.95,21.95,21.95,1,21950.0,0.0,0.0,0.0,0.0,999.0
5205,2026-08-10,22.05,22.05,20.1,21.85,7000.0,22.05,22.05,20.1,21.85,7,146850.0,0.0,0.0,0.0,0.0,999.0
5205,2026-08-11,21.1,21.75,21.1,21.75,2000.0,21.1,21.75,21.1,21.75,2,42850.0,0.0,0.0,0.0,0.0,999.0
5205,2026-08-12,21.7,21.7,21.7,21.7,1000.0,21.7,21.7,21.7,21.7,1,21700.0,0.0,0.0,0.0,0.0,999.0
5205,2026-08-13,21.7,21.7,21.7,21.7,1000.0,21.7,21.7,21.7,21.7,1,21700.0,0.0,0.0,0.0,0.0,999.0
5205,2026-08-14,21.9,21.9,21.9,21.9,1000.0,21.9,21.9,21.9,21.9,1,21900.0,0.0,0.0,0.0,0.0,999.0
5205,2026-08-17,21.9,21.9,20.25,20.85,8000.0,21.9,21.9,20.25,20.85,8,166000.0,0.0,0.0,0.0,0.0,999.0
5205,2026-08-18,20.65,20.65,20.65,20.65,1000.0,20.65,20.65,20.65,20.65,1,20650.0,0.0,0.0,0.0,0.0,999.0
5205,2026-08-19,20.65,20.65,20.65,20.65,6000.0,20.65,20.65,20.65,20.65,6,123900.0,0.0,0.0,0.0,0.0,999.0
5276,2026-05-25,18.7,19.8,18.7,19.8,64000.0,18.7,19.8,18.7,19.8,64,1225700.0,0.0,0.0,0.0,0.0,999.0
5276,2026-05-26,19.8,19.8,19.35,19.65,48000.0,19.8,19.8,19.35,19.65,48,934550.0,0.0,0.0,0.0,0.0,999.0
5276,2026-05-27,19.8,20.65,19.65,19.9,51000.0,19.8,20.65,19.65,19.9,51,1015000.0,0.0,0.0,0.0,0.0,999.0
5276,2026-05-28,19.3,19.4,19.1,19.4,9000.0,19.3,19.4,19.1,19.4,9,173400.0,0.0,0.0,0.0,0.0,999.0
5276,2026-05-29,19.2,20.0,19.1,19.2,26000.0,19.2,20.0,19.1,19.2,26,501550.0,0.0,0.0,0.0,0.0,999.0
5276,2026-06-01,20.25,20.25,19.1,19.7,22000.0,20.25,20.25,19.1,19.7,22,426350.0,0.0,0.0,0.0,0.0,999.0
5276,2026-06-02,19.1,19.45,19.0,19.45,23000.0,19.1,19.45,19.0,19.45,23,440050.0,0.0,0.0,0.0,0.0,999.0
5276,2026-06-03,19.2,19.7,19.1,19.1,24000.0,19.2,19.7,19.1,19.1,24,464100.0,0.0,0.0,0.0,0.0,999.0
5276,2026-06-04,20.5,20.5,19.35,19.9,47000.0,20.5,20.5,19.35,19.9,47,930850.0,0.0,0.0,0.0,0.0,999.0
5276,2026-06-05,19.9,19.9,18.0,19.4,125000.0,19.9,19.9,18.0,19.4,125,2300500.0,0.0,0.0,0.0,0.0,999.0
5276,2026-06-08,17.95,18.5,17.95,18.3,39000.0,17.95,18.5,17.95,18.3,39,712250.0,0.0,0.0,0.0,0.0,999.0
5276,2026-06-09,18.3,18.8,18.25,18.5,29000.0,18.3,18.8,18.25,18.5,29,532750.0,0.0,0.0,0.0,0.0,999.0
5276,2026-06-10,18.25,18.25,18.0,18.25,22000.0,18.25,18.25,18.0,18.25,22,397200.0,0.0,0.0,0.0,0.0,999.0
5276,2026-06-11,18.15,18.15,18.15,18.15,1000.0,18.15,18.15,18.15,18.15,1,18150.0,0.0,0.0,0.0,0.0,999.0
5276,2026-06-12,18.2,18.3,18.15,18.3,6000.0,18.2,18.3,18.15,18.3,6,109100.0,0.0,0.0,0.0,0.0,999.0
5276,2026-06-15,17.85,18.5,17.85,18.5,10000.0,17.85,18.5,17.85,18.5,10,182500.0,0.0,0.0,0.0,0.0,999.0
5276,2026-06-16,18.45,18.5,18.3,18.5,9000.0,18.45,18.5,18.3,18.5,9,165800.0,0.0,0.0,0.0,0.0,999.0
5276,2026-06-17,18.6,18.6,18.5,18.5,3000.0,18.6,18.6,18.5,18.5,3,55600.0,0.0,0.0,0.0,0.0,999.0
5276,2026-06-18,18.5,18.65,18.0,18.65,25000.0,18.5,18.65,18.0,18.65,25,458750.0,0.0,0.0,0.0,0.0,999.0
5276,2026-06-22,18.45,18.7,18.45,18.7,16000.0,18.45,18.7,18.45,18.7,16,297300.0,0.0,0.0,0.0,0.0,999.0
5276,2026-06-23,19.2,19.25,18.35,18.35,12000.0,19.2,19.25,18.35,18.35,12,226050.0,0.0,0.0,0.0,0.0,999.0
5276,2026-06-24,18.25,18.55,18.2,18.55,9000.0,18.25,18.55,18.2,18.55,9,164500.0,0.0,0.0,0.0,0.0,999.0
5276,2026-06-25,18.2,18.4,17.9,18.25,26000.0,18.2,18.4,17.9,18.25,26,469600.0,0.0,0.0,0.0,0.0,999.0
5276,2026-06-26,18.0,18.0,17.8,17.8,6000.0,18.0,18.0,17.8,17.8,6,107800.0,0.0,0.0,0.0,0.0,999.0
5276,2026-06-29,18.2,18.7,17.9,18.65,23000.0,18.2,18.7,17.9,18.65,23,422200.0,0.0,0.0,0.0,0.0,999.0
5276,2026-06-30,18.65,18.7,18.65,18.7,15000.0,18.65,18.7,18.65,18.7,15,279800.0,0.0,0.0,0.0,0.0,999.0
5276,2026-07-01,18.5,19.05,18.4,19.05,7000.0,18.5,19.05,18.4,19.05,7,129750.0,0.0,0.0,0.0,0.0,999.0
5276,2026-07-02,19.05,19.3,18.8,19.25,11000.0,19.05,19.3,18.8,19.25,11,209100.0,0.0,0.0,0.0,0.0,999.0
5276,2026-07-03,19.25,19.7,19.2,19.7,24000.0,19.25,19.7,19.2,19.7,24,467550.0,0.0,0.0,0.0,0.0,999.0
5276,2026-07-06,19.4,19.5,19.2,19.5,10000.0,19.4,19.5,19.2,19.5,10,193300.0,0.0,0.0,0.0,0.0,999.0
5276,2026-07-07,19.3,19.8,19.0,19.75,22000.0,19.3,19.8,19.0,19.75,22,424800.0,0.0,0.0,0.0,0.0,999.0
5276,2026-07-09,19.1,19.3,18.55,19.3,18000.0,19.1,19.3,18.55,19.3,18,339100.0,0.0,0.0,0.0,0.0,999.0
5276,2026-07-13,19.2,19.2,18.9,19.0,11000.0,19.2,19.2,18.9,19.0,11,209100.0,0.0,0.0,0.0,0.0,999.0
5276,2026-07-14,18.55,19.3,18.55,19.3,12000.0,18.55,19.3,18.55,19.3,12,226900.0,0.0,0.0,0.0,0.0,999.0
5276,2026-07-15,19.35,19.35,19.35,19.35,2000.0,19.35,19.35,19.35,19.35,2,38700.0,0.0,0.0,0.0,0.0,999.0
5276,2026-07-16,18.6,19.25,18.6,19.25,3000.0,18.6,19.25,18.6,19.25,3,57100.0,0.0,0.0,0.0,0.0,999.0
5276,2026-07-20,19.25,19.25,19.15,19.2,8000.0,19.25,19.25,19.15,19.2,8,153450.0,0.0,0.0,0.0,0.0,999.0
5276,2026-07-21,18.4,18.85,18.4,18.75,8000.0,18.4,18.85,18.4,18.75,8,148450.0,0.0,0.0,0.0,0.0,999.0
5276,2026-07-22,19.05,19.1,18.2,18.9,12000.0,19.05,19.1,18.2,18.9,12,225300.0,0.0,0.0,0.0,0.0,999.0
5276,2026-07-23,19.05,19.05,19.05,19.05,1000.0,19.05,19.05,19.05,19.05,1,19050.0,0.0,0.0,0.0,0.0,999.0
5276,2026-07-24,18.4,19.2,18.4,19.2,4000.0,18.4,19.2,18.4,19.2,4,75550.0,0.0,0.0,0.0,0.0,999.0
5276,2026-07-27,19.65,19.65,18.15,18.5,10000.0,19.65,19.65,18.15,18.5,10,186050.0,0.0,0.0,0.0,0.0,999.0
5276,2026-07-28,18.0,18.4,17.7,18.4,6000.0,18.0,18.4,17.7,18.4,6,107800.0,0.0,0.0,0.0,0.0,999.0
5276,2026-07-30,17.6,18.2,17.2,18.15,28000.0,17.6,18.2,17.2,18.15,28,488450.0,0.0,0.0,0.0,0.0,999.0
5276,2026-07-31,18.4,19.0,18.0,19.0,8000.0,18.4,19.0,18.0,19.0,8,146850.0,0.0,0.0,0.0,0.0,999.0
5276,2026-08-03,18.75,18.75,18.15,18.6,6000.0,18.75,18.75,18.15,18.6,6,110650.0,0.0,0.0,0.0,0.0,999.0
5276,2026-08-04,18.6,18.9,18.3,18.8,8000.0,18.6,18.9,18.3,18.8,8,149000.0,0.0,0.0,0.0,0.0,999.0
5276,2026-08-05,18.25,19.55,18.15,19.55,9000.0,18.25,19.55,18.15,19.55,9,167900.0,0.0,0.0,0.0,0.0,999.0
5276,2026-08-06,19.05,19.05,19.05,19.05,1000.0,19.05,19.05,19.05,19.05,1,19050.0,0.0,0.0,0.0,0.0,999.0
5276,2026-08-07,18.95,18.95,18.95,18.95,1000.0,18.95,18.95,18.95,18.95,1,18950.0,0.0,0.0,0.0,0.0,999.0
5276,2026-08-10,18.6,19.75,18.2,19.75,31000.0,18.6,19.75,18.2,19.75,31,578550.0,0.0,0.0,0.0,0.0,999.0
5276,2026-08-11,19.0,19.1,18.85,18.85,5000.0,19.0,19.1,18.85,18.85,5,94950.0,0.0,0.0,0.0,0.0,999.0
5276,2026-08-12,18.85,18.85,18.25,18.8,6000.0,18.85,18.85,18.25,18.8,6,111150.0,0.0,0.0,0.0,0.0,999.0
5276,2026-08-13,19.2,19.2,19.2,19.2,2000.0,19.2,19.2,19.2,19.2,2,38400.0,0.0,0.0,0.0,0.0,999.0
5276,2026-08-14,18.7,18.9,18.2,18.9,7000.0,18.7,18.9,18.2,18.9,7,129700.0,0.0,0.0,0.0,0.0,999.0
5276,2026-08-17,18.5,18.85,18.45,18.85,6000.0,18.5,18.85,18.45,18.85,6,111350.0,0.0,0.0,0.0,0.0,999.0
5276,2026-08-18,18.8,19.9,18.2,19.8,50000.0,18.8,19.9,18.2,19.8,50,957950.0,0.0,0.0,0.0,0.0,999.0
5276,2026-08-19,19.5,19.7,19.4,19.65,13000.0,19.5,19.7,19.4,19.65,13,253600.0,0.0,0.0,0.0,0.0,999.0
5344,2026-05-25,16.25,16.3,16.1,16.1,75000.0,16.25,16.3,16.1,16.1,75,1213200.0,0.0,0.0,0.0,0.0,999.0
5344,2026-05-26,16.15,16.15,15.6,15.6,121000.0,16.15,16.15,15.6,15.6,121,1907350.0,0.0,0.0,0.0,0.0,999.0
5344,2026-05-27,15.6,15.95,15.55,15.7,53000.0,15.6,15.95,15.55,15.7,53,830200.0,0.0,0.0,0.0,0.0,999.0
5344,2026-05-28,15.7,15.7,15.25,15.3,107000.0,15.7,15.7,15.25,15.3,107,1656800.0,0.0,0.0,0.0,0.0,999.0
5344,2026-05-29,15.85,16.0,15.05,15.6,139000.0,15.85,16.0,15.05,15.6,139,2188700.0,0.0,0.0,0.0,0.0,999.0
5344,2026-06-01,15.6,16.0,15.3,15.85,125000.0,15.6,16.0,15.3,15.85,125,1943450.0,0.0,0.0,0.0,0.0,999.0
5344,2026-06-02,16.0,16.45,15.85,16.0,180000.0,16.0,16.45,15.85,16.0,180,2882900.0,0.0,0.0,0.0,0.0,999.0
5344,2026-06-03,16.2,17.0,16.1,16.9,346000.0,16.2,17.0,16.1,16.9,346,5753050.0,0.0,0.0,0.0,0.0,999.0
5344,2026-06-04,16.9,16.9,16.35,16.5,125000.0,16.9,16.9,16.35,16.5,125,2070850.0,0.0,0.0,0.0,0.0,999.0
5344,2026-06-05,16.25,16.25,16.05,16.05,103000.0,16.25,16.25,16.05,16.05,103,1663250.0,0.0,0.0,0.0,0.0,999.0
5344,2026-06-08,15.15,16.1,15.15,16.1,62000.0,15.15,16.1,15.15,16.1,62,958900.0,0.0,0.0,0.0,0.0,999.0
5344,2026-06-09,16.15,16.2,15.8,15.85,69000.0,16.15,16.2,15.8,15.85,69,1105500.0,0.0,0.0,0.0,0.0,999.0
5344,2026-06-10,16.3,16.4,15.5,15.55,84000.0,16.3,16.4,15.5,15.55,84,1324100.0,0.0,0.0,0.0,0.0,999.0
5344,2026-06-11,15.45,15.5,15.3,15.4,37000.0,15.45,15.5,15.3,15.4,37,568750.0,0.0,0.0,0.0,0.0,999.0
5344,2026-06-12,16.1,16.1,15.6,15.8,21000.0,16.1,16.1,15.6,15.8,21,335250.0,0.0,0.0,0.0,0.0,999.0
5344,2026-06-15,15.8,15.95,15.6,15.7,51000.0,15.8,15.95,15.6,15.7,51,804700.0,0.0,0.0,0.0,0.0,999.0
5344,2026-06-16,15.7,15.9,15.15,15.6,94000.0,15.7,15.9,15.15,15.6,94,1450850.0,0.0,0.0,0.0,0.0,999.0
5344,2026-06-17,15.45,15.95,15.3,15.6,40000.0,15.45,15.95,15.3,15.6,40,619650.0,0.0,0.0,0.0,0.0,999.0
5344,2026-06-18,15.75,15.8,15.5,15.65,32000.0,15.75,15.8,15.5,15.65,32,499850.0,0.0,0.0,0.0,0.0,999.0
5344,2026-06-22,16.0,17.2,15.85,17.2,665000.0,16.0,17.2,15.85,17.2,665,11304750.0,0.0,0.0,0.0,0.0,999.0
5344,2026-06-23,16.5,16.95,16.35,16.55,413000.0,16.5,16.95,16.35,16.55,413,6850550.0,0.0,0.0,0.0,0.0,999.0
5344,2026-06-24,16.3,17.05,16.3,17.05,147000.0,16.3,17.05,16.3,17.05,147,2457450.0,0.0,0.0,0.0,0.0,999.0
5344,2026-06-25,17.05,17.2,16.5,16.5,175000.0,17.05,17.2,16.5,16.5,175,2929700.0,0.0,0.0,0.0,0.0,999.0
5344,2026-06-26,16.7,16.7,15.5,15.65,136000.0,16.7,16.7,15.5,15.65,136,2186250.0,0.0,0.0,0.0,0.0,999.0
5344,2026-06-29,15.55,15.65,15.15,15.5,144000.0,15.55,15.65,15.15,15.5,144,2211000.0,0.0,0.0,0.0,0.0,999.0
5344,2026-06-30,15.4,15.75,15.25,15.6,95000.0,15.4,15.75,15.25,15.6,95,1469650.0,0.0,0.0,0.0,0.0,999.0
5344,2026-07-01,15.8,16.1,15.35,15.35,69000.0,15.8,16.1,15.35,15.35,69,1081500.0,0.0,0.0,0.0,0.0,999.0
5344,2026-07-02,15.4,15.5,15.35,15.5,20000.0,15.4,15.5,15.35,15.5,20,308000.0,0.0,0.0,0.0,0.0,999.0
5344,2026-07-03,15.5,15.95,15.5,15.95,70000.0,15.5,15.95,15.5,15.95,70,1105250.0,0.0,0.0,0.0,0.0,999.0
5344,2026-07-06,16.1,17.5,16.1,17.5,771000.0,16.1,17.5,16.1,17.5,771,13341100.0,0.0,0.0,0.0,0.0,999.0
5344,2026-07-07,17.25,17.5,16.5,16.55,483000.0,17.25,17.5,16.5,16.55,483,8220150.0,0.0,0.0,0.0,0.0,999.0
5344,2026-07-08,16.75,17.05,15.95,16.75,135000.0,16.75,17.05,15.95,16.75,135,2211000.0,0.0,0.0,0.0,0.0,999.0
5344,2026-07-09,16.75,17.2,16.25,16.3,137000.0,16.75,17.2,16.25,16.3,137,2282950.0,0.0,0.0,0.0,0.0,999.0
5344,2026-07-13,16.3,16.3,15.85,15.9,86000.0,16.3,16.3,15.85,15.9,86,1380000.0,0.0,0.0,0.0,0.0,999.0
5344,2026-07-14,15.9,15.9,15.45,15.7,57000.0,15.9,15.9,15.45,15.7,57,890100.0,0.0,0.0,0.0,0.0,999.0
5344,2026-07-15,15.5,16.2,15.5,16.2,47000.0,15.5,16.2,15.5,16.2,47,739450.0,0.0,0.0,0.0,0.0,999.0
5344,2026-07-16,15.75,15.85,15.75,15.8,15000.0,15.75,15.85,15.75,15.8,15,237000.0,0.0,0.0,0.0,0.0,999.0
5344,2026-07-17,15.5,15.85,15.25,15.3,51000.0,15.5,15.85,15.25,15.3,51,786250.0,0.0,0.0,0.0,0.0,999.0
5344,2026-07-20,15.3,15.3,14.8,14.85,103000.0,15.3,15.3,14.8,14.85,103,1536800.0,0.0,0.0,0.0,0.0,999.0
5344,2026-07-21,14.85,15.2,14.85,15.0,44000.0,14.85,15.2,14.85,15.0,44,657900.0,0.0,0.0,0.0,0.0,999.0
5344,2026-07-22,15.05,15.15,14.95,15.15,48000.0,15.05,15.15,14.95,15.15,48,721150.0,0.0,0.0,0.0,0.0,999.0
5344,2026-07-23,15.15,15.15,14.4,14.8,83000.0,15.15,15.15,14.4,14.8,83,1220900.0,0.0,0.0,0.0,0.0,999.0
5344,2026-07-24,14.85,15.05,14.8,14.8,15000.0,14.85,15.05,14.8,14.8,15,222600.0,0.0,0.0,0.0,0.0,999.0
5344,2026-07-27,14.55,14.7,14.55,14.7,3000.0,14.55,14.7,14.55,14.7,3,43850.0,0.0,0.0,0.0,0.0,999.0
5344,2026-07-28,14.5,14.5,14.1,14.2,50000.0,14.5,14.5,14.1,14.2,50,711700.0,0.0,0.0,0.0,0.0,999.0
5344,2026-07-29,14.2,14.2,13.4,13.6,137000.0,14.2,14.2,13.4,13.6,137,1884000.0,0.0,0.0,0.0,0.0,999.0
5344,2026-07-30,13.6,13.8,13.55,13.55,48000.0,13.6,13.8,13.55,13.55,48,653150.0,0.0,0.0,0.0,0.0,999.0
5344,2026-07-31,13.95,14.8,13.95,14.4,34000.0,13.95,14.8,13.95,14.4,34,490350.0,0.0,0.0,0.0,0.0,999.0
5344,2026-08-03,14.1,14.3,14.1,14.3,4000.0,14.1,14.3,14.1,14.3,4,56800.0,0.0,0.0,0.0,0.0,999.0
5344,2026-08-04,14.3,14.65,14.3,14.35,10000.0,14.3,14.65,14.3,14.35,10,143850.0,0.0,0.0,0.0,0.0,999.0
5344,2026-08-05,14.35,14.85,14.3,14.4,25000.0,14.35,14.85,14.3,14.4,25,362350.0,0.0,0.0,0.0,0.0,999.0
5344,2026-08-06,14.4,14.4,14.3,14.35,14000.0,14.4,14.4,14.3,14.35,14,200900.0,0.0,0.0,0.0,0.0,999.0
5344,2026-08-07,14.35,14.35,12.95,13.8,271000.0,14.35,14.35,12.95,13.8,271,3649100.0,0.0,0.0,0.0,0.0,999.0
5344,2026-08-10,13.7,14.15,13.55,14.15,63000.0,13.7,14.15,13.55,14.15,63,867800.0,0.0,0.0,0.0,0.0,999.0
5344,2026-08-11,14.05,14.05,13.8,13.8,8000.0,14.05,14.05,13.8,13.8,8,111050.0,0.0,0.0,0.0,0.0,999.0
5344,2026-08-12,13.85,13.85,13.8,13.85,22000.0,13.85,13.85,13.8,13.85,22,304000.0,0.0,0.0,0.0,0.0,999.0
5344,2026-08-13,13.85,13.85,13.7,13.8,11000.0,13.85,13.85,13.7,13.8,11,151350.0,0.0,0.0,0.0,0.0,999.0
5344,2026-08-14,13.7,14.0,13.5,13.85,48000.0,13.7,14.0,13.5,13.85,48,654600.0,0.0,0.0,0.0,0.0,999.0
5344,2026-08-17,13.65,13.65,13.5,13.5,22000.0,13.65,13.65,13.5,13.5,22,297800.0,0.0,0.0,0.0,0.0,999.0
5344,2026-08-18,13.55,14.05,13.5,13.5,51000.0,13.55,14.05,13.5,13.5,51,690450.0,0.0,0.0,0.0,0.0,999.0
5344,2026-08-19,13.55,13.65,13.55,13.65,2000.0,13.55,13.65,13.55,13.65,2,27200.0,0.0,0.0,0.0,0.0,999.0
5426,2026-05-25,19.35,19.65,19.05,19.1,741000.0,19.35,19.65,19.05,19.1,741,14250500.0,0.0,0.0,0.0,0.0,999.0
5426,2026-05-26,19.7,19.8,18.7,18.85,549000.0,19.7,19.8,18.7,18.85,549,10527900.0,0.0,0.0,0.0,0.0,999.0
5426,2026-05-27,19.0,19.0,18.35,18.4,590000.0,19.0,19.0,18.35,18.4,590,10956950.0,0.0,0.0,0.0,0.0,999.0
5426,2026-05-28,18.5,18.9,18.45,18.65,348000.0,18.5,18.9,18.45,18.65,348,6473700.0,0.0,0.0,0.0,0.0,999.0
5426,2026-05-29,18.8,18.85,18.55,18.65,397000.0,18.8,18.85,18.55,18.65,397,7404600.0,0.0,0.0,0.0,0.0,999.0
5426,2026-06-01,20.5,20.5,20.5,20.5,498000.0,20.5,20.5,20.5,20.5,498,10209000.0,0.0,0.0,0.0,0.0,999.0
5426,2026-06-02,22.55,22.55,22.55,22.55,512000.0,22.55,22.55,22.55,22.55,512,11545600.0,0.0,0.0,0.0,0.0,999.0
5426,2026-06-03,24.8,24.8,24.8,24.8,640000.0,24.8,24.8,24.8,24.8,640,15872000.0,0.0,0.0,0.0,0.0,999.0
5426,2026-06-04,27.25,27.25,27.25,27.25,1392000.0,27.25,27.25,27.25,27.25,1392,37932000.0,0.0,0.0,0.0,0.0,999.0
5426,2026-06-05,29.0,29.95,28.6,29.95,11300000.0,29.0,29.95,28.6,29.95,11300,333848050.0,0.0,0.0,0.0,0.0,999.0
5426,2026-06-08,27.5,32.9,27.5,32.9,25476000.0,27.5,32.9,27.5,32.9,25476,805813300.0,0.0,0.0,0.0,0.0,999.0
5426,2026-06-09,34.0,36.05,34.0,36.05,7196000.0,34.0,36.05,34.0,36.05,7196,251944300.0,0.0,0.0,0.0,0.0,999.0
5426,2026-06-10,35.3,35.4,32.45,32.45,5000000.0,35.3,35.4,32.45,32.45,5000,166982850.0,0.0,0.0,0.0,0.0,999.0
5426,2026-06-11,33.7,33.7,29.3,32.45,2522000.0,33.7,33.7,29.3,32.45,2522,78712500.0,0.0,0.0,0.0,0.0,999.0
5426,2026-06-12,31.55,32.8,31.55,32.4,1655000.0,31.55,32.8,31.55,32.4,1655,53208350.0,0.0,0.0,0.0,0.0,999.0
5426,2026-06-15,34.0,35.6,33.0,35.6,2974000.0,34.0,35.6,33.0,35.6,2974,102715600.0,0.0,0.0,0.0,0.0,999.0
5426,2026-06-16,38.5,39.0,37.5,37.55,2685000.0,38.5,39.0,37.5,37.55,2685,102444150.0,0.0,0.0,0.0,0.0,999.0
5426,2026-06-17,37.9,38.4,36.3,37.3,1371000.0,37.9,38.4,36.3,37.3,1371,51140650.0,0.0,0.0,0.0,0.0,999.0
5426,2026-06-18,39.0,39.0,37.9,37.9,1443000.0,39.0,39.0,37.9,37.9,1443,55095500.0,0.0,0.0,0.0,0.0,999.0
5426,2026-06-22,38.5,39.7,38.0,39.65,2920000.0,38.5,39.7,38.0,39.65,2920,113990600.0,0.0,0.0,0.0,0.0,999.0
5426,2026-06-23,40.25,40.25,36.7,37.0,2594000.0,40.25,40.25,36.7,37.0,2594,98569400.0,0.0,0.0,0.0,0.0,999.0
5426,2026-06-24,35.7,38.55,34.6,35.45,4970000.0,35.7,38.55,34.6,35.45,4970,179248650.0,0.0,0.0,0.0,0.0,999.0
5426,2026-06-25,35.75,35.75,33.0,33.2,3349000.0,35.75,35.75,33.0,33.2,3349,113738300.0,0.0,0.0,0.0,0.0,999.0
5426,2026-06-26,33.2,33.95,32.2,32.55,2596000.0,33.2,33.95,32.2,32.55,2596,85840750.0,0.0,0.0,0.0,0.0,999.0
5426,2026-06-29,32.0,32.1,30.5,31.1,2607000.0,32.0,32.1,30.5,31.1,2607,81262700.0,0.0,0.0,0.0,0.0,999.0
5426,2026-06-30,32.0,32.4,30.8,31.3,1799000.0,32.0,32.4,30.8,31.3,1799,56638300.0,0.0,0.0,0.0,0.0,999.0
5426,2026-07-01,31.55,34.4,30.45,34.4,3346000.0,31.55,34.4,30.45,34.4,3346,110686300.0,0.0,0.0,0.0,0.0,999.0
5426,2026-07-02,36.1,36.15,32.65,32.85,4669000.0,36.1,36.15,32.65,32.85,4669,157055350.0,0.0,0.0,0.0,0.0,999.0
5426,2026-07-03,32.3,32.75,31.55,31.75,1505000.0,32.3,32.75,31.55,31.75,1505,48191850.0,0.0,0.0,0.0,0.0,999.0
5426,2026-07-06,32.65,33.3,31.55,31.55,1584000.0,32.65,33.3,31.55,31.55,1584,51202200.0,0.0,0.0,0.0,0.0,999.0
5426,2026-07-07,32.2,32.2,30.4,30.5,1395000.0,32.2,32.2,30.4,30.5,1395,43332450.0,0.0,0.0,0.0,0.0,999.0
5426,2026-07-08,30.5,30.8,29.2,29.95,1342000.0,30.5,30.8,29.2,29.95,1342,40016250.0,0.0,0.0,0.0,0.0,999.0
5426,2026-07-09,30.0,30.5,29.8,29.95,1140000.0,30.0,30.5,29.8,29.95,1140,34385850.0,0.0,0.0,0.0,0.0,999.0
5426,2026-07-13,30.5,30.6,29.4,29.5,762000.0,30.5,30.6,29.4,29.5,762,22764500.0,0.0,0.0,0.0,0.0,999.0
5426,2026-07-14,29.8,29.8,27.05,28.2,1222000.0,29.8,29.8,27.05,28.2,1222,34270200.0,0.0,0.0,0.0,0.0,999.0
5426,2026-07-15,29.0,29.0,28.15,28.25,656000.0,29.0,29.0,28.15,28.25,656,18581500.0,0.0,0.0,0.0,0.0,999.0
5426,2026-07-16,28.25,28.65,27.7,28.05,518000.0,28.25,28.65,27.7,28.05,518,14580400.0,0.0,0.0,0.0,0.0,999.0
5426,2026-07-17,27.4,27.4,25.85,26.25,812000.0,27.4,27.4,25.85,26.25,812,21542300.0,0.0,0.0,0.0,0.0,999.0
5426,2026-07-20,26.35,26.35,24.7,25.55,790000.0,26.35,26.35,24.7,25.55,790,20052200.0,0.0,0.0,0.0,0.0,999.0
5426,2026-07-21,26.0,26.25,25.8,26.15,354000.0,26.0,26.25,25.8,26.15,354,9218000.0,0.0,0.0,0.0,0.0,999.0
5426,2026-07-22,26.55,28.75,26.5,28.75,941000.0,26.55,28.75,26.5,28.75,941,26194900.0,0.0,0.0,0.0,0.0,999.0
5426,2026-07-23,29.55,29.55,26.85,26.9,2966000.0,29.55,29.55,26.85,26.9,2966,83662550.0,0.0,0.0,0.0,0.0,999.0
5426,2026-07-24,26.65,26.85,26.0,26.05,651000.0,26.65,26.85,26.0,26.05,651,17124550.0,0.0,0.0,0.0,0.0,999.0
5426,2026-07-27,26.05,26.05,25.0,25.1,572000.0,26.05,26.05,25.0,25.1,572,14488500.0,0.0,0.0,0.0,0.0,999.0
5426,2026-07-28,24.8,24.8,23.7,23.85,704000.0,24.8,24.8,23.7,23.85,704,16937600.0,0.0,0.0,0.0,0.0,999.0
5426,2026-07-29,24.55,24.55,22.5,23.6,1583000.0,24.55,24.55,22.5,23.6,1583,36647300.0,0.0,0.0,0.0,0.0,999.0
5426,2026-07-30,22.95,24.0,22.3,22.45,771000.0,22.95,24.0,22.3,22.45,771,17784400.0,0.0,0.0,0.0,0.0,999.0
5426,2026-07-31,24.0,24.0,23.3,23.75,589000.0,24.0,24.0,23.3,23.75,589,13954800.0,0.0,0.0,0.0,0.0,999.0
5426,2026-08-03,23.45,24.8,22.9,24.25,664000.0,23.45,24.8,22.9,24.25,664,16082150.0,0.0,0.0,0.0,0.0,999.0
5426,2026-08-04,24.1,25.25,24.0,25.25,619000.0,24.1,25.25,24.0,25.25,619,15364950.0,0.0,0.0,0.0,0.0,999.0
5426,2026-08-05,25.45,26.95,25.45,25.7,751000.0,25.45,26.95,25.45,25.7,751,19538700.0,0.0,0.0,0.0,0.0,999.0
5426,2026-08-06,25.85,26.4,25.25,26.2,326000.0,25.85,26.4,25.25,26.2,326,8434300.0,0.0,0.0,0.0,0.0,999.0
5426,2026-08-07,26.25,27.4,26.2,26.25,712000.0,26.25,27.4,26.2,26.25,712,19003250.0,0.0,0.0,0.0,0.0,999.0
5426,2026-08-10,28.6,28.6,27.05,28.0,1184000.0,28.6,28.6,27.05,28.0,1184,32776600.0,0.0,0.0,0.0,0.0,999.0
5426,2026-08-11,27.8,30.8,26.8,30.8,3524000.0,27.8,30.8,26.8,30.8,3524,104321800.0,0.0,0.0,0.0,0.0,999.0
5426,2026-08-12,31.3,31.3,29.75,29.85,5062000.0,31.3,31.3,29.75,29.85,5062,153899950.0,0.0,0.0,0.0,0.0,999.0
5426,2026-08-13,29.4,29.95,28.8,28.8,1493000.0,29.4,29.95,28.8,28.8,1493,43593850.0,0.0,0.0,0.0,0.0,999.0
5426,2026-08-14,29.1,29.4,28.0,28.0,1129000.0,29.1,29.4,28.0,28.0,1129,32131000.0,0.0,0.0,0.0,0.0,999.0
5426,2026-08-17,28.6,28.6,27.75,27.75,539000.0,28.6,28.6,27.75,27.75,539,15151500.0,0.0,0.0,0.0,0.0,999.0
5426,2026-08-18,27.7,28.25,27.2,27.2,659000.0,27.7,28.25,27.2,27.2,659,18211950.0,0.0,0.0,0.0,0.0,999.0
5426,2026-08-19,26.8,27.35,26.6,27.2,309000.0,26.8,27.35,26.6,27.2,309,8350700.0,0.0,0.0,0.0,0.0,999.0
5483,2026-05-25,151.5,159.0,148.5,154.5,21896000.0,151.5,159.0,148.5,154.5,21896,3393252500.0,0.0,0.0,0.0,0.0,999.0
5483,2026-05-26,162.5,168.0,158.0,164.0,33790000.0,162.5,168.0,158.0,164.0,33790,5507608000.0,0.0,0.0,0.0,0.0,999.0
5483,2026-05-27,168.0,168.5,160.5,162.0,31283000.0,168.0,168.5,160.5,162.0,31283,5120113000.0,0.0,0.0,0.0,0.0,999.0
5483,2026-05-28,161.0,170.0,159.0,160.5,30842000.0,161.0,170.0,159.0,160.5,30842,5088735000.0,0.0,0.0,0.0,0.0,999.0
5483,2026-05-29,168.0,175.0,167.0,172.0,27186000.0,168.0,175.0,167.0,172.0,27186,4655920000.0,0.0,0.0,0.0,0.0,999.0
5483,2026-06-01,174.5,179.5,167.0,168.5,25444000.0,174.5,179.5,167.0,168.5,25444,4366245500.0,0.0,0.0,0.0,0.0,999.0
5483,2026-06-02,167.5,167.5,160.0,164.5,18699000.0,167.5,167.5,160.0,164.5,18699,3044133500.0,0.0,0.0,0.0,0.0,999.0
5483,2026-06-03,165.5,172.5,163.0,167.0,13559000.0,165.5,172.5,163.0,167.0,13559,2266559500.0,0.0,0.0,0.0,0.0,999.0
5483,2026-06-04,164.0,164.5,159.0,160.5,11527000.0,164.0,164.5,159.0,160.5,11527,1857961500.0,0.0,0.0,0.0,0.0,999.0
5483,2026-06-05,157.5,158.0,149.5,152.5,14760000.0,157.5,158.0,149.5,152.5,14760,2245472000.0,0.0,0.0,0.0,0.0,999.0
5483,2026-06-08,140.0,142.0,137.5,141.0,13485000.0,140.0,142.0,137.5,141.0,13485,1885369500.0,0.0,0.0,0.0,0.0,999.0
5483,2026-06-09,143.0,155.0,140.5,153.5,12024000.0,143.0,155.0,140.5,153.5,12024,1789145000.0,0.0,0.0,0.0,0.0,999.0
5483,2026-06-10,148.0,151.0,143.5,143.5,10955000.0,148.0,151.0,143.5,143.5,10955,1613483000.0,0.0,0.0,0.0,0.0,999.0
5483,2026-06-11,142.0,148.0,140.5,145.0,6840000.0,142.0,148.0,140.5,145.0,6840,987537500.0,0.0,0.0,0.0,0.0,999.0
5483,2026-06-12,152.0,159.5,151.5,159.0,20132000.0,152.0,159.5,151.5,159.0,20132,3174719500.0,0.0,0.0,0.0,0.0,999.0
5483,2026-06-15,166.0,174.5,164.5,174.5,27509000.0,166.0,174.5,164.5,174.5,27509,4741595500.0,0.0,0.0,0.0,0.0,999.0
5483,2026-06-16,174.0,188.0,172.0,175.0,45269000.0,174.0,188.0,172.0,175.0,45269,8090278000.0,0.0,0.0,0.0,0.0,999.0
5483,2026-06-17,177.0,189.0,176.0,182.5,43443000.0,177.0,189.0,176.0,182.5,43443,7950223500.0,0.0,0.0,0.0,0.0,999.0
5483,2026-06-18,187.0,187.0,178.0,181.0,21784000.0,187.0,187.0,178.0,181.0,21784,3959652000.0,0.0,0.0,0.0,0.0,999.0
5483,2026-06-22,186.0,192.0,180.0,180.5,23068000.0,186.0,192.0,180.0,180.5,23068,4265092500.0,0.0,0.0,0.0,0.0,999.0
5483,2026-06-23,181.5,181.5,173.0,173.5,12152000.0,181.5,181.5,173.0,173.5,12152,2140572500.0,0.0,0.0,0.0,0.0,999.0
5483,2026-06-24,171.5,171.5,165.5,169.0,11830000.0,171.5,171.5,165.5,169.0,11830,1989533000.0,0.0,0.0,0.0,0.0,999.0
5483,2026-06-25,172.5,180.0,170.0,174.5,16501000.0,172.5,180.0,170.0,174.5,16501,2889759000.0,0.0,0.0,0.0,0.0,999.0
5483,2026-06-26,171.5,173.5,163.0,164.0,12133000.0,171.5,173.5,163.0,164.0,12133,2033749500.0,0.0,0.0,0.0,0.0,999.0
5483,2026-06-29,164.0,166.5,161.0,164.0,6389000.0,164.0,166.5,161.0,164.0,6389,1043771000.0,0.0,0.0,0.0,0.0,999.0
5483,2026-06-30,169.5,180.0,168.5,180.0,25300000.0,169.5,180.0,168.5,180.0,25300,4454153000.0,0.0,0.0,0.0,0.0,999.0
5483,2026-07-01,189.5,198.0,189.0,198.0,50488000.0,189.5,198.0,189.0,198.0,50488,9945685500.0,0.0,0.0,0.0,0.0,999.0
5483,2026-07-02,194.0,209.5,189.5,201.0,84482000.0,194.0,209.5,189.5,201.0,84482,16897481500.0,0.0,0.0,0.0,0.0,999.0
5483,2026-07-03,197.5,211.0,195.5,210.5,31999000.0,197.5,211.0,195.5,210.5,31999,6511798500.0,0.0,0.0,0.0,0.0,999.0
5483,2026-07-06,215.0,222.5,206.5,209.5,51326000.0,215.0,222.5,206.5,209.5,51326,10952607500.0,0.0,0.0,0.0,0.0,999.0
5483,2026-07-07,210.5,213.0,196.0,198.5,27832000.0,210.5,213.0,196.0,198.5,27832,5641524000.0,0.0,0.0,0.0,0.0,999.0
5483,2026-07-08,202.0,210.0,196.0,208.0,29403000.0,202.0,210.0,196.0,208.0,29403,5993437000.0,0.0,0.0,0.0,0.0,999.0
5483,2026-07-09,207.0,217.0,204.0,210.5,41155000.0,207.0,217.0,204.0,210.5,41155,8694379000.0,0.0,0.0,0.0,0.0,999.0
5483,2026-07-13,231.5,231.5,231.5,231.5,14936000.0,231.5,231.5,231.5,231.5,14936,3457684000.0,0.0,0.0,0.0,0.0,999.0
5483,2026-07-14,232.5,253.0,230.5,253.0,83352000.0,232.5,253.0,230.5,253.0,83352,19938276000.0,0.0,0.0,0.0,0.0,999.0
5483,2026-07-15,257.5,278.0,246.5,278.0,73283000.0,257.5,278.0,246.5,278.0,73283,19224231000.0,0.0,0.0,0.0,0.0,999.0
5483,2026-07-16,272.5,279.5,257.0,259.0,41012000.0,272.0,279.5,257.0,259.0,41012,10931672000.0,0.001838235294117647,0.0,0.0,0.0,999.0
5483,2026-07-17,244.5,250.0,234.5,235.5,31583000.0,244.5,250.0,234.5,235.5,31583,7570276500.0,0.0,0.0,0.0,0.0,999.0
5483,2026-07-20,232.5,242.0,216.5,227.5,35799000.0,232.5,242.0,216.5,227.5,35799,8301378500.0,0.0,0.0,0.0,0.0,999.0
5483,2026-07-21,232.0,238.0,212.5,220.5,36941000.0,232.0,238.0,212.5,220.5,36941,8202732000.0,0.0,0.0,0.0,0.0,999.0
5483,2026-07-22,229.5,242.5,229.0,234.0,25976000.0,229.5,242.5,229.0,234.0,25976,6225414000.0,0.0,0.0,0.0,0.0,999.0
5483,2026-07-23,242.0,252.0,210.5,212.5,41413000.0,242.0,252.0,210.5,212.5,41413,9408465000.0,0.0,0.0,0.0,0.0,999.0
5483,2026-07-24,209.0,215.5,201.5,203.5,23231000.0,209.0,215.5,201.5,203.5,23231,4818107500.0,0.0,0.0,0.0,0.0,999.0
5483,2026-07-27,201.0,205.0,195.0,204.0,15618000.0,201.0,205.0,195.0,204.0,15618,3120863000.0,0.0,0.0,0.0,0.0,999.0
5483,2026-07-28,193.0,199.5,184.5,185.0,27086000.0,193.0,199.5,184.5,185.0,27086,5178525500.0,0.0,0.0,0.0,0.0,999.0
5483,2026-07-29,183.0,183.0,166.5,166.5,16105000.0,183.0,183.0,166.5,166.5,16105,2747235000.0,0.0,0.0,0.0,0.0,999.0
5483,2026-07-30,155.0,160.5,150.5,152.5,32617000.0,155.0,160.5,150.5,152.5,32617,5064256000.0,0.0,0.0,0.0,0.0,999.0
5483,2026-07-31,167.5,167.5,155.0,157.0,91718000.0,167.5,167.5,155.0,157.0,91718,14609303500.0,0.0,0.0,0.0,0.0,999.0
5483,2026-08-03,156.0,172.5,155.5,172.5,27352000.0,156.0,172.5,155.5,172.5,27352,4595502500.0,0.0,0.0,0.0,0.0,999.0
5483,2026-08-04,177.0,184.5,170.0,181.0,42940000.0,177.0,184.5,170.0,181.0,42940,7652887500.0,0.0,0.0,0.0,0.0,999.0
5483,2026-08-05,188.0,194.0,174.0,178.0,51868000.0,188.0,194.0,174.0,178.0,51868,9475177500.0,0.0,0.0,0.0,0.0,999.0
5483,2026-08-06,176.5,179.0,170.0,177.5,19193000.0,176.5,179.0,170.0,177.5,19193,3362755000.0,0.0,0.0,0.0,0.0,999.0
5483,2026-08-07,175.5,176.0,167.5,168.5,18584000.0,175.5,176.0,167.5,168.5,18584,3186661000.0,0.0,0.0,0.0,0.0,999.0
5483,2026-08-10,174.0,174.0,167.5,169.5,17605000.0,174.0,174.0,167.5,169.5,17605,3007621500.0,0.0,0.0,0.0,0.0,999.0
5483,2026-08-11,168.5,173.0,165.0,168.5,12595000.0,168.5,173.0,165.0,168.5,12595,2115417000.0,0.0,0.0,0.0,0.0,999.0
5483,2026-08-12,169.5,185.0,169.5,185.0,32331000.0,169.5,185.0,169.5,185.0,32331,5871724000.0,0.0,0.0,0.0,0.0,999.0
5483,2026-08-13,188.0,203.0,186.0,187.5,75024000.0,188.0,203.0,186.0,187.5,75024,14566741000.0,0.0,0.0,0.0,0.0,999.0
5483,2026-08-14,189.5,191.5,183.5,188.0,25504000.0,189.5,191.5,183.5,188.0,25504,4792523500.0,0.0,0.0,0.0,0.0,999.0
5483,2026-08-17,185.0,193.0,183.5,186.5,22222000.0,185.0,193.0,183.5,186.5,22222,4208149500.0,0.0,0.0,0.0,0.0,999.0
5483,2026-08-18,185.5,195.0,184.0,185.0,28804000.0,185.5,195.0,184.0,185.0,28804,5459754500.0,0.0,0.0,0.0,0.0,999.0
5483,2026-08-19,179.0,179.5,174.0,176.5,17758000.0,179.0,179.5,174.0,176.5,17758,3137647500.0,0.0,0.0,0.0,0.0,999.0
5543,2026-05-25,30.0,31.0,29.3,30.3,56000.0,30.0,31.0,29.3,30.3,56,1692600.0,0.0,0.0,0.0,0.0,999.0
5543,2026-05-26,29.65,30.25,29.4,29.95,16000.0,29.65,30.25,29.4,29.95,16,475400.0,0.0,0.0,0.0,0.0,999.0
5543,2026-05-27,31.0,31.0,29.8,30.4,17000.0,31.0,31.0,29.8,30.4,17,519050.0,0.0,0.0,0.0,0.0,999.0
5543,2026-05-28,30.95,30.95,29.65,30.15,19000.0,30.95,30.95,29.65,30.15,19,570650.0,0.0,0.0,0.0,0.0,999.0
5543,2026-05-29,30.15,30.2,28.5,29.95,40000.0,30.15,30.2,28.5,29.95,40,1169700.0,0.0,0.0,0.0,0.0,999.0
5543,2026-06-01,30.0,30.0,29.0,29.95,39000.0,30.0,30.0,29.0,29.95,39,1146200.0,0.0,0.0,0.0,0.0,999.0
5543,2026-06-02,29.95,29.95,29.15,29.6,52000.0,29.95,29.95,29.15,29.6,52,1528800.0,0.0,0.0,0.0,0.0,999.0
5543,2026-06-03,29.75,29.75,29.1,29.7,10000.0,29.75,29.75,29.1,29.7,10,295500.0,0.0,0.0,0.0,0.0,999.0
5543,2026-06-04,29.8,30.0,29.75,29.95,26000.0,29.8,30.0,29.75,29.95,26,778750.0,0.0,0.0,0.0,0.0,999.0
5543,2026-06-05,30.3,30.3,29.8,30.0,15000.0,30.3,30.3,29.8,30.0,15,450400.0,0.0,0.0,0.0,0.0,999.0
5543,2026-06-08,30.0,30.0,28.0,29.55,53000.0,30.0,30.0,28.0,29.55,53,1518600.0,0.0,0.0,0.0,0.0,999.0
5543,2026-06-09,29.5,29.85,29.0,29.7,23000.0,29.5,29.85,29.0,29.7,23,675550.0,0.0,0.0,0.0,0.0,999.0
5543,2026-06-10,30.6,30.6,29.2,29.7,18000.0,30.6,30.6,29.2,29.7,18,537000.0,0.0,0.0,0.0,0.0,999.0
5543,2026-06-11,29.7,29.8,28.9,29.6,29000.0,29.7,29.8,28.9,29.6,29,852350.0,0.0,0.0,0.0,0.0,999.0
5543,2026-06-12,30.2,31.0,29.6,30.45,53000.0,30.2,31.0,29.6,30.45,53,1600200.0,0.0,0.0,0.0,0.0,999.0
5543,2026-06-15,30.8,30.8,29.5,29.55,17000.0,30.8,30.8,29.5,29.55,17,509500.0,0.0,0.0,0.0,0.0,999.0
5543,2026-06-16,29.55,29.55,29.0,29.5,16000.0,29.55,29.55,29.0,29.5,16,467300.0,0.0,0.0,0.0,0.0,999.0
5543,2026-06-17,29.75,30.0,29.2,29.75,24000.0,29.75,30.0,29.2,29.75,24,710650.0,0.0,0.0,0.0,0.0,999.0
5543,2026-06-18,29.9,29.9,29.4,29.45,13000.0,29.9,29.9,29.4,29.45,13,383650.0,0.0,0.0,0.0,0.0,999.0
5543,2026-06-22,29.9,29.9,29.05,29.3,12000.0,29.9,29.9,29.05,29.3,12,350900.0,0.0,0.0,0.0,0.0,999.0
5543,2026-06-23,29.65,29.65,29.0,29.45,19000.0,29.65,29.65,29.0,29.45,19,555400.0,0.0,0.0,0.0,0.0,999.0
5543,2026-06-24,29.45,29.45,28.9,29.35,16000.0,29.45,29.45,28.9,29.35,16,466550.0,0.0,0.0,0.0,0.0,999.0
5543,2026-06-25,29.5,29.6,29.1,29.6,23000.0,29.5,29.6,29.1,29.6,23,675050.0,0.0,0.0,0.0,0.0,999.0
5543,2026-06-26,29.6,29.6,28.0,29.2,52000.0,29.6,29.6,28.0,29.2,52,1484350.0,0.0,0.0,0.0,0.0,999.0
5543,2026-06-29,29.2,29.2,28.2,28.2,30000.0,29.2,29.2,28.2,28.2,30,860950.0,0.0,0.0,0.0,0.0,999.0
5543,2026-06-30,28.8,28.8,28.8,28.8,1000.0,28.8,28.8,28.8,28.8,1,28800.0,0.0,0.0,0.0,0.0,999.0
5543,2026-07-01,29.0,29.0,28.8,28.8,3000.0,29.0,29.0,28.8,28.8,3,86800.0,0.0,0.0,0.0,0.0,999.0
5543,2026-07-02,29.8,29.8,28.0,29.0,8000.0,29.8,29.8,28.0,29.0,8,226800.0,0.0,0.0,0.0,0.0,999.0
5543,2026-07-03,29.25,29.25,28.95,28.95,2000.0,29.25,29.25,28.95,28.95,2,58200.0,0.0,0.0,0.0,0.0,999.0
5543,2026-07-06,28.5,28.5,28.15,28.15,5000.0,28.5,28.5,28.15,28.15,5,141550.0,0.0,0.0,0.0,0.0,999.0
5543,2026-07-07,28.75,28.75,28.2,28.2,6000.0,28.75,28.75,28.2,28.2,6,169900.0,0.0,0.0,0.0,0.0,999.0
5543,2026-07-08,28.75,28.75,28.0,28.6,16000.0,28.75,28.75,28.0,28.6,16,451650.0,0.0,0.0,0.0,0.0,999.0
5543,2026-07-09,28.85,28.9,28.6,28.6,3000.0,28.85,28.9,28.6,28.6,3,86350.0,0.0,0.0,0.0,0.0,999.0
5543,2026-07-13,28.5,28.55,28.1,28.55,5000.0,28.5,28.55,28.1,28.55,5,141800.0,0.0,0.0,0.0,0.0,999.0
5543,2026-07-14,28.5,28.55,28.1,28.45,7000.0,28.5,28.55,28.1,28.45,7,198350.0,0.0,0.0,0.0,0.0,999.0
5543,2026-07-15,29.0,29.0,29.0,29.0,1000.0,29.0,29.0,29.0,29.0,1,29000.0,0.0,0.0,0.0,0.0,999.0
5543,2026-07-16,29.0,29.0,28.15,28.8,6000.0,29.0,29.0,28.15,28.8,6,171150.0,0.0,0.0,0.0,0.0,999.0
5543,2026-07-17,29.1,29.1,29.1,29.1,1000.0,29.1,29.1,29.1,29.1,1,29100.0,0.0,0.0,0.0,0.0,999.0
5543,2026-07-21,28.9,28.9,28.0,28.65,11000.0,28.9,28.9,28.0,28.65,11,310400.0,0.0,0.0,0.0,0.0,999.0
5543,2026-07-22,28.8,28.8,28.4,28.4,2000.0,28.8,28.8,28.4,28.4,2,57200.0,0.0,0.0,0.0,0.0,999.0
5543,2026-07-23,28.6,28.6,28.1,28.55,8000.0,28.6,28.6,28.1,28.55,8,227650.0,0.0,0.0,0.0,0.0,999.0
5543,2026-07-24,27.8,28.5,27.8,28.45,7000.0,27.8,28.5,27.8,28.45,7,197200.0,0.0,0.0,0.0,0.0,999.0
5543,2026-07-27,28.4,28.4,28.0,28.35,13000.0,28.4,28.4,28.0,28.35,13,368050.0,0.0,0.0,0.0,0.0,999.0
5543,2026-07-28,28.9,28.9,27.8,28.45,4000.0,28.9,28.9,27.8,28.45,4,113700.0,0.0,0.0,0.0,0.0,999.0
5543,2026-07-29,28.75,28.75,27.5,27.5,17000.0,28.75,28.75,27.5,27.5,17,473400.0,0.0,0.0,0.0,0.0,999.0
5543,2026-07-30,28.55,28.55,25.1,28.2,8000.0,28.55,28.55,25.1,28.2,8,210450.0,0.0,0.0,0.0,0.0,999.0
5543,2026-07-31,27.95,27.95,27.6,27.6,11000.0,27.95,27.95,27.6,27.6,11,305850.0,0.0,0.0,0.0,0.0,999.0
5543,2026-08-03,28.5,28.5,27.3,27.3,4000.0,28.5,28.5,27.3,27.3,4,110400.0,0.0,0.0,0.0,0.0,999.0
5543,2026-08-04,25.35,27.7,25.35,27.7,4000.0,25.35,27.7,25.35,27.7,4,106900.0,0.0,0.0,0.0,0.0,999.0
5543,2026-08-05,27.6,27.6,27.6,27.6,2000.0,27.6,27.6,27.6,27.6,2,55200.0,0.0,0.0,0.0,0.0,999.0
5543,2026-08-06,25.35,26.45,24.85,26.45,48000.0,25.35,26.45,24.85,26.45,48,1217900.0,0.0,0.0,0.0,0.0,999.0
5543,2026-08-07,25.5,25.5,24.15,24.15,16000.0,25.5,25.5,24.15,24.15,16,395500.0,0.0,0.0,0.0,0.0,999.0
5543,2026-08-10,26.3,26.3,26.3,26.3,1000.0,26.3,26.3,26.3,26.3,1,26300.0,0.0,0.0,0.0,0.0,999.0
5543,2026-08-11,27.65,27.65,24.0,26.2,3000.0,27.65,27.65,24.0,26.2,3,77850.0,0.0,0.0,0.0,0.0,999.0
5543,2026-08-12,25.0,25.0,24.8,25.0,10000.0,25.0,25.0,24.8,25.0,10,249600.0,0.0,0.0,0.0,0.0,999.0
5543,2026-08-13,26.0,26.0,24.25,24.25,2000.0,26.0,26.0,24.25,24.25,2,50250.0,0.0,0.0,0.0,0.0,999.0
5543,2026-08-14,26.05,26.05,25.0,25.0,8000.0,26.05,26.05,25.0,25.0,8,202250.0,0.0,0.0,0.0,0.0,999.0
5543,2026-08-17,24.5,24.8,24.2,24.2,9000.0,24.5,24.8,24.2,24.2,9,220100.0,0.0,0.0,0.0,0.0,999.0
5543,2026-08-18,25.2,25.2,23.5,23.6,11000.0,25.2,25.2,23.5,23.6,11,263900.0,0.0,0.0,0.0,0.0,999.0
5543,2026-08-19,25.3,25.3,24.0,24.05,4000.0,25.3,25.3,24.0,24.05,4,97500.0,0.0,0.0,0.0,0.0,999.0
6016,2026-05-25,23.1,24.0,23.1,23.5,9272000.0,23.1,24.0,23.1,23.5,9272,218286000.0,0.0,0.0,0.0,0.0,999.0
6016,2026-05-26,23.8,24.45,23.25,24.3,10975000.0,23.8,24.45,23.25,24.3,10975,262949900.0,0.0,0.0,0.0,0.0,999.0
6016,2026-05-27,25.1,26.7,25.1,26.7,25479000.0,25.1,26.7,25.1,26.7,25479,670190450.0,0.0,0.0,0.0,0.0,999.0
6016,2026-05-28,27.85,27.85,26.25,26.95,33410000.0,27.85,27.85,26.25,26.95,33410,906644250.0,0.0,0.0,0.0,0.0,999.0
6016,2026-05-29,27.75,29.6,27.5,29.6,20847000.0,27.75,29.6,27.5,29.6,20847,597887150.0,0.0,0.0,0.0,0.0,999.0
6016,2026-06-01,29.8,30.9,28.9,30.2,26235000.0,29.8,30.9,28.9,30.2,26235,788802400.0,0.0,0.0,0.0,0.0,999.0
6016,2026-06-02,30.0,32.9,29.75,32.5,20617000.0,30.0,32.9,29.75,32.5,20617,647059000.0,0.0,0.0,0.0,0.0,999.0
6016,2026-06-03,33.3,35.75,32.75,35.75,39241000.0,33.3,35.75,32.75,35.75,39241,1376640700.0,0.0,0.0,0.0,0.0,999.0
6016,2026-06-04,35.9,36.5,34.2,35.3,34517000.0,35.9,36.5,34.2,35.3,34517,1224992650.0,0.0,0.0,0.0,0.0,999.0
6016,2026-06-05,35.5,36.1,34.0,36.0,24985000.0,35.5,36.1,34.0,36.0,24985,879728750.0,0.0,0.0,0.0,0.0,999.0
6016,2026-06-08,32.4,32.4,32.4,32.4,4975000.0,32.4,32.4,32.4,32.4,4975,161190000.0,0.0,0.0,0.0,0.0,999.0
6016,2026-06-09,30.3,30.9,29.2,29.3,46194000.0,30.3,30.9,29.2,29.3,46194,1358351550.0,0.0,0.0,0.0,0.0,999.0
6016,2026-06-10,28.65,29.05,27.3,27.35,20196000.0,28.65,29.05,27.3,27.35,20196,566213900.0,0.0,0.0,0.0,0.0,999.0
6016,2026-06-11,27.0,27.55,26.3,27.1,12916000.0,27.0,27.55,26.3,27.1,12916,348102450.0,0.0,0.0,0.0,0.0,999.0
6016,2026-06-12,28.5,29.25,28.1,28.45,14075000.0,28.5,29.25,28.1,28.45,14075,402642700.0,0.0,0.0,0.0,0.0,999.0
6016,2026-06-15,29.6,30.0,29.25,29.4,12237000.0,29.6,30.0,29.25,29.4,12237,361291900.0,0.0,0.0,0.0,0.0,999.0
6016,2026-06-16,29.9,30.0,29.0,29.1,12014000.0,29.9,30.0,29.0,29.1,12014,354820700.0,0.0,0.0,0.0,0.0,999.0
6016,2026-06-17,28.5,29.3,28.45,28.75,7617000.0,28.5,29.3,28.45,28.75,7617,219080350.0,0.0,0.0,0.0,0.0,999.0
6016,2026-06-18,28.75,29.0,28.6,28.8,7847000.0,28.75,29.0,28.6,28.8,7847,225752700.0,0.0,0.0,0.0,0.0,999.0
6016,2026-06-22,29.2,29.8,28.9,29.75,9277000.0,29.2,29.8,28.9,29.75,9277,273612100.0,0.0,0.0,0.0,0.0,999.0
6016,2026-06-23,30.0,30.7,29.1,29.15,10951000.0,30.0,30.7,29.1,29.15,10951,325956250.0,0.0,0.0,0.0,0.0,999.0
6016,2026-06-24,28.75,28.85,28.15,28.45,8554000.0,28.75,28.85,28.15,28.45,8554,243459750.0,0.0,0.0,0.0,0.0,999.0
6016,2026-06-25,28.75,28.9,28.25,28.35,7570000.0,28.75,28.9,28.25,28.35,7570,216108250.0,0.0,0.0,0.0,0.0,999.0
6016,2026-06-26,28.25,28.3,27.3,27.4,8599000.0,28.25,28.3,27.3,27.4,8599,237976200.0,0.0,0.0,0.0,0.0,999.0
6016,2026-06-29,27.4,27.95,27.3,27.5,3802000.0,27.4,27.95,27.3,27.5,3802,104931050.0,0.0,0.0,0.0,0.0,999.0
6016,2026-06-30,28.0,28.5,27.8,28.45,4174000.0,28.0,28.5,27.8,28.45,4174,117959200.0,0.0,0.0,0.0,0.0,999.0
6016,2026-07-01,29.2,29.4,28.05,28.1,9783000.0,29.2,29.4,28.05,28.1,9783,280870000.0,0.0,0.0,0.0,0.0,999.0
6016,2026-07-02,27.8,28.1,27.75,28.0,3048000.0,27.8,28.1,27.75,28.0,3048,85105300.0,0.0,0.0,0.0,0.0,999.0
6016,2026-07-03,27.75,29.1,27.75,29.05,6542000.0,27.75,29.1,27.75,29.05,6542,187776800.0,0.0,0.0,0.0,0.0,999.0
6016,2026-07-06,29.35,29.9,29.15,29.35,5830000.0,29.35,29.9,29.15,29.35,5830,171810300.0,0.0,0.0,0.0,0.0,999.0
6016,2026-07-07,29.35,29.55,28.3,28.45,7368000.0,29.35,29.55,28.3,28.45,7368,212785400.0,0.0,0.0,0.0,0.0,999.0
6016,2026-07-08,27.6,27.75,26.7,27.0,15470000.0,27.6,27.75,26.7,27.0,15470,419425500.0,0.0,0.0,0.0,0.0,999.0
6016,2026-07-09,27.0,27.05,26.4,26.5,6665000.0,27.0,27.05,26.4,26.5,6665,177765250.0,0.0,0.0,0.0,0.0,999.0
6016,2026-07-13,26.55,26.8,25.8,26.0,6609000.0,26.55,26.8,25.8,26.0,6609,173084100.0,0.0,0.0,0.0,0.0,999.0
6016,2026-07-14,25.6,26.05,24.5,25.3,9086000.0,25.6,26.05,24.5,25.3,9086,227664650.0,0.0,0.0,0.0,0.0,999.0
6016,2026-07-15,25.7,25.95,25.55,25.75,3082000.0,25.7,25.95,25.55,25.75,3082,79492900.0,0.0,0.0,0.0,0.0,999.0
6016,2026-07-16,25.55,25.8,25.25,25.45,2931000.0,25.55,25.8,25.25,25.45,2931,74622500.0,0.0,0.0,0.0,0.0,999.0
6016,2026-07-17,24.9,25.1,23.9,24.0,8442000.0,24.9,25.1,23.9,24.0,8442,206270550.0,0.0,0.0,0.0,0.0,999.0
6016,2026-07-20,24.35,24.35,23.4,23.9,4967000.0,24.35,24.35,23.4,23.9,4967,118579450.0,0.0,0.0,0.0,0.0,999.0
6016,2026-07-21,24.05,24.5,24.05,24.45,3792000.0,24.05,24.5,24.05,24.45,3792,92048800.0,0.0,0.0,0.0,0.0,999.0
6016,2026-07-22,24.7,25.15,24.7,24.8,3605000.0,24.7,25.15,24.7,24.8,3605,89903500.0,0.0,0.0,0.0,0.0,999.0
6016,2026-07-23,24.95,24.95,24.25,24.6,8763000.0,24.95,24.95,24.25,24.6,8763,215635200.0,0.0,0.0,0.0,0.0,999.0
6016,2026-07-24,24.4,24.75,24.25,24.45,8817000.0,24.4,24.75,24.25,24.45,8817,215939600.0,0.0,0.0,0.0,0.0,999.0
6016,2026-07-27,21.95,22.15,21.2,21.65,12140000.0,21.95,22.15,21.2,21.65,12140,262944600.0,0.0,0.0,0.0,0.0,999.0
6016,2026-07-28,21.2,21.25,19.95,20.0,9315000.0,21.2,21.25,19.95,20.0,9315,189342800.0,0.0,0.0,0.0,0.0,999.0
6016,2026-07-29,20.05,20.2,18.75,19.4,6694000.0,20.05,20.2,18.75,19.4,6694,130191800.0,0.0,0.0,0.0,0.0,999.0
6016,2026-07-30,19.0,19.5,18.95,19.0,3281000.0,19.0,19.5,18.95,19.0,3281,62925850.0,0.0,0.0,0.0,0.0,999.0
6016,2026-07-31,20.0,20.7,19.9,20.6,4300000.0,20.0,20.7,19.9,20.6,4300,87108050.0,0.0,0.0,0.0,0.0,999.0
6016,2026-08-03,20.35,20.7,20.2,20.3,2661000.0,20.35,20.7,20.2,20.3,2661,54314800.0,0.0,0.0,0.0,0.0,999.0
6016,2026-08-04,20.35,20.7,20.1,20.45,2327000.0,20.35,20.7,20.1,20.45,2327,47416500.0,0.0,0.0,0.0,0.0,999.0
6016,2026-08-05,21.0,21.25,20.8,20.9,3574000.0,21.0,21.25,20.8,20.9,3574,75174200.0,0.0,0.0,0.0,0.0,999.0
6016,2026-08-06,20.6,20.65,20.05,20.3,4001000.0,20.6,20.65,20.05,20.3,4001,81073850.0,0.0,0.0,0.0,0.0,999.0
6016,2026-08-07,20.3,20.3,19.7,19.8,4797000.0,20.3,20.3,19.7,19.8,4797,95725700.0,0.0,0.0,0.0,0.0,999.0
6016,2026-08-10,18.65,19.05,18.35,18.4,12507000.0,18.65,19.05,18.35,18.4,12507,232029750.0,0.0,0.0,0.0,0.0,999.0
6016,2026-08-11,18.2,18.7,18.0,18.65,2888000.0,18.2,18.7,18.0,18.65,2888,53099200.0,0.0,0.0,0.0,0.0,999.0
6016,2026-08-12,18.7,20.1,18.7,19.85,6959000.0,18.7,20.1,18.7,19.85,6959,135567300.0,0.0,0.0,0.0,0.0,999.0
6016,2026-08-13,20.1,20.6,19.85,20.1,4538000.0,20.1,20.6,19.85,20.1,4538,91565400.0,0.0,0.0,0.0,0.0,999.0
6016,2026-08-14,20.2,20.75,20.05,20.15,4818000.0,20.2,20.75,20.05,20.15,4818,97905400.0,0.0,0.0,0.0,0.0,999.0
6016,2026-08-17,20.15,20.15,19.75,19.8,3148000.0,20.15,20.15,19.75,19.8,3148,62636850.0,0.0,0.0,0.0,0.0,999.0
6016,2026-08-18,19.8,19.9,19.25,19.4,2576000.0,19.8,19.9,19.25,19.4,2576,50156400.0,0.0,0.0,0.0,0.0,999.0
6016,2026-08-19,19.2,19.25,19.0,19.15,1422000.0,19.2,19.25,19.0,19.15,1422,27175000.0,0.0,0.0,0.0,0.0,999.0
6124,2026-05-25,29.9,30.4,29.55,29.8,74000.0,29.9,30.4,29.55,29.8,74,2213550.0,0.0,0.0,0.0,0.0,999.0
6124,2026-05-26,30.55,30.55,29.15,29.85,90000.0,30.55,30.55,29.15,29.85,90,2671200.0,0.0,0.0,0.0,0.0,999.0
6124,2026-05-27,29.85,29.9,29.4,29.75,72000.0,29.85,29.9,29.4,29.75,72,2135850.0,0.0,0.0,0.0,0.0,999.0
6124,2026-05-28,29.75,30.1,28.8,28.8,124000.0,29.75,30.1,28.8,28.8,124,3684400.0,0.0,0.0,0.0,0.0,999.0
6124,2026-05-29,29.7,29.7,29.0,29.3,52000.0,29.7,29.7,29.0,29.3,52,1523200.0,0.0,0.0,0.0,0.0,999.0
6124,2026-06-01,29.8,30.55,29.35,30.0,129000.0,29.8,30.55,29.35,30.0,129,3867700.0,0.0,0.0,0.0,0.0,999.0
6124,2026-06-02,30.9,33.0,30.35,33.0,341000.0,30.9,33.0,30.35,33.0,341,11022200.0,0.0,0.0,0.0,0.0,999.0
6124,2026-06-03,35.55,35.55,33.05,33.6,933000.0,35.55,35.55,33.05,33.6,933,32119900.0,0.0,0.0,0.0,0.0,999.0
6124,2026-06-04,34.0,36.95,33.4,36.95,615000.0,34.0,36.95,33.4,36.95,615,22166350.0,0.0,0.0,0.0,0.0,999.0
6124,2026-06-05,36.25,36.65,33.5,33.5,574000.0,36.25,36.65,33.5,33.5,574,19950300.0,0.0,0.0,0.0,0.0,999.0
6124,2026-06-08,30.35,32.8,30.35,32.65,212000.0,30.35,32.8,30.35,32.65,212,6771050.0,0.0,0.0,0.0,0.0,999.0
6124,2026-06-09,33.65,34.2,32.5,32.8,165000.0,33.65,34.2,32.5,32.8,165,5464950.0,0.0,0.0,0.0,0.0,999.0
6124,2026-06-10,31.9,32.55,30.6,30.85,192000.0,31.9,32.55,30.6,30.85,192,6027550.0,0.0,0.0,0.0,0.0,999.0
6124,2026-06-11,30.2,31.05,29.8,30.35,65000.0,30.2,31.05,29.8,30.35,65,1969200.0,0.0,0.0,0.0,0.0,999.0
6124,2026-06-12,30.85,31.2,30.15,30.2,83000.0,30.85,31.2,30.15,30.2,83,2535750.0,0.0,0.0,0.0,0.0,999.0
6124,2026-06-15,30.4,31.0,30.35,30.9,49000.0,30.4,31.0,30.35,30.9,49,1512500.0,0.0,0.0,0.0,0.0,999.0
6124,2026-06-16,31.0,31.0,30.15,30.2,92000.0,31.0,31.0,30.15,30.2,92,2797350.0,0.0,0.0,0.0,0.0,999.0
6124,2026-06-17,29.7,29.85,29.65,29.8,54000.0,29.7,29.85,29.65,29.8,54,1604850.0,0.0,0.0,0.0,0.0,999.0
6124,2026-06-18,29.85,30.2,29.8,29.85,62000.0,29.85,30.2,29.8,29.85,62,1857800.0,0.0,0.0,0.0,0.0,999.0
6124,2026-06-22,30.15,30.75,30.0,30.55,88000.0,30.15,30.75,30.0,30.55,88,2665400.0,0.0,0.0,0.0,0.0,999.0
6124,2026-06-23,30.55,30.9,30.15,30.35,56000.0,30.55,30.9,30.15,30.35,56,1699650.0,0.0,0.0,0.0,0.0,999.0
6124,2026-06-24,30.75,33.2,30.55,31.1,289000.0,30.75,33.2,30.55,31.1,289,9136200.0,0.0,0.0,0.0,0.0,999.0
6124,2026-06-25,31.5,31.85,30.55,30.65,86000.0,31.5,31.85,30.55,30.65,86,2686650.0,0.0,0.0,0.0,0.0,999.0
6124,2026-06-26,30.6,30.6,29.4,29.7,73000.0,30.6,30.6,29.4,29.7,73,2196250.0,0.0,0.0,0.0,0.0,999.0
6124,2026-06-29,29.7,29.9,29.45,29.55,34000.0,29.7,29.9,29.45,29.55,34,1008400.0,0.0,0.0,0.0,0.0,999.0
6124,2026-06-30,30.1,30.35,29.9,30.35,22000.0,30.1,30.35,29.9,30.35,22,662750.0,0.0,0.0,0.0,0.0,999.0
6124,2026-07-01,30.35,30.35,29.6,29.65,52000.0,30.35,30.35,29.6,29.65,52,1552100.0,0.0,0.0,0.0,0.0,999.0
6124,2026-07-02,29.75,30.35,29.6,29.85,35000.0,29.75,30.35,29.6,29.85,35,1046000.0,0.0,0.0,0.0,0.0,999.0
6124,2026-07-03,29.85,30.2,29.85,29.9,41000.0,29.85,30.2,29.85,29.9,41,1230450.0,0.0,0.0,0.0,0.0,999.0
6124,2026-07-06,30.05,30.3,29.8,30.1,45000.0,30.05,30.3,29.8,30.1,45,1352950.0,0.0,0.0,0.0,0.0,999.0
6124,2026-07-07,30.2,30.85,29.6,29.6,63000.0,30.2,30.85,29.6,29.6,63,1897900.0,0.0,0.0,0.0,0.0,999.0
6124,2026-07-08,29.3,29.4,28.75,29.1,26000.0,29.3,29.4,28.75,29.1,26,755400.0,0.0,0.0,0.0,0.0,999.0
6124,2026-07-09,28.65,28.7,28.6,28.65,30000.0,28.65,28.7,28.6,28.65,30,859750.0,0.0,0.0,0.0,0.0,999.0
6124,2026-07-13,28.7,28.75,28.45,28.6,38000.0,28.7,28.75,28.45,28.6,38,1086600.0,0.0,0.0,0.0,0.0,999.0
6124,2026-07-14,28.05,28.05,26.6,27.0,30000.0,28.05,28.05,26.6,27.0,30,821150.0,0.0,0.0,0.0,0.0,999.0
6124,2026-07-15,27.15,27.85,27.1,27.7,18000.0,27.15,27.85,27.1,27.7,18,495550.0,0.0,0.0,0.0,0.0,999.0
6124,2026-07-16,27.6,27.8,27.6,27.75,23000.0,27.6,27.8,27.6,27.75,23,637450.0,0.0,0.0,0.0,0.0,999.0
6124,2026-07-17,27.35,27.35,26.1,26.5,42000.0,27.35,27.35,26.1,26.5,42,1122150.0,0.0,0.0,0.0,0.0,999.0
6124,2026-07-20,26.1,26.4,25.55,26.15,31000.0,26.1,26.4,25.55,26.15,31,807700.0,0.0,0.0,0.0,0.0,999.0
6124,2026-07-21,26.2,26.9,26.2,26.9,17000.0,26.2,26.9,26.2,26.9,17,453700.0,0.0,0.0,0.0,0.0,999.0
6124,2026-07-22,27.05,27.05,26.9,27.0,7000.0,27.05,27.05,26.9,27.0,7,189000.0,0.0,0.0,0.0,0.0,999.0
6124,2026-07-23,27.25,27.25,27.25,27.25,1000.0,27.25,27.25,27.25,27.25,1,27250.0,0.0,0.0,0.0,0.0,999.0
6124,2026-07-24,26.8,26.8,25.7,26.3,31000.0,26.8,26.8,25.7,26.3,31,810050.0,0.0,0.0,0.0,0.0,999.0
6124,2026-07-27,25.9,25.95,25.85,25.9,21000.0,25.9,25.95,25.85,25.9,21,544250.0,0.0,0.0,0.0,0.0,999.0
6124,2026-07-28,25.55,26.0,25.45,26.0,28000.0,25.55,26.0,25.45,26.0,28,718800.0,0.0,0.0,0.0,0.0,999.0
6124,2026-07-29,25.8,25.8,24.9,25.4,28000.0,25.8,25.8,24.9,25.4,28,711300.0,0.0,0.0,0.0,0.0,999.0
6124,2026-07-30,25.3,25.3,24.35,24.35,18000.0,25.3,25.3,24.35,24.35,18,447600.0,0.0,0.0,0.0,0.0,999.0
6124,2026-07-31,24.9,25.7,24.9,25.05,8000.0,24.9,25.7,24.9,25.05,8,202550.0,0.0,0.0,0.0,0.0,999.0
6124,2026-08-03,24.9,25.1,24.8,24.8,23000.0,24.9,25.1,24.8,24.8,23,573450.0,0.0,0.0,0.0,0.0,999.0
6124,2026-08-04,24.65,26.1,24.65,25.9,25000.0,24.65,26.1,24.65,25.9,25,641050.0,0.0,0.0,0.0,0.0,999.0
6124,2026-08-05,26.15,27.15,26.15,26.8,23000.0,26.15,27.15,26.15,26.8,23,616450.0,0.0,0.0,0.0,0.0,999.0
6124,2026-08-06,26.95,26.95,26.55,26.8,15000.0,26.95,26.95,26.55,26.8,15,402900.0,0.0,0.0,0.0,0.0,999.0
6124,2026-08-07,26.8,26.85,26.8,26.85,7000.0,26.8,26.85,26.8,26.85,7,187800.0,0.0,0.0,0.0,0.0,999.0
6124,2026-08-10,26.95,27.1,26.75,27.1,22000.0,26.95,27.1,26.75,27.1,22,593600.0,0.0,0.0,0.0,0.0,999.0
6124,2026-08-11,27.1,27.3,26.6,27.1,8000.0,27.1,27.3,26.6,27.1,8,216350.0,0.0,0.0,0.0,0.0,999.0
6124,2026-08-12,27.1,27.55,26.9,27.5,20000.0,27.1,27.55,26.9,27.5,20,547350.0,0.0,0.0,0.0,0.0,999.0
6124,2026-08-13,27.5,27.95,27.3,27.65,14000.0,27.5,27.95,27.3,27.65,14,384900.0,0.0,0.0,0.0,0.0,999.0
6124,2026-08-14,27.45,27.7,27.15,27.6,21000.0,27.45,27.7,27.15,27.6,21,577800.0,0.0,0.0,0.0,0.0,999.0
6124,2026-08-17,27.3,27.4,26.8,27.05,25000.0,27.3,27.4,26.8,27.05,25,677050.0,0.0,0.0,0.0,0.0,999.0
6124,2026-08-18,27.0,27.05,27.0,27.0,3000.0,27.0,27.05,27.0,27.0,3,81050.0,0.0,0.0,0.0,0.0,999.0
6124,2026-08-19,27.0,27.0,27.0,27.0,3000.0,27.0,27.0,27.0,27.0,3,81000.0,0.0,0.0,0.0,0.0,999.0
6156,2026-05-25,19.4,19.7,19.2,19.65,764000.0,19.4,19.7,19.2,19.65,764,14901300.0,0.0,0.0,0.0,0.0,999.0
6156,2026-05-26,19.7,19.7,18.75,18.95,678000.0,19.7,19.7,18.75,18.95,678,12881950.0,0.0,0.0,0.0,0.0,999.0
6156,2026-05-27,19.0,19.0,18.45,18.6,665000.0,19.0,19.0,18.45,18.6,665,12429750.0,0.0,0.0,0.0,0.0,999.0
6156,2026-05-28,18.65,18.85,18.2,18.2,727000.0,18.65,18.85,18.2,18.2,727,13368200.0,0.0,0.0,0.0,0.0,999.0
6156,2026-05-29,18.4,18.5,18.2,18.45,656000.0,18.4,18.5,18.2,18.45,656,12022450.0,0.0,0.0,0.0,0.0,999.0
6156,2026-06-01,18.5,19.3,18.3,19.15,731000.0,18.5,19.3,18.3,19.15,731,13850700.0,0.0,0.0,0.0,0.0,999.0
6156,2026-06-02,19.35,19.35,18.9,19.3,490000.0,19.35,19.35,18.9,19.3,490,9336150.0,0.0,0.0,0.0,0.0,999.0
6156,2026-06-03,19.35,19.75,19.35,19.65,607000.0,19.35,19.75,19.35,19.65,607,11882300.0,0.0,0.0,0.0,0.0,999.0
6156,2026-06-04,19.75,19.75,19.1,19.5,434000.0,19.75,19.75,19.1,19.5,434,8409900.0,0.0,0.0,0.0,0.0,999.0
6156,2026-06-05,19.5,19.55,19.0,19.35,444000.0,19.5,19.55,19.0,19.35,444,8541200.0,0.0,0.0,0.0,0.0,999.0
6156,2026-06-08,18.45,18.7,17.85,18.65,694000.0,18.45,18.7,17.85,18.65,694,12651700.0,0.0,0.0,0.0,0.0,999.0
6156,2026-06-09,18.75,19.2,18.35,18.85,538000.0,18.75,19.2,18.35,18.85,538,10039850.0,0.0,0.0,0.0,0.0,999.0
6156,2026-06-10,18.9,19.45,18.6,18.6,645000.0,18.9,19.45,18.6,18.6,645,12309050.0,0.0,0.0,0.0,0.0,999.0
6156,2026-06-11,20.0,20.45,19.85,20.45,4357000.0,20.0,20.45,19.85,20.45,4357,88569400.0,0.0,0.0,0.0,0.0,999.0
6156,2026-06-12,20.4,21.15,20.25,20.55,3288000.0,20.4,21.15,20.25,20.55,3288,67831700.0,0.0,0.0,0.0,0.0,999.0
6156,2026-06-15,20.2,22.6,19.5,22.6,3694000.0,20.2,22.6,19.5,22.6,3694,80494150.0,0.0,0.0,0.0,0.0,999.0
6156,2026-06-16,23.75,24.25,22.45,22.9,5761000.0,23.75,24.25,22.45,22.9,5761,133546000.0,0.0,0.0,0.0,0.0,999.0
6156,2026-06-17,22.5,23.65,22.25,23.35,2793000.0,22.5,23.65,22.25,23.35,2793,64380550.0,0.0,0.0,0.0,0.0,999.0
6156,2026-06-18,23.9,24.5,23.6,24.35,4596000.0,23.9,24.5,23.6,24.35,4596,110849150.0,0.0,0.0,0.0,0.0,999.0
6156,2026-06-22,26.3,26.75,26.05,26.75,2700000.0,26.3,26.75,26.05,26.75,2700,71898750.0,0.0,0.0,0.0,0.0,999.0
6156,2026-06-23,29.2,29.2,25.6,25.6,9266000.0,29.2,29.2,25.6,25.6,9266,250921650.0,0.0,0.0,0.0,0.0,999.0
6156,2026-06-24,25.05,27.0,25.0,26.15,3584000.0,25.05,27.0,25.0,26.15,3584,93017850.0,0.0,0.0,0.0,0.0,999.0
6156,2026-06-25,26.4,26.55,24.2,24.9,3389000.0,26.4,26.55,24.2,24.9,3389,85171650.0,0.0,0.0,0.0,0.0,999.0
6156,2026-06-26,24.5,25.05,24.25,24.55,1713000.0,24.5,25.05,24.25,24.55,1713,42246950.0,0.0,0.0,0.0,0.0,999.0
6156,2026-06-29,25.1,27.0,24.95,26.25,6648000.0,25.1,27.0,24.95,26.25,6648,176743250.0,0.0,0.0,0.0,0.0,999.0
6156,2026-06-30,26.2,28.85,26.05,28.8,10975000.0,26.2,28.85,26.05,28.8,10975,308942950.0,0.0,0.0,0.0,0.0,999.0
6156,2026-07-01,31.5,31.65,31.35,31.65,4059000.0,31.5,31.65,31.35,31.65,4059,128299350.0,0.0,0.0,0.0,0.0,999.0
6156,2026-07-02,32.0,34.5,31.15,32.0,26175000.0,32.0,34.5,31.15,32.0,26175,856872700.0,0.0,0.0,0.0,0.0,999.0
6156,2026-07-03,32.0,32.5,29.25,29.9,9799000.0,32.0,32.5,29.25,29.9,9799,298400100.0,0.0,0.0,0.0,0.0,999.0
6156,2026-07-06,30.4,31.95,29.8,29.9,5482000.0,30.4,31.95,29.8,29.9,5482,167742200.0,0.0,0.0,0.0,0.0,999.0
6156,2026-07-07,29.7,30.7,27.8,28.4,5713000.0,29.7,30.7,27.8,28.4,5713,164707050.0,0.0,0.0,0.0,0.0,999.0
6156,2026-07-08,28.4,28.4,26.65,27.7,3544000.0,28.4,28.4,26.65,27.7,3544,97191350.0,0.0,0.0,0.0,0.0,999.0
6156,2026-07-09,27.65,27.85,26.8,26.95,2292000.0,27.65,27.85,26.8,26.95,2292,62370550.0,0.0,0.0,0.0,0.0,999.0
6156,2026-07-13,29.6,29.6,28.05,28.35,7392000.0,29.6,29.6,28.05,28.35,7392,214889050.0,0.0,0.0,0.0,0.0,999.0
6156,2026-07-14,27.95,27.95,25.9,27.25,3198000.0,27.95,27.95,25.9,27.25,3198,85857350.0,0.0,0.0,0.0,0.0,999.0
6156,2026-07-15,27.3,27.85,26.75,26.8,1852000.0,27.3,27.85,26.75,26.8,1852,50232450.0,0.0,0.0,0.0,0.0,999.0
6156,2026-07-16,26.8,27.2,26.2,26.3,1577000.0,26.8,27.2,26.2,26.3,1577,41984100.0,0.0,0.0,0.0,0.0,999.0
6156,2026-07-17,25.1,25.5,24.0,24.35,4206000.0,25.1,25.5,24.0,24.35,4206,104333200.0,0.0,0.0,0.0,0.0,999.0
6156,2026-07-20,24.4,24.9,23.0,23.55,2114000.0,24.4,24.9,23.0,23.55,2114,50011000.0,0.0,0.0,0.0,0.0,999.0
6156,2026-07-21,23.9,24.25,23.7,24.2,802000.0,23.9,24.25,23.7,24.2,802,19258700.0,0.0,0.0,0.0,0.0,999.0
6156,2026-07-22,24.6,24.9,24.2,24.25,1178000.0,24.6,24.9,24.2,24.25,1178,28865250.0,0.0,0.0,0.0,0.0,999.0
6156,2026-07-23,24.45,24.6,23.25,23.8,1302000.0,24.45,24.6,23.25,23.8,1302,31177000.0,0.0,0.0,0.0,0.0,999.0
6156,2026-07-24,23.65,23.95,22.5,22.7,1486000.0,23.65,23.95,22.5,22.7,1486,34113050.0,0.0,0.0,0.0,0.0,999.0
6156,2026-07-27,22.7,23.0,22.0,22.7,946000.0,22.7,23.0,22.0,22.7,946,21161700.0,0.0,0.0,0.0,0.0,999.0
6156,2026-07-28,22.0,22.05,21.05,21.2,1300000.0,22.0,22.05,21.05,21.2,1300,27886850.0,0.0,0.0,0.0,0.0,999.0
6156,2026-07-29,21.5,21.5,19.4,20.35,2270000.0,21.5,21.5,19.4,20.35,2270,45522600.0,0.0,0.0,0.0,0.0,999.0
6156,2026-07-30,20.35,20.6,19.35,19.55,1259000.0,20.35,20.6,19.35,19.55,1259,25023600.0,0.0,0.0,0.0,0.0,999.0
6156,2026-07-31,20.3,20.9,20.25,20.65,929000.0,20.3,20.9,20.25,20.65,929,19132950.0,0.0,0.0,0.0,0.0,999.0
6156,2026-08-03,20.25,21.45,20.25,21.3,744000.0,20.25,21.45,20.25,21.3,744,15722750.0,0.0,0.0,0.0,0.0,999.0
6156,2026-08-04,21.4,22.2,21.1,21.95,846000.0,21.4,22.2,21.1,21.95,846,18433350.0,0.0,0.0,0.0,0.0,999.0
6156,2026-08-05,22.4,22.6,22.15,22.35,761000.0,22.4,22.6,22.15,22.35,761,17008800.0,0.0,0.0,0.0,0.0,999.0
6156,2026-08-06,21.3,21.3,20.15,20.7,3230000.0,21.3,21.3,20.15,20.7,3230,65884650.0,0.0,0.0,0.0,0.0,999.0
6156,2026-08-07,20.5,21.0,20.45,20.6,932000.0,20.5,21.0,20.45,20.6,932,19257150.0,0.0,0.0,0.0,0.0,999.0
6156,2026-08-10,20.9,21.0,20.65,20.8,439000.0,20.9,21.0,20.65,20.8,439,9129350.0,0.0,0.0,0.0,0.0,999.0
6156,2026-08-11,21.0,22.65,21.0,21.75,1652000.0,21.0,22.65,21.0,21.75,1652,35915150.0,0.0,0.0,0.0,0.0,999.0
6156,2026-08-12,21.75,22.25,21.75,22.0,999000.0,21.75,22.25,21.75,22.0,999,21988300.0,0.0,0.0,0.0,0.0,999.0
6156,2026-08-13,22.25,22.85,22.15,22.2,841000.0,22.25,22.85,22.15,22.2,841,18859500.0,0.0,0.0,0.0,0.0,999.0
6156,2026-08-14,22.2,22.2,21.5,21.7,699000.0,22.2,22.2,21.5,21.7,699,15226200.0,0.0,0.0,0.0,0.0,999.0
6156,2026-08-17,21.7,21.9,21.5,21.6,277000.0,21.7,21.9,21.5,21.6,277,5989800.0,0.0,0.0,0.0,0.0,999.0
6156,2026-08-18,21.5,21.75,20.95,21.1,423000.0,21.5,21.75,20.95,21.1,423,8975000.0,0.0,0.0,0.0,0.0,999.0
6156,2026-08-19,20.7,21.35,20.7,21.05,364000.0,20.7,21.35,20.7,21.05,364,7646600.0,0.0,0.0,0.0,0.0,999.0
6187,2026-05-25,1165.0,1225.0,1145.0,1210.0,2689000.0,1165.0,1225.0,1145.0,1210.0,2689,3221740000.0,0.0,0.0,0.0,0.0,999.0
6187,2026-05-26,1230.0,1230.0,1140.0,1155.0,2067000.0,1230.0,1230.0,1140.0,1155.0,2067,2422235000.0,0.0,0.0,0.0,0.0,999.0
6187,2026-05-27,1170.0,1175.0,1100.0,1130.0,2922000.0,1170.0,1175.0,1100.0,1130.0,2922,3322320000.0,0.0,0.0,0.0,0.0,999.0
6187,2026-05-28,1180.0,1240.0,1180.0,1240.0,4152000.0,1180.0,1240.0,1180.0,1240.0,4152,5116365000.0,0.0,0.0,0.0,0.0,999.0
6187,2026-05-29,1225.0,1285.0,1120.0,1120.0,7224000.0,1225.0,1285.0,1120.0,1120.0,7224,8583035000.0,0.0,0.0,0.0,0.0,999.0
6187,2026-06-01,1090.0,1100.0,1040.0,1070.0,4137000.0,1090.0,1100.0,1040.0,1070.0,4137,4417235000.0,0.0,0.0,0.0,0.0,999.0
6187,2026-06-02,1090.0,1095.0,998.0,1010.0,4617000.0,1090.0,1095.0,998.0,1010.0,4617,4729987000.0,0.0,0.0,0.0,0.0,999.0
6187,2026-06-03,1035.0,1075.0,1015.0,1065.0,2272000.0,1035.0,1075.0,1015.0,1065.0,2272,2395085000.0,0.0,0.0,0.0,0.0,999.0
6187,2026-06-04,1065.0,1170.0,1055.0,1115.0,4024000.0,1065.0,1170.0,1055.0,1115.0,4024,4516385000.0,0.0,0.0,0.0,0.0,999.0
6187,2026-06-05,1110.0,1175.0,1100.0,1120.0,4065000.0,1110.0,1175.0,1100.0,1120.0,4065,4642845000.0,0.0,0.0,0.0,0.0,999.0
6187,2026-06-08,1010.0,1115.0,1010.0,1080.0,1833000.0,1010.0,1115.0,1010.0,1080.0,1833,1933520000.0,0.0,0.0,0.0,0.0,999.0
6187,2026-06-09,1125.0,1170.0,1080.0,1130.0,3049000.0,1125.0,1170.0,1080.0,1130.0,3049,3436215000.0,0.0,0.0,0.0,0.0,999.0
6187,2026-06-10,1120.0,1145.0,1060.0,1065.0,2004000.0,1120.0,1145.0,1060.0,1065.0,2004,2206595000.0,0.0,0.0,0.0,0.0,999.0
6187,2026-06-11,1065.0,1120.0,1000.0,1030.0,2562000.0,1065.0,1120.0,1000.0,1030.0,2562,2676365000.0,0.0,0.0,0.0,0.0,999.0
6187,2026-06-12,1100.0,1110.0,1055.0,1085.0,1904000.0,1100.0,1110.0,1055.0,1085.0,1904,2062865000.0,0.0,0.0,0.0,0.0,999.0
6187,2026-06-15,1100.0,1160.0,1100.0,1130.0,3003000.0,1100.0,1160.0,1100.0,1130.0,3003,3403100000.0,0.0,0.0,0.0,0.0,999.0
6187,2026-06-16,1150.0,1180.0,1100.0,1140.0,2611000.0,1150.0,1180.0,1100.0,1140.0,2611,2962530000.0,0.0,0.0,0.0,0.0,999.0
6187,2026-06-17,1115.0,1160.0,1115.0,1155.0,473000.0,1115.0,1160.0,1115.0,1155.0,473,542255000.0,0.0,0.0,0.0,0.0,999.0
6187,2026-06-18,1165.0,1245.0,1155.0,1235.0,1694000.0,1165.0,1245.0,1155.0,1235.0,1694,2050215000.0,0.0,0.0,0.0,0.0,999.0
6187,2026-06-22,1290.0,1290.0,1260.0,1260.0,999000.0,1290.0,1290.0,1260.0,1260.0,999,1271195000.0,0.0,0.0,0.0,0.0,999.0
6187,2026-06-23,1270.0,1270.0,1160.0,1170.0,1115000.0,1270.0,1270.0,1160.0,1170.0,1115,1332410000.0,0.0,0.0,0.0,0.0,999.0
6187,2026-06-24,1120.0,1160.0,1060.0,1060.0,1625000.0,1120.0,1160.0,1060.0,1060.0,1625,1764895000.0,0.0,0.0,0.0,0.0,999.0
6187,2026-06-25,1040.0,1110.0,1040.0,1105.0,656000.0,1040.0,1110.0,1040.0,1105.0,656,702950000.0,0.0,0.0,0.0,0.0,999.0
6187,2026-06-26,1100.0,1120.0,998.0,1075.0,1196000.0,1100.0,1120.0,998.0,1075.0,1196,1265990000.0,0.0,0.0,0.0,0.0,999.0
6187,2026-06-29,1065.0,1100.0,970.0,980.0,1759000.0,1065.0,1100.0,970.0,980.0,1759,1766869000.0,0.0,0.0,0.0,0.0,999.0
6187,2026-06-30,1005.0,1005.0,965.0,998.0,1359000.0,1005.0,1005.0,965.0,998.0,1359,1336457000.0,0.0,0.0,0.0,0.0,999.0
6187,2026-07-01,1010.0,1085.0,1010.0,1065.0,1334000.0,1010.0,1085.0,1010.0,1065.0,1334,1388320000.0,0.0,0.0,0.0,0.0,999.0
6187,2026-07-02,1025.0,1100.0,996.0,1005.0,3258000.0,1025.0,1100.0,996.0,1005.0,3258,3351089000.0,0.0,0.0,0.0,0.0,999.0
6187,2026-07-03,1000.0,1050.0,990.0,1030.0,2045000.0,1000.0,1050.0,990.0,1030.0,2045,2101606000.0,0.0,0.0,0.0,0.0,999.0
6187,2026-07-06,1055.0,1110.0,1025.0,1035.0,2731000.0,1055.0,1110.0,1025.0,1035.0,2731,2907010000.0,0.0,0.0,0.0,0.0,999.0
6187,2026-07-07,1050.0,1050.0,960.0,974.0,1950000.0,1050.0,1050.0,960.0,974.0,1950,1944994000.0,0.0,0.0,0.0,0.0,999.0
6187,2026-07-08,990.0,992.0,923.0,955.0,1896000.0,990.0,992.0,923.0,955.0,1896,1793711000.0,0.0,0.0,0.0,0.0,999.0
6187,2026-07-09,1015.0,1050.0,998.0,1050.0,2677000.0,1015.0,1050.0,998.0,1050.0,2677,2784993000.0,0.0,0.0,0.0,0.0,999.0
6187,2026-07-13,1110.0,1125.0,1010.0,1035.0,2302000.0,1110.0,1125.0,1010.0,1035.0,2302,2430735000.0,0.0,0.0,0.0,0.0,999.0
6187,2026-07-14,1020.0,1050.0,933.0,985.0,1902000.0,1020.0,1050.0,933.0,985.0,1902,1861660000.0,0.0,0.0,0.0,0.0,999.0
6187,2026-07-15,1020.0,1080.0,1005.0,1080.0,1604000.0,1020.0,1080.0,1005.0,1080.0,1604,1694555000.0,0.0,0.0,0.0,0.0,999.0
6187,2026-07-16,1055.0,1110.0,1045.0,1075.0,3056000.0,1055.0,1110.0,1045.0,1075.0,3056,3291790000.0,0.0,0.0,0.0,0.0,999.0
6187,2026-07-17,1020.0,1035.0,971.0,975.0,2462000.0,1020.0,1035.0,971.0,975.0,2462,2444697000.0,0.0,0.0,0.0,0.0,999.0
6187,2026-07-20,960.0,988.0,910.0,935.0,1788000.0,960.0,988.0,910.0,935.0,1788,1688267000.0,0.0,0.0,0.0,0.0,999.0
6187,2026-07-21,960.0,1010.0,932.0,998.0,1474000.0,960.0,1010.0,932.0,998.0,1474,1437915000.0,0.0,0.0,0.0,0.0,999.0
6187,2026-07-22,1020.0,1090.0,1000.0,1055.0,3409000.0,1020.0,1090.0,1000.0,1055.0,3409,3605595000.0,0.0,0.0,0.0,0.0,999.0
6187,2026-07-23,1080.0,1100.0,1010.0,1025.0,1869000.0,1080.0,1100.0,1010.0,1025.0,1869,1959755000.0,0.0,0.0,0.0,0.0,999.0
6187,2026-07-24,999.0,1015.0,940.0,942.0,2055000.0,999.0,1015.0,940.0,942.0,2055,1988509000.0,0.0,0.0,0.0,0.0,999.0
6187,2026-07-27,975.0,1035.0,957.0,1035.0,3145000.0,975.0,1035.0,957.0,1035.0,3145,3180703000.0,0.0,0.0,0.0,0.0,999.0
6187,2026-07-28,990.0,1040.0,958.0,962.0,2892000.0,990.0,1040.0,958.0,962.0,2892,2882590000.0,0.0,0.0,0.0,0.0,999.0
6187,2026-07-29,978.0,1005.0,866.0,890.0,4097000.0,978.0,1005.0,866.0,890.0,4097,3728984000.0,0.0,0.0,0.0,0.0,999.0
6187,2026-07-30,880.0,910.0,826.0,845.0,1846000.0,880.0,910.0,826.0,845.0,1846,1604305000.0,0.0,0.0,0.0,0.0,999.0
6187,2026-07-31,929.0,929.0,922.0,929.0,871000.0,929.0,929.0,922.0,929.0,871,808767000.0,0.0,0.0,0.0,0.0,999.0
6187,2026-08-03,937.0,1005.0,937.0,1005.0,1453000.0,937.0,1005.0,937.0,1005.0,1453,1447681000.0,0.0,0.0,0.0,0.0,999.0
6187,2026-08-04,1025.0,1105.0,1025.0,1090.0,2807000.0,1025.0,1105.0,1025.0,1090.0,2807,3026320000.0,0.0,0.0,0.0,0.0,999.0
6187,2026-08-05,1090.0,1130.0,1065.0,1070.0,4131000.0,1090.0,1130.0,1065.0,1070.0,4131,4525925000.0,0.0,0.0,0.0,0.0,999.0
6187,2026-08-06,1070.0,1175.0,1035.0,1175.0,4118000.0,1070.0,1175.0,1035.0,1175.0,4118,4630335000.0,0.0,0.0,0.0,0.0,999.0
6187,2026-08-07,1175.0,1185.0,1110.0,1130.0,2477000.0,1175.0,1185.0,1110.0,1130.0,2477,2850500000.0,0.0,0.0,0.0,0.0,999.0
6187,2026-08-10,1165.0,1220.0,1080.0,1090.0,3918000.0,1165.0,1220.0,1085.0,1090.0,3918,4501030000.0,0.0,0.0,0.004608294930875576,0.0,999.0
6187,2026-08-11,1165.0,1195.0,1035.0,1050.0,5630000.0,1165.0,1195.0,1035.0,1050.0,5630,6254120000.0,0.0,0.0,0.0,0.0,999.0
6187,2026-08-12,1060.0,1155.0,1055.0,1155.0,4335000.0,1060.0,1155.0,1055.0,1155.0,4335,4901730000.0,0.0,0.0,0.0,0.0,999.0
6187,2026-08-13,1190.0,1270.0,1185.0,1270.0,5819000.0,1190.0,1270.0,1185.0,1270.0,5819,7222525000.0,0.0,0.0,0.0,0.0,999.0
6187,2026-08-14,1275.0,1320.0,1250.0,1275.0,4487000.0,1275.0,1320.0,1250.0,1275.0,4487,5745195000.0,0.0,0.0,0.0,0.0,999.0
6187,2026-08-17,1275.0,1400.0,1265.0,1385.0,5106000.0,1275.0,1400.0,1265.0,1385.0,5106,6932510000.0,0.0,0.0,0.0,0.0,999.0
6187,2026-08-18,1360.0,1360.0,1250.0,1260.0,3894000.0,1360.0,1360.0,1250.0,1260.0,3894,5055230000.0,0.0,0.0,0.0,0.0,999.0
6187,2026-08-19,1210.0,1355.0,1205.0,1305.0,4731000.0,1210.0,1355.0,1205.0,1305.0,4731,6130815000.0,0.0,0.0,0.0,0.0,999.0
6221,2026-05-25,23.5,23.5,22.75,23.05,220000.0,23.5,23.5,22.75,23.05,220,5054200.0,0.0,0.0,0.0,0.0,999.0
6221,2026-05-26,23.55,23.55,22.8,23.3,160000.0,23.55,23.55,22.8,23.3,160,3699950.0,0.0,0.0,0.0,0.0,999.0
6221,2026-05-27,23.45,23.6,22.75,22.9,233000.0,23.45,23.6,22.75,22.9,233,5392900.0,0.0,0.0,0.0,0.0,999.0
6221,2026-05-28,22.9,23.2,22.7,23.1,166000.0,22.9,23.2,22.7,23.1,166,3818900.0,0.0,0.0,0.0,0.0,999.0
6221,2026-05-29,23.2,23.35,23.0,23.2,147000.0,23.2,23.35,23.0,23.2,147,3405850.0,0.0,0.0,0.0,0.0,999.0
6221,2026-06-01,23.15,24.45,23.15,23.85,593000.0,23.15,24.45,23.15,23.85,593,14175150.0,0.0,0.0,0.0,0.0,999.0
6221,2026-06-02,24.05,24.15,23.65,24.1,111000.0,24.05,24.15,23.65,24.1,111,2650150.0,0.0,0.0,0.0,0.0,999.0
6221,2026-06-03,24.4,24.6,24.05,24.5,293000.0,24.4,24.6,24.05,24.5,293,7137550.0,0.0,0.0,0.0,0.0,999.0
6221,2026-06-04,24.5,24.75,23.9,24.75,591000.0,24.5,24.75,23.9,24.75,591,14487900.0,0.0,0.0,0.0,0.0,999.0
6221,2026-06-05,24.8,25.6,24.5,24.7,344000.0,24.8,25.6,24.5,24.7,344,8597800.0,0.0,0.0,0.0,0.0,999.0
6221,2026-06-08,22.5,24.7,22.5,24.0,204000.0,22.5,24.7,22.5,24.0,204,4866050.0,0.0,0.0,0.0,0.0,999.0
6221,2026-06-09,24.1,24.55,24.1,24.25,93000.0,24.1,24.55,24.1,24.25,93,2264850.0,0.0,0.0,0.0,0.0,999.0
6221,2026-06-10,24.35,24.5,23.8,23.95,92000.0,24.35,24.5,23.8,23.95,92,2222750.0,0.0,0.0,0.0,0.0,999.0
6221,2026-06-11,23.8,24.15,23.25,23.6,62000.0,23.8,24.15,23.25,23.6,62,1459750.0,0.0,0.0,0.0,0.0,999.0
6221,2026-06-12,24.25,24.25,23.6,23.6,90000.0,24.25,24.25,23.6,23.6,90,2151000.0,0.0,0.0,0.0,0.0,999.0
6221,2026-06-15,23.65,23.95,23.5,23.65,155000.0,23.65,23.95,23.5,23.65,155,3664350.0,0.0,0.0,0.0,0.0,999.0
6221,2026-06-16,23.65,24.2,23.6,23.6,133000.0,23.65,24.2,23.6,23.6,133,3165450.0,0.0,0.0,0.0,0.0,999.0
6221,2026-06-17,23.65,24.65,23.6,24.5,268000.0,23.65,24.65,23.6,24.5,268,6510200.0,0.0,0.0,0.0,0.0,999.0
6221,2026-06-18,24.55,24.75,24.3,24.4,117000.0,24.55,24.75,24.3,24.4,117,2865700.0,0.0,0.0,0.0,0.0,999.0
6221,2026-06-22,24.5,24.5,23.6,23.65,273000.0,24.5,24.5,23.6,23.65,273,6527850.0,0.0,0.0,0.0,0.0,999.0
6221,2026-06-23,23.8,23.8,23.2,23.4,125000.0,23.8,23.8,23.2,23.4,125,2933950.0,0.0,0.0,0.0,0.0,999.0
6221,2026-06-24,23.2,23.4,22.9,23.15,183000.0,23.2,23.4,22.9,23.15,183,4225600.0,0.0,0.0,0.0,0.0,999.0
6221,2026-06-25,23.15,23.3,23.0,23.05,54000.0,23.15,23.3,23.0,23.05,54,1246250.0,0.0,0.0,0.0,0.0,999.0
6221,2026-06-26,22.65,23.05,21.6,22.3,217000.0,22.65,22.8,21.6,22.3,217,4867550.0,0.0,0.010964912280701754,0.0,0.0,999.0
6221,2026-06-29,22.35,22.65,22.2,22.3,71000.0,22.35,22.65,22.2,22.3,71,1582650.0,0.0,0.0,0.0,0.0,999.0
6221,2026-06-30,22.8,22.8,22.3,22.35,90000.0,22.8,22.8,22.3,22.35,90,2011250.0,0.0,0.0,0.0,0.0,999.0
6221,2026-07-01,22.6,22.6,22.0,22.15,183000.0,22.6,22.6,22.0,22.15,183,4056250.0,0.0,0.0,0.0,0.0,999.0
6221,2026-07-02,22.15,22.45,22.1,22.35,102000.0,22.15,22.45,22.1,22.35,102,2268300.0,0.0,0.0,0.0,0.0,999.0
6221,2026-07-03,22.35,23.0,22.35,22.7,215000.0,22.35,23.0,22.35,22.7,215,4875250.0,0.0,0.0,0.0,0.0,999.0
6221,2026-07-06,22.8,23.15,22.8,22.85,106000.0,22.8,23.15,22.8,22.85,106,2430650.0,0.0,0.0,0.0,0.0,999.0
6221,2026-07-07,22.85,22.85,22.25,22.3,123000.0,22.85,22.85,22.25,22.3,123,2763850.0,0.0,0.0,0.0,0.0,999.0
6221,2026-07-08,22.2,22.3,22.05,22.25,111000.0,22.2,22.3,22.05,22.25,111,2459450.0,0.0,0.0,0.0,0.0,999.0
6221,2026-07-09,22.1,22.3,22.05,22.1,218000.0,22.1,22.3,22.05,22.1,218,4820450.0,0.0,0.0,0.0,0.0,999.0
6221,2026-07-13,22.15,22.15,21.9,22.05,171000.0,22.15,22.15,21.9,22.05,171,3762750.0,0.0,0.0,0.0,0.0,999.0
6221,2026-07-14,22.05,22.05,21.4,21.75,261000.0,22.05,22.05,21.4,21.75,261,5648350.0,0.0,0.0,0.0,0.0,999.0
6221,2026-07-15,21.75,21.95,21.45,21.9,124000.0,21.75,21.95,21.45,21.9,124,2680200.0,0.0,0.0,0.0,0.0,999.0
6221,2026-07-16,21.6,21.95,21.55,21.7,75000.0,21.6,21.95,21.55,21.7,75,1633350.0,0.0,0.0,0.0,0.0,999.0
6221,2026-07-17,22.15,22.15,21.1,21.25,215000.0,22.15,22.15,21.1,21.25,215,4584750.0,0.0,0.0,0.0,0.0,999.0
6221,2026-07-20,21.15,21.3,20.9,21.15,64000.0,21.15,21.3,20.9,21.15,64,1351100.0,0.0,0.0,0.0,0.0,999.0
6221,2026-07-21,21.65,21.65,21.0,21.2,115000.0,21.65,21.65,21.0,21.2,115,2448150.0,0.0,0.0,0.0,0.0,999.0
6221,2026-07-22,22.3,22.3,21.3,21.8,143000.0,22.3,22.3,21.3,21.8,143,3100800.0,0.0,0.0,0.0,0.0,999.0
6221,2026-07-23,21.35,21.7,21.35,21.6,57000.0,21.35,21.7,21.35,21.6,57,1223250.0,0.0,0.0,0.0,0.0,999.0
6221,2026-07-24,21.65,21.65,21.3,21.6,27000.0,21.65,21.65,21.3,21.6,27,578700.0,0.0,0.0,0.0,0.0,999.0
6221,2026-07-27,21.3,21.6,21.3,21.6,9000.0,21.3,21.6,21.3,21.6,9,192850.0,0.0,0.0,0.0,0.0,999.0
6221,2026-07-28,21.4,21.45,21.2,21.35,78000.0,21.4,21.45,21.2,21.35,78,1663750.0,0.0,0.0,0.0,0.0,999.0
6221,2026-07-29,21.25,21.25,20.4,20.6,175000.0,21.25,21.25,20.4,20.6,175,3626500.0,0.0,0.0,0.0,0.0,999.0
6221,2026-07-30,20.4,21.35,20.2,20.8,131000.0,20.4,21.35,20.2,20.8,131,2704300.0,0.0,0.0,0.0,0.0,999.0
6221,2026-07-31,20.8,21.3,20.8,20.95,44000.0,20.8,21.3,20.8,20.95,44,924950.0,0.0,0.0,0.0,0.0,999.0
6221,2026-08-03,21.45,21.45,21.0,21.1,27000.0,21.45,21.45,21.0,21.1,27,569400.0,0.0,0.0,0.0,0.0,999.0
6221,2026-08-04,21.1,21.2,20.8,21.05,35000.0,21.1,21.2,20.8,21.05,35,735400.0,0.0,0.0,0.0,0.0,999.0
6221,2026-08-05,21.1,21.1,20.8,20.85,107000.0,21.1,21.1,20.8,20.85,107,2250300.0,0.0,0.0,0.0,0.0,999.0
6221,2026-08-06,20.85,21.4,20.5,20.8,114000.0,20.85,21.4,20.5,20.8,114,2361700.0,0.0,0.0,0.0,0.0,999.0
6221,2026-08-07,20.8,20.95,20.6,20.7,83000.0,20.8,20.95,20.6,20.7,83,1722150.0,0.0,0.0,0.0,0.0,999.0
6221,2026-08-10,20.7,21.0,20.65,21.0,31000.0,20.7,21.0,20.65,21.0,31,643150.0,0.0,0.0,0.0,0.0,999.0
6221,2026-08-11,21.0,21.0,20.2,20.55,119000.0,21.0,21.0,20.2,20.55,119,2431600.0,0.0,0.0,0.0,0.0,999.0
6221,2026-08-12,21.35,22.6,21.3,22.6,339000.0,21.35,22.6,21.3,22.6,339,7613850.0,0.0,0.0,0.0,0.0,999.0
6221,2026-08-13,23.05,23.1,22.0,22.15,627000.0,23.05,23.1,22.0,22.15,627,13994300.0,0.0,0.0,0.0,0.0,999.0
6221,2026-08-14,22.15,22.35,21.95,22.15,97000.0,22.15,22.35,21.95,22.15,97,2146900.0,0.0,0.0,0.0,0.0,999.0
6221,2026-08-17,22.25,22.55,22.15,22.35,103000.0,22.25,22.55,22.15,22.35,103,2297450.0,0.0,0.0,0.0,0.0,999.0
6221,2026-08-18,22.35,22.35,21.9,22.2,126000.0,22.35,22.35,21.9,22.2,126,2782400.0,0.0,0.0,0.0,0.0,999.0
6221,2026-08-19,22.05,22.3,22.05,22.3,17000.0,22.05,22.3,22.05,22.3,17,377550.0,0.0,0.0,0.0,0.0,999.0
6248,2026-05-25,18.35,19.2,18.35,19.2,243000.0,18.35,19.2,18.35,19.2,243,4605000.0,0.0,0.0,0.0,0.0,999.0
6248,2026-05-26,19.5,19.5,18.8,18.8,134000.0,19.5,19.5,18.8,18.8,134,2541000.0,0.0,0.0,0.0,0.0,999.0
6248,2026-05-27,18.65,18.65,18.4,18.4,142000.0,18.65,18.65,18.4,18.4,142,2624950.0,0.0,0.0,0.0,0.0,999.0
6248,2026-05-28,18.4,18.5,18.3,18.35,109000.0,18.4,18.5,18.3,18.35,109,2004550.0,0.0,0.0,0.0,0.0,999.0
6248,2026-05-29,18.4,18.5,18.35,18.45,62000.0,18.4,18.5,18.35,18.45,62,1143600.0,0.0,0.0,0.0,0.0,999.0
6248,2026-06-01,18.45,18.65,18.4,18.55,223000.0,18.45,18.65,18.4,18.55,223,4129300.0,0.0,0.0,0.0,0.0,999.0
6248,2026-06-02,18.65,18.65,18.45,18.5,70000.0,18.65,18.65,18.45,18.5,70,1294500.0,0.0,0.0,0.0,0.0,999.0
6248,2026-06-03,18.5,18.95,18.4,18.95,188000.0,18.5,18.95,18.4,18.95,188,3523950.0,0.0,0.0,0.0,0.0,999.0
6248,2026-06-04,19.0,19.15,18.85,19.05,151000.0,19.0,19.15,18.85,19.05,151,2871950.0,0.0,0.0,0.0,0.0,999.0
6248,2026-06-05,19.15,19.15,18.7,18.95,101000.0,19.15,19.15,18.7,18.95,101,1908800.0,0.0,0.0,0.0,0.0,999.0
6248,2026-06-08,18.75,18.75,18.35,18.5,106000.0,18.75,18.75,18.35,18.5,106,1957100.0,0.0,0.0,0.0,0.0,999.0
6248,2026-06-09,18.5,18.65,18.3,18.5,210000.0,18.5,18.65,18.3,18.5,210,3867650.0,0.0,0.0,0.0,0.0,999.0
6248,2026-06-10,18.4,18.4,18.3,18.35,99000.0,18.4,18.4,18.3,18.35,99,1815400.0,0.0,0.0,0.0,0.0,999.0
6248,2026-06-11,18.35,18.35,18.1,18.2,178000.0,18.35,18.35,18.1,18.2,178,3235950.0,0.0,0.0,0.0,0.0,999.0
6248,2026-06-12,18.3,18.35,18.15,18.25,122000.0,18.3,18.35,18.15,18.25,122,2225500.0,0.0,0.0,0.0,0.0,999.0
6248,2026-06-15,18.4,18.4,18.15,18.2,245000.0,18.4,18.4,18.15,18.2,245,4464600.0,0.0,0.0,0.0,0.0,999.0
6248,2026-06-16,18.2,18.25,18.15,18.2,134000.0,18.2,18.25,18.15,18.2,134,2435350.0,0.0,0.0,0.0,0.0,999.0
6248,2026-06-17,18.2,18.3,18.15,18.3,63000.0,18.2,18.3,18.15,18.3,63,1147150.0,0.0,0.0,0.0,0.0,999.0
6248,2026-06-18,18.3,18.45,18.3,18.35,99000.0,18.3,18.45,18.3,18.35,99,1820050.0,0.0,0.0,0.0,0.0,999.0
6248,2026-06-22,18.5,18.6,18.25,18.35,129000.0,18.5,18.6,18.25,18.35,129,2368600.0,0.0,0.0,0.0,0.0,999.0
6248,2026-06-23,18.25,18.35,18.1,18.25,151000.0,18.25,18.35,18.1,18.25,151,2749200.0,0.0,0.0,0.0,0.0,999.0
6248,2026-06-24,18.3,18.35,18.2,18.25,63000.0,18.3,18.35,18.2,18.25,63,1150450.0,0.0,0.0,0.0,0.0,999.0
6248,2026-06-25,18.25,18.3,18.2,18.25,78000.0,18.25,18.3,18.2,18.25,78,1422900.0,0.0,0.0,0.0,0.0,999.0
6248,2026-06-26,18.35,18.35,18.15,18.15,159000.0,18.35,18.35,18.15,18.15,159,2898100.0,0.0,0.0,0.0,0.0,999.0
6248,2026-06-29,18.15,18.3,18.15,18.25,61000.0,18.15,18.3,18.15,18.25,61,1111300.0,0.0,0.0,0.0,0.0,999.0
6248,2026-06-30,18.3,18.3,18.15,18.2,114000.0,18.3,18.3,18.15,18.2,114,2076100.0,0.0,0.0,0.0,0.0,999.0
6248,2026-07-01,18.2,18.25,17.95,17.95,437000.0,18.2,18.25,17.95,17.95,437,7879950.0,0.0,0.0,0.0,0.0,999.0
6248,2026-07-02,18.1,18.3,18.0,18.25,139000.0,18.1,18.3,18.0,18.25,139,2519000.0,0.0,0.0,0.0,0.0,999.0
6248,2026-07-03,18.25,18.5,18.25,18.45,183000.0,18.25,18.5,18.25,18.45,183,3362750.0,0.0,0.0,0.0,0.0,999.0
6248,2026-07-06,18.45,18.6,18.45,18.5,119000.0,18.45,18.6,18.45,18.5,119,2201300.0,0.0,0.0,0.0,0.0,999.0
6248,2026-07-07,18.4,18.5,18.05,18.15,150000.0,18.4,18.5,18.05,18.15,150,2739950.0,0.0,0.0,0.0,0.0,999.0
6248,2026-07-08,18.15,18.2,18.05,18.1,70000.0,18.15,18.2,18.05,18.1,70,1266600.0,0.0,0.0,0.0,0.0,999.0
6248,2026-07-09,18.1,18.1,18.05,18.1,70000.0,18.1,18.1,18.05,18.1,70,1265450.0,0.0,0.0,0.0,0.0,999.0
6248,2026-07-13,18.05,18.1,17.85,17.85,124000.0,18.05,18.1,17.85,17.85,124,2225850.0,0.0,0.0,0.0,0.0,999.0
6248,2026-07-14,17.85,17.9,17.6,17.7,213000.0,17.85,17.9,17.6,17.7,213,3766600.0,0.0,0.0,0.0,0.0,999.0
6248,2026-07-15,17.8,18.0,17.8,18.0,43000.0,17.8,18.0,17.8,18.0,43,771350.0,0.0,0.0,0.0,0.0,999.0
6248,2026-07-16,17.9,17.95,17.6,17.95,149000.0,17.9,17.95,17.6,17.95,149,2645050.0,0.0,0.0,0.0,0.0,999.0
6248,2026-07-17,18.05,18.05,17.65,17.7,111000.0,18.05,18.05,17.65,17.7,111,1966850.0,0.0,0.0,0.0,0.0,999.0
6248,2026-07-20,17.6,17.65,17.5,17.65,70000.0,17.6,17.65,17.5,17.65,70,1227650.0,0.0,0.0,0.0,0.0,999.0
6248,2026-07-21,17.65,17.9,17.65,17.8,27000.0,17.65,17.9,17.65,17.8,27,479100.0,0.0,0.0,0.0,0.0,999.0
6248,2026-07-22,17.8,17.8,17.6,17.7,54000.0,17.8,17.8,17.6,17.7,54,955500.0,0.0,0.0,0.0,0.0,999.0
6248,2026-07-23,17.75,17.8,17.7,17.8,39000.0,17.75,17.8,17.7,17.8,39,692250.0,0.0,0.0,0.0,0.0,999.0
6248,2026-07-24,17.8,17.8,17.6,17.75,47000.0,17.8,17.8,17.6,17.75,47,830350.0,0.0,0.0,0.0,0.0,999.0
6248,2026-07-27,17.75,17.75,17.6,17.75,66000.0,17.75,17.75,17.6,17.75,66,1166000.0,0.0,0.0,0.0,0.0,999.0
6248,2026-07-28,17.65,17.65,17.5,17.6,129000.0,17.65,17.65,17.5,17.6,129,2262000.0,0.0,0.0,0.0,0.0,999.0
6248,2026-07-29,17.5,17.5,17.0,17.3,202000.0,17.5,17.5,17.0,17.3,202,3467450.0,0.0,0.0,0.0,0.0,999.0
6248,2026-07-30,17.1,17.35,17.0,17.2,119000.0,17.1,17.35,17.0,17.2,119,2034500.0,0.0,0.0,0.0,0.0,999.0
6248,2026-07-31,17.2,17.4,17.2,17.3,45000.0,17.2,17.4,17.2,17.3,45,777450.0,0.0,0.0,0.0,0.0,999.0
6248,2026-08-03,17.15,17.4,17.15,17.4,41000.0,17.15,17.4,17.15,17.4,41,709600.0,0.0,0.0,0.0,0.0,999.0
6248,2026-08-04,17.4,17.6,17.3,17.6,48000.0,17.4,17.6,17.3,17.6,48,837250.0,0.0,0.0,0.0,0.0,999.0
6248,2026-08-05,17.6,17.7,17.45,17.45,72000.0,17.6,17.7,17.45,17.45,72,1263800.0,0.0,0.0,0.0,0.0,999.0
6248,2026-08-06,17.65,17.65,17.6,17.6,26000.0,17.65,17.65,17.6,17.6,26,457950.0,0.0,0.0,0.0,0.0,999.0
6248,2026-08-07,17.5,17.7,17.5,17.55,38000.0,17.5,17.7,17.5,17.55,38,668000.0,0.0,0.0,0.0,0.0,999.0
6248,2026-08-10,17.7,18.0,17.7,17.9,135000.0,17.7,18.0,17.7,17.9,135,2418750.0,0.0,0.0,0.0,0.0,999.0
6248,2026-08-11,17.9,18.1,17.9,17.95,75000.0,17.9,18.1,17.9,17.95,75,1350600.0,0.0,0.0,0.0,0.0,999.0
6248,2026-08-12,18.0,18.15,17.95,17.95,107000.0,18.0,18.15,17.95,17.95,107,1929050.0,0.0,0.0,0.0,0.0,999.0
6248,2026-08-13,17.95,18.25,17.95,18.2,105000.0,17.95,18.25,17.95,18.2,105,1909150.0,0.0,0.0,0.0,0.0,999.0
6248,2026-08-14,18.25,18.25,18.05,18.2,59000.0,18.25,18.25,18.05,18.2,59,1070650.0,0.0,0.0,0.0,0.0,999.0
6248,2026-08-17,18.25,18.35,18.2,18.25,57000.0,18.25,18.35,18.2,18.25,57,1041250.0,0.0,0.0,0.0,0.0,999.0
6248,2026-08-18,18.25,18.25,18.1,18.2,33000.0,18.25,18.25,18.1,18.2,33,600950.0,0.0,0.0,0.0,0.0,999.0
6248,2026-08-19,18.2,18.25,18.1,18.1,32000.0,18.2,18.25,18.1,18.1,32,581900.0,0.0,0.0,0.0,0.0,999.0
6411,2026-05-25,97.0,99.5,94.5,96.0,3629000.0,97.0,99.5,94.5,96.0,3629,349163400.0,0.0,0.0,0.0,0.0,999.0
6411,2026-05-26,96.9,102.0,94.8,100.5,4452000.0,96.9,102.0,94.8,100.5,4452,435893800.0,0.0,0.0,0.0,0.0,999.0
6411,2026-05-27,105.0,105.0,98.7,101.0,4560000.0,105.0,105.0,98.7,101.0,4560,461704700.0,0.0,0.0,0.0,0.0,999.0
6411,2026-05-28,101.0,111.0,100.5,111.0,8808000.0,101.0,111.0,100.5,111.0,8808,965871000.0,0.0,0.0,0.0,0.0,999.0
6411,2026-05-29,117.0,117.5,107.0,110.0,9099000.0,117.0,117.5,107.0,110.0,9099,1022483000.0,0.0,0.0,0.0,0.0,999.0
6411,2026-06-01,112.0,114.5,105.0,106.5,5084000.0,112.0,114.5,105.0,106.5,5084,554938000.0,0.0,0.0,0.0,0.0,999.0
6411,2026-06-02,106.5,106.5,97.3,100.0,4509000.0,106.5,106.5,97.3,100.0,4509,453751000.0,0.0,0.0,0.0,0.0,999.0
6411,2026-06-03,100.0,104.0,100.0,100.5,2397000.0,100.0,104.0,100.0,100.5,2397,244064000.0,0.0,0.0,0.0,0.0,999.0
6411,2026-06-04,99.7,101.5,98.0,99.1,1414000.0,99.7,101.5,98.0,99.1,1414,140851700.0,0.0,0.0,0.0,0.0,999.0
6411,2026-06-05,97.8,101.5,96.1,99.0,1538000.0,97.8,101.5,96.1,99.0,1538,151373600.0,0.0,0.0,0.0,0.0,999.0
6411,2026-06-08,89.1,90.7,89.1,89.1,1721000.0,89.1,90.7,89.1,89.1,1721,153539600.0,0.0,0.0,0.0,0.0,999.0
6411,2026-06-09,89.9,92.8,87.6,91.7,1832000.0,89.9,92.8,87.6,91.7,1832,165191100.0,0.0,0.0,0.0,0.0,999.0
6411,2026-06-10,89.8,96.7,89.8,91.6,1737000.0,89.8,96.7,89.8,91.6,1737,163574600.0,0.0,0.0,0.0,0.0,999.0
6411,2026-06-11,92.4,95.6,90.3,93.9,1053000.0,92.4,95.6,90.3,93.9,1053,98024900.0,0.0,0.0,0.0,0.0,999.0
6411,2026-06-12,96.9,102.0,96.8,97.7,1788000.0,96.9,102.0,96.8,97.7,1788,177771700.0,0.0,0.0,0.0,0.0,999.0
6411,2026-06-15,100.0,100.5,96.4,96.4,1264000.0,100.0,100.5,96.4,96.4,1264,123650200.0,0.0,0.0,0.0,0.0,999.0
6411,2026-06-16,97.0,99.6,96.0,96.4,951000.0,97.0,99.6,96.0,96.4,951,92566000.0,0.0,0.0,0.0,0.0,999.0
6411,2026-06-17,96.4,98.4,95.3,97.2,621000.0,96.4,98.4,95.3,97.2,621,60103800.0,0.0,0.0,0.0,0.0,999.0
6411,2026-06-18,100.0,106.5,100.0,106.5,3555000.0,100.0,106.5,100.0,106.5,3555,375148500.0,0.0,0.0,0.0,0.0,999.0
6411,2026-06-22,113.5,117.0,110.0,114.0,5878000.0,113.5,117.0,110.0,114.0,5878,676658000.0,0.0,0.0,0.0,0.0,999.0
6411,2026-06-23,113.5,115.5,103.0,104.5,4866000.0,113.5,115.5,103.0,104.5,4866,523714000.0,0.0,0.0,0.0,0.0,999.0
6411,2026-06-24,102.5,108.5,102.5,106.5,2393000.0,102.5,108.5,102.5,106.5,2393,251476000.0,0.0,0.0,0.0,0.0,999.0
6411,2026-06-25,108.0,108.0,102.0,102.0,1255000.0,108.0,108.0,102.0,102.0,1255,130350000.0,0.0,0.0,0.0,0.0,999.0
6411,2026-06-26,102.0,102.0,96.9,96.9,1509000.0,102.0,102.0,96.9,96.9,1509,149053700.0,0.0,0.0,0.0,0.0,999.0
6411,2026-06-29,96.8,99.8,96.2,96.4,703000.0,96.8,99.8,96.2,96.4,703,68464200.0,0.0,0.0,0.0,0.0,999.0
6411,2026-06-30,97.5,99.7,97.0,99.2,772000.0,97.5,99.7,97.0,99.2,772,76089000.0,0.0,0.0,0.0,0.0,999.0
6411,2026-07-01,102.0,103.5,96.0,97.5,1634000.0,102.0,103.5,96.0,97.5,1634,164371600.0,0.0,0.0,0.0,0.0,999.0
6411,2026-07-02,96.9,103.5,95.5,102.0,1268000.0,96.9,103.5,95.5,102.0,1268,127664600.0,0.0,0.0,0.0,0.0,999.0
6411,2026-07-03,100.5,103.0,99.1,99.7,825000.0,100.5,103.0,99.1,99.7,825,82822800.0,0.0,0.0,0.0,0.0,999.0
6411,2026-07-06,102.5,108.5,101.0,103.5,2026000.0,102.5,108.5,101.0,103.5,2026,211874500.0,0.0,0.0,0.0,0.0,999.0
6411,2026-07-07,105.0,105.0,96.2,96.5,1448000.0,105.0,105.0,96.2,96.5,1448,143780300.0,0.0,0.0,0.0,0.0,999.0
6411,2026-07-08,96.8,97.2,94.7,96.4,828000.0,96.8,97.2,94.7,96.4,828,79179600.0,0.0,0.0,0.0,0.0,999.0
6411,2026-07-09,96.4,98.6,95.9,97.0,542000.0,96.4,98.6,95.9,97.0,542,52834400.0,0.0,0.0,0.0,0.0,999.0
6411,2026-07-13,98.7,98.7,92.5,93.2,935000.0,98.7,98.7,92.5,93.2,935,88000400.0,0.0,0.0,0.0,0.0,999.0
6411,2026-07-14,93.1,93.4,85.2,89.1,1119000.0,93.1,93.4,85.2,89.1,1119,98803400.0,0.0,0.0,0.0,0.0,999.0
6411,2026-07-15,90.7,90.7,88.0,88.7,516000.0,90.7,90.7,88.0,88.7,516,45750600.0,0.0,0.0,0.0,0.0,999.0
6411,2026-07-16,88.6,88.6,85.5,86.2,531000.0,88.6,88.6,85.5,86.2,531,45973900.0,0.0,0.0,0.0,0.0,999.0
6411,2026-07-17,85.0,85.0,82.0,82.2,1100000.0,85.0,85.0,82.0,82.2,1100,91557800.0,0.0,0.0,0.0,0.0,999.0
6411,2026-07-20,80.6,82.7,77.0,79.2,851000.0,80.6,82.7,77.0,79.2,851,67272700.0,0.0,0.0,0.0,0.0,999.0
6411,2026-07-21,79.9,81.3,79.7,81.0,411000.0,79.9,81.3,79.7,81.0,411,33129900.0,0.0,0.0,0.0,0.0,999.0
6411,2026-07-22,82.8,83.5,82.0,82.5,373000.0,82.8,83.5,82.0,82.5,373,30834000.0,0.0,0.0,0.0,0.0,999.0
6411,2026-07-23,84.0,84.0,80.1,81.0,345000.0,84.0,84.0,80.1,81.0,345,28095000.0,0.0,0.0,0.0,0.0,999.0
6411,2026-07-24,80.1,82.8,79.8,80.6,450000.0,80.1,82.8,79.8,80.6,450,36512500.0,0.0,0.0,0.0,0.0,999.0
6411,2026-07-27,80.6,80.7,78.4,79.8,415000.0,80.6,80.7,78.4,79.8,415,32939900.0,0.0,0.0,0.0,0.0,999.0
6411,2026-07-28,78.2,78.2,75.5,75.6,773000.0,78.2,78.2,75.5,75.6,773,59074700.0,0.0,0.0,0.0,0.0,999.0
6411,2026-07-29,74.2,74.6,68.9,70.6,900000.0,74.2,74.6,68.9,70.6,900,63352000.0,0.0,0.0,0.0,0.0,999.0
6411,2026-07-30,71.0,71.9,68.6,70.0,424000.0,71.0,71.9,68.6,70.0,424,29843000.0,0.0,0.0,0.0,0.0,999.0
6411,2026-07-31,73.2,74.4,72.6,74.0,274000.0,73.2,74.4,72.6,74.0,274,20162900.0,0.0,0.0,0.0,0.0,999.0
6411,2026-08-03,72.1,76.4,72.1,75.8,240000.0,72.1,76.4,72.1,75.8,240,18131600.0,0.0,0.0,0.0,0.0,999.0
6411,2026-08-04,75.8,77.5,75.0,76.5,305000.0,75.8,77.5,75.0,76.5,305,23325700.0,0.0,0.0,0.0,0.0,999.0
6411,2026-08-05,78.4,80.4,77.5,77.8,352000.0,78.4,80.4,77.5,77.8,352,27558400.0,0.0,0.0,0.0,0.0,999.0
6411,2026-08-06,77.2,78.7,76.0,78.3,212000.0,77.2,78.7,76.0,78.3,212,16421400.0,0.0,0.0,0.0,0.0,999.0
6411,2026-08-07,78.1,78.1,76.5,76.6,229000.0,78.1,78.1,76.5,76.6,229,17659400.0,0.0,0.0,0.0,0.0,999.0
6411,2026-08-10,76.6,77.4,75.4,77.1,376000.0,76.6,77.4,75.4,77.1,376,28819700.0,0.0,0.0,0.0,0.0,999.0
6411,2026-08-11,77.8,79.2,76.7,78.1,474000.0,77.8,79.2,76.7,78.1,474,36859700.0,0.0,0.0,0.0,0.0,999.0
6411,2026-08-12,78.3,79.6,78.3,78.9,306000.0,78.3,79.6,78.3,78.9,306,24171700.0,0.0,0.0,0.0,0.0,999.0
6411,2026-08-13,79.3,81.0,79.3,79.6,313000.0,79.3,81.0,79.3,79.6,313,25012800.0,0.0,0.0,0.0,0.0,999.0
6411,2026-08-14,79.9,79.9,77.0,77.2,344000.0,79.9,79.9,77.0,77.2,344,26824000.0,0.0,0.0,0.0,0.0,999.0
6411,2026-08-17,77.2,79.5,76.8,79.0,255000.0,77.2,79.5,76.8,79.0,255,20061000.0,0.0,0.0,0.0,0.0,999.0
6411,2026-08-18,82.0,84.0,79.1,79.1,1055000.0,82.0,84.0,79.1,79.1,1055,85958600.0,0.0,0.0,0.0,0.0,999.0
6411,2026-08-19,78.0,80.8,76.6,78.1,430000.0,78.0,80.8,76.6,78.1,430,33885100.0,0.0,0.0,0.0,0.0,999.0
6486,2026-05-25,82.1,82.2,81.3,81.9,153000.0,82.1,82.2,81.3,81.9,153,12504200.0,0.0,0.0,0.0,0.0,999.0
6486,2026-05-26,81.6,81.7,81.0,81.3,174000.0,81.6,81.7,81.0,81.3,174,14130300.0,0.0,0.0,0.0,0.0,999.0
6486,2026-05-27,81.4,81.4,80.6,80.8,210000.0,81.4,81.4,80.6,80.8,210,17005000.0,0.0,0.0,0.0,0.0,999.0
6486,2026-05-28,80.8,81.5,80.3,81.0,82000.0,80.8,81.5,80.3,81.0,82,6644300.0,0.0,0.0,0.0,0.0,999.0
6486,2026-05-29,81.1,82.5,81.1,81.9,70000.0,81.1,82.5,81.1,81.9,70,5723700.0,0.0,0.0,0.0,0.0,999.0
6486,2026-06-01,81.6,82.7,81.1,82.5,102000.0,81.6,82.7,81.1,82.5,102,8376700.0,0.0,0.0,0.0,0.0,999.0
6486,2026-06-02,82.5,83.0,82.2,82.6,112000.0,82.5,83.0,82.2,82.6,112,9240400.0,0.0,0.0,0.0,0.0,999.0
6486,2026-06-03,81.9,83.1,81.8,82.7,145000.0,81.9,83.1,81.8,82.7,145,11962300.0,0.0,0.0,0.0,0.0,999.0
6486,2026-06-04,82.2,83.2,82.1,83.2,109000.0,82.2,83.2,82.1,83.2,109,9021600.0,0.0,0.0,0.0,0.0,999.0
6486,2026-06-05,83.2,83.4,82.7,83.2,153000.0,83.2,83.4,82.7,83.2,153,12715400.0,0.0,0.0,0.0,0.0,999.0
6486,2026-06-08,81.0,83.1,80.8,82.6,192000.0,81.0,83.1,80.8,82.6,192,15752000.0,0.0,0.0,0.0,0.0,999.0
6486,2026-06-09,82.0,83.1,81.7,82.0,78000.0,82.0,83.1,81.7,82.0,78,6411400.0,0.0,0.0,0.0,0.0,999.0
6486,2026-06-10,81.8,82.1,81.1,81.1,102000.0,81.8,82.1,81.1,81.1,102,8337300.0,0.0,0.0,0.0,0.0,999.0
6486,2026-06-11,81.9,81.9,81.0,81.2,71000.0,81.9,81.9,81.0,81.2,71,5760800.0,0.0,0.0,0.0,0.0,999.0
6486,2026-06-12,82.0,82.0,81.4,81.6,61000.0,82.0,82.0,81.4,81.6,61,4985700.0,0.0,0.0,0.0,0.0,999.0
6486,2026-06-15,83.0,83.0,81.1,82.1,62000.0,83.0,83.0,81.1,82.1,62,5071700.0,0.0,0.0,0.0,0.0,999.0
6486,2026-06-16,82.1,84.4,81.5,81.9,127000.0,82.1,84.4,81.5,81.9,127,10501800.0,0.0,0.0,0.0,0.0,999.0
6486,2026-06-17,81.2,83.1,81.1,82.2,69000.0,81.2,83.1,81.1,82.2,69,5682400.0,0.0,0.0,0.0,0.0,999.0
6486,2026-06-18,82.1,82.4,81.5,81.8,55000.0,82.1,82.4,81.5,81.8,55,4504100.0,0.0,0.0,0.0,0.0,999.0
6486,2026-06-22,81.9,82.1,81.5,81.7,78000.0,81.9,82.1,81.5,81.7,78,6374700.0,0.0,0.0,0.0,0.0,999.0
6486,2026-06-23,81.2,81.4,81.0,81.4,82000.0,81.2,81.4,81.0,81.4,82,6650600.0,0.0,0.0,0.0,0.0,999.0
6486,2026-06-24,81.0,81.2,80.8,81.2,44000.0,81.0,81.2,80.8,81.2,44,3563200.0,0.0,0.0,0.0,0.0,999.0
6486,2026-06-25,80.9,82.5,80.9,81.9,78000.0,80.9,82.5,80.9,81.9,78,6350600.0,0.0,0.0,0.0,0.0,999.0
6486,2026-06-26,81.8,81.9,80.7,81.0,72000.0,81.8,81.9,80.7,81.0,72,5829100.0,0.0,0.0,0.0,0.0,999.0
6486,2026-06-29,81.4,81.4,80.5,80.8,47000.0,81.4,81.4,80.5,80.8,47,3802600.0,0.0,0.0,0.0,0.0,999.0
6486,2026-06-30,81.4,81.4,80.8,81.3,61000.0,81.4,81.4,80.8,81.3,61,4939900.0,0.0,0.0,0.0,0.0,999.0
6486,2026-07-01,81.7,82.5,81.2,82.4,79000.0,81.7,82.5,81.2,82.4,79,6483600.0,0.0,0.0,0.0,0.0,999.0
6486,2026-07-02,81.6,82.4,81.4,81.8,44000.0,81.6,82.4,81.4,81.8,44,3602200.0,0.0,0.0,0.0,0.0,999.0
6486,2026-07-03,82.8,85.0,82.8,83.5,150000.0,82.8,85.0,82.8,83.5,150,12561200.0,0.0,0.0,0.0,0.0,999.0
6486,2026-07-06,83.8,84.3,83.3,84.3,88000.0,83.8,84.3,83.3,84.3,88,7375600.0,0.0,0.0,0.0,0.0,999.0
6486,2026-07-07,84.9,84.9,82.7,82.7,124000.0,84.9,84.9,82.7,82.7,124,10352800.0,0.0,0.0,0.0,0.0,999.0
6486,2026-07-08,82.4,83.0,82.2,83.0,36000.0,82.4,83.0,82.2,83.0,36,2972700.0,0.0,0.0,0.0,0.0,999.0
6486,2026-07-09,83.0,83.2,82.7,83.1,52000.0,83.0,83.2,82.7,83.1,52,4313300.0,0.0,0.0,0.0,0.0,999.0
6486,2026-07-13,83.0,83.5,82.5,83.0,117000.0,83.0,83.5,82.5,83.0,117,9689600.0,0.0,0.0,0.0,0.0,999.0
6486,2026-07-14,83.0,84.9,81.5,84.9,416000.0,83.0,84.9,81.5,84.9,416,34645100.0,0.0,0.0,0.0,0.0,999.0
6486,2026-07-15,79.0,80.5,78.3,80.5,299000.0,79.0,80.5,78.3,80.5,299,23755000.0,0.0,0.0,0.0,0.0,999.0
6486,2026-07-16,80.5,80.5,78.6,78.6,112000.0,80.5,80.5,78.6,78.6,112,8873000.0,0.0,0.0,0.0,0.0,999.0
6486,2026-07-17,78.1,78.1,77.0,77.0,154000.0,78.1,78.1,77.0,77.0,154,11936800.0,0.0,0.0,0.0,0.0,999.0
6486,2026-07-20,77.0,77.0,75.0,76.0,125000.0,77.0,77.0,75.0,76.0,125,9432900.0,0.0,0.0,0.0,0.0,999.0
6486,2026-07-21,76.2,76.9,76.2,76.8,15000.0,76.2,76.9,76.2,76.8,15,1149400.0,0.0,0.0,0.0,0.0,999.0
6486,2026-07-22,77.0,77.5,76.7,76.7,65000.0,77.0,77.5,76.7,76.7,65,5004700.0,0.0,0.0,0.0,0.0,999.0
6486,2026-07-23,76.7,76.8,76.0,76.2,19000.0,76.7,76.8,76.0,76.2,19,1452900.0,0.0,0.0,0.0,0.0,999.0
6486,2026-07-24,76.5,78.7,76.4,78.6,103000.0,76.5,78.7,76.4,78.6,103,8000000.0,0.0,0.0,0.0,0.0,999.0
6486,2026-07-27,78.4,78.9,76.5,78.5,215000.0,78.4,78.9,76.5,78.5,215,16661800.0,0.0,0.0,0.0,0.0,999.0
6486,2026-07-28,76.3,78.0,76.3,76.5,126000.0,76.3,78.0,76.3,76.5,126,9724200.0,0.0,0.0,0.0,0.0,999.0
6486,2026-07-29,76.7,77.5,74.7,75.3,176000.0,76.7,77.5,74.7,75.3,176,13284200.0,0.0,0.0,0.0,0.0,999.0
6486,2026-07-30,74.5,75.9,73.9,74.5,126000.0,74.5,75.9,73.9,74.5,126,9427400.0,0.0,0.0,0.0,0.0,999.0
6486,2026-07-31,75.0,75.4,74.0,74.2,106000.0,75.0,75.4,74.0,74.2,106,7896000.0,0.0,0.0,0.0,0.0,999.0
6486,2026-08-03,74.5,74.9,73.5,73.6,158000.0,74.5,74.9,73.5,73.6,158,11649700.0,0.0,0.0,0.0,0.0,999.0
6486,2026-08-04,73.6,74.5,73.1,74.3,34000.0,73.6,74.5,73.1,74.3,34,2507200.0,0.0,0.0,0.0,0.0,999.0
6486,2026-08-05,74.3,74.7,73.9,74.2,49000.0,74.3,74.7,73.9,74.2,49,3633200.0,0.0,0.0,0.0,0.0,999.0
6486,2026-08-06,74.3,74.5,74.0,74.5,27000.0,74.3,74.5,74.0,74.5,27,2003300.0,0.0,0.0,0.0,0.0,999.0
6486,2026-08-07,74.2,74.5,74.1,74.5,50000.0,74.2,74.5,74.1,74.5,50,3711700.0,0.0,0.0,0.0,0.0,999.0
6486,2026-08-10,74.2,75.0,74.2,74.8,53000.0,74.2,75.0,74.2,74.8,53,3951100.0,0.0,0.0,0.0,0.0,999.0
6486,2026-08-11,74.7,75.1,74.5,75.0,23000.0,74.7,75.1,74.5,75.0,23,1719500.0,0.0,0.0,0.0,0.0,999.0
6486,2026-08-12,74.9,74.9,73.7,74.5,76000.0,74.9,74.9,73.7,74.5,76,5633700.0,0.0,0.0,0.0,0.0,999.0
6486,2026-08-13,74.8,74.8,73.5,74.2,89000.0,74.8,74.8,73.5,74.2,89,6564700.0,0.0,0.0,0.0,0.0,999.0
6486,2026-08-14,73.7,74.0,73.7,74.0,48000.0,73.7,74.0,73.7,74.0,48,3543400.0,0.0,0.0,0.0,0.0,999.0
6486,2026-08-17,74.0,74.0,73.2,73.8,78000.0,74.0,74.0,73.2,73.8,78,5735700.0,0.0,0.0,0.0,0.0,999.0
6486,2026-08-18,73.6,74.3,73.1,73.7,38000.0,73.6,74.3,73.1,73.7,38,2798700.0,0.0,0.0,0.0,0.0,999.0
6486,2026-08-19,73.7,74.2,73.5,74.2,64000.0,73.7,74.2,73.5,74.2,64,4719700.0,0.0,0.0,0.0,0.0,999.0
6532,2026-05-25,103.0,105.0,101.0,102.5,1377000.0,103.0,105.0,101.0,102.5,1377,141163500.0,0.0,0.0,0.0,0.0,999.0
6532,2026-05-26,103.0,103.5,99.5,100.5,1059000.0,103.0,103.5,99.5,100.5,1059,106413500.0,0.0,0.0,0.0,0.0,999.0
6532,2026-05-27,102.0,103.0,95.0,97.0,1669000.0,102.0,103.0,95.0,97.0,1669,164292400.0,0.0,0.0,0.0,0.0,999.0
6532,2026-05-28,96.1,101.0,95.6,96.2,953000.0,96.1,101.0,95.6,96.2,953,93122200.0,0.0,0.0,0.0,0.0,999.0
6532,2026-05-29,97.4,98.7,95.6,98.7,897000.0,97.4,98.7,95.6,98.7,897,86952900.0,0.0,0.0,0.0,0.0,999.0
6532,2026-06-01,98.7,102.5,97.5,101.0,1106000.0,98.7,102.5,97.5,101.0,1106,110399700.0,0.0,0.0,0.0,0.0,999.0
6532,2026-06-02,101.5,103.0,95.6,97.9,1137000.0,101.5,103.0,95.6,97.9,1137,112598400.0,0.0,0.0,0.0,0.0,999.0
6532,2026-06-03,99.8,106.0,99.6,101.5,2044000.0,99.8,106.0,99.6,101.5,2044,210495400.0,0.0,0.0,0.0,0.0,999.0
6532,2026-06-04,101.5,105.5,99.7,101.0,1201000.0,101.5,105.5,99.7,101.0,1201,123116200.0,0.0,0.0,0.0,0.0,999.0
6532,2026-06-05,100.0,100.5,95.6,96.7,689000.0,100.0,100.5,95.6,96.7,689,67197700.0,0.0,0.0,0.0,0.0,999.0
6532,2026-06-08,87.1,93.7,87.1,92.8,711000.0,87.1,93.7,87.1,92.8,711,63380600.0,0.0,0.0,0.0,0.0,999.0
6532,2026-06-09,94.0,94.8,92.1,93.0,614000.0,94.0,94.8,92.1,93.0,614,57256600.0,0.0,0.0,0.0,0.0,999.0
6532,2026-06-10,92.2,95.0,87.1,87.1,579000.0,92.2,95.0,87.1,87.1,579,52137700.0,0.0,0.0,0.0,0.0,999.0
6532,2026-06-11,87.1,88.7,83.0,85.3,560000.0,87.1,88.7,83.0,85.3,560,47690200.0,0.0,0.0,0.0,0.0,999.0
6532,2026-06-12,90.8,91.0,88.3,88.9,530000.0,90.8,91.0,88.3,88.9,530,47594700.0,0.0,0.0,0.0,0.0,999.0
6532,2026-06-15,88.0,90.6,87.0,89.7,351000.0,88.0,90.6,87.0,89.7,351,31246600.0,0.0,0.0,0.0,0.0,999.0
6532,2026-06-16,90.2,90.6,88.6,88.7,226000.0,90.2,90.6,88.6,88.7,226,20188100.0,0.0,0.0,0.0,0.0,999.0
6532,2026-06-17,89.0,89.0,87.0,88.1,294000.0,89.0,89.0,87.0,88.1,294,25818100.0,0.0,0.0,0.0,0.0,999.0
6532,2026-06-18,89.0,91.4,88.0,91.2,413000.0,89.0,91.4,88.0,91.2,413,37223800.0,0.0,0.0,0.0,0.0,999.0
6532,2026-06-22,92.5,94.7,91.2,91.7,556000.0,92.5,94.7,91.2,91.7,556,51382800.0,0.0,0.0,0.0,0.0,999.0
6532,2026-06-23,93.7,93.7,89.5,90.5,383000.0,93.7,93.7,89.5,90.5,383,34842000.0,0.0,0.0,0.0,0.0,999.0
6532,2026-06-24,89.5,91.2,89.0,91.0,280000.0,89.5,91.2,89.0,91.0,280,25144500.0,0.0,0.0,0.0,0.0,999.0
6532,2026-06-25,93.1,93.1,89.7,91.2,274000.0,93.1,93.1,89.7,91.2,274,24839200.0,0.0,0.0,0.0,0.0,999.0
6532,2026-06-26,91.2,91.2,86.3,86.3,483000.0,91.2,91.2,86.3,86.3,483,42713100.0,0.0,0.0,0.0,0.0,999.0
6532,2026-06-29,87.0,89.0,86.6,88.1,230000.0,87.0,89.0,86.6,88.1,230,20180000.0,0.0,0.0,0.0,0.0,999.0
6532,2026-06-30,90.8,90.9,88.8,89.9,244000.0,90.8,90.9,88.8,89.9,244,21937200.0,0.0,0.0,0.0,0.0,999.0
6532,2026-07-01,91.0,94.4,91.0,91.6,508000.0,91.0,94.4,91.0,91.6,508,46963300.0,0.0,0.0,0.0,0.0,999.0
6532,2026-07-02,91.6,92.7,90.1,91.8,206000.0,91.6,92.7,90.1,91.8,206,18786900.0,0.0,0.0,0.0,0.0,999.0
6532,2026-07-03,92.0,92.2,90.5,92.1,173000.0,92.0,92.2,90.5,92.1,173,15827300.0,0.0,0.0,0.0,0.0,999.0
6532,2026-07-06,93.5,94.5,89.8,90.4,379000.0,93.5,94.5,89.8,90.4,379,34791000.0,0.0,0.0,0.0,0.0,999.0
6532,2026-07-07,88.4,88.4,81.4,81.4,1480000.0,88.4,88.4,81.4,81.4,1480,122996900.0,0.0,0.0,0.0,0.0,999.0
6532,2026-07-08,81.4,82.6,78.2,80.6,595000.0,81.4,82.6,78.2,80.6,595,47690800.0,0.0,0.0,0.0,0.0,999.0
6532,2026-07-09,80.6,80.6,78.0,78.0,325000.0,80.6,80.6,78.0,78.0,325,25676100.0,0.0,0.0,0.0,0.0,999.0
6532,2026-07-13,78.5,78.5,75.2,75.8,481000.0,78.5,78.5,75.2,75.8,481,36771000.0,0.0,0.0,0.0,0.0,999.0
6532,2026-07-14,75.7,76.4,69.9,73.1,487000.0,75.7,76.4,69.9,73.1,487,35125300.0,0.0,0.0,0.0,0.0,999.0
6532,2026-07-15,73.8,76.2,73.2,75.4,207000.0,73.8,76.2,73.2,75.4,207,15520300.0,0.0,0.0,0.0,0.0,999.0
6532,2026-07-16,75.8,75.9,73.5,73.9,153000.0,75.8,75.9,73.5,73.9,153,11409800.0,0.0,0.0,0.0,0.0,999.0
6532,2026-07-17,73.0,73.0,69.0,69.7,288000.0,73.0,73.0,69.0,69.7,288,20235100.0,0.0,0.0,0.0,0.0,999.0
6532,2026-07-20,68.7,70.2,65.3,67.7,330000.0,68.7,70.2,65.3,67.7,330,22262700.0,0.0,0.0,0.0,0.0,999.0
6532,2026-07-21,68.5,69.7,68.5,69.6,93000.0,68.5,69.7,68.5,69.6,93,6443800.0,0.0,0.0,0.0,0.0,999.0
6532,2026-07-22,69.7,71.5,69.7,70.3,141000.0,69.7,71.5,69.7,70.3,141,9967300.0,0.0,0.0,0.0,0.0,999.0
6532,2026-07-23,70.8,71.2,69.5,70.3,150000.0,70.8,71.2,69.5,70.3,150,10545300.0,0.0,0.0,0.0,0.0,999.0
6532,2026-07-24,71.0,71.3,68.8,68.8,131000.0,71.0,71.3,68.8,68.8,131,9103400.0,0.0,0.0,0.0,0.0,999.0
6532,2026-07-27,68.6,68.8,67.2,68.8,114000.0,68.6,68.8,67.2,68.8,114,7744400.0,0.0,0.0,0.0,0.0,999.0
6532,2026-07-28,68.0,68.0,64.4,64.7,176000.0,68.0,68.0,64.4,64.7,176,11526200.0,0.0,0.0,0.0,0.0,999.0
6532,2026-07-29,64.5,65.1,58.7,61.3,387000.0,64.5,65.1,58.7,61.3,387,23497600.0,0.0,0.0,0.0,0.0,999.0
6532,2026-07-30,61.3,62.5,59.4,60.2,241000.0,61.3,62.5,59.4,60.2,241,14652000.0,0.0,0.0,0.0,0.0,999.0
6532,2026-07-31,62.5,65.8,62.5,65.5,283000.0,62.5,65.8,62.5,65.5,283,18316700.0,0.0,0.0,0.0,0.0,999.0
6532,2026-08-03,65.5,70.4,65.0,69.8,287000.0,65.5,70.4,65.0,69.8,287,19798500.0,0.0,0.0,0.0,0.0,999.0
6532,2026-08-04,68.8,72.0,68.8,70.3,136000.0,68.8,72.0,68.8,70.3,136,9611500.0,0.0,0.0,0.0,0.0,999.0
6532,2026-08-05,72.0,73.2,71.3,72.4,183000.0,72.0,73.2,71.3,72.4,183,13262100.0,0.0,0.0,0.0,0.0,999.0
6532,2026-08-06,78.8,78.9,74.4,76.6,549000.0,78.8,78.9,74.4,76.6,549,41977700.0,0.0,0.0,0.0,0.0,999.0
6532,2026-08-07,76.3,84.2,75.5,82.1,1174000.0,76.3,84.2,75.5,82.1,1174,96248900.0,0.0,0.0,0.0,0.0,999.0
6532,2026-08-10,82.6,85.7,82.3,83.5,850000.0,82.6,85.7,82.3,83.5,850,71541500.0,0.0,0.0,0.0,0.0,999.0
6532,2026-08-11,82.6,85.4,81.9,85.0,415000.0,82.6,85.4,81.9,85.0,415,34727800.0,0.0,0.0,0.0,0.0,999.0
6532,2026-08-12,84.6,86.5,84.6,86.4,309000.0,84.6,86.5,84.6,86.4,309,26551100.0,0.0,0.0,0.0,0.0,999.0
6532,2026-08-13,86.9,87.2,86.0,87.0,376000.0,86.9,87.2,86.0,87.0,376,32564800.0,0.0,0.0,0.0,0.0,999.0
6532,2026-08-14,87.0,87.8,85.6,86.5,447000.0,87.0,87.8,85.6,86.5,447,38847400.0,0.0,0.0,0.0,0.0,999.0
6532,2026-08-17,85.3,89.7,84.2,88.5,639000.0,85.3,89.7,84.2,88.5,639,56366700.0,0.0,0.0,0.0,0.0,999.0
6532,2026-08-18,88.5,89.2,83.8,84.8,451000.0,88.5,89.2,83.8,84.8,451,38422300.0,0.0,0.0,0.0,0.0,999.0
6532,2026-08-19,82.3,90.7,82.3,87.8,1041000.0,82.3,90.7,82.3,87.8,1041,91937700.0,0.0,0.0,0.0,0.0,999.0
6584,2026-05-25,694.0,701.0,684.0,687.0,453000.0,694.0,701.0,684.0,687.0,453,313456000.0,0.0,0.0,0.0,0.0,999.0
6584,2026-05-26,697.0,703.0,683.0,690.0,448000.0,697.0,703.0,683.0,690.0,448,309202000.0,0.0,0.0,0.0,0.0,999.0
6584,2026-05-27,699.0,709.0,685.0,688.0,697000.0,699.0,709.0,685.0,688.0,697,484063000.0,0.0,0.0,0.0,0.0,999.0
6584,2026-05-28,704.0,720.0,672.0,690.0,1313000.0,704.0,720.0,672.0,690.0,1313,917077000.0,0.0,0.0,0.0,0.0,999.0
6584,2026-05-29,701.0,752.0,690.0,744.0,1631000.0,701.0,752.0,690.0,744.0,1631,1191748000.0,0.0,0.0,0.0,0.0,999.0
6584,2026-06-01,799.0,818.0,710.0,731.0,4874000.0,799.0,818.0,710.0,731.0,4874,3727853000.0,0.0,0.0,0.0,0.0,999.0
6584,2026-06-02,731.0,731.0,658.0,658.0,2407000.0,731.0,731.0,658.0,658.0,2407,1633312000.0,0.0,0.0,0.0,0.0,999.0
6584,2026-06-03,661.0,715.0,638.0,660.0,2639000.0,661.0,715.0,638.0,660.0,2639,1809995000.0,0.0,0.0,0.0,0.0,999.0
6584,2026-06-04,670.0,673.0,651.0,670.0,556000.0,670.0,673.0,651.0,670.0,556,369713000.0,0.0,0.0,0.0,0.0,999.0
6584,2026-06-05,663.0,663.0,630.0,650.0,595000.0,663.0,663.0,630.0,650.0,595,384318000.0,0.0,0.0,0.0,0.0,999.0
6584,2026-06-08,585.0,628.0,585.0,624.0,860000.0,585.0,628.0,585.0,624.0,860,524331000.0,0.0,0.0,0.0,0.0,999.0
6584,2026-06-09,626.0,670.0,619.0,667.0,804000.0,626.0,670.0,619.0,667.0,804,527691000.0,0.0,0.0,0.0,0.0,999.0
6584,2026-06-10,661.0,662.0,601.0,601.0,964000.0,661.0,662.0,601.0,601.0,964,599833000.0,0.0,0.0,0.0,0.0,999.0
6584,2026-06-11,592.0,592.0,544.0,558.0,944000.0,592.0,592.0,544.0,558.0,944,533151000.0,0.0,0.0,0.0,0.0,999.0
6584,2026-06-12,575.0,596.0,571.0,585.0,537000.0,575.0,596.0,571.0,585.0,537,313314000.0,0.0,0.0,0.0,0.0,999.0
6584,2026-06-15,598.0,627.0,590.0,625.0,556000.0,598.0,627.0,590.0,625.0,556,339573000.0,0.0,0.0,0.0,0.0,999.0
6584,2026-06-16,627.0,632.0,605.0,606.0,465000.0,627.0,632.0,605.0,606.0,465,285612000.0,0.0,0.0,0.0,0.0,999.0
6584,2026-06-17,606.0,617.0,591.0,613.0,390000.0,606.0,617.0,591.0,613.0,390,237127000.0,0.0,0.0,0.0,0.0,999.0
6584,2026-06-18,621.0,628.0,612.0,625.0,459000.0,621.0,628.0,612.0,625.0,459,284353000.0,0.0,0.0,0.0,0.0,999.0
6584,2026-06-22,637.0,680.0,627.0,660.0,1420000.0,637.0,680.0,627.0,660.0,1420,939158000.0,0.0,0.0,0.0,0.0,999.0
6584,2026-06-23,661.0,663.0,629.0,649.0,956000.0,661.0,663.0,629.0,649.0,956,617062000.0,0.0,0.0,0.0,0.0,999.0
6584,2026-06-24,646.0,665.0,637.0,662.0,577000.0,646.0,665.0,637.0,662.0,577,377609000.0,0.0,0.0,0.0,0.0,999.0
6584,2026-06-25,671.0,728.0,671.0,728.0,2073000.0,671.0,728.0,671.0,728.0,2073,1495371000.0,0.0,0.0,0.0,0.0,999.0
6584,2026-06-26,730.0,748.0,702.0,708.0,2173000.0,730.0,748.0,702.0,708.0,2173,1576958000.0,0.0,0.0,0.0,0.0,999.0
6584,2026-06-29,708.0,736.0,683.0,685.0,992000.0,708.0,736.0,683.0,685.0,992,701976000.0,0.0,0.0,0.0,0.0,999.0
6584,2026-06-30,699.0,738.0,686.0,734.0,1409000.0,699.0,738.0,686.0,734.0,1409,1018046000.0,0.0,0.0,0.0,0.0,999.0
6584,2026-07-01,750.0,750.0,695.0,698.0,847000.0,750.0,750.0,695.0,698.0,847,604622000.0,0.0,0.0,0.0,0.0,999.0
6584,2026-07-02,710.0,745.0,679.0,743.0,1286000.0,710.0,745.0,679.0,743.0,1286,930612000.0,0.0,0.0,0.0,0.0,999.0
6584,2026-07-03,739.0,741.0,700.0,707.0,714000.0,739.0,741.0,700.0,707.0,714,512668000.0,0.0,0.0,0.0,0.0,999.0
6584,2026-07-06,725.0,725.0,688.0,690.0,493000.0,725.0,725.0,688.0,690.0,493,343311000.0,0.0,0.0,0.0,0.0,999.0
6584,2026-07-07,689.0,716.0,663.0,663.0,762000.0,689.0,716.0,663.0,663.0,762,523577000.0,0.0,0.0,0.0,0.0,999.0
6584,2026-07-08,680.0,685.0,661.0,677.0,380000.0,680.0,685.0,661.0,677.0,380,255549000.0,0.0,0.0,0.0,0.0,999.0
6584,2026-07-09,680.0,681.0,663.0,663.0,213000.0,680.0,681.0,663.0,663.0,213,142569000.0,0.0,0.0,0.0,0.0,999.0
6584,2026-07-13,667.0,680.0,651.0,666.0,324000.0,667.0,680.0,651.0,666.0,324,216329000.0,0.0,0.0,0.0,0.0,999.0
6584,2026-07-14,666.0,684.0,649.0,671.0,487000.0,666.0,684.0,649.0,671.0,487,323680000.0,0.0,0.0,0.0,0.0,999.0
6584,2026-07-15,676.0,678.0,661.0,666.0,252000.0,676.0,678.0,661.0,666.0,252,168440000.0,0.0,0.0,0.0,0.0,999.0
6584,2026-07-16,668.0,668.0,641.0,643.0,293000.0,668.0,668.0,641.0,643.0,293,190925000.0,0.0,0.0,0.0,0.0,999.0
6584,2026-07-17,630.0,630.0,579.0,579.0,525000.0,630.0,630.0,579.0,579.0,525,313180000.0,0.0,0.0,0.0,0.0,999.0
6584,2026-07-20,585.0,585.0,531.0,540.0,370000.0,585.0,585.0,531.0,540.0,370,201069000.0,0.0,0.0,0.0,0.0,999.0
6584,2026-07-21,546.0,559.0,536.0,541.0,260000.0,546.0,559.0,536.0,541.0,260,141952000.0,0.0,0.0,0.0,0.0,999.0
6584,2026-07-22,551.0,568.0,549.0,552.0,362000.0,551.0,568.0,549.0,552.0,362,201890000.0,0.0,0.0,0.0,0.0,999.0
6584,2026-07-23,571.0,574.0,555.0,557.0,197000.0,571.0,574.0,555.0,557.0,197,111339000.0,0.0,0.0,0.0,0.0,999.0
6584,2026-07-24,557.0,560.0,536.0,536.0,256000.0,557.0,560.0,536.0,536.0,256,139523000.0,0.0,0.0,0.0,0.0,999.0
6584,2026-07-27,535.0,535.0,500.0,519.0,306000.0,535.0,535.0,500.0,519.0,306,156670000.0,0.0,0.0,0.0,0.0,999.0
6584,2026-07-28,495.0,500.0,481.0,482.0,242000.0,495.0,500.0,481.0,482.0,242,118189500.0,0.0,0.0,0.0,0.0,999.0
6584,2026-07-29,457.0,473.0,434.0,434.0,494000.0,457.0,473.0,434.0,434.0,494,219534500.0,0.0,0.0,0.0,0.0,999.0
6584,2026-07-30,400.5,444.0,400.0,407.5,681000.0,400.5,444.0,400.0,407.5,681,284264500.0,0.0,0.0,0.0,0.0,999.0
6584,2026-07-31,448.0,448.0,420.0,425.5,840000.0,448.0,448.0,420.0,425.5,840,361719000.0,0.0,0.0,0.0,0.0,999.0
6584,2026-08-03,422.0,461.5,422.0,452.0,561000.0,422.0,461.5,422.0,452.0,561,251804500.0,0.0,0.0,0.0,0.0,999.0
6584,2026-08-04,457.0,485.0,447.5,475.5,737000.0,457.0,485.0,447.5,475.5,737,348324000.0,0.0,0.0,0.0,0.0,999.0
6584,2026-08-05,494.0,509.0,480.0,487.0,917000.0,494.0,509.0,480.0,487.0,917,451257000.0,0.0,0.0,0.0,0.0,999.0
6584,2026-08-06,490.0,501.0,469.5,500.0,1039000.0,490.0,501.0,469.5,500.0,1039,502160500.0,0.0,0.0,0.0,0.0,999.0
6584,2026-08-07,531.0,550.0,529.0,550.0,262000.0,531.0,550.0,529.0,550.0,262,142966000.0,0.0,0.0,0.0,0.0,999.0
6584,2026-08-10,570.0,570.0,515.0,522.0,1993000.0,570.0,570.0,515.0,522.0,1993,1064619000.0,0.0,0.0,0.0,0.0,999.0
6584,2026-08-11,530.0,540.0,520.0,538.0,646000.0,530.0,540.0,520.0,538.0,646,343007000.0,0.0,0.0,0.0,0.0,999.0
6584,2026-08-12,553.0,566.0,539.0,543.0,884000.0,553.0,566.0,539.0,543.0,884,487314000.0,0.0,0.0,0.0,0.0,999.0
6584,2026-08-13,580.0,597.0,573.0,597.0,558000.0,580.0,597.0,573.0,597.0,558,330362000.0,0.0,0.0,0.0,0.0,999.0
6584,2026-08-14,656.0,656.0,595.0,605.0,2823000.0,656.0,656.0,595.0,605.0,2823,1754144000.0,0.0,0.0,0.0,0.0,999.0
6584,2026-08-17,625.0,630.0,595.0,596.0,971000.0,625.0,630.0,595.0,596.0,971,594050000.0,0.0,0.0,0.0,0.0,999.0
6584,2026-08-18,601.0,611.0,586.0,602.0,787000.0,601.0,611.0,586.0,602.0,787,471877000.0,0.0,0.0,0.0,0.0,999.0
6584,2026-08-19,586.0,618.0,575.0,600.0,698000.0,586.0,618.0,575.0,600.0,698,417845000.0,0.0,0.0,0.0,0.0,999.0
6640,2026-05-25,1425.0,1495.0,1410.0,1470.0,497000.0,1425.0,1495.0,1410.0,1470.0,497,723535000.0,0.0,0.0,0.0,0.0,999.0
6640,2026-05-26,1500.0,1510.0,1430.0,1460.0,346000.0,1500.0,1510.0,1430.0,1460.0,346,506645000.0,0.0,0.0,0.0,0.0,999.0
6640,2026-05-27,1505.0,1505.0,1415.0,1425.0,292000.0,1505.0,1505.0,1415.0,1425.0,292,420870000.0,0.0,0.0,0.0,0.0,999.0
6640,2026-05-28,1440.0,1475.0,1330.0,1340.0,364000.0,1440.0,1475.0,1330.0,1340.0,364,505860000.0,0.0,0.0,0.0,0.0,999.0
6640,2026-05-29,1405.0,1425.0,1355.0,1365.0,493000.0,1405.0,1425.0,1355.0,1365.0,493,680420000.0,0.0,0.0,0.0,0.0,999.0
6640,2026-06-01,1370.0,1370.0,1285.0,1315.0,516000.0,1370.0,1370.0,1285.0,1315.0,516,673825000.0,0.0,0.0,0.0,0.0,999.0
6640,2026-06-02,1315.0,1315.0,1265.0,1285.0,272000.0,1315.0,1315.0,1265.0,1285.0,272,348205000.0,0.0,0.0,0.0,0.0,999.0
6640,2026-06-03,1330.0,1330.0,1265.0,1265.0,500000.0,1330.0,1330.0,1265.0,1265.0,500,642075000.0,0.0,0.0,0.0,0.0,999.0
6640,2026-06-04,1250.0,1250.0,1190.0,1200.0,682000.0,1250.0,1250.0,1190.0,1200.0,682,823960000.0,0.0,0.0,0.0,0.0,999.0
6640,2026-06-05,1230.0,1230.0,1170.0,1190.0,341000.0,1230.0,1230.0,1170.0,1190.0,341,407220000.0,0.0,0.0,0.0,0.0,999.0
6640,2026-06-08,1075.0,1155.0,1075.0,1150.0,298000.0,1075.0,1155.0,1075.0,1150.0,298,328540000.0,0.0,0.0,0.0,0.0,999.0
6640,2026-06-09,1115.0,1125.0,1075.0,1075.0,486000.0,1115.0,1125.0,1075.0,1075.0,486,533010000.0,0.0,0.0,0.0,0.0,999.0
6640,2026-06-10,1055.0,1095.0,1035.0,1035.0,263000.0,1055.0,1095.0,1035.0,1035.0,263,279640000.0,0.0,0.0,0.0,0.0,999.0
6640,2026-06-11,1015.0,1030.0,953.0,1020.0,325000.0,1015.0,1030.0,953.0,1020.0,325,322640000.0,0.0,0.0,0.0,0.0,999.0
6640,2026-06-12,1115.0,1115.0,1075.0,1080.0,221000.0,1115.0,1115.0,1075.0,1080.0,221,241205000.0,0.0,0.0,0.0,0.0,999.0
6640,2026-06-15,1135.0,1145.0,1085.0,1115.0,263000.0,1135.0,1145.0,1085.0,1115.0,263,293955000.0,0.0,0.0,0.0,0.0,999.0
6640,2026-06-16,1140.0,1155.0,1105.0,1115.0,198000.0,1140.0,1155.0,1105.0,1115.0,198,224215000.0,0.0,0.0,0.0,0.0,999.0
6640,2026-06-17,1085.0,1105.0,1080.0,1085.0,119000.0,1085.0,1105.0,1080.0,1085.0,119,129545000.0,0.0,0.0,0.0,0.0,999.0
6640,2026-06-18,1105.0,1165.0,1105.0,1120.0,236000.0,1105.0,1165.0,1105.0,1120.0,236,267405000.0,0.0,0.0,0.0,0.0,999.0
6640,2026-06-22,1170.0,1170.0,1100.0,1100.0,188000.0,1170.0,1170.0,1100.0,1100.0,188,210585000.0,0.0,0.0,0.0,0.0,999.0
6640,2026-06-23,1100.0,1100.0,1035.0,1050.0,188000.0,1100.0,1100.0,1035.0,1050.0,188,198665000.0,0.0,0.0,0.0,0.0,999.0
6640,2026-06-24,1025.0,1060.0,1025.0,1060.0,86000.0,1025.0,1060.0,1025.0,1060.0,86,89875000.0,0.0,0.0,0.0,0.0,999.0
6640,2026-06-25,1090.0,1090.0,1040.0,1040.0,77000.0,1090.0,1090.0,1040.0,1040.0,77,81010000.0,0.0,0.0,0.0,0.0,999.0
6640,2026-06-26,1040.0,1040.0,980.0,980.0,176000.0,1040.0,1040.0,980.0,980.0,176,175818000.0,0.0,0.0,0.0,0.0,999.0
6640,2026-06-29,986.0,1075.0,986.0,1035.0,223000.0,986.0,1075.0,986.0,1035.0,223,231924000.0,0.0,0.0,0.0,0.0,999.0
6640,2026-06-30,1040.0,1075.0,1025.0,1025.0,154000.0,1040.0,1075.0,1025.0,1025.0,154,160975000.0,0.0,0.0,0.0,0.0,999.0
6640,2026-07-01,1040.0,1125.0,1030.0,1125.0,231000.0,1040.0,1125.0,1030.0,1125.0,231,254780000.0,0.0,0.0,0.0,0.0,999.0
6640,2026-07-02,1085.0,1225.0,1060.0,1170.0,1010000.0,1085.0,1225.0,1060.0,1170.0,1010,1166540000.0,0.0,0.0,0.0,0.0,999.0
6640,2026-07-03,1170.0,1230.0,1120.0,1125.0,545000.0,1170.0,1230.0,1120.0,1125.0,545,637860000.0,0.0,0.0,0.0,0.0,999.0
6640,2026-07-06,1170.0,1180.0,1115.0,1120.0,312000.0,1170.0,1180.0,1115.0,1120.0,312,357085000.0,0.0,0.0,0.0,0.0,999.0
6640,2026-07-07,1120.0,1125.0,1015.0,1015.0,288000.0,1120.0,1125.0,1015.0,1015.0,288,304200000.0,0.0,0.0,0.0,0.0,999.0
6640,2026-07-08,1020.0,1020.0,964.0,982.0,285000.0,1020.0,1020.0,964.0,982.0,285,279791000.0,0.0,0.0,0.0,0.0,999.0
6640,2026-07-09,998.0,1025.0,982.0,995.0,171000.0,998.0,1025.0,982.0,995.0,171,170825000.0,0.0,0.0,0.0,0.0,999.0
6640,2026-07-13,1040.0,1040.0,958.0,968.0,186000.0,1040.0,1040.0,958.0,968.0,186,184449000.0,0.0,0.0,0.0,0.0,999.0
6640,2026-07-14,960.0,973.0,873.0,914.0,333000.0,960.0,973.0,873.0,914.0,333,302246000.0,0.0,0.0,0.0,0.0,999.0
6640,2026-07-15,923.0,990.0,923.0,980.0,174000.0,923.0,990.0,923.0,980.0,174,168392000.0,0.0,0.0,0.0,0.0,999.0
6640,2026-07-16,972.0,1070.0,957.0,1030.0,252000.0,972.0,1070.0,957.0,1030.0,252,257230000.0,0.0,0.0,0.0,0.0,999.0
6640,2026-07-17,1000.0,1035.0,933.0,937.0,321000.0,1000.0,1035.0,933.0,937.0,321,314576000.0,0.0,0.0,0.0,0.0,999.0
6640,2026-07-20,937.0,944.0,861.0,910.0,201000.0,937.0,944.0,861.0,910.0,201,181636000.0,0.0,0.0,0.0,0.0,999.0
6640,2026-07-21,904.0,935.0,901.0,928.0,97000.0,904.0,935.0,901.0,928.0,97,88936000.0,0.0,0.0,0.0,0.0,999.0
6640,2026-07-22,939.0,982.0,930.0,965.0,188000.0,939.0,982.0,930.0,965.0,188,180121000.0,0.0,0.0,0.0,0.0,999.0
6640,2026-07-23,979.0,988.0,943.0,969.0,91000.0,979.0,988.0,943.0,969.0,91,87756000.0,0.0,0.0,0.0,0.0,999.0
6640,2026-07-24,953.0,998.0,917.0,917.0,103000.0,953.0,998.0,917.0,917.0,103,97489000.0,0.0,0.0,0.0,0.0,999.0
6640,2026-07-27,905.0,945.0,882.0,942.0,131000.0,905.0,945.0,882.0,942.0,131,120103000.0,0.0,0.0,0.0,0.0,999.0
6640,2026-07-28,909.0,909.0,865.0,871.0,132000.0,909.0,909.0,865.0,871.0,132,116315000.0,0.0,0.0,0.0,0.0,999.0
6640,2026-07-29,872.0,877.0,784.0,790.0,252000.0,872.0,877.0,784.0,790.0,252,202486000.0,0.0,0.0,0.0,0.0,999.0
6640,2026-07-30,757.0,807.0,737.0,756.0,205000.0,757.0,807.0,737.0,756.0,205,157936000.0,0.0,0.0,0.0,0.0,999.0
6640,2026-07-31,810.0,829.0,800.0,823.0,144000.0,810.0,829.0,800.0,823.0,144,117312000.0,0.0,0.0,0.0,0.0,999.0
6640,2026-08-03,806.0,868.0,805.0,838.0,170000.0,806.0,868.0,805.0,838.0,170,143999000.0,0.0,0.0,0.0,0.0,999.0
6640,2026-08-04,866.0,898.0,845.0,885.0,147000.0,866.0,898.0,845.0,885.0,147,129109000.0,0.0,0.0,0.0,0.0,999.0
6640,2026-08-05,933.0,933.0,897.0,910.0,109000.0,933.0,933.0,897.0,910.0,109,99383000.0,0.0,0.0,0.0,0.0,999.0
6640,2026-08-06,901.0,950.0,873.0,948.0,171000.0,901.0,950.0,873.0,948.0,171,156318000.0,0.0,0.0,0.0,0.0,999.0
6640,2026-08-07,948.0,948.0,909.0,918.0,102000.0,948.0,948.0,909.0,918.0,102,94524000.0,0.0,0.0,0.0,0.0,999.0
6640,2026-08-10,1005.0,1005.0,1005.0,1005.0,45000.0,1005.0,1005.0,1005.0,1005.0,45,45225000.0,0.0,0.0,0.0,0.0,999.0
6640,2026-08-11,1055.0,1105.0,941.0,945.0,640000.0,1055.0,1105.0,941.0,945.0,640,644008000.0,0.0,0.0,0.0,0.0,999.0
6640,2026-08-12,938.0,1025.0,938.0,1000.0,314000.0,938.0,1025.0,938.0,1000.0,314,308518000.0,0.0,0.0,0.0,0.0,999.0
6640,2026-08-13,1020.0,1035.0,995.0,995.0,221000.0,1020.0,1035.0,995.0,995.0,221,223446000.0,0.0,0.0,0.0,0.0,999.0
6640,2026-08-14,1005.0,1090.0,995.0,1085.0,456000.0,1005.0,1090.0,995.0,1085.0,456,481686000.0,0.0,0.0,0.0,0.0,999.0
6640,2026-08-17,1085.0,1130.0,1060.0,1070.0,451000.0,1085.0,1130.0,1060.0,1070.0,451,491075000.0,0.0,0.0,0.0,0.0,999.0
6640,2026-08-18,1070.0,1105.0,1040.0,1065.0,291000.0,1070.0,1105.0,1040.0,1065.0,291,310860000.0,0.0,0.0,0.0,0.0,999.0
6640,2026-08-19,1015.0,1055.0,966.0,966.0,266000.0,1015.0,1055.0,966.0,966.0,266,265944000.0,0.0,0.0,0.0,0.0,999.0
6697,2026-05-25,41.75,43.0,41.55,42.0,109000.0,41.75,43.0,41.55,42.0,109,4579750.0,0.0,0.0,0.0,0.0,999.0
6697,2026-05-26,43.1,43.1,41.75,41.95,48000.0,43.1,43.1,41.75,41.95,48,2022950.0,0.0,0.0,0.0,0.0,999.0
6697,2026-05-27,42.85,42.9,41.15,41.35,61000.0,42.85,42.9,41.15,41.35,61,2549100.0,0.0,0.0,0.0,0.0,999.0
6697,2026-05-28,41.35,41.4,40.55,40.65,58000.0,41.35,41.4,40.55,40.65,58,2377050.0,0.0,0.0,0.0,0.0,999.0
6697,2026-05-29,40.75,41.4,40.75,41.05,46000.0,40.75,41.4,40.75,41.05,46,1894600.0,0.0,0.0,0.0,0.0,999.0
6697,2026-06-01,41.2,44.5,41.2,43.7,284000.0,41.2,44.5,41.2,43.7,284,12403000.0,0.0,0.0,0.0,0.0,999.0
6697,2026-06-02,44.6,46.6,43.5,46.3,407000.0,44.6,46.6,43.5,46.3,407,18358500.0,0.0,0.0,0.0,0.0,999.0
6697,2026-06-03,45.0,45.5,43.45,44.5,318000.0,45.0,45.5,43.45,44.5,318,14106000.0,0.0,0.0,0.0,0.0,999.0
6697,2026-06-04,44.5,44.5,43.8,43.8,76000.0,44.5,44.5,43.8,43.8,76,3346100.0,0.0,0.0,0.0,0.0,999.0
6697,2026-06-05,43.8,43.8,42.15,42.8,69000.0,43.8,43.8,42.15,42.8,69,2971100.0,0.0,0.0,0.0,0.0,999.0
6697,2026-06-08,40.3,42.8,40.3,41.85,22000.0,40.3,42.8,40.3,41.85,22,921750.0,0.0,0.0,0.0,0.0,999.0
6697,2026-06-09,41.9,43.2,41.85,42.0,24000.0,41.9,43.2,41.85,42.0,24,1013350.0,0.0,0.0,0.0,0.0,999.0
6697,2026-06-10,41.65,41.7,41.4,41.6,38000.0,41.65,41.7,41.4,41.6,38,1578500.0,0.0,0.0,0.0,0.0,999.0
6697,2026-06-11,41.6,41.6,41.1,41.2,50000.0,41.6,41.6,41.1,41.2,50,2066050.0,0.0,0.0,0.0,0.0,999.0
6697,2026-06-12,42.65,42.65,41.25,41.9,31000.0,42.65,42.65,41.25,41.9,31,1293750.0,0.0,0.0,0.0,0.0,999.0
6697,2026-06-15,41.8,42.35,41.8,41.9,36000.0,41.8,42.35,41.8,41.9,36,1509500.0,0.0,0.0,0.0,0.0,999.0
6697,2026-06-16,41.9,41.9,41.35,41.75,33000.0,41.9,41.9,41.35,41.75,33,1375650.0,0.0,0.0,0.0,0.0,999.0
6697,2026-06-17,41.75,41.75,41.45,41.75,30000.0,41.75,41.75,41.45,41.75,30,1247200.0,0.0,0.0,0.0,0.0,999.0
6697,2026-06-18,42.4,42.4,41.4,41.6,48000.0,42.4,42.4,41.4,41.6,48,1998100.0,0.0,0.0,0.0,0.0,999.0
6697,2026-06-22,42.4,42.55,41.7,41.75,52000.0,42.4,42.55,41.7,41.75,52,2184000.0,0.0,0.0,0.0,0.0,999.0
6697,2026-06-23,41.7,41.75,41.2,41.75,64000.0,41.7,41.75,41.2,41.75,64,2655800.0,0.0,0.0,0.0,0.0,999.0
6697,2026-06-24,41.7,41.8,41.4,41.8,34000.0,41.7,41.8,41.4,41.8,34,1415000.0,0.0,0.0,0.0,0.0,999.0
6697,2026-06-25,43.25,43.25,41.4,41.8,25000.0,43.25,43.25,41.4,41.8,25,1044200.0,0.0,0.0,0.0,0.0,999.0
6697,2026-06-26,41.75,41.75,41.1,41.4,41000.0,41.75,41.75,41.1,41.4,41,1694300.0,0.0,0.0,0.0,0.0,999.0
6697,2026-06-29,41.4,42.2,41.3,41.35,20000.0,41.4,42.2,41.3,41.35,20,829150.0,0.0,0.0,0.0,0.0,999.0
6697,2026-06-30,41.25,41.65,41.0,41.4,41000.0,41.25,41.65,41.0,41.4,41,1690900.0,0.0,0.0,0.0,0.0,999.0
6697,2026-07-01,41.5,41.5,40.55,41.15,90000.0,41.5,41.5,40.55,41.15,90,3675400.0,0.0,0.0,0.0,0.0,999.0
6697,2026-07-02,40.55,41.0,40.5,41.0,30000.0,40.55,41.0,40.5,41.0,30,1223700.0,0.0,0.0,0.0,0.0,999.0
6697,2026-07-03,41.4,41.7,41.1,41.7,38000.0,41.4,41.7,41.1,41.7,38,1571100.0,0.0,0.0,0.0,0.0,999.0
6697,2026-07-06,41.85,41.9,41.5,41.6,31000.0,41.85,41.9,41.5,41.6,31,1292700.0,0.0,0.0,0.0,0.0,999.0
6697,2026-07-07,41.0,41.1,40.95,41.1,23000.0,41.0,41.1,40.95,41.1,23,942350.0,0.0,0.0,0.0,0.0,999.0
6697,2026-07-08,40.65,40.65,40.65,40.65,1000.0,40.65,40.65,40.65,40.65,1,40650.0,0.0,0.0,0.0,0.0,999.0
6697,2026-07-09,40.65,40.95,40.65,40.95,11000.0,40.65,40.95,40.65,40.95,11,448400.0,0.0,0.0,0.0,0.0,999.0
6697,2026-07-13,41.15,41.4,40.8,41.25,20000.0,41.15,41.4,40.8,41.25,20,823000.0,0.0,0.0,0.0,0.0,999.0
6697,2026-07-14,41.2,41.2,40.5,40.55,29000.0,41.2,41.2,40.5,40.55,29,1176650.0,0.0,0.0,0.0,0.0,999.0
6697,2026-07-15,41.15,41.15,40.9,40.95,9000.0,41.15,41.15,40.9,40.95,9,368550.0,0.0,0.0,0.0,0.0,999.0
6697,2026-07-16,41.6,41.6,41.0,41.15,14000.0,41.6,41.6,41.0,41.15,14,578250.0,0.0,0.0,0.0,0.0,999.0
6697,2026-07-17,40.6,40.6,40.1,40.15,38000.0,40.6,40.6,40.1,40.15,38,1534750.0,0.0,0.0,0.0,0.0,999.0
6697,2026-07-20,40.25,40.5,40.15,40.45,37000.0,40.25,40.5,40.15,40.45,37,1491550.0,0.0,0.0,0.0,0.0,999.0
6697,2026-07-21,40.6,40.8,40.5,40.8,13000.0,40.6,40.8,40.5,40.8,13,528250.0,0.0,0.0,0.0,0.0,999.0
6697,2026-07-22,40.85,41.0,40.8,40.8,65000.0,40.85,41.0,40.8,40.8,65,2658750.0,0.0,0.0,0.0,0.0,999.0
6697,2026-07-23,41.3,41.3,40.6,40.65,9000.0,41.3,41.3,40.6,40.65,9,367350.0,0.0,0.0,0.0,0.0,999.0
6697,2026-07-24,40.7,40.7,40.7,40.7,2000.0,40.7,40.7,40.7,40.7,2,81400.0,0.0,0.0,0.0,0.0,999.0
6697,2026-07-27,40.55,40.6,40.0,40.4,16000.0,40.55,40.6,40.0,40.4,16,645350.0,0.0,0.0,0.0,0.0,999.0
6697,2026-07-28,40.2,40.4,39.6,40.4,16000.0,40.2,40.4,39.6,40.4,16,639700.0,0.0,0.0,0.0,0.0,999.0
6697,2026-07-29,39.7,39.9,38.0,38.8,99000.0,39.7,39.9,38.0,38.8,99,3900050.0,0.0,0.0,0.0,0.0,999.0
6697,2026-07-30,38.95,40.0,38.8,40.0,9000.0,38.95,40.0,38.8,40.0,9,352700.0,0.0,0.0,0.0,0.0,999.0
6697,2026-07-31,39.95,40.3,39.3,39.65,18000.0,39.95,40.3,39.3,39.65,18,716300.0,0.0,0.0,0.0,0.0,999.0
6697,2026-08-03,40.0,40.3,40.0,40.3,16000.0,40.0,40.3,40.0,40.3,16,640600.0,0.0,0.0,0.0,0.0,999.0
6697,2026-08-04,40.5,40.5,40.4,40.45,7000.0,40.5,40.5,40.4,40.45,7,282950.0,0.0,0.0,0.0,0.0,999.0
6697,2026-08-05,40.45,40.45,39.6,40.0,14000.0,40.45,40.45,39.6,40.0,14,560350.0,0.0,0.0,0.0,0.0,999.0
6697,2026-08-06,39.3,40.0,39.3,40.0,7000.0,39.3,40.0,39.3,40.0,7,278300.0,0.0,0.0,0.0,0.0,999.0
6697,2026-08-07,39.8,40.0,39.8,40.0,16000.0,39.8,40.0,39.8,40.0,16,637250.0,0.0,0.0,0.0,0.0,999.0
6697,2026-08-10,40.0,40.0,40.0,40.0,1000.0,40.0,40.0,40.0,40.0,1,40000.0,0.0,0.0,0.0,0.0,999.0
6697,2026-08-11,40.8,41.5,40.35,41.1,34000.0,40.8,41.5,40.35,41.1,34,1387750.0,0.0,0.0,0.0,0.0,999.0
6697,2026-08-12,41.8,41.8,41.15,41.3,42000.0,41.8,41.8,41.15,41.3,42,1741650.0,0.0,0.0,0.0,0.0,999.0
6697,2026-08-13,41.9,41.9,40.8,41.35,19000.0,41.9,41.9,40.8,41.35,19,786100.0,0.0,0.0,0.0,0.0,999.0
6697,2026-08-14,41.35,41.45,41.2,41.45,10000.0,41.35,41.45,41.2,41.45,10,413250.0,0.0,0.0,0.0,0.0,999.0
6697,2026-08-17,41.45,41.45,40.5,41.0,29000.0,41.45,41.45,40.5,41.0,29,1187650.0,0.0,0.0,0.0,0.0,999.0
6697,2026-08-18,40.65,40.7,40.5,40.6,10000.0,40.65,40.7,40.5,40.6,10,406000.0,0.0,0.0,0.0,0.0,999.0
6697,2026-08-19,40.2,40.6,40.2,40.6,7000.0,40.2,40.6,40.2,40.6,7,282150.0,0.0,0.0,0.0,0.0,999.0
6752,2026-05-25,100.5,100.5,98.6,98.7,50000.0,100.5,100.5,98.6,98.7,50,4946700.0,0.0,0.0,0.0,0.0,999.0
6752,2026-05-26,97.0,99.8,97.0,99.0,28000.0,97.0,99.8,97.0,99.0,28,2752000.0,0.0,0.0,0.0,0.0,999.0
6752,2026-05-27,98.3,99.5,98.0,98.0,44000.0,98.3,99.5,98.0,98.0,44,4333600.0,0.0,0.0,0.0,0.0,999.0
6752,2026-05-28,99.0,99.0,97.1,98.7,20000.0,99.0,99.0,97.1,98.7,20,1961300.0,0.0,0.0,0.0,0.0,999.0
6752,2026-05-29,98.5,102.5,97.5,101.0,101000.0,98.5,102.5,97.5,101.0,101,10161900.0,0.0,0.0,0.0,0.0,999.0
6752,2026-06-01,101.0,109.0,101.0,106.5,260000.0,101.0,109.0,101.0,106.5,260,27610000.0,0.0,0.0,0.0,0.0,999.0
6752,2026-06-02,108.0,113.5,107.0,107.5,194000.0,108.0,113.5,107.0,107.5,194,21180500.0,0.0,0.0,0.0,0.0,999.0
6752,2026-06-03,109.5,110.0,107.5,107.5,126000.0,109.5,110.0,107.5,107.5,126,13671500.0,0.0,0.0,0.0,0.0,999.0
6752,2026-06-04,107.5,107.5,104.5,105.0,61000.0,107.5,107.5,104.5,105.0,61,6433000.0,0.0,0.0,0.0,0.0,999.0
6752,2026-06-05,104.0,105.0,103.0,103.5,73000.0,104.0,105.0,103.0,103.5,73,7573500.0,0.0,0.0,0.0,0.0,999.0
6752,2026-06-08,96.5,100.5,96.5,100.5,80000.0,96.5,100.5,96.5,100.5,80,7897300.0,0.0,0.0,0.0,0.0,999.0
6752,2026-06-09,101.0,101.5,101.0,101.5,20000.0,101.0,101.5,101.0,101.5,20,2025000.0,0.0,0.0,0.0,0.0,999.0
6752,2026-06-10,99.8,101.0,98.4,98.4,47000.0,99.8,101.0,98.4,98.4,47,4677300.0,0.0,0.0,0.0,0.0,999.0
6752,2026-06-11,98.4,100.0,98.1,100.0,41000.0,98.4,100.0,98.1,100.0,41,4052400.0,0.0,0.0,0.0,0.0,999.0
6752,2026-06-12,100.0,100.0,99.0,100.0,9000.0,100.0,100.0,99.0,100.0,9,897600.0,0.0,0.0,0.0,0.0,999.0
6752,2026-06-15,99.9,101.0,99.8,100.5,29000.0,99.9,101.0,99.8,100.5,29,2906400.0,0.0,0.0,0.0,0.0,999.0
6752,2026-06-16,102.0,102.0,101.0,101.5,32000.0,102.0,102.0,101.0,101.5,32,3245500.0,0.0,0.0,0.0,0.0,999.0
6752,2026-06-17,100.5,102.0,100.5,102.0,22000.0,100.5,102.0,100.5,102.0,22,2229000.0,0.0,0.0,0.0,0.0,999.0
6752,2026-06-18,103.0,103.5,101.5,102.0,54000.0,103.0,103.5,101.5,102.0,54,5515000.0,0.0,0.0,0.0,0.0,999.0
6752,2026-06-22,103.0,103.0,99.5,100.5,57000.0,103.0,103.0,99.5,100.5,57,5730300.0,0.0,0.0,0.0,0.0,999.0
6752,2026-06-23,99.6,100.5,98.7,99.3,44000.0,99.6,100.5,98.7,99.3,44,4361700.0,0.0,0.0,0.0,0.0,999.0
6752,2026-06-24,98.8,99.0,98.1,98.6,16000.0,98.8,99.0,98.1,98.6,16,1580100.0,0.0,0.0,0.0,0.0,999.0
6752,2026-06-25,98.8,99.0,98.8,99.0,7000.0,98.8,99.0,98.8,99.0,7,692200.0,0.0,0.0,0.0,0.0,999.0
6752,2026-06-26,97.8,98.0,97.0,97.2,49000.0,97.8,98.0,97.0,97.2,49,4776100.0,0.0,0.0,0.0,0.0,999.0
6752,2026-06-29,99.9,99.9,98.1,98.1,13000.0,99.9,99.9,98.1,98.1,13,1289300.0,0.0,0.0,0.0,0.0,999.0
6752,2026-06-30,97.5,99.9,97.0,99.0,12000.0,97.5,99.9,97.0,99.0,12,1179400.0,0.0,0.0,0.0,0.0,999.0
6752,2026-07-01,100.0,100.0,98.4,99.9,11000.0,100.0,100.0,98.4,99.9,11,1096800.0,0.0,0.0,0.0,0.0,999.0
6752,2026-07-02,100.5,101.5,100.0,101.0,51000.0,100.5,101.5,100.0,101.0,51,5145000.0,0.0,0.0,0.0,0.0,999.0
6752,2026-07-03,102.5,104.5,101.5,103.5,94000.0,102.5,104.5,101.5,103.5,94,9717500.0,0.0,0.0,0.0,0.0,999.0
6752,2026-07-06,104.5,105.0,101.5,103.5,62000.0,104.5,105.0,101.5,103.5,62,6405500.0,0.0,0.0,0.0,0.0,999.0
6752,2026-07-07,103.0,103.0,99.4,99.4,39000.0,103.0,103.0,99.4,99.4,39,3942900.0,0.0,0.0,0.0,0.0,999.0
6752,2026-07-08,100.0,100.0,98.6,99.7,14000.0,100.0,100.0,98.6,99.7,14,1392300.0,0.0,0.0,0.0,0.0,999.0
6752,2026-07-09,100.0,100.5,99.6,100.5,11000.0,100.0,100.5,99.6,100.5,11,1100900.0,0.0,0.0,0.0,0.0,999.0
6752,2026-07-13,100.5,101.5,99.5,99.7,12000.0,100.5,101.5,99.5,99.7,12,1202000.0,0.0,0.0,0.0,0.0,999.0
6752,2026-07-14,99.0,99.0,97.0,97.5,33000.0,99.0,99.0,97.0,97.5,33,3227500.0,0.0,0.0,0.0,0.0,999.0
6752,2026-07-15,100.5,100.5,98.1,99.2,6000.0,100.5,100.5,98.1,99.2,6,596300.0,0.0,0.0,0.0,0.0,999.0
6752,2026-07-16,101.5,101.5,99.2,99.9,17000.0,101.5,101.5,99.2,99.9,17,1697200.0,0.0,0.0,0.0,0.0,999.0
6752,2026-07-17,99.9,101.5,97.8,97.8,65000.0,99.9,101.5,97.8,97.8,65,6470700.0,0.0,0.0,0.0,0.0,999.0
6752,2026-07-20,100.5,100.5,97.5,99.6,13000.0,100.5,100.5,97.5,99.6,13,1284700.0,0.0,0.0,0.0,0.0,999.0
6752,2026-07-21,99.9,100.0,99.9,100.0,2000.0,99.9,100.0,99.9,100.0,2,199900.0,0.0,0.0,0.0,0.0,999.0
6752,2026-07-22,102.0,102.0,98.7,100.0,14000.0,102.0,102.0,98.7,100.0,14,1400800.0,0.0,0.0,0.0,0.0,999.0
6752,2026-07-23,100.5,100.5,98.8,99.3,4000.0,100.5,100.5,98.8,99.3,4,397800.0,0.0,0.0,0.0,0.0,999.0
6752,2026-07-24,98.7,98.7,98.6,98.6,3000.0,98.7,98.7,98.6,98.6,3,296000.0,0.0,0.0,0.0,0.0,999.0
6752,2026-07-27,99.9,99.9,98.0,98.8,7000.0,99.9,99.9,98.0,98.8,7,689400.0,0.0,0.0,0.0,0.0,999.0
6752,2026-07-28,97.5,97.6,97.0,97.4,29000.0,97.5,97.6,97.0,97.4,29,2821500.0,0.0,0.0,0.0,0.0,999.0
6752,2026-07-29,93.3,97.4,92.6,93.2,57000.0,93.3,97.4,92.6,93.2,57,5333700.0,0.0,0.0,0.0,0.0,999.0
6752,2026-07-30,94.0,96.4,93.2,94.0,23000.0,94.0,96.4,93.2,94.0,23,2162600.0,0.0,0.0,0.0,0.0,999.0
6752,2026-07-31,94.9,95.8,94.0,94.9,27000.0,94.9,95.8,94.0,94.9,27,2554300.0,0.0,0.0,0.0,0.0,999.0
6752,2026-08-03,94.5,96.0,94.2,96.0,6000.0,94.5,96.0,94.2,96.0,6,569700.0,0.0,0.0,0.0,0.0,999.0
6752,2026-08-04,97.0,97.0,96.0,97.0,23000.0,97.0,97.0,96.0,97.0,23,2210200.0,0.0,0.0,0.0,0.0,999.0
6752,2026-08-05,96.3,98.4,96.3,98.4,14000.0,96.3,98.4,96.3,98.4,14,1368000.0,0.0,0.0,0.0,0.0,999.0
6752,2026-08-06,98.0,99.6,98.0,99.6,18000.0,98.0,99.6,98.0,99.6,18,1773000.0,0.0,0.0,0.0,0.0,999.0
6752,2026-08-07,99.0,100.0,99.0,99.5,12000.0,99.0,100.0,99.0,99.5,12,1194200.0,0.0,0.0,0.0,0.0,999.0
6752,2026-08-10,99.5,99.5,97.1,98.6,12000.0,99.5,99.5,97.1,98.6,12,1180300.0,0.0,0.0,0.0,0.0,999.0
6752,2026-08-11,108.0,108.0,101.0,101.5,81000.0,108.0,108.0,101.0,101.5,81,8357500.0,0.0,0.0,0.0,0.0,999.0
6752,2026-08-12,102.5,102.5,100.0,100.5,12000.0,102.5,102.5,100.0,100.5,12,1206000.0,0.0,0.0,0.0,0.0,999.0
6752,2026-08-13,100.0,101.0,100.0,101.0,7000.0,100.0,101.0,100.0,101.0,7,706000.0,0.0,0.0,0.0,0.0,999.0
6752,2026-08-14,101.5,101.5,99.3,100.0,14000.0,101.5,101.5,99.3,100.0,14,1399900.0,0.0,0.0,0.0,0.0,999.0
6752,2026-08-17,99.1,100.5,99.0,100.0,7000.0,99.1,100.5,99.0,100.0,7,696800.0,0.0,0.0,0.0,0.0,999.0
6752,2026-08-18,100.0,101.5,100.0,100.5,31000.0,100.0,101.5,100.0,100.5,31,3116000.0,0.0,0.0,0.0,0.0,999.0
6752,2026-08-19,100.5,101.0,100.5,101.0,31000.0,100.5,101.0,100.5,101.0,31,3118000.0,0.0,0.0,0.0,0.0,999.0
6844,2026-05-25,66.6,66.6,65.0,66.6,20000.0,66.6,66.6,65.0,66.6,20,1322700.0,0.0,0.0,0.0,0.0,999.0
6844,2026-05-26,65.4,66.0,65.0,66.0,32000.0,65.4,66.0,65.0,66.0,32,2099100.0,0.0,0.0,0.0,0.0,999.0
6844,2026-05-27,65.1,65.4,64.2,65.4,31000.0,65.1,65.4,64.2,65.4,31,2007800.0,0.0,0.0,0.0,0.0,999.0
6844,2026-05-28,64.6,65.0,63.5,65.0,43000.0,64.6,65.0,63.5,65.0,43,2761000.0,0.0,0.0,0.0,0.0,999.0
6844,2026-05-29,64.3,65.0,63.8,64.7,20000.0,64.3,65.0,63.8,64.7,20,1285100.0,0.0,0.0,0.0,0.0,999.0
6844,2026-06-01,63.8,64.5,63.4,64.5,34000.0,63.8,64.5,63.4,64.5,34,2172000.0,0.0,0.0,0.0,0.0,999.0
6844,2026-06-02,63.5,64.1,63.1,64.1,41000.0,63.5,64.1,63.1,64.1,41,2605000.0,0.0,0.0,0.0,0.0,999.0
6844,2026-06-03,63.3,64.9,63.2,64.9,56000.0,63.3,64.9,63.2,64.9,56,3569500.0,0.0,0.0,0.0,0.0,999.0
6844,2026-06-04,64.7,65.0,63.5,65.0,44000.0,64.7,65.0,63.5,65.0,44,2824100.0,0.0,0.0,0.0,0.0,999.0
6844,2026-06-05,64.0,64.6,63.0,64.5,69000.0,64.0,64.6,63.0,64.5,69,4381300.0,0.0,0.0,0.0,0.0,999.0
6844,2026-06-08,64.1,64.1,62.7,63.8,39000.0,64.1,64.1,62.7,63.8,39,2467100.0,0.0,0.0,0.0,0.0,999.0
6844,2026-06-09,64.0,64.4,63.6,64.4,45000.0,64.0,64.4,63.6,64.4,45,2883300.0,0.0,0.0,0.0,0.0,999.0
6844,2026-06-10,64.7,65.4,64.4,64.8,42000.0,64.7,65.4,64.4,64.8,42,2723900.0,0.0,0.0,0.0,0.0,999.0
6844,2026-06-11,64.8,65.2,64.6,65.2,25000.0,64.8,65.2,64.6,65.2,25,1623400.0,0.0,0.0,0.0,0.0,999.0
6844,2026-06-12,64.7,66.5,64.5,66.5,53000.0,64.7,66.5,64.5,66.5,53,3457400.0,0.0,0.0,0.0,0.0,999.0
6844,2026-06-15,65.1,65.9,65.0,65.9,52000.0,65.1,65.9,65.0,65.9,52,3406600.0,0.0,0.0,0.0,0.0,999.0
6844,2026-06-16,66.1,66.1,65.2,65.9,28000.0,66.1,66.1,65.2,65.9,28,1834500.0,0.0,0.0,0.0,0.0,999.0
6844,2026-06-17,65.5,65.9,65.3,65.9,20000.0,65.5,65.9,65.3,65.9,20,1312300.0,0.0,0.0,0.0,0.0,999.0
6844,2026-06-18,65.5,65.8,65.0,65.8,40000.0,65.5,65.8,65.0,65.8,40,2616400.0,0.0,0.0,0.0,0.0,999.0
6844,2026-06-22,65.1,65.5,64.5,65.5,81000.0,65.1,65.5,64.5,65.5,81,5257400.0,0.0,0.0,0.0,0.0,999.0
6844,2026-06-23,65.4,65.4,64.6,65.4,37000.0,65.4,65.4,64.6,65.4,37,2406800.0,0.0,0.0,0.0,0.0,999.0
6844,2026-06-24,65.0,65.3,64.6,65.3,29000.0,65.0,65.3,64.6,65.3,29,1884600.0,0.0,0.0,0.0,0.0,999.0
6844,2026-06-25,65.3,65.3,64.7,65.2,34000.0,65.3,65.3,64.7,65.2,34,2208700.0,0.0,0.0,0.0,0.0,999.0
6844,2026-06-26,64.7,64.8,64.6,64.8,17000.0,64.7,64.8,64.6,64.8,17,1099300.0,0.0,0.0,0.0,0.0,999.0
6844,2026-06-29,64.5,64.9,64.3,64.9,16000.0,64.5,64.9,64.3,64.9,16,1034400.0,0.0,0.0,0.0,0.0,999.0
6844,2026-06-30,64.9,65.0,64.7,65.0,24000.0,64.9,65.0,64.7,65.0,24,1557800.0,0.0,0.0,0.0,0.0,999.0
6844,2026-07-01,64.7,65.4,64.5,65.4,41000.0,64.7,65.4,64.5,65.4,41,2666200.0,0.0,0.0,0.0,0.0,999.0
6844,2026-07-02,61.4,61.5,60.8,61.3,26000.0,61.4,61.5,60.8,61.3,26,1586400.0,0.0,0.0,0.0,0.0,999.0
6844,2026-07-03,61.0,62.0,60.8,62.0,32000.0,61.0,62.0,60.8,62.0,32,1961700.0,0.0,0.0,0.0,0.0,999.0
6844,2026-07-06,61.2,62.2,61.2,62.2,30000.0,61.2,62.2,61.2,62.2,30,1849200.0,0.0,0.0,0.0,0.0,999.0
6844,2026-07-07,61.6,61.9,61.4,61.9,26000.0,61.6,61.9,61.4,61.9,26,1603000.0,0.0,0.0,0.0,0.0,999.0
6844,2026-07-08,62.2,65.1,62.0,62.9,14000.0,62.2,65.1,62.0,62.9,14,880300.0,0.0,0.0,0.0,0.0,999.0
6844,2026-07-09,62.2,63.0,61.7,63.0,39000.0,62.2,63.0,61.7,63.0,39,2427800.0,0.0,0.0,0.0,0.0,999.0
6844,2026-07-13,62.2,62.6,61.5,62.6,41000.0,62.2,62.6,61.5,62.6,41,2539600.0,0.0,0.0,0.0,0.0,999.0
6844,2026-07-14,61.8,62.2,61.1,62.2,33000.0,61.8,62.2,61.1,62.2,33,2038200.0,0.0,0.0,0.0,0.0,999.0
6844,2026-07-15,61.5,62.1,61.3,62.1,25000.0,61.5,62.1,61.3,62.1,25,1541500.0,0.0,0.0,0.0,0.0,999.0
6844,2026-07-16,61.6,62.0,61.4,62.0,27000.0,61.6,62.0,61.4,62.0,27,1666400.0,0.0,0.0,0.0,0.0,999.0
6844,2026-07-17,61.5,61.6,61.2,61.6,21000.0,61.5,61.6,61.2,61.6,21,1289800.0,0.0,0.0,0.0,0.0,999.0
6844,2026-07-20,61.1,61.5,61.0,61.5,34000.0,61.1,61.5,61.0,61.5,34,2080600.0,0.0,0.0,0.0,0.0,999.0
6844,2026-07-21,61.1,61.5,61.0,61.5,33000.0,61.1,61.5,61.0,61.5,33,2022200.0,0.0,0.0,0.0,0.0,999.0
6844,2026-07-22,61.0,62.1,60.9,62.1,35000.0,61.0,62.1,60.9,62.1,35,2149500.0,0.0,0.0,0.0,0.0,999.0
6844,2026-07-23,61.3,62.1,61.1,62.1,43000.0,61.3,62.1,61.1,62.1,43,2647700.0,0.0,0.0,0.0,0.0,999.0
6844,2026-07-24,61.3,62.1,61.1,62.1,41000.0,61.3,62.1,61.1,62.1,41,2526400.0,0.0,0.0,0.0,0.0,999.0
6844,2026-07-27,62.1,62.1,61.1,61.5,48000.0,62.1,62.1,61.1,61.5,48,2941400.0,0.0,0.0,0.0,0.0,999.0
6844,2026-07-28,61.1,61.4,60.7,61.2,29000.0,61.1,61.4,60.7,61.2,29,1768200.0,0.0,0.0,0.0,0.0,999.0
6844,2026-07-29,60.7,60.7,60.1,60.1,13000.0,60.7,60.7,60.1,60.1,13,784700.0,0.0,0.0,0.0,0.0,999.0
6844,2026-07-30,60.0,60.1,60.0,60.0,8000.0,60.0,60.1,60.0,60.0,8,480100.0,0.0,0.0,0.0,0.0,999.0
6844,2026-07-31,61.0,61.0,59.9,60.8,6000.0,61.0,61.0,59.9,60.8,6,364100.0,0.0,0.0,0.0,0.0,999.0
6844,2026-08-03,60.1,60.9,60.1,60.9,24000.0,60.1,60.9,60.1,60.9,24,1451600.0,0.0,0.0,0.0,0.0,999.0
6844,2026-08-04,60.3,60.8,60.2,60.8,32000.0,60.3,60.8,60.2,60.8,32,1933700.0,0.0,0.0,0.0,0.0,999.0
6844,2026-08-05,60.2,60.6,60.2,60.6,30000.0,60.2,60.6,60.2,60.6,30,1810500.0,0.0,0.0,0.0,0.0,999.0
6844,2026-08-06,60.4,60.5,60.4,60.5,14000.0,60.4,60.5,60.4,60.5,14,846300.0,0.0,0.0,0.0,0.0,999.0
6844,2026-08-07,60.2,60.5,60.0,60.5,15000.0,60.2,60.5,60.0,60.5,15,903800.0,0.0,0.0,0.0,0.0,999.0
6844,2026-08-10,60.1,60.6,60.1,60.6,31000.0,60.1,60.6,60.1,60.6,31,1869800.0,0.0,0.0,0.0,0.0,999.0
6844,2026-08-11,60.3,60.7,60.3,60.7,13000.0,60.3,60.7,60.3,60.7,13,786200.0,0.0,0.0,0.0,0.0,999.0
6844,2026-08-12,60.9,61.5,60.6,61.4,23000.0,60.9,61.5,60.6,61.4,23,1407700.0,0.0,0.0,0.0,0.0,999.0
6844,2026-08-13,61.2,61.5,61.0,61.5,8000.0,61.2,61.5,61.0,61.5,8,490400.0,0.0,0.0,0.0,0.0,999.0
6844,2026-08-14,61.0,61.4,61.0,61.4,4000.0,61.0,61.4,61.0,61.4,4,245200.0,0.0,0.0,0.0,0.0,999.0
6844,2026-08-17,61.3,61.3,61.3,61.3,1000.0,61.3,61.3,61.3,61.3,1,61300.0,0.0,0.0,0.0,0.0,999.0
6844,2026-08-18,61.6,61.6,60.5,61.2,30000.0,61.6,61.6,60.5,61.2,30,1828300.0,0.0,0.0,0.0,0.0,999.0
6844,2026-08-19,61.0,61.0,60.0,60.0,16000.0,61.0,61.0,60.0,60.0,16,965200.0,0.0,0.0,0.0,0.0,999.0
6904,2026-05-25,113.0,116.0,113.0,116.0,12000.0,113.0,116.0,113.0,116.0,12,1362000.0,0.0,0.0,0.0,0.0,999.0
6904,2026-05-26,117.0,117.0,117.0,117.0,2000.0,117.0,117.0,117.0,117.0,2,234000.0,0.0,0.0,0.0,0.0,999.0
6904,2026-05-28,118.0,118.0,114.0,116.0,4000.0,118.0,118.0,114.0,116.0,4,463500.0,0.0,0.0,0.0,0.0,999.0
6904,2026-06-01,116.0,118.0,116.0,118.0,3000.0,116.0,118.0,116.0,118.0,3,350000.0,0.0,0.0,0.0,0.0,999.0
6904,2026-06-02,119.0,119.0,119.0,119.0,1000.0,119.0,119.0,119.0,119.0,1,119000.0,0.0,0.0,0.0,0.0,999.0
6904,2026-06-04,115.0,118.0,115.0,118.0,4000.0,115.0,118.0,115.0,118.0,4,468000.0,0.0,0.0,0.0,0.0,999.0
6904,2026-06-05,118.0,118.0,118.0,118.0,1000.0,118.0,118.0,118.0,118.0,1,118000.0,0.0,0.0,0.0,0.0,999.0
6904,2026-06-09,117.0,118.5,117.0,118.5,2000.0,117.0,118.5,117.0,118.5,2,235500.0,0.0,0.0,0.0,0.0,999.0
6904,2026-06-11,119.0,119.0,119.0,119.0,1000.0,119.0,119.0,119.0,119.0,1,119000.0,0.0,0.0,0.0,0.0,999.0
6904,2026-06-12,119.0,119.5,119.0,119.5,3000.0,119.0,119.5,119.0,119.5,3,358000.0,0.0,0.0,0.0,0.0,999.0
6904,2026-06-15,120.0,122.5,120.0,122.5,3000.0,120.0,122.5,120.0,122.5,3,362500.0,0.0,0.0,0.0,0.0,999.0
6904,2026-06-17,122.5,123.0,122.5,123.0,2000.0,122.5,123.0,122.5,123.0,2,245500.0,0.0,0.0,0.0,0.0,999.0
6904,2026-06-22,121.5,124.0,118.0,123.0,10000.0,121.5,124.0,118.0,123.0,10,1217500.0,0.0,0.0,0.0,0.0,999.0
6904,2026-06-24,124.0,124.0,124.0,124.0,1000.0,124.0,124.0,124.0,124.0,1,124000.0,0.0,0.0,0.0,0.0,999.0
6904,2026-06-25,120.0,124.0,120.0,124.0,3000.0,120.0,124.0,120.0,124.0,3,367500.0,0.0,0.0,0.0,0.0,999.0
6904,2026-06-26,125.0,125.0,120.0,123.0,4000.0,125.0,125.0,120.0,123.0,4,491000.0,0.0,0.0,0.0,0.0,999.0
6904,2026-06-29,126.0,126.5,126.0,126.5,2000.0,126.0,126.5,126.0,126.5,2,252500.0,0.0,0.0,0.0,0.0,999.0
6904,2026-07-01,125.5,126.0,125.5,126.0,2000.0,125.5,126.0,125.5,126.0,2,251500.0,0.0,0.0,0.0,0.0,999.0
6904,2026-07-03,126.0,126.0,125.0,125.0,2000.0,126.0,126.0,125.0,125.0,2,251000.0,0.0,0.0,0.0,0.0,999.0
6904,2026-07-06,127.0,127.0,127.0,127.0,1000.0,127.0,127.0,127.0,127.0,1,127000.0,0.0,0.0,0.0,0.0,999.0
6904,2026-07-08,126.5,128.0,126.5,128.0,3000.0,126.5,128.0,126.5,128.0,3,381000.0,0.0,0.0,0.0,0.0,999.0
6904,2026-07-13,126.0,126.0,122.0,126.0,4000.0,126.0,126.0,122.0,126.0,4,499500.0,0.0,0.0,0.0,0.0,999.0
6904,2026-07-14,126.0,126.0,126.0,126.0,1000.0,126.0,126.0,126.0,126.0,1,126000.0,0.0,0.0,0.0,0.0,999.0
6904,2026-07-15,128.0,128.0,128.0,128.0,1000.0,128.0,128.0,128.0,128.0,1,128000.0,0.0,0.0,0.0,0.0,999.0
6904,2026-07-21,124.0,127.0,122.0,127.0,6000.0,124.0,127.0,122.0,127.0,6,744500.0,0.0,0.0,0.0,0.0,999.0
6904,2026-07-22,122.5,122.5,122.5,122.5,1000.0,122.5,122.5,122.5,122.5,1,122500.0,0.0,0.0,0.0,0.0,999.0
6904,2026-07-24,125.0,125.0,125.0,125.0,1000.0,125.0,125.0,125.0,125.0,1,125000.0,0.0,0.0,0.0,0.0,999.0
6904,2026-07-28,121.0,121.0,118.5,118.5,2000.0,121.0,121.0,118.5,118.5,2,239500.0,0.0,0.0,0.0,0.0,999.0
6904,2026-07-29,118.0,120.0,114.0,116.0,12000.0,118.0,120.0,114.0,116.0,12,1402000.0,0.0,0.0,0.0,0.0,999.0
6904,2026-07-30,115.0,115.0,113.0,114.5,8000.0,115.0,115.0,113.0,114.5,8,912000.0,0.0,0.0,0.0,0.0,999.0
6904,2026-07-31,117.5,118.5,114.5,118.5,4000.0,117.5,118.5,114.5,118.5,4,467500.0,0.0,0.0,0.0,0.0,999.0
6904,2026-08-04,121.0,121.5,121.0,121.5,2000.0,121.0,121.5,121.0,121.5,2,242500.0,0.0,0.0,0.0,0.0,999.0
6904,2026-08-05,123.0,123.0,123.0,123.0,1000.0,123.0,123.0,123.0,123.0,1,123000.0,0.0,0.0,0.0,0.0,999.0
6904,2026-08-10,123.0,123.0,118.0,122.0,4000.0,123.0,123.0,118.0,122.0,4,484000.0,0.0,0.0,0.0,0.0,999.0
6904,2026-08-13,120.5,120.5,120.5,120.5,1000.0,120.5,120.5,120.5,120.5,1,120500.0,0.0,0.0,0.0,0.0,999.0
6904,2026-08-14,123.0,123.0,123.0,123.0,1000.0,123.0,123.0,123.0,123.0,1,123000.0,0.0,0.0,0.0,0.0,999.0
6904,2026-08-18,124.5,124.5,124.5,124.5,1000.0,124.5,124.5,124.5,124.5,1,124500.0,0.0,0.0,0.0,0.0,999.0
6997,2026-05-25,71.1,71.1,71.0,71.0,3000.0,71.1,71.1,71.0,71.0,3,213100.0,0.0,0.0,0.0,0.0,999.0
6997,2026-05-26,70.8,70.8,66.4,66.4,14000.0,70.8,70.8,66.4,66.4,14,972000.0,0.0,0.0,0.0,0.0,999.0
6997,2026-05-27,68.1,68.1,67.5,67.9,5000.0,68.1,68.1,67.5,67.9,5,338900.0,0.0,0.0,0.0,0.0,999.0
6997,2026-05-28,68.0,68.5,68.0,68.5,3000.0,68.0,68.5,68.0,68.5,3,205000.0,0.0,0.0,0.0,0.0,999.0
6997,2026-05-29,68.5,71.5,68.5,71.5,10000.0,68.5,71.5,68.5,71.5,10,701200.0,0.0,0.0,0.0,0.0,999.0
6997,2026-06-01,71.5,78.6,71.5,77.5,33000.0,71.5,78.6,71.5,77.5,33,2521400.0,0.0,0.0,0.0,0.0,999.0
6997,2026-06-02,77.5,77.5,70.5,72.0,9000.0,77.5,77.5,70.5,72.0,9,654700.0,0.0,0.0,0.0,0.0,999.0
6997,2026-06-03,73.8,75.5,72.1,72.5,14000.0,73.8,75.5,72.1,72.5,14,1024300.0,0.0,0.0,0.0,0.0,999.0
6997,2026-06-04,72.5,73.7,71.2,73.7,6000.0,72.5,73.7,71.2,73.7,6,431100.0,0.0,0.0,0.0,0.0,999.0
6997,2026-06-05,75.1,76.6,74.1,76.6,14000.0,75.1,76.6,74.1,76.6,14,1044500.0,0.0,0.0,0.0,0.0,999.0
6997,2026-06-08,76.6,78.0,76.6,77.1,3000.0,76.6,78.0,76.6,77.1,3,231700.0,0.0,0.0,0.0,0.0,999.0
6997,2026-06-09,76.0,76.0,74.1,74.5,3000.0,76.0,76.0,74.1,74.5,3,224600.0,0.0,0.0,0.0,0.0,999.0
6997,2026-06-10,74.3,74.4,74.3,74.4,7000.0,74.3,74.4,74.3,74.4,7,520400.0,0.0,0.0,0.0,0.0,999.0
6997,2026-06-11,78.3,78.6,78.0,78.0,9000.0,78.3,78.6,78.0,78.0,9,703200.0,0.0,0.0,0.0,0.0,999.0
6997,2026-06-15,74.4,76.0,74.4,76.0,6000.0,74.4,76.0,74.4,76.0,6,450300.0,0.0,0.0,0.0,0.0,999.0
6997,2026-06-16,75.1,75.1,75.1,75.1,1000.0,75.1,75.1,75.1,75.1,1,75100.0,0.0,0.0,0.0,0.0,999.0
6997,2026-06-17,75.3,75.3,75.0,75.0,5000.0,75.3,75.3,75.0,75.0,5,375700.0,0.0,0.0,0.0,0.0,999.0
6997,2026-06-18,77.6,77.6,74.7,75.0,6000.0,77.6,77.6,74.7,75.0,6,459700.0,0.0,0.0,0.0,0.0,999.0
6997,2026-06-22,75.0,76.5,74.1,76.5,8000.0,75.0,76.5,74.1,76.5,8,599600.0,0.0,0.0,0.0,0.0,999.0
6997,2026-06-23,75.0,75.0,74.9,74.9,2000.0,75.0,75.0,74.9,74.9,2,149900.0,0.0,0.0,0.0,0.0,999.0
6997,2026-06-24,73.0,73.5,73.0,73.5,2000.0,73.0,73.5,73.0,73.5,2,146500.0,0.0,0.0,0.0,0.0,999.0
6997,2026-06-25,73.7,74.0,72.0,72.0,20000.0,73.7,74.0,72.0,72.0,20,1463800.0,0.0,0.0,0.0,0.0,999.0
6997,2026-06-26,72.3,72.3,72.1,72.1,4000.0,72.3,72.3,72.1,72.1,4,288800.0,0.0,0.0,0.0,0.0,999.0
6997,2026-06-29,72.4,72.4,72.4,72.4,1000.0,72.4,72.4,72.4,72.4,1,72400.0,0.0,0.0,0.0,0.0,999.0
6997,2026-06-30,72.6,73.0,72.4,73.0,5000.0,72.6,73.0,72.4,73.0,5,363400.0,0.0,0.0,0.0,0.0,999.0
6997,2026-07-01,73.0,73.0,72.6,72.6,2000.0,73.0,73.0,72.6,72.6,2,145600.0,0.0,0.0,0.0,0.0,999.0
6997,2026-07-02,72.0,72.0,72.0,72.0,1000.0,72.0,72.0,72.0,72.0,1,72000.0,0.0,0.0,0.0,0.0,999.0
6997,2026-07-03,72.2,72.2,72.0,72.0,7000.0,72.2,72.2,72.0,72.0,7,504900.0,0.0,0.0,0.0,0.0,999.0
6997,2026-07-06,72.1,72.1,72.0,72.1,5000.0,72.1,72.1,72.0,72.1,5,360400.0,0.0,0.0,0.0,0.0,999.0
6997,2026-07-07,77.4,77.4,72.4,72.4,6000.0,77.4,77.4,72.4,72.4,6,450800.0,0.0,0.0,0.0,0.0,999.0
6997,2026-07-08,72.5,72.5,72.4,72.4,5000.0,72.5,72.5,72.4,72.4,5,362300.0,0.0,0.0,0.0,0.0,999.0
6997,2026-07-09,72.4,72.4,72.4,72.4,1000.0,72.4,72.4,72.4,72.4,1,72400.0,0.0,0.0,0.0,0.0,999.0
6997,2026-07-13,75.0,75.0,75.0,75.0,1000.0,75.0,75.0,75.0,75.0,1,75000.0,0.0,0.0,0.0,0.0,999.0
6997,2026-07-14,72.0,72.3,72.0,72.3,5000.0,72.0,72.3,72.0,72.3,5,361200.0,0.0,0.0,0.0,0.0,999.0
6997,2026-07-15,77.6,77.6,76.7,76.7,3000.0,77.6,77.6,76.7,76.7,3,231900.0,0.0,0.0,0.0,0.0,999.0
6997,2026-07-16,75.0,75.0,73.0,73.0,4000.0,75.0,75.0,73.0,73.0,4,296000.0,0.0,0.0,0.0,0.0,999.0
6997,2026-07-17,73.0,73.0,71.9,71.9,3000.0,73.0,73.0,71.9,71.9,3,217800.0,0.0,0.0,0.0,0.0,999.0
6997,2026-07-21,73.0,73.0,73.0,73.0,1000.0,73.0,73.0,73.0,73.0,1,73000.0,0.0,0.0,0.0,0.0,999.0
6997,2026-07-22,73.0,73.0,73.0,73.0,2000.0,73.0,73.0,73.0,73.0,2,146000.0,0.0,0.0,0.0,0.0,999.0
6997,2026-07-23,73.0,73.0,73.0,73.0,1000.0,73.0,73.0,73.0,73.0,1,73000.0,0.0,0.0,0.0,0.0,999.0
6997,2026-07-24,72.1,72.1,69.0,71.2,19000.0,72.1,72.1,69.0,71.2,19,1325000.0,0.0,0.0,0.0,0.0,999.0
6997,2026-07-29,69.9,69.9,68.5,68.5,3000.0,69.9,69.9,68.5,68.5,3,208300.0,0.0,0.0,0.0,0.0,999.0
6997,2026-08-03,72.0,72.0,72.0,72.0,2000.0,72.0,72.0,72.0,72.0,2,144000.0,0.0,0.0,0.0,0.0,999.0
6997,2026-08-04,72.0,76.6,72.0,76.6,7000.0,72.0,76.6,72.0,76.6,7,512600.0,0.0,0.0,0.0,0.0,999.0
6997,2026-08-05,72.0,73.0,71.5,73.0,12000.0,72.0,73.0,71.5,73.0,12,862100.0,0.0,0.0,0.0,0.0,999.0
6997,2026-08-06,73.0,73.0,68.0,70.9,19000.0,73.0,73.0,68.0,70.9,19,1323800.0,0.0,0.0,0.0,0.0,999.0
6997,2026-08-07,68.2,70.9,68.2,70.9,3000.0,68.2,70.9,68.2,70.9,3,207300.0,0.0,0.0,0.0,0.0,999.0
6997,2026-08-11,69.7,69.7,68.2,69.0,3000.0,69.7,69.7,68.2,69.0,3,206900.0,0.0,0.0,0.0,0.0,999.0
6997,2026-08-14,69.3,69.3,69.3,69.3,1000.0,69.3,69.3,69.3,69.3,1,69300.0,0.0,0.0,0.0,0.0,999.0
6997,2026-08-18,68.6,68.7,68.5,68.5,7000.0,68.6,68.7,68.5,68.5,7,480100.0,0.0,0.0,0.0,0.0,999.0
6997,2026-08-19,68.9,68.9,68.9,68.9,1000.0,68.9,68.9,68.9,68.9,1,68900.0,0.0,0.0,0.0,0.0,999.0
7723,2026-05-25,24.75,24.75,23.75,23.8,227000.0,24.75,24.75,23.75,23.8,227,5433900.0,0.0,0.0,0.0,0.0,999.0
7723,2026-05-26,23.45,23.7,23.2,23.7,165000.0,23.45,23.7,23.2,23.7,165,3866150.0,0.0,0.0,0.0,0.0,999.0
7723,2026-05-27,23.65,23.7,23.15,23.2,125000.0,23.65,23.7,23.15,23.2,125,2922750.0,0.0,0.0,0.0,0.0,999.0
7723,2026-05-28,23.2,23.45,22.6,22.7,111000.0,23.2,23.45,22.6,22.7,111,2538500.0,0.0,0.0,0.0,0.0,999.0
7723,2026-05-29,22.55,23.45,22.5,22.8,181000.0,22.55,23.45,22.5,22.8,181,4165900.0,0.0,0.0,0.0,0.0,999.0
7723,2026-06-01,23.05,23.05,22.3,22.65,185000.0,23.05,23.05,22.3,22.65,185,4160100.0,0.0,0.0,0.0,0.0,999.0
7723,2026-06-02,22.65,23.3,22.5,22.9,139000.0,22.65,23.3,22.5,22.9,139,3191350.0,0.0,0.0,0.0,0.0,999.0
7723,2026-06-03,23.1,23.15,22.6,23.1,182000.0,23.1,23.15,22.6,23.1,182,4152300.0,0.0,0.0,0.0,0.0,999.0
7723,2026-06-04,23.0,23.75,22.9,23.35,209000.0,23.0,23.75,22.9,23.35,209,4846950.0,0.0,0.0,0.0,0.0,999.0
7723,2026-06-05,23.85,24.1,22.85,22.95,243000.0,23.85,24.1,22.85,22.95,243,5645450.0,0.0,0.0,0.0,0.0,999.0
7723,2026-06-08,22.45,22.9,22.2,22.8,84000.0,22.45,22.9,22.2,22.8,84,1885750.0,0.0,0.0,0.0,0.0,999.0
7723,2026-06-09,22.9,23.1,22.9,23.0,134000.0,22.9,23.1,22.9,23.0,134,3078700.0,0.0,0.0,0.0,0.0,999.0
7723,2026-06-10,23.0,23.3,22.8,22.8,81000.0,23.0,23.3,22.8,22.8,81,1861600.0,0.0,0.0,0.0,0.0,999.0
7723,2026-06-11,22.7,22.8,22.6,22.6,68000.0,22.7,22.8,22.6,22.6,68,1538800.0,0.0,0.0,0.0,0.0,999.0
7723,2026-06-12,22.75,23.5,22.75,22.9,131000.0,22.75,23.5,22.75,22.9,131,3020200.0,0.0,0.0,0.0,0.0,999.0
7723,2026-06-15,23.0,23.45,22.8,23.45,225000.0,23.0,23.45,22.8,23.45,225,5219550.0,0.0,0.0,0.0,0.0,999.0
7723,2026-06-16,23.05,23.75,23.05,23.6,176000.0,23.05,23.75,23.05,23.6,176,4135350.0,0.0,0.0,0.0,0.0,999.0
7723,2026-06-17,25.9,25.9,24.15,24.5,294000.0,25.9,25.9,24.15,24.5,294,7297100.0,0.0,0.0,0.0,0.0,999.0
7723,2026-06-18,24.5,24.5,23.7,23.8,207000.0,24.5,24.5,23.7,23.8,207,4961700.0,0.0,0.0,0.0,0.0,999.0
7723,2026-06-22,23.8,23.95,23.25,23.35,155000.0,23.8,23.95,23.25,23.35,155,3632950.0,0.0,0.0,0.0,0.0,999.0
7723,2026-06-23,23.35,23.35,22.95,23.1,137000.0,23.35,23.35,22.95,23.1,137,3169500.0,0.0,0.0,0.0,0.0,999.0
7723,2026-06-24,22.85,23.15,22.85,22.95,29000.0,22.85,23.15,22.85,22.95,29,666000.0,0.0,0.0,0.0,0.0,999.0
7723,2026-06-25,22.8,23.25,22.8,23.1,76000.0,22.8,23.25,22.8,23.1,76,1751500.0,0.0,0.0,0.0,0.0,999.0
7723,2026-06-26,23.0,23.05,22.55,22.55,80000.0,23.0,23.05,22.55,22.55,80,1828150.0,0.0,0.0,0.0,0.0,999.0
7723,2026-06-29,22.75,22.8,22.65,22.7,19000.0,22.75,22.8,22.65,22.7,19,431350.0,0.0,0.0,0.0,0.0,999.0
7723,2026-06-30,22.7,22.85,22.65,22.8,16000.0,22.7,22.85,22.65,22.8,16,363400.0,0.0,0.0,0.0,0.0,999.0
7723,2026-07-01,22.8,22.8,22.35,22.4,28000.0,22.8,22.8,22.35,22.4,28,630400.0,0.0,0.0,0.0,0.0,999.0
7723,2026-07-02,22.65,22.7,22.45,22.65,12000.0,22.65,22.7,22.45,22.65,12,270950.0,0.0,0.0,0.0,0.0,999.0
7723,2026-07-03,22.8,23.35,22.8,23.1,69000.0,22.8,23.35,22.8,23.1,69,1593450.0,0.0,0.0,0.0,0.0,999.0
7723,2026-07-06,23.1,23.65,23.0,23.25,62000.0,23.1,23.65,23.0,23.25,62,1444050.0,0.0,0.0,0.0,0.0,999.0
7723,2026-07-07,23.25,23.4,22.7,22.7,28000.0,23.25,23.4,22.7,22.7,28,643400.0,0.0,0.0,0.0,0.0,999.0
7723,2026-07-08,22.75,22.95,22.7,22.95,11000.0,22.75,22.95,22.7,22.95,11,251700.0,0.0,0.0,0.0,0.0,999.0
7723,2026-07-09,23.25,23.25,22.7,22.7,7000.0,23.25,23.25,22.7,22.7,7,159850.0,0.0,0.0,0.0,0.0,999.0
7723,2026-07-13,22.7,22.8,22.2,22.25,80000.0,22.7,22.8,22.2,22.25,80,1784450.0,0.0,0.0,0.0,0.0,999.0
7723,2026-07-14,22.05,22.15,20.4,21.0,125000.0,22.05,22.15,20.4,21.0,125,2676450.0,0.0,0.0,0.0,0.0,999.0
7723,2026-07-15,20.5,21.2,20.5,21.05,57000.0,20.5,21.2,20.5,21.05,57,1190550.0,0.0,0.0,0.0,0.0,999.0
7723,2026-07-16,20.75,21.1,20.55,20.95,39000.0,20.75,21.1,20.55,20.95,39,813700.0,0.0,0.0,0.0,0.0,999.0
7723,2026-07-17,20.5,20.95,20.45,20.45,49000.0,20.5,20.95,20.45,20.45,49,1007000.0,0.0,0.0,0.0,0.0,999.0
7723,2026-07-20,20.4,20.9,20.15,20.5,38000.0,20.4,20.9,20.15,20.5,38,774850.0,0.0,0.0,0.0,0.0,999.0
7723,2026-07-21,20.5,20.7,20.5,20.55,24000.0,20.5,20.7,20.5,20.55,24,492400.0,0.0,0.0,0.0,0.0,999.0
7723,2026-07-22,20.65,21.1,20.5,20.6,58000.0,20.65,21.1,20.5,20.6,58,1203550.0,0.0,0.0,0.0,0.0,999.0
7723,2026-07-23,20.6,20.75,20.0,20.25,75000.0,20.6,20.75,20.0,20.25,75,1523250.0,0.0,0.0,0.0,0.0,999.0
7723,2026-07-24,20.25,20.25,20.05,20.25,29000.0,20.25,20.25,20.05,20.25,29,584400.0,0.0,0.0,0.0,0.0,999.0
7723,2026-07-27,20.4,20.4,20.0,20.25,47000.0,20.4,20.4,20.0,20.25,47,947900.0,0.0,0.0,0.0,0.0,999.0
7723,2026-07-28,20.0,20.05,19.8,19.9,40000.0,20.0,20.05,19.8,19.9,40,797750.0,0.0,0.0,0.0,0.0,999.0
7723,2026-07-29,19.6,19.6,18.9,19.15,114000.0,19.6,19.6,18.9,19.15,114,2181200.0,0.0,0.0,0.0,0.0,999.0
7723,2026-07-30,18.9,19.1,18.3,18.55,115000.0,18.9,19.1,18.3,18.55,115,2144450.0,0.0,0.0,0.0,0.0,999.0
7723,2026-07-31,18.55,19.2,18.45,18.75,76000.0,18.55,19.2,18.45,18.75,76,1414850.0,0.0,0.0,0.0,0.0,999.0
7723,2026-08-03,18.75,18.75,18.3,18.45,86000.0,18.75,18.75,18.3,18.45,86,1586300.0,0.0,0.0,0.0,0.0,999.0
7723,2026-08-04,18.45,18.6,18.35,18.6,37000.0,18.45,18.6,18.35,18.6,37,683700.0,0.0,0.0,0.0,0.0,999.0
7723,2026-08-05,18.6,18.7,18.45,18.45,46000.0,18.6,18.7,18.45,18.45,46,853350.0,0.0,0.0,0.0,0.0,999.0
7723,2026-08-06,18.25,18.7,18.2,18.5,33000.0,18.25,18.7,18.2,18.5,33,609650.0,0.0,0.0,0.0,0.0,999.0
7723,2026-08-07,18.5,20.35,18.5,20.35,207000.0,18.5,20.35,18.5,20.35,207,4148900.0,0.0,0.0,0.0,0.0,999.0
7723,2026-08-10,21.5,22.35,20.85,21.95,620000.0,21.5,22.35,20.85,21.95,620,13339450.0,0.0,0.0,0.0,0.0,999.0
7723,2026-08-11,21.3,21.85,20.6,20.6,205000.0,21.3,21.85,20.6,20.6,205,4307750.0,0.0,0.0,0.0,0.0,999.0
7723,2026-08-12,20.6,21.2,20.45,20.55,138000.0,20.6,21.2,20.45,20.55,138,2856550.0,0.0,0.0,0.0,0.0,999.0
7723,2026-08-13,20.7,22.1,20.45,20.5,417000.0,20.7,22.1,20.45,20.5,417,8736450.0,0.0,0.0,0.0,0.0,999.0
7723,2026-08-14,20.5,20.5,19.85,20.1,152000.0,20.5,20.5,19.85,20.1,152,3045700.0,0.0,0.0,0.0,0.0,999.0
7723,2026-08-17,19.8,19.8,19.0,19.15,127000.0,19.8,19.8,19.0,19.15,127,2445650.0,0.0,0.0,0.0,0.0,999.0
7723,2026-08-18,19.45,19.45,18.8,18.9,96000.0,19.45,19.45,18.8,18.9,96,1831900.0,0.0,0.0,0.0,0.0,999.0
7723,2026-08-19,18.9,19.15,18.5,19.15,76000.0,18.9,19.15,18.5,19.15,76,1427150.0,0.0,0.0,0.0,0.0,999.0
7805,2026-05-25,787.0,806.0,775.0,784.0,224000.0,787.0,806.0,775.0,784.0,224,176574000.0,0.0,0.0,0.0,0.0,999.0
7805,2026-05-26,784.0,795.0,764.0,784.0,179000.0,784.0,795.0,764.0,784.0,179,139833000.0,0.0,0.0,0.0,0.0,999.0
7805,2026-05-27,807.0,807.0,771.0,776.0,94000.0,807.0,807.0,771.0,776.0,94,73254000.0,0.0,0.0,0.0,0.0,999.0
7805,2026-05-28,778.0,815.0,777.0,785.0,226000.0,778.0,815.0,777.0,785.0,226,179589000.0,0.0,0.0,0.0,0.0,999.0
7805,2026-05-29,790.0,810.0,790.0,797.0,149000.0,790.0,810.0,790.0,797.0,149,119283000.0,0.0,0.0,0.0,0.0,999.0
7805,2026-06-01,806.0,816.0,791.0,799.0,168000.0,806.0,816.0,791.0,799.0,168,135024000.0,0.0,0.0,0.0,0.0,999.0
7805,2026-06-02,797.0,802.0,780.0,794.0,93000.0,797.0,802.0,780.0,794.0,93,73518000.0,0.0,0.0,0.0,0.0,999.0
7805,2026-06-03,801.0,801.0,779.0,785.0,128000.0,801.0,801.0,779.0,785.0,128,100325000.0,0.0,0.0,0.0,0.0,999.0
7805,2026-06-04,778.0,782.0,755.0,764.0,151000.0,778.0,782.0,755.0,764.0,151,116079000.0,0.0,0.0,0.0,0.0,999.0
7805,2026-06-05,757.0,770.0,744.0,758.0,99000.0,757.0,770.0,744.0,758.0,99,74743000.0,0.0,0.0,0.0,0.0,999.0
7805,2026-06-08,729.0,745.0,708.0,745.0,131000.0,729.0,745.0,708.0,745.0,131,94886000.0,0.0,0.0,0.0,0.0,999.0
7805,2026-06-09,721.0,745.0,720.0,737.0,156000.0,721.0,745.0,720.0,737.0,156,114109000.0,0.0,0.0,0.0,0.0,999.0
7805,2026-06-10,726.0,728.0,699.0,704.0,210000.0,726.0,728.0,699.0,704.0,210,149920000.0,0.0,0.0,0.0,0.0,999.0
7805,2026-06-11,693.0,699.0,678.0,688.0,136000.0,693.0,699.0,678.0,688.0,136,93455000.0,0.0,0.0,0.0,0.0,999.0
7805,2026-06-12,710.0,710.0,696.0,701.0,74000.0,710.0,710.0,696.0,701.0,74,51945000.0,0.0,0.0,0.0,0.0,999.0
7805,2026-06-15,711.0,712.0,698.0,698.0,66000.0,711.0,712.0,698.0,698.0,66,46353000.0,0.0,0.0,0.0,0.0,999.0
7805,2026-06-16,699.0,699.0,683.0,684.0,82000.0,699.0,699.0,683.0,684.0,82,56443000.0,0.0,0.0,0.0,0.0,999.0
7805,2026-06-17,688.0,690.0,681.0,683.0,61000.0,688.0,690.0,681.0,683.0,61,41738000.0,0.0,0.0,0.0,0.0,999.0
7805,2026-06-18,684.0,692.0,683.0,692.0,54000.0,684.0,692.0,683.0,692.0,54,37093000.0,0.0,0.0,0.0,0.0,999.0
7805,2026-06-22,698.0,698.0,686.0,687.0,70000.0,698.0,698.0,686.0,687.0,70,48239000.0,0.0,0.0,0.0,0.0,999.0
7805,2026-06-23,692.0,692.0,678.0,678.0,89000.0,692.0,692.0,678.0,678.0,89,60686000.0,0.0,0.0,0.0,0.0,999.0
7805,2026-06-24,671.0,682.0,671.0,678.0,47000.0,671.0,682.0,671.0,678.0,47,31911000.0,0.0,0.0,0.0,0.0,999.0
7805,2026-06-25,681.0,686.0,674.0,675.0,59000.0,681.0,686.0,674.0,675.0,59,40036000.0,0.0,0.0,0.0,0.0,999.0
7805,2026-06-26,671.0,674.0,656.0,657.0,115000.0,671.0,674.0,656.0,657.0,115,76241000.0,0.0,0.0,0.0,0.0,999.0
7805,2026-06-29,657.0,662.0,645.0,645.0,47000.0,657.0,662.0,645.0,645.0,47,30738000.0,0.0,0.0,0.0,0.0,999.0
7805,2026-06-30,651.0,663.0,650.0,661.0,44000.0,651.0,663.0,650.0,661.0,44,28923000.0,0.0,0.0,0.0,0.0,999.0
7805,2026-07-01,676.0,676.0,664.0,669.0,44000.0,676.0,676.0,664.0,669.0,44,29503000.0,0.0,0.0,0.0,0.0,999.0
7805,2026-07-02,675.0,675.0,666.0,671.0,30000.0,675.0,675.0,666.0,671.0,30,20083000.0,0.0,0.0,0.0,0.0,999.0
7805,2026-07-03,671.0,673.0,658.0,668.0,44000.0,671.0,673.0,658.0,668.0,44,29501000.0,0.0,0.0,0.0,0.0,999.0
7805,2026-07-06,669.0,673.0,656.0,662.0,114000.0,669.0,673.0,656.0,662.0,114,75624000.0,0.0,0.0,0.0,0.0,999.0
7805,2026-07-07,665.0,665.0,650.0,650.0,66000.0,665.0,665.0,650.0,650.0,66,43220000.0,0.0,0.0,0.0,0.0,999.0
7805,2026-07-08,649.0,651.0,635.0,640.0,51000.0,649.0,651.0,635.0,640.0,51,32757000.0,0.0,0.0,0.0,0.0,999.0
7805,2026-07-09,642.0,655.0,640.0,646.0,27000.0,642.0,655.0,640.0,646.0,27,17451000.0,0.0,0.0,0.0,0.0,999.0
7805,2026-07-13,644.0,645.0,625.0,631.0,82000.0,644.0,645.0,625.0,631.0,82,52071000.0,0.0,0.0,0.0,0.0,999.0
7805,2026-07-14,630.0,630.0,605.0,620.0,94000.0,630.0,630.0,605.0,620.0,94,57833000.0,0.0,0.0,0.0,0.0,999.0
7805,2026-07-15,623.0,630.0,620.0,628.0,19000.0,623.0,630.0,620.0,628.0,19,11858000.0,0.0,0.0,0.0,0.0,999.0
7805,2026-07-16,619.0,627.0,619.0,623.0,16000.0,619.0,627.0,619.0,623.0,16,9974000.0,0.0,0.0,0.0,0.0,999.0
7805,2026-07-17,614.0,614.0,601.0,601.0,58000.0,614.0,614.0,601.0,601.0,58,35197000.0,0.0,0.0,0.0,0.0,999.0
7805,2026-07-20,600.0,600.0,586.0,599.0,48000.0,600.0,600.0,586.0,599.0,48,28466000.0,0.0,0.0,0.0,0.0,999.0
7805,2026-07-21,603.0,621.0,603.0,621.0,16000.0,603.0,621.0,603.0,621.0,16,9796000.0,0.0,0.0,0.0,0.0,999.0
7805,2026-07-22,633.0,633.0,620.0,624.0,6000.0,633.0,633.0,620.0,624.0,6,3745000.0,0.0,0.0,0.0,0.0,999.0
7805,2026-07-23,620.0,621.0,615.0,617.0,13000.0,620.0,621.0,615.0,617.0,13,8020000.0,0.0,0.0,0.0,0.0,999.0
7805,2026-07-24,620.0,622.0,606.0,608.0,24000.0,620.0,622.0,606.0,608.0,24,14702000.0,0.0,0.0,0.0,0.0,999.0
7805,2026-07-27,605.0,611.0,600.0,603.0,21000.0,605.0,611.0,600.0,603.0,21,12670000.0,0.0,0.0,0.0,0.0,999.0
7805,2026-07-28,596.0,605.0,589.0,589.0,63000.0,596.0,605.0,589.0,589.0,63,37472000.0,0.0,0.0,0.0,0.0,999.0
7805,2026-07-29,600.0,600.0,565.0,580.0,90000.0,600.0,600.0,565.0,580.0,90,52134000.0,0.0,0.0,0.0,0.0,999.0
7805,2026-07-30,579.0,587.0,576.0,582.0,23000.0,579.0,587.0,576.0,582.0,23,13374000.0,0.0,0.0,0.0,0.0,999.0
7805,2026-07-31,602.0,616.0,601.0,606.0,42000.0,602.0,616.0,601.0,606.0,42,25450000.0,0.0,0.0,0.0,0.0,999.0
7805,2026-08-03,607.0,611.0,603.0,611.0,15000.0,607.0,611.0,603.0,611.0,15,9115000.0,0.0,0.0,0.0,0.0,999.0
7805,2026-08-04,612.0,624.0,611.0,614.0,20000.0,612.0,624.0,611.0,614.0,20,12275000.0,0.0,0.0,0.0,0.0,999.0
7805,2026-08-05,638.0,639.0,633.0,638.0,12000.0,638.0,639.0,633.0,638.0,12,7633000.0,0.0,0.0,0.0,0.0,999.0
7805,2026-08-06,638.0,650.0,638.0,642.0,27000.0,638.0,650.0,638.0,642.0,27,17275000.0,0.0,0.0,0.0,0.0,999.0
7805,2026-08-07,642.0,648.0,640.0,644.0,28000.0,642.0,648.0,640.0,644.0,28,17996000.0,0.0,0.0,0.0,0.0,999.0
7805,2026-08-10,649.0,686.0,649.0,677.0,77000.0,649.0,686.0,649.0,677.0,77,51374000.0,0.0,0.0,0.0,0.0,999.0
7805,2026-08-11,688.0,690.0,662.0,687.0,75000.0,688.0,690.0,662.0,687.0,75,51046000.0,0.0,0.0,0.0,0.0,999.0
7805,2026-08-12,692.0,711.0,689.0,698.0,150000.0,692.0,711.0,689.0,698.0,150,105028000.0,0.0,0.0,0.0,0.0,999.0
7805,2026-08-13,725.0,725.0,685.0,685.0,102000.0,725.0,725.0,685.0,685.0,102,72546000.0,0.0,0.0,0.0,0.0,999.0
7805,2026-08-14,691.0,696.0,675.0,676.0,70000.0,691.0,696.0,675.0,676.0,70,47849000.0,0.0,0.0,0.0,0.0,999.0
7805,2026-08-17,685.0,703.0,680.0,701.0,94000.0,685.0,703.0,680.0,701.0,94,65220000.0,0.0,0.0,0.0,0.0,999.0
7805,2026-08-18,701.0,701.0,685.0,692.0,58000.0,701.0,701.0,685.0,692.0,58,40140000.0,0.0,0.0,0.0,0.0,999.0
7805,2026-08-19,692.0,702.0,682.0,693.0,66000.0,692.0,702.0,682.0,693.0,66,45774000.0,0.0,0.0,0.0,0.0,999.0
8044,2026-05-25,29.0,29.25,28.1,28.1,1980000.0,29.0,29.25,28.1,28.1,1980,56250900.0,0.0,0.0,0.0,0.0,999.0
8044,2026-05-26,28.2,28.45,27.0,27.05,1004000.0,28.2,28.45,27.0,27.05,1004,27538350.0,0.0,0.0,0.0,0.0,999.0
8044,2026-05-27,27.15,29.2,26.6,28.3,1592000.0,27.15,29.2,26.6,28.3,1592,44314700.0,0.0,0.0,0.0,0.0,999.0
8044,2026-05-28,28.05,29.1,27.85,28.85,1903000.0,28.05,29.1,27.85,28.85,1903,54331300.0,0.0,0.0,0.0,0.0,999.0
8044,2026-05-29,28.9,29.8,28.65,29.0,2017000.0,28.9,29.8,28.65,29.0,2017,58989550.0,0.0,0.0,0.0,0.0,999.0
8044,2026-06-01,29.0,31.2,28.9,29.0,2678000.0,29.0,31.2,28.9,29.0,2678,79825400.0,0.0,0.0,0.0,0.0,999.0
8044,2026-06-02,29.15,30.8,29.15,30.4,2543000.0,29.15,30.8,29.15,30.4,2543,76900700.0,0.0,0.0,0.0,0.0,999.0
8044,2026-06-03,32.0,33.25,30.8,31.5,3957000.0,32.0,33.25,30.8,31.5,3957,125582250.0,0.0,0.0,0.0,0.0,999.0
8044,2026-06-04,31.35,31.5,30.0,30.3,1519000.0,31.35,31.5,30.0,30.3,1519,46340800.0,0.0,0.0,0.0,0.0,999.0
8044,2026-06-05,30.95,30.95,29.85,29.9,1123000.0,30.95,30.95,29.85,29.9,1123,33984850.0,0.0,0.0,0.0,0.0,999.0
8044,2026-06-08,27.1,32.55,27.1,31.7,4029000.0,27.1,32.55,27.1,31.7,4029,124253950.0,0.0,0.0,0.0,0.0,999.0
8044,2026-06-09,32.15,33.9,31.05,32.05,6811000.0,32.15,33.9,31.05,32.05,6811,222513900.0,0.0,0.0,0.0,0.0,999.0
8044,2026-06-10,31.7,32.45,30.2,30.2,3315000.0,31.7,32.45,30.2,30.2,3315,103767100.0,0.0,0.0,0.0,0.0,999.0
8044,2026-06-11,30.2,30.55,29.25,29.55,1308000.0,30.2,30.55,29.25,29.55,1308,38969750.0,0.0,0.0,0.0,0.0,999.0
8044,2026-06-12,30.3,30.35,29.6,29.9,957000.0,30.3,30.35,29.6,29.9,957,28615650.0,0.0,0.0,0.0,0.0,999.0
8044,2026-06-15,30.55,30.55,29.1,29.2,1358000.0,30.55,30.55,29.1,29.2,1358,40525100.0,0.0,0.0,0.0,0.0,999.0
8044,2026-06-16,29.5,29.7,28.6,28.65,675000.0,29.5,29.65,28.6,28.65,675,19568800.0,0.0,0.0016863406408094675,0.0,0.0,999.0
8044,2026-06-17,28.55,29.25,28.25,28.35,648000.0,28.55,29.25,28.25,28.35,648,18479150.0,0.0,0.0,0.0,0.0,999.0
8044,2026-06-18,29.05,31.15,29.05,31.15,3148000.0,29.05,31.15,29.05,31.15,3148,96618350.0,0.0,0.0,0.0,0.0,999.0
8044,2026-06-22,31.95,33.0,30.85,31.3,3012000.0,31.95,33.0,30.85,31.3,3012,95437750.0,0.0,0.0,0.0,0.0,999.0
8044,2026-06-23,31.25,31.25,29.55,29.65,985000.0,31.25,31.25,29.55,29.65,985,29823100.0,0.0,0.0,0.0,0.0,999.0
8044,2026-06-24,29.5,30.05,29.05,29.6,732000.0,29.5,30.05,29.05,29.6,732,21532850.0,0.0,0.0,0.0,0.0,999.0
8044,2026-06-25,29.65,31.45,29.4,30.5,1997000.0,29.65,31.45,29.4,30.5,1997,61092550.0,0.0,0.0,0.0,0.0,999.0
8044,2026-06-26,30.0,30.0,28.5,28.55,1613000.0,30.0,30.0,28.5,28.55,1613,47011200.0,0.0,0.0,0.0,0.0,999.0
8044,2026-06-29,28.8,29.15,28.55,28.8,767000.0,28.8,29.15,28.55,28.8,767,22095650.0,0.0,0.0,0.0,0.0,999.0
8044,2026-06-30,29.3,29.3,28.1,28.2,847000.0,29.3,29.3,28.1,28.2,847,24065800.0,0.0,0.0,0.0,0.0,999.0
8044,2026-07-01,28.2,28.3,27.1,27.2,1131000.0,28.2,28.3,27.1,27.2,1131,31215350.0,0.0,0.0,0.0,0.0,999.0
8044,2026-07-02,27.0,28.35,27.0,28.1,652000.0,27.0,28.35,27.0,28.1,652,18199500.0,0.0,0.0,0.0,0.0,999.0
8044,2026-07-03,28.3,28.7,28.1,28.15,732000.0,28.3,28.7,28.1,28.15,732,20723650.0,0.0,0.0,0.0,0.0,999.0
8044,2026-07-06,28.6,28.9,28.05,28.05,400000.0,28.6,28.9,28.05,28.05,400,11384700.0,0.0,0.0,0.0,0.0,999.0
8044,2026-07-07,28.0,28.1,27.3,27.3,446000.0,28.0,28.1,27.3,27.3,446,12331650.0,0.0,0.0,0.0,0.0,999.0
8044,2026-07-08,27.35,27.45,26.8,27.0,362000.0,27.35,27.45,26.8,27.0,362,9768100.0,0.0,0.0,0.0,0.0,999.0
8044,2026-07-09,27.05,27.3,26.8,26.8,272000.0,27.05,27.3,26.8,26.8,272,7338450.0,0.0,0.0,0.0,0.0,999.0
8044,2026-07-13,27.4,27.4,26.65,26.65,295000.0,27.4,27.4,26.65,26.65,295,7920450.0,0.0,0.0,0.0,0.0,999.0
8044,2026-07-14,26.65,27.15,26.3,26.85,703000.0,26.65,27.15,26.3,26.85,703,18772050.0,0.0,0.0,0.0,0.0,999.0
8044,2026-07-15,27.3,27.7,26.85,27.65,351000.0,27.3,27.7,26.85,27.65,351,9610300.0,0.0,0.0,0.0,0.0,999.0
8044,2026-07-16,27.4,27.55,26.9,27.05,256000.0,27.4,27.55,26.9,27.05,256,6961700.0,0.0,0.0,0.0,0.0,999.0
8044,2026-07-17,26.55,27.25,26.45,26.5,633000.0,26.55,27.25,26.45,26.5,633,16955500.0,0.0,0.0,0.0,0.0,999.0
8044,2026-07-20,26.5,27.2,25.3,26.9,529000.0,26.5,27.2,25.3,26.9,529,13934550.0,0.0,0.0,0.0,0.0,999.0
8044,2026-07-21,26.9,27.95,26.9,27.1,468000.0,26.9,27.95,26.9,27.1,468,12796500.0,0.0,0.0,0.0,0.0,999.0
8044,2026-07-22,27.2,27.25,26.5,26.5,268000.0,27.2,27.25,26.5,26.5,268,7219750.0,0.0,0.0,0.0,0.0,999.0
8044,2026-07-23,26.65,27.2,26.45,26.45,327000.0,26.65,27.2,26.45,26.45,327,8750200.0,0.0,0.0,0.0,0.0,999.0
8044,2026-07-24,26.2,26.85,26.2,26.3,198000.0,26.2,26.85,26.2,26.3,198,5232650.0,0.0,0.0,0.0,0.0,999.0
8044,2026-07-27,26.2,26.9,26.0,26.8,397000.0,26.2,26.9,26.0,26.8,397,10457100.0,0.0,0.0,0.0,0.0,999.0
8044,2026-07-28,26.45,27.2,26.1,26.8,697000.0,26.45,27.2,26.1,26.8,697,18496600.0,0.0,0.0,0.0,0.0,999.0
8044,2026-07-29,26.6,27.05,24.8,25.65,760000.0,26.6,27.05,24.8,25.65,760,19630200.0,0.0,0.0,0.0,0.0,999.0
8044,2026-07-30,25.5,25.85,24.9,25.4,366000.0,25.5,25.85,24.9,25.4,366,9259100.0,0.0,0.0,0.0,0.0,999.0
8044,2026-07-31,26.05,26.2,25.6,25.6,276000.0,26.05,26.2,25.6,25.6,276,7159550.0,0.0,0.0,0.0,0.0,999.0
8044,2026-08-03,25.6,26.25,25.6,26.2,174000.0,25.6,26.25,25.6,26.2,174,4500000.0,0.0,0.0,0.0,0.0,999.0
8044,2026-08-04,26.05,27.0,26.05,26.65,352000.0,26.05,27.0,26.05,26.65,352,9420450.0,0.0,0.0,0.0,0.0,999.0
8044,2026-08-05,27.0,27.3,26.65,26.95,399000.0,27.0,27.3,26.65,26.95,399,10743000.0,0.0,0.0,0.0,0.0,999.0
8044,2026-08-06,27.0,27.65,26.8,27.35,292000.0,27.0,27.65,26.8,27.35,292,7970350.0,0.0,0.0,0.0,0.0,999.0
8044,2026-08-07,27.65,28.85,27.55,28.0,846000.0,27.65,28.85,27.55,28.0,846,23942900.0,0.0,0.0,0.0,0.0,999.0
8044,2026-08-10,28.45,28.45,27.4,27.55,266000.0,28.45,28.45,27.4,27.55,266,7394200.0,0.0,0.0,0.0,0.0,999.0
8044,2026-08-11,27.3,27.4,26.7,26.95,353000.0,27.3,27.4,26.7,26.95,353,9520600.0,0.0,0.0,0.0,0.0,999.0
8044,2026-08-12,27.25,27.25,26.5,26.8,275000.0,27.25,27.25,26.5,26.8,275,7366200.0,0.0,0.0,0.0,0.0,999.0
8044,2026-08-13,26.8,26.8,26.25,26.4,288000.0,26.8,26.8,26.25,26.4,288,7610650.0,0.0,0.0,0.0,0.0,999.0
8044,2026-08-14,26.3,26.65,26.15,26.45,195000.0,26.3,26.65,26.15,26.45,195,5134350.0,0.0,0.0,0.0,0.0,999.0
8044,2026-08-17,26.25,26.35,25.7,25.7,567000.0,26.25,26.35,25.7,25.7,567,14681850.0,0.0,0.0,0.0,0.0,999.0
8044,2026-08-18,26.2,26.2,25.45,25.45,209000.0,26.2,26.2,25.45,25.45,209,5350900.0,0.0,0.0,0.0,0.0,999.0
8044,2026-08-19,25.6,25.6,25.15,25.25,278000.0,25.6,25.6,25.15,25.25,278,7032750.0,0.0,0.0,0.0,0.0,999.0
8083,2026-05-25,168.5,170.5,167.0,168.5,130000.0,168.5,170.5,167.0,168.5,130,21900500.0,0.0,0.0,0.0,0.0,999.0
8083,2026-05-26,168.5,170.0,167.5,167.5,48000.0,168.5,170.0,167.5,167.5,48,8077500.0,0.0,0.0,0.0,0.0,999.0
8083,2026-05-27,169.0,169.0,167.0,168.0,45000.0,169.0,169.0,167.0,168.0,45,7546500.0,0.0,0.0,0.0,0.0,999.0
8083,2026-05-28,168.0,168.5,166.0,167.0,58000.0,168.0,168.5,166.0,167.0,58,9703000.0,0.0,0.0,0.0,0.0,999.0
8083,2026-05-29,166.5,168.0,165.0,167.0,106000.0,166.5,168.0,165.0,167.0,106,17589500.0,0.0,0.0,0.0,0.0,999.0
8083,2026-06-01,168.0,169.0,167.0,168.0,55000.0,168.0,169.0,167.0,168.0,55,9231500.0,0.0,0.0,0.0,0.0,999.0
8083,2026-06-02,169.0,170.0,167.5,170.0,120000.0,169.0,170.0,167.5,170.0,120,20235500.0,0.0,0.0,0.0,0.0,999.0
8083,2026-06-03,170.0,171.0,169.0,170.0,61000.0,170.0,171.0,169.0,170.0,61,10355000.0,0.0,0.0,0.0,0.0,999.0
8083,2026-06-04,170.5,172.0,169.0,171.5,72000.0,170.5,172.0,169.0,171.5,72,12269000.0,0.0,0.0,0.0,0.0,999.0
8083,2026-06-05,172.0,172.5,170.5,171.5,37000.0,172.0,172.5,170.5,171.5,37,6345500.0,0.0,0.0,0.0,0.0,999.0
8083,2026-06-08,170.0,171.0,166.5,171.0,119000.0,170.0,171.0,166.5,171.0,119,20122500.0,0.0,0.0,0.0,0.0,999.0
8083,2026-06-09,172.5,172.5,171.0,172.5,31000.0,172.5,172.5,171.0,172.5,31,5327000.0,0.0,0.0,0.0,0.0,999.0
8083,2026-06-10,172.5,173.0,171.0,172.0,28000.0,172.5,173.0,171.0,172.0,28,4812500.0,0.0,0.0,0.0,0.0,999.0
8083,2026-06-11,172.0,172.5,170.0,172.0,41000.0,172.0,172.5,170.0,172.0,41,7009500.0,0.0,0.0,0.0,0.0,999.0
8083,2026-06-12,172.5,174.0,172.0,173.0,48000.0,172.5,174.0,172.0,173.0,48,8298500.0,0.0,0.0,0.0,0.0,999.0
8083,2026-06-15,174.0,175.0,171.5,173.0,35000.0,174.0,175.0,171.5,173.0,35,6054000.0,0.0,0.0,0.0,0.0,999.0
8083,2026-06-16,173.0,173.5,171.5,171.5,27000.0,173.0,173.5,171.5,171.5,27,4641000.0,0.0,0.0,0.0,0.0,999.0
8083,2026-06-17,171.5,172.0,170.5,171.0,19000.0,171.5,172.0,170.5,171.0,19,3255500.0,0.0,0.0,0.0,0.0,999.0
8083,2026-06-18,171.5,172.5,171.0,172.0,78000.0,171.5,172.5,171.0,172.0,78,13368500.0,0.0,0.0,0.0,0.0,999.0
8083,2026-06-22,172.5,173.5,171.0,173.5,93000.0,172.5,173.5,171.0,173.5,93,16019000.0,0.0,0.0,0.0,0.0,999.0
8083,2026-06-23,174.0,174.0,171.5,171.5,37000.0,174.0,174.0,171.5,171.5,37,6367000.0,0.0,0.0,0.0,0.0,999.0
8083,2026-06-24,171.5,172.0,170.0,172.0,26000.0,171.5,172.0,170.0,172.0,26,4446000.0,0.0,0.0,0.0,0.0,999.0
8083,2026-06-25,172.5,172.5,171.0,172.5,21000.0,172.5,172.5,171.0,172.5,21,3611000.0,0.0,0.0,0.0,0.0,999.0
8083,2026-06-26,172.0,172.0,170.5,171.0,25000.0,172.0,172.0,170.5,171.0,25,4277000.0,0.0,0.0,0.0,0.0,999.0
8083,2026-06-29,171.5,171.5,170.0,170.0,42000.0,171.5,171.5,170.0,170.0,42,7167500.0,0.0,0.0,0.0,0.0,999.0
8083,2026-06-30,170.5,172.0,170.5,171.0,44000.0,170.5,172.0,170.5,171.0,44,7515500.0,0.0,0.0,0.0,0.0,999.0
8083,2026-07-01,172.0,172.0,170.5,170.5,30000.0,172.0,172.0,170.5,170.5,30,5121000.0,0.0,0.0,0.0,0.0,999.0
8083,2026-07-02,170.5,171.5,170.0,171.0,134000.0,170.5,171.5,170.0,171.0,134,22859000.0,0.0,0.0,0.0,0.0,999.0
8083,2026-07-03,171.0,173.0,171.0,172.0,198000.0,171.0,173.0,171.0,172.0,198,34034500.0,0.0,0.0,0.0,0.0,999.0
8083,2026-07-06,162.0,163.5,160.5,163.5,126000.0,162.0,163.5,160.5,163.5,126,20422000.0,0.0,0.0,0.0,0.0,999.0
8083,2026-07-07,164.0,164.5,159.0,160.0,111000.0,164.0,164.5,159.0,160.0,111,17922500.0,0.0,0.0,0.0,0.0,999.0
8083,2026-07-08,161.0,161.0,157.0,160.0,132000.0,161.0,161.0,157.0,160.0,132,20887500.0,0.0,0.0,0.0,0.0,999.0
8083,2026-07-09,159.0,161.0,156.5,157.5,132000.0,159.0,161.0,156.5,157.5,132,20835500.0,0.0,0.0,0.0,0.0,999.0
8083,2026-07-13,157.5,158.5,156.0,158.0,152000.0,157.5,158.5,156.0,158.0,152,23822000.0,0.0,0.0,0.0,0.0,999.0
8083,2026-07-14,158.0,159.0,154.5,157.5,126000.0,158.0,159.0,154.5,157.5,126,19678000.0,0.0,0.0,0.0,0.0,999.0
8083,2026-07-15,157.0,159.0,156.5,156.5,55000.0,157.0,159.0,156.5,156.5,55,8640000.0,0.0,0.0,0.0,0.0,999.0
8083,2026-07-16,156.5,157.5,155.0,157.5,60000.0,156.5,157.5,155.0,157.5,60,9393000.0,0.0,0.0,0.0,0.0,999.0
8083,2026-07-17,157.5,157.5,152.5,153.5,142000.0,157.5,157.5,152.5,153.5,142,21912000.0,0.0,0.0,0.0,0.0,999.0
8083,2026-07-20,156.0,156.5,153.0,156.0,86000.0,156.0,156.5,153.0,156.0,86,13286500.0,0.0,0.0,0.0,0.0,999.0
8083,2026-07-21,158.0,158.5,156.0,157.5,81000.0,158.0,158.5,156.0,157.5,81,12721000.0,0.0,0.0,0.0,0.0,999.0
8083,2026-07-22,159.0,159.0,156.5,158.0,70000.0,159.0,159.0,156.5,158.0,70,11025000.0,0.0,0.0,0.0,0.0,999.0
8083,2026-07-23,158.5,159.0,155.5,156.5,64000.0,158.5,159.0,155.5,156.5,64,10037500.0,0.0,0.0,0.0,0.0,999.0
8083,2026-07-24,157.0,157.0,154.0,156.0,39000.0,157.0,157.0,154.0,156.0,39,6055500.0,0.0,0.0,0.0,0.0,999.0
8083,2026-07-27,156.5,157.0,155.0,157.0,74000.0,156.5,157.0,155.0,157.0,74,11527000.0,0.0,0.0,0.0,0.0,999.0
8083,2026-07-28,157.0,157.0,154.0,155.0,46000.0,157.0,157.0,154.0,155.0,46,7136000.0,0.0,0.0,0.0,0.0,999.0
8083,2026-07-29,156.5,158.5,154.5,156.5,192000.0,156.5,158.5,154.5,156.5,192,29960000.0,0.0,0.0,0.0,0.0,999.0
8083,2026-07-30,157.5,161.0,156.5,157.5,220000.0,157.5,161.0,156.5,157.5,220,34894500.0,0.0,0.0,0.0,0.0,999.0
8083,2026-07-31,159.0,161.5,159.0,161.5,158000.0,159.0,161.5,159.0,161.5,158,25223000.0,0.0,0.0,0.0,0.0,999.0
8083,2026-08-03,161.5,162.0,158.5,160.0,101000.0,161.5,162.0,158.5,160.0,101,16154000.0,0.0,0.0,0.0,0.0,999.0
8083,2026-08-04,160.5,161.5,159.0,159.5,95000.0,160.5,161.5,159.0,159.5,95,15161000.0,0.0,0.0,0.0,0.0,999.0
8083,2026-08-05,160.5,160.5,157.5,158.5,126000.0,160.5,160.5,157.5,158.5,126,19968500.0,0.0,0.0,0.0,0.0,999.0
8083,2026-08-06,158.5,159.0,157.0,158.5,49000.0,158.5,159.0,157.0,158.5,49,7735500.0,0.0,0.0,0.0,0.0,999.0
8083,2026-08-07,159.0,160.0,157.5,158.5,41000.0,159.0,160.0,157.5,158.5,41,6494500.0,0.0,0.0,0.0,0.0,999.0
8083,2026-08-10,159.5,159.5,157.5,159.5,160000.0,159.5,159.5,157.5,159.5,160,25365000.0,0.0,0.0,0.0,0.0,999.0
8083,2026-08-11,159.5,160.5,159.0,159.5,60000.0,159.5,160.5,159.0,159.5,60,9576000.0,0.0,0.0,0.0,0.0,999.0
8083,2026-08-12,160.0,160.0,158.5,159.0,68000.0,160.0,160.0,158.5,159.0,68,10814000.0,0.0,0.0,0.0,0.0,999.0
8083,2026-08-13,160.0,160.0,159.0,160.0,57000.0,160.0,160.0,159.0,160.0,57,9077500.0,0.0,0.0,0.0,0.0,999.0
8083,2026-08-14,160.0,160.0,158.5,159.0,47000.0,160.0,160.0,158.5,159.0,47,7469500.0,0.0,0.0,0.0,0.0,999.0
8083,2026-08-17,159.5,161.0,158.5,160.0,219000.0,159.5,161.0,158.5,160.0,219,34984000.0,0.0,0.0,0.0,0.0,999.0
8083,2026-08-18,160.0,160.5,158.0,158.5,67000.0,160.0,160.5,158.0,158.5,67,10649500.0,0.0,0.0,0.0,0.0,999.0
8083,2026-08-19,159.0,159.0,157.5,158.5,119000.0,159.0,159.0,157.5,158.5,119,18824500.0,0.0,0.0,0.0,0.0,999.0
8121,2026-05-25,40.3,43.5,37.6,43.5,7425000.0,40.3,43.5,37.6,43.5,7425,307562750.0,0.0,0.0,0.0,0.0,999.0
8121,2026-05-26,43.5,43.5,39.2,41.5,5331000.0,43.5,43.5,39.2,41.5,5331,218544650.0,0.0,0.0,0.0,0.0,999.0
8121,2026-05-27,40.8,43.2,40.2,41.0,2741000.0,40.8,43.2,40.2,41.0,2741,112937300.0,0.0,0.0,0.0,0.0,999.0
8121,2026-05-28,41.2,42.3,39.7,40.0,2706000.0,41.2,42.3,39.7,40.0,2706,110430150.0,0.0,0.0,0.0,0.0,999.0
8121,2026-05-29,41.0,41.6,40.0,40.45,1555000.0,41.0,41.6,40.0,40.45,1555,63073500.0,0.0,0.0,0.0,0.0,999.0
8121,2026-06-01,40.45,40.55,39.4,39.6,1709000.0,40.45,40.55,39.4,39.6,1709,68135050.0,0.0,0.0,0.0,0.0,999.0
8121,2026-06-02,40.2,40.2,37.5,38.75,2051000.0,40.2,40.2,37.5,38.75,2051,78478850.0,0.0,0.0,0.0,0.0,999.0
8121,2026-06-03,38.9,40.3,38.55,39.0,1463000.0,38.9,40.3,38.55,39.0,1463,57607200.0,0.0,0.0,0.0,0.0,999.0
8121,2026-06-04,39.0,40.8,38.75,40.5,1475000.0,39.0,40.8,38.75,40.5,1475,58672800.0,0.0,0.0,0.0,0.0,999.0
8121,2026-06-05,40.7,41.8,38.4,40.75,1990000.0,40.7,41.8,38.4,40.75,1990,80599150.0,0.0,0.0,0.0,0.0,999.0
8121,2026-06-08,36.7,38.0,36.7,38.0,1980000.0,36.7,38.0,36.7,38.0,1980,73045450.0,0.0,0.0,0.0,0.0,999.0
8121,2026-06-09,38.0,41.8,37.15,41.8,3586000.0,38.0,41.8,37.15,41.8,3586,146568300.0,0.0,0.0,0.0,0.0,999.0
8121,2026-06-10,43.9,45.95,42.8,44.5,9095000.0,43.9,45.95,42.8,44.5,9095,410835250.0,0.0,0.0,0.0,0.0,999.0
8121,2026-06-11,45.1,45.2,40.6,43.5,4939000.0,45.1,45.2,40.6,43.5,4939,211338800.0,0.0,0.0,0.0,0.0,999.0
8121,2026-06-12,44.15,46.2,43.05,44.4,2895000.0,44.15,46.2,43.05,44.4,2895,128697850.0,0.0,0.0,0.0,0.0,999.0
8121,2026-06-15,45.85,48.8,45.5,48.8,6864000.0,45.85,48.8,45.5,48.8,6864,331863100.0,0.0,0.0,0.0,0.0,999.0
8121,2026-06-16,48.8,52.0,47.15,50.3,5939000.0,48.8,52.0,47.15,50.3,5939,294826400.0,0.0,0.0,0.0,0.0,999.0
8121,2026-06-17,48.5,51.0,48.3,49.65,2539000.0,48.5,51.0,48.3,49.65,2539,126066500.0,0.0,0.0,0.0,0.0,999.0
8121,2026-06-18,51.9,54.6,48.7,53.4,5924000.0,51.9,54.6,48.7,53.4,5924,310163300.0,0.0,0.0,0.0,0.0,999.0
8121,2026-06-22,54.2,57.2,52.7,54.4,6141000.0,54.2,57.2,52.7,54.4,6141,333723100.0,0.0,0.0,0.0,0.0,999.0
8121,2026-06-23,54.0,54.0,49.0,49.0,5648000.0,54.0,54.0,49.0,49.0,5648,284079750.0,0.0,0.0,0.0,0.0,999.0
8121,2026-06-24,46.5,49.5,44.9,49.0,3264000.0,46.5,49.5,44.9,49.0,3264,154894800.0,0.0,0.0,0.0,0.0,999.0
8121,2026-06-25,50.0,50.0,48.1,49.25,1551000.0,50.0,50.0,48.1,49.25,1551,76013950.0,0.0,0.0,0.0,0.0,999.0
8121,2026-06-26,49.0,49.85,47.2,47.25,2372000.0,49.0,49.85,47.2,47.25,2372,114507850.0,0.0,0.0,0.0,0.0,999.0
8121,2026-06-29,47.8,48.05,44.7,45.5,2052000.0,47.8,48.05,44.7,45.5,2052,95000950.0,0.0,0.0,0.0,0.0,999.0
8121,2026-06-30,49.0,50.0,47.25,50.0,2638000.0,49.0,50.0,47.25,50.0,2638,130702000.0,0.0,0.0,0.0,0.0,999.0
8121,2026-07-01,53.5,55.0,50.6,50.8,8200000.0,53.5,55.0,50.6,50.8,8200,440088400.0,0.0,0.0,0.0,0.0,999.0
8121,2026-07-02,48.5,49.65,46.3,48.0,6716000.0,48.5,49.65,46.3,48.0,6716,319578100.0,0.0,0.0,0.0,0.0,999.0
8121,2026-07-03,47.3,49.55,46.6,48.3,3214000.0,47.3,49.55,46.6,48.3,3214,154629700.0,0.0,0.0,0.0,0.0,999.0
8121,2026-07-06,48.4,49.4,47.0,47.05,2901000.0,48.4,49.4,47.0,47.05,2901,139229550.0,0.0,0.0,0.0,0.0,999.0
8121,2026-07-07,47.05,47.8,42.55,43.25,3514000.0,47.05,47.8,42.55,43.25,3514,156556300.0,0.0,0.0,0.0,0.0,999.0
8121,2026-07-08,43.25,45.95,42.6,44.95,2423000.0,43.25,45.95,42.6,44.95,2423,107684800.0,0.0,0.0,0.0,0.0,999.0
8121,2026-07-09,44.2,45.7,42.8,43.2,1885000.0,44.2,45.7,42.8,43.2,1885,82801150.0,0.0,0.0,0.0,0.0,999.0
8121,2026-07-13,43.2,44.4,41.2,41.8,2027000.0,43.2,44.4,41.2,41.8,2027,86191450.0,0.0,0.0,0.0,0.0,999.0
8121,2026-07-14,41.1,42.05,39.1,40.8,2403000.0,41.1,42.05,39.1,40.8,2403,97459950.0,0.0,0.0,0.0,0.0,999.0
8121,2026-07-15,40.9,41.6,39.4,40.1,2716000.0,40.9,41.6,39.4,40.1,2716,109073600.0,0.0,0.0,0.0,0.0,999.0
8121,2026-07-16,40.1,40.45,39.2,39.45,1115000.0,40.1,40.45,39.2,39.45,1115,44336850.0,0.0,0.0,0.0,0.0,999.0
8121,2026-07-17,38.1,38.15,35.55,35.55,2222000.0,38.1,38.15,35.55,35.55,2222,80437750.0,0.0,0.0,0.0,0.0,999.0
8121,2026-07-20,35.55,35.6,32.25,33.8,1984000.0,35.55,35.6,32.25,33.8,1984,66845550.0,0.0,0.0,0.0,0.0,999.0
8121,2026-07-21,37.0,37.0,33.4,34.3,1601000.0,37.0,37.0,33.4,34.3,1601,54882850.0,0.0,0.0,0.0,0.0,999.0
8121,2026-07-22,35.25,36.05,34.25,34.5,1338000.0,35.25,36.05,34.25,34.5,1338,46588200.0,0.0,0.0,0.0,0.0,999.0
8121,2026-07-23,35.05,35.3,33.4,33.7,912000.0,35.05,35.3,33.4,33.7,912,31038550.0,0.0,0.0,0.0,0.0,999.0
8121,2026-07-24,33.0,33.05,31.0,31.25,958000.0,33.0,33.05,31.0,31.25,958,30665650.0,0.0,0.0,0.0,0.0,999.0
8121,2026-07-27,31.5,31.95,30.55,31.7,1130000.0,31.5,31.95,30.55,31.7,1130,35472500.0,0.0,0.0,0.0,0.0,999.0
8121,2026-07-28,31.1,31.15,29.2,29.2,1167000.0,31.1,31.15,29.2,29.2,1167,35088150.0,0.0,0.0,0.0,0.0,999.0
8121,2026-07-29,29.0,29.55,26.5,27.7,1600000.0,29.0,29.55,26.5,27.7,1600,44076600.0,0.0,0.0,0.0,0.0,999.0
8121,2026-07-30,27.2,28.25,26.3,26.55,1094000.0,27.2,28.25,26.3,26.55,1094,29852950.0,0.0,0.0,0.0,0.0,999.0
8121,2026-07-31,28.0,28.35,27.5,28.05,961000.0,28.0,28.35,27.5,28.05,961,26842600.0,0.0,0.0,0.0,0.0,999.0
8121,2026-08-03,27.5,29.55,27.3,28.6,637000.0,27.5,29.55,27.3,28.6,637,18272850.0,0.0,0.0,0.0,0.0,999.0
8121,2026-08-04,28.8,29.9,28.15,29.9,721000.0,28.8,29.9,28.15,29.9,721,21000750.0,0.0,0.0,0.0,0.0,999.0
8121,2026-08-05,30.1,30.8,29.35,29.5,1185000.0,30.1,30.8,29.35,29.5,1185,35398350.0,0.0,0.0,0.0,0.0,999.0
8121,2026-08-06,29.65,29.65,28.2,29.3,569000.0,29.65,29.65,28.2,29.3,569,16478100.0,0.0,0.0,0.0,0.0,999.0
8121,2026-08-07,29.35,29.4,28.2,28.35,815000.0,29.35,29.4,28.2,28.35,815,23328450.0,0.0,0.0,0.0,0.0,999.0
8121,2026-08-10,29.0,29.75,29.0,29.45,694000.0,29.0,29.75,29.0,29.45,694,20429650.0,0.0,0.0,0.0,0.0,999.0
8121,2026-08-11,29.9,30.8,29.2,30.3,1017000.0,29.9,30.8,29.2,30.3,1017,30678450.0,0.0,0.0,0.0,0.0,999.0
8121,2026-08-12,30.0,30.85,30.0,30.3,738000.0,30.0,30.85,30.0,30.3,738,22411150.0,0.0,0.0,0.0,0.0,999.0
8121,2026-08-13,30.35,32.6,30.35,30.5,1522000.0,30.35,32.6,30.35,30.5,1522,47629250.0,0.0,0.0,0.0,0.0,999.0
8121,2026-08-14,30.6,30.6,29.3,29.6,1016000.0,30.6,30.6,29.3,29.6,1016,30111250.0,0.0,0.0,0.0,0.0,999.0
8121,2026-08-17,29.6,29.6,28.7,28.75,626000.0,29.6,29.6,28.7,28.75,626,18139450.0,0.0,0.0,0.0,0.0,999.0
8121,2026-08-18,28.8,29.05,27.85,27.85,563000.0,28.8,29.05,27.85,27.85,563,15955350.0,0.0,0.0,0.0,0.0,999.0
8121,2026-08-19,27.65,28.55,27.05,27.7,617000.0,27.65,28.55,27.05,27.7,617,17260200.0,0.0,0.0,0.0,0.0,999.0
8299,2026-05-25,2450.0,2540.0,2320.0,2480.0,7392000.0,2450.0,2540.0,2320.0,2480.0,7392,18098280000.0,0.0,0.0,0.0,0.0,999.0
8299,2026-05-26,2510.0,2590.0,2440.0,2505.0,6754000.0,2510.0,2590.0,2440.0,2505.0,6754,16984475000.0,0.0,0.0,0.0,0.0,999.0
8299,2026-05-27,2700.0,2730.0,2455.0,2480.0,9689000.0,2700.0,2730.0,2455.0,2480.0,9689,24942225000.0,0.0,0.0,0.0,0.0,999.0
8299,2026-05-28,2475.0,2535.0,2410.0,2450.0,6306000.0,2475.0,2535.0,2410.0,2450.0,6306,15685435000.0,0.0,0.0,0.0,0.0,999.0
8299,2026-05-29,2530.0,2620.0,2525.0,2575.0,6008000.0,2530.0,2620.0,2525.0,2575.0,6008,15436270000.0,0.0,0.0,0.0,0.0,999.0
8299,2026-06-01,2655.0,2825.0,2625.0,2770.0,8094000.0,2655.0,2825.0,2625.0,2770.0,8094,22201415000.0,0.0,0.0,0.0,0.0,999.0
8299,2026-06-02,2810.0,2835.0,2690.0,2820.0,9256000.0,2810.0,2835.0,2690.0,2820.0,9256,25750885000.0,0.0,0.0,0.0,0.0,999.0
8299,2026-06-03,2835.0,2835.0,2685.0,2685.0,10238000.0,2835.0,2835.0,2685.0,2685.0,10238,28085040000.0,0.0,0.0,0.0,0.0,999.0
8299,2026-06-04,2635.0,2715.0,2580.0,2580.0,6962000.0,2635.0,2715.0,2580.0,2580.0,6962,18264875000.0,0.0,0.0,0.0,0.0,999.0
8299,2026-06-05,2550.0,2630.0,2385.0,2450.0,10482000.0,2550.0,2630.0,2385.0,2450.0,10482,26043735000.0,0.0,0.0,0.0,0.0,999.0
8299,2026-06-08,2205.0,2270.0,2205.0,2250.0,7649000.0,2205.0,2270.0,2205.0,2250.0,7649,17049535000.0,0.0,0.0,0.0,0.0,999.0
8299,2026-06-09,2320.0,2370.0,2260.0,2360.0,4784000.0,2320.0,2370.0,2260.0,2360.0,4784,11128070000.0,0.0,0.0,0.0,0.0,999.0
8299,2026-06-10,2305.0,2375.0,2135.0,2155.0,6248000.0,2305.0,2375.0,2135.0,2155.0,6248,14092485000.0,0.0,0.0,0.0,0.0,999.0
8299,2026-06-11,2150.0,2250.0,2060.0,2200.0,6275000.0,2150.0,2250.0,2060.0,2200.0,6275,13610535000.0,0.0,0.0,0.0,0.0,999.0
8299,2026-06-12,2345.0,2395.0,2305.0,2310.0,4630000.0,2345.0,2395.0,2305.0,2310.0,4630,10831395000.0,0.0,0.0,0.0,0.0,999.0
8299,2026-06-15,2395.0,2400.0,2285.0,2320.0,5414000.0,2395.0,2400.0,2285.0,2320.0,5414,12611390000.0,0.0,0.0,0.0,0.0,999.0
8299,2026-06-16,2350.0,2400.0,2320.0,2375.0,5243000.0,2350.0,2400.0,2320.0,2375.0,5243,12382985000.0,0.0,0.0,0.0,0.0,999.0
8299,2026-06-17,2340.0,2355.0,2285.0,2330.0,3957000.0,2340.0,2355.0,2285.0,2330.0,3957,9163915000.0,0.0,0.0,0.0,0.0,999.0
8299,2026-06-18,2350.0,2535.0,2335.0,2530.0,7486000.0,2350.0,2535.0,2335.0,2530.0,7486,18339470000.0,0.0,0.0,0.0,0.0,999.0
8299,2026-06-22,2600.0,2670.0,2570.0,2580.0,6874000.0,2600.0,2670.0,2570.0,2580.0,6874,17961645000.0,0.0,0.0,0.0,0.0,999.0
8299,2026-06-23,2565.0,2590.0,2430.0,2430.0,6341000.0,2565.0,2590.0,2430.0,2430.0,6341,15800940000.0,0.0,0.0,0.0,0.0,999.0
8299,2026-06-24,2385.0,2500.0,2325.0,2500.0,6717000.0,2385.0,2500.0,2325.0,2500.0,6717,16212290000.0,0.0,0.0,0.0,0.0,999.0
8299,2026-06-25,2605.0,2640.0,2475.0,2475.0,5963000.0,2605.0,2640.0,2475.0,2475.0,5963,15177295000.0,0.0,0.0,0.0,0.0,999.0
8299,2026-06-26,2495.0,2540.0,2305.0,2310.0,5308000.0,2495.0,2540.0,2305.0,2310.0,5308,12806940000.0,0.0,0.0,0.0,0.0,999.0
8299,2026-06-29,2320.0,2400.0,2300.0,2340.0,2550000.0,2320.0,2400.0,2300.0,2340.0,2550,5988125000.0,0.0,0.0,0.0,0.0,999.0
8299,2026-06-30,2390.0,2405.0,2320.0,2385.0,2804000.0,2390.0,2405.0,2320.0,2385.0,2804,6637620000.0,0.0,0.0,0.0,0.0,999.0
8299,2026-07-01,2420.0,2420.0,2255.0,2270.0,4511000.0,2420.0,2420.0,2255.0,2270.0,4511,10425050000.0,0.0,0.0,0.0,0.0,999.0
8299,2026-07-02,2160.0,2240.0,2135.0,2240.0,3611000.0,2160.0,2240.0,2135.0,2240.0,3611,7931245000.0,0.0,0.0,0.0,0.0,999.0
8299,2026-07-03,2200.0,2310.0,2180.0,2295.0,3387000.0,2200.0,2310.0,2180.0,2295.0,3387,7679305000.0,0.0,0.0,0.0,0.0,999.0
8299,2026-07-06,2345.0,2420.0,2265.0,2290.0,4399000.0,2345.0,2420.0,2265.0,2290.0,4399,10294830000.0,0.0,0.0,0.0,0.0,999.0
8299,2026-07-07,2295.0,2295.0,2135.0,2145.0,5620000.0,2295.0,2295.0,2135.0,2145.0,5620,12395030000.0,0.0,0.0,0.0,0.0,999.0
8299,2026-07-08,2175.0,2210.0,2080.0,2140.0,3212000.0,2175.0,2210.0,2080.0,2140.0,3212,6851000000.0,0.0,0.0,0.0,0.0,999.0
8299,2026-07-09,2190.0,2280.0,2165.0,2220.0,3699000.0,2190.0,2280.0,2165.0,2220.0,3699,8258120000.0,0.0,0.0,0.0,0.0,999.0
8299,2026-07-13,2275.0,2275.0,2155.0,2170.0,2694000.0,2275.0,2275.0,2155.0,2170.0,2694,5944560000.0,0.0,0.0,0.0,0.0,999.0
8299,2026-07-14,2175.0,2200.0,1955.0,2050.0,6100000.0,2175.0,2200.0,1955.0,2050.0,6100,12438885000.0,0.0,0.0,0.0,0.0,999.0
8299,2026-07-15,2110.0,2190.0,2070.0,2105.0,4551000.0,2110.0,2190.0,2070.0,2105.0,4551,9634925000.0,0.0,0.0,0.0,0.0,999.0
8299,2026-07-16,2035.0,2040.0,1960.0,1980.0,5060000.0,2035.0,2040.0,1960.0,1980.0,5060,10041335000.0,0.0,0.0,0.0,0.0,999.0
8299,2026-07-17,1860.0,1870.0,1785.0,1785.0,6213000.0,1860.0,1870.0,1785.0,1785.0,6213,11290170000.0,0.0,0.0,0.0,0.0,999.0
8299,2026-07-20,1800.0,1820.0,1685.0,1735.0,4456000.0,1800.0,1820.0,1685.0,1735.0,4456,7815675000.0,0.0,0.0,0.0,0.0,999.0
8299,2026-07-21,1800.0,1855.0,1775.0,1855.0,2774000.0,1800.0,1855.0,1775.0,1855.0,2774,5059645000.0,0.0,0.0,0.0,0.0,999.0
8299,2026-07-22,1940.0,1995.0,1915.0,1915.0,4045000.0,1940.0,1995.0,1915.0,1915.0,4045,7902685000.0,0.0,0.0,0.0,0.0,999.0
8299,2026-07-23,1940.0,1960.0,1895.0,1920.0,2940000.0,1940.0,1960.0,1895.0,1920.0,2940,5649320000.0,0.0,0.0,0.0,0.0,999.0
8299,2026-07-24,1900.0,1970.0,1820.0,1825.0,4739000.0,1900.0,1970.0,1820.0,1825.0,4739,8938965000.0,0.0,0.0,0.0,0.0,999.0
8299,2026-07-27,1805.0,1820.0,1730.0,1820.0,4004000.0,1805.0,1820.0,1730.0,1820.0,4004,7114415000.0,0.0,0.0,0.0,0.0,999.0
8299,2026-07-28,1680.0,1685.0,1640.0,1650.0,4246000.0,1680.0,1685.0,1640.0,1650.0,4246,7007590000.0,0.0,0.0,0.0,0.0,999.0
8299,2026-07-29,1620.0,1620.0,1485.0,1515.0,8133000.0,1620.0,1620.0,1485.0,1515.0,8133,12348880000.0,0.0,0.0,0.0,0.0,999.0
8299,2026-07-30,1485.0,1640.0,1445.0,1495.0,6936000.0,1485.0,1640.0,1445.0,1495.0,6936,10663085000.0,0.0,0.0,0.0,0.0,999.0
8299,2026-07-31,1640.0,1640.0,1640.0,1640.0,1236000.0,1640.0,1640.0,1640.0,1640.0,1236,2027040000.0,0.0,0.0,0.0,0.0,999.0
8299,2026-08-03,1675.0,1800.0,1670.0,1760.0,5723000.0,1675.0,1800.0,1670.0,1760.0,5723,10039550000.0,0.0,0.0,0.0,0.0,999.0
8299,2026-08-04,1750.0,1850.0,1725.0,1820.0,4344000.0,1750.0,1850.0,1725.0,1820.0,4344,7797905000.0,0.0,0.0,0.0,0.0,999.0
8299,2026-08-05,1900.0,1910.0,1845.0,1845.0,3551000.0,1900.0,1910.0,1845.0,1845.0,3551,6664060000.0,0.0,0.0,0.0,0.0,999.0
8299,2026-08-06,1815.0,2025.0,1815.0,2025.0,5289000.0,1815.0,2025.0,1815.0,2025.0,5289,10274840000.0,0.0,0.0,0.0,0.0,999.0
8299,2026-08-07,2060.0,2075.0,1970.0,2020.0,6639000.0,2060.0,2075.0,1970.0,2020.0,6639,13428430000.0,0.0,0.0,0.0,0.0,999.0
8299,2026-08-10,2060.0,2080.0,2030.0,2040.0,4195000.0,2060.0,2080.0,2030.0,2040.0,4195,8622260000.0,0.0,0.0,0.0,0.0,999.0
8299,2026-08-11,2035.0,2100.0,2015.0,2090.0,2872000.0,2035.0,2100.0,2015.0,2090.0,2872,5914695000.0,0.0,0.0,0.0,0.0,999.0
8299,2026-08-12,2110.0,2245.0,2110.0,2210.0,5656000.0,2110.0,2245.0,2110.0,2210.0,5656,12347825000.0,0.0,0.0,0.0,0.0,999.0
8299,2026-08-13,2260.0,2280.0,2175.0,2280.0,6892000.0,2260.0,2280.0,2175.0,2280.0,6892,15394435000.0,0.0,0.0,0.0,0.0,999.0
8299,2026-08-14,2325.0,2325.0,2065.0,2080.0,14997000.0,2325.0,2325.0,2065.0,2080.0,14997,32746780000.0,0.0,0.0,0.0,0.0,999.0
8299,2026-08-17,2110.0,2125.0,2085.0,2085.0,4262000.0,2110.0,2125.0,2085.0,2085.0,4262,8958315000.0,0.0,0.0,0.0,0.0,999.0
8299,2026-08-18,2105.0,2120.0,2000.0,2000.0,4517000.0,2105.0,2120.0,2000.0,2000.0,4517,9224410000.0,0.0,0.0,0.0,0.0,999.0
8299,2026-08-19,1920.0,1970.0,1905.0,1965.0,4356000.0,1920.0,1970.0,1905.0,1965.0,4356,8472770000.0,0.0,0.0,0.0,0.0,999.0
8431,2026-05-25,61.2,61.9,59.1,59.8,856000.0,61.2,61.9,59.1,59.8,856,51336300.0,0.0,0.0,0.0,0.0,999.0
8431,2026-05-26,60.0,60.5,58.5,59.2,644000.0,60.0,60.5,58.5,59.2,644,38045700.0,0.0,0.0,0.0,0.0,999.0
8431,2026-05-27,59.6,59.8,57.1,57.3,790000.0,59.6,59.8,57.1,57.3,790,45860900.0,0.0,0.0,0.0,0.0,999.0
8431,2026-05-28,57.3,58.1,55.6,55.9,797000.0,57.3,58.1,55.6,55.9,797,45069700.0,0.0,0.0,0.0,0.0,999.0
8431,2026-05-29,56.2,56.8,55.5,55.9,480000.0,56.2,56.8,55.5,55.9,480,26882900.0,0.0,0.0,0.0,0.0,999.0
8431,2026-06-01,56.1,56.6,55.3,55.8,499000.0,56.1,56.6,55.3,55.8,499,27908800.0,0.0,0.0,0.0,0.0,999.0
8431,2026-06-02,56.0,56.0,53.6,53.9,730000.0,56.0,56.0,53.6,53.9,730,39727900.0,0.0,0.0,0.0,0.0,999.0
8431,2026-06-03,54.6,57.8,53.6,57.2,1068000.0,54.6,57.8,53.6,57.2,1068,59279600.0,0.0,0.0,0.0,0.0,999.0
8431,2026-06-04,57.2,57.2,55.8,55.8,524000.0,57.2,57.2,55.8,55.8,524,29491300.0,0.0,0.0,0.0,0.0,999.0
8431,2026-06-05,56.0,56.0,54.0,54.3,362000.0,56.0,56.0,54.0,54.3,362,19765200.0,0.0,0.0,0.0,0.0,999.0
8431,2026-06-08,48.95,51.5,48.9,51.3,689000.0,48.95,51.5,48.9,51.3,689,34461100.0,0.0,0.0,0.0,0.0,999.0
8431,2026-06-09,51.8,52.8,50.8,50.8,547000.0,51.8,52.8,50.8,50.8,547,28059900.0,0.0,0.0,0.0,0.0,999.0
8431,2026-06-10,49.95,51.0,48.05,48.05,731000.0,49.95,51.0,48.05,48.05,731,36118600.0,0.0,0.0,0.0,0.0,999.0
8431,2026-06-11,48.05,48.4,46.25,47.6,673000.0,48.05,48.4,46.25,47.6,673,31794850.0,0.0,0.0,0.0,0.0,999.0
8431,2026-06-12,48.25,49.5,48.1,48.8,377000.0,48.25,49.5,48.1,48.8,377,18419600.0,0.0,0.0,0.0,0.0,999.0
8431,2026-06-15,49.55,49.65,48.85,49.0,364000.0,49.55,49.65,48.85,49.0,364,17922850.0,0.0,0.0,0.0,0.0,999.0
8431,2026-06-16,52.8,53.9,52.5,53.9,412000.0,52.8,53.9,52.5,53.9,412,22065900.0,0.0,0.0,0.0,0.0,999.0
8431,2026-06-17,59.2,59.2,55.3,58.8,4123000.0,59.2,59.2,55.3,58.8,4123,240082000.0,0.0,0.0,0.0,0.0,999.0
8431,2026-06-18,57.7,58.2,56.1,57.6,1024000.0,57.7,58.2,56.1,57.6,1024,58640000.0,0.0,0.0,0.0,0.0,999.0
8431,2026-06-22,58.0,59.8,57.2,57.4,634000.0,58.0,59.8,57.2,57.4,634,36708400.0,0.0,0.0,0.0,0.0,999.0
8431,2026-06-23,57.4,57.4,55.0,55.0,413000.0,57.4,57.4,55.0,55.0,413,22985400.0,0.0,0.0,0.0,0.0,999.0
8431,2026-06-24,54.1,55.6,54.1,55.1,147000.0,54.1,55.6,54.1,55.1,147,8065700.0,0.0,0.0,0.0,0.0,999.0
8431,2026-06-25,55.9,55.9,53.8,53.9,223000.0,55.9,55.9,53.8,53.9,223,12081400.0,0.0,0.0,0.0,0.0,999.0
8431,2026-06-26,53.9,54.6,51.1,51.2,301000.0,53.9,54.6,51.1,51.2,301,15786000.0,0.0,0.0,0.0,0.0,999.0
8431,2026-06-29,51.1,54.2,51.1,52.0,276000.0,51.1,54.2,51.1,52.0,276,14586600.0,0.0,0.0,0.0,0.0,999.0
8431,2026-06-30,52.6,55.6,52.6,53.3,404000.0,52.6,55.6,52.6,53.3,404,21847700.0,0.0,0.0,0.0,0.0,999.0
8431,2026-07-01,54.6,54.6,52.7,52.7,233000.0,54.6,54.6,52.7,52.7,233,12398100.0,0.0,0.0,0.0,0.0,999.0
8431,2026-07-02,52.0,53.6,52.0,52.3,136000.0,52.0,53.6,52.0,52.3,136,7158600.0,0.0,0.0,0.0,0.0,999.0
8431,2026-07-03,52.6,53.1,51.8,52.3,191000.0,52.6,53.1,51.8,52.3,191,9997500.0,0.0,0.0,0.0,0.0,999.0
8431,2026-07-06,52.4,54.6,52.2,53.3,291000.0,52.4,54.6,52.2,53.3,291,15552200.0,0.0,0.0,0.0,0.0,999.0
8431,2026-07-07,53.3,53.7,50.6,50.8,358000.0,53.3,53.7,50.6,50.8,358,18513800.0,0.0,0.0,0.0,0.0,999.0
8431,2026-07-08,51.1,51.4,49.7,50.7,232000.0,51.1,51.4,49.7,50.7,232,11675900.0,0.0,0.0,0.0,0.0,999.0
8431,2026-07-09,50.6,50.7,49.2,49.35,356000.0,50.6,50.7,49.2,49.35,356,17812800.0,0.0,0.0,0.0,0.0,999.0
8431,2026-07-13,49.95,50.4,47.3,48.85,568000.0,49.95,50.4,47.3,48.85,568,27606150.0,0.0,0.0,0.0,0.0,999.0
8431,2026-07-14,48.5,48.5,45.0,47.05,495000.0,48.5,48.5,45.0,47.05,495,22905050.0,0.0,0.0,0.0,0.0,999.0
8431,2026-07-15,46.55,49.3,46.5,48.1,230000.0,46.55,49.3,46.5,48.1,230,10986900.0,0.0,0.0,0.0,0.0,999.0
8431,2026-07-16,47.5,48.35,46.85,48.05,186000.0,47.5,48.35,46.85,48.05,186,8865250.0,0.0,0.0,0.0,0.0,999.0
8431,2026-07-17,47.0,47.0,44.7,44.8,500000.0,47.0,47.0,44.7,44.8,500,22836400.0,0.0,0.0,0.0,0.0,999.0
8431,2026-07-20,45.55,47.5,44.0,46.3,444000.0,45.55,47.5,44.0,46.3,444,20317150.0,0.0,0.0,0.0,0.0,999.0
8431,2026-07-21,46.65,49.2,46.25,48.8,418000.0,46.65,49.2,46.25,48.8,418,20024250.0,0.0,0.0,0.0,0.0,999.0
8431,2026-07-22,48.8,50.0,48.7,49.15,338000.0,48.8,50.0,48.7,49.15,338,16631300.0,0.0,0.0,0.0,0.0,999.0
8431,2026-07-23,49.45,51.0,49.1,49.75,360000.0,49.45,51.0,49.1,49.75,360,17966300.0,0.0,0.0,0.0,0.0,999.0
8431,2026-07-24,49.9,50.7,47.65,49.0,410000.0,49.9,50.7,47.65,49.0,410,20141100.0,0.0,0.0,0.0,0.0,999.0
8431,2026-07-27,48.75,51.0,48.0,49.4,511000.0,48.75,51.0,48.0,49.4,511,25455600.0,0.0,0.0,0.0,0.0,999.0
8431,2026-07-28,49.35,49.35,46.1,46.1,392000.0,49.35,49.35,46.1,46.1,392,18502650.0,0.0,0.0,0.0,0.0,999.0
8431,2026-07-29,46.8,46.8,43.5,44.5,463000.0,46.8,46.8,43.5,44.5,463,20597950.0,0.0,0.0,0.0,0.0,999.0
8431,2026-07-30,43.6,45.5,43.5,44.15,377000.0,43.6,45.5,43.5,44.15,377,16697000.0,0.0,0.0,0.0,0.0,999.0
8431,2026-07-31,45.75,46.75,44.25,45.9,349000.0,45.75,46.75,44.25,45.9,349,15900750.0,0.0,0.0,0.0,0.0,999.0
8431,2026-08-03,45.55,47.65,45.55,46.85,261000.0,45.55,47.65,45.55,46.85,261,12198550.0,0.0,0.0,0.0,0.0,999.0
8431,2026-08-04,46.55,51.5,46.55,51.5,535000.0,46.55,51.5,46.55,51.5,535,26680600.0,0.0,0.0,0.0,0.0,999.0
8431,2026-08-05,51.1,52.2,50.7,50.9,621000.0,51.1,52.2,50.7,50.9,621,31912200.0,0.0,0.0,0.0,0.0,999.0
8431,2026-08-06,50.9,50.9,49.85,50.0,152000.0,50.9,50.9,49.85,50.0,152,7623200.0,0.0,0.0,0.0,0.0,999.0
8431,2026-08-07,49.9,50.5,48.0,48.05,272000.0,49.9,50.5,48.0,48.05,272,13304900.0,0.0,0.0,0.0,0.0,999.0
8431,2026-08-10,49.0,51.7,48.85,49.8,270000.0,49.0,51.7,48.85,49.8,270,13514000.0,0.0,0.0,0.0,0.0,999.0
8431,2026-08-11,50.1,50.1,48.5,48.75,164000.0,50.1,50.1,48.5,48.75,164,8032050.0,0.0,0.0,0.0,0.0,999.0
8431,2026-08-12,48.75,49.0,47.9,48.8,117000.0,48.75,49.0,47.9,48.8,117,5688850.0,0.0,0.0,0.0,0.0,999.0
8431,2026-08-13,49.1,49.5,48.1,48.1,139000.0,49.1,49.5,48.1,48.1,139,6743050.0,0.0,0.0,0.0,0.0,999.0
8431,2026-08-14,48.0,48.1,47.3,47.8,175000.0,48.0,48.1,47.3,47.8,175,8350550.0,0.0,0.0,0.0,0.0,999.0
8431,2026-08-17,47.5,48.8,47.5,48.25,119000.0,47.5,48.8,47.5,48.25,119,5710200.0,0.0,0.0,0.0,0.0,999.0
8431,2026-08-18,48.2,48.2,46.55,46.55,132000.0,48.2,48.2,46.55,46.55,132,6230600.0,0.0,0.0,0.0,0.0,999.0
8431,2026-08-19,45.25,46.35,44.5,44.5,346000.0,45.25,46.35,44.5,44.5,346,15629600.0,0.0,0.0,0.0,0.0,999.0
8916,2026-05-25,46.85,46.85,45.5,45.5,238000.0,46.85,46.85,45.5,45.5,238,10919500.0,0.0,0.0,0.0,0.0,999.0
8916,2026-05-26,45.5,45.75,45.25,45.5,126000.0,45.5,45.75,45.25,45.5,126,5723500.0,0.0,0.0,0.0,0.0,999.0
8916,2026-05-27,45.4,45.5,45.05,45.15,184000.0,45.4,45.5,45.05,45.15,184,8315950.0,0.0,0.0,0.0,0.0,999.0
8916,2026-05-28,45.3,45.55,44.8,45.15,137000.0,45.3,45.55,44.8,45.15,137,6164700.0,0.0,0.0,0.0,0.0,999.0
8916,2026-05-29,45.5,45.5,44.7,44.95,178000.0,45.5,45.5,44.7,44.95,178,7981100.0,0.0,0.0,0.0,0.0,999.0
8916,2026-06-01,44.95,44.95,44.3,44.95,365000.0,44.95,44.95,44.3,44.95,365,16288450.0,0.0,0.0,0.0,0.0,999.0
8916,2026-06-02,44.9,44.9,44.45,44.85,189000.0,44.9,44.9,44.45,44.85,189,8447750.0,0.0,0.0,0.0,0.0,999.0
8916,2026-06-03,44.85,44.85,44.2,44.85,252000.0,44.85,44.85,44.2,44.85,252,11248300.0,0.0,0.0,0.0,0.0,999.0
8916,2026-06-04,44.85,44.85,44.5,44.85,168000.0,44.85,44.85,44.5,44.85,168,7518300.0,0.0,0.0,0.0,0.0,999.0
8916,2026-06-05,44.85,45.25,44.65,45.15,150000.0,44.85,45.25,44.65,45.15,150,6755000.0,0.0,0.0,0.0,0.0,999.0
8916,2026-06-08,44.85,44.9,44.45,44.9,134000.0,44.85,44.9,44.45,44.9,134,5992800.0,0.0,0.0,0.0,0.0,999.0
8916,2026-06-09,45.05,45.15,44.9,45.1,126000.0,45.05,45.15,44.9,45.1,126,5677550.0,0.0,0.0,0.0,0.0,999.0
8916,2026-06-10,45.1,45.1,44.8,45.0,60000.0,45.1,45.1,44.8,45.0,60,2697150.0,0.0,0.0,0.0,0.0,999.0
8916,2026-06-11,44.95,45.0,44.55,44.9,122000.0,44.95,45.0,44.55,44.9,122,5461100.0,0.0,0.0,0.0,0.0,999.0
8916,2026-06-12,45.0,45.3,44.9,45.0,52000.0,45.0,45.3,44.9,45.0,52,2338200.0,0.0,0.0,0.0,0.0,999.0
8916,2026-06-15,45.0,45.05,44.75,44.95,94000.0,45.0,45.05,44.75,44.95,94,4220300.0,0.0,0.0,0.0,0.0,999.0
8916,2026-06-16,45.1,45.1,44.6,44.85,47000.0,45.1,45.1,44.6,44.85,47,2103800.0,0.0,0.0,0.0,0.0,999.0
8916,2026-06-17,44.65,44.7,44.55,44.55,61000.0,44.65,44.7,44.55,44.55,61,2721650.0,0.0,0.0,0.0,0.0,999.0
8916,2026-06-18,44.6,44.6,44.3,44.3,156000.0,44.6,44.6,44.3,44.3,156,6924000.0,0.0,0.0,0.0,0.0,999.0
8916,2026-06-22,44.3,44.35,44.0,44.0,305000.0,44.3,44.35,44.0,44.0,305,13468650.0,0.0,0.0,0.0,0.0,999.0
8916,2026-06-23,44.0,44.0,43.5,43.65,214000.0,44.0,44.0,43.5,43.65,214,9345400.0,0.0,0.0,0.0,0.0,999.0
8916,2026-06-24,43.5,43.5,43.0,43.1,208000.0,43.5,43.5,43.0,43.1,208,8981750.0,0.0,0.0,0.0,0.0,999.0
8916,2026-06-25,43.2,43.35,42.5,42.5,319000.0,43.2,43.35,42.5,42.5,319,13665950.0,0.0,0.0,0.0,0.0,999.0
8916,2026-06-26,42.75,43.0,42.5,42.8,219000.0,42.75,43.0,42.5,42.8,219,9345550.0,0.0,0.0,0.0,0.0,999.0
8916,2026-06-29,42.8,43.3,42.8,43.25,91000.0,42.8,43.3,42.8,43.25,91,3926250.0,0.0,0.0,0.0,0.0,999.0
8916,2026-06-30,43.4,43.85,43.25,43.65,199000.0,43.4,43.85,43.25,43.65,199,8677250.0,0.0,0.0,0.0,0.0,999.0
8916,2026-07-01,44.0,44.0,43.4,43.5,129000.0,44.0,44.0,43.4,43.5,129,5616950.0,0.0,0.0,0.0,0.0,999.0
8916,2026-07-02,43.4,43.6,43.35,43.4,50000.0,43.4,43.6,43.35,43.4,50,2171950.0,0.0,0.0,0.0,0.0,999.0
8916,2026-07-03,43.45,43.8,43.45,43.8,104000.0,43.45,43.8,43.45,43.8,104,4544400.0,0.0,0.0,0.0,0.0,999.0
8916,2026-07-06,43.9,44.5,43.9,44.0,135000.0,43.9,44.5,43.9,44.0,135,5957150.0,0.0,0.0,0.0,0.0,999.0
8916,2026-07-07,44.05,44.25,43.85,44.25,63000.0,44.05,44.25,43.85,44.25,63,2769700.0,0.0,0.0,0.0,0.0,999.0
8916,2026-07-08,44.25,44.25,43.9,43.9,47000.0,44.25,44.25,43.9,43.9,47,2065550.0,0.0,0.0,0.0,0.0,999.0
8916,2026-07-09,43.7,44.0,43.7,43.95,33000.0,43.7,44.0,43.7,43.95,33,1447300.0,0.0,0.0,0.0,0.0,999.0
8916,2026-07-13,43.95,43.95,43.05,43.1,115000.0,43.95,43.95,43.05,43.1,115,4993200.0,0.0,0.0,0.0,0.0,999.0
8916,2026-07-14,43.05,43.25,42.7,43.25,52000.0,43.05,43.25,42.7,43.25,52,2234150.0,0.0,0.0,0.0,0.0,999.0
8916,2026-07-15,42.95,43.0,42.75,42.8,121000.0,42.95,43.0,42.75,42.8,121,5185400.0,0.0,0.0,0.0,0.0,999.0
8916,2026-07-16,42.8,42.95,42.65,42.65,129000.0,42.8,42.95,42.65,42.65,129,5519700.0,0.0,0.0,0.0,0.0,999.0
8916,2026-07-17,42.65,43.25,42.4,42.85,95000.0,42.65,43.25,42.4,42.85,95,4067500.0,0.0,0.0,0.0,0.0,999.0
8916,2026-07-20,42.7,42.7,42.1,42.4,161000.0,42.7,42.7,42.1,42.4,161,6813800.0,0.0,0.0,0.0,0.0,999.0
8916,2026-07-21,42.45,42.45,42.0,42.0,316000.0,42.45,42.45,42.0,42.0,316,13298600.0,0.0,0.0,0.0,0.0,999.0
8916,2026-07-22,42.45,42.7,41.95,42.05,133000.0,42.45,42.7,41.95,42.05,133,5597800.0,0.0,0.0,0.0,0.0,999.0
8916,2026-07-23,41.3,42.25,41.2,41.75,186000.0,41.3,42.25,41.2,41.75,186,7758000.0,0.0,0.0,0.0,0.0,999.0
8916,2026-07-24,41.45,42.1,40.8,41.95,663000.0,41.45,42.1,40.8,41.95,663,27358800.0,0.0,0.0,0.0,0.0,999.0
8916,2026-07-27,42.6,42.7,41.95,42.3,91000.0,42.6,42.7,41.95,42.3,91,3851900.0,0.0,0.0,0.0,0.0,999.0
8916,2026-07-28,42.25,42.6,42.2,42.25,44000.0,42.25,42.6,42.2,42.25,44,1864150.0,0.0,0.0,0.0,0.0,999.0
8916,2026-07-29,42.5,42.7,42.25,42.45,93000.0,42.5,42.7,42.25,42.45,93,3945250.0,0.0,0.0,0.0,0.0,999.0
8916,2026-07-30,42.65,43.0,42.55,42.65,65000.0,42.65,43.0,42.55,42.65,65,2781150.0,0.0,0.0,0.0,0.0,999.0
8916,2026-07-31,42.9,43.15,42.65,42.85,74000.0,42.9,43.15,42.65,42.85,74,3175800.0,0.0,0.0,0.0,0.0,999.0
8916,2026-08-03,42.85,43.15,42.75,42.75,77000.0,42.85,43.15,42.75,42.75,77,3296300.0,0.0,0.0,0.0,0.0,999.0
8916,2026-08-04,43.0,43.05,42.8,43.05,33000.0,43.0,43.05,42.8,43.05,33,1416800.0,0.0,0.0,0.0,0.0,999.0
8916,2026-08-05,43.1,43.15,43.0,43.05,107000.0,43.1,43.15,43.0,43.05,107,4607950.0,0.0,0.0,0.0,0.0,999.0
8916,2026-08-06,43.8,43.8,43.2,43.3,124000.0,43.8,43.8,43.2,43.3,124,5386400.0,0.0,0.0,0.0,0.0,999.0
8916,2026-08-07,43.5,43.65,42.85,42.9,113000.0,43.5,43.65,42.85,42.9,113,4870850.0,0.0,0.0,0.0,0.0,999.0
8916,2026-08-10,43.0,43.45,42.85,43.25,177000.0,43.0,43.45,42.85,43.25,177,7649650.0,0.0,0.0,0.0,0.0,999.0
8916,2026-08-11,43.7,43.7,43.15,43.25,398000.0,43.7,43.7,43.15,43.25,398,17248550.0,0.0,0.0,0.0,0.0,999.0
8916,2026-08-12,40.0,40.2,39.8,40.05,316000.0,40.0,40.2,39.8,40.05,316,12632100.0,0.0,0.0,0.0,0.0,999.0
8916,2026-08-13,40.05,40.3,39.95,40.3,54000.0,40.05,40.3,39.95,40.3,54,2168400.0,0.0,0.0,0.0,0.0,999.0
8916,2026-08-14,40.6,40.6,40.1,40.3,72000.0,40.6,40.6,40.1,40.3,72,2897950.0,0.0,0.0,0.0,0.0,999.0
8916,2026-08-17,40.55,40.55,40.25,40.55,69000.0,40.55,40.55,40.25,40.55,69,2787200.0,0.0,0.0,0.0,0.0,999.0
8916,2026-08-18,40.6,40.6,40.3,40.4,50000.0,40.6,40.6,40.3,40.4,50,2019850.0,0.0,0.0,0.0,0.0,999.0
8916,2026-08-19,40.3,40.6,40.05,40.4,61000.0,40.3,40.6,40.05,40.4,61,2458050.0,0.0,0.0,0.0,0.0,999.0
8942,2026-05-25,41.45,41.45,40.0,41.1,539000.0,41.45,41.45,40.0,41.1,539,21873550.0,0.0,0.0,0.0,0.0,999.0
8942,2026-05-26,41.7,41.75,40.7,41.0,348000.0,41.7,41.75,40.7,41.0,348,14311750.0,0.0,0.0,0.0,0.0,999.0
8942,2026-05-27,41.55,41.55,40.2,40.3,389000.0,41.55,41.55,40.2,40.3,389,15762850.0,0.0,0.0,0.0,0.0,999.0
8942,2026-05-28,40.5,42.2,40.5,41.45,767000.0,40.5,42.2,40.5,41.45,767,31603000.0,0.0,0.0,0.0,0.0,999.0
8942,2026-05-29,41.45,42.2,41.25,41.7,382000.0,41.45,42.2,41.25,41.7,382,15919950.0,0.0,0.0,0.0,0.0,999.0
8942,2026-06-01,41.8,42.1,41.2,41.7,481000.0,41.8,42.1,41.2,41.7,481,19993500.0,0.0,0.0,0.0,0.0,999.0
8942,2026-06-02,41.7,42.0,40.55,41.0,487000.0,41.7,42.0,40.55,41.0,487,19936000.0,0.0,0.0,0.0,0.0,999.0
8942,2026-06-03,40.85,41.75,40.85,41.5,377000.0,40.85,41.75,40.85,41.5,377,15577050.0,0.0,0.0,0.0,0.0,999.0
8942,2026-06-04,41.6,42.35,41.5,41.55,238000.0,41.6,42.35,41.5,41.55,238,9947600.0,0.0,0.0,0.0,0.0,999.0
8942,2026-06-05,41.5,41.5,40.75,41.4,424000.0,41.5,41.5,40.75,41.4,424,17380350.0,0.0,0.0,0.0,0.0,999.0
8942,2026-06-08,39.55,40.2,39.0,40.2,357000.0,39.55,40.2,39.0,40.2,357,14149650.0,0.0,0.0,0.0,0.0,999.0
8942,2026-06-09,40.8,40.85,40.2,40.4,193000.0,40.8,40.85,40.2,40.4,193,7802200.0,0.0,0.0,0.0,0.0,999.0
8942,2026-06-10,40.2,40.4,39.95,40.1,349000.0,40.2,40.4,39.95,40.1,349,13999100.0,0.0,0.0,0.0,0.0,999.0
8942,2026-06-11,39.9,40.8,39.55,40.5,246000.0,39.9,40.8,39.55,40.5,246,9877000.0,0.0,0.0,0.0,0.0,999.0
8942,2026-06-12,40.6,41.5,40.6,41.35,264000.0,40.6,41.5,40.6,41.35,264,10873200.0,0.0,0.0,0.0,0.0,999.0
8942,2026-06-15,41.7,42.2,41.65,41.85,321000.0,41.7,42.2,41.65,41.85,321,13440250.0,0.0,0.0,0.0,0.0,999.0
8942,2026-06-16,42.0,42.0,41.05,41.3,177000.0,42.0,42.0,41.05,41.3,177,7330850.0,0.0,0.0,0.0,0.0,999.0
8942,2026-06-17,41.25,41.9,40.95,41.6,206000.0,41.25,41.9,40.95,41.6,206,8527600.0,0.0,0.0,0.0,0.0,999.0
8942,2026-06-18,41.75,42.8,41.75,42.3,426000.0,41.75,42.8,41.75,42.3,426,17999950.0,0.0,0.0,0.0,0.0,999.0
8942,2026-06-22,42.3,42.45,41.85,42.2,381000.0,42.3,42.45,41.85,42.2,381,16058000.0,0.0,0.0,0.0,0.0,999.0
8942,2026-06-23,42.5,42.5,41.3,41.65,260000.0,42.5,42.5,41.3,41.65,260,10841250.0,0.0,0.0,0.0,0.0,999.0
8942,2026-06-24,40.9,41.65,40.9,41.45,217000.0,40.9,41.65,40.9,41.45,217,8963400.0,0.0,0.0,0.0,0.0,999.0
8942,2026-06-25,41.8,41.8,41.3,41.4,172000.0,41.8,41.8,41.3,41.4,172,7130150.0,0.0,0.0,0.0,0.0,999.0
8942,2026-06-26,41.65,41.65,41.1,41.1,279000.0,41.65,41.65,41.1,41.1,279,11517600.0,0.0,0.0,0.0,0.0,999.0
8942,2026-06-29,41.6,41.7,41.1,41.65,167000.0,41.6,41.7,41.1,41.65,167,6919500.0,0.0,0.0,0.0,0.0,999.0
8942,2026-06-30,41.8,42.0,41.6,41.7,150000.0,41.8,42.0,41.6,41.7,150,6262100.0,0.0,0.0,0.0,0.0,999.0
8942,2026-07-01,41.9,41.9,41.2,41.35,205000.0,41.9,41.9,41.2,41.35,205,8500350.0,0.0,0.0,0.0,0.0,999.0
8942,2026-07-02,41.0,41.15,40.55,40.8,285000.0,41.0,41.15,40.55,40.8,285,11619800.0,0.0,0.0,0.0,0.0,999.0
8942,2026-07-03,40.8,41.5,40.8,41.0,202000.0,40.8,41.5,40.8,41.0,202,8319150.0,0.0,0.0,0.0,0.0,999.0
8942,2026-07-06,41.4,41.4,40.9,41.0,161000.0,41.4,41.4,40.9,41.0,161,6617500.0,0.0,0.0,0.0,0.0,999.0
8942,2026-07-07,41.0,41.25,40.35,40.35,207000.0,41.0,41.25,40.35,40.35,207,8404950.0,0.0,0.0,0.0,0.0,999.0
8942,2026-07-08,40.35,40.5,39.85,40.35,170000.0,40.35,40.5,39.85,40.35,170,6819750.0,0.0,0.0,0.0,0.0,999.0
8942,2026-07-09,40.35,40.35,39.95,40.1,116000.0,40.35,40.35,39.95,40.1,116,4653150.0,0.0,0.0,0.0,0.0,999.0
8942,2026-07-13,40.1,40.1,39.65,39.7,290000.0,40.1,40.1,39.65,39.7,290,11558200.0,0.0,0.0,0.0,0.0,999.0
8942,2026-07-14,40.2,40.2,39.15,39.6,235000.0,40.2,40.2,39.15,39.6,235,9280300.0,0.0,0.0,0.0,0.0,999.0
8942,2026-07-15,40.1,40.45,40.0,40.25,180000.0,40.1,40.45,40.0,40.25,180,7244500.0,0.0,0.0,0.0,0.0,999.0
8942,2026-07-16,40.25,40.35,39.85,39.85,161000.0,40.25,40.35,39.85,39.85,161,6463650.0,0.0,0.0,0.0,0.0,999.0
8942,2026-07-17,39.45,39.65,38.9,38.9,434000.0,39.45,39.65,38.9,38.9,434,17007950.0,0.0,0.0,0.0,0.0,999.0
8942,2026-07-20,38.9,39.15,38.2,38.5,193000.0,38.9,39.15,38.2,38.5,193,7458900.0,0.0,0.0,0.0,0.0,999.0
8942,2026-07-21,38.6,39.3,38.6,38.95,122000.0,38.6,39.3,38.6,38.95,122,4758500.0,0.0,0.0,0.0,0.0,999.0
8942,2026-07-22,39.0,39.35,38.85,38.85,269000.0,39.0,39.35,38.85,38.85,269,10506550.0,0.0,0.0,0.0,0.0,999.0
8942,2026-07-23,38.05,38.05,37.3,37.7,266000.0,38.05,38.05,37.3,37.7,266,10036150.0,0.0,0.0,0.0,0.0,999.0
8942,2026-07-24,37.7,38.0,37.55,37.55,100000.0,37.7,38.0,37.55,37.55,100,3769850.0,0.0,0.0,0.0,0.0,999.0
8942,2026-07-27,37.55,37.55,37.15,37.3,155000.0,37.55,37.55,37.15,37.3,155,5787750.0,0.0,0.0,0.0,0.0,999.0
8942,2026-07-28,36.9,37.05,36.5,36.8,294000.0,36.9,37.05,36.5,36.8,294,10798200.0,0.0,0.0,0.0,0.0,999.0
8942,2026-07-29,36.75,36.85,35.55,36.0,385000.0,36.75,36.85,35.55,36.0,385,13896100.0,0.0,0.0,0.0,0.0,999.0
8942,2026-07-30,35.8,36.25,35.8,36.0,116000.0,35.8,36.25,35.8,36.0,116,4177950.0,0.0,0.0,0.0,0.0,999.0
8942,2026-07-31,36.6,37.0,36.1,36.6,171000.0,36.6,37.0,36.1,36.6,171,6270400.0,0.0,0.0,0.0,0.0,999.0
8942,2026-08-03,36.4,37.15,36.4,36.9,89000.0,36.4,37.15,36.4,36.9,89,3271150.0,0.0,0.0,0.0,0.0,999.0
8942,2026-08-04,36.9,37.4,36.9,37.2,134000.0,36.9,37.4,36.9,37.2,134,4978000.0,0.0,0.0,0.0,0.0,999.0
8942,2026-08-05,37.9,37.9,37.4,37.6,110000.0,37.9,37.9,37.4,37.6,110,4139600.0,0.0,0.0,0.0,0.0,999.0
8942,2026-08-06,37.6,38.0,37.45,37.9,91000.0,37.6,38.0,37.45,37.9,91,3422850.0,0.0,0.0,0.0,0.0,999.0
8942,2026-08-07,37.9,38.95,37.9,38.6,169000.0,37.9,38.95,37.9,38.6,169,6488850.0,0.0,0.0,0.0,0.0,999.0
8942,2026-08-10,38.6,38.85,38.45,38.85,132000.0,38.6,38.85,38.45,38.85,132,5098550.0,0.0,0.0,0.0,0.0,999.0
8942,2026-08-11,38.45,40.0,38.45,39.45,340000.0,38.45,40.0,38.45,39.45,340,13388800.0,0.0,0.0,0.0,0.0,999.0
8942,2026-08-12,39.45,40.65,39.45,40.05,235000.0,39.45,40.65,39.45,40.05,235,9423950.0,0.0,0.0,0.0,0.0,999.0
8942,2026-08-13,41.9,43.45,41.9,42.8,1670000.0,41.9,43.45,41.9,42.8,1670,71394900.0,0.0,0.0,0.0,0.0,999.0
8942,2026-08-14,42.7,43.4,42.2,43.0,691000.0,42.7,43.4,42.2,43.0,691,29708700.0,0.0,0.0,0.0,0.0,999.0
8942,2026-08-17,43.2,43.25,42.05,42.25,443000.0,43.2,43.25,42.05,42.25,443,18837600.0,0.0,0.0,0.0,0.0,999.0
8942,2026-08-18,42.25,42.3,41.55,41.55,319000.0,42.25,42.3,41.55,41.55,319,13352000.0,0.0,0.0,0.0,0.0,999.0
8942,2026-08-19,41.4,41.6,41.0,41.25,150000.0,41.4,41.6,41.0,41.25,150,6194500.0,0.0,0.0,0.0,0.0,999.0
1101,2026-05-25,24.100000381469727,24.450000762939453,23.950000762939453,24.299999237060547,33569316.0,24.1,24.45,23.95,24.3,33530,810098250.0,1.5828619300473632e-08,3.120406764153549e-08,3.185550955471995e-08,3.139668534302645e-08,1000.1725618848792
1101,2026-05-26,24.299999237060547,24.600000381469727,23.950000762939453,23.950000762939453,31169125.0,24.3,24.6,23.95,23.95,31143,750455250.0,3.139668534302645e-08,1.550689939599246e-08,3.185550955471995e-08,3.185550955471995e-08,999.838872298751
1101,2026-05-27,23.950000762939453,24.049999237060547,23.799999237060547,23.850000381469727,29612517.0,23.95,24.05,23.8,23.85,29580,706250100.0,3.185550955471995e-08,3.172305421353608e-08,3.205627957292196e-08,1.5994537741778387e-08,1000.0992900608519
1101,2026-05-28,23.850000381469727,24.0,23.649999618530273,23.649999618530273,35669672.0,23.85,24.0,23.65,23.65,35605,847166900.0,1.5994537741778387e-08,0.0,1.612979810323106e-08,1.612979810323106e-08,1000.8163741047606
1101,2026-05-29,24.100000381469727,24.399999618530273,23.899999618530273,24.399999618530273,49234811.0,24.1,24.4,23.9,24.4,49022,1186887300.0,1.5828619300473632e-08,1.5634005128746498e-08,1.5961076365749562e-08,1.5634005128746498e-08,1003.3411325527314
1101,2026-06-01,24.399999618530273,24.700000762939453,24.200000762939453,24.549999237060547,35320906.0,24.4,24.7,24.2,24.55,35257,862161250.0,1.5634005128746498e-08,3.0888236997390395e-08,3.152642371221251e-08,3.107696349635612e-08,1000.8125762259976
1101,2026-06-02,24.549999237060547,24.799999237060547,24.399999618530273,24.649999618530273,32924609.0,24.55,24.8,24.4,24.65,32869,809132400.0,3.107696349635612e-08,3.076368765465898e-08,1.5634005128746498e-08,1.547544523900262e-08,1000.6918372934985
1101,2026-06-03,24.649999618530273,25.200000762939453,24.450000762939453,24.850000381469727,45064564.0,24.65,25.2,24.45,24.85,44990,1119952000.0,1.547544523900262e-08,3.027537515220408e-08,3.120406764153549e-08,1.535089437188791e-08,1000.6573460769059
1101,2026-06-04,24.899999618530273,24.950000762939453,24.450000762939453,24.450000762939453,37059193.0,24.9,24.95,24.45,24.45,37003,909293500.0,1.5320069282787733e-08,3.057873562467105e-08,3.120406764153549e-08,3.120406764153549e-08,1000.5186065994649
1101,2026-06-05,24.5,24.600000381469727,24.200000762939453,24.399999618530273,31198254.0,24.5,24.6,24.2,24.4,31180,760979800.0,0.0,1.550689939599246e-08,3.152642371221251e-08,1.5634005128746498e-08,999.5854393842206
1101,2026-06-08,23.850000381469727,24.0,23.549999237060547,23.850000381469727,51621888.0,23.85,24.0,23.55,23.85,51544,1224088000.0,1.5994537741778387e-08,0.0,3.239657978070245e-08,1.5994537741778387e-08,1000.5110973149154
1101,2026-06-09,23.899999618530273,24.149999618530273,23.850000381469727,23.950000762939453,27262588.0,23.9,24.15,23.85,23.95,27246,653865700.0,1.5961076365749562e-08,1.579584783194263e-08,1.5994537741778387e-08,3.185550955471995e-08,999.6088233135139
1101,2026-06-10,23.950000762939453,24.25,23.850000381469727,23.899999618530273,31867863.0,23.95,24.25,23.85,23.9,31843,764220950.0,3.185550955471995e-08,0.0,1.5994537741778387e-08,1.5961076365749562e-08,999.7807995477813
1101,2026-06-11,23.950000762939453,24.350000381469727,23.799999237060547,24.25,31845156.0,23.95,24.35,23.8,24.25,31815,764878000.0,3.185550955471995e-08,1.566610780868232e-08,3.205627957292196e-08,0.0,999.9478547854785
1101,2026-06-12,24.350000381469727,24.850000381469727,24.25,24.549999237060547,30074521.0,24.35,24.85,24.25,24.55,30026,738208750.0,1.566610780868232e-08,1.535089437188791e-08,0.0,3.107696349635612e-08,1000.615966162659
1101,2026-06-15,24.950000762939453,25.399999618530273,24.799999237060547,24.850000381469727,40818507.0,24.95,25.4,24.8,24.85,40593,1016423850.0,3.057873562467105e-08,1.501849311580372e-08,3.076368765465898e-08,1.535089437188791e-08,1004.5553174192595
1101,2026-06-16,25.0,25.100000381469727,24.5,24.5,30662729.0,25.0,25.1,24.5,24.5,30644,755852700.0,0.0,1.5197997017586234e-08,0.0,0.0,999.6111800026106
1101,2026-06-17,24.5,24.799999237060547,24.450000762939453,24.549999237060547,26169052.0,24.5,24.8,24.45,24.55,26153,642402000.0,0.0,3.076368765465898e-08,3.120406764153549e-08,3.107696349635612e-08,999.6137727985317
1101,2026-06-18,24.600000381469727,24.799999237060547,24.5,24.5,32266383.0,24.6,24.8,24.5,24.5,32187,789956200.0,1.550689939599246e-08,3.076368765465898e-08,0.0,0.0,1001.4663062727188
1101,2026-06-22,24.549999237060547,24.649999618530273,24.200000762939453,24.350000381469727,40283887.0,24.55,24.65,24.2,24.35,40246,981749450.0,3.107696349635612e-08,1.547544523900262e-08,3.152642371221251e-08,1.566610780868232e-08,999.9413854793023
1101,2026-06-23,24.350000381469727,24.5,24.049999237060547,24.149999618530273,34654839.0,24.35,24.5,24.05,24.15,34626,838236800.0,1.566610780868232e-08,0.0,3.172305421353608e-08,1.579584783194263e-08,999.8328712528158
1101,2026-06-24,24.149999618530273,24.350000381469727,24.0,24.200000762939453,26048783.0,24.15,24.35,24.0,24.2,26022,629283550.0,1.579584783194263e-08,1.566610780868232e-08,0.0,3.152642371221251e-08,1000.0292444854354
1101,2026-06-25,24.25,25.149999618530273,24.200000762939453,24.600000381469727,37336053.0,24.25,25.15,24.2,24.6,37287,921563150.0,0.0,1.5167782311785867e-08,3.152642371221251e-08,1.550689939599246e-08,1000.3155523372757
1101,2026-06-26,24.600000381469727,24.75,24.149999618530273,24.149999618530273,34339259.0,24.6,24.75,24.15,24.15,34195,834933850.0,1.550689939599246e-08,0.0,1.579584783194263e-08,1.579584783194263e-08,1003.218716186577
1101,2026-06-29,24.700000762939453,24.700000762939453,24.100000381469727,24.149999618530273,25527704.0,24.7,24.7,24.1,24.15,25493,618121450.0,3.0888236997390395e-08,3.0888236997390395e-08,1.5828619300473632e-08,1.579584783194263e-08,1000.3613148707489
1101,2026-06-30,24.299999237060547,24.350000381469727,24.049999237060547,24.049999237060547,37835920.0,24.3,24.35,24.05,24.05,37128,894772950.0,3.139668534302645e-08,1.566610780868232e-08,3.172305421353608e-08,3.172305421353608e-08,1018.0670114199526
1101,2026-07-01,23.450000762939453,23.549999237060547,23.0,23.0,48545561.0,23.45,23.55,23.0,23.0,48531,1124954100.0,3.2534731506846176e-08,3.239657978070245e-08,0.0,0.0,999.3000350291567
1101,2026-07-02,23.0,23.299999237060547,22.899999618530273,23.100000381469727,25986998.0,23.0,23.3,22.9,23.1,25793,595301750.0,0.0,3.2744182568049044e-08,1.665806660006177e-08,1.651384091521275e-08,1006.5213430000388
1101,2026-07-03,23.100000381469727,23.899999618530273,23.100000381469727,23.649999618530273,28010770.0,23.1,23.9,23.1,23.65,27977,662149000.0,1.651384091521275e-08,1.5961076365749562e-08,1.651384091521275e-08,1.612979810323106e-08,1000.2070629445616
1101,2026-07-06,23.799999237060547,23.899999618530273,23.649999618530273,23.700000762939453,15739609.0,23.8,23.9,23.65,23.7,15713,373241750.0,3.205627957292196e-08,1.5961076365749562e-08,1.612979810323106e-08,3.219153813652079e-08,1000.6934385540635
1101,2026-07-07,23.649999618530273,23.700000762939453,23.25,23.399999618530273,33101258.0,23.65,23.7,23.25,23.4,33088,775095000.0,1.612979810323106e-08,3.219153813652079e-08,0.0,1.6302125006043358e-08,999.4006890715667
1101,2026-07-08,23.399999618530273,23.549999237060547,23.100000381469727,23.100000381469727,18535050.0,23.4,23.55,23.1,23.1,18422,427545350.0,1.6302125006043358e-08,3.239657978070245e-08,1.651384091521275e-08,1.651384091521275e-08,1005.136684399088
1101,2026-07-09,23.149999618530273,23.200000762939453,22.700000762939453,22.700000762939453,39264213.0,23.15,23.2,22.7,22.7,39210,896634750.0,1.6478173872199334e-08,3.2885321286014776e-08,3.36096675698477e-08,3.36096675698477e-08,1000.3826319816374
1101,2026-07-13,22.950000762939453,23.049999237060547,22.700000762939453,22.850000381469727,26049477.0,22.95,23.05,22.7,22.85,25943,591791850.0,3.324354918673389e-08,3.309932554601053e-08,3.36096675698477e-08,1.6694517511659278e-08,1003.1042670469876
1101,2026-07-14,22.850000381469727,22.899999618530273,22.399999618530273,22.700000762939453,26427507.0,22.85,22.9,22.4,22.7,26405,595919050.0,1.6694517511659278e-08,1.665806660006177e-08,1.7029898443813148e-08,3.36096675698477e-08,999.8523764438553
1101,2026-07-15,22.799999237060547,23.600000381469727,22.700000762939453,23.549999237060547,30018898.0,22.8,23.6,22.7,23.55,29978,696723650.0,3.3462256747172925e-08,1.6163971404297226e-08,3.36096675698477e-08,3.239657978070245e-08,1000.3642671292281
1101,2026-07-16,23.5,24.100000381469727,23.450000762939453,23.950000762939453,27748172.0,23.5,24.1,23.45,23.95,27687,658704950.0,0.0,1.5828619300473632e-08,3.2534731506846176e-08,3.185550955471995e-08,1001.2094123595912
1101,2026-07-17,23.700000762939453,24.200000762939453,23.5,23.5,38758135.0,23.7,24.2,23.5,23.5,38687,923437050.0,3.219153813652079e-08,3.152642371221251e-08,0.0,0.0,1000.8387313567865
1101,2026-07-20,24.0,24.399999618530273,23.600000381469727,23.799999237060547,43070687.0,24.0,24.4,23.6,23.8,43039,1034499300.0,0.0,1.5634005128746498e-08,1.6163971404297226e-08,3.205627957292196e-08,999.736239224889
1101,2026-07-21,24.0,24.200000762939453,23.75,24.049999237060547,18563260.0,24.0,24.2,23.75,24.05,18534,445450450.0,0.0,3.152642371221251e-08,0.0,3.172305421353608e-08,1000.5787201899212
1101,2026-07-22,24.0,24.200000762939453,23.75,23.850000381469727,15170441.0,24.0,24.2,23.75,23.85,15137,361799800.0,0.0,3.152642371221251e-08,0.0,1.5994537741778387e-08,1001.2092224350928
1101,2026-07-23,23.899999618530273,24.200000762939453,23.75,24.0,17221929.0,23.9,24.2,23.75,24.0,17193,411952300.0,1.5961076365749562e-08,3.152642371221251e-08,0.0,0.0,1000.6826033850986
1101,2026-07-24,23.799999237060547,24.100000381469727,23.799999237060547,23.799999237060547,12016057.0,23.8,24.1,23.8,23.8,12004,286644950.0,3.205627957292196e-08,1.5828619300473632e-08,3.205627957292196e-08,3.205627957292196e-08,1000.0044151949351
1101,2026-07-27,24.049999237060547,24.5,23.899999618530273,24.399999618530273,34409711.0,24.05,24.5,23.9,24.4,34321,831683250.0,3.172305421353608e-08,0.0,1.5961076365749562e-08,1.5634005128746498e-08,1001.5847440342648
1101,2026-07-28,24.299999237060547,24.850000381469727,24.149999618530273,24.799999237060547,49667756.0,24.3,24.85,24.15,24.8,49579,1217629300.0,3.139668534302645e-08,1.535089437188791e-08,1.579584783194263e-08,3.076368765465898e-08,1000.7901934286693
1101,2026-07-29,24.899999618530273,25.049999237060547,23.950000762939453,24.350000381469727,47088986.0,24.9,25.05,23.95,24.35,47046,1148187200.0,1.5320069282787733e-08,3.045666482377416e-08,3.185550955471995e-08,1.566610780868232e-08,999.9137014836543
1101,2026-07-30,24.450000762939453,24.5,24.0,24.049999237060547,26541073.0,24.45,24.5,24.0,24.05,26499,641339250.0,3.120406764153549e-08,0.0,0.0,3.172305421353608e-08,1000.5877202913317
1101,2026-07-31,24.350000381469727,24.799999237060547,24.25,24.299999237060547,24547043.0,24.35,24.8,24.25,24.3,24497,599546600.0,1.566610780868232e-08,3.076368765465898e-08,0.0,3.139668534302645e-08,1001.0428215699882
1101,2026-08-03,24.25,24.25,23.75,23.799999237060547,40842348.0,24.25,24.25,23.75,23.8,40816,976269050.0,0.0,0.0,0.0,3.205627957292196e-08,999.6455311642493
1101,2026-08-04,23.600000381469727,23.700000762939453,23.450000762939453,23.549999237060547,25233047.0,23.6,23.7,23.45,23.55,25223,593867400.0,1.6163971404297226e-08,3.219153813652079e-08,3.2534731506846176e-08,3.239657978070245e-08,999.3983269238394
1101,2026-08-05,23.700000762939453,24.049999237060547,23.549999237060547,24.049999237060547,20286439.0,23.7,24.05,23.55,24.05,20249,482095100.0,3.219153813652079e-08,3.172305421353608e-08,3.239657978070245e-08,3.172305421353608e-08,1000.8489308113981
1101,2026-08-06,23.950000762939453,24.600000381469727,23.950000762939453,24.350000381469727,28163675.0,23.95,24.6,23.95,24.35,28109,685649050.0,3.185550955471995e-08,1.550689939599246e-08,3.185550955471995e-08,1.566610780868232e-08,1000.9451065495037
1101,2026-08-07,24.299999237060547,24.75,24.299999237060547,24.350000381469727,18297117.0,24.3,24.75,24.3,24.35,18277,447874050.0,3.139668534302645e-08,0.0,3.139668534302645e-08,1.566610780868232e-08,1000.1006729769656
1101,2026-08-10,24.5,24.649999618530273,24.25,24.549999237060547,14497487.0,24.5,24.65,24.25,24.55,14448,354061050.0,0.0,1.547544523900262e-08,0.0,3.107696349635612e-08,1002.4251799557032
1101,2026-08-11,24.549999237060547,24.799999237060547,24.299999237060547,24.649999618530273,19731760.0,24.55,24.8,24.3,24.65,19699,483870300.0,3.107696349635612e-08,3.076368765465898e-08,3.139668534302645e-08,1.547544523900262e-08,1000.663028580131
1101,2026-08-12,24.649999618530273,24.75,24.450000762939453,24.450000762939453,13910540.0,24.65,24.75,24.45,24.45,13875,340533750.0,1.547544523900262e-08,0.0,3.120406764153549e-08,3.120406764153549e-08,1001.5614414414414
1101,2026-08-13,24.549999237060547,24.700000762939453,24.0,24.049999237060547,37369168.0,24.55,24.7,24.0,24.05,37360,905753850.0,3.107696349635612e-08,3.0888236997390395e-08,0.0,3.172305421353608e-08,999.2453961456102
1101,2026-08-14,24.0,24.299999237060547,24.0,24.25,19178710.0,24.0,24.3,24.0,24.25,19054,460930350.0,0.0,3.139668534302645e-08,0.0,0.0,1005.5450823973969
1101,2026-08-17,24.25,24.299999237060547,23.850000381469727,24.200000762939453,20391944.0,24.25,24.3,23.85,24.2,20361,490954700.0,0.0,3.139668534302645e-08,1.5994537741778387e-08,3.152642371221251e-08,1000.5197681842739
1101,2026-08-18,24.100000381469727,24.450000762939453,23.899999618530273,24.100000381469727,26109870.0,24.1,24.45,23.9,24.1,26101,629203950.0,1.5828619300473632e-08,3.120406764153549e-08,1.5961076365749562e-08,1.5828619300473632e-08,999.3398337228459
1101,2026-08-19,24.0,24.25,23.850000381469727,24.049999237060547,16474766.0,24.0,24.25,23.85,24.05,16409,394548850.0,0.0,0.0,1.5994537741778387e-08,3.172305421353608e-08,1003.007922481565
1232,2026-05-25,147.5,148.5,147.5,148.5,126360.0,147.5,148.5,147.5,148.5,126,18654000.0,0.0,0.0,0.0,0.0,1001.8571428571429
1232,2026-05-26,148.0,148.5,147.5,147.5,104713.0,148.0,148.5,147.5,147.5,104,15382000.0,0.0,0.0,0.0,0.0,1005.8557692307693
1232,2026-05-27,147.5,149.0,147.5,148.0,152200.0,147.5,149.0,147.5,148.0,152,22501500.0,0.0,0.0,0.0,0.0,1000.3157894736842
1232,2026-05-28,148.0,148.0,147.5,147.5,117036.0,148.0,148.0,147.5,147.5,117,17285000.0,0.0,0.0,0.0,0.0,999.3076923076923
1232,2026-05-29,148.0,148.5,147.5,147.5,110096.0,148.0,148.5,147.5,147.5,110,16284500.0,0.0,0.0,0.0,0.0,999.8727272727273
1232,2026-06-01,148.0,148.5,147.0,147.5,332480.0,148.0,148.5,147.0,147.5,332,48941500.0,0.0,0.0,0.0,0.0,1000.4457831325301
1232,2026-06-02,147.5,148.5,147.0,148.0,215029.0,147.5,148.5,147.0,148.0,215,31726000.0,0.0,0.0,0.0,0.0,999.1348837209302
1232,2026-06-03,148.0,149.0,147.5,148.0,104128.0,148.0,149.0,147.5,148.0,104,15421500.0,0.0,0.0,0.0,0.0,1000.2307692307693
1232,2026-06-04,148.0,149.0,148.0,149.0,127037.0,148.0,149.0,148.0,149.0,127,18874500.0,0.0,0.0,0.0,0.0,999.2913385826772
1232,2026-06-05,148.0,150.0,148.0,149.5,154034.0,148.0,150.0,148.0,149.5,154,22989500.0,0.0,0.0,0.0,0.0,999.2207792207793
1232,2026-06-08,148.0,149.5,147.5,148.0,209237.0,148.0,149.5,147.5,148.0,209,30995500.0,0.0,0.0,0.0,0.0,1000.133971291866
1232,2026-06-09,148.0,149.5,148.0,148.5,114600.0,148.0,149.5,148.0,148.5,114,16968000.0,0.0,0.0,0.0,0.0,1004.2631578947369
1232,2026-06-10,148.5,150.0,148.0,149.5,152115.0,148.5,150.0,148.0,149.5,152,22648500.0,0.0,0.0,0.0,0.0,999.7565789473684
1232,2026-06-11,149.5,150.0,148.5,149.5,149581.0,149.5,150.0,148.5,149.5,148,22125000.0,0.0,0.0,0.0,0.0,1009.6824324324324
1232,2026-06-12,150.5,150.5,149.5,150.5,271332.0,150.5,150.5,149.5,150.5,269,40386000.0,0.0,0.0,0.0,0.0,1007.6691449814126
1232,2026-06-15,143.5,145.0,143.5,144.5,362732.0,143.5,145.0,143.5,144.5,362,52249500.0,0.0,0.0,0.0,0.0,1001.0220994475138
1232,2026-06-16,144.5,144.5,143.5,144.0,172472.0,144.5,144.5,143.5,144.0,172,24787000.0,0.0,0.0,0.0,0.0,1001.7441860465116
1232,2026-06-17,144.0,144.0,143.0,143.5,200550.0,144.0,144.0,143.0,143.5,200,28666500.0,0.0,0.0,0.0,0.0,1001.75
1232,2026-06-18,143.5,143.5,142.5,143.0,207386.0,143.5,143.5,142.5,143.0,207,29604500.0,0.0,0.0,0.0,0.0,1000.864734299517
1232,2026-06-22,143.0,143.0,141.5,142.0,365245.0,143.0,143.0,141.5,142.0,365,51829500.0,0.0,0.0,0.0,0.0,999.6712328767123
1232,2026-06-23,142.5,142.5,141.5,142.0,153107.0,142.5,142.5,141.5,142.0,153,21721500.0,0.0,0.0,0.0,0.0,999.6993464052288
1232,2026-06-24,141.5,143.0,141.0,142.5,148192.0,141.5,143.0,141.0,142.5,148,21031000.0,0.0,0.0,0.0,0.0,1000.2972972972973
1232,2026-06-25,141.5,142.0,141.5,141.5,179007.0,141.5,142.0,141.5,141.5,179,25365500.0,0.0,0.0,0.0,0.0,999.0391061452514
1232,2026-06-26,141.5,141.5,140.5,141.0,259104.0,141.5,141.5,140.5,141.0,259,36519500.0,0.0,0.0,0.0,0.0,999.4015444015444
1232,2026-06-29,140.5,141.5,140.5,140.5,112115.0,140.5,141.5,140.5,140.5,112,15770000.0,0.0,0.0,0.0,0.0,1000.0267857142857
1232,2026-06-30,141.0,141.5,140.5,141.5,127074.0,141.0,141.5,140.5,141.5,127,17900000.0,0.0,0.0,0.0,0.0,999.5826771653543
1232,2026-07-01,142.5,142.5,141.0,142.0,124123.0,142.5,142.5,141.0,142.0,123,17427000.0,0.0,0.0,0.0,0.0,1008.130081300813
1232,2026-07-02,144.5,145.0,143.0,143.0,302062.0,144.5,145.0,143.0,143.0,302,43394500.0,0.0,0.0,0.0,0.0,999.205298013245
1232,2026-07-03,145.5,148.0,145.5,146.5,701403.0,145.5,148.0,145.5,146.5,701,103148500.0,0.0,0.0,0.0,0.0,999.5748930099858
1232,2026-07-06,152.0,154.0,148.5,149.0,910569.0,152.0,154.0,148.5,149.0,910,137419000.0,0.0,0.0,0.0,0.0,999.6252747252747
1232,2026-07-07,151.0,151.0,146.0,146.5,386010.0,151.0,151.0,146.0,146.5,386,57293000.0,0.0,0.0,0.0,0.0,999.0259067357513
1232,2026-07-08,147.0,147.0,144.5,145.5,124368.0,147.0,147.0,144.5,145.5,124,18027000.0,0.0,0.0,0.0,0.0,1001.9677419354839
1232,2026-07-09,146.0,147.0,144.0,145.5,260115.0,146.0,147.0,144.0,145.5,260,37814000.0,0.0,0.0,0.0,0.0,999.4423076923077
1232,2026-07-13,150.0,152.5,149.5,151.0,765030.0,150.0,152.5,149.5,151.0,760,114715500.0,0.0,0.0,0.0,0.0,1005.6184210526316
1232,2026-07-14,151.0,153.0,150.0,151.5,574279.0,151.0,153.0,150.0,151.5,574,87154500.0,0.0,0.0,0.0,0.0,999.48606271777
1232,2026-07-15,152.5,152.5,150.0,152.0,334200.0,152.5,152.5,150.0,152.0,334,50549000.0,0.0,0.0,0.0,0.0,999.5988023952095
1232,2026-07-16,154.0,162.5,154.0,162.0,1227461.0,154.0,162.5,154.0,162.0,1224,194430000.0,0.0,0.0,0.0,0.0,1001.8276143790849
1232,2026-07-17,167.0,178.0,164.5,168.5,3307618.0,167.0,178.0,164.5,168.5,3294,560994500.0,0.0,0.0,0.0,0.0,1003.1341833636916
1232,2026-07-20,168.0,168.0,159.5,159.5,1103331.0,168.0,168.0,159.5,159.5,1102,178685000.0,0.0,0.0,0.0,0.0,1000.2078039927404
1232,2026-07-21,162.0,166.0,161.0,163.0,500767.0,162.0,166.0,161.0,163.0,500,81433500.0,0.0,0.0,0.0,0.0,1000.534
1232,2026-07-22,160.0,160.0,153.0,153.5,699974.0,160.0,160.0,153.0,153.5,699,108918500.0,0.0,0.0,0.0,0.0,1000.3934191702432
1232,2026-07-23,155.0,155.0,151.5,152.0,235600.0,155.0,155.0,151.5,152.0,234,35686500.0,0.0,0.0,0.0,0.0,1005.8376068376068
1232,2026-07-24,152.0,154.0,152.0,154.0,183417.0,152.0,154.0,152.0,154.0,183,28012000.0,0.0,0.0,0.0,0.0,1001.2786885245902
1232,2026-07-27,154.0,155.0,152.5,153.5,321084.0,154.0,155.0,152.5,153.5,321,49325000.0,0.0,0.0,0.0,0.0,999.2616822429907
1232,2026-07-28,153.5,153.5,152.0,153.5,290500.0,153.5,153.5,152.0,153.5,290,44341000.0,0.0,0.0,0.0,0.0,1000.7241379310345
1232,2026-07-29,154.5,157.5,154.5,156.5,431250.0,154.5,157.5,154.5,156.5,429,66811500.0,0.0,0.0,0.0,0.0,1004.2447552447552
1232,2026-07-30,158.0,158.0,153.5,156.0,279007.0,158.0,158.0,153.5,156.0,277,42957500.0,0.0,0.0,0.0,0.0,1006.2454873646209
1232,2026-07-31,157.0,159.0,154.5,154.5,326338.0,157.0,159.0,154.5,154.5,326,50926500.0,0.0,0.0,0.0,0.0,1000.036809815951
1232,2026-08-03,154.0,155.0,152.0,153.5,274122.0,154.0,155.0,152.0,153.5,274,41971500.0,0.0,0.0,0.0,0.0,999.4452554744526
1232,2026-08-04,152.0,152.5,150.5,151.5,295210.0,152.0,152.5,150.5,151.5,294,44444500.0,0.0,0.0,0.0,0.0,1003.1156462585034
1232,2026-08-05,152.5,153.5,152.5,152.5,162052.0,152.5,153.5,152.5,152.5,162,24783000.0,0.0,0.0,0.0,0.0,999.320987654321
1232,2026-08-06,152.5,155.5,152.5,155.5,267006.0,152.5,155.5,152.5,155.5,262,40388000.0,0.0,0.0,0.0,0.0,1018.1068702290077
1232,2026-08-07,155.5,157.5,155.0,156.5,220472.0,155.5,157.5,155.0,156.5,220,34312000.0,0.0,0.0,0.0,0.0,1001.1454545454545
1232,2026-08-10,159.5,159.5,156.0,156.0,293211.0,159.5,159.5,156.0,156.0,292,45844000.0,0.0,0.0,0.0,0.0,1003.1472602739726
1232,2026-08-11,156.5,158.5,154.5,154.5,319007.0,156.5,158.5,154.5,154.5,319,49937000.0,0.0,0.0,0.0,0.0,999.0219435736677
1232,2026-08-12,156.0,156.0,154.0,155.0,163201.0,156.0,156.0,154.0,155.0,163,25242500.0,0.0,0.0,0.0,0.0,1000.2331288343559
1232,2026-08-13,155.5,155.5,152.0,154.5,316261.0,155.5,155.5,152.0,154.5,316,48430000.0,0.0,0.0,0.0,0.0,999.8259493670886
1232,2026-08-14,155.0,155.0,152.5,152.5,114100.0,155.0,155.0,152.5,152.5,114,17451500.0,0.0,0.0,0.0,0.0,999.8771929824561
1232,2026-08-17,152.5,155.0,152.0,154.0,157100.0,152.5,155.0,152.0,154.0,157,24140000.0,0.0,0.0,0.0,0.0,999.6369426751593
1232,2026-08-18,153.0,155.0,153.0,155.0,141100.0,153.0,155.0,153.0,155.0,140,21625500.0,0.0,0.0,0.0,0.0,1006.8571428571429
1232,2026-08-19,153.5,156.5,153.5,155.0,176020.0,153.5,156.5,153.5,155.0,176,27391500.0,0.0,0.0,0.0,0.0,999.1136363636364
1323,2026-05-25,20.100000381469727,20.299999237060547,20.0,20.149999618530273,165217.0,20.1,20.3,20.0,20.15,165,3324500.0,1.8978593290617636e-08,3.758322432687402e-08,0.0,1.893150000701809e-08,1000.3151515151516
1323,2026-05-26,20.149999618530273,20.450000762939453,20.100000381469727,20.25,110716.0,20.15,20.45,20.1,20.25,110,2229100.0,1.893150000701809e-08,3.7307552754794264e-08,1.8978593290617636e-08,0.0,1005.5090909090909
1323,2026-05-27,20.200000762939453,20.200000762939453,19.950000762939453,20.200000762939453,77000.0,20.2,20.2,19.95,20.2,76,1526350.0,3.7769279892848653e-08,3.7769279892848653e-08,3.82425791396262e-08,3.7769279892848653e-08,1012.1578947368421
1323,2026-05-28,20.200000762939453,20.299999237060547,20.0,20.149999618530273,132000.0,20.2,20.3,20.0,20.15,132,2666350.0,3.7769279892848653e-08,3.758322432687402e-08,0.0,1.893150000701809e-08,999.0
1323,2026-05-29,20.149999618530273,20.25,20.049999237060547,20.100000381469727,45603.0,20.15,20.25,20.05,20.1,45,906450.0,1.893150000701809e-08,0.0,3.805184308406697e-08,1.8978593290617636e-08,1012.4
1323,2026-06-01,20.100000381469727,21.0,20.100000381469727,20.950000762939453,283415.0,20.1,21.0,20.1,20.95,282,5841650.0,1.8978593290617636e-08,0.0,1.8978593290617636e-08,3.641715770098056e-08,1004.0177304964539
1323,2026-06-02,20.299999237060547,20.799999237060547,20.149999618530273,20.450000762939453,213134.0,20.3,20.8,20.15,20.45,213,4336450.0,3.758322432687402e-08,3.667978143440109e-08,1.893150000701809e-08,3.7307552754794264e-08,999.6291079812206
1323,2026-06-03,20.25,20.399999618530273,20.049999237060547,20.399999618530273,84246.0,20.25,20.4,20.05,20.4,84,1701150.0,0.0,1.8699496330461497e-08,3.805184308406697e-08,1.8699496330461497e-08,1001.9285714285714
1323,2026-06-04,20.399999618530273,20.450000762939453,20.100000381469727,20.450000762939453,59145.0,20.4,20.45,20.1,20.45,58,1172400.0,1.8699496330461497e-08,3.7307552754794264e-08,1.8978593290617636e-08,3.7307552754794264e-08,1018.7413793103449
1323,2026-06-05,20.350000381469727,20.350000381469727,19.799999237060547,20.149999618530273,104004.0,20.35,20.35,19.8,20.15,104,2085500.0,1.8745441038890146e-08,1.8745441038890146e-08,3.8532295648259734e-08,1.893150000701809e-08,999.0384615384615
1323,2026-06-08,20.0,20.0,19.700000762939453,19.850000381469727,70197.0,20.0,20.0,19.7,19.85,70,1386450.0,0.0,0.0,3.8727891057641766e-08,1.9217618395033476e-08,1001.8142857142857
1323,2026-06-09,20.0,20.100000381469727,19.549999237060547,19.700000762939453,119105.0,20.0,20.1,19.55,19.7,118,2326100.0,0.0,1.8978593290617636e-08,3.902503600181804e-08,3.8727891057641766e-08,1008.3644067796611
1323,2026-06-10,19.700000762939453,19.799999237060547,19.549999237060547,19.549999237060547,54001.0,19.7,19.8,19.55,19.55,54,1058300.0,3.8727891057641766e-08,3.8532295648259734e-08,3.902503600181804e-08,3.902503600181804e-08,999.0185185185185
1323,2026-06-11,19.649999618530273,19.649999618530273,19.299999237060547,19.5,50002.0,19.65,19.65,19.3,19.5,50,974450.0,1.9413217564448578e-08,1.9413217564448578e-08,3.953054164950999e-08,0.0,999.04
1323,2026-06-12,19.700000762939453,20.549999237060547,19.649999618530273,19.799999237060547,152078.0,19.7,20.55,19.65,19.8,152,3050250.0,3.8727891057641766e-08,3.712600748591449e-08,1.9413217564448578e-08,3.8532295648259734e-08,999.5131578947369
1323,2026-06-15,20.149999618530273,20.149999618530273,19.700000762939453,19.850000381469727,67000.0,20.15,20.15,19.7,19.85,67,1325550.0,1.893150000701809e-08,1.893150000701809e-08,3.8727891057641766e-08,1.9217618395033476e-08,999.0
1323,2026-06-16,19.75,19.950000762939453,19.600000381469727,19.649999618530273,46000.0,19.75,19.95,19.6,19.65,46,906650.0,0.0,3.82425791396262e-08,1.9462741078643598e-08,1.9413217564448578e-08,999.0
1323,2026-06-17,19.850000381469727,19.850000381469727,19.600000381469727,19.799999237060547,61000.0,19.85,19.85,19.6,19.8,61,1199850.0,1.9217618395033476e-08,1.9217618395033476e-08,1.9462741078643598e-08,3.8532295648259734e-08,999.0
1323,2026-06-18,19.850000381469727,19.950000762939453,19.75,19.799999237060547,102000.0,19.85,19.95,19.75,19.8,102,2023800.0,1.9217618395033476e-08,3.82425791396262e-08,0.0,3.8532295648259734e-08,999.0
1323,2026-06-22,19.850000381469727,20.100000381469727,19.649999618530273,20.0,508002.0,19.85,20.1,19.65,20.0,508,10055500.0,1.9217618395033476e-08,1.8978593290617636e-08,1.9413217564448578e-08,0.0,999.003937007874
1323,2026-06-23,20.0,20.049999237060547,19.600000381469727,19.850000381469727,78000.0,20.0,20.05,19.6,19.85,78,1539450.0,0.0,3.805184308406697e-08,1.9462741078643598e-08,1.9217618395033476e-08,999.0
1323,2026-06-24,19.649999618530273,19.899999618530273,19.600000381469727,19.899999618530273,169274.0,19.65,19.9,19.6,19.9,169,3339200.0,1.9413217564448578e-08,1.9169332921679123e-08,1.9462741078643598e-08,1.9169332921679123e-08,1000.6213017751479
1323,2026-06-25,19.899999618530273,19.950000762939453,19.75,19.799999237060547,29000.0,19.9,19.95,19.75,19.8,29,574300.0,1.9169332921679123e-08,3.82425791396262e-08,0.0,3.8532295648259734e-08,999.0
1323,2026-06-26,19.700000762939453,19.700000762939453,19.399999618530273,19.399999618530273,104004.0,19.7,19.7,19.4,19.4,104,2031950.0,3.8727891057641766e-08,3.8727891057641766e-08,1.966338789388735e-08,1.966338789388735e-08,999.0384615384615
1323,2026-06-29,19.649999618530273,19.700000762939453,19.450000762939453,19.700000762939453,17056.0,19.65,19.7,19.45,19.7,17,332850.0,1.9413217564448578e-08,3.8727891057641766e-08,3.9225678860439216e-08,3.8727891057641766e-08,1002.2941176470588
1323,2026-06-30,19.700000762939453,19.799999237060547,19.549999237060547,19.700000762939453,27105.0,19.7,19.8,19.55,19.7,27,530750.0,3.8727891057641766e-08,3.8532295648259734e-08,3.902503600181804e-08,3.8727891057641766e-08,1002.8888888888889
1323,2026-07-01,19.549999237060547,19.700000762939453,19.450000762939453,19.649999618530273,60004.0,19.55,19.7,19.45,19.65,60,1174150.0,3.902503600181804e-08,3.8727891057641766e-08,3.9225678860439216e-08,1.9413217564448578e-08,999.0666666666667
1323,2026-07-02,19.649999618530273,19.850000381469727,19.600000381469727,19.75,34000.0,19.65,19.85,19.6,19.75,34,670250.0,1.9413217564448578e-08,1.9217618395033476e-08,1.9462741078643598e-08,0.0,999.0
1323,2026-07-03,19.75,20.600000381469727,19.75,20.450000762939453,157100.0,19.75,20.6,19.75,20.45,157,3196150.0,0.0,1.851794782239876e-08,0.0,3.7307552754794264e-08,999.6369426751593
1323,2026-07-06,20.649999618530273,20.700000762939453,20.299999237060547,20.5,227001.0,20.65,20.7,20.3,20.5,227,4641650.0,1.8473110176339688e-08,3.6856978446161486e-08,3.758322432687402e-08,0.0,999.0044052863436
1323,2026-07-07,20.299999237060547,20.5,19.899999618530273,20.149999618530273,80046.0,20.3,20.5,19.9,20.15,80,1609700.0,3.758322432687402e-08,0.0,1.9169332921679123e-08,1.893150000701809e-08,999.575
1323,2026-07-08,20.149999618530273,20.600000381469727,20.149999618530273,20.399999618530273,133001.0,20.15,20.6,20.15,20.4,133,2709050.0,1.893150000701809e-08,1.851794782239876e-08,1.893150000701809e-08,1.8699496330461497e-08,999.0075187969925
1323,2026-07-09,20.350000381469727,20.399999618530273,20.049999237060547,20.399999618530273,49000.0,20.35,20.4,20.05,20.4,49,989500.0,1.8745441038890146e-08,1.8699496330461497e-08,3.805184308406697e-08,1.8699496330461497e-08,999.0
1323,2026-07-13,20.200000762939453,20.350000381469727,20.0,20.100000381469727,96000.0,20.2,20.35,20.0,20.1,91,1832650.0,3.7769279892848653e-08,1.8745441038890146e-08,0.0,1.8978593290617636e-08,1053.9450549450548
1323,2026-07-14,20.100000381469727,20.25,19.899999618530273,19.950000762939453,123001.0,20.1,20.25,19.9,19.95,118,2363300.0,1.8978593290617636e-08,0.0,1.9169332921679123e-08,3.82425791396262e-08,1041.3813559322034
1323,2026-07-15,20.149999618530273,20.299999237060547,19.799999237060547,20.049999237060547,122000.0,20.15,20.3,19.8,20.05,117,2341850.0,1.893150000701809e-08,3.758322432687402e-08,3.8532295648259734e-08,3.805184308406697e-08,1041.7350427350427
1323,2026-07-16,20.049999237060547,20.200000762939453,19.850000381469727,20.200000762939453,55050.0,20.05,20.2,19.85,20.2,50,1000300.0,3.805184308406697e-08,3.7769279892848653e-08,1.9217618395033476e-08,3.7769279892848653e-08,1100.0
1323,2026-07-17,20.350000381469727,20.350000381469727,19.850000381469727,20.200000762939453,50003.0,20.35,20.35,19.85,20.2,45,902600.0,1.8745441038890146e-08,1.8745441038890146e-08,1.9217618395033476e-08,3.7769279892848653e-08,1110.1777777777777
1323,2026-07-20,20.200000762939453,20.200000762939453,19.899999618530273,20.200000762939453,41004.0,20.2,20.2,19.9,20.2,36,722300.0,3.7769279892848653e-08,3.7769279892848653e-08,1.9169332921679123e-08,3.7769279892848653e-08,1138.0
1323,2026-07-21,20.0,20.200000762939453,19.75,19.899999618530273,122114.0,20.0,20.2,19.75,19.9,122,2429800.0,0.0,3.7769279892848653e-08,0.0,1.9169332921679123e-08,999.9344262295082
1323,2026-07-22,19.899999618530273,20.049999237060547,19.799999237060547,19.850000381469727,52115.0,19.9,20.05,19.8,19.85,42,833450.0,1.9169332921679123e-08,3.805184308406697e-08,3.8532295648259734e-08,1.9217618395033476e-08,1239.8333333333333
1323,2026-07-23,19.899999618530273,20.0,19.799999237060547,19.950000762939453,32050.0,19.9,20.0,19.8,19.95,22,437200.0,1.9169332921679123e-08,0.0,3.8532295648259734e-08,3.82425791396262e-08,1455.8181818181818
1323,2026-07-24,19.850000381469727,20.0,19.700000762939453,20.0,36097.0,19.85,20.0,19.7,20.0,31,616300.0,1.9217618395033476e-08,0.0,3.8727891057641766e-08,0.0,1163.4193548387098
1323,2026-07-27,19.75,19.950000762939453,19.700000762939453,19.899999618530273,28011.0,19.75,19.95,19.7,19.9,17,337100.0,0.0,3.82425791396262e-08,3.8727891057641766e-08,1.9169332921679123e-08,1646.7058823529412
1323,2026-07-28,19.75,19.850000381469727,19.399999618530273,19.799999237060547,39001.0,19.75,19.85,19.4,19.8,39,765900.0,0.0,1.9217618395033476e-08,1.966338789388735e-08,3.8532295648259734e-08,999.025641025641
1323,2026-07-29,20.0,20.0,19.5,19.899999618530273,61031.0,20.0,20.0,19.5,19.9,60,1181350.0,0.0,0.0,0.0,1.9169332921679123e-08,1016.1833333333333
1323,2026-07-30,19.799999237060547,19.950000762939453,19.600000381469727,19.649999618530273,27000.0,19.8,19.95,19.6,19.65,27,534400.0,3.8532295648259734e-08,3.82425791396262e-08,1.9462741078643598e-08,1.9413217564448578e-08,999.0
1323,2026-07-31,19.850000381469727,19.899999618530273,19.649999618530273,19.899999618530273,26001.0,19.85,19.9,19.65,19.9,26,515850.0,1.9217618395033476e-08,1.9169332921679123e-08,1.9413217564448578e-08,1.9169332921679123e-08,999.0384615384615
1323,2026-08-03,19.649999618530273,19.950000762939453,19.399999618530273,19.950000762939453,35125.0,19.65,19.95,19.4,19.95,35,690750.0,1.9413217564448578e-08,3.82425791396262e-08,1.966338789388735e-08,3.82425791396262e-08,1002.5714285714286
1323,2026-08-04,19.899999618530273,19.950000762939453,19.649999618530273,19.75,63005.0,19.9,19.95,19.65,19.75,63,1244600.0,1.9169332921679123e-08,3.82425791396262e-08,1.9413217564448578e-08,0.0,999.0793650793651
1323,2026-08-05,20.0,20.0,19.75,19.75,22020.0,20.0,20.0,19.75,19.75,22,436750.0,0.0,0.0,0.0,0.0,999.9090909090909
1323,2026-08-06,19.75,19.899999618530273,19.600000381469727,19.850000381469727,27000.0,19.75,19.9,19.6,19.85,27,533450.0,0.0,1.9169332921679123e-08,1.9462741078643598e-08,1.9217618395033476e-08,999.0
1323,2026-08-07,19.950000762939453,19.950000762939453,19.850000381469727,19.950000762939453,20020.0,19.95,19.95,19.85,19.95,20,398050.0,3.82425791396262e-08,3.82425791396262e-08,1.9217618395033476e-08,3.82425791396262e-08,1000.0
1323,2026-08-10,20.350000381469727,21.700000762939453,20.350000381469727,21.600000381469727,454051.0,20.35,21.7,20.35,21.6,451,9504050.0,1.8745441038890146e-08,3.515850017675312e-08,1.8745441038890146e-08,1.7660635423213634e-08,1005.7649667405765
1323,2026-08-11,22.049999237060547,22.100000381469727,21.25,21.549999237060547,192010.0,22.05,22.1,21.25,21.55,192,4148800.0,3.4600428745376086e-08,1.726107353581061e-08,0.0,3.540322291580245e-08,999.0520833333334
1323,2026-08-12,21.200000762939453,21.700000762939453,20.950000762939453,21.600000381469727,145000.0,21.2,21.7,20.95,21.6,145,3079100.0,3.5987710086582204e-08,3.515850017675312e-08,3.641715770098056e-08,1.7660635423213634e-08,999.0
1323,2026-08-13,21.600000381469727,21.950000762939453,21.450000762939453,21.700000762939453,117083.0,21.6,21.95,21.45,21.7,117,2531250.0,1.7660635423213634e-08,3.475806167815685e-08,3.556827290608591e-08,3.515850017675312e-08,999.7094017094017
1323,2026-08-14,21.700000762939453,21.700000762939453,21.350000381469727,21.399999618530273,51000.0,21.7,21.7,21.35,21.4,51,1095500.0,3.515850017675312e-08,3.515850017675312e-08,1.786743443285314e-08,1.7825688090720306e-08,999.0
1323,2026-08-17,21.399999618530273,21.549999237060547,21.200000762939453,21.5,45001.0,21.4,21.55,21.2,21.5,45,962800.0,1.7825688090720306e-08,3.540322291580245e-08,3.5987710086582204e-08,0.0,999.0222222222222
1323,2026-08-18,21.649999618530273,21.649999618530273,21.299999237060547,21.299999237060547,31011.0,21.65,21.65,21.3,21.3,31,664000.0,1.7619848736323997e-08,1.7619848736323997e-08,3.581875370119919e-08,3.581875370119919e-08,999.3548387096774
1323,2026-08-19,21.200000762939453,21.399999618530273,21.100000381469727,21.399999618530273,23000.0,21.2,21.4,21.1,21.4,23,489000.0,3.5987710086582204e-08,1.7825688090720306e-08,1.8079133892958033e-08,1.7825688090720306e-08,999.0
1434,2026-05-25,15.199999809265137,15.199999809265137,14.949999809265137,15.100000381469727,3612125.0,15.2,15.2,14.95,15.1,3606,54182750.0,1.2548346221757057e-08,1.2548346221757057e-08,1.2758184787338279e-08,2.5262895822368965e-08,1000.6985579589573
1434,2026-05-26,15.050000190734863,15.149999618530273,14.949999809265137,15.0,1693311.0,15.05,15.15,14.95,15.0,1691,25400400.0,1.2673412795395831e-08,2.5179519928565768e-08,1.2758184787338279e-08,0.0,1000.3666469544648
1434,2026-05-27,15.0,15.149999618530273,14.899999618530273,15.0,2097158.0,15.0,15.15,14.9,15.0,2094,31473350.0,0.0,2.5179519928565768e-08,2.560199509515244e-08,0.0,1000.5081184336199
1434,2026-05-28,15.0,15.050000190734863,14.800000190734863,14.949999809265137,2783627.0,15.0,15.05,14.8,14.95,2776,41407700.0,0.0,1.2673412795395831e-08,1.2887490714236977e-08,1.2758184787338279e-08,1001.7474783861671
1434,2026-05-29,14.949999809265137,15.449999809265137,14.949999809265137,15.449999809265137,3927463.0,14.95,15.45,14.95,15.45,3918,59759900.0,1.2758184787338279e-08,1.2345298548265843e-08,1.2758184787338279e-08,1.2345298548265843e-08,1001.4152628892292
1434,2026-06-01,15.399999618530273,15.699999809265137,15.199999809265137,15.550000190734863,4204131.0,15.4,15.7,15.2,15.55,4194,65042850.0,2.4770761488166972e-08,1.2148717361191545e-08,1.2548346221757057e-08,1.2265907560817186e-08,1001.4155937052933
1434,2026-06-02,15.550000190734863,15.800000190734863,15.5,15.75,2799676.0,15.55,15.8,15.5,15.75,2794,43886050.0,1.2265907560817186e-08,1.2071826744981471e-08,0.0,0.0,1001.0314960629921
1434,2026-06-03,15.949999809265137,16.75,15.949999809265137,16.649999618530273,7476294.0,15.95,16.75,15.95,16.65,7472,122695350.0,1.195829859377475e-08,0.0,1.195829859377475e-08,2.291109460308796e-08,999.5746788008565
1434,2026-06-04,16.799999237060547,17.200000762939453,16.649999618530273,16.899999618530273,7307873.0,16.8,17.2,16.65,16.9,7306,123804350.0,4.541306272830611e-08,4.435694499043853e-08,2.291109460308796e-08,2.2572173085290802e-08,999.2563646318094
1434,2026-06-05,16.899999618530273,16.899999618530273,16.299999237060547,16.600000381469727,2832623.0,16.9,16.9,16.3,16.6,2818,46692700.0,2.2572173085290802e-08,2.2572173085290802e-08,4.6806101462303235e-08,2.2980103924181596e-08,1004.1891412349183
1434,2026-06-08,15.899999618530273,16.25,15.800000190734863,16.149999618530273,3350541.0,15.9,16.25,15.8,16.15,3350,53873700.0,2.3991806724388137e-08,0.0,1.2071826744981471e-08,2.362041641742505e-08,999.1614925373134
1434,2026-06-09,16.049999237060547,16.649999618530273,16.049999237060547,16.350000381469727,2541502.0,16.05,16.65,16.05,16.35,2536,41598150.0,4.753516846327369e-08,2.291109460308796e-08,4.753516846327369e-08,2.333148166002535e-08,1001.1695583596214
1434,2026-06-10,16.25,16.600000381469727,16.25,16.450000762939453,2097280.0,16.25,16.6,16.25,16.45,2095,34487100.0,0.0,2.2980103924181596e-08,0.0,4.637929810550412e-08,1000.0883054892602
1434,2026-06-11,16.600000381469727,16.600000381469727,16.100000381469727,16.350000381469727,1418426.0,16.6,16.6,16.1,16.35,1416,23034700.0,2.2980103924181596e-08,2.2980103924181596e-08,2.3693771747913943e-08,2.333148166002535e-08,1000.7132768361582
1434,2026-06-12,16.5,16.799999237060547,16.450000762939453,16.649999618530273,2237306.0,16.5,16.8,16.45,16.65,2236,37230950.0,0.0,4.541306272830611e-08,4.637929810550412e-08,2.291109460308796e-08,999.5840787119857
1434,2026-06-15,16.850000381469727,16.950000762939453,16.700000762939453,16.75,2018877.0,16.85,16.95,16.7,16.75,2017,33915100.0,2.263915282738365e-08,4.501117721743615e-08,4.5684997235661246e-08,0.0,999.9305899851264
1434,2026-06-16,16.799999237060547,17.049999237060547,16.75,16.799999237060547,2305893.0,16.8,17.05,16.75,16.8,2304,38922050.0,4.541306272830611e-08,4.4747182043140336e-08,0.0,4.541306272830611e-08,999.8216145833334
1434,2026-06-17,16.799999237060547,16.899999618530273,16.649999618530273,16.850000381469727,1911093.0,16.8,16.9,16.65,16.85,1908,32045500.0,4.541306272830611e-08,2.2572173085290802e-08,2.291109460308796e-08,2.263915282738365e-08,1000.62106918239
1434,2026-06-18,16.899999618530273,17.299999237060547,16.899999618530273,16.950000762939453,2811178.0,16.9,17.3,16.9,16.95,2810,47965900.0,2.2572173085290802e-08,4.4100546464482236e-08,2.2572173085290802e-08,4.501117721743615e-08,999.4192170818505
1434,2026-06-22,17.049999237060547,17.100000381469727,16.799999237060547,16.899999618530273,4697573.0,17.05,17.1,16.8,16.9,4696,79442100.0,4.4747182043140336e-08,2.2308171060901433e-08,4.541306272830611e-08,2.2572173085290802e-08,999.3349659284497
1434,2026-06-23,16.950000762939453,17.100000381469727,16.450000762939453,16.600000381469727,4694385.0,16.95,17.1,16.45,16.6,4693,78094950.0,4.501117721743615e-08,2.2308171060901433e-08,4.637929810550412e-08,2.2980103924181596e-08,999.2951203920733
1434,2026-06-24,16.5,16.950000762939453,16.399999618530273,16.950000762939453,4268405.0,16.5,16.95,16.4,16.95,4222,70391100.0,0.0,4.501117721743615e-08,2.326034909398869e-08,4.501117721743615e-08,1009.9912363808621
1434,2026-06-25,17.0,17.600000381469727,17.0,17.399999618530273,6424149.0,17.0,17.6,17.0,17.4,6421,111400750.0,0.0,2.1674416201216733e-08,0.0,2.192354742192038e-08,999.4904220526398
1434,2026-06-26,17.200000762939453,17.25,16.700000762939453,16.700000762939453,3187674.0,17.2,17.25,16.7,16.7,3183,53924600.0,4.435694499043853e-08,0.0,4.5684997235661246e-08,4.5684997235661246e-08,1000.4684260131951
1434,2026-06-29,16.899999618530273,17.149999618530273,16.75,17.0,2261863.0,16.9,17.15,16.75,17.0,2260,38376950.0,2.2572173085290802e-08,2.2243132661306973e-08,0.0,0.0,999.8243362831859
1434,2026-06-30,17.0,17.100000381469727,16.850000381469727,16.950000762939453,1306459.0,17.0,17.1,16.85,16.95,1305,22098750.0,0.0,2.2308171060901433e-08,2.263915282738365e-08,4.501117721743615e-08,1000.1180076628352
1434,2026-07-01,17.100000381469727,17.100000381469727,16.700000762939453,16.850000381469727,1481353.0,17.1,17.1,16.7,16.85,1479,24946650.0,2.2308171060901433e-08,2.2308171060901433e-08,4.5684997235661246e-08,2.263915282738365e-08,1000.5909398242055
1434,2026-07-02,16.799999237060547,17.799999237060547,16.649999618530273,17.5,7598222.0,16.8,17.8,16.65,17.5,7594,132260250.0,4.541306272830611e-08,4.286176706941251e-08,2.291109460308796e-08,0.0,999.5559652357124
1434,2026-07-03,17.5,19.25,17.450000762939453,18.899999618530273,34536115.0,17.5,19.25,17.45,18.9,34498,648183150.0,0.0,0.0,4.372145867252394e-08,2.0183583340815585e-08,1000.1048466577772
1434,2026-07-06,18.75,19.399999618530273,18.299999237060547,18.950000762939453,15415244.0,18.75,19.4,18.3,18.95,15405,292396000.0,0.0,1.966338789388735e-08,4.169068053746135e-08,4.0260657194487743e-08,999.6649789029536
1434,2026-07-07,19.0,19.0,18.049999237060547,18.149999618530273,7752100.0,19.0,19.0,18.05,18.15,7747,142345550.0,0.0,0.0,4.2268113785902644e-08,2.1017615710270776e-08,999.6583193494256
1434,2026-07-08,18.049999237060547,18.350000381469727,17.899999618530273,18.049999237060547,3004692.0,18.05,18.35,17.9,18.05,3002,54321800.0,4.2268113785902644e-08,2.0788540879641116e-08,2.1311157829129306e-08,4.2268113785902644e-08,999.8967355096602
1434,2026-07-09,18.100000381469727,18.100000381469727,17.649999618530273,17.700000762939453,3053041.0,18.1,18.1,17.65,17.7,3049,54176150.0,2.1075675422177598e-08,2.1075675422177598e-08,2.16130155887487e-08,4.310392394551089e-08,1000.3253525746146
1434,2026-07-13,17.850000381469727,18.899999618530273,17.850000381469727,18.5,7168310.0,17.85,18.9,17.85,18.5,7155,132499400.0,2.137085294909885e-08,2.0183583340815585e-08,2.137085294909885e-08,0.0,1000.8602375960867
1434,2026-07-14,18.700000762939453,18.799999237060547,18.149999618530273,18.299999237060547,5679301.0,18.7,18.8,18.15,18.3,5671,104045750.0,4.079890127462795e-08,4.0581885842316104e-08,2.1017615710270776e-08,4.169068053746135e-08,1000.4637630047611
1434,2026-07-15,18.5,19.549999237060547,18.5,19.549999237060547,15016714.0,18.5,19.55,18.5,19.55,14968,286959250.0,0.0,3.902503600181804e-08,0.0,3.902503600181804e-08,1002.2545430251203
1434,2026-07-16,19.100000381469727,20.450000762939453,19.0,19.450000762939453,18961388.0,19.1,20.45,19.0,19.45,18954,372463700.0,1.9972236918398664e-08,3.7307552754794264e-08,0.0,3.9225678860439216e-08,999.3897857971932
1434,2026-07-17,19.5,20.200000762939453,19.0,19.200000762939453,25217150.0,19.5,20.2,19.0,19.2,25198,493816900.0,0.0,3.7769279892848653e-08,0.0,3.973642988726785e-08,999.7599809508691
1434,2026-07-20,19.299999237060547,19.299999237060547,18.399999618530273,18.549999237060547,6946218.0,19.3,19.3,18.4,18.55,6939,129911250.0,3.953054164950999e-08,3.953054164950999e-08,2.0732050279424704e-08,4.112881152752252e-08,1000.0402075226978
1434,2026-07-21,18.850000381469727,19.350000381469727,18.799999237060547,19.0,6952017.0,18.85,19.35,18.8,19.0,6941,131872700.0,2.0237120697157266e-08,1.9714197681726848e-08,4.0581885842316104e-08,0.0,1000.5872352686932
1434,2026-07-22,19.149999618530273,19.850000381469727,19.049999237060547,19.200000762939453,15881556.0,19.15,19.85,19.05,19.2,15868,309019100.0,1.9920090085713555e-08,1.9217618395033476e-08,4.0049315161970747e-08,3.973642988726785e-08,999.8542979581548
1434,2026-07-23,19.100000381469727,21.0,19.049999237060547,19.5,24605912.0,19.1,21.0,19.05,19.5,24573,493331150.0,1.9972236918398664e-08,0.0,4.0049315161970747e-08,0.0,1000.3393562039637
1434,2026-07-24,19.450000762939453,19.5,18.799999237060547,19.149999618530273,7596999.0,19.45,19.5,18.8,19.15,7593,144956600.0,3.9225678860439216e-08,0.0,4.0581885842316104e-08,1.9920090085713555e-08,999.5266693006716
1434,2026-07-27,19.100000381469727,19.100000381469727,18.200000762939453,18.5,5878241.0,19.1,19.1,18.2,18.5,5859,108096950.0,1.9972236918398664e-08,1.9972236918398664e-08,4.191975021074411e-08,0.0,1002.2840075098139
1434,2026-07-28,18.25,18.25,17.700000762939453,18.0,4053690.0,18.25,18.25,17.7,18.0,4052,72743350.0,0.0,0.0,4.310392394551089e-08,0.0,999.4170779861797
1434,2026-07-29,18.200000762939453,18.200000762939453,17.200000762939453,17.600000381469727,5873813.0,18.2,18.2,17.2,17.6,5863,102989100.0,4.191975021074411e-08,4.191975021074411e-08,4.435694499043853e-08,2.1674416201216733e-08,1000.844277673546
1434,2026-07-30,17.75,17.75,17.200000762939453,17.350000381469727,3232296.0,17.75,17.75,17.2,17.35,3228,56333600.0,0.0,0.0,4.435694499043853e-08,2.1986727673856743e-08,1000.3308550185874
1434,2026-07-31,17.799999237060547,18.149999618530273,17.25,17.25,4860200.0,17.8,18.15,17.25,17.25,4857,84903550.0,4.286176706941251e-08,2.1017615710270776e-08,0.0,0.0,999.6588429071443
1434,2026-08-03,17.25,17.549999237060547,17.049999237060547,17.100000381469727,2837097.0,17.25,17.55,17.05,17.1,2822,48600700.0,0.0,4.347233355188277e-08,4.4747182043140336e-08,2.2308171060901433e-08,1004.3497519489723
1434,2026-08-04,16.899999618530273,17.399999618530273,16.899999618530273,17.350000381469727,2598510.0,16.9,17.4,16.9,17.35,2595,44593200.0,2.2572173085290802e-08,2.192354742192038e-08,2.2572173085290802e-08,2.1986727673856743e-08,1000.3526011560693
1434,2026-08-05,17.399999618530273,17.600000381469727,17.25,17.25,1953315.0,17.4,17.6,17.25,17.25,1950,33842500.0,2.192354742192038e-08,2.1674416201216733e-08,0.0,0.0,1000.7
1434,2026-08-06,17.149999618530273,17.299999237060547,17.049999237060547,17.100000381469727,1917550.0,17.15,17.3,17.05,17.1,1914,32811000.0,2.2243132661306973e-08,4.4100546464482236e-08,4.4747182043140336e-08,2.2308171060901433e-08,1000.8547544409613
1434,2026-08-07,17.100000381469727,17.399999618530273,17.100000381469727,17.25,1617417.0,17.1,17.4,17.1,17.25,1615,27911250.0,2.2308171060901433e-08,2.192354742192038e-08,2.2308171060901433e-08,0.0,1000.4965944272445
1434,2026-08-10,17.450000762939453,17.75,17.200000762939453,17.700000762939453,2617465.0,17.45,17.75,17.2,17.7,2614,45948150.0,4.372145867252394e-08,0.0,4.435694499043853e-08,4.310392394551089e-08,1000.3255547054323
1434,2026-08-11,17.649999618530273,17.850000381469727,17.450000762939453,17.75,1995396.0,17.65,17.85,17.45,17.75,1988,35192050.0,2.16130155887487e-08,2.137085294909885e-08,4.372145867252394e-08,0.0,1002.7203219315895
1434,2026-08-12,17.799999237060547,17.950000762939453,17.700000762939453,17.700000762939453,1159909.0,17.8,17.95,17.7,17.7,1159,20604950.0,4.286176706941251e-08,4.2503590742927175e-08,4.310392394551089e-08,4.310392394551089e-08,999.7842968075928
1434,2026-08-13,17.950000762939453,17.950000762939453,17.549999237060547,17.600000381469727,1326738.0,17.95,17.95,17.55,17.6,1325,23393450.0,4.2503590742927175e-08,4.2503590742927175e-08,4.347233355188277e-08,2.1674416201216733e-08,1000.3116981132075
1434,2026-08-14,17.700000762939453,17.75,17.450000762939453,17.5,1801417.0,17.7,17.75,17.45,17.5,1801,31615950.0,4.310392394551089e-08,0.0,4.372145867252394e-08,0.0,999.2315380344253
1434,2026-08-17,17.5,17.649999618530273,17.5,17.600000381469727,1094905.0,17.5,17.65,17.5,17.6,1094,19238250.0,0.0,2.16130155887487e-08,0.0,2.1674416201216733e-08,999.827239488117
1434,2026-08-18,17.600000381469727,17.75,17.5,17.549999237060547,1304467.0,17.6,17.75,17.5,17.55,1303,22932100.0,2.1674416201216733e-08,0.0,0.0,4.347233355188277e-08,1000.1258633921719
1434,2026-08-19,17.549999237060547,17.600000381469727,17.350000381469727,17.5,1145510.0,17.55,17.6,17.35,17.5,1145,20032300.0,4.347233355188277e-08,2.1674416201216733e-08,2.1986727673856743e-08,0.0,999.4454148471616
1457,2026-05-25,14.100000381469727,14.100000381469727,13.699999809265137,13.850000381469727,327811.0,14.1,14.1,13.7,13.85,327,4517100.0,2.705459056154407e-08,2.705459056154407e-08,1.3922252742387392e-08,2.7542940571680242e-08,1001.480122324159
1457,2026-05-26,13.850000381469727,13.949999809265137,13.800000190734863,13.949999809265137,180521.0,13.85,13.95,13.8,13.95,180,2494700.0,2.7542940571680242e-08,1.3672750005068621e-08,1.3821366852949801e-08,1.3672750005068621e-08,1001.8944444444444
1457,2026-05-27,13.899999618530273,14.0,13.800000190734863,13.949999809265137,132113.0,13.9,14.0,13.8,13.95,130,1802550.0,2.7443865245882833e-08,0.0,1.3821366852949801e-08,1.3672750005068621e-08,1015.2538461538461
1457,2026-05-28,13.949999809265137,13.949999809265137,13.850000381469727,13.949999809265137,101800.0,13.95,13.95,13.85,13.95,99,1375800.0,1.3672750005068621e-08,1.3672750005068621e-08,2.7542940571680242e-08,1.3672750005068621e-08,1027.2828282828282
1457,2026-05-29,13.949999809265137,14.050000190734863,13.899999618530273,14.0,156189.0,13.95,14.05,13.9,14.0,156,2181000.0,1.3672750005068621e-08,1.3575435058413328e-08,2.7443865245882833e-08,0.0,1000.2115384615385
1457,2026-06-01,14.0,14.050000190734863,13.899999618530273,14.0,205307.0,14.0,14.05,13.9,14.0,205,2869350.0,0.0,1.3575435058413328e-08,2.7443865245882833e-08,0.0,1000.4975609756098
1457,2026-06-02,13.949999809265137,14.0,13.850000381469727,13.949999809265137,255450.0,13.95,14.0,13.85,13.95,254,3525650.0,1.3672750005068621e-08,0.0,2.7542940571680242e-08,1.3672750005068621e-08,1004.7086614173228
1457,2026-06-03,14.050000190734863,14.850000381469727,14.0,14.75,606525.0,14.05,14.85,14.0,14.75,602,8648500.0,1.3575435058413328e-08,2.5688197098839823e-08,0.0,0.0,1006.5166112956811
1457,2026-06-04,15.899999618530273,16.200000762939453,15.300000190734863,15.550000190734863,2620045.0,15.9,16.2,15.3,15.55,2616,41405750.0,2.3991806724388137e-08,4.709502801453968e-08,1.2466330886974331e-08,1.2265907560817186e-08,1000.54625382263
1457,2026-06-05,15.75,15.800000190734863,15.050000190734863,15.5,1084059.0,15.75,15.8,15.05,15.5,1084,16824050.0,0.0,1.2071826744981471e-08,1.2673412795395831e-08,0.0,999.0544280442805
1457,2026-06-08,14.600000381469727,14.899999618530273,14.0,14.899999618530273,630010.0,14.6,14.9,14.0,14.9,630,9146700.0,2.612806348751859e-08,2.560199509515244e-08,0.0,2.560199509515244e-08,999.015873015873
1457,2026-06-09,14.600000381469727,14.949999809265137,14.600000381469727,14.649999618530273,342081.0,14.6,14.95,14.6,14.65,342,5047250.0,2.612806348751859e-08,1.2758184787338279e-08,2.612806348751859e-08,2.6038889209404187e-08,999.2368421052631
1457,2026-06-10,14.850000381469727,15.449999809265137,14.449999809265137,14.649999618530273,874875.0,14.85,15.45,14.45,14.65,874,13029900.0,2.5688197098839823e-08,1.2345298548265843e-08,1.3199644468561057e-08,2.6038889209404187e-08,1000.0011441647597
1457,2026-06-11,14.649999618530273,14.649999618530273,14.199999809265137,14.350000381469727,241210.0,14.65,14.65,14.2,14.35,241,3461000.0,2.6038889209404187e-08,2.6038889209404187e-08,1.3432032575401921e-08,2.658325623120358e-08,999.8713692946058
1457,2026-06-12,14.550000190734863,14.600000381469727,14.399999618530273,14.550000190734863,257059.0,14.55,14.6,14.4,14.55,257,3733700.0,1.3108925262591564e-08,2.612806348751859e-08,2.6490953258178568e-08,1.3108925262591564e-08,999.2295719844358
1457,2026-06-15,14.75,14.75,14.449999809265137,14.550000190734863,178070.0,14.75,14.75,14.45,14.55,178,2585800.0,0.0,0.0,1.3199644468561057e-08,1.3108925262591564e-08,999.3932584269663
1457,2026-06-16,14.600000381469727,14.600000381469727,14.449999809265137,14.449999809265137,124831.0,14.6,14.6,14.45,14.45,124,1795400.0,2.612806348751859e-08,2.612806348751859e-08,1.3199644468561057e-08,1.3199644468561057e-08,1005.7016129032259
1457,2026-06-17,14.449999809265137,14.5,14.350000381469727,14.399999618530273,178000.0,14.45,14.5,14.35,14.4,178,2563700.0,1.3199644468561057e-08,0.0,2.658325623120358e-08,2.6490953258178568e-08,999.0
1457,2026-06-18,14.399999618530273,14.449999809265137,14.25,14.300000190734863,376794.0,14.4,14.45,14.25,14.3,376,5382250.0,2.6490953258178568e-08,1.3199644468561057e-08,0.0,1.3338102277671836e-08,1001.1117021276596
1457,2026-06-22,14.399999618530273,14.399999618530273,14.149999618530273,14.199999809265137,238071.0,14.4,14.4,14.15,14.2,237,3368950.0,2.6490953258178568e-08,2.6490953258178568e-08,2.6958991301609282e-08,1.3432032575401921e-08,1003.5189873417721
1457,2026-06-23,14.300000190734863,14.300000190734863,14.100000381469727,14.149999618530273,168020.0,14.3,14.3,14.1,14.15,168,2375000.0,1.3338102277671836e-08,1.3338102277671836e-08,2.705459056154407e-08,2.6958991301609282e-08,999.1190476190476
1457,2026-06-24,14.050000190734863,14.25,14.050000190734863,14.199999809265137,125001.0,14.05,14.25,14.05,14.2,125,1770700.0,1.3575435058413328e-08,0.0,1.3575435058413328e-08,1.3432032575401921e-08,999.008
1457,2026-06-25,14.100000381469727,14.199999809265137,14.100000381469727,14.199999809265137,140600.0,14.1,14.2,14.1,14.2,140,1979450.0,2.705459056154407e-08,1.3432032575401921e-08,2.705459056154407e-08,1.3432032575401921e-08,1003.2857142857143
1457,2026-06-26,14.100000381469727,14.199999809265137,14.0,14.050000190734863,196500.0,14.1,14.2,14.0,14.05,196,2755300.0,2.705459056154407e-08,1.3432032575401921e-08,0.0,1.3575435058413328e-08,1001.5510204081633
1457,2026-06-29,14.050000190734863,14.25,14.050000190734863,14.25,81200.0,14.05,14.25,14.05,14.25,81,1147200.0,1.3575435058413328e-08,0.0,1.3575435058413328e-08,0.0,1001.4691358024692
1457,2026-06-30,14.25,14.25,14.0,14.050000190734863,130050.0,14.25,14.25,14.0,14.05,130,1830250.0,0.0,0.0,0.0,1.3575435058413328e-08,999.3846153846154
1457,2026-07-01,14.050000190734863,14.100000381469727,14.0,14.100000381469727,164059.0,14.05,14.1,14.0,14.1,163,2290700.0,1.3575435058413328e-08,2.705459056154407e-08,0.0,2.705459056154407e-08,1005.4969325153374
1457,2026-07-02,14.199999809265137,14.449999809265137,14.100000381469727,14.399999618530273,238104.0,14.2,14.45,14.1,14.4,238,3409200.0,1.3432032575401921e-08,1.3199644468561057e-08,2.705459056154407e-08,2.6490953258178568e-08,999.436974789916
1457,2026-07-03,14.25,15.0,14.25,14.699999809265137,432051.0,14.25,15.0,14.25,14.7,432,6360450.0,0.0,0.0,0.0,1.2975160719095733e-08,999.1180555555555
1457,2026-07-06,14.699999809265137,14.899999618530273,14.649999618530273,14.699999809265137,155000.0,14.7,14.9,14.65,14.7,155,2282300.0,1.2975160719095733e-08,2.560199509515244e-08,2.6038889209404187e-08,1.2975160719095733e-08,999.0
1457,2026-07-07,14.649999618530273,14.800000190734863,14.25,14.399999618530273,98000.0,14.65,14.8,14.25,14.4,98,1416150.0,2.6038889209404187e-08,1.2887490714236977e-08,0.0,2.6490953258178568e-08,999.0
1457,2026-07-08,14.600000381469727,14.600000381469727,14.300000190734863,14.399999618530273,67983.0,14.6,14.6,14.3,14.4,67,964350.0,2.612806348751859e-08,2.612806348751859e-08,1.3338102277671836e-08,2.6490953258178568e-08,1013.6716417910447
1457,2026-07-09,14.300000190734863,14.350000381469727,14.149999618530273,14.149999618530273,108344.0,14.3,14.35,14.15,14.15,108,1537050.0,1.3338102277671836e-08,2.658325623120358e-08,2.6958991301609282e-08,2.6958991301609282e-08,1002.1851851851852
1457,2026-07-13,14.149999618530273,14.300000190734863,14.100000381469727,14.25,83000.0,14.15,14.3,14.1,14.25,83,1175900.0,2.6958991301609282e-08,1.3338102277671836e-08,2.705459056154407e-08,0.0,999.0
1457,2026-07-14,14.25,14.25,14.100000381469727,14.100000381469727,102000.0,14.25,14.25,14.1,14.1,102,1445100.0,0.0,0.0,2.705459056154407e-08,2.705459056154407e-08,999.0
1457,2026-07-15,14.149999618530273,14.399999618530273,14.0,14.399999618530273,133549.0,14.15,14.4,14.0,14.4,133,1878800.0,2.6958991301609282e-08,2.6490953258178568e-08,0.0,2.6490953258178568e-08,1003.1278195488721
1457,2026-07-16,14.399999618530273,14.399999618530273,14.100000381469727,14.399999618530273,51720.0,14.4,14.4,14.1,14.4,51,729900.0,2.6490953258178568e-08,2.6490953258178568e-08,2.705459056154407e-08,2.6490953258178568e-08,1013.1176470588235
1457,2026-07-17,14.300000190734863,14.399999618530273,14.100000381469727,14.25,65050.0,14.3,14.4,14.1,14.25,65,925450.0,1.3338102277671836e-08,2.6490953258178568e-08,2.705459056154407e-08,0.0,999.7692307692307
1457,2026-07-20,14.300000190734863,14.399999618530273,14.199999809265137,14.25,102001.0,14.3,14.4,14.2,14.25,102,1459900.0,1.3338102277671836e-08,2.6490953258178568e-08,1.3432032575401921e-08,0.0,999.0098039215686
1457,2026-07-21,14.199999809265137,14.300000190734863,14.199999809265137,14.300000190734863,90000.0,14.2,14.3,14.2,14.3,90,1285150.0,1.3432032575401921e-08,1.3338102277671836e-08,1.3432032575401921e-08,1.3338102277671836e-08,999.0
1457,2026-07-22,14.300000190734863,14.300000190734863,14.100000381469727,14.25,121000.0,14.3,14.3,14.1,14.25,121,1720200.0,1.3338102277671836e-08,1.3338102277671836e-08,2.705459056154407e-08,0.0,999.0
1457,2026-07-23,14.25,14.25,14.149999618530273,14.25,40673.0,14.25,14.25,14.15,14.25,40,568000.0,0.0,0.0,2.6958991301609282e-08,0.0,1015.825
1457,2026-07-24,14.199999809265137,14.300000190734863,14.149999618530273,14.300000190734863,139200.0,14.2,14.3,14.15,14.3,139,1974600.0,1.3432032575401921e-08,1.3338102277671836e-08,2.6958991301609282e-08,1.3338102277671836e-08,1000.4388489208633
1457,2026-07-27,14.300000190734863,14.399999618530273,14.199999809265137,14.350000381469727,84050.0,14.3,14.4,14.2,14.35,84,1200450.0,1.3338102277671836e-08,2.6490953258178568e-08,1.3432032575401921e-08,2.658325623120358e-08,999.5952380952381
1457,2026-07-28,14.350000381469727,14.350000381469727,14.0,14.350000381469727,150100.0,14.35,14.35,14.0,14.35,150,2120250.0,2.658325623120358e-08,2.658325623120358e-08,0.0,2.658325623120358e-08,999.6666666666666
1457,2026-07-29,14.350000381469727,14.350000381469727,14.199999809265137,14.300000190734863,169360.0,14.35,14.35,14.2,14.3,169,2408500.0,2.658325623120358e-08,2.658325623120358e-08,1.3432032575401921e-08,1.3338102277671836e-08,1001.1301775147929
1457,2026-07-30,14.350000381469727,14.350000381469727,14.149999618530273,14.25,109703.0,14.35,14.35,14.15,14.25,109,1551800.0,2.658325623120358e-08,2.658325623120358e-08,2.6958991301609282e-08,0.0,1005.4495412844037
1457,2026-07-31,14.300000190734863,14.300000190734863,14.25,14.300000190734863,44480.0,14.3,14.3,14.25,14.3,43,613200.0,1.3338102277671836e-08,1.3338102277671836e-08,0.0,1.3338102277671836e-08,1033.4186046511627
1457,2026-08-03,14.149999618530273,14.300000190734863,14.100000381469727,14.300000190734863,56988.0,14.15,14.3,14.1,14.3,56,794600.0,2.6958991301609282e-08,1.3338102277671836e-08,2.705459056154407e-08,1.3338102277671836e-08,1016.6428571428571
1457,2026-08-04,14.100000381469727,14.300000190734863,14.050000190734863,14.300000190734863,158635.0,14.1,14.3,14.05,14.3,158,2237100.0,2.705459056154407e-08,1.3338102277671836e-08,1.3575435058413328e-08,1.3338102277671836e-08,1003.0189873417721
1457,2026-08-05,14.300000190734863,14.300000190734863,14.199999809265137,14.25,71015.0,14.3,14.3,14.2,14.25,71,1011500.0,1.3338102277671836e-08,1.3338102277671836e-08,1.3432032575401921e-08,0.0,999.2112676056338
1457,2026-08-06,14.199999809265137,14.199999809265137,14.0,14.050000190734863,206911.0,14.2,14.2,14.0,14.05,206,2898400.0,1.3432032575401921e-08,1.3432032575401921e-08,0.0,1.3575435058413328e-08,1003.4223300970874
1457,2026-08-07,14.199999809265137,14.199999809265137,13.899999618530273,14.050000190734863,217719.0,14.2,14.2,13.9,14.05,217,3037900.0,1.3432032575401921e-08,1.3432032575401921e-08,2.7443865245882833e-08,1.3575435058413328e-08,1002.3133640552995
1457,2026-08-10,14.100000381469727,14.149999618530273,14.100000381469727,14.100000381469727,73661.0,14.1,14.15,14.1,14.1,73,1030450.0,2.705459056154407e-08,2.6958991301609282e-08,2.705459056154407e-08,2.705459056154407e-08,1008.054794520548
1457,2026-08-11,14.149999618530273,14.25,14.100000381469727,14.149999618530273,50500.0,14.15,14.25,14.1,14.15,50,707850.0,2.6958991301609282e-08,0.0,2.705459056154407e-08,2.6958991301609282e-08,1009.0
1457,2026-08-12,14.25,14.699999809265137,14.25,14.399999618530273,273100.0,14.25,14.7,14.25,14.4,273,3959750.0,0.0,1.2975160719095733e-08,0.0,2.6490953258178568e-08,999.3663003663004
1457,2026-08-13,14.5,14.600000381469727,14.350000381469727,14.550000190734863,119005.0,14.5,14.6,14.35,14.55,119,1719400.0,0.0,2.612806348751859e-08,2.658325623120358e-08,1.3108925262591564e-08,999.0420168067227
1457,2026-08-14,14.5,14.5,14.0,14.350000381469727,152550.0,14.5,14.5,14.0,14.35,152,2175700.0,0.0,0.0,0.0,2.658325623120358e-08,1002.6184210526316
1457,2026-08-17,14.350000381469727,14.5,14.350000381469727,14.449999809265137,33830.0,14.35,14.5,14.35,14.45,33,475900.0,2.658325623120358e-08,0.0,2.658325623120358e-08,1.3199644468561057e-08,1024.1515151515152
1457,2026-08-18,14.25,14.399999618530273,14.25,14.350000381469727,50633.0,14.25,14.4,14.25,14.35,50,715500.0,0.0,2.6490953258178568e-08,0.0,2.658325623120358e-08,1011.66
1457,2026-08-19,14.25,14.399999618530273,14.199999809265137,14.350000381469727,92000.0,14.25,14.4,14.2,14.35,92,1313800.0,0.0,2.6490953258178568e-08,1.3432032575401921e-08,2.658325623120358e-08,999.0
1513,2026-05-25,158.0,160.0,155.5,160.0,12213007.0,158.0,160.0,155.5,160.0,12155,1925935500.0,0.0,0.0,0.0,0.0,1003.7722747840395
1513,2026-05-26,166.0,172.0,164.0,165.0,33346503.0,166.0,172.0,164.0,165.0,33315,5576808000.0,0.0,0.0,0.0,0.0,999.9456100855471
1513,2026-05-27,168.5,175.5,166.5,169.0,30328576.0,168.5,175.5,166.5,169.0,30268,5152118000.0,0.0,0.0,0.0,0.0,1001.0013215276861
1513,2026-05-28,170.0,177.0,165.0,165.5,30296076.0,170.0,177.0,165.0,165.5,30263,5167727500.0,0.0,0.0,0.0,0.0,1000.0929517893137
1513,2026-05-29,168.5,169.5,165.0,166.5,12524950.0,168.5,169.5,165.0,166.5,12472,2072163000.0,0.0,0.0,0.0,0.0,1003.2455099422707
1513,2026-06-01,167.5,171.0,166.5,168.5,9592773.0,167.5,171.0,166.5,168.5,9577,1616516500.0,0.0,0.0,0.0,0.0,1000.6469666910306
1513,2026-06-02,169.5,170.0,165.0,168.0,8544093.0,169.5,170.0,165.0,168.0,8512,1423358500.0,0.0,0.0,0.0,0.0,1002.7703242481203
1513,2026-06-03,171.0,184.5,169.0,184.5,45082819.0,171.0,184.5,169.0,184.5,45064,8087731500.0,0.0,0.0,0.0,0.0,999.4176060713652
1513,2026-06-04,190.0,201.0,186.5,187.0,78352133.0,190.0,201.0,186.5,187.0,78232,15159958500.0,0.0,0.0,0.0,0.0,1000.5355992432765
1513,2026-06-05,187.0,187.5,169.0,170.5,39415798.0,187.0,187.5,169.0,170.5,39304,6820688000.0,0.0,0.0,0.0,0.0,1001.8444433136576
1513,2026-06-08,155.0,169.5,155.0,169.5,18133991.0,155.0,169.5,155.0,169.5,18065,2951984000.0,0.0,0.0,0.0,0.0,1002.81904234708
1513,2026-06-09,171.0,171.0,167.0,169.5,10720240.0,171.0,171.0,167.0,169.5,10686,1808992500.0,0.0,0.0,0.0,0.0,1002.2041924012727
1513,2026-06-10,168.0,171.5,164.5,164.5,9213673.0,168.0,171.5,164.5,164.5,9179,1539137500.0,0.0,0.0,0.0,0.0,1002.7774267349384
1513,2026-06-11,164.0,167.0,160.5,164.0,6606343.0,164.0,167.0,160.5,164.0,6597,1080588000.0,0.0,0.0,0.0,0.0,1000.41624981052
1513,2026-06-12,169.5,170.0,167.0,167.0,6459562.0,169.5,170.0,167.0,167.0,6444,1085868000.0,0.0,0.0,0.0,0.0,1001.4149596523898
1513,2026-06-15,170.0,171.5,169.5,170.0,6111618.0,170.0,171.5,169.5,170.0,6096,1039862000.0,0.0,0.0,0.0,0.0,1001.5620078740158
1513,2026-06-16,171.5,171.5,168.0,168.5,3826340.0,171.5,171.5,168.0,168.5,3819,646619500.0,0.0,0.0,0.0,0.0,1000.9219691018591
1513,2026-06-17,171.0,172.5,168.0,172.0,10563264.0,171.0,172.5,168.0,172.0,10535,1799151500.0,0.0,0.0,0.0,0.0,1001.6828666350261
1513,2026-06-18,173.0,176.5,171.0,176.5,17572873.0,173.0,176.5,171.0,176.5,17503,3063679000.0,0.0,0.0,0.0,0.0,1002.9920585042564
1513,2026-06-22,181.0,181.0,176.0,181.0,16736166.0,181.0,181.0,176.0,181.0,16687,2986611500.0,0.0,0.0,0.0,0.0,1001.9463654341703
1513,2026-06-23,183.5,184.5,178.5,182.0,18062152.0,183.5,184.5,178.5,182.0,17989,3259773500.0,0.0,0.0,0.0,0.0,1003.066485074212
1513,2026-06-24,183.0,185.0,179.0,185.0,20917478.0,183.0,185.0,179.0,185.0,20845,3813071500.0,0.0,0.0,0.0,0.0,1002.4769968817462
1513,2026-06-25,185.5,185.5,182.0,185.0,13498786.0,185.5,185.5,182.0,185.0,13459,2477550500.0,0.0,0.0,0.0,0.0,1001.9560888624712
1513,2026-06-26,183.5,183.5,175.5,175.5,12400543.0,183.5,183.5,175.5,175.5,12351,2209093000.0,0.0,0.0,0.0,0.0,1003.0112541494616
1513,2026-06-29,176.5,180.5,175.0,175.5,6607493.0,176.5,180.5,175.0,175.5,6584,1167094000.0,0.0,0.0,0.0,0.0,1002.5681956257595
1513,2026-06-30,178.0,178.0,176.0,177.0,4739448.0,178.0,178.0,176.0,177.0,4717,835240000.0,0.0,0.0,0.0,0.0,1003.7589569641722
1513,2026-07-01,179.0,180.5,176.5,177.0,4118477.0,179.0,180.5,176.5,177.0,4105,731091000.0,0.0,0.0,0.0,0.0,1002.2830694275274
1513,2026-07-02,177.0,178.5,176.5,176.5,3676406.0,177.0,178.5,176.5,176.5,3660,648527500.0,0.0,0.0,0.0,0.0,1003.4825136612022
1513,2026-07-03,176.5,178.0,175.5,176.5,2654510.0,176.5,178.0,175.5,176.5,2643,467969000.0,0.0,0.0,0.0,0.0,1003.3548997351495
1513,2026-07-06,178.0,182.0,177.5,178.5,6995721.0,178.0,182.0,177.5,178.5,6975,1255279500.0,0.0,0.0,0.0,0.0,1001.9707526881721
1513,2026-07-07,180.5,181.0,175.0,175.0,5701491.0,180.5,181.0,175.0,175.0,5654,1003112000.0,0.0,0.0,0.0,0.0,1007.3995401485674
1513,2026-07-08,177.0,177.0,171.5,171.5,5495815.0,177.0,177.0,171.5,171.5,5429,937614000.0,0.0,0.0,0.0,0.0,1011.3070547062074
1513,2026-07-09,167.0,169.0,166.5,168.5,3073481.0,167.0,169.0,166.5,168.5,3061,513914500.0,0.0,0.0,0.0,0.0,1003.0774256778831
1513,2026-07-13,170.0,170.0,166.5,168.0,2290230.0,170.0,170.0,166.5,168.0,2285,384387500.0,0.0,0.0,0.0,0.0,1001.2888402625821
1513,2026-07-14,168.0,168.0,159.0,164.0,4573034.0,168.0,168.0,159.0,164.0,4560,741594500.0,0.0,0.0,0.0,0.0,1001.8583333333333
1513,2026-07-15,163.5,171.5,162.5,171.0,5193269.0,163.5,171.5,162.5,171.0,5184,869708000.0,0.0,0.0,0.0,0.0,1000.7880015432099
1513,2026-07-16,170.5,170.5,167.0,167.0,2732629.0,170.5,170.5,167.0,167.0,2720,456615500.0,0.0,0.0,0.0,0.0,1003.6430147058824
1513,2026-07-17,165.0,166.0,158.5,158.5,5094823.0,165.0,166.0,158.5,158.5,5067,817075000.0,0.0,0.0,0.0,0.0,1004.49102032761
1513,2026-07-20,160.5,162.0,154.0,157.5,4217036.0,160.5,162.0,154.0,157.5,4206,666328000.0,0.0,0.0,0.0,0.0,1001.6238706609605
1513,2026-07-21,160.0,164.0,160.0,162.5,3177312.0,160.0,164.0,160.0,162.5,3174,515348500.0,0.0,0.0,0.0,0.0,1000.0434782608696
1513,2026-07-22,164.5,167.0,162.5,162.5,3488949.0,164.5,167.0,162.5,162.5,3466,571687000.0,0.0,0.0,0.0,0.0,1005.6211771494518
1513,2026-07-23,164.5,164.5,160.0,160.0,3281514.0,164.5,164.5,160.0,160.0,3280,528628000.0,0.0,0.0,0.0,0.0,999.4615853658537
1513,2026-07-24,159.5,161.0,157.5,158.0,2636879.0,159.5,161.0,157.5,158.0,2628,416870000.0,0.0,0.0,0.0,0.0,1002.3786149162861
1513,2026-07-27,159.0,159.0,155.5,158.5,2244306.0,159.0,159.0,155.5,158.5,2238,350839000.0,0.0,0.0,0.0,0.0,1001.8176943699732
1513,2026-07-28,155.0,156.0,152.0,152.5,4256585.0,155.0,156.0,152.0,152.5,4244,650856500.0,0.0,0.0,0.0,0.0,1001.9653628652214
1513,2026-07-29,153.0,154.0,145.5,149.5,5588391.0,153.0,154.0,145.5,149.5,5578,825495000.0,0.0,0.0,0.0,0.0,1000.862854069559
1513,2026-07-30,147.5,151.5,146.0,147.0,2666401.0,147.5,151.5,146.0,147.0,2660,394633000.0,0.0,0.0,0.0,0.0,1001.4063909774436
1513,2026-07-31,154.0,156.5,153.5,153.5,4311222.0,154.0,156.5,153.5,153.5,4298,664070000.0,0.0,0.0,0.0,0.0,1002.0763145649139
1513,2026-08-03,153.0,158.5,152.5,155.5,2492962.0,153.0,158.5,152.5,155.5,2489,388668500.0,0.0,0.0,0.0,0.0,1000.5918039373242
1513,2026-08-04,154.0,160.0,154.0,159.0,2717772.0,154.0,160.0,154.0,159.0,2716,428635500.0,0.0,0.0,0.0,0.0,999.6524300441827
1513,2026-08-05,161.5,163.0,160.5,161.0,2348379.0,161.5,163.0,160.5,161.0,2341,378648000.0,0.0,0.0,0.0,0.0,1002.1520717642034
1513,2026-08-06,161.5,162.5,158.5,160.5,1698222.0,161.5,162.5,158.5,160.5,1695,270793000.0,0.0,0.0,0.0,0.0,1000.9008849557522
1513,2026-08-07,160.5,161.5,157.0,157.5,1466510.0,160.5,161.5,157.0,157.5,1464,232818500.0,0.0,0.0,0.0,0.0,1000.7144808743169
1513,2026-08-10,159.5,160.5,158.5,159.5,1493243.0,159.5,160.5,158.5,159.5,1489,237891000.0,0.0,0.0,0.0,0.0,1001.849563465413
1513,2026-08-11,159.5,160.5,157.5,160.5,1716981.0,159.5,160.5,157.5,160.5,1708,272193500.0,0.0,0.0,0.0,0.0,1004.2581967213115
1513,2026-08-12,161.5,168.0,161.0,165.5,7058272.0,161.5,168.0,161.0,165.5,7045,1167076000.0,0.0,0.0,0.0,0.0,1000.8838892831795
1513,2026-08-13,168.5,177.0,166.5,171.0,14984146.0,168.5,177.0,166.5,171.0,14964,2603669000.0,0.0,0.0,0.0,0.0,1000.3462977813418
1513,2026-08-14,172.5,174.0,168.5,170.0,4062592.0,172.5,174.0,168.5,170.0,4055,690589000.0,0.0,0.0,0.0,0.0,1000.8722564734895
1513,2026-08-17,169.5,172.5,167.0,171.0,3347845.0,169.5,172.5,167.0,171.0,3337,570263500.0,0.0,0.0,0.0,0.0,1002.2499250824094
1513,2026-08-18,170.0,171.5,166.0,167.0,2520742.0,170.0,171.5,166.0,167.0,2510,420943500.0,0.0,0.0,0.0,0.0,1003.2796812749004
1513,2026-08-19,164.5,166.0,163.0,164.0,2178840.0,164.5,166.0,163.0,164.0,2177,358212500.0,0.0,0.0,0.0,0.0,999.8451998162609
1538,2026-05-25,12.0,12.0,11.199999809265137,11.800000190734863,27221.0,12.0,12.0,11.2,11.8,27,314650.0,0.0,0.0,1.7029898443813148e-08,1.6163971404297226e-08,1007.1851851851852
1538,2026-05-26,11.899999618530273,11.899999618530273,11.75,11.75,5123.0,11.9,11.9,11.75,11.75,4,47300.0,3.205627957292196e-08,3.205627957292196e-08,0.0,0.0,1279.75
1538,2026-05-27,11.75,11.800000190734863,11.149999618530273,11.800000190734863,20001.0,11.75,11.8,11.15,11.8,20,228200.0,0.0,1.6163971404297226e-08,3.421253156213196e-08,1.6163971404297226e-08,999.05
1538,2026-05-28,11.800000190734863,11.800000190734863,11.75,11.800000190734863,3165.0,11.8,11.8,11.75,11.8,3,35350.0,1.6163971404297226e-08,1.6163971404297226e-08,0.0,1.6163971404297226e-08,1054.0
1538,2026-05-29,11.899999618530273,11.899999618530273,11.600000381469727,11.800000190734863,6075.0,11.9,11.9,11.6,11.8,6,70500.0,3.205627957292196e-08,3.205627957292196e-08,3.2885321286014776e-08,1.6163971404297226e-08,1011.5
1538,2026-06-01,11.149999618530273,11.699999809265137,11.149999618530273,11.699999809265137,4059.0,11.15,11.7,11.15,11.7,4,45700.0,3.421253156213196e-08,1.6302125006043358e-08,3.421253156213196e-08,1.6302125006043358e-08,1013.75
1538,2026-06-02,11.350000381469727,11.699999809265137,11.0,11.699999809265137,13407.0,11.35,11.7,11.0,11.7,13,145150.0,3.36096675698477e-08,1.6302125006043358e-08,0.0,1.6302125006043358e-08,1030.3076923076924
1538,2026-06-03,10.949999809265137,11.800000190734863,10.949999809265137,11.800000190734863,11196.0,10.95,11.8,10.95,11.8,10,115500.0,1.7418708910566875e-08,1.6163971404297226e-08,1.7418708910566875e-08,1.6163971404297226e-08,1118.6
1538,2026-06-04,11.300000190734863,11.699999809265137,11.300000190734863,11.699999809265137,23000.0,11.3,11.7,11.3,11.7,23,264500.0,1.6879191377938696e-08,1.6302125006043358e-08,1.6879191377938696e-08,1.6302125006043358e-08,999.0
1538,2026-06-05,12.0,12.0,12.0,12.0,2095.0,12.0,12.0,12.0,12.0,1,12000.0,0.0,0.0,0.0,0.0,2094.0
1538,2026-06-08,11.350000381469727,11.850000381469727,11.149999618530273,11.149999618530273,4505.0,11.35,11.85,11.15,11.15,4,45700.0,3.36096675698477e-08,3.219153813652079e-08,3.421253156213196e-08,3.421253156213196e-08,1125.25
1538,2026-06-09,11.899999618530273,11.899999618530273,11.600000381469727,11.600000381469727,10000.0,11.9,11.9,11.6,11.6,10,118350.0,3.205627957292196e-08,3.205627957292196e-08,3.2885321286014776e-08,3.2885321286014776e-08,999.0
1538,2026-06-11,11.850000381469727,11.850000381469727,11.600000381469727,11.800000190734863,9002.0,11.85,11.85,11.6,11.8,9,105600.0,3.219153813652079e-08,3.219153813652079e-08,3.2885321286014776e-08,1.6163971404297226e-08,999.2222222222222
1538,2026-06-12,11.350000381469727,11.699999809265137,11.350000381469727,11.699999809265137,4388.0,11.35,11.7,11.35,11.7,4,46100.0,3.36096675698477e-08,1.6302125006043358e-08,3.36096675698477e-08,1.6302125006043358e-08,1096.0
1538,2026-06-15,11.800000190734863,11.800000190734863,11.699999809265137,11.699999809265137,3001.0,11.8,11.8,11.7,11.7,3,35250.0,1.6163971404297226e-08,1.6163971404297226e-08,1.6302125006043358e-08,1.6302125006043358e-08,999.3333333333334
1538,2026-06-16,12.0,12.0,12.0,12.0,5000.0,12.0,12.0,12.0,12.0,5,60000.0,0.0,0.0,0.0,0.0,999.0
1538,2026-06-17,11.800000190734863,11.800000190734863,11.800000190734863,11.800000190734863,2833.0,11.8,11.8,11.8,11.8,2,23600.0,1.6163971404297226e-08,1.6163971404297226e-08,1.6163971404297226e-08,1.6163971404297226e-08,1415.5
1538,2026-06-22,11.199999809265137,11.5,11.199999809265137,11.399999618530273,12055.0,11.2,11.5,11.2,11.4,12,136150.0,1.7029898443813148e-08,0.0,1.7029898443813148e-08,3.3462256747172925e-08,1003.5833333333334
1538,2026-06-23,11.25,11.800000190734863,11.100000381469727,11.800000190734863,10501.0,11.25,11.8,11.1,11.8,10,112300.0,0.0,1.6163971404297226e-08,3.436664206466409e-08,1.6163971404297226e-08,1049.1
1538,2026-06-24,11.800000190734863,11.850000381469727,11.800000190734863,11.850000381469727,2121.0,11.8,11.85,11.8,11.85,2,23650.0,1.6163971404297226e-08,3.219153813652079e-08,1.6163971404297226e-08,3.219153813652079e-08,1059.5
1538,2026-06-25,11.800000190734863,11.800000190734863,11.699999809265137,11.699999809265137,3131.0,11.8,11.8,11.7,11.7,3,35300.0,1.6163971404297226e-08,1.6163971404297226e-08,1.6302125006043358e-08,1.6302125006043358e-08,1042.6666666666667
1538,2026-06-26,11.100000381469727,11.100000381469727,11.100000381469727,11.100000381469727,6099.0,11.1,11.1,11.1,11.1,6,66600.0,3.436664206466409e-08,3.436664206466409e-08,3.436664206466409e-08,3.436664206466409e-08,1015.5
1538,2026-06-30,11.100000381469727,11.199999809265137,11.100000381469727,11.199999809265137,2001.0,11.1,11.2,11.1,11.2,2,22300.0,3.436664206466409e-08,1.7029898443813148e-08,3.436664206466409e-08,1.7029898443813148e-08,999.5
1538,2026-07-06,10.199999809265137,10.699999809265137,10.199999809265137,10.699999809265137,12001.0,10.2,10.7,10.2,10.7,12,126050.0,1.8699496330461497e-08,1.7825688090720306e-08,1.8699496330461497e-08,1.7825688090720306e-08,999.0833333333334
1538,2026-07-07,10.800000190734863,10.800000190734863,10.5,10.5,11501.0,10.8,10.8,10.5,10.5,11,117500.0,1.7660635423213634e-08,1.7660635423213634e-08,0.0,0.0,1044.5454545454545
1538,2026-07-08,10.600000381469727,10.600000381469727,10.050000190734863,10.050000190734863,14142.0,10.6,10.6,10.05,10.05,14,143650.0,3.5987710086582204e-08,3.5987710086582204e-08,1.8978593290617636e-08,1.8978593290617636e-08,1009.1428571428571
1538,2026-07-09,10.0,10.0,10.0,10.0,2500.0,10.0,10.0,10.0,10.0,2,20000.0,0.0,0.0,0.0,0.0,1249.0
1538,2026-07-13,10.050000190734863,10.050000190734863,10.0,10.0,3001.0,10.05,10.05,10.0,10.0,3,30050.0,1.8978593290617636e-08,1.8978593290617636e-08,0.0,0.0,999.3333333333334
1538,2026-07-14,10.0,10.600000381469727,10.0,10.600000381469727,7076.0,10.0,10.6,10.0,10.6,7,73600.0,0.0,3.5987710086582204e-08,0.0,3.5987710086582204e-08,1009.8571428571429
1538,2026-07-15,11.0,11.0,11.0,11.0,4154.0,11.0,11.0,11.0,11.0,4,44000.0,0.0,0.0,0.0,0.0,1037.5
1538,2026-07-16,10.050000190734863,10.25,10.0,10.25,11607.0,10.05,10.25,10.0,10.25,11,110500.0,1.8978593290617636e-08,0.0,0.0,0.0,1054.1818181818182
1538,2026-07-20,10.149999618530273,10.149999618530273,9.800000190734863,9.800000190734863,14101.0,10.15,10.15,9.8,9.8,14,138300.0,3.758322432687402e-08,3.758322432687402e-08,1.9462741078643598e-08,1.9462741078643598e-08,1006.2142857142857
1538,2026-07-22,10.0,10.0,10.0,10.0,7000.0,10.0,10.0,10.0,10.0,7,70000.0,0.0,0.0,0.0,0.0,999.0
1538,2026-07-23,10.149999618530273,10.149999618530273,9.369999885559082,9.369999885559082,2400.0,10.15,10.15,9.37,9.37,2,19520.0,3.758322432687402e-08,3.758322432687402e-08,1.2213545057326894e-08,1.2213545057326894e-08,1199.0
1538,2026-07-24,10.0,10.0,9.989999771118164,10.0,12000.0,10.0,10.0,9.99,10.0,12,119990.0,0.0,0.0,2.291109470977606e-08,0.0,999.0
1538,2026-07-27,9.899999618530273,10.0,9.899999618530273,10.0,7000.0,9.9,10.0,9.9,10.0,7,69750.0,3.8532295648259734e-08,0.0,3.8532295648259734e-08,0.0,999.0
1538,2026-07-28,9.899999618530273,10.0,9.819999694824219,9.819999694824219,7000.0,9.9,10.0,9.82,9.82,7,69250.0,3.8532295648259734e-08,0.0,3.107696349635612e-08,3.107696349635612e-08,999.0
1538,2026-07-29,10.0,10.0,9.550000190734863,10.0,15000.0,10.0,10.0,9.55,10.0,15,147640.0,0.0,0.0,1.9972236918398664e-08,0.0,999.0
1538,2026-07-30,10.199999809265137,10.199999809265137,10.199999809265137,10.199999809265137,1000.0,10.2,10.2,10.2,10.2,1,10200.0,1.8699496330461497e-08,1.8699496330461497e-08,1.8699496330461497e-08,1.8699496330461497e-08,999.0
1538,2026-08-13,9.199999809265137,9.199999809265137,9.199999809265137,9.199999809265137,2204.0,9.2,9.2,9.2,9.2,1,9200.0,2.0732050279424704e-08,2.0732050279424704e-08,2.0732050279424704e-08,2.0732050279424704e-08,2203.0
1538,2026-08-17,9.199999809265137,9.199999809265137,9.199999809265137,9.199999809265137,1000.0,9.2,9.2,9.2,9.2,1,9200.0,2.0732050279424704e-08,2.0732050279424704e-08,2.0732050279424704e-08,2.0732050279424704e-08,999.0
1538,2026-08-18,9.15999984741211,9.15999984741211,9.15999984741211,9.15999984741211,1000.0,9.16,9.16,9.16,9.16,1,9160.0,1.6658066677631937e-08,1.6658066677631937e-08,1.6658066677631937e-08,1.6658066677631937e-08,999.0
1612,2026-05-25,36.79999923706055,37.20000076293945,36.54999923706055,36.650001525878906,832186.0,36.8,37.2,36.55,36.65,826,30310650.0,2.0732050279424704e-08,2.050912500760293e-08,2.0873856368887255e-08,4.163380375637341e-08,1006.4891041162227
1612,2026-05-26,36.79999923706055,37.25,36.70000076293945,36.95000076293945,901560.0,36.8,37.25,36.7,36.95,897,33133600.0,2.0732050279424704e-08,0.0,2.0788540879641116e-08,2.0647887693716617e-08,1004.0836120401337
1612,2026-05-27,37.04999923706055,37.349998474121094,36.79999923706055,36.900001525878906,1560300.0,37.05,37.35,36.8,36.9,1560,57915850.0,2.0592157902370556e-08,4.085351827767297e-08,2.0732050279424704e-08,4.135173191520557e-08,999.1923076923077
1612,2026-05-28,36.900001525878906,37.45000076293945,36.5,36.75,1113758.0,36.9,37.45,36.5,36.75,1113,41127100.0,4.135173191520557e-08,2.0372214960823205e-08,0.0,0.0,999.681042228212
1612,2026-05-29,37.0,37.849998474121094,36.95000076293945,37.25,1957025.0,37.0,37.85,36.95,37.25,1956,73193800.0,0.0,4.0313841682195126e-08,2.0647887693716617e-08,0.0,999.5240286298568
1612,2026-06-01,37.25,38.099998474121094,37.150001525878906,37.650001525878906,1928473.0,37.25,38.1,37.15,37.65,1922,72497450.0,0.0,4.0049315161970747e-08,4.107345646490136e-08,4.0527992235619805e-08,1002.3678459937565
1612,2026-06-02,38.0,38.0,37.150001525878906,37.599998474121094,1332167.0,38.0,38.0,37.15,37.6,1332,49981950.0,0.0,0.0,4.107345646490136e-08,4.0581885842316104e-08,999.1253753753754
1612,2026-06-03,37.70000076293945,39.5,37.70000076293945,39.5,5733396.0,37.7,39.5,37.7,39.5,5723,222642850.0,2.0237120697157266e-08,0.0,2.0237120697157266e-08,0.0,1000.8165297920671
1612,2026-06-04,41.75,42.5,40.349998474121094,40.650001525878906,14071192.0,41.75,42.5,40.35,40.65,14048,580030650.0,0.0,0.0,3.781608197450026e-08,3.753699649867369e-08,1000.6509111617312
1612,2026-06-05,40.150001525878906,40.150001525878906,38.900001525878906,39.5,3744304.0,40.15,40.15,38.9,39.5,3735,147244900.0,3.800445598184522e-08,3.800445598184522e-08,3.9225678860439216e-08,0.0,1001.491030789826
1612,2026-06-08,36.099998474121094,38.29999923706055,36.099998474121094,37.75,2565122.0,36.1,38.3,36.1,37.75,2564,96477300.0,4.2268113785902644e-08,1.9920090085713555e-08,4.2268113785902644e-08,0.0,999.4375975039002
1612,2026-06-09,38.0,38.400001525878906,37.75,38.150001525878906,1737298.0,38.0,38.4,37.75,38.15,1729,65913200.0,0.0,3.973642988726785e-08,0.0,3.999682588915034e-08,1003.7993059572007
1612,2026-06-10,37.79999923706055,38.20000076293945,37.29999923706055,37.349998474121094,1745492.0,37.8,38.2,37.3,37.35,1739,65497600.0,2.0183583340815585e-08,1.9972236918398664e-08,2.045414075825279e-08,4.085351827767297e-08,1002.7331799884992
1612,2026-06-11,37.29999923706055,37.29999923706055,36.400001525878906,37.099998474121094,1626020.0,37.3,37.3,36.4,37.1,1626,60005500.0,2.045414075825279e-08,2.045414075825279e-08,4.191975021074411e-08,4.112881152752252e-08,999.0123001230012
1612,2026-06-12,37.45000076293945,38.0,37.400001525878906,37.70000076293945,1126055.0,37.45,38.0,37.4,37.7,1126,42516450.0,2.0372214960823205e-08,0.0,4.079890127462795e-08,2.0237120697157266e-08,999.0488454706928
1612,2026-06-15,38.20000076293945,38.45000076293945,38.0,38.099998474121094,1377012.0,38.2,38.45,38.0,38.1,1377,52656350.0,1.9972236918398664e-08,1.9842378420879817e-08,0.0,4.0049315161970747e-08,999.0087145969499
1612,2026-06-16,38.5,38.5,37.75,37.849998474121094,759100.0,38.5,38.5,37.75,37.85,759,28760700.0,0.0,0.0,0.0,4.0313841682195126e-08,999.1317523056654
1612,2026-06-17,37.849998474121094,38.400001525878906,37.650001525878906,38.04999923706055,818322.0,37.85,38.4,37.65,38.05,817,31029500.0,4.0313841682195126e-08,3.973642988726785e-08,4.0527992235619805e-08,2.0050971098103263e-08,1000.6181150550796
1612,2026-06-18,38.150001525878906,38.45000076293945,38.0,38.29999923706055,1191162.0,38.15,38.45,38.0,38.3,1189,45479500.0,3.999682588915034e-08,1.9842378420879817e-08,0.0,1.9920090085713555e-08,1000.8183347350715
1612,2026-06-22,38.5,39.0,38.150001525878906,38.25,1699356.0,38.5,39.0,38.15,38.25,1698,65354650.0,0.0,0.0,3.999682588915034e-08,0.0,999.7985865724381
1612,2026-06-23,38.29999923706055,38.29999923706055,37.54999923706055,37.599998474121094,1316113.0,38.3,38.3,37.55,37.6,1312,49528350.0,1.9920090085713555e-08,1.9920090085713555e-08,2.0317961392352306e-08,4.0581885842316104e-08,1002.1349085365854
1612,2026-06-24,37.400001525878906,37.75,37.150001525878906,37.599998474121094,774100.0,37.4,37.75,37.15,37.6,772,28943400.0,4.079890127462795e-08,0.0,4.107345646490136e-08,4.0581885842316104e-08,1001.720207253886
1612,2026-06-25,37.75,37.900001525878906,37.5,37.650001525878906,784566.0,37.75,37.9,37.5,37.65,784,29493800.0,0.0,4.0260657194487743e-08,0.0,4.0527992235619805e-08,999.7219387755102
1612,2026-06-26,37.400001525878906,37.599998474121094,37.0,37.04999923706055,1275003.0,37.4,37.6,37.0,37.05,1274,47369400.0,4.079890127462795e-08,4.0581885842316104e-08,0.0,2.0592157902370556e-08,999.787284144427
1612,2026-06-29,37.25,37.5,36.849998474121094,37.0,1067725.0,37.25,37.5,36.85,37.0,1066,39495500.0,0.0,0.0,4.14078400996224e-08,0.0,1000.6181988742965
1612,2026-06-30,37.20000076293945,37.25,36.95000076293945,37.099998474121094,1480501.0,37.2,37.25,36.95,37.1,1329,49273600.0,2.050912500760293e-08,0.0,2.0647887693716617e-08,4.112881152752252e-08,1112.9962377727616
1612,2026-07-01,37.29999923706055,37.400001525878906,36.79999923706055,37.099998474121094,3738412.0,37.3,37.4,36.8,37.1,3725,137948400.0,2.045414075825279e-08,4.079890127462795e-08,2.0732050279424704e-08,4.112881152752252e-08,1002.6005369127516
1612,2026-07-02,34.75,35.150001525878906,34.349998474121094,34.900001525878906,2473106.0,34.75,35.15,34.35,34.9,2472,85891450.0,0.0,4.341049523957569e-08,4.442151114035183e-08,4.372145867252394e-08,999.4474110032362
1612,2026-07-03,35.0,35.25,34.95000076293945,35.099998474121094,942109.0,35.0,35.25,34.95,35.1,940,33007700.0,0.0,0.0,2.1829454943714706e-08,4.347233355188277e-08,1001.2436170212766
1612,2026-07-06,35.20000076293945,35.599998474121094,34.900001525878906,35.099998474121094,1020999.0,35.2,35.6,34.9,35.1,1020,36036050.0,2.1674416201216733e-08,4.286176706941251e-08,4.372145867252394e-08,4.347233355188277e-08,999.9794117647059
1612,2026-07-07,35.099998474121094,35.25,34.25,34.349998474121094,1493189.0,35.1,35.25,34.25,34.35,1492,51651800.0,4.347233355188277e-08,0.0,0.0,4.442151114035183e-08,999.7969168900804
1612,2026-07-08,34.349998474121094,34.54999923706055,33.5,33.650001525878906,1693135.0,34.35,34.55,33.5,33.65,1691,57148950.0,4.442151114035183e-08,2.2082183799792448e-08,0.0,4.534558418041859e-08,1000.2625665286813
1612,2026-07-09,33.650001525878906,33.849998474121094,33.45000076293945,33.54999923706055,799481.0,33.65,33.85,33.45,33.55,797,26787400.0,4.534558418041859e-08,4.5077663446708577e-08,2.2808354268544962e-08,2.2740371096358544e-08,1002.1129234629861
1612,2026-07-13,33.650001525878906,33.95000076293945,32.650001525878906,32.79999923706055,1698272.0,33.65,33.95,32.65,32.8,1598,52924250.0,4.534558418041859e-08,2.2472443307299824e-08,4.673442289957383e-08,2.326034909398869e-08,1061.7484355444305
1612,2026-07-14,32.79999923706055,32.79999923706055,31.0,31.5,2315127.0,32.8,32.8,31.0,31.5,2314,73173250.0,2.326034909398869e-08,2.326034909398869e-08,0.0,0.0,999.4870354364737
1612,2026-07-15,31.25,32.400001525878906,31.25,32.29999923706055,1154052.0,31.25,32.4,31.25,32.3,1153,36866100.0,0.0,4.709502801453968e-08,0.0,2.362041641742505e-08,999.9124024284475
1612,2026-07-16,32.20000076293945,32.29999923706055,31.5,31.700000762939453,1187552.0,32.2,32.3,31.5,31.7,1186,37713650.0,2.3693771747913943e-08,2.362041641742505e-08,0.0,2.4067490657272643e-08,1000.3086003372681
1612,2026-07-17,31.549999237060547,31.549999237060547,30.899999618530273,31.049999237060547,1568158.0,31.55,31.55,30.9,31.05,1564,48721650.0,2.4181916127909437e-08,2.4181916127909437e-08,1.2345298548265843e-08,2.4571318964107655e-08,1001.658567774936
1612,2026-07-20,31.049999237060547,31.25,30.299999237060547,31.0,1334026.0,31.05,31.25,30.3,31.0,1334,41109100.0,2.4571318964107655e-08,0.0,2.5179519928565768e-08,0.0,999.0194902548726
1612,2026-07-21,31.299999237060547,31.799999237060547,31.149999618530273,31.5,1016117.0,31.3,31.8,31.15,31.5,1015,31990850.0,2.437506242286079e-08,2.3991806724388137e-08,1.2246219105663388e-08,0.0,1000.1004926108375
1612,2026-07-22,31.600000381469727,31.950000762939453,31.399999618530273,31.399999618530273,912307.0,31.6,31.95,31.4,31.4,812,25671200.0,1.2071826744981471e-08,2.3879169134132795e-08,1.2148717361191545e-08,1.2148717361191545e-08,1122.53078817734
1612,2026-07-23,31.5,31.549999237060547,31.049999237060547,31.100000381469727,498000.0,31.5,31.55,31.05,31.1,498,15524200.0,0.0,2.4181916127909437e-08,2.4571318964107655e-08,1.2265907560817186e-08,999.0
1612,2026-07-24,31.100000381469727,31.100000381469727,30.799999237060547,31.049999237060547,524010.0,31.1,31.1,30.8,31.05,524,16224850.0,1.2265907560817186e-08,1.2265907560817186e-08,2.4770761488166972e-08,2.4571318964107655e-08,999.0190839694657
1612,2026-07-27,31.100000381469727,31.299999237060547,30.899999618530273,31.149999618530273,466234.0,31.1,31.3,30.9,31.15,466,14482350.0,1.2265907560817186e-08,2.437506242286079e-08,1.2345298548265843e-08,1.2246219105663388e-08,999.5021459227468
1612,2026-07-28,31.149999618530273,31.149999618530273,30.450000762939453,30.5,1115100.0,31.15,31.15,30.45,30.5,1115,34218900.0,1.2246219105663388e-08,1.2246219105663388e-08,2.5055482884582685e-08,0.0,999.0896860986547
1612,2026-07-29,30.75,30.75,29.100000381469727,29.799999237060547,1709075.0,30.75,30.75,29.1,29.8,1704,50620800.0,0.0,0.0,1.3108925262591564e-08,2.560199509515244e-08,1001.9782863849765
1612,2026-07-30,30.0,30.299999237060547,29.549999237060547,29.600000381469727,1107015.0,30.0,30.3,29.55,29.6,1107,33045350.0,0.0,2.5179519928565768e-08,2.581859403842784e-08,1.2887490714236977e-08,999.0135501355013
1612,2026-07-31,30.350000381469727,30.899999618530273,30.299999237060547,30.399999618530273,927122.0,30.35,30.9,30.3,30.4,927,28373750.0,1.2569018950293724e-08,1.2345298548265843e-08,2.5179519928565768e-08,1.2548346221757057e-08,999.1316073354908
1612,2026-08-03,30.200000762939453,30.600000381469727,30.149999618530273,30.450000762939453,346000.0,30.2,30.6,30.15,30.45,346,10512950.0,2.5262895822368965e-08,1.2466330886974331e-08,1.2652395527078426e-08,2.5055482884582685e-08,999.0
1612,2026-08-04,30.0,30.600000381469727,29.850000381469727,30.350000381469727,643093.0,30.0,30.6,29.85,30.35,643,19472200.0,0.0,1.2466330886974331e-08,1.2779555281119414e-08,1.2569018950293724e-08,999.144634525661
1612,2026-08-05,30.600000381469727,31.0,30.5,30.75,1262209.0,30.6,31.0,30.5,30.75,1159,35583350.0,1.2466330886974331e-08,0.0,0.0,0.0,1088.0500431406385
1612,2026-08-06,30.549999237060547,31.149999618530273,30.549999237060547,30.950000762939453,810052.0,30.55,31.15,30.55,30.95,810,24975050.0,2.4973468210656063e-08,1.2246219105663388e-08,2.4973468210656063e-08,2.4650709332327716e-08,999.0641975308642
1612,2026-08-07,31.0,32.349998474121094,31.0,31.649999618530273,1506076.0,31.0,32.35,31.0,31.65,1506,47762100.0,0.0,4.716781785691145e-08,0.0,1.205275592863869e-08,999.0504648074369
1612,2026-08-10,33.04999923706055,33.70000076293945,32.849998474121094,32.95000076293945,2857620.0,33.05,33.7,32.85,32.95,2853,94566300.0,2.3084400916273194e-08,2.263915282738365e-08,4.6449890644477486e-08,2.3154459796140486e-08,1000.6193480546793
1612,2026-08-11,33.099998474121094,34.150001525878906,33.04999923706055,34.0,2268537.0,33.1,34.15,33.05,34.0,2265,76462150.0,4.609906065471557e-08,4.4681666403252873e-08,2.3084400916273194e-08,0.0,1000.5615894039735
1612,2026-08-12,34.099998474121094,34.95000076293945,34.04999923706055,34.650001525878906,2292210.0,34.1,34.95,34.05,34.65,2288,79225600.0,4.4747182043140336e-08,2.1829454943714706e-08,2.2406444942226995e-08,4.403690931229684e-08,1000.840034965035
1612,2026-08-13,34.900001525878906,35.099998474121094,34.20000076293945,34.29999923706055,927666.0,34.9,35.1,34.2,34.3,927,32017850.0,4.372145867252394e-08,4.347233355188277e-08,2.2308171060901433e-08,2.2243132661306973e-08,999.7184466019418
1612,2026-08-14,34.29999923706055,34.95000076293945,34.25,34.79999923706055,833507.0,34.3,34.95,34.25,34.8,831,28846150.0,2.2243132661306973e-08,2.1829454943714706e-08,0.0,2.192354742192038e-08,1002.0168471720818
1612,2026-08-17,34.900001525878906,34.900001525878906,34.20000076293945,34.5,616254.0,34.9,34.9,34.2,34.5,616,21186800.0,4.372145867252394e-08,4.372145867252394e-08,2.2308171060901433e-08,0.0,999.4123376623377
1612,2026-08-18,34.20000076293945,34.650001525878906,34.099998474121094,34.349998474121094,724001.0,34.2,34.65,34.1,34.35,724,24916400.0,2.2308171060901433e-08,4.403690931229684e-08,4.4747182043140336e-08,4.442151114035183e-08,999.0013812154696
1612,2026-08-19,34.400001525878906,34.70000076293945,34.150001525878906,34.45000076293945,406000.0,34.4,34.7,34.15,34.45,405,13935000.0,4.435694499043853e-08,2.1986727673856743e-08,4.4681666403252873e-08,2.2146283027077763e-08,1001.4691358024692
1722,2026-05-25,46.150001525878906,46.20000076293945,45.70000076293945,45.849998474121094,3027885.0,46.15,46.2,45.7,45.85,3026,138782700.0,3.3063464954953096e-08,1.651384091521275e-08,1.6694517511659278e-08,3.327980169402585e-08,999.6229345670853
1722,2026-05-26,45.849998474121094,46.349998474121094,45.79999923706055,45.79999923706055,1998130.0,45.85,46.35,45.8,45.8,1997,91924300.0,3.327980169402585e-08,3.292079628200831e-08,1.665806660006177e-08,1.665806660006177e-08,999.5658487731597
1722,2026-05-27,45.849998474121094,45.95000076293945,45.349998474121094,45.650001525878906,3467838.0,45.85,45.95,45.35,45.65,3465,158019600.0,3.327980169402585e-08,1.6603687710181262e-08,3.3646723432658994e-08,3.3425605863550613e-08,999.8190476190476
1722,2026-05-28,46.5,46.79999923706055,46.0,46.099998474121094,3994642.0,46.5,46.8,46.0,46.1,3992,185057250.0,0.0,1.6302125006043358e-08,0.0,3.309932554601053e-08,999.6618236472946
1722,2026-05-29,46.400001525878906,46.599998474121094,46.04999923706055,46.599998474121094,2411763.0,46.4,46.6,46.05,46.6,2407,111729250.0,3.2885321286014776e-08,3.2744182568049044e-08,1.6567631927965888e-08,3.2744182568049044e-08,1000.9788117989198
1722,2026-06-01,46.599998474121094,47.20000076293945,46.099998474121094,47.04999923706055,4212170.0,46.6,47.2,46.1,47.05,4208,196959450.0,3.2744182568049044e-08,1.6163971404297226e-08,3.309932554601053e-08,1.621550372545864e-08,999.990969581749
1722,2026-06-02,47.0,47.29999923706055,46.79999923706055,47.04999923706055,2665515.0,47.0,47.3,46.8,47.05,2663,125280350.0,0.0,1.612979810323106e-08,1.6302125006043358e-08,1.621550372545864e-08,999.9444235824259
1722,2026-06-03,47.25,48.400001525878906,46.900001525878906,47.95000076293945,6701385.0,47.25,48.4,46.9,47.95,6689,318233050.0,0.0,3.152642371221251e-08,3.2534731506846176e-08,1.5911145991299876e-08,1000.8515473164898
1722,2026-06-04,47.849998474121094,48.349998474121094,47.75,48.04999923706055,4757833.0,47.85,48.35,47.75,48.05,4754,228736950.0,3.1888796398559776e-08,3.155902601181149e-08,0.0,1.587803226395066e-08,999.8062684055532
1722,2026-06-05,48.599998474121094,48.650001525878906,47.599998474121094,48.25,5580641.0,48.6,48.65,47.6,48.25,5579,268788250.0,3.139668534302645e-08,3.136441742386609e-08,3.205627957292196e-08,0.0,999.2941387345402
1722,2026-06-08,46.400001525878906,47.900001525878906,46.25,47.70000076293945,4734646.0,46.4,47.9,46.25,47.7,4733,222982600.0,3.2885321286014776e-08,3.185550955471995e-08,0.0,1.5994537741778387e-08,999.3477709697866
1722,2026-06-09,47.20000076293945,47.75,47.20000076293945,47.599998474121094,2531227.0,47.2,47.75,47.2,47.6,2528,120270300.0,1.6163971404297226e-08,0.0,1.6163971404297226e-08,3.205627957292196e-08,1000.276503164557
1722,2026-06-10,47.45000076293945,47.75,47.150001525878906,47.29999923706055,2404585.0,47.45,47.75,47.15,47.3,2402,113842650.0,1.607880822513865e-08,0.0,3.23622249771174e-08,1.612979810323106e-08,1000.0761865112406
1722,2026-06-11,47.650001525878906,47.650001525878906,47.04999923706055,47.650001525878906,2220065.0,47.65,47.65,47.05,47.65,2215,104778100.0,3.2022642343569474e-08,3.2022642343569474e-08,1.621550372545864e-08,3.2022642343569474e-08,1001.2866817155756
1722,2026-06-12,47.75,48.79999923706055,47.599998474121094,48.400001525878906,4244277.0,47.75,48.8,47.6,48.4,4237,205417900.0,0.0,1.5634005128746498e-08,3.205627957292196e-08,3.152642371221251e-08,1000.7174887892377
1722,2026-06-15,49.29999923706055,49.400001525878906,48.70000076293945,48.849998474121094,4699646.0,49.3,49.4,48.7,48.85,4691,230038800.0,1.547544523900262e-08,3.0888236997390395e-08,1.566610780868232e-08,3.12360062982822e-08,1000.8431038158175
1722,2026-06-16,48.900001525878906,49.25,48.400001525878906,48.650001525878906,2403603.0,48.9,49.25,48.4,48.65,2401,117193300.0,3.120406764153549e-08,0.0,3.152642371221251e-08,3.136441742386609e-08,1000.0841316118284
1722,2026-06-17,48.400001525878906,49.349998474121094,48.29999923706055,48.849998474121094,1775337.0,48.4,49.35,48.3,48.85,1774,86873700.0,3.152642371221251e-08,3.091953207033608e-08,1.579584783194263e-08,3.12360062982822e-08,999.7536640360767
1722,2026-06-18,49.0,49.5,48.150001525878906,48.150001525878906,3616806.0,49.0,49.5,48.15,48.15,3611,175291550.0,0.0,0.0,3.169011230884913e-08,3.169011230884913e-08,1000.6078648573803
1722,2026-06-22,48.150001525878906,48.45000076293945,47.70000076293945,48.0,2664580.0,48.15,48.45,47.7,48.0,2660,127581000.0,3.169011230884913e-08,1.5746944278283365e-08,1.5994537741778387e-08,0.0,1000.7218045112782
1722,2026-06-23,48.04999923706055,48.099998474121094,47.5,47.599998474121094,2004788.0,48.05,48.1,47.5,47.6,2002,95563750.0,1.587803226395066e-08,3.172305421353608e-08,0.0,3.205627957292196e-08,1000.3926073926074
1722,2026-06-24,47.400001525878906,47.900001525878906,47.25,47.70000076293945,1571084.0,47.4,47.9,47.25,47.7,1569,74695600.0,3.219153813652079e-08,3.185550955471995e-08,0.0,1.5994537741778387e-08,1000.3282345442957
1722,2026-06-25,47.70000076293945,48.20000076293945,47.70000076293945,47.849998474121094,2193882.0,47.7,48.2,47.7,47.85,2191,105010400.0,1.5994537741778387e-08,1.5828619300473632e-08,1.5994537741778387e-08,3.1888796398559776e-08,1000.3153811045185
1722,2026-06-26,47.5,47.599998474121094,46.95000076293945,47.20000076293945,2004351.0,47.5,47.6,46.95,47.2,1994,94297700.0,0.0,3.205627957292196e-08,1.6250041539570373e-08,1.6163971404297226e-08,1004.191073219659
1722,2026-06-29,47.79999923706055,47.79999923706055,47.25,47.70000076293945,1260603.0,47.8,47.8,47.25,47.7,1260,59906700.0,1.5961076365749562e-08,1.5961076365749562e-08,0.0,1.5994537741778387e-08,999.4785714285714
1722,2026-06-30,47.900001525878906,47.900001525878906,47.29999923706055,47.45000076293945,1296685.0,47.9,47.9,47.3,47.45,1290,61269700.0,3.185550955471995e-08,3.185550955471995e-08,1.612979810323106e-08,1.607880822513865e-08,1004.1821705426356
1722,2026-07-01,47.900001525878906,47.900001525878906,47.20000076293945,47.45000076293945,1208295.0,47.9,47.9,47.2,47.45,1207,57152600.0,3.185550955471995e-08,3.185550955471995e-08,1.6163971404297226e-08,1.607880822513865e-08,1000.072908036454
1722,2026-07-02,47.5,48.150001525878906,47.25,48.099998474121094,1942807.0,47.5,48.15,47.25,48.1,1941,92710450.0,0.0,3.169011230884913e-08,0.0,3.172305421353608e-08,999.930963420917
1722,2026-07-03,48.25,49.25,48.25,48.75,3164401.0,48.25,49.25,48.25,48.75,3162,154624900.0,0.0,0.0,0.0,0.0,999.7593295382669
1722,2026-07-06,49.0,49.54999923706055,48.79999923706055,48.95000076293945,3235232.0,49.0,49.55,48.8,48.95,3234,159210450.0,0.0,1.5397365293296248e-08,1.5634005128746498e-08,1.5586097043571582e-08,999.3809523809524
1722,2026-07-07,48.95000076293945,49.150001525878906,48.04999923706055,48.150001525878906,1714219.0,48.95,49.15,48.05,48.15,1712,82835100.0,1.5586097043571582e-08,3.104534908791629e-08,1.587803226395066e-08,3.169011230884913e-08,1000.2961448598131
1722,2026-07-08,48.150001525878906,48.400001525878906,47.75,48.04999923706055,1475101.0,48.15,48.4,47.75,48.05,1473,70655900.0,3.169011230884913e-08,3.152642371221251e-08,0.0,1.587803226395066e-08,1000.4263408010862
1722,2026-07-09,47.900001525878906,48.0,47.349998474121094,47.54999923706055,1552610.0,47.9,48.0,47.35,47.55,1522,72532850.0,3.185550955471995e-08,0.0,3.222553131301131e-08,1.604499369679977e-08,1019.1116951379763
1722,2026-07-13,47.400001525878906,47.75,47.150001525878906,47.20000076293945,2330402.0,47.4,47.75,47.15,47.2,2330,110095450.0,3.219153813652079e-08,0.0,3.23622249771174e-08,1.6163971404297226e-08,999.1725321888412
1722,2026-07-14,47.45000076293945,47.70000076293945,47.099998474121094,47.54999923706055,2018508.0,47.45,47.7,47.1,47.55,2015,95482600.0,1.607880822513865e-08,1.5994537741778387e-08,3.239657978070245e-08,1.604499369679977e-08,1000.7409429280397
1722,2026-07-15,47.349998474121094,48.150001525878906,47.349998474121094,48.04999923706055,1324395.0,47.35,48.15,47.35,48.05,1324,63448550.0,3.222553131301131e-08,3.169011230884913e-08,3.222553131301131e-08,1.587803226395066e-08,999.2983383685801
1722,2026-07-16,48.099998474121094,48.5,47.70000076293945,47.79999923706055,1131800.0,48.1,48.5,47.7,47.8,1131,54332500.0,3.172305421353608e-08,0.0,1.5994537741778387e-08,1.5961076365749562e-08,999.7073386383731
1722,2026-07-17,47.900001525878906,47.900001525878906,47.04999923706055,47.099998474121094,1935734.0,47.9,47.9,47.05,47.1,1934,91667050.0,3.185550955471995e-08,3.185550955471995e-08,1.621550372545864e-08,3.239657978070245e-08,999.8965873836609
1722,2026-07-20,47.79999923706055,47.79999923706055,46.75,46.849998474121094,1983402.0,47.8,47.8,46.75,46.85,1982,93173900.0,1.5961076365749562e-08,1.5961076365749562e-08,0.0,3.256945373897728e-08,999.70736629667
1722,2026-07-21,47.04999923706055,47.349998474121094,46.95000076293945,47.099998474121094,1776450.0,47.05,47.35,46.95,47.1,1775,83634250.0,1.621550372545864e-08,3.222553131301131e-08,1.6250041539570373e-08,3.239657978070245e-08,999.8169014084507
1722,2026-07-22,47.099998474121094,47.5,46.29999923706055,46.5,3812534.0,47.1,47.5,46.3,46.5,3811,177581300.0,3.239657978070245e-08,0.0,1.6478173872199334e-08,0.0,999.4025190238782
1722,2026-07-23,46.849998474121094,46.849998474121094,46.0,46.150001525878906,2714289.0,46.85,46.85,46.0,46.15,2713,125363550.0,3.256945373897728e-08,3.256945373897728e-08,0.0,3.3063464954953096e-08,999.4751197935865
1722,2026-07-24,46.099998474121094,46.45000076293945,46.0,46.45000076293945,1582328.0,46.1,46.45,46.0,46.45,1581,72988800.0,3.309932554601053e-08,1.642496125474336e-08,0.0,1.642496125474336e-08,999.8399746995573
1722,2026-07-27,46.45000076293945,46.900001525878906,46.349998474121094,46.70000076293945,1627201.0,46.45,46.9,46.35,46.7,1627,75845400.0,1.642496125474336e-08,3.2534731506846176e-08,3.292079628200831e-08,1.6337033196634454e-08,999.1235402581439
1722,2026-07-28,46.70000076293945,46.70000076293945,45.900001525878906,46.04999923706055,2293611.0,46.7,46.7,45.9,46.05,2293,105648950.0,1.6337033196634454e-08,1.6337033196634454e-08,3.324354918673389e-08,1.6567631927965888e-08,999.2664631487135
1722,2026-07-29,46.25,46.29999923706055,45.20000076293945,45.29999923706055,5068785.0,46.25,46.3,45.2,45.3,5045,229787650.0,0.0,1.6478173872199334e-08,1.6879191377938696e-08,1.6841930469819626e-08,1003.7145688800792
1722,2026-07-30,45.70000076293945,46.25,45.349998474121094,45.79999923706055,1752601.0,45.7,46.25,45.35,45.8,1751,80063950.0,1.6694517511659278e-08,0.0,3.3646723432658994e-08,1.665806660006177e-08,999.9143346659052
1722,2026-07-31,46.20000076293945,46.5,45.79999923706055,45.79999923706055,3444490.0,46.2,46.5,45.8,45.8,3444,158857700.0,1.651384091521275e-08,0.0,1.665806660006177e-08,1.665806660006177e-08,999.1422764227642
1722,2026-08-03,45.79999923706055,46.150001525878906,45.5,45.5,1724302.0,45.8,46.15,45.5,45.5,1724,78701900.0,1.665806660006177e-08,3.3063464954953096e-08,0.0,0.0,999.1751740139212
1722,2026-08-04,45.25,45.400001525878906,44.95000076293945,45.099998474121094,3668452.0,45.25,45.4,44.95,45.1,3668,165522200.0,0.0,3.36096675698477e-08,1.6973068971809322e-08,3.383323520335001e-08,999.1232279171211
1722,2026-08-05,45.20000076293945,45.5,44.95000076293945,45.29999923706055,2858854.0,45.2,45.5,44.95,45.3,2858,128945150.0,1.6879191377938696e-08,0.0,1.6973068971809322e-08,1.6841930469819626e-08,999.2988103568929
1722,2026-08-06,45.04999923706055,45.400001525878906,44.95000076293945,45.150001525878906,5107441.0,45.05,45.4,44.95,45.15,5105,230158300.0,1.693539290305947e-08,3.36096675698477e-08,1.6973068971809322e-08,3.379576761176269e-08,999.4781586679726
1722,2026-08-07,45.25,45.70000076293945,45.20000076293945,45.5,2343523.0,45.25,45.7,45.2,45.5,2342,106542300.0,0.0,1.6694517511659278e-08,1.6879191377938696e-08,0.0,999.6502988898377
1722,2026-08-10,45.75,46.150001525878906,45.400001525878906,46.099998474121094,2195369.0,45.75,46.15,45.4,46.1,2194,100797550.0,0.0,3.3063464954953096e-08,3.36096675698477e-08,3.309932554601053e-08,999.6239744758432
1722,2026-08-11,46.099998474121094,46.20000076293945,45.75,46.099998474121094,1210800.0,46.1,46.2,45.75,46.1,1210,55617300.0,3.309932554601053e-08,1.651384091521275e-08,0.0,3.309932554601053e-08,999.6611570247934
1722,2026-08-12,46.0,46.25,46.0,46.099998474121094,1131712.0,46.0,46.25,46.0,46.1,1131,52145350.0,0.0,0.0,0.0,3.309932554601053e-08,999.629531388152
1722,2026-08-13,46.25,46.25,45.5,45.650001525878906,2590592.0,46.25,46.25,45.5,45.65,2587,118341150.0,0.0,0.0,0.0,3.3425605863550613e-08,1000.3884808658678
1722,2026-08-14,45.650001525878906,45.75,45.150001525878906,45.25,2502660.0,45.65,45.75,45.15,45.25,2502,113287350.0,3.3425605863550613e-08,0.0,3.379576761176269e-08,0.0,999.2637889688249
1722,2026-08-17,45.400001525878906,45.599998474121094,45.20000076293945,45.5,1418579.0,45.4,45.6,45.2,45.5,1418,64382050.0,3.36096675698477e-08,3.3462256747172925e-08,1.6879191377938696e-08,0.0,999.4083215796898
1722,2026-08-18,45.599998474121094,46.0,45.54999923706055,45.900001525878906,1893517.0,45.6,46.0,45.55,45.9,1892,86627950.0,3.3462256747172925e-08,0.0,1.6749493968887575e-08,3.324354918673389e-08,999.8017970401692
1722,2026-08-19,45.650001525878906,45.849998474121094,45.349998474121094,45.75,1972299.0,45.65,45.85,45.35,45.75,1972,89967250.0,3.3425605863550613e-08,3.327980169402585e-08,3.3646723432658994e-08,0.0,999.1516227180527
2013,2026-05-25,42.0,43.0,41.70000076293945,42.79999923706055,262535.0,42.0,43.0,41.7,42.8,261,11075950.0,0.0,0.0,1.8295910078724915e-08,1.7825688090720306e-08,1004.8812260536398
2013,2026-05-26,42.900001525878906,43.150001525878906,42.45000076293945,42.5,165002.0,42.9,43.15,42.45,42.5,165,7054200.0,3.556827290608591e-08,3.536219948252805e-08,1.7972660784047798e-08,0.0,999.0121212121212
2013,2026-05-27,42.5,42.75,42.29999923706055,42.400001525878906,122549.0,42.5,42.75,42.3,42.4,122,5179050.0,0.0,0.0,1.8036393623707546e-08,3.5987710086582204e-08,1003.5
2013,2026-05-28,42.400001525878906,42.79999923706055,42.400001525878906,42.400001525878906,107113.0,42.4,42.8,42.4,42.4,107,4554300.0,3.5987710086582204e-08,1.7825688090720306e-08,3.5987710086582204e-08,3.5987710086582204e-08,1000.0560747663551
2013,2026-05-29,42.45000076293945,42.75,42.20000076293945,42.45000076293945,97897.0,42.45,42.75,42.2,42.45,97,4113850.0,1.7972660784047798e-08,0.0,1.8079133892958033e-08,1.7972660784047798e-08,1008.2474226804123
2013,2026-06-01,42.5,42.70000076293945,42.04999923706055,42.54999923706055,130165.0,42.5,42.7,42.05,42.55,130,5521200.0,0.0,1.786743443285314e-08,1.814362545262376e-08,1.793042186328623e-08,1000.2692307692307
2013,2026-06-02,42.70000076293945,42.70000076293945,42.349998474121094,42.599998474121094,166060.0,42.7,42.7,42.35,42.6,166,7056100.0,1.786743443285314e-08,1.786743443285314e-08,3.603019852824287e-08,3.581875370119919e-08,999.3614457831326
2013,2026-06-03,42.599998474121094,43.25,42.25,43.20000076293945,297076.0,42.6,43.25,42.25,43.2,292,12527900.0,3.581875370119919e-08,0.0,0.0,1.7660635423213634e-08,1016.3835616438356
2013,2026-06-04,43.25,43.5,42.95000076293945,43.29999923706055,199644.0,43.25,43.5,42.95,43.3,199,8601500.0,0.0,0.0,1.7763433068284726e-08,1.7619848736323997e-08,1002.2361809045226
2013,2026-06-05,43.79999923706055,43.79999923706055,43.099998474121094,43.349998474121094,105120.0,43.8,43.8,43.1,43.35,105,4540550.0,1.7418708910566875e-08,1.7418708910566875e-08,3.540322291580245e-08,3.5199052080071176e-08,1000.1428571428571
2013,2026-06-08,41.79999923706055,42.849998474121094,41.79999923706055,42.349998474121094,152328.0,41.8,42.85,41.8,42.35,152,6436800.0,1.8252139958919357e-08,3.5609776141682275e-08,1.8252139958919357e-08,3.603019852824287e-08,1001.1578947368421
2013,2026-06-09,42.099998474121094,42.849998474121094,42.099998474121094,42.75,121050.0,42.1,42.85,42.1,42.75,121,5147150.0,3.6244154576510344e-08,3.5609776141682275e-08,3.6244154576510344e-08,0.0,999.4132231404959
2013,2026-06-10,42.29999923706055,42.70000076293945,42.150001525878906,42.599998474121094,152024.0,42.3,42.7,42.15,42.6,152,6446100.0,1.8036393623707546e-08,1.786743443285314e-08,3.6201160324343665e-08,3.581875370119919e-08,999.1578947368421
2013,2026-06-11,42.599998474121094,42.79999923706055,42.150001525878906,42.79999923706055,103001.0,42.6,42.8,42.15,42.8,103,4373400.0,3.581875370119919e-08,1.7825688090720306e-08,3.6201160324343665e-08,1.7825688090720306e-08,999.0097087378641
2013,2026-06-12,42.79999923706055,43.099998474121094,42.650001525878906,43.0,93238.0,42.8,43.1,42.65,43.0,93,3993050.0,1.7825688090720306e-08,3.540322291580245e-08,3.5776762196273985e-08,0.0,1001.5591397849462
2013,2026-06-15,43.25,43.25,43.0,43.150001525878906,123001.0,43.25,43.25,43.0,43.15,123,5307100.0,0.0,0.0,0.0,3.536219948252805e-08,999.0081300813008
2013,2026-06-16,43.150001525878906,43.25,43.0,43.150001525878906,135129.0,43.15,43.25,43.0,43.15,135,5825250.0,3.536219948252805e-08,0.0,0.0,3.536219948252805e-08,999.9555555555555
2013,2026-06-17,43.25,43.5,43.099998474121094,43.20000076293945,112740.0,43.25,43.5,43.1,43.2,112,4847850.0,0.0,0.0,3.540322291580245e-08,1.7660635423213634e-08,1005.6071428571429
2013,2026-06-18,43.25,43.599998474121094,42.900001525878906,42.900001525878906,202020.0,43.25,43.6,42.9,42.9,201,8694450.0,0.0,3.499722265300655e-08,3.556827290608591e-08,3.556827290608591e-08,1004.0746268656717
2013,2026-06-22,43.04999923706055,43.04999923706055,42.79999923706055,42.95000076293945,95102.0,43.05,43.05,42.8,42.95,95,4077300.0,1.77221707382771e-08,1.77221707382771e-08,1.7825688090720306e-08,1.7763433068284726e-08,1000.0736842105263
2013,2026-06-23,43.0,43.099998474121094,42.70000076293945,43.04999923706055,153003.0,43.0,43.1,42.7,43.05,153,6565150.0,0.0,3.540322291580245e-08,1.786743443285314e-08,1.77221707382771e-08,999.0196078431372
2013,2026-06-24,43.0,43.70000076293945,43.0,43.70000076293945,166102.0,43.0,43.7,43.0,43.7,166,7226900.0,0.0,1.7458568656357644e-08,0.0,1.7458568656357644e-08,999.6144578313254
2013,2026-06-25,44.0,44.29999923706055,43.599998474121094,43.95000076293945,305010.0,44.0,44.3,43.6,43.95,305,13402600.0,0.0,1.7222109487197045e-08,3.499722265300655e-08,1.7359259392100773e-08,999.0327868852459
2013,2026-06-26,43.95000076293945,44.349998474121094,43.70000076293945,43.75,326020.0,43.95,44.35,43.7,43.75,326,14359750.0,1.7359259392100773e-08,3.440538686969753e-08,1.7458568656357644e-08,0.0,999.0613496932515
2013,2026-06-29,43.150001525878906,44.25,43.150001525878906,43.95000076293945,185295.0,43.15,44.25,43.15,43.95,180,7916900.0,3.536219948252805e-08,0.0,3.536219948252805e-08,1.7359259392100773e-08,1028.4166666666667
2013,2026-06-30,44.0,44.0,43.5,43.599998474121094,228001.0,44.0,44.0,43.5,43.6,228,9956150.0,0.0,0.0,0.0,3.499722265300655e-08,999.0043859649123
2013,2026-07-01,43.95000076293945,43.95000076293945,43.54999923706055,43.75,127015.0,43.95,43.95,43.55,43.75,127,5546600.0,1.7359259392100773e-08,1.7359259392100773e-08,1.7518701499031668e-08,0.0,999.1181102362204
2013,2026-07-02,43.75,44.20000076293945,43.54999923706055,44.0,262812.0,43.75,44.2,43.55,44.0,260,11420550.0,0.0,1.726107353581061e-08,1.7518701499031668e-08,0.0,1009.8153846153846
2013,2026-07-03,41.099998474121094,41.650001525878906,41.0,41.650001525878906,348241.0,41.1,41.65,41.0,41.65,346,14328300.0,3.712600748591449e-08,3.663574808333939e-08,0.0,3.663574808333939e-08,1005.4768786127167
2013,2026-07-06,41.650001525878906,41.75,41.349998474121094,41.5,196023.0,41.65,41.75,41.35,41.5,196,8142700.0,3.663574808333939e-08,0.0,3.690154553013508e-08,0.0,999.1173469387755
2013,2026-07-07,41.5,41.5,41.04999923706055,41.25,180131.0,41.5,41.5,41.05,41.25,180,7411750.0,0.0,0.0,1.858561389239535e-08,0.0,999.7277777777778
2013,2026-07-08,41.25,41.25,40.900001525878906,41.25,101000.0,41.25,41.25,40.9,41.25,101,4144900.0,0.0,0.0,3.7307552754794264e-08,0.0,999.0
2013,2026-07-09,41.099998474121094,41.45000076293945,41.0,41.400001525878906,94042.0,41.1,41.45,41.0,41.4,94,3869000.0,3.712600748591449e-08,1.8406259355436163e-08,0.0,3.6856978446161486e-08,999.4468085106383
2013,2026-07-13,41.29999923706055,41.349998474121094,40.70000076293945,40.95000076293945,126459.0,41.3,41.35,40.7,40.95,126,5149100.0,1.8473110176339688e-08,3.690154553013508e-08,1.8745441038890146e-08,1.863100000690669e-08,1002.6428571428571
2013,2026-07-14,41.29999923706055,41.29999923706055,40.349998474121094,40.650001525878906,136095.0,41.3,41.3,40.35,40.65,136,5515000.0,1.8473110176339688e-08,1.8473110176339688e-08,3.781608197450026e-08,3.753699649867369e-08,999.6985294117648
2013,2026-07-15,40.70000076293945,41.5,40.650001525878906,40.900001525878906,116001.0,40.7,41.5,40.65,40.9,116,4742250.0,1.8745441038890146e-08,0.0,3.753699649867369e-08,3.7307552754794264e-08,999.0086206896551
2013,2026-07-16,41.400001525878906,41.400001525878906,40.5,41.0,74100.0,41.4,41.4,40.5,41.0,74,3035150.0,3.6856978446161486e-08,3.6856978446161486e-08,0.0,0.0,1000.3513513513514
2013,2026-07-17,41.0,41.0,40.5,40.5,143440.0,41.0,41.0,40.5,40.5,142,5791200.0,0.0,0.0,0.0,0.0,1009.1408450704225
2013,2026-07-20,41.0,41.25,40.79999923706055,41.099998474121094,127026.0,41.0,41.25,40.8,41.1,127,5206150.0,0.0,0.0,1.8699496330461497e-08,3.712600748591449e-08,999.2047244094488
2013,2026-07-21,41.099998474121094,41.5,41.099998474121094,41.25,67024.0,41.1,41.5,41.1,41.25,67,2769750.0,3.712600748591449e-08,0.0,3.712600748591449e-08,0.0,999.3582089552239
2013,2026-07-22,41.349998474121094,41.349998474121094,40.650001525878906,40.650001525878906,144423.0,41.35,41.35,40.65,40.65,144,5876750.0,3.690154553013508e-08,3.690154553013508e-08,3.753699649867369e-08,3.753699649867369e-08,1001.9375
2013,2026-07-23,40.650001525878906,41.0,40.599998474121094,41.0,53051.0,40.65,41.0,40.6,41.0,53,2159350.0,3.753699649867369e-08,0.0,3.758322432687402e-08,0.0,999.9622641509434
2013,2026-07-24,40.599998474121094,41.099998474121094,40.599998474121094,41.0,61003.0,40.6,41.1,40.6,41.0,61,2500100.0,3.758322432687402e-08,3.712600748591449e-08,3.758322432687402e-08,0.0,999.0491803278688
2013,2026-07-27,41.400001525878906,41.400001525878906,40.849998474121094,41.0,113020.0,41.4,41.4,40.85,41.0,113,4648550.0,3.6856978446161486e-08,3.6856978446161486e-08,3.73532168340535e-08,0.0,999.1769911504425
2013,2026-07-28,40.75,40.849998474121094,40.650001525878906,40.79999923706055,121001.0,40.75,40.85,40.65,40.8,121,4929500.0,0.0,3.73532168340535e-08,3.753699649867369e-08,1.8699496330461497e-08,999.00826446281
2013,2026-07-29,41.400001525878906,41.400001525878906,40.25,40.95000076293945,191000.0,41.4,41.4,40.25,40.95,191,7774200.0,3.6856978446161486e-08,3.6856978446161486e-08,0.0,1.863100000690669e-08,999.0
2013,2026-07-30,41.25,41.25,40.5,40.5,160209.0,41.25,41.25,40.5,40.5,160,6532050.0,0.0,0.0,0.0,0.0,1000.30625
2013,2026-07-31,40.95000076293945,41.25,40.79999923706055,40.900001525878906,76001.0,40.95,41.25,40.8,40.9,76,3107800.0,1.863100000690669e-08,0.0,1.8699496330461497e-08,3.7307552754794264e-08,999.0131578947369
2013,2026-08-03,40.70000076293945,40.849998474121094,40.349998474121094,40.599998474121094,105197.0,40.7,40.85,40.35,40.6,104,4212850.0,1.8745441038890146e-08,3.73532168340535e-08,3.781608197450026e-08,3.758322432687402e-08,1010.5096153846154
2013,2026-08-04,40.45000076293945,40.599998474121094,40.349998474121094,40.599998474121094,117114.0,40.45,40.6,40.35,40.6,117,4731100.0,1.886129666953842e-08,3.758322432687402e-08,3.781608197450026e-08,3.758322432687402e-08,999.974358974359
2013,2026-08-05,40.599998474121094,40.599998474121094,40.5,40.5,61060.0,40.6,40.6,40.5,40.5,61,2473850.0,3.758322432687402e-08,3.758322432687402e-08,0.0,0.0,999.983606557377
2013,2026-08-06,40.70000076293945,40.95000076293945,40.5,40.70000076293945,89000.0,40.7,40.95,40.5,40.7,89,3623350.0,1.8745441038890146e-08,1.863100000690669e-08,0.0,1.8745441038890146e-08,999.0
2013,2026-08-07,40.650001525878906,41.349998474121094,40.650001525878906,41.29999923706055,207123.0,40.65,41.35,40.65,41.3,207,8512250.0,3.753699649867369e-08,3.690154553013508e-08,3.753699649867369e-08,1.8473110176339688e-08,999.5942028985507
2013,2026-08-10,41.599998474121094,41.599998474121094,41.20000076293945,41.349998474121094,149089.0,41.6,41.6,41.2,41.35,149,6171250.0,3.667978143440109e-08,3.667978143440109e-08,1.851794782239876e-08,3.690154553013508e-08,999.5973154362416
2013,2026-08-11,41.45000076293945,42.599998474121094,41.29999923706055,41.400001525878906,171001.0,41.45,42.6,41.3,41.4,171,7118750.0,1.8406259355436163e-08,3.581875370119919e-08,1.8473110176339688e-08,3.6856978446161486e-08,999.0058479532164
2013,2026-08-12,41.75,41.75,41.400001525878906,41.45000076293945,99327.0,41.75,41.75,41.4,41.45,99,4117950.0,0.0,0.0,3.6856978446161486e-08,1.8406259355436163e-08,1002.3030303030303
2013,2026-08-13,41.650001525878906,41.650001525878906,41.04999923706055,41.29999923706055,73071.0,41.65,41.65,41.05,41.3,72,2973800.0,3.663574808333939e-08,3.663574808333939e-08,1.858561389239535e-08,1.8473110176339688e-08,1013.875
2013,2026-08-14,41.29999923706055,41.29999923706055,40.95000076293945,41.04999923706055,75908.0,41.3,41.3,40.95,41.05,75,3079350.0,1.8473110176339688e-08,1.8473110176339688e-08,1.863100000690669e-08,1.858561389239535e-08,1011.1066666666667
2013,2026-08-17,41.099998474121094,41.20000076293945,40.900001525878906,41.150001525878906,40127.0,41.1,41.2,40.9,41.15,40,1641750.0,3.712600748591449e-08,1.851794782239876e-08,3.7307552754794264e-08,3.7080896905737194e-08,1002.175
2013,2026-08-18,40.900001525878906,41.20000076293945,40.849998474121094,40.95000076293945,82000.0,40.9,41.2,40.85,40.95,82,3366650.0,3.7307552754794264e-08,1.851794782239876e-08,3.73532168340535e-08,1.863100000690669e-08,999.0
2013,2026-08-19,40.900001525878906,41.29999923706055,40.75,41.099998474121094,62127.0,40.9,41.3,40.75,41.1,62,2544050.0,3.7307552754794264e-08,1.8473110176339688e-08,0.0,3.712600748591449e-08,1001.0483870967741
2069,2026-05-25,19.200000762939453,20.0,19.200000762939453,19.549999237060547,823516.0,19.2,20.0,19.2,19.55,820,16126700.0,3.973642988726785e-08,0.0,3.973642988726785e-08,3.902503600181804e-08,1003.2878048780487
2069,2026-05-26,19.850000381469727,19.850000381469727,19.350000381469727,19.399999618530273,410100.0,19.85,19.85,19.35,19.4,410,7999100.0,1.9217618395033476e-08,1.9217618395033476e-08,1.9714197681726848e-08,1.966338789388735e-08,999.2439024390244
2069,2026-05-27,19.649999618530273,19.700000762939453,19.200000762939453,19.200000762939453,538616.0,19.65,19.7,19.2,19.2,538,10434800.0,1.9413217564448578e-08,3.8727891057641766e-08,3.973642988726785e-08,3.973642988726785e-08,1000.1449814126394
2069,2026-05-28,19.200000762939453,19.350000381469727,19.0,19.0,388000.0,19.2,19.35,19.0,19.0,388,7427800.0,3.973642988726785e-08,1.9714197681726848e-08,0.0,0.0,999.0
2069,2026-05-29,19.049999237060547,19.350000381469727,19.0,19.149999618530273,519000.0,19.05,19.35,19.0,19.15,519,9951250.0,4.0049315161970747e-08,1.9714197681726848e-08,0.0,1.9920090085713555e-08,999.0
2069,2026-06-01,19.100000381469727,19.649999618530273,19.100000381469727,19.600000381469727,344000.0,19.1,19.65,19.1,19.6,344,6696250.0,1.9972236918398664e-08,1.9413217564448578e-08,1.9972236918398664e-08,1.9462741078643598e-08,999.0
2069,2026-06-02,19.649999618530273,19.700000762939453,19.25,19.700000762939453,462354.0,19.65,19.7,19.25,19.7,461,8958050.0,1.9413217564448578e-08,3.8727891057641766e-08,0.0,3.8727891057641766e-08,1001.9370932754881
2069,2026-06-03,19.549999237060547,19.899999618530273,19.549999237060547,19.850000381469727,582000.0,19.55,19.9,19.55,19.85,582,11521650.0,3.902503600181804e-08,1.9169332921679123e-08,3.902503600181804e-08,1.9217618395033476e-08,999.0
2069,2026-06-04,19.799999237060547,19.899999618530273,19.600000381469727,19.850000381469727,264050.0,19.8,19.9,19.6,19.85,264,5213600.0,3.8532295648259734e-08,1.9169332921679123e-08,1.9462741078643598e-08,1.9217618395033476e-08,999.189393939394
2069,2026-06-05,20.299999237060547,20.350000381469727,19.850000381469727,20.350000381469727,928103.0,20.3,20.35,19.85,20.35,927,18635150.0,3.758322432687402e-08,1.8745441038890146e-08,1.9217618395033476e-08,1.8745441038890146e-08,1000.1898597626753
2069,2026-06-08,19.799999237060547,20.149999618530273,19.399999618530273,20.0,488000.0,19.8,20.15,19.4,20.0,488,9706350.0,3.8532295648259734e-08,1.893150000701809e-08,1.966338789388735e-08,0.0,999.0
2069,2026-06-09,20.149999618530273,20.5,20.049999237060547,20.049999237060547,363001.0,20.15,20.5,20.05,20.05,363,7328450.0,1.893150000701809e-08,0.0,3.805184308406697e-08,3.805184308406697e-08,999.0027548209366
2069,2026-06-10,19.850000381469727,20.0,19.5,19.649999618530273,474000.0,19.85,20.0,19.5,19.65,474,9369700.0,1.9217618395033476e-08,0.0,0.0,1.9413217564448578e-08,999.0
2069,2026-06-11,19.649999618530273,19.649999618530273,19.25,19.5,402001.0,19.65,19.65,19.25,19.5,402,7818800.0,1.9413217564448578e-08,1.9413217564448578e-08,0.0,0.0,999.002487562189
2069,2026-06-12,19.899999618530273,20.0,19.700000762939453,19.850000381469727,550255.0,19.9,20.0,19.7,19.85,549,10902400.0,1.9169332921679123e-08,0.0,3.8727891057641766e-08,1.9217618395033476e-08,1001.2859744990892
2069,2026-06-15,19.950000762939453,20.299999237060547,19.950000762939453,20.149999618530273,923010.0,19.95,20.3,19.95,20.15,922,18512300.0,3.82425791396262e-08,3.758322432687402e-08,3.82425791396262e-08,1.893150000701809e-08,1000.0954446854664
2069,2026-06-16,19.5,19.5,18.850000381469727,18.899999618530273,538010.0,19.5,19.5,18.85,18.9,538,10257600.0,0.0,0.0,2.0237120697157266e-08,2.0183583340815585e-08,999.0185873605948
2069,2026-06-17,18.75,19.100000381469727,18.700000762939453,19.0,228261.0,18.75,19.1,18.7,19.0,228,4314000.0,0.0,1.9972236918398664e-08,4.079890127462795e-08,0.0,1000.1447368421053
2069,2026-06-18,19.0,19.200000762939453,18.700000762939453,18.799999237060547,447031.0,19.0,19.2,18.7,18.8,445,8394600.0,0.0,3.973642988726785e-08,4.079890127462795e-08,4.0581885842316104e-08,1003.5640449438202
2069,2026-06-22,18.649999618530273,19.100000381469727,18.649999618530273,19.049999237060547,676758.0,18.65,19.1,18.65,19.05,674,12785200.0,2.045414075825279e-08,1.9972236918398664e-08,2.045414075825279e-08,4.0049315161970747e-08,1003.0919881305638
2069,2026-06-23,19.200000762939453,19.25,18.75,18.950000762939453,326000.0,19.2,19.25,18.75,18.95,326,6194600.0,3.973642988726785e-08,0.0,0.0,4.0260657194487743e-08,999.0
2069,2026-06-24,18.799999237060547,18.950000762939453,18.700000762939453,18.799999237060547,269000.0,18.8,18.95,18.7,18.8,269,5055100.0,4.0581885842316104e-08,4.0260657194487743e-08,4.079890127462795e-08,4.0581885842316104e-08,999.0
2069,2026-06-25,19.0,19.100000381469727,18.700000762939453,18.75,220000.0,19.0,19.1,18.7,18.75,220,4146500.0,0.0,1.9972236918398664e-08,4.079890127462795e-08,0.0,999.0
2069,2026-06-26,18.75,18.75,18.25,18.25,357000.0,18.75,18.75,18.25,18.25,357,6594500.0,0.0,0.0,0.0,0.0,999.0
2069,2026-06-29,18.299999237060547,18.5,18.25,18.399999618530273,176000.0,18.3,18.5,18.25,18.4,176,3228000.0,4.169068053746135e-08,0.0,0.0,2.0732050279424704e-08,999.0
2069,2026-06-30,18.600000381469727,18.600000381469727,18.299999237060547,18.450000762939453,112000.0,18.6,18.6,18.3,18.45,112,2061000.0,2.050912500760293e-08,2.050912500760293e-08,4.169068053746135e-08,4.135173191520557e-08,999.0
2069,2026-07-01,18.450000762939453,18.450000762939453,18.200000762939453,18.200000762939453,220000.0,18.45,18.45,18.2,18.2,220,4014900.0,4.135173191520557e-08,4.135173191520557e-08,4.191975021074411e-08,4.191975021074411e-08,999.0
2069,2026-07-02,18.200000762939453,18.200000762939453,18.049999237060547,18.200000762939453,235000.0,18.2,18.2,18.05,18.2,235,4264950.0,4.191975021074411e-08,4.191975021074411e-08,4.2268113785902644e-08,4.191975021074411e-08,999.0
2069,2026-07-03,18.200000762939453,18.600000381469727,18.200000762939453,18.600000381469727,165000.0,18.2,18.6,18.2,18.6,165,3054900.0,4.191975021074411e-08,2.050912500760293e-08,4.191975021074411e-08,2.050912500760293e-08,999.0
2069,2026-07-06,18.649999618530273,18.75,18.549999237060547,18.600000381469727,140000.0,18.65,18.75,18.55,18.6,140,2609600.0,2.045414075825279e-08,0.0,4.112881152752252e-08,2.050912500760293e-08,999.0
2069,2026-07-07,18.549999237060547,18.549999237060547,18.25,18.25,247000.0,18.55,18.55,18.25,18.25,247,4524150.0,4.112881152752252e-08,4.112881152752252e-08,0.0,0.0,999.0
2069,2026-07-08,18.399999618530273,18.399999618530273,18.0,18.100000381469727,394000.0,18.4,18.4,18.0,18.1,394,7142050.0,2.0732050279424704e-08,2.0732050279424704e-08,0.0,2.1075675422177598e-08,999.0
2069,2026-07-09,18.100000381469727,18.25,18.100000381469727,18.200000762939453,150000.0,18.1,18.25,18.1,18.2,150,2725250.0,2.1075675422177598e-08,0.0,2.1075675422177598e-08,4.191975021074411e-08,999.0
2069,2026-07-13,18.200000762939453,18.200000762939453,17.950000762939453,18.0,411000.0,18.2,18.2,17.95,18.0,411,7423750.0,4.191975021074411e-08,4.191975021074411e-08,4.2503590742927175e-08,0.0,999.0
2069,2026-07-14,17.799999237060547,18.0,17.600000381469727,17.850000381469727,369000.0,17.8,18.0,17.6,17.85,369,6554700.0,4.286176706941251e-08,0.0,2.1674416201216733e-08,2.137085294909885e-08,999.0
2069,2026-07-15,18.0,18.600000381469727,17.850000381469727,18.600000381469727,292000.0,18.0,18.6,17.85,18.6,292,5334750.0,0.0,2.050912500760293e-08,2.137085294909885e-08,2.050912500760293e-08,999.0
2069,2026-07-16,18.600000381469727,18.649999618530273,18.399999618530273,18.600000381469727,182001.0,18.6,18.65,18.4,18.6,182,3373550.0,2.050912500760293e-08,2.045414075825279e-08,2.0732050279424704e-08,2.050912500760293e-08,999.0054945054945
2069,2026-07-17,18.350000381469727,18.649999618530273,18.299999237060547,18.649999618530273,496405.0,18.35,18.65,18.3,18.65,496,9151500.0,2.0788540879641116e-08,2.045414075825279e-08,4.169068053746135e-08,2.045414075825279e-08,999.8165322580645
2069,2026-07-20,18.799999237060547,18.950000762939453,18.600000381469727,18.600000381469727,307000.0,18.8,18.95,18.6,18.6,307,5762250.0,4.0581885842316104e-08,4.0260657194487743e-08,2.050912500760293e-08,2.050912500760293e-08,999.0
2069,2026-07-21,18.649999618530273,18.899999618530273,18.600000381469727,18.75,155000.0,18.65,18.9,18.6,18.75,155,2905000.0,2.045414075825279e-08,2.0183583340815585e-08,2.050912500760293e-08,0.0,999.0
2069,2026-07-22,18.799999237060547,18.850000381469727,18.649999618530273,18.649999618530273,224888.0,18.8,18.85,18.65,18.65,224,4191900.0,4.0581885842316104e-08,2.0237120697157266e-08,2.045414075825279e-08,2.045414075825279e-08,1002.9642857142857
2069,2026-07-23,18.649999618530273,18.700000762939453,18.5,18.649999618530273,160000.0,18.65,18.7,18.5,18.65,160,2971800.0,2.045414075825279e-08,4.079890127462795e-08,0.0,2.045414075825279e-08,999.0
2069,2026-07-24,18.600000381469727,18.75,18.200000762939453,18.5,226000.0,18.6,18.75,18.2,18.5,226,4162750.0,2.050912500760293e-08,0.0,4.191975021074411e-08,0.0,999.0
2069,2026-07-27,18.600000381469727,18.600000381469727,18.149999618530273,18.350000381469727,174000.0,18.6,18.6,18.15,18.35,174,3181050.0,2.050912500760293e-08,2.050912500760293e-08,2.1017615710270776e-08,2.0788540879641116e-08,999.0
2069,2026-07-28,18.299999237060547,18.299999237060547,17.899999618530273,17.899999618530273,294000.0,18.3,18.3,17.9,17.9,294,5286250.0,4.169068053746135e-08,4.169068053746135e-08,2.1311157829129306e-08,2.1311157829129306e-08,999.0
2069,2026-07-29,17.899999618530273,18.100000381469727,17.549999237060547,17.850000381469727,407130.0,17.9,18.1,17.55,17.85,407,7238250.0,2.1311157829129306e-08,2.1075675422177598e-08,4.347233355188277e-08,2.137085294909885e-08,999.3194103194103
2069,2026-07-30,17.899999618530273,18.049999237060547,17.700000762939453,17.950000762939453,247000.0,17.9,18.05,17.7,17.95,246,4384650.0,2.1311157829129306e-08,4.2268113785902644e-08,4.310392394551089e-08,4.2503590742927175e-08,1003.0650406504066
2069,2026-07-31,17.950000762939453,18.25,17.950000762939453,18.149999618530273,219000.0,17.95,18.25,17.95,18.15,219,3963200.0,4.2503590742927175e-08,0.0,4.2503590742927175e-08,2.1017615710270776e-08,999.0
2069,2026-08-03,18.25,18.75,18.100000381469727,18.600000381469727,255000.0,18.25,18.75,18.1,18.6,255,4709900.0,0.0,0.0,2.1075675422177598e-08,2.050912500760293e-08,999.0
2069,2026-08-04,18.600000381469727,18.700000762939453,18.450000762939453,18.549999237060547,246000.0,18.6,18.7,18.45,18.55,245,4555750.0,2.050912500760293e-08,4.079890127462795e-08,4.135173191520557e-08,4.112881152752252e-08,1003.0816326530612
2069,2026-08-05,18.700000762939453,18.700000762939453,18.399999618530273,18.5,94100.0,18.7,18.7,18.4,18.5,94,1742500.0,4.079890127462795e-08,4.079890127462795e-08,2.0732050279424704e-08,0.0,1000.063829787234
2069,2026-08-06,18.5,19.450000762939453,18.5,19.399999618530273,1116670.0,18.5,19.45,18.5,19.4,1116,21317600.0,0.0,3.9225678860439216e-08,0.0,1.966338789388735e-08,999.600358422939
2069,2026-08-07,20.0,20.600000381469727,19.450000762939453,19.600000381469727,1236071.0,20.0,20.6,19.45,19.6,1236,24526400.0,0.0,1.851794782239876e-08,3.9225678860439216e-08,1.9462741078643598e-08,999.0574433656958
2069,2026-08-10,19.799999237060547,20.299999237060547,19.799999237060547,19.950000762939453,527000.0,19.8,20.3,19.8,19.95,527,10535800.0,3.8532295648259734e-08,3.758322432687402e-08,3.8532295648259734e-08,3.82425791396262e-08,999.0
2069,2026-08-11,20.0,20.350000381469727,19.950000762939453,20.049999237060547,769014.0,20.0,20.35,19.95,20.05,769,15497600.0,0.0,1.8745441038890146e-08,3.82425791396262e-08,3.805184308406697e-08,999.0182054616384
2069,2026-08-12,20.200000762939453,20.25,19.899999618530273,19.899999618530273,629701.0,20.2,20.25,19.9,19.9,629,12655250.0,3.7769279892848653e-08,0.0,1.9169332921679123e-08,1.9169332921679123e-08,1000.114467408585
2069,2026-08-13,20.0,20.299999237060547,19.950000762939453,20.200000762939453,738701.0,20.0,20.3,19.95,20.2,732,14735550.0,0.0,3.758322432687402e-08,3.82425791396262e-08,3.7769279892848653e-08,1008.1543715846994
2069,2026-08-14,20.200000762939453,20.200000762939453,19.75,19.75,414000.0,20.2,20.2,19.75,19.75,414,8237550.0,3.7769279892848653e-08,3.7769279892848653e-08,0.0,0.0,999.0
2069,2026-08-17,19.75,19.950000762939453,19.75,19.850000381469727,268010.0,19.75,19.95,19.75,19.85,268,5327600.0,0.0,3.82425791396262e-08,0.0,1.9217618395033476e-08,999.0373134328358
2069,2026-08-18,19.850000381469727,19.850000381469727,19.75,19.850000381469727,234317.0,19.85,19.85,19.75,19.85,234,4635750.0,1.9217618395033476e-08,1.9217618395033476e-08,0.0,1.9217618395033476e-08,1000.3547008547008
2069,2026-08-19,19.850000381469727,20.049999237060547,19.700000762939453,19.850000381469727,303000.0,19.85,20.05,19.7,19.85,303,6040700.0,1.9217618395033476e-08,3.805184308406697e-08,3.8727891057641766e-08,1.9217618395033476e-08,999.0
2231,2026-05-25,107.0,108.5,104.5,105.5,438002.0,107.0,108.5,104.5,105.5,437,46275500.0,0.0,0.0,0.0,0.0,1001.2929061784897
2231,2026-05-26,105.5,108.0,104.5,106.5,375837.0,105.5,108.0,104.5,106.5,375,39691500.0,0.0,0.0,0.0,0.0,1001.232
2231,2026-05-27,107.5,108.0,104.0,104.5,522203.0,107.5,108.0,104.0,104.5,521,55035500.0,0.0,0.0,0.0,0.0,1001.3090211132437
2231,2026-05-28,106.5,111.5,103.5,104.5,1212886.0,106.5,111.5,103.5,104.5,1211,129906000.0,0.0,0.0,0.0,0.0,1000.5573905862923
2231,2026-05-29,107.5,110.5,105.5,106.0,823115.0,107.5,110.5,105.5,106.0,822,88358500.0,0.0,0.0,0.0,0.0,1000.3564476885645
2231,2026-06-01,106.5,111.0,106.0,109.0,1548917.0,106.5,111.0,106.0,109.0,1543,168394000.0,0.0,0.0,0.0,0.0,1002.8347375243033
2231,2026-06-02,109.0,109.0,102.5,104.5,865342.0,109.0,109.0,102.5,104.5,863,90799500.0,0.0,0.0,0.0,0.0,1001.7137891077637
2231,2026-06-03,106.0,106.0,103.5,105.0,448231.0,106.0,106.0,103.5,105.0,448,46960500.0,0.0,0.0,0.0,0.0,999.515625
2231,2026-06-04,105.5,105.5,102.0,102.0,452202.0,105.5,105.5,102.0,102.0,452,46461500.0,0.0,0.0,0.0,0.0,999.4469026548672
2231,2026-06-05,102.0,102.0,99.0999984741211,100.5,396464.0,102.0,102.0,99.1,100.5,396,39627900.0,0.0,0.0,1.5397365293296248e-08,0.0,1000.1717171717172
2231,2026-06-08,90.5,95.80000305175781,90.5,95.0999984741211,717001.0,90.5,95.8,90.5,95.1,714,66131300.0,0.0,3.185550955471995e-08,0.0,1.604499369679977e-08,1003.203081232493
2231,2026-06-09,95.0999984741211,97.0,94.0,95.4000015258789,320000.0,95.1,97.0,94.0,95.4,320,30599900.0,1.604499369679977e-08,0.0,0.0,1.5994537741778387e-08,999.0
2231,2026-06-10,95.4000015258789,96.4000015258789,92.69999694824219,93.0,353099.0,95.4,96.4,92.7,93.0,353,33276100.0,1.5994537741778387e-08,1.5828619300473632e-08,3.292079628200831e-08,0.0,999.2804532577903
2231,2026-06-11,92.9000015258789,93.0,90.0,92.4000015258789,264178.0,92.9,93.0,90.0,92.4,264,24233500.0,1.642496125474336e-08,0.0,0.0,1.651384091521275e-08,999.6742424242424
2231,2026-06-12,94.30000305175781,94.80000305175781,92.0999984741211,92.0999984741211,308379.0,94.3,94.8,92.1,92.1,308,28722400.0,3.23622249771174e-08,3.219153813652079e-08,1.6567631927965888e-08,1.6567631927965888e-08,1000.2305194805194
2231,2026-06-15,93.5999984741211,94.5,92.69999694824219,94.30000305175781,263050.0,93.6,94.5,92.7,94.3,263,24580800.0,1.6302125006043358e-08,0.0,3.292079628200831e-08,3.23622249771174e-08,999.1901140684411
2231,2026-06-16,96.19999694824219,96.19999694824219,93.5,95.0,240080.0,96.2,96.2,93.5,95.0,240,22734400.0,3.172305421353608e-08,3.172305421353608e-08,0.0,0.0,999.3333333333334
2231,2026-06-17,94.80000305175781,95.0,92.30000305175781,92.9000015258789,245178.0,94.8,95.0,92.3,92.9,245,22868300.0,3.219153813652079e-08,0.0,3.3063464954953096e-08,1.642496125474336e-08,999.7265306122449
2231,2026-06-18,93.19999694824219,93.80000305175781,92.5999984741211,92.9000015258789,156030.0,93.2,93.8,92.6,92.9,156,14527500.0,3.2744182568049044e-08,3.2534731506846176e-08,1.6478173872199334e-08,1.642496125474336e-08,999.1923076923077
2231,2026-06-22,94.0,96.5,93.5999984741211,94.30000305175781,481423.0,94.0,96.5,93.6,94.3,480,45583700.0,0.0,0.0,1.6302125006043358e-08,3.23622249771174e-08,1001.9645833333333
2231,2026-06-23,95.30000305175781,95.30000305175781,92.30000305175781,92.9000015258789,519127.0,95.3,95.3,92.3,92.9,517,48063900.0,3.2022642343569474e-08,3.2022642343569474e-08,3.3063464954953096e-08,1.642496125474336e-08,1003.1141199226306
2231,2026-06-24,91.5,95.69999694824219,91.5,92.9000015258789,333072.0,91.5,95.7,91.5,92.9,331,31049900.0,0.0,3.1888796398559776e-08,0.0,1.642496125474336e-08,1005.2598187311178
2231,2026-06-25,93.80000305175781,93.80000305175781,91.0,91.0999984741211,257007.0,93.8,93.8,91.0,91.1,256,23577100.0,3.2534731506846176e-08,3.2534731506846176e-08,0.0,1.6749493968887575e-08,1002.93359375
2231,2026-06-26,91.9000015258789,91.9000015258789,88.19999694824219,88.19999694824219,402383.0,91.9,91.9,88.2,88.2,400,35864400.0,1.6603687710181262e-08,1.6603687710181262e-08,3.4600428745376086e-08,3.4600428745376086e-08,1004.9575
2231,2026-06-29,88.19999694824219,94.9000015258789,88.19999694824219,92.0,550664.0,88.2,94.9,88.2,92.0,550,50958500.0,3.4600428745376086e-08,1.607880822513865e-08,3.4600428745376086e-08,0.0,1000.2072727272728
2231,2026-06-30,94.0,101.0,92.5,101.0,1435848.0,94.0,101.0,92.5,101.0,1434,140456600.0,0.0,0.0,0.0,0.0,1000.2887029288703
2231,2026-07-01,101.5,110.5,99.9000015258789,108.5,3338280.0,101.5,110.5,99.9,108.5,3331,354490200.0,0.0,0.0,1.5274063068725307e-08,0.0,1001.1855298709096
2231,2026-07-02,107.0,116.5,105.5,110.0,3191447.0,107.0,116.5,105.5,110.0,3186,355063000.0,0.0,0.0,0.0,0.0,1000.7096672944131
2231,2026-07-03,112.5,121.0,110.5,118.5,5768906.0,112.5,121.0,110.5,118.5,5762,679968500.0,0.0,0.0,0.0,0.0,1000.1985421728566
2231,2026-07-06,121.0,126.5,117.5,123.5,4772462.0,121.0,126.5,117.5,123.5,4763,582265000.0,0.0,0.0,0.0,0.0,1000.9865630904892
2231,2026-07-07,124.0,124.0,113.0,116.0,3478051.0,124.0,124.0,113.0,116.0,3466,409341500.0,0.0,0.0,0.0,0.0,1002.4769186381997
2231,2026-07-08,118.5,121.5,112.5,115.5,2556049.0,118.5,121.5,112.5,115.5,2547,294301000.0,0.0,0.0,0.0,0.0,1002.5528072241854
2231,2026-07-09,113.5,123.0,111.0,111.0,3037356.0,113.5,123.0,111.0,111.0,3032,354500000.0,0.0,0.0,0.0,0.0,1000.7664907651715
2231,2026-07-13,111.5,118.0,111.5,114.0,1377406.0,111.5,118.0,111.5,114.0,1371,158049500.0,0.0,0.0,0.0,0.0,1003.6725018234865
2231,2026-07-14,113.0,122.5,113.0,116.5,2866919.0,113.0,122.5,113.0,116.5,2861,336864000.0,0.0,0.0,0.0,0.0,1001.0688570429919
2231,2026-07-15,118.0,128.0,113.0,126.5,3457188.0,118.0,128.0,113.0,126.5,3424,417910000.0,0.0,0.0,0.0,0.0,1008.6927570093458
2231,2026-07-16,124.5,126.0,118.0,118.0,2007823.0,124.5,126.0,118.0,118.0,2006,244765500.0,0.0,0.0,0.0,0.0,999.9087736789631
2231,2026-07-17,115.0,117.5,109.5,109.5,1250311.0,115.0,117.5,109.5,109.5,1245,139931500.0,0.0,0.0,0.0,0.0,1003.2658634538153
2231,2026-07-20,109.0,116.0,106.5,107.0,1373032.0,109.0,116.0,106.5,107.0,1373,151003000.0,0.0,0.0,0.0,0.0,999.0233066278223
2231,2026-07-21,107.0,113.0,107.0,112.0,783714.0,107.0,113.0,107.0,112.0,782,86843500.0,0.0,0.0,0.0,0.0,1001.1918158567775
2231,2026-07-22,114.0,114.0,105.0,105.0,1013364.0,114.0,114.0,105.0,105.0,1012,109463500.0,0.0,0.0,0.0,0.0,1000.3478260869565
2231,2026-07-23,106.0,106.0,96.0999984741211,96.0999984741211,1566376.0,106.0,106.0,96.1,96.1,1566,154546900.0,0.0,0.0,1.587803226395066e-08,1.587803226395066e-08,999.2401021711366
2231,2026-07-24,96.0999984741211,98.5,94.19999694824219,96.4000015258789,573145.0,96.1,98.5,94.2,96.4,572,55190900.0,1.587803226395066e-08,0.0,3.239657978070245e-08,1.5828619300473632e-08,1001.0017482517483
2231,2026-07-27,95.69999694824219,95.69999694824219,94.0,95.19999694824219,231020.0,95.7,95.7,94.0,95.2,228,21673200.0,3.1888796398559776e-08,3.1888796398559776e-08,0.0,3.205627957292196e-08,1012.2456140350877
2231,2026-07-28,92.0,93.5999984741211,91.30000305175781,91.5,312407.0,92.0,93.6,91.3,91.5,312,28815400.0,0.0,1.6302125006043358e-08,3.3425605863550613e-08,0.0,1000.3044871794872
2231,2026-07-29,92.30000305175781,92.5999984741211,86.30000305175781,88.80000305175781,605658.0,92.3,92.6,86.3,88.8,604,53742800.0,3.3063464954953096e-08,1.6478173872199334e-08,3.536219948252805e-08,3.436664206466409e-08,1001.7450331125827
2231,2026-07-30,89.0,91.0,87.4000015258789,90.0,318210.0,89.0,91.0,87.4,90.0,318,28414800.0,0.0,0.0,1.7458568656357644e-08,0.0,999.6603773584906
2231,2026-07-31,95.80000305175781,95.80000305175781,93.0999984741211,95.69999694824219,209068.0,95.8,95.8,93.1,95.7,208,19698800.0,3.185550955471995e-08,3.185550955471995e-08,1.6389676697805137e-08,3.1888796398559776e-08,1004.1346153846154
2231,2026-08-03,92.5,96.4000015258789,92.5,96.4000015258789,234010.0,92.5,96.4,92.5,96.4,232,22025600.0,0.0,1.5828619300473632e-08,0.0,1.5828619300473632e-08,1007.6637931034483
2231,2026-08-04,95.5,97.5,94.0999984741211,94.19999694824219,364025.0,95.5,97.5,94.1,94.2,364,34598100.0,0.0,0.0,1.621550372545864e-08,3.239657978070245e-08,999.0686813186813
2231,2026-08-05,95.0999984741211,97.0,93.0999984741211,93.30000305175781,283042.0,95.1,97.0,93.1,93.3,283,26824800.0,1.604499369679977e-08,0.0,1.6389676697805137e-08,3.270908698115939e-08,999.148409893993
2231,2026-08-06,95.0,102.5,92.9000015258789,102.5,993031.0,95.0,102.5,92.9,102.5,969,95783200.0,0.0,0.0,1.642496125474336e-08,0.0,1023.7997936016512
2231,2026-08-07,101.0,102.5,98.0,98.80000305175781,668117.0,101.0,102.5,98.0,98.8,668,66770400.0,0.0,0.0,0.0,3.0888236997390395e-08,999.1751497005988
2231,2026-08-10,98.80000305175781,99.30000305175781,97.4000015258789,99.0,217050.0,98.8,99.3,97.4,99.0,217,21392200.0,3.0888236997390395e-08,3.0732707103143715e-08,1.566610780868232e-08,0.0,999.2304147465438
2231,2026-08-11,99.0,103.0,97.30000305175781,103.0,435272.0,99.0,103.0,97.3,103.0,430,43120200.0,0.0,0.0,3.136441742386609e-08,0.0,1011.2604651162791
2231,2026-08-12,102.0,102.0,99.0,99.0,236402.0,102.0,102.0,99.0,99.0,236,23573900.0,0.0,0.0,0.0,0.0,1000.7033898305085
2231,2026-08-13,101.0,101.0,98.5999984741211,99.0999984741211,175316.0,101.0,101.0,98.6,99.1,175,17442400.0,0.0,0.0,1.547544523900262e-08,1.5397365293296248e-08,1000.8057142857143
2231,2026-08-14,99.69999694824219,106.0,97.5999984741211,102.0,922090.0,99.7,106.0,97.6,102.0,916,93931700.0,3.060940637253933e-08,0.0,1.5634005128746498e-08,0.0,1005.6484716157205
2231,2026-08-17,105.5,106.5,98.0,98.0,661381.0,105.5,106.5,98.0,98.0,659,67245400.0,0.0,0.0,0.0,0.0,1002.6130500758725
2231,2026-08-18,97.30000305175781,98.5,96.0,96.0,247126.0,97.3,98.5,96.0,96.0,247,23914800.0,3.136441742386609e-08,0.0,0.0,0.0,999.5101214574898
2231,2026-08-19,95.0,99.80000305175781,93.69999694824219,96.0,410049.0,95.0,99.8,93.7,96.0,410,39711900.0,0.0,3.057873562467105e-08,3.256945373897728e-08,0.0,999.119512195122
2317,2026-05-25,255.0,263.5,255.0,261.0,119013627.0,255.0,263.5,255.0,261.0,118569,30770963000.0,0.0,0.0,0.0,0.0,1002.7499430711232
2317,2026-05-26,262.5,263.5,257.0,259.0,54322447.0,262.5,263.5,257.0,259.0,54165,14067220500.0,0.0,0.0,0.0,0.0,1001.906803286255
2317,2026-05-27,263.0,269.0,261.0,264.0,76194767.0,263.0,269.0,261.0,264.0,76007,20164692000.0,0.0,0.0,0.0,0.0,1001.47039088505
2317,2026-05-28,265.0,269.5,259.5,263.0,71820253.0,265.0,269.5,259.5,263.0,71672,18996819500.0,0.0,0.0,0.0,0.0,1001.0684925772965
2317,2026-05-29,269.0,289.0,268.0,289.0,282852094.0,269.0,289.0,268.0,289.0,282541,80026976500.0,0.0,0.0,0.0,0.0,1000.1010578995615
2317,2026-06-01,302.0,304.5,293.0,293.5,194094294.0,302.0,304.5,293.0,293.5,193782,58000795000.0,0.0,0.0,0.0,0.0,1000.6115738303868
2317,2026-06-02,297.5,302.0,293.0,301.5,110375105.0,297.5,302.0,293.0,301.5,110029,32820407500.0,0.0,0.0,0.0,0.0,1002.1455798016887
2317,2026-06-03,306.0,314.0,299.0,309.0,146416447.0,306.0,314.0,299.0,309.0,146108,44988570500.0,0.0,0.0,0.0,0.0,1001.1110890574096
2317,2026-06-04,309.0,309.0,293.0,293.0,105281727.0,309.0,309.0,293.0,293.0,104732,31343300000.0,0.0,0.0,0.0,0.0,1004.2488924111065
2317,2026-06-05,290.5,292.5,278.0,284.5,89253266.0,290.5,292.5,278.0,284.5,89077,25345409500.0,0.0,0.0,0.0,0.0,1000.9788048542273
2317,2026-06-08,257.5,272.0,257.5,269.5,112878529.0,257.5,272.0,257.5,269.5,112545,29875646000.0,0.0,0.0,0.0,0.0,1001.9635168154961
2317,2026-06-09,270.5,277.5,268.5,277.5,71791661.0,270.5,277.5,268.5,277.5,71669,19552603500.0,0.0,0.0,0.0,0.0,1000.7114931141776
2317,2026-06-10,271.0,274.0,262.5,263.0,82371415.0,271.0,274.0,262.5,263.0,81986,22010553500.0,0.0,0.0,0.0,0.0,1003.7009855341156
2317,2026-06-11,260.0,262.5,251.5,258.5,88135941.0,260.0,262.5,251.5,258.5,87998,22589469000.0,0.0,0.0,0.0,0.0,1000.5675469897043
2317,2026-06-12,266.5,269.0,260.0,260.5,58714860.0,266.5,269.0,260.0,260.5,58534,15446048000.0,0.0,0.0,0.0,0.0,1002.0898281340759
2317,2026-06-15,271.0,272.5,265.0,267.5,53635501.0,271.0,272.5,265.0,267.5,53428,14316861500.0,0.0,0.0,0.0,0.0,1002.8837500935839
2317,2026-06-16,270.0,271.0,265.5,269.0,54847841.0,270.0,271.0,265.5,269.0,54668,14697647500.0,0.0,0.0,0.0,0.0,1002.2896941538012
2317,2026-06-17,266.0,272.0,264.0,272.0,40918113.0,266.0,272.0,264.0,272.0,40736,10964875500.0,0.0,0.0,0.0,0.0,1003.4705665750197
2317,2026-06-18,270.5,271.5,268.5,268.5,67328101.0,270.5,271.5,268.5,268.5,66997,18065216000.0,0.0,0.0,0.0,0.0,1003.9420272549518
2317,2026-06-22,270.0,275.5,268.5,268.5,63638370.0,270.0,275.5,268.5,268.5,63545,17243388000.0,0.0,0.0,0.0,0.0,1000.4693524274137
2317,2026-06-23,270.0,270.5,259.0,259.5,87176477.0,270.0,270.5,259.0,259.5,86781,22804428500.0,0.0,0.0,0.0,0.0,1003.5571841762597
2317,2026-06-24,255.0,261.0,255.0,256.0,59641357.0,255.0,261.0,255.0,256.0,59430,15277832500.0,0.0,0.0,0.0,0.0,1002.5564024903248
2317,2026-06-25,260.5,262.5,257.5,257.5,41360011.0,260.5,262.5,257.5,257.5,41286,10721502000.0,0.0,0.0,0.0,0.0,1000.7926415734147
2317,2026-06-26,255.5,255.5,248.0,248.5,76100217.0,255.5,255.5,248.0,248.5,75816,19032681500.0,0.0,0.0,0.0,0.0,1002.7487733459956
2317,2026-06-29,250.0,252.0,246.0,246.5,47188706.0,250.0,252.0,246.0,246.5,47046,11697672500.0,0.0,0.0,0.0,0.0,1002.0333290821749
2317,2026-06-30,251.5,255.5,249.0,251.0,51218467.0,251.5,255.5,249.0,251.0,51113,12902271000.0,0.0,0.0,0.0,0.0,1001.0634085262067
2317,2026-07-01,255.0,255.5,248.0,248.0,63616512.0,255.0,255.5,248.0,248.0,63410,15874112000.0,0.0,0.0,0.0,0.0,1002.2567733795931
2317,2026-07-02,239.0,243.0,238.0,239.0,64828330.0,239.0,243.0,238.0,239.0,64466,15469106500.0,0.0,0.0,0.0,0.0,1004.6204821146031
2317,2026-07-03,237.0,241.0,236.0,240.5,49052306.0,237.0,241.0,236.0,240.5,48969,11701101500.0,0.0,0.0,0.0,0.0,1000.701198717556
2317,2026-07-06,243.5,247.5,240.5,242.0,42276658.0,243.5,247.5,240.5,242.0,42156,10263776000.0,0.0,0.0,0.0,0.0,1001.8621785748173
2317,2026-07-07,243.0,243.0,236.0,237.0,49448509.0,243.0,243.0,236.0,237.0,49264,11764037000.0,0.0,0.0,0.0,0.0,1002.7453109775902
2317,2026-07-08,240.0,240.5,234.0,237.5,36721523.0,240.0,240.5,234.0,237.5,36496,8621662000.0,0.0,0.0,0.0,0.0,1005.1793895221394
2317,2026-07-09,238.0,240.0,234.5,237.5,38817358.0,238.0,240.0,234.5,237.5,38718,9200038000.0,0.0,0.0,0.0,0.0,1001.5661966010641
2317,2026-07-13,242.0,242.5,236.5,236.5,36758505.0,242.0,242.5,236.5,236.5,36699,8771968000.0,0.0,0.0,0.0,0.0,1000.6214338265348
2317,2026-07-14,236.0,237.0,230.0,235.5,46603460.0,236.0,237.0,230.0,235.5,46505,10850279500.0,0.0,0.0,0.0,0.0,1001.1171916998172
2317,2026-07-15,236.0,241.0,235.5,239.0,35204710.0,236.0,241.0,235.5,239.0,35145,8400348000.0,0.0,0.0,0.0,0.0,1000.6989614454403
2317,2026-07-16,240.5,244.0,238.0,242.5,37128310.0,240.5,244.0,238.0,242.5,36866,8908440500.0,0.0,0.0,0.0,0.0,1006.1152281234743
2317,2026-07-17,238.0,241.5,233.0,234.0,67239137.0,238.0,241.5,233.0,234.0,67033,15814695000.0,0.0,0.0,0.0,0.0,1002.0751570122179
2317,2026-07-20,235.5,238.5,230.5,234.5,47619834.0,235.5,238.5,230.5,234.5,47422,11150449500.0,0.0,0.0,0.0,0.0,1003.1717768124499
2317,2026-07-21,238.0,247.0,236.5,246.0,50049475.0,238.0,247.0,236.5,246.0,49852,12148530500.0,0.0,0.0,0.0,0.0,1002.961225226671
2317,2026-07-22,249.0,259.0,248.0,251.5,66051511.0,249.0,259.0,248.0,251.5,65830,16707580000.0,0.0,0.0,0.0,0.0,1002.3648944250342
2317,2026-07-23,256.5,259.5,253.5,257.5,62121101.0,256.5,259.5,253.5,257.5,61864,15865430000.0,0.0,0.0,0.0,0.0,1003.1559065045907
2317,2026-07-24,254.0,256.0,251.5,252.5,32814582.0,254.0,256.0,251.5,252.5,32703,8268011000.0,0.0,0.0,0.0,0.0,1002.4119805522429
2317,2026-07-27,253.0,254.5,246.0,253.0,35062266.0,253.0,254.5,246.0,253.0,34979,8735709500.0,0.0,0.0,0.0,0.0,1001.380456845536
2317,2026-07-28,246.0,247.0,238.0,238.0,51017638.0,246.0,247.0,238.0,238.0,50774,12276542500.0,0.0,0.0,0.0,0.0,1003.7984795367707
2317,2026-07-29,240.0,246.5,231.0,237.0,82004943.0,240.0,246.5,231.0,237.0,81674,19431938500.0,0.0,0.0,0.0,0.0,1003.0519994122976
2317,2026-07-30,236.0,237.5,226.5,229.5,74299712.0,236.0,237.5,226.5,229.5,74039,17103710000.0,0.0,0.0,0.0,0.0,1002.5212793257607
2317,2026-07-31,245.0,252.0,242.5,250.5,96232985.0,245.0,252.0,242.5,250.5,96039,23824926500.0,0.0,0.0,0.0,0.0,1001.0198565166235
2317,2026-08-03,244.5,254.0,242.5,253.0,51583093.0,244.5,254.0,242.5,253.0,51486,12832717500.0,0.0,0.0,0.0,0.0,1000.8858136192363
2317,2026-08-04,249.0,254.5,246.0,250.0,40209747.0,249.0,254.5,246.0,250.0,40124,10047848500.0,0.0,0.0,0.0,0.0,1001.1370501445518
2317,2026-08-05,257.0,260.5,256.0,258.5,70661389.0,257.0,260.5,256.0,258.5,70451,18202452500.0,0.0,0.0,0.0,0.0,1001.9863167307774
2317,2026-08-06,258.5,265.0,257.5,264.5,79995760.0,258.5,265.0,257.5,264.5,79872,20965261000.0,0.0,0.0,0.0,0.0,1000.5494791666666
2317,2026-08-07,265.5,267.0,258.0,260.0,37720298.0,265.5,267.0,258.0,260.0,37594,9829414500.0,0.0,0.0,0.0,0.0,1002.3595254561898
2317,2026-08-10,262.5,266.5,262.0,264.5,33745681.0,262.5,266.5,262.0,264.5,33616,8886942500.0,0.0,0.0,0.0,0.0,1002.8577165635412
2317,2026-08-11,266.0,266.0,260.5,263.0,24024583.0,266.0,266.0,260.5,263.0,23860,6277860500.0,0.0,0.0,0.0,0.0,1005.8978625314334
2317,2026-08-12,264.5,270.5,264.0,270.0,58028203.0,264.5,270.5,264.0,270.0,57458,15444187000.0,0.0,0.0,0.0,0.0,1008.9238226182603
2317,2026-08-13,274.5,274.5,261.0,262.0,92698114.0,274.5,274.5,261.0,262.0,92409,24466801500.0,0.0,0.0,0.0,0.0,1002.1286346567975
2317,2026-08-14,262.0,264.5,257.5,259.5,49247604.0,262.0,264.5,257.5,259.5,49075,12774306500.0,0.0,0.0,0.0,0.0,1002.5171472236373
2317,2026-08-17,259.5,261.0,255.0,255.0,34360164.0,259.5,261.0,255.0,255.0,34246,8800894000.0,0.0,0.0,0.0,0.0,1002.3336448052328
2317,2026-08-18,255.0,256.5,247.5,249.0,48047465.0,255.0,256.5,247.5,249.0,47879,11991988500.0,0.0,0.0,0.0,0.0,1002.5185571962655
2317,2026-08-19,245.0,247.0,242.5,245.0,34855147.0,245.0,247.0,242.5,245.0,34640,8486892500.0,0.0,0.0,0.0,0.0,1005.2109411085451
2353,2026-05-25,31.799999237060547,32.5,30.850000381469727,32.5,95113923.0,31.8,32.5,30.85,32.5,94789,3018417600.0,2.3991806724388137e-08,0.0,1.2365307135864328e-08,0.0,1002.4278555528595
2353,2026-05-26,34.25,34.25,31.200000762939453,31.899999618530273,119775580.0,34.25,34.25,31.2,31.9,119713,3842856300.0,0.0,0.0,2.4453187622934063e-08,1.195829859377475e-08,999.5227502443344
2353,2026-05-27,32.099998474121094,32.400001525878906,31.200000762939453,31.399999618530273,61498315.0,32.1,32.4,31.2,31.4,61412,1949973750.0,4.753516846327369e-08,4.709502801453968e-08,2.4453187622934063e-08,1.2148717361191545e-08,1000.4055070670228
2353,2026-05-28,31.799999237060547,33.400001525878906,31.799999237060547,32.0,77280707.0,31.8,33.4,31.8,32.0,77185,2516233650.0,2.3991806724388137e-08,4.5684997235661246e-08,2.3991806724388137e-08,0.0,1000.2399689058755
2353,2026-05-29,33.79999923706055,35.20000076293945,33.54999923706055,35.20000076293945,75054110.0,33.8,35.2,33.55,35.2,75021,2615732450.0,2.2572173085290802e-08,2.1674416201216733e-08,2.2740371096358544e-08,2.1674416201216733e-08,999.4413430906013
2353,2026-06-01,38.70000076293945,38.70000076293945,38.70000076293945,38.70000076293945,27106238.0,38.7,38.7,38.7,38.7,27085,1048189500.0,1.9714197681726848e-08,1.9714197681726848e-08,1.9714197681726848e-08,1.9714197681726848e-08,999.7841240539044
2353,2026-06-02,42.54999923706055,42.54999923706055,41.599998474121094,42.54999923706055,216763147.0,42.55,42.55,41.6,42.55,216677,9211258100.0,1.793042186328623e-08,1.793042186328623e-08,3.667978143440109e-08,1.793042186328623e-08,999.3975825768309
2353,2026-06-03,44.0,44.20000076293945,41.79999923706055,43.400001525878906,300946992.0,44.0,44.2,41.8,43.4,300510,12933793900.0,0.0,1.726107353581061e-08,1.8252139958919357e-08,3.515850017675312e-08,1000.4541679145452
2353,2026-06-04,42.400001525878906,42.599998474121094,39.099998474121094,39.099998474121094,195216202.0,42.4,42.6,39.1,39.1,194956,7763203300.0,3.5987710086582204e-08,3.581875370119919e-08,3.902503600181804e-08,3.902503600181804e-08,1000.3346703871642
2353,2026-06-05,38.099998474121094,38.70000076293945,37.04999923706055,38.400001525878906,86425833.0,38.1,38.7,37.05,38.4,86257,3271990850.0,4.0049315161970747e-08,1.9714197681726848e-08,2.0592157902370556e-08,3.973642988726785e-08,1000.9573252025923
2353,2026-06-08,34.599998474121094,35.70000076293945,34.599998474121094,35.29999923706055,70326114.0,34.6,35.7,34.6,35.3,70157,2453466100.0,4.4100546464482236e-08,2.137085294909885e-08,4.4100546464482236e-08,2.16130155887487e-08,1001.4105078609405
2353,2026-06-09,35.400001525878906,36.95000076293945,35.0,36.95000076293945,49278366.0,35.4,36.95,35.0,36.95,48963,1743557050.0,4.310392394551089e-08,2.0647887693716617e-08,0.0,2.0647887693716617e-08,1005.4409043563508
2353,2026-06-10,36.599998474121094,37.79999923706055,36.150001525878906,36.20000076293945,53822508.0,36.6,37.8,36.15,36.2,53675,1978689500.0,4.169068053746135e-08,2.0183583340815585e-08,4.220965166448369e-08,2.1075675422177598e-08,1001.7481695388915
2353,2026-06-11,35.79999923706055,36.95000076293945,35.099998474121094,36.900001525878906,52231251.0,35.8,36.95,35.1,36.9,52150,1885213800.0,2.1311157829129306e-08,2.0647887693716617e-08,4.347233355188277e-08,4.135173191520557e-08,1000.5580249280921
2353,2026-06-12,38.0,38.5,36.54999923706055,36.70000076293945,42048513.0,38.0,38.5,36.55,36.7,41972,1577864850.0,0.0,0.0,2.0873856368887255e-08,2.0788540879641116e-08,1000.822953397503
2353,2026-06-15,37.75,39.400001525878906,37.20000076293945,38.45000076293945,64401638.0,37.75,39.4,37.2,38.45,64333,2479841200.0,0.0,3.8727891057641766e-08,2.050912500760293e-08,1.9842378420879817e-08,1000.0669174451681
2353,2026-06-16,39.25,39.25,37.849998474121094,38.900001525878906,44037891.0,39.25,39.25,37.85,38.9,43887,1678791150.0,0.0,0.0,4.0313841682195126e-08,3.9225678860439216e-08,1002.4381707567161
2353,2026-06-17,35.5,36.0,34.29999923706055,35.0,107060090.0,35.5,36.0,34.3,35.0,106979,3740854950.0,0.0,0.0,2.2243132661306973e-08,0.0,999.7579992334944
2353,2026-06-18,35.04999923706055,35.29999923706055,34.349998474121094,34.400001525878906,46861255.0,35.05,35.3,34.35,34.4,46679,1615438400.0,2.1767174045159176e-08,2.16130155887487e-08,4.442151114035183e-08,4.435694499043853e-08,1002.9044324000085
2353,2026-06-22,34.650001525878906,34.900001525878906,34.0,34.0,38013553.0,34.65,34.9,34.0,34.0,37936,1303666150.0,4.403690931229684e-08,4.372145867252394e-08,0.0,0.0,1001.0443114719527
2353,2026-06-23,34.099998474121094,34.29999923706055,33.099998474121094,33.400001525878906,42586389.0,34.1,34.3,33.1,33.4,42510,1427214900.0,4.4747182043140336e-08,2.2243132661306973e-08,4.609906065471557e-08,4.5684997235661246e-08,1000.7969654199012
2353,2026-06-24,33.29999923706055,34.5,33.04999923706055,34.20000076293945,33709512.0,33.3,34.5,33.05,34.2,33665,1143385950.0,2.291109460308796e-08,0.0,2.3084400916273194e-08,2.2308171060901433e-08,1000.3222040695084
2353,2026-06-25,34.599998474121094,35.04999923706055,33.70000076293945,33.79999923706055,24595121.0,34.6,35.05,33.7,33.8,24558,840855900.0,4.4100546464482236e-08,2.1767174045159176e-08,2.263915282738365e-08,2.2572173085290802e-08,1000.5115644596466
2353,2026-06-26,33.54999923706055,33.54999923706055,31.799999237060547,31.899999618530273,44435908.0,33.55,33.55,31.8,31.9,44260,1442164950.0,2.2740371096358544e-08,2.2740371096358544e-08,2.3991806724388137e-08,1.195829859377475e-08,1002.9744238590149
2353,2026-06-29,32.650001525878906,33.25,31.75,32.20000076293945,31045993.0,32.65,33.25,31.75,32.2,31018,998414350.0,4.673442289957383e-08,0.0,0.0,2.3693771747913943e-08,999.9024759816881
2353,2026-06-30,32.599998474121094,33.400001525878906,32.20000076293945,33.099998474121094,38660585.0,32.6,33.4,32.2,33.1,38570,1273803000.0,4.6806101462303235e-08,4.5684997235661246e-08,2.3693771747913943e-08,4.609906065471557e-08,1001.3485869847032
2353,2026-07-01,33.5,34.099998474121094,32.0,32.099998474121094,38035039.0,33.5,34.1,32.0,32.1,37990,1239546750.0,0.0,4.4747182043140336e-08,0.0,4.753516846327369e-08,1000.1855488286391
2353,2026-07-02,32.0,32.20000076293945,31.649999618530273,32.0,24037720.0,32.0,32.2,31.65,32.0,23998,764963200.0,0.0,2.3693771747913943e-08,1.205275592863869e-08,0.0,1000.6551379281607
2353,2026-07-03,32.0,32.900001525878906,31.799999237060547,32.900001525878906,29559429.0,32.0,32.9,31.8,32.9,29517,954516350.0,0.0,4.637929810550412e-08,2.3991806724388137e-08,4.637929810550412e-08,1000.4374428295558
2353,2026-07-06,33.099998474121094,33.650001525878906,32.5,32.79999923706055,29191300.0,33.1,33.65,32.5,32.8,29104,959510900.0,4.609906065471557e-08,4.534558418041859e-08,0.0,2.326034909398869e-08,1001.9995876855415
2353,2026-07-07,33.150001525878906,33.150001525878906,31.899999618530273,32.0,23860450.0,33.15,33.15,31.9,32.0,23838,770768900.0,4.602952964317e-08,4.602952964317e-08,1.195829859377475e-08,0.0,999.9417736387281
2353,2026-07-08,32.20000076293945,33.099998474121094,32.0,32.29999923706055,49181448.0,32.2,33.1,32.0,32.3,49134,1597056950.0,2.3693771747913943e-08,4.609906065471557e-08,0.0,2.362041641742505e-08,999.9656856759067
2353,2026-07-09,32.79999923706055,33.75,32.5,32.5,52158200.0,32.8,33.75,32.5,32.5,52128,1718998800.0,2.326034909398869e-08,0.0,0.0,0.0,999.57934315531
2353,2026-07-13,32.75,33.099998474121094,31.700000762939453,31.950000762939453,27664173.0,32.75,33.1,31.7,31.95,27605,889129900.0,0.0,4.609906065471557e-08,2.4067490657272643e-08,2.3879169134132795e-08,1001.1435609491034
2353,2026-07-14,31.950000762939453,31.950000762939453,29.899999618530273,30.75,41529145.0,31.95,31.95,29.9,30.75,41425,1264677050.0,2.3879169134132795e-08,2.3879169134132795e-08,1.2758184787338279e-08,0.0,1001.5140615570308
2353,2026-07-15,30.899999618530273,31.200000762939453,30.450000762939453,31.049999237060547,45828376.0,30.9,31.2,30.45,31.05,45751,1410791050.0,1.2345298548265843e-08,2.4453187622934063e-08,2.5055482884582685e-08,2.4571318964107655e-08,1000.6912417214925
2353,2026-07-16,30.899999618530273,31.200000762939453,30.549999237060547,30.75,31324805.0,30.9,31.2,30.55,30.75,31282,963667200.0,1.2345298548265843e-08,2.4453187622934063e-08,2.4973468210656063e-08,0.0,1000.3683588005882
2353,2026-07-17,30.5,30.549999237060547,29.5,29.600000381469727,37309126.0,30.5,30.55,29.5,29.6,37246,1113467150.0,0.0,2.4973468210656063e-08,0.0,1.2887490714236977e-08,1000.6948397143317
2353,2026-07-20,30.0,30.200000762939453,28.649999618530273,29.25,24900243.0,30.0,30.2,28.65,29.25,24872,727200550.0,0.0,2.5262895822368965e-08,1.3314824612265779e-08,0.0,1000.1355339337407
2353,2026-07-21,29.850000381469727,30.399999618530273,29.5,30.200000762939453,21749358.0,29.85,30.4,29.5,30.2,21728,653843750.0,1.2779555281119414e-08,1.2548346221757057e-08,0.0,2.5262895822368965e-08,999.982971281296
2353,2026-07-22,30.549999237060547,31.049999237060547,30.450000762939453,30.549999237060547,22475284.0,30.55,31.05,30.45,30.55,22427,689463250.0,2.4973468210656063e-08,2.4571318964107655e-08,2.5055482884582685e-08,2.4973468210656063e-08,1001.1529406518928
2353,2026-07-23,30.799999237060547,30.899999618530273,30.0,30.149999618530273,16695963.0,30.8,30.9,30.0,30.15,16672,505454600.0,2.4770761488166972e-08,1.2345298548265843e-08,0.0,1.2652395527078426e-08,1000.4373200575816
2353,2026-07-24,29.850000381469727,30.399999618530273,29.75,30.049999237060547,11762238.0,29.85,30.4,29.75,30.05,11726,351563950.0,1.2779555281119414e-08,1.2548346221757057e-08,0.0,2.5389000127638693e-08,1002.0903974074706
2353,2026-07-27,30.350000381469727,30.350000381469727,29.600000381469727,30.100000381469727,19545075.0,30.35,30.35,29.6,30.1,19528,583072800.0,1.2569018950293724e-08,1.2569018950293724e-08,1.2887490714236977e-08,1.2673412795395831e-08,999.8743854977469
2353,2026-07-28,29.600000381469727,29.600000381469727,28.5,28.850000381469727,28341722.0,29.6,29.6,28.5,28.85,28304,818002500.0,1.2887490714236977e-08,1.2887490714236977e-08,0.0,1.3222520802128752e-08,1000.3327444884115
2353,2026-07-29,29.100000381469727,29.549999237060547,27.700000762939453,28.649999618530273,37160990.0,29.1,29.55,27.7,28.65,37021,1049541050.0,1.3108925262591564e-08,2.581859403842784e-08,2.7542940571680242e-08,1.3314824612265779e-08,1002.7813673320547
2353,2026-07-30,28.5,28.549999237060547,27.649999618530273,27.899999618530273,22731166.0,28.5,28.55,27.65,27.9,22698,635316550.0,0.0,2.672292307655141e-08,1.3796373422835968e-08,1.3672750005068621e-08,1000.4611860075778
2353,2026-07-31,28.700000762939453,29.299999237060547,28.700000762939453,28.850000381469727,35465107.0,28.7,29.3,28.7,28.85,35392,1026205650.0,2.658325623120358e-08,2.6038889209404187e-08,2.658325623120358e-08,1.3222520802128752e-08,1001.0656363019891
2353,2026-08-03,28.600000381469727,29.149999618530273,28.25,28.799999237060547,18468071.0,28.6,29.15,28.25,28.8,18415,530238600.0,1.3338102277671836e-08,1.3086439970545953e-08,0.0,2.6490953258178568e-08,1001.8819440673365
2353,2026-08-04,28.600000381469727,29.399999618530273,28.5,29.049999237060547,13455330.0,28.6,29.4,28.5,29.05,13438,389421450.0,1.3338102277671836e-08,1.2975160719095733e-08,0.0,2.626297603564691e-08,1000.2896264325049
2353,2026-08-05,29.799999237060547,30.899999618530273,29.649999618530273,30.25,35249847.0,29.8,30.9,29.65,30.25,35203,1063701800.0,2.560199509515244e-08,1.2345298548265843e-08,1.2865758014887505e-08,0.0,1000.3307672641537
2353,2026-08-06,30.100000381469727,30.450000762939453,29.75,30.0,13798391.0,30.1,30.45,29.75,30.0,13790,413554250.0,1.2673412795395831e-08,2.5055482884582685e-08,0.0,0.0,999.608484408992
2353,2026-08-07,30.850000381469727,31.100000381469727,30.100000381469727,30.25,22103773.0,30.85,31.1,30.1,30.25,22078,672705500.0,1.2365307135864328e-08,1.2265907560817186e-08,1.2673412795395831e-08,0.0,1000.1673611740193
2353,2026-08-10,30.299999237060547,31.0,30.0,31.0,20690910.0,30.3,31.0,30.0,31.0,20654,633705300.0,2.5179519928565768e-08,0.0,0.0,0.0,1000.7870630386366
2353,2026-08-11,30.899999618530273,31.049999237060547,30.5,31.049999237060547,12467052.0,30.9,31.05,30.5,31.05,12422,382443650.0,1.2345298548265843e-08,2.4571318964107655e-08,0.0,2.4571318964107655e-08,1002.6267911769442
2353,2026-08-12,31.0,31.950000762939453,30.850000381469727,31.75,24846140.0,31.0,31.95,30.85,31.75,24803,786512850.0,0.0,2.3879169134132795e-08,1.2365307135864328e-08,0.0,1000.7393057291457
2353,2026-08-13,32.20000076293945,32.5,31.5,31.549999237060547,26407265.0,32.2,32.5,31.5,31.55,26351,843594050.0,2.3693771747913943e-08,0.0,0.0,2.4181916127909437e-08,1001.1352130848924
2353,2026-08-14,31.799999237060547,33.20000076293945,31.799999237060547,32.29999923706055,59402283.0,31.8,33.2,31.8,32.3,59374,1944759600.0,2.3991806724388137e-08,2.2980103924181596e-08,2.3991806724388137e-08,2.362041641742505e-08,999.47635328595
2353,2026-08-17,32.5,32.54999923706055,30.75,31.450000762939453,36426594.0,32.5,32.55,30.75,31.45,36358,1138469750.0,0.0,2.3439000008689068e-08,0.0,2.42588061632923e-08,1000.8866274272513
2353,2026-08-18,31.100000381469727,31.100000381469727,30.450000762939453,30.549999237060547,15281204.0,31.1,31.1,30.45,30.55,15232,467014700.0,1.2265907560817186e-08,1.2265907560817186e-08,2.5055482884582685e-08,2.4973468210656063e-08,1002.2303046218487
2353,2026-08-19,30.100000381469727,31.0,30.049999237060547,30.899999618530273,12301530.0,30.1,31.0,30.05,30.9,12282,376014950.0,1.2673412795395831e-08,0.0,2.5389000127638693e-08,1.2345298548265843e-08,1000.5901319003419
2380,2026-05-25,21.187227249145508,21.223384857177734,21.151073455810547,21.151073455810547,114492.0,5.86,5.87,5.85,5.85,412,2415760.0,2.6155677899565712,2.6155681187696307,2.6155681121043672,2.6155681121043672,276.8932038834951
2380,2026-05-26,21.151073455810547,21.151073455810547,20.753360748291016,20.753360748291016,79871.0,5.85,5.85,5.74,5.74,284,1646950.0,2.6155681121043672,2.6155681121043672,2.6155680746151595,2.6155680746151595,280.23591549295776
2380,2026-05-27,20.753360748291016,20.753360748291016,19.885623931884766,19.994091033935547,118008.0,5.74,5.74,5.5,5.53,425,2346750.0,2.6155680746151595,2.6155680746151595,2.615567987615412,2.6155679989033533,276.6658823529412
2380,2026-05-28,20.247180938720703,20.247180938720703,19.704845428466797,19.885623931884766,71121.0,5.6,5.6,5.45,5.5,257,1417400.0,2.6155680247715543,2.6155680247715543,2.615567968526018,2.615567987615412,275.73540856031127
2380,2026-05-29,19.885623931884766,19.885623931884766,19.487911224365234,19.487911224365234,108558.0,5.5,5.5,5.39,5.39,391,2112220.0,2.615567987615412,2.615567987615412,2.6155679451512497,2.6155679451512497,276.64194373401534
2380,2026-06-01,19.34328842163086,19.34328842163086,19.16250991821289,19.270977020263672,110959.0,5.35,5.35,5.3,5.33,400,2133310.0,2.6155679292767964,2.6155679292767964,2.6155679090967716,2.6155679212502196,276.3975
2380,2026-06-02,19.16250991821289,20.861827850341797,19.16250991821289,20.861827850341797,63345.0,5.3,5.77,5.3,5.77,227,1232650.0,2.6155679090967716,2.6155680849812475,2.6155679090967716,2.6155680849812475,278.05286343612335
2380,2026-06-03,20.753360748291016,20.825672149658203,20.753360748291016,20.825672149658203,125560.0,5.74,5.76,5.74,5.76,450,2588550.0,2.6155680746151595,2.615568081537883,2.6155680746151595,2.615568081537883,278.02222222222224
2380,2026-06-04,21.47647476196289,21.548784255981445,21.40416145324707,21.548784255981445,137958.0,5.94,5.96,5.92,5.96,496,2948400.0,2.615568141744594,2.615567828184806,2.6155678130484916,2.615567828184806,277.14112903225805
2380,2026-06-05,21.47647476196289,21.47647476196289,20.60873794555664,20.60873794555664,69425.0,5.94,5.94,5.7,5.7,251,1443430.0,2.615568141744594,2.615568141744594,2.615568060623972,2.615568060623972,275.59362549800795
2380,2026-06-08,19.234821319580078,20.644893646240234,19.234821319580078,20.60873794555664,77285.0,5.32,5.71,5.32,5.7,278,1544780.0,2.6155679172143,2.615568064140146,2.6155679172143,2.615568060623972,277.00359712230215
2380,2026-06-09,20.89798355102539,20.970294952392578,20.427959442138672,20.464115142822266,58898.0,5.78,5.8,5.65,5.66,212,1219610.0,2.615568088412697,2.6155680952400995,2.6155680428564017,2.6155680464350293,276.8207547169811
2380,2026-06-10,20.60873794555664,20.60873794555664,20.247180938720703,20.247180938720703,62171.0,5.7,5.7,5.6,5.6,224,1264340.0,2.615568060623972,2.615568060623972,2.6155680247715543,2.6155680247715543,276.54910714285717
2380,2026-06-11,20.283336639404297,21.151073455810547,20.283336639404297,21.151073455810547,99351.0,5.61,5.85,5.61,5.85,357,2054820.0,2.6155680284143132,2.6155681121043672,2.6155680284143132,2.6155681121043672,277.29411764705884
2380,2026-06-12,20.934139251708984,23.24810218811035,20.934139251708984,23.24810218811035,451780.0,5.79,6.43,5.79,6.43,1629,10251500.0,2.6155680918322943,2.6155679919300705,2.6155680918322943,2.6155679919300705,276.3357888275015
2380,2026-06-15,23.32041358947754,23.32041358947754,22.778078079223633,22.778078079223633,230100.0,6.45,6.45,6.3,6.3,831,5318170.0,2.615567998368611,2.615567998368611,2.615567949083116,2.615567949083116,275.8953068592058
2380,2026-06-16,22.778078079223633,24.730485916137695,22.633455276489258,23.862749099731445,277280.0,6.3,6.84,6.26,6.6,983,6444240.0,2.615567949083116,2.6155681163944,2.6155679355414154,2.6155680454138555,281.07527975584946
2380,2026-06-29,23.850000381469727,23.850000381469727,21.5,21.5,223643.0,23.85,23.85,21.5,21.5,213,4720200.0,1.5994537741778387e-08,1.5994537741778387e-08,0.0,0.0,1048.9671361502346
2380,2026-06-30,20.299999237060547,20.299999237060547,19.350000381469727,19.350000381469727,294167.0,20.3,20.3,19.35,19.35,283,5493150.0,3.758322432687402e-08,3.758322432687402e-08,1.9714197681726848e-08,1.9714197681726848e-08,1038.4593639575971
2380,2026-07-01,20.0,21.25,20.0,21.25,206010.0,20.0,21.25,20.0,21.25,197,4126400.0,0.0,0.0,0.0,0.0,1044.736040609137
2380,2026-07-02,20.600000381469727,20.600000381469727,20.0,20.0,114617.0,20.6,20.6,20.0,20.0,110,2229150.0,1.851794782239876e-08,1.851794782239876e-08,0.0,0.0,1040.9727272727273
2380,2026-07-03,20.399999618530273,22.0,20.399999618530273,22.0,170398.0,20.4,22.0,20.4,22.0,168,3634950.0,1.8699496330461497e-08,0.0,1.8699496330461497e-08,0.0,1013.2738095238095
2380,2026-07-06,23.5,23.5,22.0,22.200000762939453,87926.0,23.5,23.5,22.0,22.2,86,1948650.0,0.0,0.0,0.0,3.436664206466409e-08,1021.3953488372093
2380,2026-07-07,21.649999618530273,21.649999618530273,20.600000381469727,20.600000381469727,68879.0,21.65,21.65,20.6,20.6,63,1336550.0,1.7619848736323997e-08,1.7619848736323997e-08,1.851794782239876e-08,1.851794782239876e-08,1092.3174603174602
2380,2026-07-08,19.299999237060547,20.850000381469727,19.299999237060547,20.799999237060547,59854.0,19.3,20.85,19.3,20.8,59,1196600.0,3.953054164950999e-08,1.8295910078724915e-08,3.953054164950999e-08,3.667978143440109e-08,1013.4745762711865
2380,2026-07-09,20.850000381469727,20.850000381469727,20.0,20.0,88027.0,20.85,20.85,20.0,20.0,87,1747100.0,1.8295910078724915e-08,1.8295910078724915e-08,0.0,0.0,1010.8045977011494
2380,2026-07-13,20.799999237060547,20.799999237060547,19.700000762939453,19.700000762939453,35437.0,20.8,20.8,19.7,19.7,34,685700.0,3.667978143440109e-08,3.667978143440109e-08,3.8727891057641766e-08,3.8727891057641766e-08,1041.264705882353
2380,2026-07-14,18.899999618530273,18.899999618530273,18.850000381469727,18.850000381469727,44040.0,18.9,18.9,18.85,18.85,43,812550.0,2.0183583340815585e-08,2.0183583340815585e-08,2.0237120697157266e-08,2.0237120697157266e-08,1023.1860465116279
2380,2026-07-15,19.75,19.799999237060547,19.100000381469727,19.799999237060547,58006.0,19.75,19.8,19.1,19.8,55,1072600.0,0.0,3.8532295648259734e-08,1.9972236918398664e-08,3.8532295648259734e-08,1053.6545454545455
2380,2026-07-16,19.75,20.049999237060547,19.600000381469727,19.600000381469727,12064.0,19.75,20.05,19.6,19.6,12,237400.0,0.0,3.805184308406697e-08,1.9462741078643598e-08,1.9462741078643598e-08,1004.3333333333334
2380,2026-07-17,19.600000381469727,19.899999618530273,18.799999237060547,18.799999237060547,51712.0,19.6,19.9,18.8,18.8,50,949950.0,1.9462741078643598e-08,1.9169332921679123e-08,4.0581885842316104e-08,4.0581885842316104e-08,1033.24
2380,2026-07-20,19.799999237060547,19.799999237060547,19.0,19.5,12521.0,19.8,19.8,19.0,19.5,11,213450.0,3.8532295648259734e-08,3.8532295648259734e-08,0.0,0.0,1137.2727272727273
2380,2026-07-21,19.5,19.5,19.0,19.299999237060547,73030.0,19.5,19.5,19.0,19.3,73,1398500.0,0.0,0.0,0.0,3.953054164950999e-08,999.4109589041096
2380,2026-07-22,19.850000381469727,19.850000381469727,19.0,19.100000381469727,82533.0,19.85,19.85,19.0,19.1,82,1560150.0,1.9217618395033476e-08,1.9217618395033476e-08,0.0,1.9972236918398664e-08,1005.5
2380,2026-07-23,19.600000381469727,19.600000381469727,19.0,19.0,39560.0,19.6,19.6,19.0,19.0,38,723000.0,1.9462741078643598e-08,1.9462741078643598e-08,0.0,0.0,1040.0526315789473
2380,2026-07-24,19.0,19.5,19.0,19.5,68466.0,19.0,19.5,19.0,19.5,68,1293000.0,0.0,0.0,0.0,0.0,1005.8529411764706
2380,2026-07-27,19.100000381469727,19.75,19.0,19.75,71503.0,19.1,19.75,19.0,19.75,70,1342050.0,1.9972236918398664e-08,0.0,0.0,0.0,1020.4714285714285
2380,2026-07-28,19.049999237060547,19.049999237060547,18.899999618530273,18.950000762939453,32688.0,19.05,19.05,18.9,18.95,30,567650.0,4.0049315161970747e-08,4.0049315161970747e-08,2.0183583340815585e-08,4.0260657194487743e-08,1088.6
2380,2026-07-29,18.899999618530273,19.049999237060547,18.75,18.799999237060547,86253.0,18.9,19.05,18.75,18.8,85,1609000.0,2.0183583340815585e-08,4.0049315161970747e-08,0.0,4.0581885842316104e-08,1013.7411764705882
2380,2026-07-30,18.799999237060547,19.0,18.799999237060547,18.799999237060547,24829.0,18.8,19.0,18.8,18.8,24,453200.0,4.0581885842316104e-08,0.0,4.0581885842316104e-08,4.0581885842316104e-08,1033.5416666666667
2380,2026-07-31,19.0,19.649999618530273,19.0,19.049999237060547,17467.0,19.0,19.65,19.0,19.05,17,325450.0,0.0,1.9413217564448578e-08,0.0,4.0049315161970747e-08,1026.4705882352941
2380,2026-08-03,19.0,19.049999237060547,19.0,19.0,38484.0,19.0,19.05,19.0,19.0,37,704200.0,0.0,4.0049315161970747e-08,0.0,0.0,1039.1081081081081
2380,2026-08-04,18.600000381469727,19.0,18.600000381469727,18.799999237060547,52955.0,18.6,19.0,18.6,18.8,52,977800.0,2.050912500760293e-08,0.0,2.050912500760293e-08,4.0581885842316104e-08,1017.3653846153846
2380,2026-08-05,18.899999618530273,19.0,18.850000381469727,19.0,51485.0,18.9,19.0,18.85,19.0,51,963750.0,2.0183583340815585e-08,0.0,2.0237120697157266e-08,0.0,1008.5098039215686
2380,2026-08-06,19.0,19.0,18.899999618530273,18.950000762939453,42106.0,19.0,19.0,18.9,18.95,42,794700.0,0.0,0.0,2.0183583340815585e-08,4.0260657194487743e-08,1001.5238095238095
2380,2026-08-07,19.299999237060547,19.350000381469727,18.950000762939453,19.0,48447.0,19.3,19.35,18.95,19.0,48,923750.0,3.953054164950999e-08,1.9714197681726848e-08,4.0260657194487743e-08,0.0,1008.3125
2380,2026-08-10,18.950000762939453,19.100000381469727,18.899999618530273,19.100000381469727,59066.0,18.95,19.1,18.9,19.1,58,1104650.0,4.0260657194487743e-08,1.9972236918398664e-08,2.0183583340815585e-08,1.9972236918398664e-08,1017.3793103448276
2380,2026-08-11,19.100000381469727,19.299999237060547,19.100000381469727,19.299999237060547,11487.0,19.1,19.3,19.1,19.3,10,192300.0,1.9972236918398664e-08,3.953054164950999e-08,1.9972236918398664e-08,3.953054164950999e-08,1147.7
2380,2026-08-12,19.899999618530273,20.600000381469727,19.5,20.600000381469727,59967.0,19.9,20.6,19.5,20.6,56,1114100.0,1.9169332921679123e-08,1.851794782239876e-08,0.0,1.851794782239876e-08,1069.8392857142858
2380,2026-08-13,19.350000381469727,19.450000762939453,19.299999237060547,19.299999237060547,34279.0,19.35,19.45,19.3,19.3,33,638050.0,1.9714197681726848e-08,3.9225678860439216e-08,3.953054164950999e-08,3.953054164950999e-08,1037.7575757575758
2380,2026-08-14,20.049999237060547,20.049999237060547,19.549999237060547,19.649999618530273,75414.0,20.05,20.05,19.55,19.65,74,1465600.0,3.805184308406697e-08,3.805184308406697e-08,3.902503600181804e-08,1.9413217564448578e-08,1018.1081081081081
2380,2026-08-17,19.75,19.799999237060547,19.549999237060547,19.600000381469727,46670.0,19.75,19.8,19.55,19.6,45,884450.0,0.0,3.8532295648259734e-08,3.902503600181804e-08,1.9462741078643598e-08,1036.111111111111
2380,2026-08-18,21.399999618530273,21.399999618530273,20.0,20.25,78236.0,21.4,21.4,20.0,20.25,75,1551350.0,1.7825688090720306e-08,1.7825688090720306e-08,0.0,0.0,1042.1466666666668
2380,2026-08-19,20.200000762939453,20.399999618530273,19.0,20.25,145509.0,20.2,20.4,19.0,20.25,145,2823750.0,3.7769279892848653e-08,1.8699496330461497e-08,0.0,0.0,1002.5103448275862
2414,2026-05-25,50.5,51.5,49.900001525878906,50.0,423505.0,50.5,51.5,49.9,50.0,423,21332300.0,0.0,0.0,3.057873562467105e-08,0.0,1000.193853427896
2414,2026-05-26,50.099998474121094,50.70000076293945,50.099998474121094,50.5,315052.0,50.1,50.7,50.1,50.5,312,15701100.0,3.045666482377416e-08,1.5048115390193867e-08,3.045666482377416e-08,0.0,1008.7820512820513
2414,2026-05-27,50.5,51.29999923706055,50.5,51.20000076293945,313683.0,50.5,51.3,50.5,51.2,311,15857000.0,0.0,1.4872114040600957e-08,0.0,1.4901161138336505e-08,1007.6270096463022
2414,2026-05-28,51.20000076293945,51.29999923706055,50.20000076293945,50.400001525878906,312005.0,51.2,51.3,50.2,50.4,310,15712700.0,1.4901161138336505e-08,1.4872114040600957e-08,1.5197997017586234e-08,3.027537515220408e-08,1005.4677419354839
2414,2026-05-29,50.5,51.5,50.5,50.79999923706055,221100.0,50.5,51.5,50.5,50.8,220,11202800.0,0.0,0.0,0.0,1.501849311580372e-08,1004.0
2414,2026-06-01,50.79999923706055,51.900001525878906,50.79999923706055,51.5,356686.0,50.8,51.9,50.8,51.5,354,18189900.0,1.501849311580372e-08,2.9400364309654826e-08,1.501849311580372e-08,0.0,1006.5875706214689
2414,2026-06-02,52.400001525878906,52.400001525878906,51.400001525878906,51.79999923706055,264314.0,52.4,52.4,51.4,51.8,263,13598300.0,2.9119826482272624e-08,2.9119826482272624e-08,2.96863600714219e-08,1.4728560816270833e-08,1003.9961977186312
2414,2026-06-03,52.29999923706055,52.400001525878906,51.79999923706055,52.20000076293945,320100.0,52.3,52.4,51.8,52.2,320,16689100.0,1.4587752395465184e-08,2.9119826482272624e-08,1.4728560816270833e-08,1.4615698281280249e-08,999.3125
2414,2026-06-04,52.29999923706055,53.900001525878906,52.29999923706055,53.29999923706055,559610.0,52.3,53.9,52.3,53.3,559,29798900.0,1.4587752395465184e-08,2.8309441700762256e-08,1.4587752395465184e-08,1.4314060980916117e-08,1000.0912343470483
2414,2026-06-05,53.900001525878906,54.0,52.29999923706055,52.79999923706055,620185.0,53.9,54.0,52.3,52.8,617,32660600.0,2.8309441700762256e-08,0.0,1.4587752395465184e-08,1.4449610800811157e-08,1004.162074554295
2414,2026-06-08,50.400001525878906,52.0,50.20000076293945,51.79999923706055,376562.0,50.4,52.0,50.2,51.8,376,19273900.0,3.027537515220408e-08,0.0,1.5197997017586234e-08,1.4728560816270833e-08,1000.4946808510638
2414,2026-06-09,51.79999923706055,56.900001525878906,51.79999923706055,56.900001525878906,1506768.0,51.8,56.9,51.8,56.9,1506,84195500.0,1.4728560816270833e-08,2.681685250740045e-08,1.4728560816270833e-08,2.681685250740045e-08,999.5099601593625
2414,2026-06-10,57.0,62.5,56.900001525878906,57.5,2466219.0,57.0,62.5,56.9,57.5,2465,144484500.0,0.0,0.0,2.681685250740045e-08,0.0,999.494523326572
2414,2026-06-11,62.400001525878906,63.0,58.400001525878906,63.0,3169136.0,62.4,63.0,58.4,63.0,3166,194878700.0,2.4453187622934063e-08,0.0,2.612806348751859e-08,0.0,999.9905243209097
2414,2026-06-12,65.0,65.0,60.099998474121094,61.20000076293945,2182948.0,65.0,65.0,60.1,61.2,2178,136674300.0,0.0,0.0,2.5389000127638693e-08,1.2466330886974331e-08,1001.2718089990817
2414,2026-06-15,61.70000076293945,62.5,60.29999923706055,60.79999923706055,825703.0,61.7,62.5,60.3,60.8,824,50298100.0,1.2365307135864328e-08,0.0,1.2652395527078426e-08,1.2548346221757057e-08,1001.0667475728155
2414,2026-06-16,61.29999923706055,62.400001525878906,60.20000076293945,60.20000076293945,762311.0,61.3,62.4,60.2,60.2,760,46321100.0,1.2445994294989055e-08,2.4453187622934063e-08,1.2673412795395831e-08,1.2673412795395831e-08,1002.0407894736842
2414,2026-06-17,60.20000076293945,60.900001525878906,59.400001525878906,60.70000076293945,368050.0,60.2,60.9,59.4,60.7,368,22210400.0,1.2673412795395831e-08,2.5055482884582685e-08,2.5688197098839823e-08,1.2569018950293724e-08,999.1358695652174
2414,2026-06-18,61.5,63.29999923706055,61.5,62.79999923706055,675156.0,61.5,63.3,61.5,62.8,674,42153400.0,0.0,1.205275592863869e-08,0.0,1.2148717361191545e-08,1000.7151335311572
2414,2026-06-22,63.5,64.4000015258789,61.79999923706055,63.29999923706055,467075.0,63.5,64.4,61.8,63.3,467,29280300.0,0.0,2.3693771747913943e-08,1.2345298548265843e-08,1.205275592863869e-08,999.1605995717345
2414,2026-06-23,63.79999923706055,64.4000015258789,61.0,61.20000076293945,448496.0,63.8,64.4,61.0,61.2,443,27502600.0,1.195829859377475e-08,2.3693771747913943e-08,0.0,1.2466330886974331e-08,1011.4063205417607
2414,2026-06-24,60.29999923706055,61.79999923706055,60.099998474121094,60.5,411403.0,60.3,61.8,60.1,60.5,411,25002400.0,1.2652395527078426e-08,1.2345298548265843e-08,2.5389000127638693e-08,0.0,999.9805352798054
2414,2026-06-25,60.29999923706055,61.599998474121094,60.099998474121094,60.099998474121094,367028.0,60.3,61.6,60.1,60.1,365,22106800.0,1.2652395527078426e-08,2.4770761488166972e-08,2.5389000127638693e-08,2.5389000127638693e-08,1004.5561643835616
2414,2026-06-26,59.599998474121094,60.0,58.70000076293945,58.70000076293945,573393.0,59.6,60.0,58.7,58.7,571,33863900.0,2.560199509515244e-08,0.0,1.2997264911121449e-08,1.2997264911121449e-08,1003.1908931698774
2414,2026-06-29,58.400001525878906,59.5,58.29999923706055,59.099998474121094,401300.0,58.4,59.5,58.3,59.1,400,23542800.0,2.612806348751859e-08,0.0,1.3086439970545953e-08,2.581859403842784e-08,1002.25
2414,2026-06-30,59.099998474121094,60.5,59.099998474121094,60.29999923706055,248466.0,59.1,60.5,59.1,60.3,248,14863700.0,2.581859403842784e-08,0.0,2.581859403842784e-08,1.2652395527078426e-08,1000.8790322580645
2414,2026-07-01,60.400001525878906,60.900001525878906,59.0,59.099998474121094,342072.0,60.4,60.9,59.0,59.1,342,20440400.0,2.5262895822368965e-08,2.5055482884582685e-08,0.0,2.581859403842784e-08,999.2105263157895
2414,2026-07-02,59.900001525878906,61.0,59.5,61.0,406030.0,59.9,61.0,59.5,61.0,404,24396000.0,2.547377141354066e-08,0.0,0.0,0.0,1004.0247524752475
2414,2026-07-03,60.099998474121094,61.70000076293945,60.099998474121094,61.5,248033.0,60.1,61.7,60.1,61.5,248,15172500.0,2.5389000127638693e-08,1.2365307135864328e-08,2.5389000127638693e-08,0.0,999.133064516129
2414,2026-07-06,61.5,63.5,61.5,61.70000076293945,351000.0,61.5,63.5,61.5,61.7,351,21864400.0,0.0,0.0,0.0,1.2365307135864328e-08,999.0
2414,2026-07-07,61.70000076293945,62.599998474121094,60.5,61.29999923706055,295354.0,61.7,62.6,60.5,61.3,294,18074600.0,1.2365307135864328e-08,2.437506242286079e-08,0.0,1.2445994294989055e-08,1003.6054421768707
2414,2026-07-08,62.099998474121094,62.20000076293945,60.5,61.099998474121094,329020.0,62.1,62.2,60.5,61.1,329,20125600.0,2.4571318964107655e-08,1.2265907560817186e-08,0.0,2.4973468210656063e-08,999.0607902735562
2414,2026-07-09,61.099998474121094,62.0,60.79999923706055,61.599998474121094,229017.0,61.1,62.0,60.8,61.6,227,13944700.0,2.4973468210656063e-08,0.0,1.2548346221757057e-08,2.4770761488166972e-08,1007.885462555066
2414,2026-07-13,66.19999694824219,67.69999694824219,62.5,63.79999923706055,1155065.0,66.2,67.7,62.5,63.8,1153,74843900.0,4.609906065471557e-08,4.5077663446708577e-08,0.0,1.195829859377475e-08,1000.7909800520382
2414,2026-07-14,61.79999923706055,63.79999923706055,60.400001525878906,63.599998474121094,1117249.0,61.8,63.8,60.4,63.6,1117,69128600.0,1.2345298548265843e-08,1.195829859377475e-08,2.5262895822368965e-08,2.3991806724388137e-08,999.2229185317816
2414,2026-07-15,62.70000076293945,64.9000015258789,62.400001525878906,64.5999984741211,684230.0,62.7,64.9,62.4,64.6,678,42922300.0,1.2168093305946236e-08,2.3511231133523235e-08,2.4453187622934063e-08,2.362041641742505e-08,1008.188790560472
2414,2026-07-16,63.29999923706055,63.900001525878906,61.70000076293945,61.79999923706055,452617.0,63.3,63.9,61.7,61.8,450,28162600.0,1.205275592863869e-08,2.3879169134132795e-08,1.2365307135864328e-08,1.2345298548265843e-08,1004.8155555555555
2414,2026-07-17,61.099998474121094,61.20000076293945,59.599998474121094,60.0,478000.0,61.1,61.2,59.6,60.0,475,28653100.0,2.4973468210656063e-08,1.2466330886974331e-08,2.560199509515244e-08,0.0,1005.3157894736842
2414,2026-07-20,59.099998474121094,59.20000076293945,55.599998474121094,56.29999923706055,866001.0,59.1,59.2,55.6,56.3,864,49363200.0,2.581859403842784e-08,1.2887490714236977e-08,2.7443865245882833e-08,1.355132238513018e-08,1001.3159722222222
2414,2026-07-21,56.29999923706055,57.20000076293945,56.0,56.900001525878906,457892.0,56.3,57.2,56.0,56.9,449,25399300.0,1.355132238513018e-08,1.3338102277671836e-08,0.0,2.681685250740045e-08,1018.804008908686
2414,2026-07-22,57.400001525878906,58.0,56.900001525878906,57.29999923706055,975161.0,57.4,58.0,56.9,57.3,973,55710400.0,2.658325623120358e-08,0.0,2.681685250740045e-08,1.3314824612265779e-08,1001.2209660842755
2414,2026-07-23,54.400001525878906,54.900001525878906,53.20000076293945,54.5,571261.0,54.4,54.9,53.2,54.5,570,30788000.0,2.804924462630672e-08,2.7793787024974236e-08,1.4340967110579493e-08,0.0,1001.2122807017544
2414,2026-07-24,54.5,56.29999923706055,54.099998474121094,55.70000076293945,355001.0,54.5,56.3,54.1,55.7,354,19613300.0,0.0,1.355132238513018e-08,2.8204785724049637e-08,1.3697297132546302e-08,1001.8276836158192
2414,2026-07-27,55.70000076293945,57.79999923706055,54.900001525878906,57.20000076293945,348030.0,55.7,57.8,54.9,57.2,348,19530600.0,1.3697297132546302e-08,1.3199644468561057e-08,2.7793787024974236e-08,1.3338102277671836e-08,999.0862068965517
2414,2026-07-28,56.5,56.900001525878906,55.70000076293945,55.900001525878906,346100.0,56.5,56.9,55.7,55.9,343,19266100.0,0.0,2.681685250740045e-08,1.3697297132546302e-08,2.729658153257756e-08,1008.0379008746356
2414,2026-07-29,56.599998474121094,56.599998474121094,53.400001525878906,55.29999923706055,472100.0,56.6,56.6,53.4,55.3,472,25736000.0,2.6958991301609282e-08,2.6958991301609282e-08,2.8574511379608343e-08,1.3796373422835968e-08,999.2118644067797
2414,2026-07-30,55.900001525878906,56.099998474121094,54.0,54.70000076293945,324002.0,55.9,56.1,54.0,54.7,324,17824800.0,2.729658153257756e-08,2.7199267516418634e-08,0.0,1.3947704758369817e-08,999.0061728395061
2414,2026-07-31,55.70000076293945,58.0,55.70000076293945,58.0,412000.0,55.7,58.0,55.7,58.0,412,23658600.0,1.3697297132546302e-08,0.0,1.3697297132546302e-08,0.0,999.0
2414,2026-08-03,58.29999923706055,58.400001525878906,56.900001525878906,57.29999923706055,260034.0,58.3,58.4,56.9,57.3,260,14949500.0,1.3086439970545953e-08,2.612806348751859e-08,2.681685250740045e-08,1.3314824612265779e-08,999.1307692307693
2414,2026-08-04,56.70000076293945,59.70000076293945,56.70000076293945,59.599998474121094,425761.0,56.7,59.7,56.7,59.6,425,24874000.0,1.3455722227210388e-08,1.2779555281119414e-08,1.3455722227210388e-08,2.560199509515244e-08,1000.7905882352941
2414,2026-08-05,60.099998474121094,61.5,60.099998474121094,60.599998474121094,391100.0,60.1,61.5,60.1,60.6,390,23712300.0,2.5389000127638693e-08,0.0,2.5389000127638693e-08,2.5179519928565768e-08,1001.8205128205128
2414,2026-08-06,55.20000076293945,57.0,54.599998474121094,56.5,2637071.0,55.2,57.0,54.6,56.5,2627,145367000.0,1.3821366852949801e-08,0.0,2.794650014049607e-08,0.0,1002.8336505519604
2414,2026-08-07,55.79999923706055,57.099998474121094,55.0,55.70000076293945,613454.0,55.8,57.1,55.0,55.7,612,33984500.0,1.3672750005068621e-08,2.672292307655141e-08,0.0,1.3697297132546302e-08,1001.375816993464
2414,2026-08-10,55.099998474121094,57.400001525878906,55.0,56.70000076293945,501052.0,55.1,57.4,55.0,56.7,500,28256200.0,2.7692902135591387e-08,2.658325623120358e-08,0.0,1.3455722227210388e-08,1001.104
2414,2026-08-11,53.20000076293945,54.29999923706055,51.29999923706055,51.900001525878906,1935207.0,53.2,54.3,51.3,51.9,1930,100285100.0,1.4340967110579493e-08,1.4050450281451733e-08,1.4872114040600957e-08,2.9400364309654826e-08,1001.6979274611399
2414,2026-08-12,51.70000076293945,52.79999923706055,51.5,52.79999923706055,605406.0,51.7,52.8,51.5,52.8,605,31664800.0,1.4757049328487988e-08,1.4449610800811157e-08,0.0,1.4449610800811157e-08,999.6710743801652
2414,2026-08-13,53.0,53.0,52.5,52.79999923706055,239031.0,53.0,53.0,52.5,52.8,235,12380800.0,0.0,0.0,0.0,1.4449610800811157e-08,1016.1531914893617
2414,2026-08-14,52.79999923706055,53.70000076293945,51.900001525878906,53.29999923706055,413059.0,52.8,53.7,51.9,53.3,411,21759300.0,1.4449610800811157e-08,1.4207438552752868e-08,2.9400364309654826e-08,1.4314060980916117e-08,1004.0097323600974
2414,2026-08-17,53.29999923706055,53.400001525878906,52.400001525878906,52.70000076293945,447003.0,53.3,53.4,52.4,52.7,445,23461800.0,1.4314060980916117e-08,2.8574511379608343e-08,2.9119826482272624e-08,1.447702941713148e-08,1003.5011235955056
2414,2026-08-18,53.20000076293945,53.20000076293945,51.79999923706055,52.400001525878906,283001.0,53.2,53.2,51.8,52.4,283,14782200.0,1.4340967110579493e-08,1.4340967110579493e-08,1.4728560816270833e-08,2.9119826482272624e-08,999.0035335689046
2414,2026-08-19,52.400001525878906,52.400001525878906,51.70000076293945,51.900001525878906,268000.0,52.4,52.4,51.7,51.9,268,13912700.0,2.9119826482272624e-08,2.9119826482272624e-08,1.4757049328487988e-08,2.9400364309654826e-08,999.0
2440,2026-05-25,18.350000381469727,18.700000762939453,17.950000762939453,18.25,1253565.0,18.35,18.7,17.95,18.25,1253,22904650.0,2.0788540879641116e-08,4.079890127462795e-08,4.2503590742927175e-08,0.0,999.4509177972865
2440,2026-05-26,18.350000381469727,18.549999237060547,17.700000762939453,17.799999237060547,788251.0,18.35,18.55,17.7,17.8,786,14124000.0,2.0788540879641116e-08,4.112881152752252e-08,4.310392394551089e-08,4.286176706941251e-08,1001.8638676844784
2440,2026-05-27,17.850000381469727,17.899999618530273,17.0,17.350000381469727,965015.0,17.85,17.9,17.0,17.35,965,16735150.0,2.137085294909885e-08,2.1311157829129306e-08,0.0,2.1986727673856743e-08,999.0155440414508
2440,2026-05-28,17.399999618530273,17.549999237060547,16.649999618530273,16.850000381469727,539355.0,17.4,17.55,16.65,16.85,539,9223200.0,2.192354742192038e-08,4.347233355188277e-08,2.291109460308796e-08,2.263915282738365e-08,999.6586270871985
2440,2026-05-29,16.899999618530273,17.600000381469727,16.899999618530273,17.600000381469727,708156.0,16.9,17.6,16.9,17.6,705,12154700.0,2.2572173085290802e-08,2.1674416201216733e-08,2.2572173085290802e-08,2.1674416201216733e-08,1003.4765957446808
2440,2026-06-01,17.75,18.700000762939453,17.600000381469727,18.149999618530273,1331001.0,17.75,18.7,17.6,18.15,1331,24399000.0,0.0,4.079890127462795e-08,2.1674416201216733e-08,2.1017615710270776e-08,999.0007513148009
2440,2026-06-02,18.700000762939453,18.700000762939453,17.75,18.149999618530273,798619.0,18.7,18.7,17.75,18.15,797,14414150.0,4.079890127462795e-08,4.079890127462795e-08,0.0,2.1017615710270776e-08,1001.0313676286073
2440,2026-06-03,18.299999237060547,18.899999618530273,18.0,18.649999618530273,1601741.0,18.3,18.9,18.0,18.65,1601,29634850.0,4.169068053746135e-08,2.0183583340815585e-08,0.0,2.045414075825279e-08,999.4628357276702
2440,2026-06-04,18.75,20.5,18.600000381469727,20.5,2567959.0,18.75,20.5,18.6,20.5,2564,51368250.0,0.0,0.0,2.050912500760293e-08,0.0,1000.5440717628705
2440,2026-06-05,22.549999237060547,22.549999237060547,18.450000762939453,18.450000762939453,12941046.0,22.55,22.55,18.45,18.45,12930,264737100.0,3.383323520335001e-08,3.383323520335001e-08,4.135173191520557e-08,4.135173191520557e-08,999.8542923433874
2440,2026-06-08,16.649999618530273,17.899999618530273,16.649999618530273,17.5,2066800.0,16.65,17.9,16.65,17.5,2064,35535450.0,2.291109460308796e-08,2.1311157829129306e-08,2.291109460308796e-08,0.0,1000.3565891472869
2440,2026-06-09,17.350000381469727,17.700000762939453,17.049999237060547,17.600000381469727,1422001.0,17.35,17.7,17.05,17.6,1421,24613600.0,2.1986727673856743e-08,4.310392394551089e-08,4.4747182043140336e-08,2.1674416201216733e-08,999.7044334975369
2440,2026-06-10,17.350000381469727,17.950000762939453,17.0,17.049999237060547,1151050.0,17.35,17.95,17.0,17.05,1148,19993250.0,2.1986727673856743e-08,4.2503590742927175e-08,0.0,4.4747182043140336e-08,1001.6567944250871
2440,2026-06-11,17.149999618530273,17.350000381469727,16.5,17.25,1089079.0,17.15,17.35,16.5,17.25,1086,18295200.0,2.2243132661306973e-08,2.1986727673856743e-08,0.0,0.0,1001.8351749539595
2440,2026-06-12,17.450000762939453,17.799999237060547,17.299999237060547,17.450000762939453,595700.0,17.45,17.8,17.3,17.45,595,10448650.0,4.372145867252394e-08,4.286176706941251e-08,4.4100546464482236e-08,4.372145867252394e-08,1000.1764705882352
2440,2026-06-15,17.799999237060547,17.850000381469727,17.049999237060547,17.200000762939453,970588.0,17.8,17.85,17.05,17.2,970,16817600.0,4.286176706941251e-08,2.137085294909885e-08,4.4747182043140336e-08,4.435694499043853e-08,999.6061855670104
2440,2026-06-16,17.25,17.5,16.799999237060547,16.799999237060547,741100.0,17.25,17.5,16.8,16.8,740,12673100.0,0.0,0.0,4.541306272830611e-08,4.541306272830611e-08,1000.4864864864865
2440,2026-06-17,16.700000762939453,17.049999237060547,16.649999618530273,16.950000762939453,392055.0,16.7,17.05,16.65,16.95,391,6590250.0,4.5684997235661246e-08,4.4747182043140336e-08,2.291109460308796e-08,4.501117721743615e-08,1001.6982097186701
2440,2026-06-18,17.049999237060547,17.049999237060547,16.799999237060547,16.950000762939453,475030.0,17.05,17.05,16.8,16.95,474,8010900.0,4.4747182043140336e-08,4.4747182043140336e-08,4.541306272830611e-08,4.501117721743615e-08,1001.1729957805907
2440,2026-06-22,17.0,17.100000381469727,16.850000381469727,16.950000762939453,768010.0,17.0,17.1,16.85,16.95,768,13029100.0,0.0,2.2308171060901433e-08,2.263915282738365e-08,4.501117721743615e-08,999.0130208333334
2440,2026-06-23,17.100000381469727,17.350000381469727,16.600000381469727,17.200000762939453,913030.0,17.1,17.35,16.6,17.2,912,15489700.0,2.2308171060901433e-08,2.1986727673856743e-08,2.2980103924181596e-08,4.435694499043853e-08,1000.1293859649123
2440,2026-06-24,17.25,17.5,16.700000762939453,17.25,934103.0,17.25,17.5,16.7,17.25,924,15824050.0,0.0,0.0,4.5684997235661246e-08,0.0,1009.9339826839827
2440,2026-06-25,17.299999237060547,17.399999618530273,17.0,17.0,290078.0,17.3,17.4,17.0,17.0,289,4962100.0,4.4100546464482236e-08,2.192354742192038e-08,0.0,0.0,1002.7301038062284
2440,2026-06-26,17.0,17.0,16.049999237060547,16.049999237060547,621003.0,17.0,17.0,16.05,16.05,621,10222750.0,0.0,0.0,4.753516846327369e-08,4.753516846327369e-08,999.0048309178744
2440,2026-06-29,16.200000762939453,16.850000381469727,16.0,16.75,792008.0,16.2,16.85,16.0,16.75,792,13008950.0,4.709502801453968e-08,2.263915282738365e-08,0.0,0.0,999.010101010101
2440,2026-06-30,16.950000762939453,16.950000762939453,16.549999237060547,16.700000762939453,444428.0,16.95,16.95,16.55,16.7,443,7400800.0,4.501117721743615e-08,4.501117721743615e-08,4.609906065471557e-08,4.5684997235661246e-08,1002.2234762979684
2440,2026-07-01,16.75,16.899999618530273,16.600000381469727,16.75,308000.0,16.75,16.9,16.6,16.75,308,5164050.0,0.0,2.2572173085290802e-08,2.2980103924181596e-08,0.0,999.0
2440,2026-07-02,16.75,17.0,16.600000381469727,16.899999618530273,264896.0,16.75,17.0,16.6,16.9,264,4463450.0,0.0,0.0,2.2980103924181596e-08,2.2572173085290802e-08,1002.3939393939394
2440,2026-07-03,16.899999618530273,17.700000762939453,16.899999618530273,17.399999618530273,640000.0,16.9,17.7,16.9,17.4,639,11088150.0,2.2572173085290802e-08,4.310392394551089e-08,2.2572173085290802e-08,2.192354742192038e-08,1000.5649452269171
2440,2026-07-06,17.600000381469727,18.200000762939453,17.450000762939453,18.0,1196180.0,17.6,18.2,17.45,18.0,1194,21333900.0,2.1674416201216733e-08,4.191975021074411e-08,4.372145867252394e-08,0.0,1000.8257956448912
2440,2026-07-07,17.799999237060547,17.950000762939453,16.700000762939453,16.799999237060547,991000.0,17.8,17.95,16.7,16.8,990,16960000.0,4.286176706941251e-08,4.2503590742927175e-08,4.5684997235661246e-08,4.541306272830611e-08,1000.010101010101
2440,2026-07-08,16.799999237060547,16.850000381469727,16.299999237060547,16.350000381469727,548179.0,16.8,16.85,16.3,16.35,548,9013700.0,4.541306272830611e-08,2.263915282738365e-08,4.6806101462303235e-08,2.333148166002535e-08,999.3266423357665
2440,2026-07-09,16.5,16.799999237060547,16.450000762939453,16.649999618530273,449420.0,16.5,16.8,16.45,16.65,438,7275250.0,0.0,4.541306272830611e-08,4.637929810550412e-08,2.291109460308796e-08,1025.0730593607307
2440,2026-07-13,16.5,16.950000762939453,16.5,16.75,418001.0,16.5,16.95,16.5,16.75,418,7001800.0,0.0,4.501117721743615e-08,0.0,0.0,999.0023923444976
2440,2026-07-14,16.899999618530273,16.899999618530273,15.5,15.850000381469727,717000.0,16.9,16.9,15.5,15.85,717,11451850.0,2.2572173085290802e-08,2.2572173085290802e-08,0.0,2.4067490657272643e-08,999.0
2440,2026-07-15,15.949999809265137,17.25,15.699999809265137,16.950000762939453,1037073.0,15.95,17.25,15.7,16.95,1037,17224550.0,1.195829859377475e-08,0.0,1.2148717361191545e-08,4.501117721743615e-08,999.0703953712632
2440,2026-07-16,16.950000762939453,17.049999237060547,16.450000762939453,16.600000381469727,380080.0,16.95,17.05,16.45,16.6,380,6338900.0,4.501117721743615e-08,4.4747182043140336e-08,4.637929810550412e-08,2.2980103924181596e-08,999.2105263157895
2440,2026-07-17,16.5,16.549999237060547,15.5,15.550000190734863,662115.0,16.5,16.55,15.5,15.55,659,10474400.0,0.0,4.609906065471557e-08,0.0,1.2265907560817186e-08,1003.7268588770864
2440,2026-07-20,15.75,16.0,15.199999809265137,15.5,456004.0,15.75,16.0,15.2,15.5,456,7091950.0,0.0,0.0,1.2548346221757057e-08,0.0,999.0087719298245
2440,2026-07-21,15.649999618530273,16.100000381469727,15.649999618530273,15.949999809265137,248000.0,15.65,16.1,15.65,15.95,248,3938600.0,2.437506242286079e-08,2.3693771747913943e-08,2.437506242286079e-08,1.195829859377475e-08,999.0
2440,2026-07-22,16.100000381469727,16.25,16.0,16.100000381469727,134001.0,16.1,16.25,16.0,16.1,134,2157950.0,2.3693771747913943e-08,0.0,0.0,2.3693771747913943e-08,999.0074626865671
2440,2026-07-23,16.049999237060547,16.25,15.699999809265137,15.949999809265137,212160.0,16.05,16.25,15.7,15.95,212,3375400.0,4.753516846327369e-08,0.0,1.2148717361191545e-08,1.195829859377475e-08,999.7547169811321
2440,2026-07-24,16.049999237060547,16.049999237060547,15.350000381469727,15.699999809265137,345016.0,16.05,16.05,15.35,15.7,345,5370700.0,4.753516846327369e-08,4.753516846327369e-08,2.4851448007672404e-08,1.2148717361191545e-08,999.0463768115942
2440,2026-07-27,15.699999809265137,15.949999809265137,15.399999618530273,15.949999809265137,205040.0,15.7,15.95,15.4,15.95,205,3201700.0,1.2148717361191545e-08,1.195829859377475e-08,2.4770761488166972e-08,1.195829859377475e-08,999.1951219512196
2440,2026-07-28,15.600000381469727,15.600000381469727,15.0,15.100000381469727,547146.0,15.6,15.6,15.0,15.1,546,8284200.0,2.4453187622934063e-08,2.4453187622934063e-08,0.0,2.5262895822368965e-08,1001.0989010989011
2440,2026-07-29,15.100000381469727,15.25,14.699999809265137,15.050000190734863,703487.0,15.1,15.25,14.7,15.05,703,10501950.0,2.5262895822368965e-08,0.0,1.2975160719095733e-08,1.2673412795395831e-08,999.6927453769559
2440,2026-07-30,15.0,15.25,14.5,14.5,380145.0,15.0,15.25,14.5,14.5,379,5608550.0,0.0,0.0,0.0,0.0,1002.0211081794196
2440,2026-07-31,14.75,15.350000381469727,14.75,15.25,205000.0,14.75,15.35,14.75,15.25,205,3104100.0,0.0,2.4851448007672404e-08,0.0,0.0,999.0
2440,2026-08-03,15.149999618530273,15.75,15.149999618530273,15.600000381469727,218057.0,15.15,15.75,15.15,15.6,218,3365650.0,2.5179519928565768e-08,0.0,2.5179519928565768e-08,2.4453187622934063e-08,999.2614678899082
2440,2026-08-04,15.600000381469727,15.600000381469727,15.300000190734863,15.399999618530273,198471.0,15.6,15.6,15.3,15.4,198,3043750.0,2.4453187622934063e-08,2.4453187622934063e-08,1.2466330886974331e-08,2.4770761488166972e-08,1001.3787878787879
2440,2026-08-05,15.449999809265137,15.600000381469727,15.25,15.25,248000.0,15.45,15.6,15.25,15.25,248,3812900.0,1.2345298548265843e-08,2.4453187622934063e-08,0.0,0.0,999.0
2440,2026-08-06,15.25,15.25,14.850000381469727,15.149999618530273,260000.0,15.25,15.25,14.85,15.15,260,3920250.0,0.0,0.0,2.5688197098839823e-08,2.5179519928565768e-08,999.0
2440,2026-08-07,15.149999618530273,15.300000190734863,15.0,15.25,152180.0,15.15,15.3,15.0,15.25,152,2313700.0,2.5179519928565768e-08,1.2466330886974331e-08,0.0,0.0,1000.1842105263158
2440,2026-08-10,15.25,15.850000381469727,15.199999809265137,15.850000381469727,290210.0,15.25,15.85,15.2,15.85,284,4385350.0,0.0,2.4067490657272643e-08,1.2548346221757057e-08,2.4067490657272643e-08,1020.8661971830986
2440,2026-08-11,16.0,16.0,15.25,15.75,316185.0,16.0,16.0,15.25,15.75,313,4843300.0,0.0,0.0,0.0,0.0,1009.1757188498402
2440,2026-08-12,15.5,15.649999618530273,15.399999618530273,15.649999618530273,269453.0,15.5,15.65,15.4,15.65,269,4176450.0,0.0,2.437506242286079e-08,2.4770761488166972e-08,2.437506242286079e-08,1000.6840148698885
2440,2026-08-13,14.699999809265137,14.949999809265137,14.149999618530273,14.350000381469727,1898500.0,14.7,14.95,14.15,14.35,1893,27212700.0,1.2975160719095733e-08,1.2758184787338279e-08,2.6958991301609282e-08,2.658325623120358e-08,1001.905441098785
2440,2026-08-14,14.350000381469727,14.350000381469727,13.850000381469727,13.899999618530273,867058.0,14.35,14.35,13.85,13.9,865,12083900.0,2.658325623120358e-08,2.658325623120358e-08,2.7542940571680242e-08,2.7443865245882833e-08,1001.3791907514451
2440,2026-08-17,13.899999618530273,14.149999618530273,13.649999618530273,13.75,322000.0,13.9,14.15,13.65,13.75,314,4322900.0,2.7443865245882833e-08,2.6958991301609282e-08,2.794650014049607e-08,0.0,1024.4777070063694
2440,2026-08-18,13.75,13.899999618530273,13.600000381469727,13.600000381469727,233177.0,13.75,13.9,13.6,13.6,232,3169000.0,0.0,2.7443865245882833e-08,2.804924462630672e-08,2.804924462630672e-08,1004.073275862069
2440,2026-08-19,13.550000190734863,14.0,13.5,13.699999809265137,250835.0,13.55,14.0,13.5,13.7,248,3410450.0,1.407637362145441e-08,0.0,0.0,1.3922252742387392e-08,1010.4314516129032
2471,2026-05-25,50.5,50.5,50.0,50.400001525878906,221366.0,50.5,50.5,50.0,50.4,221,11097800.0,0.0,0.0,0.0,3.027537515220408e-08,1000.6561085972851
2471,2026-05-26,50.20000076293945,51.0,50.20000076293945,50.900001525878906,246013.0,50.2,51.0,50.2,50.9,246,12482800.0,1.5197997017586234e-08,0.0,1.5197997017586234e-08,2.99779746104339e-08,999.0528455284552
2471,2026-05-27,51.099998474121094,51.400001525878906,50.29999923706055,50.599998474121094,323000.0,51.1,51.4,50.3,50.6,323,16374700.0,2.9860643985735526e-08,2.96863600714219e-08,1.5167782311785867e-08,3.0155709637768487e-08,999.0
2471,2026-05-28,50.900001525878906,50.900001525878906,50.29999923706055,50.79999923706055,262400.0,50.9,50.9,50.3,50.8,262,13247000.0,2.99779746104339e-08,2.99779746104339e-08,1.5167782311785867e-08,1.501849311580372e-08,1000.5267175572519
2471,2026-05-29,51.0,51.29999923706055,50.79999923706055,51.099998474121094,172002.0,51.0,51.3,50.8,51.1,171,8730800.0,0.0,1.4872114040600957e-08,1.501849311580372e-08,2.9860643985735526e-08,1004.859649122807
2471,2026-06-01,51.29999923706055,56.20000076293945,51.29999923706055,54.599998474121094,2226620.0,51.3,56.2,51.3,54.6,2219,121496700.0,1.4872114040600957e-08,1.3575435058413328e-08,1.4872114040600957e-08,2.794650014049607e-08,1002.4339792699415
2471,2026-06-02,55.0,55.79999923706055,53.400001525878906,54.20000076293945,1217064.0,55.0,55.8,53.4,54.2,1216,66226500.0,0.0,1.3672750005068621e-08,2.8574511379608343e-08,1.407637362145441e-08,999.875
2471,2026-06-03,54.20000076293945,54.29999923706055,53.400001525878906,54.20000076293945,468311.0,54.2,54.3,53.4,54.2,468,25236700.0,1.407637362145441e-08,1.4050450281451733e-08,2.8574511379608343e-08,1.407637362145441e-08,999.6645299145299
2471,2026-06-04,54.0,55.400001525878906,53.5,54.599998474121094,559151.0,54.0,55.4,53.5,54.6,556,30396600.0,0.0,2.7542940571680242e-08,0.0,2.794650014049607e-08,1004.6672661870504
2471,2026-06-05,54.599998474121094,55.20000076293945,53.5,53.599998474121094,302026.0,54.6,55.2,53.5,53.6,302,16291100.0,2.794650014049607e-08,1.3821366852949801e-08,0.0,2.84678900684904e-08,999.0860927152318
2471,2026-06-08,50.20000076293945,54.29999923706055,50.20000076293945,53.599998474121094,351001.0,50.2,54.3,50.2,53.6,351,18526100.0,1.5197997017586234e-08,1.4050450281451733e-08,1.5197997017586234e-08,2.84678900684904e-08,999.002849002849
2471,2026-06-09,53.70000076293945,54.400001525878906,53.400001525878906,53.79999923706055,181019.0,53.7,54.4,53.4,53.8,181,9738600.0,1.4207438552752868e-08,2.804924462630672e-08,2.8574511379608343e-08,1.4181030674402029e-08,999.1049723756906
2471,2026-06-10,53.400001525878906,54.29999923706055,53.0,53.0,284160.0,53.4,54.3,53.0,53.0,282,15106300.0,2.8574511379608343e-08,1.4050450281451733e-08,0.0,0.0,1006.6595744680851
2471,2026-06-11,52.5,53.099998474121094,51.79999923706055,52.5,169020.0,52.5,53.1,51.8,52.5,169,8862100.0,0.0,2.873594929700726e-08,1.4728560816270833e-08,0.0,999.1183431952662
2471,2026-06-12,52.70000076293945,53.900001525878906,52.70000076293945,53.099998474121094,128000.0,52.7,53.9,52.7,53.1,127,6771100.0,1.447702941713148e-08,2.8309441700762256e-08,1.447702941713148e-08,2.873594929700726e-08,1006.8740157480315
2471,2026-06-15,53.400001525878906,53.900001525878906,53.29999923706055,53.900001525878906,241200.0,53.4,53.9,53.3,53.9,241,12930000.0,2.8574511379608343e-08,2.8309441700762256e-08,1.4314060980916117e-08,2.8309441700762256e-08,999.8298755186722
2471,2026-06-16,54.0,54.099998474121094,52.599998474121094,53.29999923706055,184241.0,54.0,54.1,52.6,53.3,184,9800000.0,0.0,2.8204785724049637e-08,2.900910470857577e-08,1.4314060980916117e-08,1000.3097826086956
2471,2026-06-17,53.29999923706055,54.29999923706055,53.29999923706055,54.20000076293945,228105.0,53.3,54.3,53.3,54.2,228,12317800.0,1.4314060980916117e-08,1.4050450281451733e-08,1.4314060980916117e-08,1.407637362145441e-08,999.4605263157895
2471,2026-06-18,54.5,54.5,53.599998474121094,53.79999923706055,146000.0,54.5,54.5,53.6,53.8,145,7813100.0,0.0,0.0,2.84678900684904e-08,1.4181030674402029e-08,1005.8965517241379
2471,2026-06-22,53.79999923706055,54.29999923706055,53.5,53.70000076293945,197002.0,53.8,54.3,53.5,53.7,195,10498400.0,1.4181030674402029e-08,1.4050450281451733e-08,0.0,1.4207438552752868e-08,1009.2666666666667
2471,2026-06-23,53.70000076293945,53.79999923706055,53.0,53.099998474121094,139012.0,53.7,53.8,53.0,53.1,138,7353700.0,1.4207438552752868e-08,1.4181030674402029e-08,0.0,2.873594929700726e-08,1006.3333333333334
2471,2026-06-24,52.599998474121094,53.400001525878906,52.599998474121094,53.20000076293945,100100.0,52.6,53.4,52.6,53.2,99,5258200.0,2.900910470857577e-08,2.8574511379608343e-08,2.900910470857577e-08,1.4340967110579493e-08,1010.1111111111111
2471,2026-06-25,53.20000076293945,53.400001525878906,52.900001525878906,53.0,124001.0,53.2,53.4,52.9,53.0,124,6587800.0,1.4340967110579493e-08,2.8574511379608343e-08,2.884459182743073e-08,0.0,999.008064516129
2471,2026-06-26,52.599998474121094,52.900001525878906,51.70000076293945,51.70000076293945,235060.0,52.6,52.9,51.7,51.7,235,12284600.0,2.900910470857577e-08,2.884459182743073e-08,1.4757049328487988e-08,1.4757049328487988e-08,999.2553191489362
2471,2026-06-29,52.099998474121094,52.400001525878906,51.79999923706055,52.0,115002.0,52.1,52.4,51.8,52.0,115,5994300.0,2.9287503026316418e-08,2.9119826482272624e-08,1.4728560816270833e-08,0.0,999.0173913043478
2471,2026-06-30,52.0,52.5,52.0,52.29999923706055,114000.0,52.0,52.5,52.0,52.3,114,5960200.0,0.0,0.0,0.0,1.4587752395465184e-08,999.0
2471,2026-07-01,52.20000076293945,52.599998474121094,51.900001525878906,52.400001525878906,86379.0,52.2,52.6,51.9,52.4,86,4495200.0,1.4615698281280249e-08,2.900910470857577e-08,2.9400364309654826e-08,2.9119826482272624e-08,1003.4069767441861
2471,2026-07-02,52.79999923706055,54.5,52.79999923706055,53.5,423100.0,52.8,54.5,52.8,53.5,422,22744000.0,1.4449610800811157e-08,0.0,1.4449610800811157e-08,0.0,1001.6066350710901
2471,2026-07-03,53.5,54.099998474121094,53.5,53.900001525878906,112077.0,53.5,54.1,53.5,53.9,112,6039600.0,0.0,2.8204785724049637e-08,0.0,2.8309441700762256e-08,999.6875
2471,2026-07-06,54.20000076293945,54.5,53.900001525878906,54.099998474121094,161050.0,54.2,54.5,53.9,54.1,161,8723900.0,1.407637362145441e-08,0.0,2.8309441700762256e-08,2.8204785724049637e-08,999.3105590062112
2471,2026-07-07,54.29999923706055,54.5,53.0,53.20000076293945,319016.0,54.3,54.5,53.0,53.2,319,17044600.0,1.4050450281451733e-08,0.0,0.0,1.4340967110579493e-08,999.0501567398119
2471,2026-07-08,53.79999923706055,54.099998474121094,52.900001525878906,53.5,97041.0,53.8,54.1,52.9,53.5,96,5114000.0,1.4181030674402029e-08,2.8204785724049637e-08,2.884459182743073e-08,0.0,1009.84375
2471,2026-07-09,53.400001525878906,53.5,53.099998474121094,53.20000076293945,71012.0,53.4,53.5,53.1,53.2,71,3774300.0,2.8574511379608343e-08,0.0,2.873594929700726e-08,1.4340967110579493e-08,999.169014084507
2471,2026-07-13,53.599998474121094,53.599998474121094,52.5,52.79999923706055,111000.0,53.6,53.6,52.5,52.8,111,5868300.0,2.84678900684904e-08,2.84678900684904e-08,0.0,1.4449610800811157e-08,999.0
2471,2026-07-14,52.599998474121094,52.70000076293945,51.70000076293945,52.099998474121094,299052.0,52.6,52.7,51.7,52.1,299,15563200.0,2.900910470857577e-08,1.447702941713148e-08,1.4757049328487988e-08,2.9287503026316418e-08,999.1739130434783
2471,2026-07-15,52.29999923706055,52.70000076293945,52.20000076293945,52.70000076293945,94003.0,52.3,52.7,52.2,52.7,94,4935900.0,1.4587752395465184e-08,1.447702941713148e-08,1.4615698281280249e-08,1.447702941713148e-08,999.031914893617
2471,2026-07-16,52.900001525878906,53.29999923706055,52.400001525878906,53.0,131000.0,52.9,53.3,52.4,53.0,131,6942700.0,2.884459182743073e-08,1.4314060980916117e-08,2.9119826482272624e-08,0.0,999.0
2471,2026-07-17,52.900001525878906,52.900001525878906,51.599998474121094,51.79999923706055,289026.0,52.9,52.9,51.6,51.8,288,14983500.0,2.884459182743073e-08,2.884459182743073e-08,2.9571296660292354e-08,1.4728560816270833e-08,1002.5625
2471,2026-07-20,51.79999923706055,51.79999923706055,50.79999923706055,51.599998474121094,291002.0,51.8,51.8,50.8,51.6,291,14926500.0,1.4728560816270833e-08,1.4728560816270833e-08,1.501849311580372e-08,2.9571296660292354e-08,999.0068728522336
2471,2026-07-21,52.0,52.5,51.70000076293945,52.0,387429.0,52.0,52.5,51.7,52.0,385,20036000.0,0.0,0.0,1.4757049328487988e-08,0.0,1005.3090909090909
2471,2026-07-22,48.70000076293945,49.25,48.29999923706055,48.45000076293945,633700.0,48.7,49.25,48.3,48.45,633,30734950.0,1.566610780868232e-08,0.0,1.579584783194263e-08,1.5746944278283365e-08,1000.1058451816746
2471,2026-07-23,48.400001525878906,48.5,48.099998474121094,48.20000076293945,252215.0,48.4,48.5,48.1,48.2,252,12154400.0,3.152642371221251e-08,0.0,3.172305421353608e-08,1.5828619300473632e-08,999.8531746031746
2471,2026-07-24,48.20000076293945,48.70000076293945,47.79999923706055,48.70000076293945,182177.0,48.2,48.7,47.8,48.7,182,8779400.0,1.5828619300473632e-08,1.566610780868232e-08,1.5961076365749562e-08,1.566610780868232e-08,999.9725274725274
2471,2026-07-27,48.70000076293945,49.0,48.400001525878906,48.599998474121094,115367.0,48.7,49.0,48.4,48.6,115,5608100.0,1.566610780868232e-08,0.0,3.152642371221251e-08,3.139668534302645e-08,1002.1913043478261
2471,2026-07-28,48.5,48.70000076293945,47.849998474121094,48.0,192055.0,48.5,48.7,47.85,48.0,191,9191750.0,0.0,1.566610780868232e-08,3.1888796398559776e-08,0.0,1004.5235602094241
2471,2026-07-29,48.0,48.29999923706055,46.45000076293945,47.599998474121094,348000.0,48.0,48.3,46.45,47.6,348,16423050.0,0.0,1.579584783194263e-08,1.642496125474336e-08,3.205627957292196e-08,999.0
2471,2026-07-30,46.70000076293945,48.45000076293945,46.70000076293945,47.20000076293945,199026.0,46.7,48.45,46.7,47.2,198,9423600.0,1.6337033196634454e-08,1.5746944278283365e-08,1.6337033196634454e-08,1.6163971404297226e-08,1004.1818181818181
2471,2026-07-31,48.45000076293945,48.70000076293945,48.0,48.099998474121094,118632.0,48.45,48.7,48.0,48.1,116,5597600.0,1.5746944278283365e-08,1.566610780868232e-08,0.0,3.172305421353608e-08,1021.6896551724138
2471,2026-08-03,48.0,48.79999923706055,48.0,48.400001525878906,98000.0,48.0,48.8,48.0,48.4,98,4747350.0,0.0,1.5634005128746498e-08,0.0,3.152642371221251e-08,999.0
2471,2026-08-04,48.099998474121094,48.79999923706055,48.099998474121094,48.70000076293945,71250.0,48.1,48.8,48.1,48.7,71,3449550.0,3.172305421353608e-08,1.5634005128746498e-08,3.172305421353608e-08,1.566610780868232e-08,1002.5211267605633
2471,2026-08-05,48.70000076293945,49.20000076293945,48.70000076293945,49.0,113001.0,48.7,49.2,48.7,49.0,113,5537300.0,1.566610780868232e-08,1.550689939599246e-08,1.566610780868232e-08,0.0,999.0088495575221
2471,2026-08-06,49.0,49.25,48.25,48.45000076293945,95000.0,49.0,49.25,48.25,48.45,95,4607400.0,0.0,0.0,0.0,1.5746944278283365e-08,999.0
2471,2026-08-07,48.400001525878906,49.099998474121094,48.349998474121094,48.400001525878906,74000.0,48.4,49.1,48.35,48.4,74,3593550.0,3.152642371221251e-08,3.107696349635612e-08,3.155902601181149e-08,3.152642371221251e-08,999.0
2471,2026-08-10,48.70000076293945,49.599998474121094,48.70000076293945,49.5,215000.0,48.7,49.6,48.7,49.5,214,10575050.0,1.566610780868232e-08,3.076368765465898e-08,1.566610780868232e-08,0.0,1003.6728971962617
2471,2026-08-11,49.5,50.20000076293945,49.400001525878906,50.099998474121094,150050.0,49.5,50.2,49.4,50.1,150,7463450.0,0.0,1.5197997017586234e-08,3.0888236997390395e-08,3.045666482377416e-08,999.3333333333334
2471,2026-08-12,50.099998474121094,50.400001525878906,49.849998474121094,50.099998474121094,117000.0,50.1,50.4,49.85,50.1,117,5863450.0,3.045666482377416e-08,3.027537515220408e-08,3.060940637253933e-08,3.045666482377416e-08,999.0
2471,2026-08-13,50.099998474121094,50.29999923706055,49.5,50.29999923706055,135100.0,50.1,50.3,49.5,50.3,135,6759050.0,3.045666482377416e-08,1.5167782311785867e-08,0.0,1.5167782311785867e-08,999.7407407407408
2471,2026-08-14,49.95000076293945,50.29999923706055,49.5,50.099998474121094,129050.0,49.95,50.3,49.5,50.1,129,6439700.0,1.5274063068725307e-08,1.5167782311785867e-08,0.0,3.045666482377416e-08,999.3875968992248
2471,2026-08-17,50.099998474121094,50.099998474121094,49.650001525878906,49.849998474121094,72000.0,50.1,50.1,49.65,49.85,72,3590900.0,3.045666482377416e-08,3.045666482377416e-08,3.0732707103143715e-08,3.060940637253933e-08,999.0
2471,2026-08-18,49.5,49.54999923706055,48.79999923706055,48.95000076293945,186000.0,49.5,49.55,48.8,48.95,186,9123500.0,0.0,1.5397365293296248e-08,1.5634005128746498e-08,1.5586097043571582e-08,999.0
2471,2026-08-19,48.54999923706055,49.0,48.349998474121094,48.79999923706055,98113.0,48.55,49.0,48.35,48.8,98,4768450.0,1.5714509789553637e-08,0.0,3.155902601181149e-08,1.5634005128746498e-08,1000.1530612244898
2498,2026-05-25,47.20000076293945,47.79999923706055,46.20000076293945,46.20000076293945,20907172.0,47.2,47.8,46.2,46.2,20826,976183100.0,1.6163971404297226e-08,1.5961076365749562e-08,1.651384091521275e-08,1.651384091521275e-08,1002.8976279650437
2498,2026-05-26,46.5,46.95000076293945,44.349998474121094,44.349998474121094,15320667.0,46.5,46.95,44.35,44.35,15281,690777050.0,0.0,1.6250041539570373e-08,3.440538686969753e-08,3.440538686969753e-08,1001.5958379687194
2498,2026-05-27,44.54999923706055,45.79999923706055,44.0,44.650001525878906,13791218.0,44.55,45.8,44.0,44.65,13762,618424600.0,1.7125464652813224e-08,1.665806660006177e-08,0.0,3.4174219656687246e-08,1001.1230925737539
2498,2026-05-28,45.0,45.5,43.79999923706055,43.900001525878906,8905942.0,45.0,45.5,43.8,43.9,8869,395030450.0,0.0,0.0,1.7418708910566875e-08,3.475806167815685e-08,1003.1652948472207
2498,2026-05-29,44.849998474121094,45.79999923706055,44.45000076293945,45.25,11211624.0,44.85,45.8,44.45,45.25,11176,504850850.0,3.4021826257995214e-08,1.665806660006177e-08,1.716399213234711e-08,0.0,1002.1875447387258
2498,2026-06-01,45.5,45.95000076293945,45.20000076293945,45.5,8892797.0,45.5,45.95,45.2,45.5,8856,402849000.0,0.0,1.6603687710181262e-08,1.6879191377938696e-08,0.0,1003.1550361336947
2498,2026-06-02,46.0,50.0,45.900001525878906,50.0,36985216.0,46.0,50.0,45.9,50.0,36966,1834105900.0,0.0,0.0,3.324354918673389e-08,0.0,999.5198290320835
2498,2026-06-03,51.5,52.400001525878906,48.70000076293945,49.95000076293945,39494153.0,51.5,52.4,48.7,49.95,39424,1980711600.0,0.0,2.9119826482272624e-08,1.566610780868232e-08,1.5274063068725307e-08,1000.7794490665584
2498,2026-06-04,50.0,50.400001525878906,47.70000076293945,47.70000076293945,17116261.0,50.0,50.4,47.7,47.7,17039,826460550.0,0.0,3.027537515220408e-08,1.5994537741778387e-08,1.5994537741778387e-08,1003.534362345208
2498,2026-06-05,47.599998474121094,48.150001525878906,45.79999923706055,45.900001525878906,12434014.0,47.6,48.15,45.8,45.9,12328,573025100.0,3.205627957292196e-08,3.169011230884913e-08,1.665806660006177e-08,3.324354918673389e-08,1007.5994484101233
2498,2026-06-08,41.400001525878906,42.849998474121094,41.349998474121094,42.599998474121094,11337084.0,41.4,42.85,41.35,42.6,11314,472790850.0,3.6856978446161486e-08,3.5609776141682275e-08,3.690154553013508e-08,3.581875370119919e-08,1001.040304048082
2498,2026-06-09,42.79999923706055,43.400001525878906,42.29999923706055,43.20000076293945,6140851.0,42.8,43.4,42.3,43.2,6125,262915450.0,1.7825688090720306e-08,3.515850017675312e-08,1.8036393623707546e-08,1.7660635423213634e-08,1001.5879183673469
2498,2026-06-10,42.5,43.75,41.79999923706055,41.79999923706055,6094199.0,42.5,43.75,41.8,41.8,6032,257596800.0,0.0,0.0,1.8252139958919357e-08,1.8252139958919357e-08,1009.3115053050398
2498,2026-06-11,41.95000076293945,42.45000076293945,41.29999923706055,42.0,5014900.0,41.95,42.45,41.3,42.0,4996,209466350.0,1.8186876049650275e-08,1.7972660784047798e-08,1.8473110176339688e-08,0.0,1002.7830264211369
2498,2026-06-12,42.900001525878906,43.70000076293945,42.75,43.25,5433513.0,42.9,43.7,42.75,43.25,5398,233746600.0,3.556827290608591e-08,1.7458568656357644e-08,0.0,0.0,1005.5789181178214
2498,2026-06-15,44.79999923706055,46.0,44.20000076293945,45.900001525878906,8361215.0,44.8,46.0,44.2,45.9,8327,377229950.0,1.7029898443813148e-08,0.0,1.726107353581061e-08,3.324354918673389e-08,1003.1089227813138
2498,2026-06-16,46.5,46.5,44.099998474121094,44.099998474121094,6271144.0,46.5,46.5,44.1,44.1,6254,280912200.0,0.0,0.0,3.4600428745376086e-08,3.4600428745376086e-08,1001.7412855772305
2498,2026-06-17,44.0,47.79999923706055,44.0,47.5,9125647.0,44.0,47.8,44.0,47.5,9067,417737400.0,0.0,1.5961076365749562e-08,0.0,0.0,1005.4681813168634
2498,2026-06-18,47.70000076293945,47.79999923706055,46.400001525878906,46.400001525878906,9413800.0,47.7,47.8,46.4,46.4,9371,441695350.0,1.5994537741778387e-08,1.5961076365749562e-08,3.2885321286014776e-08,3.2885321286014776e-08,1003.5672820403372
2498,2026-06-22,47.79999923706055,50.400001525878906,47.5,50.400001525878906,26613651.0,47.8,50.4,47.5,50.4,26599,1327187900.0,1.5961076365749562e-08,3.027537515220408e-08,0.0,3.027537515220408e-08,999.5508101808339
2498,2026-06-23,50.0,50.20000076293945,46.900001525878906,46.900001525878906,18014901.0,50.0,50.2,46.9,46.9,17931,866183650.0,0.0,1.5197997017586234e-08,3.2534731506846176e-08,3.2534731506846176e-08,1003.6791032290447
2498,2026-06-24,46.95000076293945,48.0,46.099998474121094,46.650001525878906,10828509.0,46.95,48.0,46.1,46.65,10821,507141250.0,1.6250041539570373e-08,0.0,3.309932554601053e-08,3.270908698115939e-08,999.6939284724148
2498,2026-06-25,47.70000076293945,47.79999923706055,45.900001525878906,45.900001525878906,7976470.0,47.7,47.8,45.9,45.9,7945,370282100.0,1.5994537741778387e-08,1.5961076365749562e-08,3.324354918673389e-08,3.324354918673389e-08,1002.9609817495281
2498,2026-06-26,45.900001525878906,45.900001525878906,42.900001525878906,42.900001525878906,11122310.0,45.9,45.9,42.9,42.9,11083,489833300.0,3.324354918673389e-08,3.324354918673389e-08,3.556827290608591e-08,3.556827290608591e-08,1002.5468735901832
2498,2026-06-29,43.29999923706055,43.70000076293945,42.900001525878906,43.20000076293945,5062800.0,43.3,43.7,42.9,43.2,5056,218763650.0,1.7619848736323997e-08,1.7458568656357644e-08,3.556827290608591e-08,1.7660635423213634e-08,1000.3449367088608
2498,2026-06-30,44.0,46.70000076293945,43.70000076293945,45.349998474121094,7814336.0,44.0,46.7,43.7,45.35,7796,351269700.0,0.0,1.6337033196634454e-08,1.7458568656357644e-08,3.3646723432658994e-08,1001.3519753719856
2498,2026-07-01,46.04999923706055,46.04999923706055,43.45000076293945,43.45000076293945,6924629.0,46.05,46.05,43.45,43.45,6910,306129150.0,1.6567631927965888e-08,1.6567631927965888e-08,1.755902071997305e-08,1.755902071997305e-08,1001.1170767004342
2498,2026-07-02,43.29999923706055,44.0,43.0,43.5,4077331.0,43.3,44.0,43.0,43.5,4069,177287300.0,1.7619848736323997e-08,0.0,0.0,0.0,1001.0474318014254
2498,2026-07-03,43.54999923706055,45.099998474121094,43.54999923706055,44.45000076293945,5046049.0,43.55,45.1,43.55,44.45,5036,223528550.0,1.7518701499031668e-08,3.383323520335001e-08,1.7518701499031668e-08,1.716399213234711e-08,1000.9954328832407
2498,2026-07-06,45.29999923706055,46.349998474121094,44.95000076293945,45.0,7224058.0,45.3,46.35,44.95,45.0,7198,328503900.0,1.6841930469819626e-08,3.292079628200831e-08,1.6973068971809322e-08,0.0,1002.620172270075
2498,2026-07-07,46.0,47.20000076293945,43.849998474121094,44.25,9597749.0,46.0,47.2,43.85,44.25,9581,434945850.0,0.0,1.6163971404297226e-08,3.4797694587710045e-08,0.0,1000.748147375013
2498,2026-07-08,44.79999923706055,45.29999923706055,43.70000076293945,44.95000076293945,4620706.0,44.8,45.3,43.7,44.95,4616,205149250.0,1.7029898443813148e-08,1.6841930469819626e-08,1.7458568656357644e-08,1.6973068971809322e-08,1000.0194974003466
2498,2026-07-09,45.20000076293945,45.650001525878906,44.650001525878906,45.150001525878906,4612379.0,45.2,45.65,44.65,45.15,4605,207892550.0,1.6879191377938696e-08,3.3425605863550613e-08,3.4174219656687246e-08,3.379576761176269e-08,1000.6023887079261
2498,2026-07-13,45.400001525878906,45.95000076293945,43.650001525878906,43.79999923706055,6686466.0,45.4,45.95,43.65,43.8,6666,297411550.0,3.36096675698477e-08,1.6603687710181262e-08,3.4957134196359346e-08,1.7418708910566875e-08,1002.070207020702
2498,2026-07-14,44.150001525878906,44.70000076293945,41.70000076293945,43.0,7199495.0,44.15,44.7,41.7,43.0,7191,307924300.0,3.456124366185924e-08,1.7067996650622573e-08,1.8295910078724915e-08,0.0,1000.1813377833403
2498,2026-07-15,43.29999923706055,44.45000076293945,42.849998474121094,44.29999923706055,5615826.0,43.3,44.45,42.85,44.3,5603,243884450.0,1.7619848736323997e-08,1.716399213234711e-08,3.5609776141682275e-08,1.7222109487197045e-08,1001.2891308227735
2498,2026-07-16,44.0,44.099998474121094,43.25,43.349998474121094,3590000.0,44.0,44.1,43.25,43.35,3583,156085900.0,0.0,3.4600428745376086e-08,0.0,3.5199052080071176e-08,1000.9536701088473
2498,2026-07-17,42.29999923706055,42.75,41.0,41.04999923706055,6629539.0,42.3,42.75,41.0,41.05,6593,274971850.0,1.8036393623707546e-08,0.0,0.0,1.858561389239535e-08,1004.5420900955559
2498,2026-07-20,41.29999923706055,41.900001525878906,39.849998474121094,41.599998474121094,5878966.0,41.3,41.9,39.85,41.6,5861,240097850.0,1.8473110176339688e-08,3.641715770098056e-08,3.829056230040365e-08,3.667978143440109e-08,1002.0653472103736
2498,2026-07-21,41.79999923706055,42.20000076293945,41.5,41.849998474121094,3980402.0,41.8,42.2,41.5,41.85,3974,166417600.0,1.8252139958919357e-08,1.8079133892958033e-08,0.0,3.64606668499662e-08,1000.610971313538
2498,2026-07-22,42.29999923706055,42.79999923706055,41.849998474121094,41.849998474121094,3471913.0,42.3,42.8,41.85,41.85,3462,146386150.0,1.8036393623707546e-08,1.7825688090720306e-08,3.64606668499662e-08,3.64606668499662e-08,1001.8633737723859
2498,2026-07-23,42.75,43.0,41.75,41.900001525878906,3454286.0,42.75,43.0,41.75,41.9,3445,145242150.0,0.0,0.0,0.0,3.641715770098056e-08,1001.6955007256894
2498,2026-07-24,41.599998474121094,43.45000076293945,41.20000076293945,41.75,4345898.0,41.6,43.45,41.2,41.75,4336,183535050.0,3.667978143440109e-08,1.755902071997305e-08,1.851794782239876e-08,0.0,1001.2827490774907
2498,2026-07-27,42.20000076293945,42.29999923706055,41.349998474121094,41.599998474121094,3236340.0,42.2,42.3,41.35,41.6,3225,134685200.0,1.8079133892958033e-08,1.8036393623707546e-08,3.690154553013508e-08,3.667978143440109e-08,1002.5162790697674
2498,2026-07-28,40.95000076293945,41.0,39.45000076293945,39.900001525878906,5421265.0,40.95,41.0,39.45,39.9,5411,216867250.0,1.863100000690669e-08,0.0,1.93394030489944e-08,3.82425791396262e-08,1000.8970615413048
2498,2026-07-29,40.04999923706055,40.5,37.900001525878906,38.54999923706055,7772694.0,40.05,40.5,37.9,38.55,7721,299841100.0,1.904967416436527e-08,0.0,4.0260657194487743e-08,1.9790906622122676e-08,1005.6952467296982
2498,2026-07-30,38.25,39.04999923706055,37.70000076293945,37.849998474121094,4435529.0,38.25,39.05,37.7,37.85,4411,169004750.0,0.0,1.953750192785734e-08,2.0237120697157266e-08,4.0313841682195126e-08,1004.5608705508955
2498,2026-07-31,39.20000076293945,40.349998474121094,39.20000076293945,39.95000076293945,4896896.0,39.2,40.35,39.2,39.95,4881,194557350.0,1.9462741078643598e-08,3.781608197450026e-08,1.9462741078643598e-08,1.9097357954513868e-08,1002.2567096906372
2498,2026-08-03,39.95000076293945,40.349998474121094,39.650001525878906,39.900001525878906,2448311.0,39.95,40.35,39.65,39.9,2426,97180750.0,1.9097357954513868e-08,3.781608197450026e-08,3.8483705111502786e-08,3.82425791396262e-08,1008.1966199505358
2498,2026-08-04,39.900001525878906,40.29999923706055,39.650001525878906,40.099998474121094,4209755.0,39.9,40.3,39.65,40.1,4209,168188350.0,3.82425791396262e-08,1.893150000701809e-08,3.8483705111502786e-08,3.805184308406697e-08,999.1793775243526
2498,2026-08-05,40.400001525878906,41.0,40.150001525878906,40.45000076293945,5671026.0,40.4,41.0,40.15,40.45,5661,229612200.0,3.7769279892848653e-08,0.0,3.800445598184522e-08,1.886129666953842e-08,1000.77106518283
2498,2026-08-06,40.45000076293945,40.900001525878906,40.04999923706055,40.599998474121094,3504617.0,40.45,40.9,40.05,40.6,3502,142002500.0,1.886129666953842e-08,3.7307552754794264e-08,1.904967416436527e-08,3.758322432687402e-08,999.7472872644204
2498,2026-08-07,40.5,40.70000076293945,39.900001525878906,39.900001525878906,3144114.0,40.5,40.7,39.9,39.9,3142,126243550.0,0.0,1.8745441038890146e-08,3.82425791396262e-08,3.82425791396262e-08,999.6728198599618
2498,2026-08-10,40.20000076293945,41.400001525878906,40.0,40.70000076293945,3882311.0,40.2,41.4,40.0,40.7,3879,158601750.0,1.8978593290617636e-08,3.6856978446161486e-08,0.0,1.8745441038890146e-08,999.8535705078629
2498,2026-08-11,40.900001525878906,41.099998474121094,40.20000076293945,40.5,2344255.0,40.9,41.1,40.2,40.5,2337,94662700.0,3.7307552754794264e-08,3.712600748591449e-08,1.8978593290617636e-08,0.0,1002.1044073598631
2498,2026-08-12,40.5,41.20000076293945,40.45000076293945,40.5,2529157.0,40.5,41.2,40.45,40.5,2528,103031800.0,0.0,1.851794782239876e-08,1.886129666953842e-08,0.0,999.4576740506329
2498,2026-08-13,41.0,41.150001525878906,40.099998474121094,40.099998474121094,3433099.0,41.0,41.15,40.1,40.1,3429,138769600.0,0.0,3.7080896905737194e-08,3.805184308406697e-08,3.805184308406697e-08,1000.1953922426363
2498,2026-08-14,40.5,40.75,40.0,40.5,3437777.0,40.5,40.75,40.0,40.5,3424,138125300.0,0.0,0.0,0.0,0.0,1003.0236565420561
2498,2026-08-17,40.75,41.04999923706055,40.29999923706055,40.900001525878906,3280986.0,40.75,41.05,40.3,40.9,3273,133380300.0,0.0,1.858561389239535e-08,1.893150000701809e-08,3.7307552754794264e-08,1001.4399633363886
2498,2026-08-18,40.79999923706055,40.95000076293945,39.5,39.5,4127902.0,40.8,40.95,39.5,39.5,4127,165064500.0,1.8699496330461497e-08,1.863100000690669e-08,0.0,0.0,999.2185606978435
2498,2026-08-19,39.25,39.900001525878906,38.849998474121094,39.849998474121094,4111425.0,39.25,39.9,38.85,39.85,4104,162146750.0,0.0,3.82425791396262e-08,3.9276162359616095e-08,3.829056230040365e-08,1000.8092105263158
2540,2026-05-25,55.70000076293945,55.70000076293945,53.5,53.5,1209870.0,55.7,55.7,53.5,53.5,1205,65647300.0,1.3697297132546302e-08,1.3697297132546302e-08,0.0,0.0,1003.0414937759336
2540,2026-05-26,53.5,54.79999923706055,53.0,54.20000076293945,559725.0,53.5,54.8,53.0,54.2,559,30091600.0,0.0,1.3922252742387392e-08,0.0,1.407637362145441e-08,1000.2969588550984
2540,2026-05-27,54.20000076293945,54.29999923706055,53.5,53.5,429384.0,54.2,54.3,53.5,53.5,429,23060900.0,1.407637362145441e-08,1.4050450281451733e-08,0.0,0.0,999.8951048951049
2540,2026-05-28,53.5,54.099998474121094,51.5,53.599998474121094,1663458.0,53.5,54.1,51.5,53.6,1663,88215500.0,0.0,2.8204785724049637e-08,0.0,2.84678900684904e-08,999.2754058929645
2540,2026-05-29,53.099998474121094,55.29999923706055,52.70000076293945,55.0,1394615.0,53.1,55.3,52.7,55.0,1388,75552800.0,2.873594929700726e-08,1.3796373422835968e-08,1.447702941713148e-08,0.0,1003.7658501440923
2540,2026-06-01,55.0,55.0,54.0,54.20000076293945,651800.0,55.0,55.0,54.0,54.2,650,35382400.0,0.0,0.0,0.0,1.407637362145441e-08,1001.7692307692307
2540,2026-06-02,54.20000076293945,54.400001525878906,53.0,53.0,600390.0,54.2,54.4,53.0,53.0,600,32039300.0,1.407637362145441e-08,2.804924462630672e-08,0.0,0.0,999.65
2540,2026-06-03,52.900001525878906,54.5,52.70000076293945,53.20000076293945,537328.0,52.9,54.5,52.7,53.2,534,28505600.0,2.884459182743073e-08,0.0,1.447702941713148e-08,1.4340967110579493e-08,1005.2322097378277
2540,2026-06-04,53.79999923706055,54.29999923706055,53.20000076293945,53.5,458348.0,53.8,54.3,53.2,53.5,455,24480700.0,1.4181030674402029e-08,1.4050450281451733e-08,1.4340967110579493e-08,0.0,1006.3582417582418
2540,2026-06-05,54.20000076293945,54.20000076293945,52.79999923706055,53.0,524324.0,54.2,54.2,52.8,53.0,522,27779700.0,1.407637362145441e-08,1.407637362145441e-08,1.4449610800811157e-08,0.0,1003.4521072796935
2540,2026-06-08,51.79999923706055,52.5,51.099998474121094,51.20000076293945,761710.0,51.8,52.5,51.1,51.2,761,39211800.0,1.4728560816270833e-08,0.0,2.9860643985735526e-08,1.4901161138336505e-08,999.9329829172142
2540,2026-06-09,50.70000076293945,52.20000076293945,50.599998474121094,50.900001525878906,965000.0,50.7,52.2,50.6,50.9,963,49065800.0,1.5048115390193867e-08,1.4615698281280249e-08,3.0155709637768487e-08,2.99779746104339e-08,1001.0768431983386
2540,2026-06-10,50.5,55.900001525878906,50.5,55.29999923706055,4166243.0,50.5,55.9,50.5,55.3,4151,227739800.0,0.0,2.729658153257756e-08,0.0,1.3796373422835968e-08,1002.6721271982655
2540,2026-06-11,54.5,54.70000076293945,51.79999923706055,53.29999923706055,2073200.0,54.5,54.7,51.8,53.3,2070,109541800.0,0.0,1.3947704758369817e-08,1.4728560816270833e-08,1.4314060980916117e-08,1000.5458937198067
2540,2026-06-12,53.70000076293945,54.900001525878906,53.0,53.0,1117600.0,53.7,54.9,53.0,53.0,1112,59834400.0,1.4207438552752868e-08,2.7793787024974236e-08,0.0,0.0,1004.0359712230215
2540,2026-06-15,53.29999923706055,53.599998474121094,52.599998474121094,53.5,1163777.0,53.3,53.6,52.6,53.5,1163,61802700.0,1.4314060980916117e-08,2.84678900684904e-08,2.900910470857577e-08,0.0,999.6680997420465
2540,2026-06-16,54.0,54.0,52.900001525878906,53.79999923706055,564716.0,54.0,54.0,52.9,53.8,564,30183700.0,0.0,0.0,2.884459182743073e-08,1.4181030674402029e-08,1000.2695035460993
2540,2026-06-17,54.0,54.79999923706055,53.70000076293945,54.79999923706055,828916.0,54.0,54.8,53.7,54.8,824,44881900.0,0.0,1.3922252742387392e-08,1.4207438552752868e-08,1.3922252742387392e-08,1004.9660194174758
2540,2026-06-18,55.20000076293945,56.400001525878906,54.400001525878906,55.099998474121094,1136944.0,55.2,56.4,54.4,55.1,1136,62651300.0,1.3821366852949801e-08,2.705459056154407e-08,2.804924462630672e-08,2.7692902135591387e-08,999.830985915493
2540,2026-06-22,54.79999923706055,54.79999923706055,53.20000076293945,53.400001525878906,1090166.0,54.8,54.8,53.2,53.4,1088,58345100.0,1.3922252742387392e-08,1.3922252742387392e-08,1.4340967110579493e-08,2.8574511379608343e-08,1000.9908088235294
2540,2026-06-23,53.20000076293945,53.900001525878906,52.5,52.79999923706055,480275.0,53.2,53.9,52.5,52.8,478,25315300.0,1.4340967110579493e-08,2.8309441700762256e-08,0.0,1.4449610800811157e-08,1003.7594142259414
2540,2026-06-24,53.20000076293945,54.0,52.79999923706055,53.400001525878906,450900.0,53.2,54.0,52.8,53.4,450,24103300.0,1.4340967110579493e-08,0.0,1.4449610800811157e-08,2.8574511379608343e-08,1001.0
2540,2026-06-25,53.400001525878906,54.70000076293945,53.400001525878906,54.20000076293945,945246.0,53.4,54.7,53.4,54.2,944,51074600.0,2.8574511379608343e-08,1.3947704758369817e-08,2.8574511379608343e-08,1.407637362145441e-08,1000.3199152542373
2540,2026-06-26,53.599998474121094,53.900001525878906,52.5,52.900001525878906,850341.0,53.6,53.9,52.5,52.9,848,44945600.0,2.84678900684904e-08,2.8309441700762256e-08,0.0,2.884459182743073e-08,1001.7606132075472
2540,2026-06-29,52.900001525878906,53.5,52.79999923706055,53.0,349194.0,52.9,53.5,52.8,53.0,347,18426900.0,2.884459182743073e-08,0.0,1.4449610800811157e-08,0.0,1005.3227665706052
2540,2026-06-30,53.70000076293945,54.099998474121094,52.900001525878906,54.099998474121094,488700.0,53.7,54.1,52.9,54.1,487,26103500.0,1.4207438552752868e-08,2.8204785724049637e-08,2.884459182743073e-08,2.8204785724049637e-08,1002.4907597535935
2540,2026-07-01,54.900001525878906,55.0,53.70000076293945,53.900001525878906,562190.0,54.9,55.0,53.7,53.9,562,30449700.0,2.7793787024974236e-08,0.0,1.4207438552752868e-08,2.8309441700762256e-08,999.3380782918149
2540,2026-07-02,54.5,54.5,53.5,53.599998474121094,363433.0,54.5,54.5,53.5,53.6,361,19417000.0,0.0,0.0,0.0,2.84678900684904e-08,1005.7396121883656
2540,2026-07-03,52.79999923706055,54.400001525878906,52.79999923706055,53.70000076293945,556013.0,52.8,54.4,52.8,53.7,556,29977800.0,1.4449610800811157e-08,2.804924462630672e-08,1.4449610800811157e-08,1.4207438552752868e-08,999.023381294964
2540,2026-07-06,54.0,54.400001525878906,53.599998474121094,53.79999923706055,380734.0,54.0,54.4,53.6,53.8,380,20504500.0,0.0,2.804924462630672e-08,2.84678900684904e-08,1.4181030674402029e-08,1000.9315789473684
2540,2026-07-07,53.79999923706055,54.0,53.099998474121094,53.29999923706055,351056.0,53.8,54.0,53.1,53.3,351,18765300.0,1.4181030674402029e-08,0.0,2.873594929700726e-08,1.4314060980916117e-08,999.1595441595441
2540,2026-07-08,53.70000076293945,53.70000076293945,52.79999923706055,52.79999923706055,319258.0,53.7,53.7,52.8,52.8,319,16933600.0,1.4207438552752868e-08,1.4207438552752868e-08,1.4449610800811157e-08,1.4449610800811157e-08,999.8087774294671
2540,2026-07-09,53.20000076293945,53.20000076293945,52.70000076293945,52.79999923706055,277034.0,53.2,53.2,52.7,52.8,277,14660600.0,1.4340967110579493e-08,1.4340967110579493e-08,1.447702941713148e-08,1.4449610800811157e-08,999.1227436823104
2540,2026-07-13,53.20000076293945,53.400001525878906,52.70000076293945,53.400001525878906,360425.0,53.2,53.4,52.7,53.4,359,19035200.0,1.4340967110579493e-08,2.8574511379608343e-08,1.447702941713148e-08,2.8574511379608343e-08,1002.9693593314763
2540,2026-07-14,54.0,54.0,53.20000076293945,53.70000076293945,712509.0,54.0,54.0,53.2,53.7,711,38189100.0,0.0,0.0,1.4340967110579493e-08,1.4207438552752868e-08,1001.1223628691984
2540,2026-07-15,53.70000076293945,54.0,52.79999923706055,53.5,528321.0,53.7,54.0,52.8,53.5,528,28257300.0,1.4207438552752868e-08,0.0,1.4449610800811157e-08,0.0,999.6079545454545
2540,2026-07-16,54.0,54.79999923706055,53.70000076293945,54.29999923706055,726882.0,54.0,54.8,53.7,54.3,726,39514700.0,0.0,1.3922252742387392e-08,1.4207438552752868e-08,1.4050450281451733e-08,1000.2148760330579
2540,2026-07-17,54.29999923706055,54.5,53.5,53.5,704600.0,54.3,54.5,53.5,53.5,702,37877000.0,1.4050450281451733e-08,0.0,0.0,0.0,1002.7037037037037
2540,2026-07-20,54.5,54.70000076293945,53.599998474121094,54.0,542050.0,54.5,54.7,53.6,54.0,541,29270800.0,0.0,1.3947704758369817e-08,2.84678900684904e-08,0.0,1000.9408502772643
2540,2026-07-21,54.0,54.599998474121094,53.70000076293945,54.0,409529.0,54.0,54.6,53.7,54.0,407,22050100.0,0.0,2.794650014049607e-08,1.4207438552752868e-08,0.0,1005.2137592137592
2540,2026-07-22,53.79999923706055,54.5,53.70000076293945,53.70000076293945,413497.0,53.8,54.5,53.7,53.7,413,22279800.0,1.4181030674402029e-08,0.0,1.4207438552752868e-08,1.4207438552752868e-08,1000.2033898305085
2540,2026-07-23,54.0,54.0,52.900001525878906,53.5,351000.0,54.0,54.0,52.9,53.5,351,18669800.0,0.0,0.0,2.884459182743073e-08,0.0,999.0
2540,2026-07-24,52.900001525878906,53.599998474121094,52.900001525878906,53.400001525878906,335800.0,52.9,53.6,52.9,53.4,335,17800100.0,2.884459182743073e-08,2.84678900684904e-08,2.884459182743073e-08,2.8574511379608343e-08,1001.3880597014926
2540,2026-07-27,54.0,54.29999923706055,53.400001525878906,54.29999923706055,698600.0,54.0,54.3,53.4,54.3,698,37728000.0,0.0,1.4050450281451733e-08,2.8574511379608343e-08,1.4050450281451733e-08,999.8595988538682
2540,2026-07-28,54.29999923706055,56.400001525878906,54.0,55.900001525878906,2627617.0,54.3,56.4,54.0,55.9,2566,142665500.0,1.4050450281451733e-08,2.705459056154407e-08,0.0,2.729658153257756e-08,1023.0128604832424
2540,2026-07-29,56.20000076293945,59.0,55.900001525878906,57.79999923706055,4720003.0,56.2,59.0,55.9,57.8,4713,271073400.0,1.3575435058413328e-08,0.0,2.729658153257756e-08,1.3199644468561057e-08,1000.485890091237
2540,2026-07-30,58.0,59.900001525878906,57.400001525878906,58.900001525878906,3437141.0,58.0,59.9,57.4,58.9,3430,201657200.0,0.0,2.547377141354066e-08,2.658325623120358e-08,2.590626328813388e-08,1001.0819241982507
2540,2026-07-31,59.0,61.79999923706055,58.29999923706055,61.0,4319861.0,59.0,61.8,58.3,61.0,4316,262953100.0,0.0,1.2345298548265843e-08,1.3086439970545953e-08,0.0,999.894578313253
2540,2026-08-03,60.900001525878906,60.900001525878906,57.599998474121094,60.0,3671884.0,60.9,60.9,57.6,60.0,3669,218882600.0,2.5055482884582685e-08,2.5055482884582685e-08,2.6490953258178568e-08,0.0,999.7860452439356
2540,2026-08-04,57.79999923706055,58.79999923706055,55.79999923706055,55.79999923706055,2439966.0,57.8,58.8,55.8,55.8,2423,138760500.0,1.3199644468561057e-08,1.2975160719095733e-08,1.3672750005068621e-08,1.3672750005068621e-08,1006.0020635575733
2540,2026-08-05,55.900001525878906,58.5,55.0,57.79999923706055,1803643.0,55.9,58.5,55.0,57.8,1803,103249100.0,2.729658153257756e-08,0.0,0.0,1.3199644468561057e-08,999.3566278424847
2540,2026-08-06,56.900001525878906,57.0,54.70000076293945,54.70000076293945,2306805.0,56.9,57.0,54.7,54.7,2304,127536900.0,2.681685250740045e-08,0.0,1.3947704758369817e-08,1.3947704758369817e-08,1000.2174479166666
2540,2026-08-07,54.5,55.79999923706055,54.099998474121094,54.900001525878906,1652132.0,54.5,55.8,54.1,54.9,1650,90872400.0,0.0,1.3672750005068621e-08,2.8204785724049637e-08,2.7793787024974236e-08,1000.2921212121212
2540,2026-08-10,48.70000076293945,48.70000076293945,44.79999923706055,45.20000076293945,4565902.0,48.7,48.7,44.8,45.2,4565,209366150.0,1.566610780868232e-08,1.566610780868232e-08,1.7029898443813148e-08,1.6879191377938696e-08,999.1975903614458
2540,2026-08-11,45.099998474121094,45.099998474121094,43.54999923706055,44.0,1755800.0,45.1,45.1,43.55,44.0,1755,77325900.0,3.383323520335001e-08,3.383323520335001e-08,1.7518701499031668e-08,0.0,999.4558404558404
2540,2026-08-12,43.54999923706055,44.849998474121094,42.45000076293945,44.5,4261000.0,43.55,44.85,42.45,44.5,4259,185881750.0,1.7518701499031668e-08,3.4021826257995214e-08,1.7972660784047798e-08,0.0,999.4695938013618
2540,2026-08-13,44.5,45.04999923706055,43.75,44.79999923706055,773917.0,44.5,45.05,43.75,44.8,772,34200600.0,0.0,1.693539290305947e-08,0.0,1.7029898443813148e-08,1001.4831606217616
2540,2026-08-14,44.29999923706055,45.79999923706055,44.29999923706055,45.5,821220.0,44.3,45.8,44.3,45.5,820,37222300.0,1.7222109487197045e-08,1.665806660006177e-08,1.7222109487197045e-08,0.0,1000.4878048780488
2540,2026-08-17,45.0,46.099998474121094,44.900001525878906,45.599998474121094,706784.0,45.0,46.1,44.9,45.6,706,32120100.0,0.0,3.309932554601053e-08,3.398394003721794e-08,3.3462256747172925e-08,1000.1104815864022
2540,2026-08-18,45.20000076293945,46.29999923706055,44.79999923706055,45.95000076293945,1043700.0,45.2,46.3,44.8,45.95,1043,47610600.0,1.6879191377938696e-08,1.6478173872199334e-08,1.7029898443813148e-08,1.6603687710181262e-08,999.6711409395973
2540,2026-08-19,45.5,46.54999923706055,45.5,46.29999923706055,531154.0,45.5,46.55,45.5,46.3,529,24416200.0,0.0,1.6389676697805137e-08,0.0,1.6478173872199334e-08,1003.0718336483932
2616,2026-05-25,13.75,13.75,13.300000190734863,13.399999618530273,554242.0,13.75,13.75,13.3,13.4,553,7423150.0,0.0,0.0,1.4340967110579493e-08,2.84678900684904e-08,1001.245931283906
2616,2026-05-26,13.399999618530273,13.449999809265137,13.300000190734863,13.350000381469727,427029.0,13.4,13.45,13.3,13.35,427,5695400.0,2.84678900684904e-08,1.4181030674402029e-08,1.4340967110579493e-08,2.8574511379608343e-08,999.0679156908665
2616,2026-05-27,13.350000381469727,13.350000381469727,13.199999809265137,13.300000190734863,418936.0,13.35,13.35,13.2,13.3,418,5540400.0,2.8574511379608343e-08,2.8574511379608343e-08,1.4449610800811157e-08,1.4340967110579493e-08,1001.2392344497607
2616,2026-05-28,13.149999618530273,13.649999618530273,13.149999618530273,13.550000190734863,654609.0,13.15,13.65,13.15,13.55,653,8736150.0,2.900910470857577e-08,2.794650014049607e-08,2.900910470857577e-08,1.407637362145441e-08,1001.4640122511486
2616,2026-05-29,13.600000381469727,13.649999618530273,13.350000381469727,13.649999618530273,320234.0,13.6,13.65,13.35,13.65,320,4323500.0,2.804924462630672e-08,2.794650014049607e-08,2.8574511379608343e-08,2.794650014049607e-08,999.73125
2616,2026-06-01,13.699999809265137,13.800000190734863,13.550000190734863,13.649999618530273,417508.0,13.7,13.8,13.55,13.65,415,5647650.0,1.3922252742387392e-08,1.3821366852949801e-08,1.407637362145441e-08,2.794650014049607e-08,1005.0433734939759
2616,2026-06-02,13.800000190734863,13.800000190734863,13.399999618530273,13.600000381469727,422500.0,13.8,13.8,13.4,13.6,421,5714100.0,1.3821366852949801e-08,1.3821366852949801e-08,2.84678900684904e-08,2.804924462630672e-08,1002.562945368171
2616,2026-06-03,13.600000381469727,13.949999809265137,13.600000381469727,13.899999618530273,454715.0,13.6,13.95,13.6,13.9,453,6257950.0,2.804924462630672e-08,1.3672750005068621e-08,2.804924462630672e-08,2.7443865245882833e-08,1002.7858719646799
2616,2026-06-04,14.0,14.399999618530273,14.0,14.100000381469727,644203.0,14.0,14.4,14.0,14.1,635,8982750.0,0.0,2.6490953258178568e-08,0.0,2.705459056154407e-08,1013.4929133858268
2616,2026-06-05,14.149999618530273,14.149999618530273,13.800000190734863,13.850000381469727,290202.0,14.15,14.15,13.8,13.85,289,4026050.0,2.6958991301609282e-08,2.6958991301609282e-08,1.3821366852949801e-08,2.7542940571680242e-08,1003.159169550173
2616,2026-06-08,13.300000190734863,13.699999809265137,13.300000190734863,13.600000381469727,336539.0,13.3,13.7,13.3,13.6,333,4512400.0,1.4340967110579493e-08,1.3922252742387392e-08,1.4340967110579493e-08,2.804924462630672e-08,1009.6276276276276
2616,2026-06-09,13.600000381469727,13.949999809265137,13.550000190734863,13.649999618530273,315003.0,13.6,13.95,13.55,13.65,315,4296300.0,2.804924462630672e-08,1.3672750005068621e-08,1.407637362145441e-08,2.794650014049607e-08,999.0095238095238
2616,2026-06-10,13.699999809265137,13.75,13.600000381469727,13.600000381469727,326169.0,13.7,13.75,13.6,13.6,326,4447550.0,1.3922252742387392e-08,0.0,2.804924462630672e-08,2.804924462630672e-08,999.5184049079754
2616,2026-06-11,13.600000381469727,13.800000190734863,13.5,13.550000190734863,286236.0,13.6,13.8,13.5,13.55,286,3894700.0,2.804924462630672e-08,1.3821366852949801e-08,0.0,1.407637362145441e-08,999.8251748251748
2616,2026-06-12,13.800000190734863,13.899999618530273,13.600000381469727,13.850000381469727,354743.0,13.8,13.9,13.6,13.85,354,4885800.0,1.3821366852949801e-08,2.7443865245882833e-08,2.804924462630672e-08,2.7542940571680242e-08,1001.0988700564972
2616,2026-06-15,13.800000190734863,13.800000190734863,13.5,13.649999618530273,320365.0,13.8,13.8,13.5,13.65,319,4344300.0,1.3821366852949801e-08,1.3821366852949801e-08,0.0,2.794650014049607e-08,1003.2789968652038
2616,2026-06-16,13.550000190734863,13.699999809265137,13.550000190734863,13.649999618530273,201241.0,13.55,13.7,13.55,13.65,200,2720550.0,1.407637362145441e-08,1.3922252742387392e-08,1.407637362145441e-08,2.794650014049607e-08,1005.205
2616,2026-06-17,13.649999618530273,13.75,13.600000381469727,13.75,155056.0,13.65,13.75,13.6,13.75,155,2123250.0,2.794650014049607e-08,0.0,2.804924462630672e-08,0.0,999.3612903225807
2616,2026-06-18,13.75,13.899999618530273,13.699999809265137,13.850000381469727,269120.0,13.75,13.9,13.7,13.85,268,3696900.0,0.0,2.7443865245882833e-08,1.3922252742387392e-08,2.7542940571680242e-08,1003.179104477612
2616,2026-06-22,13.899999618530273,13.899999618530273,13.600000381469727,13.699999809265137,256350.0,13.9,13.9,13.6,13.7,256,3498450.0,2.7443865245882833e-08,2.7443865245882833e-08,2.804924462630672e-08,1.3922252742387392e-08,1000.3671875
2616,2026-06-23,13.699999809265137,13.699999809265137,13.449999809265137,13.5,271605.0,13.7,13.7,13.45,13.5,270,3645500.0,1.3922252742387392e-08,1.3922252742387392e-08,1.4181030674402029e-08,0.0,1004.9444444444445
2616,2026-06-24,13.399999618530273,13.550000190734863,13.300000190734863,13.449999809265137,292105.0,13.4,13.55,13.3,13.45,291,3915000.0,2.84678900684904e-08,1.407637362145441e-08,1.4340967110579493e-08,1.4181030674402029e-08,1002.7972508591065
2616,2026-06-25,13.449999809265137,13.5,13.399999618530273,13.5,184008.0,13.45,13.5,13.4,13.5,184,2475250.0,1.4181030674402029e-08,0.0,2.84678900684904e-08,0.0,999.0434782608696
2616,2026-06-26,13.5,13.5,13.25,13.350000381469727,362080.0,13.5,13.5,13.25,13.35,361,4808450.0,0.0,0.0,0.0,2.8574511379608343e-08,1001.9916897506926
2616,2026-06-29,13.350000381469727,13.449999809265137,13.350000381469727,13.449999809265137,159006.0,13.35,13.45,13.35,13.45,159,2126900.0,2.8574511379608343e-08,1.4181030674402029e-08,2.8574511379608343e-08,1.4181030674402029e-08,999.0377358490566
2616,2026-06-30,13.449999809265137,13.449999809265137,13.350000381469727,13.350000381469727,156020.0,13.45,13.45,13.35,13.35,154,2061550.0,1.4181030674402029e-08,1.4181030674402029e-08,2.8574511379608343e-08,2.8574511379608343e-08,1012.1168831168832
2616,2026-07-01,13.449999809265137,13.449999809265137,13.350000381469727,13.399999618530273,86024.0,13.45,13.45,13.35,13.4,86,1152200.0,1.4181030674402029e-08,1.4181030674402029e-08,2.8574511379608343e-08,2.84678900684904e-08,999.2790697674419
2616,2026-07-02,13.5,13.550000190734863,13.300000190734863,13.5,102249.0,13.5,13.55,13.3,13.5,102,1371700.0,0.0,1.407637362145441e-08,1.4340967110579493e-08,0.0,1001.4411764705883
2616,2026-07-03,13.5,13.899999618530273,13.5,13.800000190734863,336016.0,13.5,13.9,13.5,13.8,334,4602200.0,0.0,2.7443865245882833e-08,0.0,1.3821366852949801e-08,1005.0359281437126
2616,2026-07-06,14.100000381469727,14.100000381469727,13.699999809265137,13.699999809265137,204097.0,14.1,14.1,13.7,13.7,202,2793450.0,2.705459056154407e-08,2.705459056154407e-08,1.3922252742387392e-08,1.3922252742387392e-08,1009.3811881188119
2616,2026-07-07,13.699999809265137,13.699999809265137,13.5,13.550000190734863,152234.0,13.7,13.7,13.5,13.55,151,2047800.0,1.3922252742387392e-08,1.3922252742387392e-08,0.0,1.407637362145441e-08,1007.1721854304636
2616,2026-07-08,13.550000190734863,13.550000190734863,13.449999809265137,13.550000190734863,204121.0,13.55,13.55,13.45,13.55,204,2751100.0,1.407637362145441e-08,1.407637362145441e-08,1.4181030674402029e-08,1.407637362145441e-08,999.593137254902
2616,2026-07-09,13.600000381469727,13.699999809265137,13.5,13.649999618530273,105116.0,13.6,13.7,13.5,13.65,104,1416300.0,2.804924462630672e-08,1.3922252742387392e-08,0.0,2.794650014049607e-08,1009.7307692307693
2616,2026-07-13,13.699999809265137,13.800000190734863,13.5,13.550000190734863,238050.0,13.7,13.8,13.5,13.55,238,3244100.0,1.3922252742387392e-08,1.3821366852949801e-08,0.0,1.407637362145441e-08,999.2100840336135
2616,2026-07-14,13.800000190734863,13.800000190734863,13.300000190734863,13.5,284678.0,13.8,13.8,13.3,13.5,284,3843300.0,1.3821366852949801e-08,1.3821366852949801e-08,1.4340967110579493e-08,0.0,1001.387323943662
2616,2026-07-15,13.75,13.75,13.550000190734863,13.600000381469727,218303.0,13.75,13.75,13.55,13.6,218,2973150.0,0.0,0.0,1.407637362145441e-08,2.804924462630672e-08,1000.3899082568807
2616,2026-07-16,13.449999809265137,13.75,13.449999809265137,13.699999809265137,203281.0,13.45,13.75,13.45,13.7,200,2731850.0,1.4181030674402029e-08,0.0,1.4181030674402029e-08,1.3922252742387392e-08,1015.405
2616,2026-07-17,13.699999809265137,13.75,13.449999809265137,13.600000381469727,286536.0,13.7,13.75,13.45,13.6,286,3886950.0,1.3922252742387392e-08,0.0,1.4181030674402029e-08,2.804924462630672e-08,1000.8741258741259
2616,2026-07-20,13.699999809265137,13.699999809265137,13.399999618530273,13.649999618530273,224379.0,13.7,13.7,13.4,13.65,224,3034050.0,1.3922252742387392e-08,1.3922252742387392e-08,2.84678900684904e-08,2.794650014049607e-08,1000.6919642857143
2616,2026-07-21,13.550000190734863,13.699999809265137,13.550000190734863,13.699999809265137,129402.0,13.55,13.7,13.55,13.7,129,1756550.0,1.407637362145441e-08,1.3922252742387392e-08,1.407637362145441e-08,1.3922252742387392e-08,1002.1162790697674
2616,2026-07-22,13.699999809265137,13.699999809265137,13.550000190734863,13.600000381469727,153484.0,13.7,13.7,13.55,13.6,152,2070300.0,1.3922252742387392e-08,1.3922252742387392e-08,1.407637362145441e-08,2.804924462630672e-08,1008.7631578947369
2616,2026-07-23,13.699999809265137,14.300000190734863,13.600000381469727,13.850000381469727,421702.0,13.7,14.3,13.6,13.85,421,5831950.0,1.3922252742387392e-08,1.3338102277671836e-08,2.804924462630672e-08,2.7542940571680242e-08,1000.667458432304
2616,2026-07-24,14.0,14.0,13.649999618530273,13.899999618530273,275502.0,14.0,14.0,13.65,13.9,267,3695550.0,0.0,0.0,2.794650014049607e-08,2.7443865245882833e-08,1030.8426966292134
2616,2026-07-27,13.899999618530273,13.899999618530273,13.75,13.800000190734863,120105.0,13.9,13.9,13.75,13.8,120,1656800.0,2.7443865245882833e-08,2.7443865245882833e-08,0.0,1.3821366852949801e-08,999.875
2616,2026-07-28,13.800000190734863,13.800000190734863,13.449999809265137,13.600000381469727,241792.0,13.8,13.8,13.45,13.6,240,3244650.0,1.3821366852949801e-08,1.3821366852949801e-08,1.4181030674402029e-08,2.804924462630672e-08,1006.4666666666667
2616,2026-07-29,13.75,13.75,13.350000381469727,13.550000190734863,300522.0,13.75,13.75,13.35,13.55,299,4027350.0,0.0,0.0,2.8574511379608343e-08,1.407637362145441e-08,1004.0903010033445
2616,2026-07-30,13.600000381469727,13.600000381469727,13.449999809265137,13.600000381469727,217380.0,13.6,13.6,13.45,13.6,216,2920650.0,2.804924462630672e-08,2.804924462630672e-08,1.4181030674402029e-08,2.804924462630672e-08,1005.3888888888889
2616,2026-07-31,13.399999618530273,13.5,13.300000190734863,13.350000381469727,158103.0,13.4,13.5,13.3,13.35,158,2113900.0,2.84678900684904e-08,0.0,1.4340967110579493e-08,2.8574511379608343e-08,999.6518987341772
2616,2026-08-03,13.300000190734863,13.399999618530273,13.25,13.350000381469727,140148.0,13.3,13.4,13.25,13.35,140,1863450.0,1.4340967110579493e-08,2.84678900684904e-08,0.0,2.8574511379608343e-08,1000.0571428571428
2616,2026-08-04,13.350000381469727,13.350000381469727,13.25,13.25,98400.0,13.35,13.35,13.25,13.25,98,1303700.0,2.8574511379608343e-08,2.8574511379608343e-08,0.0,0.0,1003.0816326530612
2616,2026-08-05,13.300000190734863,13.350000381469727,13.25,13.300000190734863,122021.0,13.3,13.35,13.25,13.3,122,1622050.0,1.4340967110579493e-08,2.8574511379608343e-08,0.0,1.4340967110579493e-08,999.172131147541
2616,2026-08-06,13.25,13.300000190734863,13.199999809265137,13.300000190734863,144502.0,13.25,13.3,13.2,13.3,144,1907450.0,0.0,1.4340967110579493e-08,1.4449610800811157e-08,1.4340967110579493e-08,1002.4861111111111
2616,2026-08-07,13.300000190734863,13.399999618530273,13.25,13.300000190734863,156112.0,13.3,13.4,13.25,13.3,156,2076300.0,1.4340967110579493e-08,2.84678900684904e-08,0.0,1.4340967110579493e-08,999.7179487179487
2616,2026-08-10,13.300000190734863,13.449999809265137,13.25,13.399999618530273,109258.0,13.3,13.45,13.25,13.4,108,1441450.0,1.4340967110579493e-08,1.4181030674402029e-08,0.0,2.84678900684904e-08,1010.6481481481482
2616,2026-08-11,13.350000381469727,13.399999618530273,13.350000381469727,13.350000381469727,32303.0,13.35,13.4,13.35,13.35,32,427350.0,2.8574511379608343e-08,2.84678900684904e-08,2.8574511379608343e-08,2.8574511379608343e-08,1008.46875
2616,2026-08-12,13.399999618530273,13.449999809265137,13.350000381469727,13.399999618530273,111211.0,13.4,13.45,13.35,13.4,111,1488850.0,2.84678900684904e-08,1.4181030674402029e-08,2.8574511379608343e-08,2.84678900684904e-08,1000.9009009009009
2616,2026-08-13,13.399999618530273,13.5,13.399999618530273,13.5,120555.0,13.4,13.5,13.4,13.5,119,1599450.0,2.84678900684904e-08,0.0,2.84678900684904e-08,0.0,1012.0672268907563
2616,2026-08-14,13.399999618530273,13.5,13.350000381469727,13.399999618530273,97201.0,13.4,13.5,13.35,13.4,97,1299600.0,2.84678900684904e-08,0.0,2.8574511379608343e-08,2.84678900684904e-08,1001.0721649484536
2616,2026-08-17,13.399999618530273,13.5,13.350000381469727,13.350000381469727,99021.0,13.4,13.5,13.35,13.35,98,1314100.0,2.84678900684904e-08,0.0,2.8574511379608343e-08,2.8574511379608343e-08,1009.4183673469388
2616,2026-08-18,13.350000381469727,13.5,13.300000190734863,13.350000381469727,80124.0,13.35,13.5,13.3,13.35,80,1070850.0,2.8574511379608343e-08,0.0,1.4340967110579493e-08,2.8574511379608343e-08,1000.55
2616,2026-08-19,13.300000190734863,13.449999809265137,13.300000190734863,13.350000381469727,62302.0,13.3,13.45,13.3,13.35,61,815850.0,1.4340967110579493e-08,1.4181030674402029e-08,1.4340967110579493e-08,2.8574511379608343e-08,1020.344262295082
2731,2026-05-25,161.5,161.5,159.5,160.0,902883.0,161.5,161.5,159.5,160.0,900,144076000.0,0.0,0.0,0.0,0.0,1002.2033333333334
2731,2026-05-26,163.5,168.0,163.0,168.0,2712223.0,163.5,168.0,163.0,168.0,2704,446278000.0,0.0,0.0,0.0,0.0,1002.041050295858
2731,2026-05-27,169.0,169.0,165.5,166.0,1248501.0,169.0,169.0,165.5,166.0,1245,207273000.0,0.0,0.0,0.0,0.0,1001.812048192771
2731,2026-05-28,167.0,168.5,164.5,165.5,1422814.0,167.0,168.5,164.5,165.5,1416,235782000.0,0.0,0.0,0.0,0.0,1003.8121468926554
2731,2026-05-29,167.0,168.5,165.5,167.5,1482734.0,167.0,168.5,165.5,167.5,1479,246801000.0,0.0,0.0,0.0,0.0,1001.5246788370521
2731,2026-06-01,168.0,170.0,167.5,169.5,1192544.0,168.0,170.0,167.5,169.5,1187,200618000.0,0.0,0.0,0.0,0.0,1003.6705981465881
2731,2026-06-02,170.0,171.5,168.5,169.5,1414194.0,170.0,171.5,168.5,169.5,1413,239727500.0,0.0,0.0,0.0,0.0,999.8450106157112
2731,2026-06-03,170.5,171.5,169.0,171.0,1259920.0,170.5,171.5,169.0,171.0,1258,214459500.0,0.0,0.0,0.0,0.0,1000.5262321144675
2731,2026-06-04,172.0,178.0,171.0,175.0,2992445.0,172.0,178.0,171.0,175.0,2981,520842000.0,0.0,0.0,0.0,0.0,1002.839315665884
2731,2026-06-05,177.0,177.5,173.0,173.5,2366219.0,177.0,177.5,173.0,173.5,2333,407742000.0,0.0,0.0,0.0,0.0,1013.2387483926275
2731,2026-06-08,168.5,172.0,166.5,172.0,2897935.0,168.5,172.0,166.5,172.0,2871,489139000.0,0.0,0.0,0.0,0.0,1008.3817485196796
2731,2026-06-09,155.5,160.5,155.5,156.0,4004610.0,155.5,160.5,155.5,156.0,4004,628037500.0,0.0,0.0,0.0,0.0,999.1523476523477
2731,2026-06-10,156.0,156.5,154.5,154.5,1364257.0,156.0,156.5,154.5,154.5,1362,211339000.0,0.0,0.0,0.0,0.0,1000.6571218795889
2731,2026-06-11,154.5,154.5,151.5,152.0,1155661.0,154.5,154.5,151.5,152.0,1154,175731000.0,0.0,0.0,0.0,0.0,1000.4393414211438
2731,2026-06-12,154.0,154.0,152.0,152.0,823100.0,154.0,154.0,152.0,152.0,821,125256500.0,0.0,0.0,0.0,0.0,1001.557856272838
2731,2026-06-15,154.0,155.0,151.5,152.5,1535718.0,154.0,155.0,151.5,152.5,1535,234504000.0,0.0,0.0,0.0,0.0,999.4677524429967
2731,2026-06-16,153.5,154.0,152.0,153.0,613190.0,153.5,154.0,152.0,153.0,611,93255000.0,0.0,0.0,0.0,0.0,1002.5842880523732
2731,2026-06-17,152.0,155.0,152.0,152.5,1207500.0,152.0,155.0,152.0,152.5,1207,184776000.0,0.0,0.0,0.0,0.0,999.4142502071251
2731,2026-06-18,153.5,154.0,152.0,152.0,1125080.0,153.5,154.0,152.0,152.0,1123,171331000.0,0.0,0.0,0.0,0.0,1000.8521816562778
2731,2026-06-22,153.0,153.5,151.5,151.5,1008179.0,153.0,153.5,151.5,151.5,1005,152935500.0,0.0,0.0,0.0,0.0,1002.1631840796019
2731,2026-06-23,152.5,152.5,150.5,151.5,901200.0,152.5,152.5,150.5,151.5,899,135844500.0,0.0,0.0,0.0,0.0,1001.4471635150167
2731,2026-06-24,151.0,152.0,150.5,151.0,811035.0,151.0,152.0,150.5,151.0,811,122656000.0,0.0,0.0,0.0,0.0,999.0431565967941
2731,2026-06-25,152.5,154.0,151.0,151.5,1045040.0,152.5,154.0,151.0,151.5,1045,159112500.0,0.0,0.0,0.0,0.0,999.0382775119617
2731,2026-06-26,151.0,152.0,148.0,148.0,1159729.0,151.0,152.0,148.0,148.0,1151,172179000.0,0.0,0.0,0.0,0.0,1006.5838401390096
2731,2026-06-29,149.0,149.5,147.5,148.0,640006.0,149.0,149.5,147.5,148.0,640,94886000.0,0.0,0.0,0.0,0.0,999.009375
2731,2026-06-30,150.0,150.0,148.0,149.5,423690.0,150.0,150.0,148.0,149.5,422,62785500.0,0.0,0.0,0.0,0.0,1003.0047393364929
2731,2026-07-01,150.0,150.5,148.0,149.5,896260.0,150.0,150.5,148.0,149.5,896,133540500.0,0.0,0.0,0.0,0.0,999.2901785714286
2731,2026-07-02,150.5,150.5,148.0,148.0,608200.0,150.5,150.5,148.0,148.0,608,90283000.0,0.0,0.0,0.0,0.0,999.328947368421
2731,2026-07-03,148.0,151.0,148.0,150.0,856099.0,148.0,151.0,148.0,150.0,856,128251000.0,0.0,0.0,0.0,0.0,999.1156542056075
2731,2026-07-06,151.5,151.5,150.0,150.5,475050.0,151.5,151.5,150.0,150.5,473,71165000.0,0.0,0.0,0.0,0.0,1003.3340380549682
2731,2026-07-07,151.0,151.0,148.0,148.0,804466.0,151.0,151.0,148.0,148.0,803,119468500.0,0.0,0.0,0.0,0.0,1000.8256537982566
2731,2026-07-08,148.0,148.5,146.5,146.5,765681.0,148.0,148.5,146.5,146.5,765,112705500.0,0.0,0.0,0.0,0.0,999.8901960784314
2731,2026-07-09,146.5,147.0,145.0,145.5,821228.0,146.5,147.0,145.0,145.5,817,119108500.0,0.0,0.0,0.0,0.0,1004.1750305997552
2731,2026-07-13,146.5,147.5,145.0,145.0,556314.0,146.5,147.5,145.0,145.0,556,81245000.0,0.0,0.0,0.0,0.0,999.5647482014389
2731,2026-07-14,146.5,146.5,143.5,144.5,597175.0,146.5,146.5,143.5,144.5,597,86175000.0,0.0,0.0,0.0,0.0,999.2931323283082
2731,2026-07-15,145.0,146.0,145.0,146.0,258024.0,145.0,146.0,145.0,146.0,258,37521000.0,0.0,0.0,0.0,0.0,999.0930232558139
2731,2026-07-16,147.0,147.0,145.0,146.5,312005.0,147.0,147.0,145.0,146.5,312,45691000.0,0.0,0.0,0.0,0.0,999.0160256410256
2731,2026-07-17,146.5,146.5,143.0,143.0,522213.0,146.5,146.5,143.0,143.0,521,75137500.0,0.0,0.0,0.0,0.0,1001.3282149712093
2731,2026-07-20,144.5,145.0,141.5,143.0,483019.0,144.5,145.0,141.5,143.0,481,68811000.0,0.0,0.0,0.0,0.0,1003.1975051975052
2731,2026-07-21,143.5,146.5,143.5,146.0,384070.0,143.5,146.5,143.5,146.0,384,55889000.0,0.0,0.0,0.0,0.0,999.1822916666666
2731,2026-07-22,147.0,147.5,145.0,145.0,383715.0,147.0,147.5,145.0,145.0,382,55691500.0,0.0,0.0,0.0,0.0,1003.4895287958116
2731,2026-07-23,145.5,145.5,143.5,144.0,312001.0,145.5,145.5,143.5,144.0,311,44979000.0,0.0,0.0,0.0,0.0,1002.2186495176849
2731,2026-07-24,144.0,145.5,143.5,145.0,282065.0,144.0,145.5,143.5,145.0,281,40614500.0,0.0,0.0,0.0,0.0,1002.7900355871886
2731,2026-07-27,145.5,147.0,145.0,146.0,316016.0,145.5,147.0,145.0,146.0,315,46084500.0,0.0,0.0,0.0,0.0,1002.2253968253968
2731,2026-07-28,146.0,146.0,143.0,143.5,446219.0,146.0,146.0,143.0,143.5,445,64178500.0,0.0,0.0,0.0,0.0,1001.7393258426966
2731,2026-07-29,144.5,145.0,142.0,145.0,600019.0,144.5,145.0,142.0,145.0,596,85394500.0,0.0,0.0,0.0,0.0,1005.743288590604
2731,2026-07-30,145.0,146.5,143.5,144.5,434019.0,145.0,146.5,143.5,144.5,433,62743500.0,0.0,0.0,0.0,0.0,1001.3533487297922
2731,2026-07-31,144.5,148.5,144.5,147.0,632018.0,144.5,148.5,144.5,147.0,630,92837500.0,0.0,0.0,0.0,0.0,1002.2031746031746
2731,2026-08-03,146.5,147.5,145.0,146.5,263000.0,146.5,147.5,145.0,146.5,263,38503500.0,0.0,0.0,0.0,0.0,999.0
2731,2026-08-04,145.5,146.5,144.0,146.0,386000.0,145.5,146.5,144.0,146.0,385,55879000.0,0.0,0.0,0.0,0.0,1001.5974025974026
2731,2026-08-05,146.0,147.0,145.5,146.0,839000.0,146.0,147.0,145.5,146.0,839,122530000.0,0.0,0.0,0.0,0.0,999.0
2731,2026-08-06,146.0,146.5,145.0,146.0,523005.0,146.0,146.5,145.0,146.0,522,76036000.0,0.0,0.0,0.0,0.0,1000.9252873563219
2731,2026-08-07,145.5,146.5,144.5,145.0,606072.0,145.5,146.5,144.5,145.0,606,88045000.0,0.0,0.0,0.0,0.0,999.1188118811881
2731,2026-08-10,146.5,146.5,144.5,145.5,306045.0,146.5,146.5,144.5,145.5,306,44529500.0,0.0,0.0,0.0,0.0,999.1470588235294
2731,2026-08-11,145.5,146.0,144.5,145.5,295053.0,145.5,146.0,144.5,145.5,294,42698000.0,0.0,0.0,0.0,0.0,1002.5816326530612
2731,2026-08-12,146.5,146.5,144.0,145.5,428296.0,146.5,146.5,144.0,145.5,428,62060000.0,0.0,0.0,0.0,0.0,999.6915887850467
2731,2026-08-13,145.5,145.5,144.0,145.0,459024.0,145.5,145.5,144.0,145.0,459,66321000.0,0.0,0.0,0.0,0.0,999.0522875816994
2731,2026-08-14,145.0,145.0,143.5,143.5,358010.0,145.0,145.0,143.5,143.5,358,51552500.0,0.0,0.0,0.0,0.0,999.0279329608938
2731,2026-08-17,143.5,144.5,142.5,144.0,313998.0,143.5,144.5,142.5,144.0,312,44820000.0,0.0,0.0,0.0,0.0,1005.4038461538462
2731,2026-08-18,145.0,145.5,142.0,142.0,662401.0,145.0,145.5,142.0,142.0,653,93243500.0,0.0,0.0,0.0,0.0,1013.39663093415
2731,2026-08-19,141.5,143.5,141.0,142.0,295051.0,141.5,143.5,141.0,142.0,294,41790000.0,0.0,0.0,0.0,0.0,1002.5748299319728
2881,2026-05-25,95.4000015258789,97.69999694824219,94.69999694824219,97.69999694824219,46786568.0,95.4,97.7,94.7,97.7,46733,4501519000.0,1.5994537741778387e-08,3.12360062982822e-08,3.222553131301131e-08,3.12360062982822e-08,1000.146256392699
2881,2026-05-26,97.80000305175781,103.5,97.80000305175781,103.5,102121967.0,97.8,103.5,97.8,103.5,101900,10314660500.0,3.120406764153549e-08,0.0,3.120406764153549e-08,0.0,1001.1782826300295
2881,2026-05-27,104.5,110.0,103.0,110.0,92282492.0,104.5,110.0,103.0,110.0,92088,9973570500.0,0.0,0.0,0.0,0.0,1001.112023282078
2881,2026-05-28,110.0,112.0,107.0,110.0,82132672.0,110.0,112.0,107.0,110.0,82082,8972466000.0,0.0,0.0,0.0,0.0,999.6173338856265
2881,2026-05-29,110.5,111.0,107.0,110.0,138784787.0,110.5,111.0,107.0,110.0,138711,15203957000.0,0.0,0.0,0.0,0.0,999.531947718638
2881,2026-06-01,109.5,112.0,107.0,110.5,87169374.0,109.5,112.0,107.0,110.5,87095,9554372000.0,0.0,0.0,0.0,0.0,999.8539410988002
2881,2026-06-02,110.5,113.5,109.0,113.5,97053866.0,110.5,113.5,109.0,113.5,96979,10848207500.0,0.0,0.0,0.0,0.0,999.7719815630188
2881,2026-06-03,115.5,116.0,111.0,113.0,71704539.0,115.5,116.0,111.0,113.0,71633,8078703000.0,0.0,0.0,0.0,0.0,999.9986877556433
2881,2026-06-04,113.5,114.0,112.0,114.0,55185284.0,113.5,114.0,112.0,114.0,54790,6192309000.0,0.0,0.0,0.0,0.0,1006.2145281985764
2881,2026-06-05,114.0,119.0,112.0,118.0,61138437.0,114.0,119.0,112.0,118.0,61053,7131981000.0,0.0,0.0,0.0,0.0,1000.3993906933321
2881,2026-06-08,112.0,117.5,112.0,116.0,104388292.0,112.0,117.5,112.0,116.0,104370,12054854000.0,0.0,0.0,0.0,0.0,999.1752610903517
2881,2026-06-09,115.0,126.5,115.0,125.0,87597811.0,115.0,126.5,115.0,125.0,87218,10770225000.0,0.0,0.0,0.0,0.0,1003.354731821413
2881,2026-06-10,124.0,126.0,122.5,122.5,68093778.0,124.0,126.0,122.5,122.5,68043,8443720500.0,0.0,0.0,0.0,0.0,999.7462633922667
2881,2026-06-11,125.0,127.5,121.5,125.5,61634852.0,125.0,127.5,121.5,125.5,61574,7703240000.0,0.0,0.0,0.0,0.0,999.9882742716081
2881,2026-06-12,127.0,129.0,120.5,122.0,42253395.0,127.0,129.0,120.5,122.0,42201,5191460000.0,0.0,0.0,0.0,0.0,1000.2415582569133
2881,2026-06-15,126.0,128.0,124.5,127.5,25609258.0,126.0,128.0,124.5,127.5,25552,3241075000.0,0.0,0.0,0.0,0.0,1001.2408422041327
2881,2026-06-16,128.5,132.5,127.5,132.0,39847023.0,128.5,132.5,127.5,132.0,39745,5196470000.0,0.0,0.0,0.0,0.0,1001.56693923764
2881,2026-06-17,133.0,139.0,131.5,135.5,40305106.0,133.0,139.0,131.5,135.5,40223,5455317500.0,0.0,0.0,0.0,0.0,1001.041269920195
2881,2026-06-18,137.0,141.0,135.5,138.0,44276004.0,137.0,141.0,135.5,138.0,43993,6103848500.0,0.0,0.0,0.0,0.0,1005.4329325119905
2881,2026-06-22,139.5,141.0,136.0,138.5,24131602.0,139.5,141.0,136.0,138.5,24104,3352695500.0,0.0,0.0,0.0,0.0,1000.1451211417192
2881,2026-06-23,137.0,141.0,137.0,137.5,24067158.0,137.0,141.0,137.0,137.5,24018,3334692000.0,0.0,0.0,0.0,0.0,1001.0467149637772
2881,2026-06-24,135.5,139.0,134.5,134.5,29701142.0,135.5,139.0,134.5,134.5,29616,4035993500.0,0.0,0.0,0.0,0.0,1001.8748649378714
2881,2026-06-25,133.5,138.0,133.5,136.0,21284471.0,133.5,138.0,133.5,136.0,21230,2892802000.0,0.0,0.0,0.0,0.0,1001.5657560056524
2881,2026-06-26,136.0,138.0,133.0,134.0,31021556.0,136.0,138.0,133.0,134.0,30992,4194437500.0,0.0,0.0,0.0,0.0,999.9536654620547
2881,2026-06-29,132.0,134.5,128.0,128.5,30562875.0,132.0,134.5,128.0,128.5,30532,3968297000.0,0.0,0.0,0.0,0.0,1000.0112341150268
2881,2026-06-30,130.0,132.0,127.0,129.5,57540886.0,130.0,132.0,127.0,129.5,57472,7442388500.0,0.0,0.0,0.0,0.0,1000.1986010579064
2881,2026-07-01,128.0,131.0,121.5,122.5,66858771.0,128.0,131.0,121.5,122.5,66838,8289496000.0,0.0,0.0,0.0,0.0,999.3107663305306
2881,2026-07-02,122.0,123.5,118.0,119.5,72657157.0,122.0,123.5,118.0,119.5,72514,8681730000.0,0.0,0.0,0.0,0.0,1000.9741980858869
2881,2026-07-03,118.5,121.5,118.5,121.0,29634110.0,118.5,121.5,118.5,121.0,29610,3553628500.0,0.0,0.0,0.0,0.0,999.8142519419115
2881,2026-07-06,122.0,123.0,120.5,121.5,15350177.0,122.0,123.0,120.5,121.5,15311,1860403500.0,0.0,0.0,0.0,0.0,1001.558748612109
2881,2026-07-07,121.5,123.5,121.0,123.0,20954719.0,121.5,123.5,121.0,123.0,20932,2567302000.0,0.0,0.0,0.0,0.0,1000.0853716797249
2881,2026-07-08,124.0,126.0,122.5,126.0,25880901.0,124.0,126.0,122.5,126.0,25817,3215554000.0,0.0,0.0,0.0,0.0,1001.4751520316071
2881,2026-07-09,129.0,129.0,122.5,124.5,25220485.0,129.0,129.0,122.5,124.5,25196,3142808000.0,0.0,0.0,0.0,0.0,999.9717812351167
2881,2026-07-13,125.5,127.5,124.5,127.0,24192331.0,125.5,127.5,124.5,127.0,24167,3056354500.0,0.0,0.0,0.0,0.0,1000.0481648528986
2881,2026-07-14,127.0,127.0,121.5,125.0,26579555.0,127.0,127.0,121.5,125.0,26519,3281414500.0,0.0,0.0,0.0,0.0,1001.2834571439346
2881,2026-07-15,126.5,130.0,126.0,128.5,27336864.0,126.5,130.0,126.0,128.5,27227,3493219500.0,0.0,0.0,0.0,0.0,1003.0351122047967
2881,2026-07-16,128.5,129.5,123.5,125.0,26244815.0,128.5,129.5,123.5,125.0,26232,3295863500.0,0.0,0.0,0.0,0.0,999.4885254650808
2881,2026-07-17,124.5,125.5,123.0,124.5,33187157.0,124.5,125.5,123.0,124.5,33155,4118433500.0,0.0,0.0,0.0,0.0,999.969898959433
2881,2026-07-20,125.0,125.5,122.0,123.5,26496365.0,125.0,125.5,122.0,123.5,26483,3275188500.0,0.0,0.0,0.0,0.0,999.5046633689536
2881,2026-07-21,124.0,125.0,122.5,123.5,16798624.0,124.0,125.0,122.5,123.5,16747,2070655500.0,0.0,0.0,0.0,0.0,1002.0825819549771
2881,2026-07-22,124.0,129.5,124.0,127.0,27801213.0,124.0,129.5,124.0,127.0,27790,3540556500.0,0.0,0.0,0.0,0.0,999.4034904641958
2881,2026-07-23,129.0,129.5,126.5,128.5,16132641.0,129.0,129.5,126.5,128.5,16112,2059382500.0,0.0,0.0,0.0,0.0,1000.281094836147
2881,2026-07-24,127.0,129.0,126.5,127.5,15710313.0,127.0,129.0,126.5,127.5,15702,2002887500.0,0.0,0.0,0.0,0.0,999.5294230034391
2881,2026-07-27,129.0,130.0,127.0,130.0,15452430.0,129.0,130.0,127.0,130.0,15426,1987110000.0,0.0,0.0,0.0,0.0,1000.7133411124076
2881,2026-07-28,127.5,128.0,124.0,125.5,21626365.0,127.5,128.0,124.0,125.5,21613,2710394500.0,0.0,0.0,0.0,0.0,999.6183778281589
2881,2026-07-29,126.5,127.0,120.5,123.0,30654457.0,126.5,127.0,120.5,123.0,30631,3780212500.0,0.0,0.0,0.0,0.0,999.765792824263
2881,2026-07-30,125.0,125.0,121.0,124.0,22820954.0,125.0,125.0,121.0,124.0,22740,2800194000.0,0.0,0.0,0.0,0.0,1002.5599824098505
2881,2026-07-31,128.0,131.0,127.0,130.0,32445425.0,128.0,131.0,127.0,130.0,32399,4196871000.0,0.0,0.0,0.0,0.0,1000.4329145961295
2881,2026-08-03,129.0,130.5,126.5,129.5,21957353.0,129.0,130.5,126.5,129.5,21942,2824567000.0,0.0,0.0,0.0,0.0,999.6997083219396
2881,2026-08-04,127.0,131.0,127.0,128.5,29051402.0,127.0,131.0,127.0,128.5,29031,3738492000.0,0.0,0.0,0.0,0.0,999.7027660087492
2881,2026-08-05,130.0,132.5,129.0,129.5,15213145.0,130.0,132.5,129.0,129.5,15148,1975864000.0,0.0,0.0,0.0,0.0,1003.3005677317137
2881,2026-08-06,128.5,129.5,125.0,126.0,19715447.0,128.5,129.5,125.0,126.0,19665,2491320000.0,0.0,0.0,0.0,0.0,1001.5653190948385
2881,2026-08-07,127.0,128.0,126.0,127.0,10760716.0,127.0,128.0,126.0,127.0,10746,1363585000.0,0.0,0.0,0.0,0.0,1000.3694397915503
2881,2026-08-10,128.0,129.0,125.5,128.5,10299367.0,128.0,129.0,125.5,128.5,10279,1314937500.0,0.0,0.0,0.0,0.0,1000.9814184259169
2881,2026-08-11,129.5,129.5,127.5,128.0,11040435.0,129.5,129.5,127.5,128.0,11027,1414929000.0,0.0,0.0,0.0,0.0,1000.2183730842478
2881,2026-08-12,127.5,129.5,126.5,127.0,9079621.0,127.5,129.5,126.5,127.0,9054,1152575000.0,0.0,0.0,0.0,0.0,1001.8297989838745
2881,2026-08-13,128.0,129.0,127.0,128.5,8538623.0,128.0,129.0,127.0,128.5,8529,1093635500.0,0.0,0.0,0.0,0.0,1000.1282682612264
2881,2026-08-14,128.5,130.0,128.0,129.5,8825755.0,128.5,130.0,128.0,129.5,8800,1135296000.0,0.0,0.0,0.0,0.0,1001.9267045454545
2881,2026-08-17,127.0,127.0,123.5,125.5,28288994.0,127.0,127.0,123.5,125.5,28262,3526956500.0,0.0,0.0,0.0,0.0,999.9551341023282
2881,2026-08-18,125.0,129.5,125.0,129.5,22180370.0,125.0,129.5,125.0,129.5,22157,2830749500.0,0.0,0.0,0.0,0.0,1000.0547456785666
2881,2026-08-19,129.0,129.5,127.5,128.5,12502775.0,129.0,129.5,127.5,128.5,12492,1607356500.0,0.0,0.0,0.0,0.0,999.8625520333013
2881,2026-08-20,128.5,130.0,125.5,128.0,18653518.0,128.5,130.0,125.5,128.0,18533,2362424500.0,0.0,0.0,0.0,0.0,1005.5028867425673
2913,2026-05-25,10.949999809265137,10.949999809265137,10.649999618530273,10.800000190734863,3404761.0,10.95,10.95,10.65,10.8,3394,36481150.0,1.7418708910566875e-08,1.7418708910566875e-08,3.581875370119919e-08,1.7660635423213634e-08,1002.1705951679435
2913,2026-05-26,10.850000381469727,10.850000381469727,10.699999809265137,10.800000190734863,1191387.0,10.85,10.85,10.7,10.8,1188,12781250.0,3.515850017675312e-08,3.515850017675312e-08,1.7825688090720306e-08,1.7660635423213634e-08,1001.85101010101
2913,2026-05-27,10.850000381469727,10.850000381469727,10.649999618530273,10.649999618530273,1969414.0,10.85,10.85,10.65,10.65,1962,21046500.0,3.515850017675312e-08,3.515850017675312e-08,3.581875370119919e-08,3.581875370119919e-08,1002.7787971457697
2913,2026-05-28,10.649999618530273,10.850000381469727,10.600000381469727,10.699999809265137,3348336.0,10.65,10.85,10.6,10.7,3346,35868000.0,3.581875370119919e-08,3.515850017675312e-08,3.5987710086582204e-08,1.7825688090720306e-08,999.6981470412433
2913,2026-05-29,10.75,10.850000381469727,10.699999809265137,10.800000190734863,1949671.0,10.75,10.85,10.7,10.8,1942,20907900.0,0.0,3.515850017675312e-08,1.7825688090720306e-08,1.7660635423213634e-08,1002.9500514933059
2913,2026-06-01,10.800000190734863,11.199999809265137,10.75,11.100000381469727,3438792.0,10.8,11.2,10.75,11.1,3435,37907200.0,1.7660635423213634e-08,1.7029898443813148e-08,0.0,3.436664206466409e-08,1000.1039301310044
2913,2026-06-02,11.199999809265137,11.300000190734863,11.0,11.300000190734863,2266728.0,11.2,11.3,11.0,11.3,2260,25281100.0,1.7029898443813148e-08,1.6879191377938696e-08,0.0,1.6879191377938696e-08,1001.9769911504425
2913,2026-06-03,11.300000190734863,11.550000190734863,11.149999618530273,11.5,5191065.0,11.3,11.55,11.15,11.5,5187,59252050.0,1.6879191377938696e-08,1.651384091521275e-08,3.421253156213196e-08,0.0,999.7836899942163
2913,2026-06-04,11.550000190734863,11.800000190734863,11.399999618530273,11.5,7966026.0,11.55,11.8,11.4,11.5,7961,92243250.0,1.651384091521275e-08,1.6163971404297226e-08,3.3462256747172925e-08,0.0,999.6313277226479
2913,2026-06-05,11.550000190734863,11.550000190734863,11.199999809265137,11.25,3287223.0,11.55,11.55,11.2,11.25,3280,37262050.0,1.651384091521275e-08,1.651384091521275e-08,1.7029898443813148e-08,0.0,1001.2021341463415
2913,2026-06-08,10.800000190734863,11.149999618530273,10.600000381469727,11.050000190734863,3731538.0,10.8,11.15,10.6,11.05,3729,40665550.0,1.7660635423213634e-08,3.421253156213196e-08,3.5987710086582204e-08,1.726107353581061e-08,999.6806114239743
2913,2026-06-09,11.0,11.149999618530273,11.0,11.0,1479692.0,11.0,11.15,11.0,11.0,1477,16364150.0,0.0,3.421253156213196e-08,0.0,0.0,1000.8226134055518
2913,2026-06-10,10.949999809265137,11.649999618530273,10.899999618530273,11.449999809265137,12401261.0,10.95,11.65,10.9,11.45,12391,141382550.0,1.7418708910566875e-08,3.2744182568049044e-08,3.499722265300655e-08,1.665806660006177e-08,999.8281010410782
2913,2026-06-11,11.199999809265137,11.350000381469727,11.0,11.100000381469727,3472091.0,11.2,11.35,11.0,11.1,3471,38595700.0,1.7029898443813148e-08,3.36096675698477e-08,0.0,3.436664206466409e-08,999.3143186401613
2913,2026-06-12,11.149999618530273,11.350000381469727,11.100000381469727,11.199999809265137,1948645.0,11.15,11.35,11.1,11.2,1943,21797900.0,3.421253156213196e-08,3.36096675698477e-08,3.436664206466409e-08,1.7029898443813148e-08,1001.9053010808029
2913,2026-06-15,11.300000190734863,11.350000381469727,11.149999618530273,11.199999809265137,1710721.0,11.3,11.35,11.15,11.2,1707,19195050.0,1.6879191377938696e-08,3.36096675698477e-08,3.421253156213196e-08,1.7029898443813148e-08,1001.1798476859989
2913,2026-06-16,11.149999618530273,11.25,11.050000190734863,11.100000381469727,2393257.0,11.15,11.25,11.05,11.1,2392,26606900.0,3.421253156213196e-08,0.0,1.726107353581061e-08,3.436664206466409e-08,999.5255016722408
2913,2026-06-17,11.149999618530273,11.25,11.050000190734863,11.149999618530273,6361737.0,11.15,11.25,11.05,11.15,6360,70914500.0,3.421253156213196e-08,0.0,1.726107353581061e-08,3.421253156213196e-08,999.2731132075472
2913,2026-06-18,11.199999809265137,11.350000381469727,11.149999618530273,11.149999618530273,3090117.0,11.2,11.35,11.15,11.15,3083,34691150.0,1.7029898443813148e-08,3.36096675698477e-08,3.421253156213196e-08,3.421253156213196e-08,1001.3084657800844
2913,2026-06-22,11.25,11.25,11.0,11.149999618530273,4738692.0,11.25,11.25,11.0,11.15,4733,52446850.0,0.0,0.0,0.0,3.421253156213196e-08,1000.20261990281
2913,2026-06-23,11.149999618530273,11.149999618530273,10.949999809265137,11.0,2788182.0,11.15,11.15,10.95,11.0,2784,30663150.0,3.421253156213196e-08,3.421253156213196e-08,1.7418708910566875e-08,0.0,1000.5021551724138
2913,2026-06-24,11.100000381469727,11.100000381469727,10.899999618530273,10.949999809265137,1777988.0,11.1,11.1,10.9,10.95,1765,19358150.0,3.436664206466409e-08,3.436664206466409e-08,3.499722265300655e-08,1.7418708910566875e-08,1006.358640226629
2913,2026-06-25,11.0,11.0,10.899999618530273,10.899999618530273,1736374.0,11.0,11.0,10.9,10.9,1732,18953600.0,0.0,0.0,3.499722265300655e-08,3.499722265300655e-08,1001.5254041570439
2913,2026-06-26,11.0,11.0,10.550000190734863,10.600000381469727,7336014.0,11.0,11.0,10.55,10.6,7329,78418450.0,0.0,0.0,1.8079133892958033e-08,3.5987710086582204e-08,999.9570200573066
2913,2026-06-29,10.699999809265137,10.850000381469727,10.649999618530273,10.800000190734863,1427638.0,10.7,10.85,10.65,10.8,1426,15292850.0,1.7825688090720306e-08,3.515850017675312e-08,3.581875370119919e-08,1.7660635423213634e-08,1000.148667601683
2913,2026-06-30,10.800000190734863,10.949999809265137,10.800000190734863,10.850000381469727,1335924.0,10.8,10.95,10.8,10.85,1333,14479400.0,1.7660635423213634e-08,1.7418708910566875e-08,1.7660635423213634e-08,3.515850017675312e-08,1001.1935483870968
2913,2026-07-01,10.899999618530273,10.899999618530273,10.649999618530273,10.699999809265137,1528389.0,10.9,10.9,10.65,10.7,1524,16400650.0,3.499722265300655e-08,3.499722265300655e-08,3.581875370119919e-08,1.7825688090720306e-08,1001.8799212598425
2913,2026-07-02,10.699999809265137,11.100000381469727,10.649999618530273,11.0,2731508.0,10.7,11.1,10.65,11.0,2728,29741950.0,1.7825688090720306e-08,3.436664206466409e-08,3.581875370119919e-08,0.0,1000.2859237536657
2913,2026-07-03,11.0,11.449999809265137,11.0,11.25,5538831.0,11.0,11.45,11.0,11.25,5519,62178600.0,0.0,1.665806660006177e-08,0.0,0.0,1002.593223410038
2913,2026-07-06,11.399999618530273,11.5,11.25,11.25,4059999.0,11.4,11.5,11.25,11.25,4059,46278200.0,3.3462256747172925e-08,0.0,0.0,0.0,999.2461197339246
2913,2026-07-07,11.300000190734863,11.300000190734863,11.050000190734863,11.050000190734863,1766196.0,11.3,11.3,11.05,11.05,1764,19623650.0,1.6879191377938696e-08,1.6879191377938696e-08,1.726107353581061e-08,1.726107353581061e-08,1000.2448979591836
2913,2026-07-08,11.100000381469727,11.199999809265137,11.0,11.100000381469727,1760146.0,11.1,11.2,11.0,11.1,1759,19510600.0,3.436664206466409e-08,1.7029898443813148e-08,0.0,3.436664206466409e-08,999.6515065378055
2913,2026-07-09,12.100000381469727,12.199999809265137,11.649999618530273,11.75,23790062.0,12.1,12.2,11.65,11.75,23756,285258100.0,3.152642371221251e-08,1.5634005128746498e-08,3.2744182568049044e-08,0.0,1000.4338272436437
2913,2026-07-13,11.699999809265137,11.699999809265137,11.100000381469727,11.199999809265137,9064241.0,11.7,11.7,11.1,11.2,9056,102868850.0,1.6302125006043358e-08,1.6302125006043358e-08,3.436664206466409e-08,1.7029898443813148e-08,999.9100044169611
2913,2026-07-14,11.199999809265137,11.25,11.050000190734863,11.199999809265137,3305611.0,11.2,11.25,11.05,11.2,3304,36792300.0,1.7029898443813148e-08,0.0,1.726107353581061e-08,1.7029898443813148e-08,999.4875907990315
2913,2026-07-15,11.149999618530273,11.449999809265137,11.149999618530273,11.399999618530273,2719630.0,11.15,11.45,11.15,11.4,2713,30740650.0,3.421253156213196e-08,1.665806660006177e-08,3.421253156213196e-08,3.3462256747172925e-08,1001.4437891632879
2913,2026-07-16,11.350000381469727,11.699999809265137,11.300000190734863,11.5,4020668.0,11.35,11.7,11.3,11.5,4016,46392950.0,3.36096675698477e-08,1.6302125006043358e-08,1.6879191377938696e-08,0.0,1000.1623505976096
2913,2026-07-17,11.350000381469727,11.449999809265137,11.100000381469727,11.199999809265137,2671154.0,11.35,11.45,11.1,11.2,2670,30046650.0,3.36096675698477e-08,1.665806660006177e-08,3.436664206466409e-08,1.7029898443813148e-08,999.4322097378277
2913,2026-07-20,11.300000190734863,11.399999618530273,11.100000381469727,11.25,2041780.0,11.3,11.4,11.1,11.25,2041,22942200.0,1.6879191377938696e-08,3.3462256747172925e-08,3.436664206466409e-08,0.0,999.3821656050956
2913,2026-07-21,11.25,11.449999809265137,11.25,11.350000381469727,1698195.0,11.25,11.45,11.25,11.35,1696,19235850.0,0.0,1.665806660006177e-08,0.0,3.36096675698477e-08,1000.2942216981132
2913,2026-07-22,11.350000381469727,11.550000190734863,11.350000381469727,11.399999618530273,2403726.0,11.35,11.55,11.35,11.4,2402,27504250.0,3.36096675698477e-08,1.651384091521275e-08,3.36096675698477e-08,3.3462256747172925e-08,999.7185678601165
2913,2026-07-23,11.399999618530273,11.399999618530273,11.149999618530273,11.149999618530273,1728703.0,11.4,11.4,11.15,11.15,1727,19426550.0,3.3462256747172925e-08,3.3462256747172925e-08,3.421253156213196e-08,3.421253156213196e-08,999.9861030689057
2913,2026-07-24,11.149999618530273,11.25,11.100000381469727,11.149999618530273,1053227.0,11.15,11.25,11.1,11.15,1052,11762900.0,3.421253156213196e-08,0.0,3.436664206466409e-08,3.421253156213196e-08,1000.1663498098859
2913,2026-07-27,11.149999618530273,11.199999809265137,11.100000381469727,11.199999809265137,801164.0,11.15,11.2,11.1,11.2,801,8935900.0,3.421253156213196e-08,1.7029898443813148e-08,3.436664206466409e-08,1.7029898443813148e-08,999.2047440699126
2913,2026-07-28,11.199999809265137,11.199999809265137,11.050000190734863,11.100000381469727,2542160.0,11.2,11.2,11.05,11.1,2539,28151550.0,1.7029898443813148e-08,1.7029898443813148e-08,1.726107353581061e-08,3.436664206466409e-08,1000.2445844820795
2913,2026-07-29,11.25,11.25,10.75,10.899999618530273,3175030.0,11.25,11.25,10.75,10.9,3165,34602550.0,0.0,0.0,0.0,3.499722265300655e-08,1002.1690363349131
2913,2026-07-30,10.800000190734863,11.100000381469727,10.800000190734863,11.050000190734863,3643097.0,10.8,11.1,10.8,11.05,3632,39899150.0,1.7660635423213634e-08,3.436664206466409e-08,1.7660635423213634e-08,1.726107353581061e-08,1002.0553414096917
2913,2026-07-31,11.149999618530273,11.300000190734863,10.899999618530273,10.949999809265137,3927101.0,11.15,11.3,10.9,10.95,3913,43357900.0,3.421253156213196e-08,1.6879191377938696e-08,3.499722265300655e-08,1.7418708910566875e-08,1002.6036289292103
2913,2026-08-03,10.850000381469727,11.0,10.699999809265137,10.800000190734863,1742148.0,10.85,11.0,10.7,10.8,1739,18913150.0,3.515850017675312e-08,0.0,1.7825688090720306e-08,1.7660635423213634e-08,1000.8102357676826
2913,2026-08-04,10.850000381469727,10.899999618530273,10.699999809265137,10.850000381469727,1329668.0,10.85,10.9,10.7,10.85,1329,14368200.0,3.515850017675312e-08,3.499722265300655e-08,1.7825688090720306e-08,3.515850017675312e-08,999.502633559067
2913,2026-08-05,10.899999618530273,11.0,10.850000381469727,10.949999809265137,1414812.0,10.9,11.0,10.85,10.95,1414,15478550.0,3.499722265300655e-08,0.0,3.515850017675312e-08,1.7418708910566875e-08,999.5742574257425
2913,2026-08-06,10.949999809265137,11.0,10.800000190734863,10.899999618530273,1990719.0,10.95,11.0,10.8,10.9,1989,21657850.0,1.7418708910566875e-08,0.0,1.7660635423213634e-08,3.499722265300655e-08,999.8642533936652
2913,2026-08-07,10.899999618530273,11.050000190734863,10.899999618530273,11.0,2392978.0,10.9,11.05,10.9,11.0,2391,26217900.0,3.499722265300655e-08,1.726107353581061e-08,3.499722265300655e-08,0.0,999.827268925136
2913,2026-08-10,11.0,11.050000190734863,10.949999809265137,11.050000190734863,1231576.0,11.0,11.05,10.95,11.05,1227,13491150.0,0.0,1.726107353581061e-08,1.7418708910566875e-08,1.726107353581061e-08,1002.7294213528933
2913,2026-08-11,11.050000190734863,11.100000381469727,10.949999809265137,11.0,890050.0,11.05,11.1,10.95,11.0,889,9801850.0,1.726107353581061e-08,3.436664206466409e-08,1.7418708910566875e-08,0.0,1000.1811023622047
2913,2026-08-12,11.0,11.100000381469727,10.949999809265137,11.0,1069195.0,11.0,11.1,10.95,11.0,1065,11738650.0,0.0,3.436664206466409e-08,1.7418708910566875e-08,0.0,1002.9389671361503
2913,2026-08-13,11.0,11.050000190734863,10.899999618530273,10.949999809265137,1580952.0,11.0,11.05,10.9,10.95,1576,17238650.0,0.0,1.726107353581061e-08,3.499722265300655e-08,1.7418708910566875e-08,1002.1421319796955
2913,2026-08-14,10.949999809265137,10.949999809265137,10.800000190734863,10.899999618530273,1501023.0,10.95,10.95,10.8,10.9,1498,16260350.0,1.7418708910566875e-08,1.7418708910566875e-08,1.7660635423213634e-08,3.499722265300655e-08,1001.0180240320427
2913,2026-08-17,10.899999618530273,10.949999809265137,10.850000381469727,10.949999809265137,546071.0,10.9,10.95,10.85,10.95,544,5937850.0,3.499722265300655e-08,1.7418708910566875e-08,3.515850017675312e-08,1.7418708910566875e-08,1002.8069852941177
2913,2026-08-18,10.949999809265137,11.25,10.899999618530273,11.100000381469727,2140245.0,10.95,11.25,10.9,11.1,2139,23752300.0,1.7418708910566875e-08,0.0,3.499722265300655e-08,3.436664206466409e-08,999.5820476858345
2913,2026-08-19,11.0,11.100000381469727,11.0,11.0,792369.0,11.0,11.1,11.0,11.0,791,8711850.0,0.0,3.436664206466409e-08,0.0,0.0,1000.7307206068268
3021,2026-05-25,19.5,20.649999618530273,19.5,20.649999618530273,2924404.0,19.5,20.65,19.5,20.65,2923,59487750.0,0.0,1.8473110176339688e-08,0.0,1.8473110176339688e-08,999.4803284296955
3021,2026-05-26,22.700000762939453,22.700000762939453,22.700000762939453,22.700000762939453,622784.0,22.7,22.7,22.7,22.7,622,14119400.0,3.36096675698477e-08,3.36096675698477e-08,3.36096675698477e-08,3.36096675698477e-08,1000.2604501607717
3021,2026-05-27,24.950000762939453,24.950000762939453,24.950000762939453,24.950000762939453,492001.0,24.95,24.95,24.95,24.95,491,12250450.0,3.057873562467105e-08,3.057873562467105e-08,3.057873562467105e-08,3.057873562467105e-08,1001.0386965376782
3021,2026-05-28,27.399999618530273,27.399999618530273,27.399999618530273,27.399999618530273,528300.0,27.4,27.4,27.4,27.4,526,14412400.0,1.3922252742387392e-08,1.3922252742387392e-08,1.3922252742387392e-08,1.3922252742387392e-08,1003.3726235741445
3021,2026-05-29,30.100000381469727,30.100000381469727,30.100000381469727,30.100000381469727,914400.0,30.1,30.1,30.1,30.1,911,27421100.0,1.2673412795395831e-08,1.2673412795395831e-08,1.2673412795395831e-08,1.2673412795395831e-08,1002.7321624588365
3021,2026-06-01,33.099998474121094,33.099998474121094,33.099998474121094,33.099998474121094,1108479.0,33.1,33.1,33.1,33.1,1107,36641700.0,4.609906065471557e-08,4.609906065471557e-08,4.609906065471557e-08,4.609906065471557e-08,1000.3360433604336
3021,2026-06-02,36.400001525878906,36.400001525878906,33.25,36.400001525878906,7552540.0,36.4,36.4,33.25,36.4,7550,269435000.0,4.191975021074411e-08,4.191975021074411e-08,0.0,4.191975021074411e-08,999.3364238410596
3021,2026-06-03,40.0,40.0,39.95000076293945,40.0,2105872.0,40.0,40.0,39.95,40.0,2097,83863350.0,0.0,0.0,1.9097357954513868e-08,0.0,1003.2308059132093
3021,2026-06-04,39.0,39.0,36.0,36.0,1333000.0,39.0,39.0,36.0,36.0,1331,48306000.0,0.0,0.0,0.0,0.0,1000.5026296018032
3021,2026-06-05,32.400001525878906,32.400001525878906,32.400001525878906,32.400001525878906,394031.0,32.4,32.4,32.4,32.4,394,12765600.0,4.709502801453968e-08,4.709502801453968e-08,4.709502801453968e-08,4.709502801453968e-08,999.0786802030457
3021,2026-06-08,29.200000762939453,29.200000762939453,29.200000762939453,29.200000762939453,149000.0,29.2,29.2,29.2,29.2,149,4350800.0,2.612806348751859e-08,2.612806348751859e-08,2.612806348751859e-08,2.612806348751859e-08,999.0
3021,2026-06-09,29.0,29.0,26.75,28.0,887090.0,29.0,29.0,26.75,28.0,885,24517200.0,0.0,0.0,0.0,0.0,1001.361581920904
3021,2026-06-10,26.5,27.899999618530273,26.5,27.0,658040.0,26.5,27.9,26.5,27.0,656,17888800.0,0.0,1.3672750005068621e-08,0.0,0.0,1002.109756097561
3021,2026-06-11,27.0,27.200000762939453,26.600000381469727,27.200000762939453,273003.0,27.0,27.2,26.6,27.2,272,7309300.0,0.0,2.804924462630672e-08,1.4340967110579493e-08,2.804924462630672e-08,1002.6875
3021,2026-06-12,28.299999237060547,29.899999618530273,28.299999237060547,29.899999618530273,230004.0,28.3,29.9,28.3,29.9,230,6744450.0,2.6958991301609282e-08,1.2758184787338279e-08,2.6958991301609282e-08,1.2758184787338279e-08,999.0173913043478
3021,2026-06-15,31.899999618530273,31.899999618530273,30.25,31.25,426500.0,31.9,31.9,30.25,31.25,426,13312350.0,1.195829859377475e-08,1.195829859377475e-08,0.0,0.0,1000.1737089201878
3021,2026-06-16,32.650001525878906,32.650001525878906,31.450000762939453,31.649999618530273,320005.0,32.65,32.65,31.45,31.65,320,10276750.0,4.673442289957383e-08,4.673442289957383e-08,2.42588061632923e-08,1.205275592863869e-08,999.015625
3021,2026-06-17,31.0,31.200000762939453,30.299999237060547,31.200000762939453,230121.0,31.0,31.2,30.3,31.2,230,7067350.0,0.0,2.4453187622934063e-08,2.5179519928565768e-08,2.4453187622934063e-08,999.5260869565218
3021,2026-06-18,31.75,32.5,30.049999237060547,31.0,1764660.0,31.75,32.5,30.05,31.0,1764,54993050.0,0.0,0.0,2.5389000127638693e-08,0.0,999.374149659864
3021,2026-06-22,30.5,31.75,30.200000762939453,30.299999237060547,1312006.0,30.5,31.75,30.2,30.3,1310,40047000.0,0.0,0.0,2.5262895822368965e-08,2.5179519928565768e-08,1000.5312977099237
3021,2026-06-23,31.0,31.049999237060547,28.200000762939453,29.799999237060547,1109027.0,31.0,31.05,28.2,29.8,1109,32594450.0,0.0,2.4571318964107655e-08,2.705459056154407e-08,2.560199509515244e-08,999.02434625789
3021,2026-06-24,28.799999237060547,29.399999618530273,28.25,28.950000762939453,609010.0,28.8,29.4,28.25,28.95,609,17431850.0,2.6490953258178568e-08,1.2975160719095733e-08,0.0,2.6353694433006658e-08,999.0164203612479
3021,2026-06-25,29.0,29.700000762939453,28.299999237060547,28.299999237060547,626356.0,29.0,29.7,28.3,28.3,625,18001350.0,0.0,2.5688197098839823e-08,2.6958991301609282e-08,2.6958991301609282e-08,1001.1696
3021,2026-06-26,28.200000762939453,29.149999618530273,26.700000762939453,26.850000381469727,796120.0,28.2,29.15,26.7,26.85,795,22109750.0,2.705459056154407e-08,1.3086439970545953e-08,2.8574511379608343e-08,1.4207438552752868e-08,1000.4088050314465
3021,2026-06-29,26.700000762939453,27.350000381469727,26.299999237060547,27.350000381469727,407020.0,26.7,27.35,26.3,27.35,407,11021950.0,2.8574511379608343e-08,1.3947704758369817e-08,2.900910470857577e-08,1.3947704758369817e-08,999.0491400491401
3021,2026-06-30,28.350000381469727,30.049999237060547,27.799999237060547,30.049999237060547,521131.0,28.35,30.05,27.8,30.05,521,15513550.0,1.3455722227210388e-08,2.5389000127638693e-08,2.7443865245882833e-08,2.5389000127638693e-08,999.2514395393474
3021,2026-07-01,32.0,33.04999923706055,30.5,30.5,2588002.0,32.0,33.05,30.5,30.5,2586,82676850.0,0.0,2.3084400916273194e-08,0.0,0.0,999.7741686001547
3021,2026-07-02,29.25,29.700000762939453,28.25,29.549999237060547,784008.0,29.25,29.7,28.25,29.55,784,22762700.0,0.0,2.5688197098839823e-08,0.0,2.581859403842784e-08,999.0102040816327
3021,2026-07-03,29.600000381469727,30.100000381469727,29.200000762939453,29.25,474000.0,29.6,30.1,29.2,29.25,474,13956750.0,1.2887490714236977e-08,1.2673412795395831e-08,2.612806348751859e-08,0.0,999.0
3021,2026-07-06,29.100000381469727,29.299999237060547,28.100000381469727,28.299999237060547,497010.0,29.1,29.3,28.1,28.3,497,14141600.0,1.3108925262591564e-08,2.6038889209404187e-08,1.3575435058413328e-08,2.6958991301609282e-08,999.020120724346
3021,2026-07-07,28.450000762939453,28.450000762939453,26.649999618530273,27.100000381469727,442022.0,28.45,28.45,26.65,27.1,441,12024950.0,2.681685250740045e-08,2.681685250740045e-08,1.4314060980916117e-08,1.407637362145441e-08,1001.3174603174604
3021,2026-07-08,27.149999618530273,27.350000381469727,26.299999237060547,27.0,380027.0,27.15,27.35,26.3,27.0,379,10123000.0,1.4050450281451733e-08,1.3947704758369817e-08,2.900910470857577e-08,0.0,1001.7097625329816
3021,2026-07-09,27.950000762939453,28.0,26.299999237060547,26.5,409001.0,27.95,28.0,26.3,26.5,409,11015800.0,2.729658153257756e-08,0.0,2.900910470857577e-08,0.0,999.0024449877751
3021,2026-07-13,26.799999237060547,26.799999237060547,24.5,24.899999618530273,529011.0,26.8,26.8,24.5,24.9,529,13304450.0,2.84678900684904e-08,2.84678900684904e-08,0.0,1.5320069282787733e-08,999.0207939508507
3021,2026-07-14,24.899999618530273,24.899999618530273,23.299999237060547,24.399999618530273,411020.0,24.9,24.9,23.3,24.4,411,9839800.0,1.5320069282787733e-08,1.5320069282787733e-08,3.2744182568049044e-08,1.5634005128746498e-08,999.0486618004866
3021,2026-07-15,25.299999237060547,25.299999237060547,24.299999237060547,24.5,227000.0,25.3,25.3,24.3,24.5,227,5574150.0,3.0155709637768487e-08,3.0155709637768487e-08,3.139668534302645e-08,0.0,999.0
3021,2026-07-16,24.649999618530273,24.649999618530273,23.200000762939453,23.600000381469727,321000.0,24.65,24.65,23.2,23.6,321,7583500.0,1.547544523900262e-08,1.547544523900262e-08,3.2885321286014776e-08,1.6163971404297226e-08,999.0
3021,2026-07-17,23.200000762939453,23.200000762939453,21.450000762939453,21.75,330000.0,23.2,23.2,21.45,21.75,330,7263250.0,3.2885321286014776e-08,3.2885321286014776e-08,3.556827290608591e-08,0.0,999.0
3021,2026-07-20,21.450000762939453,21.75,20.0,21.25,344009.0,21.45,21.75,20.0,21.25,343,7206300.0,3.556827290608591e-08,0.0,0.0,0.0,1001.9416909620991
3021,2026-07-21,21.399999618530273,21.899999618530273,20.700000762939453,21.399999618530273,273000.0,21.4,21.9,20.7,21.4,272,5808450.0,1.7825688090720306e-08,1.7418708910566875e-08,3.6856978446161486e-08,1.7825688090720306e-08,1002.6764705882352
3021,2026-07-22,21.850000381469727,23.5,21.850000381469727,23.5,240122.0,21.85,23.5,21.85,23.5,240,5493650.0,1.7458568656357644e-08,0.0,1.7458568656357644e-08,0.0,999.5083333333333
3021,2026-07-23,24.100000381469727,24.350000381469727,21.799999237060547,22.399999618530273,643399.0,24.1,24.35,21.8,22.4,643,14759400.0,1.5828619300473632e-08,1.566610780868232e-08,3.499722265300655e-08,1.7029898443813148e-08,999.6205287713841
3021,2026-07-24,21.75,22.049999237060547,21.0,21.450000762939453,499000.0,21.75,22.05,21.0,21.45,499,10703100.0,0.0,3.4600428745376086e-08,0.0,3.556827290608591e-08,999.0
3021,2026-07-27,21.549999237060547,22.200000762939453,21.0,21.350000381469727,249000.0,21.55,22.2,21.0,21.35,249,5331600.0,3.540322291580245e-08,3.436664206466409e-08,0.0,1.786743443285314e-08,999.0
3021,2026-07-28,21.100000381469727,21.100000381469727,20.0,20.299999237060547,341000.0,21.1,21.1,20.0,20.3,340,6931800.0,1.8079133892958033e-08,1.8079133892958033e-08,0.0,3.758322432687402e-08,1001.9411764705883
3021,2026-07-29,20.75,20.75,19.0,20.100000381469727,368000.0,20.75,20.75,19.0,20.1,367,7185500.0,0.0,0.0,0.0,1.8978593290617636e-08,1001.724795640327
3021,2026-07-30,19.450000762939453,20.049999237060547,18.899999618530273,19.100000381469727,353000.0,19.45,20.05,18.9,19.1,353,6845900.0,3.9225678860439216e-08,3.805184308406697e-08,2.0183583340815585e-08,1.9972236918398664e-08,999.0
3021,2026-07-31,20.0,20.450000762939453,19.899999618530273,20.149999618530273,282000.0,20.0,20.45,19.9,20.15,282,5679150.0,0.0,3.7307552754794264e-08,1.9169332921679123e-08,1.893150000701809e-08,999.0
3021,2026-08-03,19.549999237060547,20.5,19.549999237060547,20.149999618530273,162000.0,19.55,20.5,19.55,20.15,162,3270300.0,3.902503600181804e-08,0.0,3.902503600181804e-08,1.893150000701809e-08,999.0
3021,2026-08-04,20.450000762939453,21.600000381469727,20.149999618530273,21.299999237060547,378000.0,20.45,21.6,20.15,21.3,378,7972450.0,3.7307552754794264e-08,1.7660635423213634e-08,1.893150000701809e-08,3.581875370119919e-08,999.0
3021,2026-08-05,21.299999237060547,22.0,20.950000762939453,21.049999237060547,288814.0,21.3,22.0,20.95,21.05,286,6082250.0,3.581875370119919e-08,0.0,3.641715770098056e-08,3.6244154576510344e-08,1008.8391608391609
3021,2026-08-06,21.0,21.049999237060547,20.25,20.75,135000.0,21.0,21.05,20.25,20.75,135,2778450.0,0.0,3.6244154576510344e-08,0.0,0.0,999.0
3021,2026-08-07,20.75,21.200000762939453,20.600000381469727,20.700000762939453,159000.0,20.75,21.2,20.6,20.7,158,3304550.0,0.0,3.5987710086582204e-08,1.851794782239876e-08,3.6856978446161486e-08,1005.3291139240506
3021,2026-08-10,20.850000381469727,21.149999618530273,20.850000381469727,21.0,89000.0,20.85,21.15,20.85,21.0,89,1870050.0,1.8295910078724915e-08,1.8036393623707546e-08,1.8295910078724915e-08,0.0,999.0
3021,2026-08-11,21.149999618530273,21.350000381469727,20.799999237060547,21.100000381469727,131000.0,21.15,21.35,20.8,21.1,131,2759250.0,1.8036393623707546e-08,1.786743443285314e-08,3.667978143440109e-08,1.8079133892958033e-08,999.0
3021,2026-08-12,21.149999618530273,21.5,21.0,21.049999237060547,129000.0,21.15,21.5,21.0,21.05,128,2711550.0,1.8036393623707546e-08,0.0,0.0,3.6244154576510344e-08,1006.8125
3021,2026-08-13,21.850000381469727,21.950000762939453,20.799999237060547,20.850000381469727,156000.0,21.85,21.95,20.8,20.85,156,3290650.0,1.7458568656357644e-08,3.475806167815685e-08,3.667978143440109e-08,1.8295910078724915e-08,999.0
3021,2026-08-14,20.600000381469727,20.700000762939453,20.350000381469727,20.450000762939453,82105.0,20.6,20.7,20.35,20.45,81,1660150.0,1.851794782239876e-08,3.6856978446161486e-08,1.8745441038890146e-08,3.7307552754794264e-08,1012.641975308642
3021,2026-08-17,20.299999237060547,20.649999618530273,20.25,20.399999618530273,59000.0,20.3,20.65,20.25,20.4,59,1203350.0,3.758322432687402e-08,1.8473110176339688e-08,0.0,1.8699496330461497e-08,999.0
3021,2026-08-18,20.350000381469727,20.700000762939453,19.899999618530273,19.950000762939453,200000.0,20.35,20.7,19.9,19.95,200,4013850.0,1.8745441038890146e-08,3.6856978446161486e-08,1.9169332921679123e-08,3.82425791396262e-08,999.0
3021,2026-08-19,20.0,20.100000381469727,19.799999237060547,19.950000762939453,70000.0,20.0,20.1,19.8,19.95,70,1396400.0,0.0,1.8978593290617636e-08,3.8532295648259734e-08,3.82425791396262e-08,999.0
3043,2026-05-25,21.799999237060547,21.799999237060547,21.0,21.049999237060547,282450.0,21.8,21.8,21.0,21.05,282,5996250.0,3.499722265300655e-08,3.499722265300655e-08,0.0,3.6244154576510344e-08,1000.5957446808511
3043,2026-05-26,21.049999237060547,21.100000381469727,20.600000381469727,20.700000762939453,157110.0,21.05,21.1,20.6,20.7,156,3250650.0,3.6244154576510344e-08,1.8079133892958033e-08,1.851794782239876e-08,3.6856978446161486e-08,1006.1153846153846
3043,2026-05-27,20.850000381469727,21.149999618530273,20.549999237060547,20.549999237060547,149428.0,20.85,21.15,20.55,20.55,149,3098500.0,1.8295910078724915e-08,1.8036393623707546e-08,3.712600748591449e-08,3.712600748591449e-08,1001.8724832214765
3043,2026-05-28,20.600000381469727,22.149999618530273,20.600000381469727,20.799999237060547,398290.0,20.6,22.15,20.6,20.8,397,8462000.0,1.851794782239876e-08,1.7222109487197045e-08,1.851794782239876e-08,3.667978143440109e-08,1002.2493702770781
3043,2026-05-29,21.200000762939453,21.200000762939453,20.399999618530273,21.0,166156.0,21.2,21.2,20.4,21.0,164,3407100.0,3.5987710086582204e-08,3.5987710086582204e-08,1.8699496330461497e-08,0.0,1012.1463414634146
3043,2026-06-01,21.0,21.799999237060547,20.799999237060547,21.549999237060547,405000.0,21.0,21.8,20.8,21.55,404,8692950.0,0.0,3.499722265300655e-08,3.667978143440109e-08,3.540322291580245e-08,1001.4752475247525
3043,2026-06-02,21.700000762939453,21.799999237060547,21.149999618530273,21.549999237060547,160100.0,21.7,21.8,21.15,21.55,160,3420500.0,3.515850017675312e-08,3.499722265300655e-08,1.8036393623707546e-08,3.540322291580245e-08,999.625
3043,2026-06-03,21.649999618530273,22.25,21.200000762939453,22.0,358909.0,21.65,22.25,21.2,22.0,358,7774900.0,1.7619848736323997e-08,0.0,3.5987710086582204e-08,0.0,1001.5391061452514
3043,2026-06-04,21.850000381469727,24.200000762939453,21.799999237060547,24.200000762939453,1175205.0,21.85,24.2,21.8,24.2,1168,27436450.0,1.7458568656357644e-08,3.152642371221251e-08,3.499722265300655e-08,3.152642371221251e-08,1005.1686643835617
3043,2026-06-05,24.299999237060547,24.600000381469727,22.350000381469727,22.350000381469727,1714500.0,24.3,24.6,22.35,22.35,1712,40131850.0,3.139668534302645e-08,1.550689939599246e-08,1.7067996650622573e-08,1.7067996650622573e-08,1000.4602803738318
3043,2026-06-08,21.049999237060547,24.149999618530273,20.600000381469727,23.850000381469727,1207524.0,21.05,24.15,20.6,23.85,1206,27989100.0,3.6244154576510344e-08,1.579584783194263e-08,1.851794782239876e-08,1.5994537741778387e-08,1000.2636815920398
3043,2026-06-09,23.899999618530273,24.299999237060547,22.799999237060547,24.0,846303.0,23.9,24.3,22.8,24.0,844,20037750.0,1.5961076365749562e-08,3.139668534302645e-08,3.3462256747172925e-08,0.0,1001.7286729857819
3043,2026-06-10,23.799999237060547,24.0,22.799999237060547,22.850000381469727,388601.0,23.8,24.0,22.8,22.85,387,9068400.0,3.205627957292196e-08,0.0,3.3462256747172925e-08,1.6694517511659278e-08,1003.1369509043927
3043,2026-06-11,22.950000762939453,22.950000762939453,21.950000762939453,22.399999618530273,267100.0,22.95,22.95,21.95,22.4,267,5981850.0,3.324354918673389e-08,3.324354918673389e-08,3.475806167815685e-08,1.7029898443813148e-08,999.374531835206
3043,2026-06-12,22.799999237060547,23.350000381469727,22.799999237060547,22.950000762939453,225304.0,22.8,23.35,22.8,22.95,223,5129600.0,3.3462256747172925e-08,1.6337033196634454e-08,3.3462256747172925e-08,3.324354918673389e-08,1009.3318385650224
3043,2026-06-15,22.899999618530273,23.149999618530273,22.5,22.700000762939453,191310.0,22.9,23.15,22.5,22.7,191,4341750.0,1.665806660006177e-08,1.6478173872199334e-08,0.0,3.36096675698477e-08,1000.6230366492147
3043,2026-06-16,22.75,24.299999237060547,22.450000762939453,23.850000381469727,650311.0,22.75,24.3,22.45,23.85,649,15334750.0,0.0,3.139668534302645e-08,3.398394003721794e-08,1.5994537741778387e-08,1001.020030816641
3043,2026-06-17,23.700000762939453,24.75,23.5,24.0,607856.0,23.7,24.75,23.5,24.0,607,14674450.0,3.219153813652079e-08,0.0,0.0,0.0,1000.4102141680395
3043,2026-06-18,24.0,24.600000381469727,23.5,23.799999237060547,397818.0,24.0,24.6,23.5,23.8,397,9456850.0,0.0,1.550689939599246e-08,0.0,3.205627957292196e-08,1001.0604534005038
3043,2026-06-22,23.799999237060547,23.799999237060547,23.100000381469727,23.350000381469727,314781.0,23.8,23.8,23.1,23.35,314,7318150.0,3.205627957292196e-08,3.205627957292196e-08,1.651384091521275e-08,1.6337033196634454e-08,1001.4872611464968
3043,2026-06-23,23.350000381469727,23.5,22.649999618530273,22.700000762939453,233321.0,23.35,23.5,22.65,22.7,233,5335550.0,1.6337033196634454e-08,0.0,1.6841930469819626e-08,3.36096675698477e-08,1000.3776824034335
3043,2026-06-24,22.450000762939453,23.0,22.450000762939453,22.700000762939453,125002.0,22.45,23.0,22.45,22.7,125,2839100.0,3.398394003721794e-08,0.0,3.398394003721794e-08,3.36096675698477e-08,999.016
3043,2026-06-25,22.799999237060547,23.149999618530273,22.549999237060547,22.600000381469727,96300.0,22.8,23.15,22.55,22.6,96,2184150.0,3.3462256747172925e-08,1.6478173872199334e-08,3.383323520335001e-08,1.6879191377938696e-08,1002.125
3043,2026-06-26,22.5,22.5,21.399999618530273,21.5,248000.0,22.5,22.5,21.4,21.5,248,5414950.0,0.0,0.0,1.7825688090720306e-08,0.0,999.0
3043,2026-06-29,21.649999618530273,22.0,21.399999618530273,21.850000381469727,77416.0,21.65,22.0,21.4,21.85,77,1672950.0,1.7619848736323997e-08,0.0,1.7825688090720306e-08,1.7458568656357644e-08,1004.4025974025974
3043,2026-06-30,22.350000381469727,22.350000381469727,21.899999618530273,22.200000762939453,51001.0,22.35,22.35,21.9,22.2,45,994350.0,1.7067996650622573e-08,1.7067996650622573e-08,1.7418708910566875e-08,3.436664206466409e-08,1132.3555555555556
3043,2026-07-01,22.100000381469727,22.25,21.600000381469727,21.600000381469727,95202.0,22.1,22.25,21.6,21.6,95,2069750.0,1.726107353581061e-08,0.0,1.7660635423213634e-08,1.7660635423213634e-08,1001.1263157894737
3043,2026-07-02,22.100000381469727,23.649999618530273,21.600000381469727,23.0,779603.0,22.1,23.65,21.6,23.0,778,17915700.0,1.726107353581061e-08,1.612979810323106e-08,1.7660635423213634e-08,0.0,1001.0604113110539
3043,2026-07-03,23.0,23.200000762939453,22.75,23.0,248701.0,23.0,23.2,22.75,23.0,246,5653500.0,0.0,3.2885321286014776e-08,0.0,0.0,1009.979674796748
3043,2026-07-06,23.399999618530273,23.799999237060547,23.049999237060547,23.049999237060547,181889.0,23.4,23.8,23.05,23.05,181,4227850.0,1.6302125006043358e-08,3.205627957292196e-08,3.309932554601053e-08,3.309932554601053e-08,1003.9116022099447
3043,2026-07-07,23.049999237060547,23.049999237060547,21.899999618530273,21.899999618530273,167500.0,23.05,23.05,21.9,21.9,167,3739150.0,3.309932554601053e-08,3.309932554601053e-08,1.7418708910566875e-08,1.7418708910566875e-08,1001.9940119760479
3043,2026-07-08,22.0,22.100000381469727,21.600000381469727,21.850000381469727,79400.0,22.0,22.1,21.6,21.85,79,1719250.0,0.0,1.726107353581061e-08,1.7660635423213634e-08,1.7458568656357644e-08,1004.0632911392405
3043,2026-07-09,21.700000762939453,21.950000762939453,21.549999237060547,21.649999618530273,77214.0,21.7,21.95,21.55,21.65,77,1673450.0,3.515850017675312e-08,3.475806167815685e-08,3.540322291580245e-08,1.7619848736323997e-08,1001.7792207792207
3043,2026-07-13,22.350000381469727,23.200000762939453,22.350000381469727,22.799999237060547,240580.0,22.35,23.2,22.35,22.8,233,5278800.0,1.7067996650622573e-08,3.2885321286014776e-08,1.7067996650622573e-08,3.3462256747172925e-08,1031.5321888412018
3043,2026-07-14,23.149999618530273,23.149999618530273,21.549999237060547,21.799999237060547,176525.0,23.15,23.15,21.55,21.8,176,3879000.0,1.6478173872199334e-08,1.6478173872199334e-08,3.540322291580245e-08,3.499722265300655e-08,1001.9829545454545
3043,2026-07-15,22.299999237060547,22.850000381469727,22.200000762939453,22.399999618530273,92230.0,22.3,22.85,22.2,22.4,91,2040300.0,3.421253156213196e-08,1.6694517511659278e-08,3.436664206466409e-08,1.7029898443813148e-08,1012.5164835164835
3043,2026-07-16,22.299999237060547,22.350000381469727,21.950000762939453,22.25,110401.0,22.3,22.35,21.95,22.25,110,2424150.0,3.421253156213196e-08,1.7067996650622573e-08,3.475806167815685e-08,0.0,1002.6454545454545
3043,2026-07-17,21.700000762939453,21.700000762939453,20.350000381469727,20.450000762939453,269351.0,21.7,21.7,20.35,20.45,269,5617250.0,3.515850017675312e-08,3.515850017675312e-08,1.8745441038890146e-08,3.7307552754794264e-08,1000.3048327137546
3043,2026-07-20,20.450000762939453,21.049999237060547,20.0,20.799999237060547,121204.0,20.45,21.05,20.0,20.8,121,2480950.0,3.7307552754794264e-08,3.6244154576510344e-08,0.0,3.667978143440109e-08,1000.6859504132232
3043,2026-07-21,20.649999618530273,21.25,20.649999618530273,21.0,63050.0,20.65,21.25,20.65,21.0,63,1323200.0,1.8473110176339688e-08,0.0,1.8473110176339688e-08,0.0,999.7936507936508
3043,2026-07-22,21.299999237060547,21.299999237060547,20.850000381469727,21.200000762939453,104097.0,21.3,21.3,20.85,21.2,103,2172150.0,3.581875370119919e-08,3.581875370119919e-08,1.8295910078724915e-08,3.5987710086582204e-08,1009.6504854368932
3043,2026-07-23,21.399999618530273,21.450000762939453,20.700000762939453,20.899999618530273,83300.0,21.4,21.45,20.7,20.9,83,1730950.0,1.7825688090720306e-08,3.556827290608591e-08,3.6856978446161486e-08,1.8252139958919357e-08,1002.6144578313254
3043,2026-07-24,20.899999618530273,21.049999237060547,20.549999237060547,20.75,42200.0,20.9,21.05,20.55,20.75,42,870150.0,1.8252139958919357e-08,3.6244154576510344e-08,3.712600748591449e-08,0.0,1003.7619047619048
3043,2026-07-27,20.450000762939453,20.700000762939453,20.299999237060547,20.700000762939453,53100.0,20.45,20.7,20.3,20.7,53,1085050.0,3.7307552754794264e-08,3.6856978446161486e-08,3.758322432687402e-08,3.6856978446161486e-08,1000.8867924528302
3043,2026-07-28,20.600000381469727,20.600000381469727,19.5,19.5,186400.0,20.6,20.6,19.5,19.5,185,3666250.0,1.851794782239876e-08,1.851794782239876e-08,0.0,0.0,1006.5675675675676
3043,2026-07-29,20.0,20.0,18.399999618530273,18.850000381469727,241500.0,20.0,20.0,18.4,18.85,241,4564400.0,0.0,0.0,2.0732050279424704e-08,2.0237120697157266e-08,1001.0746887966804
3043,2026-07-30,18.5,19.350000381469727,18.350000381469727,18.649999618530273,136210.0,18.5,19.35,18.35,18.65,136,2557100.0,0.0,1.9714197681726848e-08,2.0788540879641116e-08,2.045414075825279e-08,1000.5441176470588
3043,2026-07-31,19.399999618530273,19.549999237060547,18.899999618530273,19.5,41400.0,19.4,19.55,18.9,19.5,41,791100.0,1.966338789388735e-08,3.902503600181804e-08,2.0183583340815585e-08,0.0,1008.7560975609756
3043,2026-08-03,19.5,19.799999237060547,19.5,19.700000762939453,52789.0,19.5,19.8,19.5,19.7,52,1017650.0,0.0,3.8532295648259734e-08,0.0,3.8727891057641766e-08,1014.1730769230769
3043,2026-08-04,19.75,20.0,19.600000381469727,19.700000762939453,49110.0,19.75,20.0,19.6,19.7,47,931250.0,0.0,0.0,1.9462741078643598e-08,3.8727891057641766e-08,1043.8936170212767
3043,2026-08-05,20.25,20.450000762939453,19.899999618530273,20.25,69598.0,20.25,20.45,19.9,20.25,69,1391400.0,0.0,3.7307552754794264e-08,1.9169332921679123e-08,0.0,1007.6666666666666
3043,2026-08-06,20.25,20.25,19.899999618530273,20.049999237060547,33600.0,20.25,20.25,19.9,20.05,33,660200.0,0.0,0.0,1.9169332921679123e-08,3.805184308406697e-08,1017.1818181818181
3043,2026-08-07,20.0,20.299999237060547,19.399999618530273,19.950000762939453,44200.0,20.0,20.3,19.4,19.95,44,874700.0,0.0,3.758322432687402e-08,1.966338789388735e-08,3.82425791396262e-08,1003.5454545454545
3043,2026-08-10,20.200000762939453,20.799999237060547,20.200000762939453,20.600000381469727,83576.0,20.2,20.8,20.2,20.6,83,1702250.0,3.7769279892848653e-08,3.667978143440109e-08,3.7769279892848653e-08,1.851794782239876e-08,1005.9397590361446
3043,2026-08-11,20.600000381469727,20.700000762939453,20.200000762939453,20.350000381469727,30301.0,20.6,20.7,20.2,20.35,30,613400.0,1.851794782239876e-08,3.6856978446161486e-08,3.7769279892848653e-08,1.8745441038890146e-08,1009.0333333333333
3043,2026-08-12,20.450000762939453,20.75,20.450000762939453,20.600000381469727,81887.0,20.45,20.75,20.45,20.6,81,1663200.0,3.7307552754794264e-08,0.0,3.7307552754794264e-08,1.851794782239876e-08,1009.9506172839506
3043,2026-08-13,21.0,21.549999237060547,20.600000381469727,20.600000381469727,184665.0,21.0,21.55,20.6,20.6,183,3823100.0,0.0,3.540322291580245e-08,1.851794782239876e-08,1.851794782239876e-08,1008.0983606557377
3043,2026-08-14,20.799999237060547,21.549999237060547,20.299999237060547,21.149999618530273,176800.0,20.8,21.55,20.3,21.15,176,3691950.0,3.667978143440109e-08,3.540322291580245e-08,3.758322432687402e-08,1.8036393623707546e-08,1003.5454545454545
3043,2026-08-17,21.549999237060547,22.0,21.299999237060547,21.350000381469727,103276.0,21.55,22.0,21.3,21.35,103,2219300.0,3.540322291580245e-08,0.0,3.581875370119919e-08,1.786743443285314e-08,1001.6796116504854
3043,2026-08-18,21.399999618530273,21.600000381469727,21.0,21.149999618530273,66272.0,21.4,21.6,21.0,21.15,66,1403600.0,1.7825688090720306e-08,1.7660635423213634e-08,0.0,1.8036393623707546e-08,1003.1212121212121
3043,2026-08-19,21.649999618530273,21.649999618530273,20.850000381469727,21.049999237060547,64300.0,21.65,21.65,20.85,21.05,64,1351550.0,1.7619848736323997e-08,1.7619848736323997e-08,1.8295910078724915e-08,3.6244154576510344e-08,1003.6875
3130,2026-05-25,221.0,221.0,220.5,220.5,23070.0,221.0,221.0,220.5,220.5,23,5080000.0,0.0,0.0,0.0,0.0,1002.0434782608696
3130,2026-05-26,222.0,222.0,220.5,221.5,16009.0,222.0,222.0,220.5,221.5,16,3537500.0,0.0,0.0,0.0,0.0,999.5625
3130,2026-05-27,221.0,221.5,220.5,221.5,36040.0,221.0,221.5,220.5,221.5,36,7945000.0,0.0,0.0,0.0,0.0,1000.1111111111111
3130,2026-05-28,221.5,221.5,220.0,221.0,33028.0,221.5,221.5,220.0,221.0,33,7285500.0,0.0,0.0,0.0,0.0,999.8484848484849
3130,2026-05-29,220.0,221.0,220.0,220.5,24011.0,220.0,221.0,220.0,220.5,24,5293000.0,0.0,0.0,0.0,0.0,999.4583333333334
3130,2026-06-01,220.5,221.5,220.0,221.5,55000.0,220.5,221.5,220.0,221.5,55,12128000.0,0.0,0.0,0.0,0.0,999.0
3130,2026-06-02,220.5,221.5,220.5,221.5,28016.0,220.5,221.5,220.5,221.5,28,6180000.0,0.0,0.0,0.0,0.0,999.5714285714286
3130,2026-06-03,221.5,221.5,221.0,221.5,23050.0,221.5,221.5,221.0,221.5,23,5087500.0,0.0,0.0,0.0,0.0,1001.1739130434783
3130,2026-06-04,221.5,222.0,220.5,222.0,47001.0,221.5,222.0,220.5,222.0,46,10166000.0,0.0,0.0,0.0,0.0,1020.7608695652174
3130,2026-06-05,222.0,222.5,222.0,222.0,32178.0,222.0,222.5,222.0,222.0,32,7106000.0,0.0,0.0,0.0,0.0,1004.5625
3130,2026-06-08,222.0,222.0,219.0,221.5,56148.0,222.0,222.0,219.0,221.5,56,12359500.0,0.0,0.0,0.0,0.0,1001.6428571428571
3130,2026-06-09,221.0,222.5,221.0,221.5,41002.0,221.0,222.5,221.0,221.5,41,9084500.0,0.0,0.0,0.0,0.0,999.0487804878048
3130,2026-06-10,221.5,223.0,221.5,222.5,34045.0,221.5,223.0,221.5,222.5,34,7563000.0,0.0,0.0,0.0,0.0,1000.3235294117648
3130,2026-06-11,222.5,223.5,221.5,223.5,35099.0,222.5,223.5,221.5,223.5,34,7569000.0,0.0,0.0,0.0,0.0,1031.3235294117646
3130,2026-06-12,223.5,224.0,223.0,224.0,33000.0,223.5,224.0,223.0,224.0,33,7374000.0,0.0,0.0,0.0,0.0,999.0
3130,2026-06-15,224.0,227.5,224.0,227.0,51001.0,224.0,227.5,224.0,227.0,51,11504000.0,0.0,0.0,0.0,0.0,999.0196078431372
3130,2026-06-16,226.5,226.5,225.0,225.5,26710.0,226.5,226.5,225.0,225.5,26,5868500.0,0.0,0.0,0.0,0.0,1026.3076923076924
3130,2026-06-17,225.0,225.0,224.0,224.0,12109.0,225.0,225.0,224.0,224.0,12,2691000.0,0.0,0.0,0.0,0.0,1008.0833333333334
3130,2026-06-18,224.0,224.5,223.0,224.0,51000.0,224.0,224.5,223.0,224.0,51,11419500.0,0.0,0.0,0.0,0.0,999.0
3130,2026-06-22,224.0,224.0,222.5,223.5,41014.0,224.0,224.0,222.5,223.5,41,9144000.0,0.0,0.0,0.0,0.0,999.3414634146342
3130,2026-06-23,223.0,223.5,222.5,223.5,35035.0,223.0,223.5,222.5,223.5,35,7798500.0,0.0,0.0,0.0,0.0,1000.0
3130,2026-06-24,222.5,223.5,222.0,222.5,57031.0,222.5,223.5,222.0,222.5,57,12686000.0,0.0,0.0,0.0,0.0,999.5438596491229
3130,2026-06-25,222.5,223.0,221.0,221.5,60133.0,222.5,223.0,221.0,221.5,60,13312000.0,0.0,0.0,0.0,0.0,1001.2166666666667
3130,2026-06-26,221.0,221.0,220.0,220.5,81565.0,221.0,221.0,220.0,220.5,81,17879000.0,0.0,0.0,0.0,0.0,1005.9753086419753
3130,2026-06-29,221.0,222.0,221.0,221.0,37000.0,221.0,222.0,221.0,221.0,37,8192000.0,0.0,0.0,0.0,0.0,999.0
3130,2026-06-30,221.5,222.5,220.0,222.5,87000.0,221.5,222.5,220.0,222.5,87,19231000.0,0.0,0.0,0.0,0.0,999.0
3130,2026-07-01,222.5,223.0,222.0,222.5,46003.0,222.5,223.0,222.0,222.5,46,10231500.0,0.0,0.0,0.0,0.0,999.0652173913044
3130,2026-07-02,222.5,222.5,221.0,221.5,46120.0,222.5,222.5,221.0,221.5,46,10185500.0,0.0,0.0,0.0,0.0,1001.6086956521739
3130,2026-07-03,221.5,222.0,221.0,221.0,56207.0,221.5,222.0,221.0,221.0,56,12398000.0,0.0,0.0,0.0,0.0,1002.6964285714286
3130,2026-07-06,221.0,221.5,220.5,221.0,90142.0,221.0,221.5,220.5,221.0,90,19892000.0,0.0,0.0,0.0,0.0,1000.5777777777778
3130,2026-07-07,221.0,221.0,220.5,220.5,45020.0,221.0,221.0,220.5,220.5,45,9935000.0,0.0,0.0,0.0,0.0,999.4444444444445
3130,2026-07-08,220.5,221.0,220.0,220.5,59000.0,220.5,221.0,220.0,220.5,59,13010500.0,0.0,0.0,0.0,0.0,999.0
3130,2026-07-09,220.5,221.0,220.0,220.5,57000.0,220.5,221.0,220.0,220.5,57,12582000.0,0.0,0.0,0.0,0.0,999.0
3130,2026-07-13,220.5,222.5,220.5,221.0,171031.0,220.5,222.5,220.5,221.0,171,37812500.0,0.0,0.0,0.0,0.0,999.1812865497076
3130,2026-07-14,207.5,207.5,203.0,204.0,286262.0,207.5,207.5,203.0,204.0,285,58451500.0,0.0,0.0,0.0,0.0,1003.4280701754386
3130,2026-07-15,206.0,206.0,203.5,204.0,70500.0,206.0,206.0,203.5,204.0,70,14297000.0,0.0,0.0,0.0,0.0,1006.1428571428571
3130,2026-07-16,205.5,205.5,203.5,203.5,100065.0,205.5,205.5,203.5,203.5,100,20429500.0,0.0,0.0,0.0,0.0,999.65
3130,2026-07-17,205.0,205.5,203.0,203.5,101273.0,205.0,205.5,203.0,203.5,101,20601500.0,0.0,0.0,0.0,0.0,1001.7029702970297
3130,2026-07-20,205.0,205.0,202.5,203.0,65005.0,205.0,205.0,202.5,203.0,65,13216000.0,0.0,0.0,0.0,0.0,999.0769230769231
3130,2026-07-21,204.0,204.0,202.5,203.5,46000.0,204.0,204.0,202.5,203.5,46,9349500.0,0.0,0.0,0.0,0.0,999.0
3130,2026-07-22,204.5,206.0,204.5,205.0,238113.0,204.5,206.0,204.5,205.0,238,48867000.0,0.0,0.0,0.0,0.0,999.4747899159664
3130,2026-07-23,205.5,206.5,205.0,206.0,168028.0,205.5,206.5,205.0,206.0,168,34599000.0,0.0,0.0,0.0,0.0,999.1666666666666
3130,2026-07-24,206.5,207.0,205.0,206.0,197122.0,206.5,207.0,205.0,206.0,197,40577500.0,0.0,0.0,0.0,0.0,999.6192893401015
3130,2026-07-27,206.0,207.0,205.5,206.0,112025.0,206.0,207.0,205.5,206.0,112,23108000.0,0.0,0.0,0.0,0.0,999.2232142857143
3130,2026-07-28,206.0,206.0,205.0,205.0,40144.0,206.0,206.0,205.0,205.0,40,8209500.0,0.0,0.0,0.0,0.0,1002.6
3130,2026-07-29,204.5,206.0,204.5,205.0,69200.0,204.5,206.0,204.5,205.0,69,14140500.0,0.0,0.0,0.0,0.0,1001.8985507246376
3130,2026-07-30,205.5,205.5,203.5,203.5,46029.0,205.5,205.5,203.5,203.5,46,9411000.0,0.0,0.0,0.0,0.0,999.6304347826087
3130,2026-07-31,204.0,204.0,203.0,203.0,42116.0,204.0,204.0,203.0,203.0,42,8548500.0,0.0,0.0,0.0,0.0,1001.7619047619048
3130,2026-08-03,203.0,204.0,202.5,203.0,66292.0,203.0,204.0,202.5,203.0,66,13418500.0,0.0,0.0,0.0,0.0,1003.4242424242424
3130,2026-08-04,202.5,204.0,202.5,203.5,32000.0,202.5,204.0,202.5,203.5,32,6500000.0,0.0,0.0,0.0,0.0,999.0
3130,2026-08-05,204.0,204.0,203.5,204.0,22762.0,204.0,204.0,203.5,204.0,22,4483000.0,0.0,0.0,0.0,0.0,1033.6363636363637
3130,2026-08-06,204.0,204.0,202.5,203.0,41165.0,204.0,204.0,202.5,203.0,41,8326000.0,0.0,0.0,0.0,0.0,1003.0243902439024
3130,2026-08-07,203.5,204.0,203.0,203.5,50001.0,203.5,204.0,203.0,203.5,50,10183500.0,0.0,0.0,0.0,0.0,999.02
3130,2026-08-10,204.0,204.0,202.5,202.5,42204.0,204.0,204.0,202.5,202.5,42,8542000.0,0.0,0.0,0.0,0.0,1003.8571428571429
3130,2026-08-11,202.5,203.5,202.5,203.0,37129.0,202.5,203.5,202.5,203.0,37,7516500.0,0.0,0.0,0.0,0.0,1002.4864864864865
3130,2026-08-12,203.5,207.0,203.0,207.0,133094.0,203.5,207.0,203.0,207.0,133,27302000.0,0.0,0.0,0.0,0.0,999.7067669172932
3130,2026-08-13,213.0,213.5,209.5,210.5,179365.0,213.0,213.5,209.5,210.5,179,37701000.0,0.0,0.0,0.0,0.0,1001.0391061452514
3130,2026-08-14,210.5,213.0,210.0,211.0,200023.0,210.5,213.0,210.0,211.0,200,42299000.0,0.0,0.0,0.0,0.0,999.115
3130,2026-08-17,212.0,215.0,211.5,214.0,196050.0,212.0,215.0,211.5,214.0,196,41729000.0,0.0,0.0,0.0,0.0,999.2551020408164
3130,2026-08-18,214.0,214.0,209.5,212.0,76199.0,214.0,214.0,209.5,212.0,76,16108500.0,0.0,0.0,0.0,0.0,1001.6184210526316
3130,2026-08-19,211.0,213.0,209.5,211.5,148745.0,211.0,213.0,209.5,211.5,148,31330000.0,0.0,0.0,0.0,0.0,1004.0337837837837
3346,2026-05-25,16.350000381469727,16.399999618530273,15.75,16.0,606858.0,16.35,16.4,15.75,16.0,605,9669900.0,2.333148166002535e-08,2.326034909398869e-08,0.0,0.0,1002.0710743801653
3346,2026-05-26,16.049999237060547,16.299999237060547,15.800000190734863,16.149999618530273,374449.0,16.05,16.3,15.8,16.15,374,5959650.0,4.753516846327369e-08,4.6806101462303235e-08,1.2071826744981471e-08,2.362041641742505e-08,1000.2005347593583
3346,2026-05-27,16.25,17.75,16.100000381469727,17.75,1304341.0,16.25,17.75,16.1,17.75,1303,22763150.0,0.0,0.0,2.3693771747913943e-08,0.0,1000.0291634689179
3346,2026-05-28,19.5,19.5,19.5,19.5,699202.0,19.5,19.5,19.5,19.5,698,13611000.0,0.0,0.0,0.0,0.0,1000.7220630372493
3346,2026-05-29,21.450000762939453,21.450000762939453,21.450000762939453,21.450000762939453,912000.0,21.45,21.45,21.45,21.45,912,19562400.0,3.556827290608591e-08,3.556827290608591e-08,3.556827290608591e-08,3.556827290608591e-08,999.0
3346,2026-06-01,23.549999237060547,23.549999237060547,23.549999237060547,23.549999237060547,1463966.0,23.55,23.55,23.55,23.55,1463,34453650.0,3.239657978070245e-08,3.239657978070245e-08,3.239657978070245e-08,3.239657978070245e-08,999.6602870813397
3346,2026-06-02,24.450000762939453,24.450000762939453,21.799999237060547,23.0,9893670.0,24.45,24.45,21.8,23.0,9891,228011600.0,3.120406764153549e-08,3.120406764153549e-08,3.499722265300655e-08,0.0,999.2699423718532
3346,2026-06-03,22.700000762939453,23.450000762939453,22.0,23.25,4001356.0,22.7,23.45,22.0,23.25,3996,91446150.0,3.36096675698477e-08,3.2534731506846176e-08,0.0,0.0,1000.3403403403404
3346,2026-06-04,25.0,25.549999237060547,24.350000381469727,25.549999237060547,4141241.0,25.0,25.55,24.35,25.55,4088,102973050.0,0.0,2.9860643985735526e-08,1.566610780868232e-08,2.9860643985735526e-08,1012.0237279843444
3346,2026-06-05,26.0,27.0,25.75,26.700000762939453,2751106.0,26.0,27.0,25.75,26.7,2745,72400750.0,0.0,0.0,0.0,2.8574511379608343e-08,1001.224408014572
3346,2026-06-08,24.049999237060547,25.600000381469727,24.049999237060547,25.0,1559086.0,24.05,25.6,24.05,25.0,1556,37960000.0,3.172305421353608e-08,1.4901161138336505e-08,3.172305421353608e-08,0.0,1000.9832904884319
3346,2026-06-09,25.5,25.899999618530273,24.399999618530273,24.799999237060547,965562.0,25.5,25.9,24.4,24.8,964,24202600.0,0.0,1.4728560816270833e-08,1.5634005128746498e-08,3.076368765465898e-08,1000.6203319502075
3346,2026-06-10,25.0,25.5,24.299999237060547,24.299999237060547,835395.0,25.0,25.5,24.3,24.3,829,20665500.0,0.0,0.0,3.139668534302645e-08,3.139668534302645e-08,1006.714113389626
3346,2026-06-11,24.0,24.0,22.5,22.950000762939453,700332.0,24.0,24.0,22.5,22.95,699,16224450.0,0.0,0.0,0.0,3.324354918673389e-08,1000.9055793991416
3346,2026-06-12,24.0,24.0,23.450000762939453,23.600000381469727,406613.0,24.0,24.0,23.45,23.6,403,9518700.0,0.0,0.0,3.2534731506846176e-08,1.6163971404297226e-08,1007.9652605459057
3346,2026-06-15,24.549999237060547,25.100000381469727,24.049999237060547,25.100000381469727,636064.0,24.55,25.1,24.05,25.1,632,15513700.0,3.107696349635612e-08,1.5197997017586234e-08,3.172305421353608e-08,1.5197997017586234e-08,1005.4303797468355
3346,2026-06-16,25.450000762939453,25.450000762939453,24.5,24.75,456558.0,25.45,25.45,24.5,24.75,456,11375100.0,2.99779746104339e-08,2.99779746104339e-08,0.0,0.0,1000.2236842105264
3346,2026-06-17,24.5,25.100000381469727,24.200000762939453,24.5,592365.0,24.5,25.1,24.2,24.5,588,14460800.0,0.0,1.5197997017586234e-08,3.152642371221251e-08,0.0,1006.4234693877551
3346,2026-06-18,24.600000381469727,25.049999237060547,23.5,23.700000762939453,1700297.0,24.6,25.05,23.5,23.7,1698,40992450.0,1.550689939599246e-08,3.045666482377416e-08,0.0,3.219153813652079e-08,1000.3527679623086
3346,2026-06-22,23.75,25.5,23.700000762939453,25.0,1823586.0,23.75,25.5,23.7,25.0,1821,44930050.0,0.0,0.0,3.219153813652079e-08,0.0,1000.4200988467875
3346,2026-06-23,25.149999618530273,25.149999618530273,23.899999618530273,24.600000381469727,1374006.0,25.15,25.15,23.9,24.6,1372,33575400.0,1.5167782311785867e-08,1.5167782311785867e-08,1.5961076365749562e-08,1.550689939599246e-08,1000.4620991253644
3346,2026-06-24,24.299999237060547,25.450000762939453,24.100000381469727,25.049999237060547,1358750.0,24.3,25.45,24.1,25.05,1357,33781150.0,3.139668534302645e-08,2.99779746104339e-08,1.5828619300473632e-08,3.045666482377416e-08,1000.2896094325719
3346,2026-06-25,25.600000381469727,25.799999237060547,24.549999237060547,24.549999237060547,1415500.0,25.6,25.8,24.55,24.55,1414,35251250.0,1.4901161138336505e-08,2.9571296660292354e-08,3.107696349635612e-08,3.107696349635612e-08,1000.060820367751
3346,2026-06-26,24.600000381469727,24.600000381469727,23.700000762939453,23.899999618530273,1291001.0,24.6,24.6,23.7,23.9,1291,31084700.0,1.550689939599246e-08,1.550689939599246e-08,3.219153813652079e-08,1.5961076365749562e-08,999.0007745933385
3346,2026-06-29,24.049999237060547,25.450000762939453,23.899999618530273,24.700000762939453,1684440.0,24.05,25.45,23.9,24.7,1684,41982150.0,3.172305421353608e-08,2.99779746104339e-08,1.5961076365749562e-08,3.0888236997390395e-08,999.2612826603325
3346,2026-06-30,25.149999618530273,27.149999618530273,24.600000381469727,27.149999618530273,4678367.0,25.15,27.15,24.6,27.15,4573,119980500.0,1.5167782311785867e-08,1.4050450281451733e-08,1.550689939599246e-08,1.4050450281451733e-08,1022.0411108681391
3346,2026-07-01,28.299999237060547,28.299999237060547,26.100000381469727,26.649999618530273,5209084.0,28.3,28.3,26.1,26.65,5185,140013150.0,2.6958991301609282e-08,2.6958991301609282e-08,1.4615698281280249e-08,1.4314060980916117e-08,1003.6449373191899
3346,2026-07-02,26.350000381469727,29.299999237060547,26.350000381469727,29.299999237060547,5088525.0,26.35,29.3,26.35,29.3,5085,145087450.0,1.447702941713148e-08,2.6038889209404187e-08,1.447702941713148e-08,2.6038889209404187e-08,999.693215339233
3346,2026-07-03,30.0,30.899999618530273,28.25,29.149999618530273,6475912.0,30.0,30.9,28.25,29.15,6467,189227250.0,0.0,1.2345298548265843e-08,0.0,1.3086439970545953e-08,1000.3780732951909
3346,2026-07-06,29.200000762939453,29.75,27.850000381469727,28.25,2811317.0,29.2,29.75,27.85,28.25,2809,80180400.0,2.612806348751859e-08,0.0,1.3697297132546302e-08,0.0,999.8248487006052
3346,2026-07-07,28.25,28.700000762939453,26.899999618530273,27.25,2321855.0,28.25,28.7,26.9,27.25,2317,64117250.0,0.0,2.658325623120358e-08,1.4181030674402029e-08,0.0,1001.0953819594303
3346,2026-07-08,27.5,27.5,26.149999618530273,26.649999618530273,1162890.0,27.5,27.5,26.15,26.65,1159,30798500.0,0.0,0.0,1.4587752395465184e-08,1.4314060980916117e-08,1002.3563416738567
3346,2026-07-09,26.75,27.149999618530273,26.350000381469727,26.350000381469727,734500.0,26.75,27.15,26.35,26.35,733,19563600.0,0.0,1.4050450281451733e-08,1.447702941713148e-08,1.447702941713148e-08,1001.0463847203274
3346,2026-07-13,25.149999618530273,25.149999618530273,23.75,23.850000381469727,2700528.0,25.15,25.15,23.75,23.85,2696,64951750.0,1.5167782311785867e-08,1.5167782311785867e-08,0.0,1.5994537741778387e-08,1000.6795252225519
3346,2026-07-14,23.75,23.799999237060547,22.049999237060547,22.899999618530273,1179000.0,23.75,23.8,22.05,22.9,1177,26851050.0,0.0,3.205627957292196e-08,3.4600428745376086e-08,1.665806660006177e-08,1000.6992353440952
3346,2026-07-15,23.299999237060547,23.299999237060547,22.450000762939453,22.5,747100.0,23.3,23.3,22.45,22.5,722,16361150.0,3.2744182568049044e-08,3.2744182568049044e-08,3.398394003721794e-08,0.0,1033.764542936288
3346,2026-07-16,22.5,22.649999618530273,22.0,22.299999237060547,409016.0,22.5,22.65,22.0,22.3,409,9138800.0,0.0,1.6841930469819626e-08,0.0,3.421253156213196e-08,999.039119804401
3346,2026-07-17,22.100000381469727,22.100000381469727,20.649999618530273,20.700000762939453,1258600.0,22.1,22.1,20.65,20.7,1256,26575500.0,1.726107353581061e-08,1.726107353581061e-08,1.8473110176339688e-08,3.6856978446161486e-08,1001.0700636942676
3346,2026-07-20,20.700000762939453,21.0,19.899999618530273,20.5,600002.0,20.7,21.0,19.9,20.5,600,12287750.0,3.6856978446161486e-08,0.0,1.9169332921679123e-08,0.0,999.0033333333333
3346,2026-07-21,20.899999618530273,21.100000381469727,20.600000381469727,20.950000762939453,335018.0,20.9,21.1,20.6,20.95,333,6963650.0,1.8252139958919357e-08,1.8079133892958033e-08,1.851794782239876e-08,3.641715770098056e-08,1005.0600600600601
3346,2026-07-22,21.200000762939453,21.899999618530273,21.049999237060547,21.600000381469727,377000.0,21.2,21.9,21.05,21.6,377,8098200.0,3.5987710086582204e-08,1.7418708910566875e-08,3.6244154576510344e-08,1.7660635423213634e-08,999.0
3346,2026-07-23,21.600000381469727,21.899999618530273,20.75,21.0,353318.0,21.6,21.9,20.75,21.0,352,7403300.0,1.7660635423213634e-08,1.7418708910566875e-08,0.0,0.0,1002.7443181818181
3346,2026-07-24,20.850000381469727,21.25,20.600000381469727,20.700000762939453,353000.0,20.85,21.25,20.6,20.7,353,7340850.0,1.8295910078724915e-08,0.0,1.851794782239876e-08,3.6856978446161486e-08,999.0
3346,2026-07-27,20.700000762939453,20.799999237060547,20.25,20.450000762939453,275014.0,20.7,20.8,20.25,20.45,275,5633800.0,3.6856978446161486e-08,3.667978143440109e-08,0.0,3.7307552754794264e-08,999.050909090909
3346,2026-07-28,20.0,20.049999237060547,19.399999618530273,19.399999618530273,545000.0,20.0,20.05,19.4,19.4,545,10738550.0,0.0,3.805184308406697e-08,1.966338789388735e-08,1.966338789388735e-08,999.0
3346,2026-07-29,19.850000381469727,19.850000381469727,18.049999237060547,18.600000381469727,843158.0,19.85,19.85,18.05,18.6,842,15686250.0,1.9217618395033476e-08,1.9217618395033476e-08,4.2268113785902644e-08,2.050912500760293e-08,1000.375296912114
3346,2026-07-30,18.399999618530273,18.799999237060547,18.100000381469727,18.200000762939453,327010.0,18.4,18.8,18.1,18.2,327,6027400.0,2.0732050279424704e-08,4.0581885842316104e-08,2.1075675422177598e-08,4.191975021074411e-08,999.0305810397554
3346,2026-07-31,18.899999618530273,19.25,18.75,19.0,414745.0,18.9,19.25,18.75,19.0,414,7853350.0,2.0183583340815585e-08,0.0,0.0,0.0,1000.7995169082126
3346,2026-08-03,19.200000762939453,19.299999237060547,18.600000381469727,19.299999237060547,254101.0,19.2,19.3,18.6,19.3,254,4831500.0,3.973642988726785e-08,3.953054164950999e-08,2.050912500760293e-08,3.953054164950999e-08,999.3976377952756
3346,2026-08-04,19.299999237060547,19.850000381469727,19.100000381469727,19.850000381469727,210416.0,19.3,19.85,19.1,19.85,210,4118100.0,3.953054164950999e-08,1.9217618395033476e-08,1.9972236918398664e-08,1.9217618395033476e-08,1000.9809523809524
3346,2026-08-05,20.049999237060547,20.399999618530273,20.0,20.149999618530273,348048.0,20.05,20.4,20.0,20.15,348,7026350.0,3.805184308406697e-08,1.8699496330461497e-08,0.0,1.893150000701809e-08,999.1379310344828
3346,2026-08-06,20.200000762939453,20.700000762939453,19.75,20.700000762939453,408032.0,20.2,20.7,19.75,20.7,408,8272050.0,3.7769279892848653e-08,3.6856978446161486e-08,0.0,3.6856978446161486e-08,999.0784313725491
3346,2026-08-07,20.950000762939453,21.200000762939453,20.600000381469727,20.799999237060547,322077.0,20.95,21.2,20.6,20.8,321,6690750.0,3.641715770098056e-08,3.5987710086582204e-08,1.851794782239876e-08,3.667978143440109e-08,1002.3551401869158
3346,2026-08-10,20.75,20.899999618530273,20.25,20.850000381469727,307003.0,20.75,20.9,20.25,20.85,306,6272600.0,0.0,1.8252139958919357e-08,0.0,1.8295910078724915e-08,1002.2777777777778
3346,2026-08-11,20.850000381469727,21.100000381469727,20.549999237060547,21.0,210300.0,20.85,21.1,20.55,21.0,210,4371450.0,1.8295910078724915e-08,1.8079133892958033e-08,3.712600748591449e-08,0.0,1000.4285714285714
3346,2026-08-12,21.0,21.450000762939453,21.0,21.450000762939453,211347.0,21.0,21.45,21.0,21.45,211,4486050.0,0.0,3.556827290608591e-08,0.0,3.556827290608591e-08,1000.6445497630332
3346,2026-08-13,21.450000762939453,21.75,20.850000381469727,21.350000381469727,390347.0,21.45,21.75,20.85,21.35,390,8232400.0,3.556827290608591e-08,0.0,1.8295910078724915e-08,1.786743443285314e-08,999.8897435897436
3346,2026-08-14,21.100000381469727,21.100000381469727,20.299999237060547,20.450000762939453,301278.0,21.1,21.1,20.3,20.45,301,6188100.0,1.8079133892958033e-08,1.8079133892958033e-08,3.758322432687402e-08,3.7307552754794264e-08,999.9235880398671
3346,2026-08-17,20.200000762939453,20.350000381469727,20.049999237060547,20.299999237060547,262010.0,20.2,20.35,20.05,20.3,261,5255200.0,3.7769279892848653e-08,1.8745441038890146e-08,3.805184308406697e-08,3.758322432687402e-08,1002.8697318007663
3346,2026-08-18,20.299999237060547,20.299999237060547,19.799999237060547,19.799999237060547,239000.0,20.3,20.3,19.8,19.8,239,4773850.0,3.758322432687402e-08,3.758322432687402e-08,3.8532295648259734e-08,3.8532295648259734e-08,999.0
3346,2026-08-19,19.700000762939453,20.450000762939453,19.549999237060547,19.899999618530273,276000.0,19.7,20.45,19.55,19.9,276,5517350.0,3.8727891057641766e-08,3.7307552754794264e-08,3.902503600181804e-08,1.9169332921679123e-08,999.0
3532,2026-05-25,273.0,273.0,265.0,273.0,4393429.0,273.0,273.0,265.0,273.0,4390,1196446000.0,0.0,0.0,0.0,0.0,999.7810933940774
3532,2026-05-26,297.0,300.0,293.5,300.0,3532343.0,297.0,300.0,293.5,300.0,3530,1055847500.0,0.0,0.0,0.0,0.0,999.6637393767705
3532,2026-05-27,299.5,316.5,280.0,290.5,10523148.0,299.5,316.5,280.0,290.5,10509,3123799500.0,0.0,0.0,0.0,0.0,1000.3462746217527
3532,2026-05-28,290.5,316.5,281.0,290.0,10817360.0,290.5,316.5,281.0,290.0,10786,3219721500.0,0.0,0.0,0.0,0.0,1001.9074726497312
3532,2026-05-29,319.0,319.0,319.0,319.0,1540799.0,319.0,319.0,319.0,319.0,1423,453937000.0,0.0,0.0,0.0,0.0,1081.7821503865073
3532,2026-06-01,350.5,350.5,350.5,350.5,1046673.0,350.5,350.5,350.5,350.5,1045,366272500.0,0.0,0.0,0.0,0.0,1000.6009569377991
3532,2026-06-02,324.5,328.5,315.5,315.5,1449880.0,324.5,328.5,315.5,315.5,1445,464399500.0,0.0,0.0,0.0,0.0,1002.3771626297578
3532,2026-06-03,321.0,324.5,310.0,314.5,868258.0,321.0,324.5,310.0,314.5,867,274796000.0,0.0,0.0,0.0,0.0,1000.4509803921569
3532,2026-06-04,308.0,310.0,290.0,291.0,807873.0,308.0,310.0,290.0,291.0,806,237976000.0,0.0,0.0,0.0,0.0,1001.3238213399504
3532,2026-06-05,281.0,290.0,268.5,290.0,645071.0,281.0,290.0,268.5,290.0,637,179508500.0,0.0,0.0,0.0,0.0,1011.6703296703297
3532,2026-06-08,261.0,261.0,261.0,261.0,324618.0,261.0,261.0,261.0,261.0,322,84042000.0,0.0,0.0,0.0,0.0,1007.1304347826087
3532,2026-06-09,269.5,287.0,265.5,284.5,689318.0,269.5,287.0,265.5,284.5,689,193158000.0,0.0,0.0,0.0,0.0,999.4615384615385
3532,2026-06-10,274.5,283.5,270.0,270.0,887232.0,274.5,283.5,270.0,270.0,881,242587000.0,0.0,0.0,0.0,0.0,1006.0737797956867
3532,2026-06-11,268.0,297.0,266.0,297.0,1060889.0,268.0,297.0,266.0,297.0,1059,299496000.0,0.0,0.0,0.0,0.0,1000.7837582625118
3532,2026-06-12,326.5,326.5,304.5,326.5,11909933.0,326.5,326.5,304.5,326.5,11835,3811664000.0,0.0,0.0,0.0,0.0,1005.3314744402197
3532,2026-06-15,349.5,359.0,349.5,359.0,3394633.0,349.5,359.0,349.5,359.0,3392,1208302500.0,0.0,0.0,0.0,0.0,999.7762382075472
3532,2026-06-16,370.0,394.5,370.0,394.5,2347651.0,370.0,394.5,370.0,394.5,2343,912409500.0,0.0,0.0,0.0,0.0,1000.9850618864704
3532,2026-06-17,387.0,426.0,384.5,395.5,15155321.0,387.0,426.0,384.5,395.5,15116,6118253000.0,0.0,0.0,0.0,0.0,1001.6012834083091
3532,2026-06-18,390.5,395.0,372.0,390.0,6783798.0,390.5,395.0,372.0,390.0,6767,2605188000.0,0.0,0.0,0.0,0.0,1001.4823407713906
3532,2026-06-22,382.0,388.0,377.0,378.5,909872.0,382.0,388.0,377.0,378.5,904,344047500.0,0.0,0.0,0.0,0.0,1005.4955752212389
3532,2026-06-23,376.5,380.5,363.0,373.0,666196.0,376.5,380.5,363.0,373.0,651,242818000.0,0.0,0.0,0.0,0.0,1022.3425499231951
3532,2026-06-24,364.5,369.5,358.0,365.0,616130.0,364.5,369.5,358.0,365.0,602,218384000.0,0.0,0.0,0.0,0.0,1022.4717607973422
3532,2026-06-25,377.5,386.0,365.0,372.0,591174.0,377.5,386.0,365.0,372.0,588,219564500.0,0.0,0.0,0.0,0.0,1004.3979591836735
3532,2026-06-26,372.0,383.0,336.0,336.0,738249.0,372.0,383.0,336.0,336.0,734,258215000.0,0.0,0.0,0.0,0.0,1004.7888283378746
3532,2026-06-29,341.0,343.5,325.0,331.0,471529.0,341.0,343.5,325.0,331.0,469,156272500.0,0.0,0.0,0.0,0.0,1004.3923240938167
3532,2026-06-30,364.0,364.0,364.0,364.0,322211.0,364.0,364.0,364.0,364.0,322,117208000.0,0.0,0.0,0.0,0.0,999.6552795031056
3532,2026-07-01,400.0,400.0,400.0,400.0,1738934.0,400.0,400.0,400.0,400.0,1736,694400000.0,0.0,0.0,0.0,0.0,1000.6900921658986
3532,2026-07-02,399.0,414.5,394.0,407.0,1302807.0,399.0,414.5,394.0,407.0,1299,526653000.0,0.0,0.0,0.0,0.0,1001.9307159353349
3532,2026-07-03,393.5,443.5,393.5,440.0,944037.0,393.5,443.5,393.5,440.0,931,395387500.0,0.0,0.0,0.0,0.0,1013.0032223415682
3532,2026-07-06,455.0,484.0,406.0,406.0,15818553.0,455.0,484.0,406.0,406.0,15795,6983752000.0,0.0,0.0,0.0,0.0,1000.4911680911681
3532,2026-07-07,410.5,429.0,376.0,383.0,9191426.0,410.5,429.0,376.0,383.0,9180,3670307000.0,0.0,0.0,0.0,0.0,1000.2446623093682
3532,2026-07-08,387.0,420.0,375.5,409.5,6803037.0,387.0,420.0,375.5,409.5,6794,2722315500.0,0.0,0.0,0.0,0.0,1000.3301442449219
3532,2026-07-09,415.0,450.0,408.5,423.5,8933891.0,415.0,450.0,408.5,423.5,8913,3845793000.0,0.0,0.0,0.0,0.0,1001.3438797262426
3532,2026-07-13,465.5,465.5,465.5,465.5,1273503.0,465.5,465.5,465.5,465.5,1258,585599000.0,0.0,0.0,0.0,0.0,1011.3235294117648
3532,2026-07-14,459.0,510.0,430.5,510.0,18935907.0,459.0,510.0,430.5,510.0,18928,8928477000.0,0.0,0.0,0.0,0.0,999.4177409129333
3532,2026-07-15,535.0,552.0,506.0,523.0,15026043.0,535.0,552.0,506.0,523.0,15003,7920330000.0,0.0,0.0,0.0,0.0,1000.5358928214357
3532,2026-07-16,504.0,519.0,471.0,471.0,7594715.0,504.0,519.0,471.0,471.0,7580,3692453000.0,0.0,0.0,0.0,0.0,1000.9412928759895
3532,2026-07-17,424.0,470.0,424.0,424.0,9644763.0,424.0,470.0,424.0,424.0,9633,4246396500.0,0.0,0.0,0.0,0.0,1000.2211149174711
3532,2026-07-20,434.0,466.0,401.0,466.0,12783470.0,434.0,466.0,401.0,466.0,12774,5568895000.0,0.0,0.0,0.0,0.0,999.7413496164083
3532,2026-07-21,470.0,470.0,432.0,433.5,18471625.0,470.0,470.0,432.0,433.5,18430,8286204000.0,0.0,0.0,0.0,0.0,1001.258545849159
3532,2026-07-22,446.5,476.5,440.5,468.0,14154829.0,446.5,476.5,440.5,468.0,14139,6572207500.0,0.0,0.0,0.0,0.0,1000.1195275479171
3532,2026-07-23,472.0,499.0,421.5,421.5,14598806.0,472.0,499.0,421.5,421.5,14577,6563794500.0,0.0,0.0,0.0,0.0,1000.4959182273444
3532,2026-07-24,405.0,410.0,379.5,379.5,7767344.0,405.0,410.0,379.5,379.5,7759,3035848000.0,0.0,0.0,0.0,0.0,1000.075396313958
3532,2026-07-27,372.0,380.5,357.5,379.5,6626849.0,372.0,380.5,357.5,379.5,6622,2455592000.0,0.0,0.0,0.0,0.0,999.7322561159771
3532,2026-07-28,350.0,355.5,342.0,342.0,3758653.0,350.0,355.5,342.0,342.0,3755,1299415500.0,0.0,0.0,0.0,0.0,999.9728362183755
3532,2026-07-29,337.0,339.5,308.0,308.0,2839515.0,337.0,339.5,308.0,308.0,2837,897068000.0,0.0,0.0,0.0,0.0,999.8864998237575
3532,2026-07-30,277.5,294.0,277.5,277.5,6756217.0,277.5,294.0,277.5,277.5,6754,1905764000.0,0.0,0.0,0.0,0.0,999.3282499259698
3532,2026-07-31,305.0,305.0,269.5,271.5,2578713.0,305.0,305.0,269.5,271.5,2560,715827500.0,0.0,0.0,0.0,0.0,1006.309765625
3532,2026-08-03,254.0,276.0,254.0,265.0,1979335.0,254.0,276.0,254.0,265.0,1973,527032500.0,0.0,0.0,0.0,0.0,1002.2108464267612
3532,2026-08-04,284.0,291.5,284.0,291.5,549023.0,284.0,291.5,284.0,291.5,549,158742500.0,0.0,0.0,0.0,0.0,999.0418943533698
3532,2026-08-05,310.0,319.0,300.0,316.5,1095256.0,310.0,319.0,300.0,316.5,1094,337910500.0,0.0,0.0,0.0,0.0,1000.1480804387569
3532,2026-08-06,301.0,316.5,300.0,316.0,917201.0,301.0,316.5,300.0,316.0,914,286130500.0,0.0,0.0,0.0,0.0,1002.5021881838074
3532,2026-08-07,316.0,316.0,308.0,312.5,288931.0,316.0,316.0,308.0,312.5,288,90084000.0,0.0,0.0,0.0,0.0,1002.2326388888889
3532,2026-08-10,310.0,312.5,281.5,283.0,8112026.0,310.0,312.5,281.5,283.0,8098,2350042000.0,0.0,0.0,0.0,0.0,1000.7320326006421
3532,2026-08-11,282.5,290.5,265.5,284.0,7639631.0,282.5,290.5,265.5,284.0,7633,2112992000.0,0.0,0.0,0.0,0.0,999.8687278920477
3532,2026-08-12,289.0,312.0,286.5,312.0,5840735.0,289.0,312.0,286.5,312.0,5839,1803931000.0,0.0,0.0,0.0,0.0,999.2971399212194
3532,2026-08-13,334.5,343.0,320.5,343.0,5402871.0,334.5,343.0,320.5,343.0,5400,1819173000.0,0.0,0.0,0.0,0.0,999.5316666666666
3532,2026-08-14,343.0,358.0,330.0,356.0,15147553.0,343.0,358.0,330.0,356.0,15123,5189627000.0,0.0,0.0,0.0,0.0,1000.6235535277392
3532,2026-08-17,346.0,387.5,342.0,371.5,15480125.0,346.0,387.5,342.0,371.5,15473,5741184500.0,0.0,0.0,0.0,0.0,999.4604795450139
3532,2026-08-18,360.0,402.5,360.0,369.0,19090621.0,360.0,402.5,360.0,369.0,19070,7311021000.0,0.0,0.0,0.0,0.0,1000.0813319349764
3532,2026-08-19,354.0,369.5,344.5,356.5,7242649.0,354.0,369.5,344.5,356.5,7225,2568170500.0,0.0,0.0,0.0,0.0,1001.44276816609
3653,2026-05-25,3750.0,3770.0,3700.0,3770.0,609775.0,3750.0,3770.0,3700.0,3770.0,608,2269055000.0,0.0,0.0,0.0,0.0,1001.9194078947369
3653,2026-05-26,3830.0,3830.0,3670.0,3670.0,633313.0,3830.0,3830.0,3670.0,3670.0,632,2361865000.0,0.0,0.0,0.0,0.0,1001.0775316455696
3653,2026-05-27,3795.0,4015.0,3650.0,3670.0,2889125.0,3795.0,4015.0,3650.0,3670.0,2884,11058790000.0,0.0,0.0,0.0,0.0,1000.7770457697642
3653,2026-05-28,3700.0,3830.0,3460.0,3500.0,1998704.0,3700.0,3830.0,3460.0,3500.0,1997,7188260000.0,0.0,0.0,0.0,0.0,999.8532799198798
3653,2026-05-29,3580.0,3600.0,3415.0,3545.0,2203983.0,3580.0,3600.0,3415.0,3545.0,2198,7713460000.0,0.0,0.0,0.0,0.0,1001.7220200181984
3653,2026-06-01,3550.0,3895.0,3550.0,3840.0,2217053.0,3550.0,3895.0,3550.0,3840.0,2214,8373425000.0,0.0,0.0,0.0,0.0,1000.3789521228546
3653,2026-06-02,3995.0,4165.0,3880.0,3990.0,2736026.0,3995.0,4165.0,3880.0,3990.0,2734,10990600000.0,0.0,0.0,0.0,0.0,999.7410387710314
3653,2026-06-03,4040.0,4210.0,3860.0,3905.0,1770983.0,4040.0,4210.0,3860.0,3905.0,1763,7035380000.0,0.0,0.0,0.0,0.0,1003.5280771412365
3653,2026-06-04,3800.0,3875.0,3695.0,3730.0,1300717.0,3800.0,3875.0,3695.0,3730.0,1298,4875420000.0,0.0,0.0,0.0,0.0,1001.0932203389831
3653,2026-06-05,3550.0,3680.0,3460.0,3620.0,1059613.0,3550.0,3680.0,3460.0,3620.0,1058,3794640000.0,0.0,0.0,0.0,0.0,1000.5245746691871
3653,2026-06-08,3260.0,3860.0,3260.0,3820.0,2046335.0,3260.0,3860.0,3260.0,3820.0,2045,7383320000.0,0.0,0.0,0.0,0.0,999.6528117359413
3653,2026-06-09,3915.0,4060.0,3855.0,3935.0,2128796.0,3915.0,4060.0,3855.0,3935.0,2126,8401040000.0,0.0,0.0,0.0,0.0,1000.3151458137347
3653,2026-06-10,3800.0,4000.0,3740.0,3800.0,2001950.0,3800.0,4000.0,3740.0,3800.0,1997,7703795000.0,0.0,0.0,0.0,0.0,1001.4787180771157
3653,2026-06-11,3800.0,3860.0,3420.0,3620.0,2345410.0,3800.0,3860.0,3420.0,3620.0,2343,8380005000.0,0.0,0.0,0.0,0.0,1000.0285958173282
3653,2026-06-12,3755.0,3820.0,3495.0,3690.0,1755468.0,3755.0,3820.0,3495.0,3690.0,1753,6391555000.0,0.0,0.0,0.0,0.0,1000.407872219053
3653,2026-06-15,3800.0,3970.0,3775.0,3835.0,1307162.0,3800.0,3970.0,3775.0,3835.0,1306,5051675000.0,0.0,0.0,0.0,0.0,999.8897396630935
3653,2026-06-16,3940.0,3950.0,3765.0,3785.0,1007785.0,3940.0,3950.0,3765.0,3785.0,1007,3878485000.0,0.0,0.0,0.0,0.0,999.7795431976167
3653,2026-06-17,3730.0,3990.0,3720.0,3990.0,1412355.0,3730.0,3990.0,3720.0,3990.0,1407,5509485000.0,0.0,0.0,0.0,0.0,1002.8059701492538
3653,2026-06-18,3990.0,4230.0,3935.0,3965.0,1871730.0,3990.0,4230.0,3935.0,3965.0,1868,7537685000.0,0.0,0.0,0.0,0.0,1000.9967880085653
3653,2026-06-22,4015.0,4030.0,3820.0,3840.0,1317546.0,4015.0,4030.0,3820.0,3840.0,1315,5098110000.0,0.0,0.0,0.0,0.0,1000.9361216730038
3653,2026-06-23,3925.0,3965.0,3800.0,3840.0,968482.0,3925.0,3965.0,3800.0,3840.0,968,3729975000.0,0.0,0.0,0.0,0.0,999.4979338842975
3653,2026-06-24,3790.0,3815.0,3555.0,3640.0,2009997.0,3790.0,3815.0,3555.0,3640.0,2005,7306670000.0,0.0,0.0,0.0,0.0,1001.4922693266833
3653,2026-06-25,3685.0,3690.0,3375.0,3390.0,2567711.0,3685.0,3690.0,3375.0,3390.0,2561,8861465000.0,0.0,0.0,0.0,0.0,1001.6204607575166
3653,2026-06-26,3385.0,3525.0,3380.0,3405.0,1839393.0,3385.0,3525.0,3380.0,3405.0,1838,6336905000.0,0.0,0.0,0.0,0.0,999.7578890097933
3653,2026-06-29,3470.0,3480.0,3280.0,3320.0,1057418.0,3470.0,3480.0,3280.0,3320.0,1055,3527615000.0,0.0,0.0,0.0,0.0,1001.2919431279621
3653,2026-06-30,3400.0,3485.0,3370.0,3430.0,728232.0,3400.0,3485.0,3370.0,3430.0,725,2480775000.0,0.0,0.0,0.0,0.0,1003.4579310344827
3653,2026-07-01,3540.0,3580.0,3395.0,3400.0,700224.0,3540.0,3580.0,3395.0,3400.0,700,2415590000.0,0.0,0.0,0.0,0.0,999.32
3653,2026-07-02,3320.0,3495.0,3245.0,3475.0,566627.0,3320.0,3495.0,3245.0,3475.0,564,1909385000.0,0.0,0.0,0.0,0.0,1003.6578014184397
3653,2026-07-03,3360.0,3475.0,3310.0,3420.0,1085639.0,3360.0,3475.0,3310.0,3420.0,1084,3670740000.0,0.0,0.0,0.0,0.0,1000.5119926199262
3653,2026-07-06,3475.0,3475.0,3320.0,3320.0,694682.0,3475.0,3475.0,3320.0,3320.0,693,2340645000.0,0.0,0.0,0.0,0.0,1001.4271284271284
3653,2026-07-07,3315.0,3355.0,3170.0,3195.0,998016.0,3315.0,3355.0,3170.0,3195.0,997,3245575000.0,0.0,0.0,0.0,0.0,1000.0190571715145
3653,2026-07-08,3305.0,3340.0,3120.0,3200.0,695436.0,3305.0,3340.0,3120.0,3200.0,691,2220105000.0,0.0,0.0,0.0,0.0,1005.4196816208394
3653,2026-07-09,3280.0,3290.0,3180.0,3205.0,504968.0,3280.0,3290.0,3180.0,3205.0,504,1626500000.0,0.0,0.0,0.0,0.0,1000.9206349206349
3653,2026-07-13,3200.0,3280.0,3080.0,3195.0,768391.0,3200.0,3280.0,3080.0,3195.0,766,2433480000.0,0.0,0.0,0.0,0.0,1002.121409921671
3653,2026-07-14,3205.0,3250.0,2990.0,3070.0,1019104.0,3205.0,3250.0,2990.0,3070.0,1018,3149960000.0,0.0,0.0,0.0,0.0,1000.0844793713163
3653,2026-07-15,3140.0,3310.0,3085.0,3280.0,929158.0,3140.0,3310.0,3085.0,3280.0,929,2992425000.0,0.0,0.0,0.0,0.0,999.1700753498385
3653,2026-07-16,3260.0,3470.0,3230.0,3395.0,988315.0,3260.0,3470.0,3230.0,3395.0,987,3331940000.0,0.0,0.0,0.0,0.0,1000.3323201621074
3653,2026-07-17,3260.0,3350.0,3150.0,3210.0,1061541.0,3260.0,3350.0,3150.0,3210.0,1060,3440095000.0,0.0,0.0,0.0,0.0,1000.4537735849057
3653,2026-07-20,3175.0,3280.0,3060.0,3200.0,1471201.0,3175.0,3280.0,3060.0,3200.0,1471,4648985000.0,0.0,0.0,0.0,0.0,999.1366417403127
3653,2026-07-21,3205.0,3520.0,3205.0,3520.0,1902742.0,3205.0,3520.0,3205.0,3520.0,1869,6413815000.0,0.0,0.0,0.0,0.0,1017.0535045478865
3653,2026-07-22,3545.0,3615.0,3405.0,3500.0,2005494.0,3545.0,3615.0,3405.0,3500.0,2004,7013920000.0,0.0,0.0,0.0,0.0,999.745508982036
3653,2026-07-23,3615.0,3820.0,3600.0,3710.0,1937790.0,3615.0,3820.0,3600.0,3710.0,1935,7210865000.0,0.0,0.0,0.0,0.0,1000.4418604651163
3653,2026-07-24,3650.0,3690.0,3365.0,3430.0,1797417.0,3650.0,3690.0,3365.0,3430.0,1769,6178990000.0,0.0,0.0,0.0,0.0,1015.063877897117
3653,2026-07-27,3475.0,3580.0,3420.0,3525.0,749349.0,3475.0,3580.0,3420.0,3525.0,749,2625235000.0,0.0,0.0,0.0,0.0,999.4659546061415
3653,2026-07-28,3370.0,3450.0,3300.0,3370.0,1585345.0,3370.0,3450.0,3300.0,3370.0,1585,5368055000.0,0.0,0.0,0.0,0.0,999.217665615142
3653,2026-07-29,3360.0,3510.0,3230.0,3310.0,2133202.0,3360.0,3510.0,3230.0,3310.0,2118,7095955000.0,0.0,0.0,0.0,0.0,1006.1775259678942
3653,2026-07-30,3150.0,3330.0,3100.0,3135.0,1641718.0,3150.0,3330.0,3100.0,3135.0,1639,5243890000.0,0.0,0.0,0.0,0.0,1000.6583282489323
3653,2026-07-31,3440.0,3445.0,3330.0,3445.0,871203.0,3440.0,3445.0,3330.0,3445.0,871,2972765000.0,0.0,0.0,0.0,0.0,999.2330654420207
3653,2026-08-03,3695.0,3785.0,3655.0,3770.0,1658430.0,3695.0,3785.0,3655.0,3770.0,1656,6231955000.0,0.0,0.0,0.0,0.0,1000.4673913043479
3653,2026-08-04,3710.0,4145.0,3710.0,4145.0,2403186.0,3710.0,4145.0,3710.0,4145.0,2400,9699745000.0,0.0,0.0,0.0,0.0,1000.3275
3653,2026-08-05,4200.0,4430.0,4180.0,4340.0,2817707.0,4200.0,4430.0,4180.0,4340.0,2817,12127045000.0,0.0,0.0,0.0,0.0,999.2509762158325
3653,2026-08-06,4295.0,4595.0,4230.0,4450.0,1952814.0,4295.0,4595.0,4230.0,4450.0,1950,8646235000.0,0.0,0.0,0.0,0.0,1000.4430769230769
3653,2026-08-07,4595.0,4600.0,4320.0,4380.0,1639999.0,4595.0,4600.0,4320.0,4380.0,1623,7245305000.0,0.0,0.0,0.0,0.0,1009.4738139248306
3653,2026-08-10,4470.0,4470.0,4050.0,4135.0,1361583.0,4470.0,4470.0,4050.0,4135.0,1357,5678460000.0,0.0,0.0,0.0,0.0,1002.3773028739868
3653,2026-08-11,4165.0,4170.0,3895.0,4065.0,999642.0,4165.0,4170.0,3895.0,4065.0,997,4003480000.0,0.0,0.0,0.0,0.0,1001.6499498495486
3653,2026-08-12,4125.0,4470.0,4125.0,4470.0,700219.0,4125.0,4470.0,4125.0,4470.0,699,3021245000.0,0.0,0.0,0.0,0.0,1000.7439198855508
3653,2026-08-13,4500.0,4670.0,4415.0,4635.0,880306.0,4500.0,4670.0,4415.0,4635.0,869,3948565000.0,0.0,0.0,0.0,0.0,1012.0103567318757
3653,2026-08-14,4695.0,4860.0,4530.0,4855.0,1193589.0,4695.0,4860.0,4530.0,4855.0,1178,5556220000.0,0.0,0.0,0.0,0.0,1012.2334465195246
3653,2026-08-17,5340.0,5340.0,5340.0,5340.0,1022023.0,5340.0,5340.0,5340.0,5340.0,1019,5441460000.0,0.0,0.0,0.0,0.0,1001.9666339548577
3653,2026-08-18,5370.0,5485.0,5120.0,5150.0,3322301.0,5370.0,5485.0,5120.0,5150.0,3320,17611650000.0,0.0,0.0,0.0,0.0,999.6930722891566
3653,2026-08-19,4895.0,5540.0,4890.0,5460.0,2666935.0,4895.0,5540.0,4890.0,5460.0,2665,14340840000.0,0.0,0.0,0.0,0.0,999.7260787992495
4104,2026-05-25,70.19999694824219,70.19999694824219,69.0999984741211,70.0,351445.0,70.2,70.2,69.1,70.0,349,24312500.0,4.347233355188277e-08,4.347233355188277e-08,2.2082183799792448e-08,0.0,1006.0057306590257
4104,2026-05-26,70.0,70.4000015258789,69.30000305175781,70.0,301077.0,70.0,70.4,69.3,70.0,299,20844500.0,0.0,2.1674416201216733e-08,4.403690931229684e-08,0.0,1005.9464882943143
4104,2026-05-27,70.30000305175781,70.80000305175781,70.0999984741211,70.4000015258789,380431.0,70.3,70.8,70.1,70.4,375,26455900.0,4.341049523957569e-08,4.310392394551089e-08,2.1767174045159176e-08,2.1674416201216733e-08,1013.4826666666667
4104,2026-05-28,70.80000305175781,70.80000305175781,69.4000015258789,69.5,353689.0,70.8,70.8,69.4,69.5,351,24447400.0,4.310392394551089e-08,4.310392394551089e-08,2.1986727673856743e-08,0.0,1006.6609686609687
4104,2026-05-29,69.5,70.30000305175781,69.5,70.0999984741211,283323.0,69.5,70.3,69.5,70.1,282,19733400.0,0.0,4.341049523957569e-08,0.0,2.1767174045159176e-08,1003.6914893617021
4104,2026-06-01,70.0999984741211,70.0999984741211,69.5,70.0999984741211,327620.0,70.1,70.1,69.5,70.1,325,22721700.0,2.1767174045159176e-08,2.1767174045159176e-08,0.0,2.1767174045159176e-08,1007.0615384615385
4104,2026-06-02,70.0999984741211,70.4000015258789,69.5,70.4000015258789,379315.0,70.1,70.4,69.5,70.4,378,26483000.0,2.1767174045159176e-08,2.1674416201216733e-08,0.0,2.1674416201216733e-08,1002.478835978836
4104,2026-06-03,70.4000015258789,71.30000305175781,70.0999984741211,71.19999694824219,324965.0,70.4,71.3,70.1,71.2,323,22914200.0,2.1674416201216733e-08,4.2801652389090755e-08,2.1767174045159176e-08,4.286176706941251e-08,1005.0835913312693
4104,2026-06-04,71.19999694824219,71.9000015258789,71.0,71.5,312643.0,71.2,71.9,71.0,71.5,312,22323500.0,4.286176706941251e-08,2.1222237838187176e-08,0.0,0.0,1001.0608974358975
4104,2026-06-05,71.5,71.5999984741211,71.0,71.5,143006.0,71.5,71.6,71.0,71.5,142,10129800.0,0.0,2.1311157829129306e-08,0.0,0.0,1006.0845070422536
4104,2026-06-08,70.19999694824219,70.80000305175781,69.5,70.4000015258789,399899.0,70.2,70.8,69.5,70.4,399,27993700.0,4.347233355188277e-08,4.310392394551089e-08,0.0,2.1674416201216733e-08,1001.2531328320802
4104,2026-06-09,70.0,71.5999984741211,70.0,70.9000015258789,224003.0,70.0,71.6,70.0,70.9,224,15911600.0,0.0,2.1311157829129306e-08,0.0,2.1521564182872467e-08,999.0133928571429
4104,2026-06-10,70.0,70.4000015258789,69.19999694824219,69.69999694824219,449131.0,70.0,70.4,69.2,69.7,449,31384500.0,0.0,2.1674416201216733e-08,4.4100546464482236e-08,4.378418673374707e-08,999.2917594654789
4104,2026-06-11,70.4000015258789,70.4000015258789,69.4000015258789,69.69999694824219,276747.0,70.4,70.4,69.4,69.7,276,19219000.0,2.1674416201216733e-08,2.1674416201216733e-08,2.1986727673856743e-08,4.378418673374707e-08,1001.7065217391304
4104,2026-06-12,70.0999984741211,70.30000305175781,69.5,69.69999694824219,264232.0,70.1,70.3,69.5,69.7,263,18351300.0,2.1767174045159176e-08,4.341049523957569e-08,0.0,4.378418673374707e-08,1003.6844106463878
4104,2026-06-15,69.69999694824219,69.69999694824219,69.19999694824219,69.5999984741211,303072.0,69.7,69.7,69.2,69.6,303,21033300.0,4.378418673374707e-08,4.378418673374707e-08,4.4100546464482236e-08,2.192354742192038e-08,999.2376237623762
4104,2026-06-16,69.9000015258789,70.4000015258789,69.5,69.5,167101.0,69.9,70.4,69.5,69.5,167,11631200.0,2.1829454943714706e-08,2.1674416201216733e-08,0.0,0.0,999.6047904191616
4104,2026-06-17,69.5999984741211,69.69999694824219,69.5,69.5,172643.0,69.6,69.7,69.5,69.5,170,11826700.0,2.192354742192038e-08,4.378418673374707e-08,0.0,0.0,1014.5470588235294
4104,2026-06-18,69.5,69.9000015258789,69.4000015258789,69.5,189470.0,69.5,69.9,69.4,69.5,189,13137900.0,0.0,2.1829454943714706e-08,2.1986727673856743e-08,0.0,1001.4867724867725
4104,2026-06-22,69.5,69.5,68.5999984741211,68.80000305175781,453392.0,69.5,69.5,68.6,68.8,453,31155000.0,0.0,0.0,2.2243132661306973e-08,4.435694499043853e-08,999.8653421633554
4104,2026-06-23,68.80000305175781,69.0,68.30000305175781,68.9000015258789,249453.0,68.8,69.0,68.3,68.9,249,17102100.0,4.435694499043853e-08,0.0,4.4681666403252873e-08,2.2146283027077763e-08,1000.8192771084338
4104,2026-06-24,68.9000015258789,69.30000305175781,68.5999984741211,68.80000305175781,231499.0,68.9,69.3,68.6,68.8,231,15912600.0,2.2146283027077763e-08,4.403690931229684e-08,2.2243132661306973e-08,4.435694499043853e-08,1001.1601731601731
4104,2026-06-25,68.80000305175781,69.19999694824219,68.69999694824219,68.9000015258789,257151.0,68.8,69.2,68.7,68.9,257,17716700.0,4.435694499043853e-08,4.4100546464482236e-08,4.442151114035183e-08,2.2146283027077763e-08,999.5875486381323
4104,2026-06-26,69.30000305175781,69.30000305175781,68.4000015258789,68.69999694824219,263167.0,69.0,69.0,68.4,68.7,263,18053000.0,0.004347870315330616,0.004347870315330616,2.2308171060901433e-08,4.442151114035183e-08,999.6349809885932
4104,2026-06-29,68.5999984741211,69.19999694824219,68.5,69.19999694824219,160417.0,68.6,69.2,68.5,69.2,160,11022300.0,2.2243132661306973e-08,4.4100546464482236e-08,0.0,4.4100546464482236e-08,1001.60625
4104,2026-06-30,69.0,69.0,68.5999984741211,68.69999694824219,143738.0,69.0,69.0,68.6,68.7,143,9840200.0,0.0,0.0,2.2243132661306973e-08,4.442151114035183e-08,1004.1608391608391
4104,2026-07-01,69.0999984741211,69.0999984741211,68.80000305175781,69.0,192252.0,69.1,69.1,68.8,69.0,191,13165100.0,2.2082183799792448e-08,2.2082183799792448e-08,4.435694499043853e-08,0.0,1005.5549738219895
4104,2026-07-02,69.0,69.0,68.80000305175781,69.0,140380.0,69.0,69.0,68.8,69.0,140,9640300.0,0.0,0.0,4.435694499043853e-08,0.0,1001.7142857142857
4104,2026-07-03,69.0,69.5999984741211,69.0,69.5,329425.0,69.0,69.6,69.0,69.5,329,22788700.0,0.0,2.192354742192038e-08,0.0,0.0,1000.2917933130699
4104,2026-07-06,69.5999984741211,69.80000305175781,69.30000305175781,69.69999694824219,318871.0,69.6,69.8,69.3,69.7,317,22056000.0,2.192354742192038e-08,4.372145867252394e-08,4.403690931229684e-08,4.378418673374707e-08,1004.9022082018928
4104,2026-07-07,69.9000015258789,69.9000015258789,69.0999984741211,69.5,236588.0,69.9,69.9,69.1,69.5,236,16390800.0,2.1829454943714706e-08,2.1829454943714706e-08,2.2082183799792448e-08,0.0,1001.4915254237288
4104,2026-07-08,69.80000305175781,69.80000305175781,69.0,69.30000305175781,179034.0,69.8,69.8,69.0,69.3,179,12380200.0,4.372145867252394e-08,4.372145867252394e-08,0.0,4.403690931229684e-08,999.1899441340782
4104,2026-07-09,69.5999984741211,70.0,69.0,69.80000305175781,249939.0,69.6,70.0,69.0,69.8,249,17246200.0,2.192354742192038e-08,0.0,0.0,4.372145867252394e-08,1002.7710843373494
4104,2026-07-13,70.0999984741211,70.80000305175781,70.0999984741211,70.69999694824219,309945.0,70.1,70.8,70.1,70.7,309,21818200.0,2.1767174045159176e-08,4.310392394551089e-08,2.1767174045159176e-08,4.316489130611274e-08,1002.0582524271845
4104,2026-07-14,71.0,71.4000015258789,70.4000015258789,71.30000305175781,381705.0,71.0,71.4,70.4,71.3,381,27042000.0,0.0,2.137085294909885e-08,2.1674416201216733e-08,4.2801652389090755e-08,1000.8503937007874
4104,2026-07-15,71.19999694824219,72.30000305175781,71.0999984741211,72.30000305175781,298405.0,71.2,72.3,71.1,72.3,297,21283800.0,4.286176706941251e-08,4.220965166448369e-08,2.146102532441151e-08,4.220965166448369e-08,1003.7306397306397
4104,2026-07-16,72.0,72.30000305175781,71.69999694824219,72.0,220580.0,72.0,72.3,71.7,72.0,220,15833700.0,0.0,4.220965166448369e-08,4.2562870506864304e-08,0.0,1001.6363636363636
4104,2026-07-17,72.0,72.0,70.5999984741211,70.69999694824219,276089.0,72.0,72.0,70.6,70.7,275,19534000.0,0.0,0.0,2.16130155887487e-08,4.316489130611274e-08,1002.96
4104,2026-07-20,71.4000015258789,72.0,70.80000305175781,71.19999694824219,210715.0,71.4,72.0,70.8,71.2,210,14980100.0,2.137085294909885e-08,0.0,4.310392394551089e-08,4.286176706941251e-08,1002.4047619047619
4104,2026-07-21,71.0999984741211,71.80000305175781,71.0,71.5,169295.0,71.1,71.8,71.0,71.5,167,11922700.0,2.146102532441151e-08,4.2503590742927175e-08,0.0,0.0,1012.7425149700599
4104,2026-07-22,71.5,71.5,70.9000015258789,70.9000015258789,137152.0,71.5,71.5,70.9,70.9,137,9731200.0,0.0,0.0,2.1521564182872467e-08,2.1521564182872467e-08,1000.1094890510949
4104,2026-07-23,70.9000015258789,70.9000015258789,70.0999984741211,70.5,158453.0,70.9,70.9,70.1,70.5,158,11110800.0,2.1521564182872467e-08,2.1521564182872467e-08,2.1767174045159176e-08,0.0,1001.867088607595
4104,2026-07-24,70.5,70.9000015258789,70.19999694824219,70.9000015258789,108000.0,70.5,70.9,70.2,70.9,108,7618500.0,0.0,2.1521564182872467e-08,4.347233355188277e-08,2.1521564182872467e-08,999.0
4104,2026-07-27,71.5999984741211,71.5999984741211,70.4000015258789,70.69999694824219,74045.0,71.6,71.6,70.4,70.7,74,5243200.0,2.1311157829129306e-08,2.1311157829129306e-08,2.1674416201216733e-08,4.316489130611274e-08,999.6081081081081
4104,2026-07-28,70.69999694824219,71.19999694824219,70.4000015258789,70.80000305175781,183227.0,70.7,71.2,70.4,70.8,183,12946300.0,4.316489130611274e-08,4.286176706941251e-08,2.1674416201216733e-08,4.310392394551089e-08,1000.24043715847
4104,2026-07-29,71.4000015258789,71.5,70.4000015258789,71.30000305175781,314593.0,71.4,71.5,70.4,71.3,314,22311400.0,2.137085294909885e-08,0.0,2.1674416201216733e-08,4.2801652389090755e-08,1000.8885350318471
4104,2026-07-30,71.4000015258789,71.69999694824219,70.9000015258789,71.0,243532.0,71.4,71.7,70.9,71.0,243,17318500.0,2.137085294909885e-08,4.2562870506864304e-08,2.1521564182872467e-08,0.0,1001.1893004115226
4104,2026-07-31,71.19999694824219,71.30000305175781,70.5999984741211,70.80000305175781,158947.0,71.2,71.3,70.6,70.8,158,11218900.0,4.286176706941251e-08,4.2801652389090755e-08,2.16130155887487e-08,4.310392394551089e-08,1004.993670886076
4104,2026-08-03,70.9000015258789,70.9000015258789,70.0,70.0,218500.0,70.9,70.9,70.0,70.0,218,15303800.0,2.1521564182872467e-08,2.1521564182872467e-08,0.0,0.0,1001.2935779816514
4104,2026-08-04,69.80000305175781,69.80000305175781,69.19999694824219,69.69999694824219,201268.0,69.8,69.8,69.2,69.7,201,13971500.0,4.372145867252394e-08,4.372145867252394e-08,4.4100546464482236e-08,4.378418673374707e-08,1000.3333333333334
4104,2026-08-05,69.5999984741211,69.80000305175781,69.19999694824219,69.69999694824219,115558.0,69.6,69.8,69.2,69.7,115,8013100.0,2.192354742192038e-08,4.372145867252394e-08,4.4100546464482236e-08,4.378418673374707e-08,1003.8521739130434
4104,2026-08-06,69.69999694824219,69.9000015258789,69.5,69.9000015258789,114555.0,69.7,69.9,69.5,69.9,114,7939400.0,4.378418673374707e-08,2.1829454943714706e-08,0.0,2.1829454943714706e-08,1003.8684210526316
4104,2026-08-07,69.69999694824219,70.5,69.5,70.4000015258789,127230.0,69.7,70.5,69.5,70.4,127,8910100.0,4.378418673374707e-08,0.0,0.0,2.1674416201216733e-08,1000.8110236220473
4104,2026-08-10,70.69999694824219,71.4000015258789,70.69999694824219,71.19999694824219,201836.0,70.7,71.4,70.7,71.2,201,14287700.0,4.316489130611274e-08,2.137085294909885e-08,4.316489130611274e-08,4.286176706941251e-08,1003.1592039800995
4104,2026-08-11,71.19999694824219,71.9000015258789,71.19999694824219,71.5,229011.0,71.2,71.9,71.2,71.5,227,16227600.0,4.286176706941251e-08,2.1222237838187176e-08,4.286176706941251e-08,0.0,1007.8590308370044
4104,2026-08-12,71.5,71.69999694824219,70.9000015258789,71.19999694824219,153768.0,71.5,71.7,70.9,71.2,153,10891700.0,0.0,4.2562870506864304e-08,2.1521564182872467e-08,4.286176706941251e-08,1004.0196078431372
4104,2026-08-13,71.5,71.5,70.9000015258789,71.30000305175781,99025.0,71.5,71.5,70.9,71.3,99,7048100.0,0.0,0.0,2.1521564182872467e-08,4.2801652389090755e-08,999.2525252525253
4104,2026-08-14,71.30000305175781,71.5,71.0,71.30000305175781,81068.0,71.3,71.5,71.0,71.3,81,5768000.0,4.2801652389090755e-08,0.0,0.0,4.2801652389090755e-08,999.8395061728395
4104,2026-08-17,71.30000305175781,71.9000015258789,71.0999984741211,71.80000305175781,129031.0,71.3,71.9,71.1,71.8,129,9233300.0,4.2801652389090755e-08,2.1222237838187176e-08,2.146102532441151e-08,4.2503590742927175e-08,999.2403100775193
4104,2026-08-18,71.30000305175781,71.9000015258789,71.19999694824219,71.5,92757.0,71.3,71.9,71.2,71.5,92,6568200.0,4.2801652389090755e-08,2.1222237838187176e-08,4.286176706941251e-08,0.0,1007.2282608695652
4104,2026-08-19,71.5,71.69999694824219,71.0999984741211,71.4000015258789,108125.0,71.5,71.7,71.1,71.4,108,7721800.0,0.0,4.2562870506864304e-08,2.146102532441151e-08,2.137085294909885e-08,1000.1574074074074
4526,2026-05-25,39.95,40.6,39.1,40.35,10660350.0,39.95,40.6,39.1,40.35,10523,419088250.0,0.0,0.0,0.0,0.0,1012.0523614938705
4526,2026-05-26,41.3,44.35,40.45,44.35,27008283.0,41.3,44.35,40.45,44.35,26699,1146185950.0,0.0,0.0,0.0,0.0,1010.584066818982
4526,2026-05-27,45.8,45.8,39.95,39.95,26830922.0,45.8,45.8,39.95,39.95,26646,1100190650.0,0.0,0.0,0.0,0.0,1005.9399534639346
4526,2026-05-28,39.95,40.6,38.1,38.45,11292937.0,39.95,40.6,38.1,38.45,11187,439440300.0,0.0,0.0,0.0,0.0,1008.469652274962
4526,2026-05-29,39.0,40.3,38.8,38.95,7405636.0,39.0,40.3,38.8,38.95,7341,288859350.0,0.0,0.0,0.0,0.0,1007.804794987059
4526,2026-06-01,39.25,42.8,39.1,42.8,15995561.0,39.25,42.8,39.1,42.8,15867,656461400.0,0.0,0.0,0.0,0.0,1007.1024138148358
4526,2026-06-02,44.5,45.85,40.95,42.15,25140245.0,44.5,45.85,40.95,42.15,25007,1084802350.0,0.0,0.0,0.0,0.0,1004.3283080737393
4526,2026-06-03,42.5,45.2,41.5,44.7,22027651.0,42.5,45.2,41.5,44.7,21869,964292150.0,0.0,0.0,0.0,0.0,1006.2546069779139
4526,2026-06-04,44.6,46.3,43.9,44.05,18495281.0,44.6,46.3,43.9,44.05,18380,827030150.0,0.0,0.0,0.0,0.0,1005.2720892274211
4526,2026-06-05,44.05,45.3,41.5,42.15,10753250.0,44.05,45.3,41.5,42.15,10676,459060600.0,0.0,0.0,0.0,0.0,1006.2358561258899
4526,2026-06-08,37.95,40.7,37.95,40.1,5611383.0,37.95,40.7,37.95,40.1,5545,217563300.0,0.0,0.0,0.0,0.0,1010.9716862037872
4526,2026-06-09,40.2,41.6,39.1,39.25,6404141.0,40.2,41.6,39.1,39.25,6347,251325550.0,0.0,0.0,0.0,0.0,1008.0028359855049
4526,2026-06-10,38.7,40.8,38.0,38.0,5382106.0,38.7,40.8,38.0,38.0,5332,209927250.0,0.0,0.0,0.0,0.0,1008.3972243060765
4526,2026-06-11,39.15,39.9,38.0,39.25,5754385.0,39.15,39.9,38.0,39.25,5719,223744400.0,0.0,0.0,0.0,0.0,1005.187270501836
4526,2026-06-12,40.2,40.6,38.75,38.8,5316840.0,40.2,40.6,38.75,38.8,5276,207231500.0,0.0,0.0,0.0,0.0,1006.740712661107
4526,2026-06-15,39.5,39.8,38.35,38.55,3897296.0,39.5,39.8,38.35,38.55,3862,149835750.0,0.0,0.0,0.0,0.0,1008.1393060590368
4526,2026-06-16,38.85,39.2,38.0,38.05,3354016.0,38.85,39.2,38.0,38.05,3313,127392400.0,0.0,0.0,0.0,0.0,1011.3803199517054
4526,2026-06-17,38.05,39.65,37.4,38.7,5717120.0,38.05,39.65,37.4,38.7,5688,221091250.0,0.0,0.0,0.0,0.0,1004.1195499296765
4526,2026-06-18,39.15,40.5,38.85,39.15,5825134.0,39.15,40.5,38.85,39.15,5793,228640050.0,0.0,0.0,0.0,0.0,1004.5470395304678
4526,2026-06-22,39.7,43.05,39.55,43.05,14580133.0,39.7,43.05,39.55,43.05,14480,613115550.0,0.0,0.0,0.0,0.0,1005.9152624309393
4526,2026-06-23,43.8,43.85,40.1,40.3,7569418.0,43.8,43.85,40.1,40.3,7505,310946900.0,0.0,0.0,0.0,0.0,1007.583344437042
4526,2026-06-24,39.8,42.3,39.65,42.1,4517662.0,39.8,42.3,39.65,42.1,4479,182882600.0,0.0,0.0,0.0,0.0,1007.6318374637195
4526,2026-06-25,42.1,42.7,40.15,40.75,4303545.0,42.1,42.7,40.15,40.75,4268,175092150.0,0.0,0.0,0.0,0.0,1007.3282567947516
4526,2026-06-26,40.75,40.75,38.25,38.85,3647391.0,40.75,40.75,38.25,38.85,3601,141635600.0,0.0,0.0,0.0,0.0,1011.8828103304637
4526,2026-06-29,39.15,40.3,38.2,38.4,2857215.0,39.15,40.3,38.2,38.4,2830,110685500.0,0.0,0.0,0.0,0.0,1008.6166077738516
4526,2026-06-30,39.05,41.75,38.8,41.25,5412877.0,39.05,41.75,38.8,41.25,5355,217604400.0,0.0,0.0,0.0,0.0,1009.8080298786181
4526,2026-07-01,41.3,43.4,40.25,41.15,11080694.0,41.3,43.4,40.25,41.15,11039,459184100.0,0.0,0.0,0.0,0.0,1002.7769725518616
4526,2026-07-02,41.25,43.65,41.0,42.0,12888602.0,41.25,43.65,41.0,42.0,12827,547135600.0,0.0,0.0,0.0,0.0,1003.8025259218836
4526,2026-07-03,42.35,42.65,41.25,41.5,3635826.0,42.35,42.65,41.25,41.5,3608,150598300.0,0.0,0.0,0.0,0.0,1006.7123059866963
4526,2026-07-06,42.15,42.5,40.7,41.0,3556687.0,42.15,42.5,40.7,41.0,3511,145652500.0,0.0,0.0,0.0,0.0,1012.0125320421532
4526,2026-07-07,41.8,41.8,38.85,39.0,3814295.0,41.8,41.8,38.85,39.0,3777,149937100.0,0.0,0.0,0.0,0.0,1008.8742388138735
4526,2026-07-08,38.65,39.15,36.5,37.05,6699318.0,38.65,39.15,36.5,37.05,6640,247530700.0,0.0,0.0,0.0,0.0,1007.9334337349397
4526,2026-07-09,37.3,38.3,37.1,37.75,3258714.0,37.3,38.3,37.1,37.75,3232,121946600.0,0.0,0.0,0.0,0.0,1007.2654702970297
4526,2026-07-13,38.1,38.6,36.0,37.15,3146572.0,38.1,38.6,36.0,37.15,3111,115650600.0,0.0,0.0,0.0,0.0,1010.4342655094824
4526,2026-07-14,36.6,36.75,33.6,34.9,3876089.0,36.6,36.75,33.6,34.9,3843,134218600.0,0.0,0.0,0.0,0.0,1007.6102003642987
4526,2026-07-15,35.95,36.1,35.45,35.8,1439590.0,35.95,36.1,35.45,35.8,1423,50908400.0,0.0,0.0,0.0,0.0,1010.6584680252987
4526,2026-07-16,35.8,35.8,34.7,35.25,1123530.0,35.8,35.8,34.7,35.25,1109,38978600.0,0.0,0.0,0.0,0.0,1012.1018935978359
4526,2026-07-17,33.85,34.4,32.4,32.55,2710408.0,33.85,34.4,32.4,32.55,2672,88662900.0,0.0,0.0,0.0,0.0,1013.374251497006
4526,2026-07-20,33.0,33.0,30.3,31.4,2194745.0,33.0,33.0,30.3,31.4,2171,68013950.0,0.0,0.0,0.0,0.0,1009.9373560571165
4526,2026-07-21,31.55,32.1,31.4,31.8,1207685.0,31.55,32.1,31.4,31.8,1197,38000700.0,0.0,0.0,0.0,0.0,1007.9264828738513
4526,2026-07-22,32.35,33.05,32.0,32.0,1174485.0,32.35,33.05,32.0,32.0,1158,37532700.0,0.0,0.0,0.0,0.0,1013.2357512953367
4526,2026-07-23,32.6,32.6,31.3,31.5,1222493.0,32.6,32.6,31.3,31.5,1207,38274350.0,0.0,0.0,0.0,0.0,1011.8359569179785
4526,2026-07-24,31.0,31.8,30.5,30.75,1130534.0,31.0,31.8,30.5,30.75,1115,34359400.0,0.0,0.0,0.0,0.0,1012.9318385650224
4526,2026-07-27,30.8,30.85,29.8,30.3,1588337.0,30.8,30.85,29.8,30.3,1573,47368500.0,0.0,0.0,0.0,0.0,1008.7501589319771
4526,2026-07-28,29.55,29.6,28.9,28.95,1556050.0,29.55,29.6,28.9,28.95,1537,44819900.0,0.0,0.0,0.0,0.0,1011.3942745608327
4526,2026-07-29,29.15,29.3,26.3,27.55,3136138.0,29.15,29.3,26.3,27.55,3105,84713250.0,0.0,0.0,0.0,0.0,1009.0283413848631
4526,2026-07-30,26.0,26.7,25.15,25.2,1926017.0,26.0,26.7,25.15,25.2,1896,49127550.0,0.0,0.0,0.0,0.0,1014.8317510548524
4526,2026-07-31,26.6,27.2,26.5,26.9,1263754.0,26.6,27.2,26.5,26.9,1252,33586850.0,0.0,0.0,0.0,0.0,1008.388178913738
4526,2026-08-03,26.9,28.35,26.65,28.1,1800648.0,26.9,28.35,26.65,28.1,1788,49840250.0,0.0,0.0,0.0,0.0,1006.0738255033557
4526,2026-08-04,28.1,30.2,27.8,29.75,2881192.0,28.1,30.2,27.8,29.75,2855,83810350.0,0.0,0.0,0.0,0.0,1008.1740805604203
4526,2026-08-05,30.05,31.2,30.05,30.7,2002887.0,30.05,31.2,30.05,30.7,1984,60605650.0,0.0,0.0,0.0,0.0,1008.5196572580645
4526,2026-08-06,31.0,31.0,30.0,30.15,1088996.0,31.0,31.0,30.0,30.15,1075,32594450.0,0.0,0.0,0.0,0.0,1012.0195348837209
4526,2026-08-07,30.45,31.0,29.8,29.95,1396550.0,30.45,31.0,29.8,29.95,1382,41964950.0,0.0,0.0,0.0,0.0,1009.5282199710564
4526,2026-08-10,30.4,30.95,30.15,30.4,971425.0,30.4,30.95,30.15,30.4,961,29346400.0,0.0,0.0,0.0,0.0,1009.8480749219563
4526,2026-08-11,30.75,31.0,30.25,30.65,1366376.0,30.75,31.0,30.25,30.65,1356,41567950.0,0.0,0.0,0.0,0.0,1006.6519174041298
4526,2026-08-12,30.75,32.0,30.75,31.95,2009241.0,30.75,32.0,30.75,31.95,1992,63155500.0,0.0,0.0,0.0,0.0,1007.6551204819277
4526,2026-08-13,31.75,32.05,31.2,31.2,1796638.0,31.75,32.05,31.2,31.2,1779,56029150.0,0.0,0.0,0.0,0.0,1008.9145587408657
4526,2026-08-14,31.5,31.5,30.75,30.75,1205707.0,31.5,31.5,30.75,30.75,1195,36926100.0,0.0,0.0,0.0,0.0,1007.9598326359833
4526,2026-08-17,30.75,31.8,30.75,30.9,1193740.0,30.75,31.8,30.75,30.9,1183,36751900.0,0.0,0.0,0.0,0.0,1008.0786136939984
4526,2026-08-18,30.95,30.95,30.0,30.2,882067.0,30.95,30.95,30.0,30.2,869,26290850.0,0.0,0.0,0.0,0.0,1014.0368239355581
4526,2026-08-19,30.0,30.65,29.65,29.9,974696.0,30.0,30.65,29.65,29.9,966,29093850.0,0.0,0.0,0.0,0.0,1008.0020703933748
4526,2026-08-20,30.1,30.45,29.7,29.9,752883.0,30.1,30.45,29.7,29.9,749,22466750.0,0.0,0.0,0.0,0.0,1004.1842456608812
4588,2026-05-25,56.900001525878906,57.0,54.70000076293945,54.900001525878906,173000.0,56.9,57.0,54.7,54.9,173,9549500.0,2.681685250740045e-08,0.0,1.3947704758369817e-08,2.7793787024974236e-08,999.0
4588,2026-05-26,57.400001525878906,58.0,55.0,55.29999923706055,164000.0,57.4,58.0,55.0,55.3,164,9188900.0,2.658325623120358e-08,0.0,0.0,1.3796373422835968e-08,999.0
4588,2026-05-27,55.29999923706055,58.5,55.29999923706055,56.0,231107.0,55.3,58.5,55.3,56.0,231,13169300.0,1.3796373422835968e-08,0.0,1.3796373422835968e-08,0.0,999.4632034632035
4588,2026-05-28,56.5,57.20000076293945,55.099998474121094,55.20000076293945,129050.0,56.5,57.2,55.1,55.2,128,7180800.0,0.0,1.3338102277671836e-08,2.7692902135591387e-08,1.3821366852949801e-08,1007.203125
4588,2026-05-29,56.5,58.400001525878906,56.099998474121094,56.400001525878906,176103.0,56.5,58.4,56.1,56.4,176,10028900.0,0.0,2.612806348751859e-08,2.7199267516418634e-08,2.705459056154407e-08,999.5852272727273
4588,2026-06-01,58.5,59.900001525878906,56.79999923706055,58.0,266000.0,58.5,59.9,56.8,58.0,266,15621400.0,0.0,2.547377141354066e-08,1.3432032575401921e-08,0.0,999.0
4588,2026-06-02,58.20000076293945,58.5,56.70000076293945,57.900001525878906,132005.0,58.2,58.5,56.7,57.9,132,7594400.0,1.3108925262591564e-08,0.0,1.3455722227210388e-08,2.6353694433006658e-08,999.0378787878788
4588,2026-06-03,59.70000076293945,63.599998474121094,58.29999923706055,63.599998474121094,607000.0,59.7,63.6,58.3,63.6,607,37391400.0,1.2779555281119414e-08,2.3991806724388137e-08,1.3086439970545953e-08,2.3991806724388137e-08,999.0
4588,2026-06-04,66.0,67.0,62.70000076293945,62.79999923706055,1464007.0,66.0,67.0,62.7,62.8,1464,94576900.0,0.0,0.0,1.2168093305946236e-08,1.2148717361191545e-08,999.004781420765
4588,2026-06-05,64.4000015258789,64.4000015258789,59.900001525878906,60.20000076293945,337184.0,64.4,64.4,59.9,60.2,337,20568500.0,2.3693771747913943e-08,2.3693771747913943e-08,2.547377141354066e-08,1.2673412795395831e-08,999.5459940652819
4588,2026-06-08,56.0,58.20000076293945,56.0,57.79999923706055,152026.0,56.0,58.2,56.0,57.8,152,8682300.0,0.0,1.3108925262591564e-08,0.0,1.3199644468561057e-08,999.171052631579
4588,2026-06-09,58.599998474121094,60.70000076293945,58.29999923706055,59.20000076293945,132000.0,58.6,60.7,58.3,59.2,132,7782700.0,2.6038889209404187e-08,1.2569018950293724e-08,1.3086439970545953e-08,1.2887490714236977e-08,999.0
4588,2026-06-10,58.900001525878906,59.400001525878906,57.599998474121094,57.79999923706055,96027.0,58.9,59.4,57.6,57.8,94,5502800.0,2.590626328813388e-08,2.5688197098839823e-08,2.6490953258178568e-08,1.3199644468561057e-08,1020.563829787234
4588,2026-06-11,56.099998474121094,57.900001525878906,56.099998474121094,57.0,100000.0,56.1,57.9,56.1,57.0,100,5702000.0,2.7199267516418634e-08,2.6353694433006658e-08,2.7199267516418634e-08,0.0,999.0
4588,2026-06-12,60.29999923706055,60.29999923706055,58.400001525878906,58.400001525878906,136004.0,60.3,60.3,58.4,58.4,136,8027700.0,1.2652395527078426e-08,1.2652395527078426e-08,2.612806348751859e-08,2.612806348751859e-08,999.0294117647059
4588,2026-06-15,59.70000076293945,59.70000076293945,58.79999923706055,59.20000076293945,52105.0,59.7,59.7,58.8,59.2,52,3077100.0,1.2779555281119414e-08,1.2779555281119414e-08,1.2975160719095733e-08,1.2887490714236977e-08,1001.0192307692307
4588,2026-06-16,58.70000076293945,59.20000076293945,58.099998474121094,58.099998474121094,63005.0,58.7,59.2,58.1,58.1,63,3683000.0,1.2997264911121449e-08,1.2887490714236977e-08,2.626297603564691e-08,2.626297603564691e-08,999.0793650793651
4588,2026-06-17,58.400001525878906,59.20000076293945,58.20000076293945,58.400001525878906,59000.0,58.4,59.2,58.2,58.4,59,3455700.0,2.612806348751859e-08,1.2887490714236977e-08,1.3108925262591564e-08,2.612806348751859e-08,999.0
4588,2026-06-18,59.79999923706055,59.79999923706055,58.79999923706055,59.099998474121094,68000.0,59.8,59.8,58.8,59.1,68,4015200.0,1.2758184787338279e-08,1.2758184787338279e-08,1.2975160719095733e-08,2.581859403842784e-08,999.0
4588,2026-06-22,60.5,61.099998474121094,59.900001525878906,60.5,271288.0,60.5,61.1,59.9,60.5,271,16451100.0,0.0,2.4973468210656063e-08,2.547377141354066e-08,0.0,1000.0627306273062
4588,2026-06-23,60.900001525878906,60.900001525878906,59.5,59.79999923706055,77025.0,60.9,60.9,59.5,59.8,77,4622000.0,2.5055482884582685e-08,2.5055482884582685e-08,0.0,1.2758184787338279e-08,999.3246753246754
4588,2026-06-24,59.79999923706055,60.5,59.5,60.0,75151.0,59.8,60.5,59.5,60.0,75,4499600.0,1.2758184787338279e-08,0.0,0.0,0.0,1001.0133333333333
4588,2026-06-25,59.900001525878906,59.900001525878906,59.5,59.599998474121094,57080.0,59.9,59.9,59.5,59.6,57,3404400.0,2.547377141354066e-08,2.547377141354066e-08,0.0,2.560199509515244e-08,1000.4035087719299
4588,2026-06-26,59.0,59.0,57.400001525878906,57.400001525878906,166097.0,59.0,59.0,57.4,57.4,166,9633600.0,0.0,0.0,2.658325623120358e-08,2.658325623120358e-08,999.5843373493976
4588,2026-06-29,57.400001525878906,58.599998474121094,57.400001525878906,57.5,43139.0,57.4,58.6,57.4,57.5,43,2484000.0,2.658325623120358e-08,2.6038889209404187e-08,2.658325623120358e-08,0.0,1002.2325581395348
4588,2026-06-30,58.599998474121094,59.0,58.400001525878906,58.79999923706055,56150.0,58.6,59.0,58.4,58.8,56,3290600.0,2.6038889209404187e-08,0.0,2.612806348751859e-08,1.2975160719095733e-08,1001.6785714285714
4588,2026-07-01,58.900001525878906,62.0,58.599998474121094,60.599998474121094,313260.0,58.9,62.0,58.6,60.6,313,18902600.0,2.590626328813388e-08,0.0,2.6038889209404187e-08,2.5179519928565768e-08,999.8306709265175
4588,2026-07-02,60.0,60.29999923706055,59.0,59.29999923706055,165000.0,60.0,60.3,59.0,59.3,165,9857900.0,0.0,1.2652395527078426e-08,0.0,1.2865758014887505e-08,999.0
4588,2026-07-03,59.20000076293945,59.70000076293945,58.900001525878906,59.599998474121094,112000.0,59.2,59.7,58.9,59.6,112,6644200.0,1.2887490714236977e-08,1.2779555281119414e-08,2.590626328813388e-08,2.560199509515244e-08,999.0
4588,2026-07-06,59.599998474121094,60.70000076293945,59.599998474121094,60.0,114150.0,59.6,60.7,59.6,60.0,114,6856600.0,2.560199509515244e-08,1.2569018950293724e-08,2.560199509515244e-08,0.0,1000.3157894736842
4588,2026-07-07,60.099998474121094,60.29999923706055,57.900001525878906,58.099998474121094,132020.0,60.1,60.3,57.9,58.1,131,7708500.0,2.5389000127638693e-08,1.2652395527078426e-08,2.6353694433006658e-08,2.626297603564691e-08,1006.7862595419847
4588,2026-07-08,58.900001525878906,58.900001525878906,57.099998474121094,57.5,84000.0,58.9,58.9,57.1,57.5,84,4828700.0,2.590626328813388e-08,2.590626328813388e-08,2.672292307655141e-08,0.0,999.0
4588,2026-07-09,58.70000076293945,58.70000076293945,57.099998474121094,57.5,41021.0,58.7,58.7,57.1,57.5,41,2361600.0,1.2997264911121449e-08,1.2997264911121449e-08,2.672292307655141e-08,0.0,999.5121951219512
4588,2026-07-13,57.900001525878906,59.0,57.900001525878906,58.70000076293945,149050.0,57.9,59.0,57.9,58.7,149,8702900.0,2.6353694433006658e-08,0.0,2.6353694433006658e-08,1.2997264911121449e-08,999.3355704697987
4588,2026-07-14,55.70000076293945,55.70000076293945,53.70000076293945,54.0,149025.0,55.7,55.7,53.7,54.0,149,8084900.0,1.3697297132546302e-08,1.3697297132546302e-08,1.4207438552752868e-08,0.0,999.1677852348994
4588,2026-07-15,54.599998474121094,58.0,54.29999923706055,55.29999923706055,117000.0,54.6,58.0,54.3,55.3,117,6484300.0,2.794650014049607e-08,0.0,1.4050450281451733e-08,1.3796373422835968e-08,999.0
4588,2026-07-16,54.599998474121094,54.900001525878906,54.20000076293945,54.20000076293945,51000.0,54.6,54.9,54.2,54.2,51,2779700.0,2.794650014049607e-08,2.7793787024974236e-08,1.407637362145441e-08,1.407637362145441e-08,999.0
4588,2026-07-17,53.20000076293945,53.29999923706055,51.29999923706055,51.599998474121094,173000.0,53.2,53.3,51.3,51.6,173,9036100.0,1.4340967110579493e-08,1.4314060980916117e-08,1.4872114040600957e-08,2.9571296660292354e-08,999.0
4588,2026-07-20,52.400001525878906,52.400001525878906,50.70000076293945,51.5,72000.0,52.4,52.4,50.7,51.5,72,3708300.0,2.9119826482272624e-08,2.9119826482272624e-08,1.5048115390193867e-08,0.0,999.0
4588,2026-07-21,52.0,52.400001525878906,51.79999923706055,52.0,42000.0,52.0,52.4,51.8,52.0,42,2183300.0,0.0,2.9119826482272624e-08,1.4728560816270833e-08,0.0,999.0
4588,2026-07-22,52.20000076293945,53.099998474121094,52.20000076293945,52.29999923706055,33000.0,52.2,53.1,52.2,52.3,33,1738500.0,1.4615698281280249e-08,2.873594929700726e-08,1.4615698281280249e-08,1.4587752395465184e-08,999.0
4588,2026-07-23,52.0,52.0,51.20000076293945,51.79999923706055,38004.0,52.0,52.0,51.2,51.8,38,1963000.0,0.0,0.0,1.4901161138336505e-08,1.4728560816270833e-08,999.1052631578947
4588,2026-07-24,51.79999923706055,51.79999923706055,51.0,51.599998474121094,42030.0,51.8,51.8,51.0,51.6,42,2160200.0,1.4728560816270833e-08,1.4728560816270833e-08,0.0,2.9571296660292354e-08,999.7142857142857
4588,2026-07-27,51.70000076293945,51.70000076293945,50.79999923706055,51.400001525878906,26000.0,51.7,51.7,50.8,51.4,26,1329200.0,1.4757049328487988e-08,1.4757049328487988e-08,1.501849311580372e-08,2.96863600714219e-08,999.0
4588,2026-07-28,50.79999923706055,50.79999923706055,49.5,49.70000076293945,83000.0,50.8,50.8,49.5,49.7,83,4139750.0,1.501849311580372e-08,1.501849311580372e-08,0.0,1.535089437188791e-08,999.0
4588,2026-07-29,51.29999923706055,53.0,48.5,49.29999923706055,204016.0,51.3,53.0,48.5,49.3,204,10082000.0,1.4872114040600957e-08,0.0,0.0,1.547544523900262e-08,999.0784313725491
4588,2026-07-30,49.0,50.0,48.849998474121094,49.0,76000.0,49.0,50.0,48.85,49.0,76,3749800.0,0.0,0.0,3.12360062982822e-08,0.0,999.0
4588,2026-07-31,50.5,51.20000076293945,50.099998474121094,50.5,46000.0,50.5,51.2,50.1,50.5,46,2329200.0,0.0,1.4901161138336505e-08,3.045666482377416e-08,0.0,999.0
4588,2026-08-03,50.79999923706055,51.0,50.29999923706055,50.599998474121094,21000.0,50.8,51.0,50.3,50.6,21,1061800.0,1.501849311580372e-08,0.0,1.5167782311785867e-08,3.0155709637768487e-08,999.0
4588,2026-08-04,50.099998474121094,50.79999923706055,49.45000076293945,50.599998474121094,58000.0,50.1,50.8,49.45,50.6,58,2912500.0,3.045666482377416e-08,1.501849311580372e-08,1.542850253352536e-08,3.0155709637768487e-08,999.0
4588,2026-08-05,50.099998474121094,51.900001525878906,50.099998474121094,51.0,49000.0,50.1,51.9,50.1,51.0,49,2490200.0,3.045666482377416e-08,2.9400364309654826e-08,3.045666482377416e-08,0.0,999.0
4588,2026-08-06,52.0,52.0,50.29999923706055,51.099998474121094,38000.0,52.0,52.0,50.3,51.1,38,1933400.0,0.0,0.0,1.5167782311785867e-08,2.9860643985735526e-08,999.0
4588,2026-08-07,51.599998474121094,52.0,51.099998474121094,51.29999923706055,41000.0,51.6,52.0,51.1,51.3,41,2110700.0,2.9571296660292354e-08,0.0,2.9860643985735526e-08,1.4872114040600957e-08,999.0
4588,2026-08-10,52.099998474121094,52.400001525878906,51.79999923706055,52.29999923706055,50016.0,52.1,52.4,51.8,52.3,50,2613800.0,2.9287503026316418e-08,2.9119826482272624e-08,1.4728560816270833e-08,1.4587752395465184e-08,999.32
4588,2026-08-11,52.29999923706055,52.5,51.70000076293945,52.099998474121094,30010.0,52.3,52.5,51.7,52.1,30,1566400.0,1.4587752395465184e-08,0.0,1.4757049328487988e-08,2.9287503026316418e-08,999.3333333333334
4588,2026-08-12,52.0,52.900001525878906,52.0,52.900001525878906,78053.0,52.0,52.9,52.0,52.9,78,4087800.0,0.0,2.884459182743073e-08,0.0,2.884459182743073e-08,999.6794871794872
4588,2026-08-13,52.5,53.0,52.29999923706055,52.599998474121094,30000.0,52.5,53.0,52.3,52.6,30,1577600.0,0.0,0.0,1.4587752395465184e-08,2.900910470857577e-08,999.0
4588,2026-08-14,53.0,53.0,51.900001525878906,52.20000076293945,31200.0,53.0,53.0,51.9,52.2,31,1615500.0,0.0,0.0,2.9400364309654826e-08,1.4615698281280249e-08,1005.4516129032259
4588,2026-08-17,52.5,52.5,51.0,51.29999923706055,30200.0,52.5,52.5,51.0,51.3,30,1543800.0,0.0,0.0,0.0,1.4872114040600957e-08,1005.6666666666666
4588,2026-08-18,52.900001525878906,53.0,51.20000076293945,52.099998474121094,37150.0,52.9,53.0,51.2,52.1,37,1920200.0,2.884459182743073e-08,0.0,1.4901161138336505e-08,2.9287503026316418e-08,1003.0540540540541
4588,2026-08-19,51.400001525878906,52.20000076293945,51.29999923706055,51.29999923706055,40002.0,51.4,52.2,51.3,51.3,40,2061900.0,2.96863600714219e-08,1.4615698281280249e-08,1.4872114040600957e-08,1.4872114040600957e-08,999.05
4927,2026-05-25,58.099998474121094,61.900001525878906,57.099998474121094,61.900001525878906,24005386.0,58.1,61.9,57.1,61.9,23983,1467099900.0,2.626297603564691e-08,2.4650709332327716e-08,2.672292307655141e-08,2.4650709332327716e-08,999.9334111662428
4927,2026-05-26,63.900001525878906,65.9000015258789,59.70000076293945,61.20000076293945,35355582.0,63.9,65.9,59.7,61.2,35333,2198667500.0,2.3879169134132795e-08,2.3154459796140486e-08,1.2779555281119414e-08,1.2466330886974331e-08,999.6391192369739
4927,2026-05-27,61.79999923706055,63.400001525878906,57.20000076293945,58.599998474121094,18661550.0,61.8,63.4,57.2,58.6,18634,1117878100.0,1.2345298548265843e-08,2.4067490657272643e-08,1.3338102277671836e-08,2.6038889209404187e-08,1000.4784801974885
4927,2026-05-28,58.70000076293945,62.0,56.29999923706055,57.29999923706055,16126525.0,58.7,62.0,56.3,57.3,16089,943921000.0,1.2997264911121449e-08,0.0,1.355132238513018e-08,1.3314824612265779e-08,1001.3323388650631
4927,2026-05-29,58.79999923706055,59.400001525878906,55.599998474121094,56.20000076293945,10880577.0,58.8,59.4,55.6,56.2,10836,614003600.0,1.2975160719095733e-08,2.5688197098839823e-08,2.7443865245882833e-08,1.3575435058413328e-08,1003.1137873754153
4927,2026-06-01,56.20000076293945,59.900001525878906,55.400001525878906,55.79999923706055,12554083.0,56.2,59.9,55.4,55.8,12528,718991500.0,1.3575435058413328e-08,2.547377141354066e-08,2.7542940571680242e-08,1.3672750005068621e-08,1001.0819763729246
4927,2026-06-02,55.79999923706055,56.29999923706055,50.900001525878906,52.599998474121094,15199877.0,55.8,56.3,50.9,52.6,15174,802490100.0,1.3672750005068621e-08,1.355132238513018e-08,2.99779746104339e-08,2.900910470857577e-08,1000.7053512587321
4927,2026-06-03,52.900001525878906,53.5,51.70000076293945,52.0,6822462.0,52.9,53.5,51.7,52.0,6812,357754600.0,2.884459182743073e-08,0.0,1.4757049328487988e-08,0.0,1000.5358191426893
4927,2026-06-04,52.0,53.0,51.0,53.0,6312396.0,52.0,53.0,51.0,53.0,6291,326908400.0,0.0,0.0,0.0,0.0,1002.4010491177874
4927,2026-06-05,52.900001525878906,53.5,50.400001525878906,51.79999923706055,7629002.0,52.9,53.5,50.4,51.8,7617,394503900.0,2.884459182743073e-08,0.0,3.027537515220408e-08,1.4728560816270833e-08,1000.5756859656033
4927,2026-06-08,46.650001525878906,51.29999923706055,46.650001525878906,50.79999923706055,10825200.0,46.65,51.3,46.65,50.8,10800,518896150.0,3.270908698115939e-08,1.4872114040600957e-08,3.270908698115939e-08,1.501849311580372e-08,1001.3333333333334
4927,2026-06-09,51.5,55.79999923706055,50.900001525878906,54.599998474121094,13617121.0,51.5,55.8,50.9,54.6,13594,728769900.0,0.0,1.3672750005068621e-08,2.99779746104339e-08,2.794650014049607e-08,1000.7008238928939
4927,2026-06-10,54.400001525878906,56.20000076293945,49.70000076293945,49.70000076293945,12666043.0,54.4,56.2,49.7,49.7,12612,665382550.0,2.804924462630672e-08,1.3575435058413328e-08,1.535089437188791e-08,1.535089437188791e-08,1003.285045987948
4927,2026-06-11,49.20000076293945,51.29999923706055,47.849998474121094,48.79999923706055,8396114.0,49.2,51.3,47.85,48.8,8381,412828100.0,1.550689939599246e-08,1.4872114040600957e-08,3.1888796398559776e-08,1.5634005128746498e-08,1000.8033647536093
4927,2026-06-12,51.099998474121094,52.0,49.5,49.5,5031500.0,51.1,52.0,49.5,49.5,5023,253138650.0,2.9860643985735526e-08,0.0,0.0,0.0,1000.6922158072865
4927,2026-06-15,51.0,53.099998474121094,50.599998474121094,51.599998474121094,5942860.0,51.0,53.1,50.6,51.6,5935,308094800.0,0.0,2.873594929700726e-08,3.0155709637768487e-08,2.9571296660292354e-08,1000.3243470935131
4927,2026-06-16,52.20000076293945,52.900001525878906,49.54999923706055,49.599998474121094,5820393.0,52.2,52.9,49.55,49.6,5797,294056700.0,1.4615698281280249e-08,2.884459182743073e-08,1.5397365293296248e-08,3.076368765465898e-08,1003.0353631188545
4927,2026-06-17,49.5,50.5,49.0,50.0,3047356.0,49.5,50.5,49.0,50.0,3040,151223900.0,0.0,0.0,0.0,0.0,1001.4197368421053
4927,2026-06-18,50.5,51.79999923706055,49.75,51.099998474121094,4133721.0,50.5,51.8,49.75,51.1,4127,210827450.0,0.0,1.4728560816270833e-08,0.0,2.9860643985735526e-08,1000.6285437363703
4927,2026-06-22,53.0,54.79999923706055,51.5,52.099998474121094,10295764.0,53.0,54.8,51.5,52.1,10280,547257700.0,0.0,1.3922252742387392e-08,0.0,2.9287503026316418e-08,1000.5334630350195
4927,2026-06-23,52.29999923706055,52.29999923706055,48.70000076293945,48.900001525878906,9227216.0,52.3,52.3,48.7,48.9,9201,457661050.0,1.4587752395465184e-08,1.4587752395465184e-08,1.566610780868232e-08,3.120406764153549e-08,1001.8492555157048
4927,2026-06-24,48.20000076293945,49.599998474121094,48.150001525878906,48.54999923706055,4154132.0,48.2,49.6,48.15,48.55,4131,201240600.0,1.5828619300473632e-08,3.076368765465898e-08,3.169011230884913e-08,1.5714509789553637e-08,1004.59961268458
4927,2026-06-25,49.599998474121094,50.20000076293945,48.54999923706055,48.70000076293945,3097644.0,49.6,50.2,48.55,48.7,3085,151655300.0,3.076368765465898e-08,1.5197997017586234e-08,1.5714509789553637e-08,1.566610780868232e-08,1003.0985413290114
4927,2026-06-26,48.849998474121094,49.099998474121094,45.349998474121094,45.650001525878906,7968670.0,48.85,49.1,45.35,45.65,7952,372098350.0,3.12360062982822e-08,3.107696349635612e-08,3.3646723432658994e-08,3.3425605863550613e-08,1001.0963279678068
4927,2026-06-29,45.650001525878906,47.0,44.25,44.349998474121094,6604501.0,45.65,47.0,44.25,44.35,6598,298414800.0,3.3425605863550613e-08,0.0,0.0,3.440538686969753e-08,999.9852985753258
4927,2026-06-30,45.29999923706055,48.70000076293945,44.849998474121094,48.20000076293945,5659081.0,45.3,48.7,44.85,48.2,5654,266788800.0,1.6841930469819626e-08,1.566610780868232e-08,3.4021826257995214e-08,1.5828619300473632e-08,999.8986558188893
4927,2026-07-01,48.5,49.099998474121094,46.099998474121094,46.45000076293945,4242052.0,48.5,49.1,46.1,46.45,4237,201574450.0,0.0,3.107696349635612e-08,3.309932554601053e-08,1.642496125474336e-08,1000.1923530800094
4927,2026-07-02,44.79999923706055,48.150001525878906,44.79999923706055,46.599998474121094,4647000.0,44.8,48.15,44.8,46.6,4637,215439300.0,1.7029898443813148e-08,3.169011230884913e-08,1.7029898443813148e-08,3.2744182568049044e-08,1001.1565667457407
4927,2026-07-03,46.099998474121094,47.79999923706055,45.79999923706055,46.54999923706055,2839266.0,46.1,47.8,45.8,46.55,2828,132347550.0,3.309932554601053e-08,1.5961076365749562e-08,1.665806660006177e-08,1.6389676697805137e-08,1002.9837340876945
4927,2026-07-06,47.29999923706055,48.0,45.599998474121094,46.400001525878906,2962142.0,47.3,48.0,45.6,46.4,2955,137856250.0,1.612979810323106e-08,0.0,3.3462256747172925e-08,3.2885321286014776e-08,1001.4169204737733
4927,2026-07-07,46.900001525878906,46.900001525878906,41.79999923706055,42.0,11512243.0,46.9,46.9,41.8,42.0,11502,498496400.0,3.2534731506846176e-08,3.2534731506846176e-08,1.8252139958919357e-08,0.0,999.8905407755173
4927,2026-07-08,42.5,42.599998474121094,40.349998474121094,41.5,4793035.0,42.5,42.6,40.35,41.5,4791,198421400.0,0.0,3.581875370119919e-08,3.781608197450026e-08,0.0,999.4247547484867
4927,2026-07-09,42.0,42.54999923706055,40.75,40.849998474121094,3215150.0,42.0,42.55,40.75,40.85,3212,133311350.0,0.0,1.793042186328623e-08,0.0,3.73532168340535e-08,999.980697384807
4927,2026-07-13,41.099998474121094,42.20000076293945,40.20000076293945,40.650001525878906,2926516.0,41.1,42.2,40.2,40.65,2922,119778150.0,3.712600748591449e-08,1.8079133892958033e-08,1.8978593290617636e-08,3.753699649867369e-08,1000.545516769336
4927,2026-07-14,40.849998474121094,40.849998474121094,36.95000076293945,40.099998474121094,6341000.0,40.85,40.85,36.95,40.1,6330,243600350.0,3.73532168340535e-08,3.73532168340535e-08,2.0647887693716617e-08,3.805184308406697e-08,1000.7377567140601
4927,2026-07-15,40.95000076293945,41.25,39.849998474121094,40.25,2713611.0,40.95,41.25,39.85,40.25,2707,109256650.0,1.863100000690669e-08,0.0,3.829056230040365e-08,0.0,1001.4421869227928
4927,2026-07-16,41.0,41.45000076293945,39.150001525878906,39.29999923706055,2272000.0,41.0,41.45,39.15,39.3,2256,89869450.0,0.0,1.8406259355436163e-08,3.897519559823973e-08,1.9413217564448578e-08,1006.0921985815603
4927,2026-07-17,38.349998474121094,38.349998474121094,36.150001525878906,36.5,4500737.0,38.35,38.35,36.15,36.5,4477,166097400.0,3.97882374881639e-08,3.97882374881639e-08,4.220965166448369e-08,0.0,1004.3019879383515
4927,2026-07-20,35.400001525878906,35.70000076293945,33.20000076293945,34.599998474121094,5422503.0,35.4,35.7,33.2,34.6,5419,186490700.0,4.310392394551089e-08,2.137085294909885e-08,2.2980103924181596e-08,4.4100546464482236e-08,999.6464292304853
4927,2026-07-21,34.599998474121094,36.0,34.5,35.349998474121094,2510451.0,34.6,36.0,34.5,35.35,2504,88444500.0,4.4100546464482236e-08,0.0,0.0,4.316489130611274e-08,1001.5762779552716
4927,2026-07-22,36.29999923706055,37.099998474121094,36.0,36.5,2516230.0,36.3,37.1,36.0,36.5,2510,91593000.0,2.1017615710270776e-08,4.112881152752252e-08,0.0,0.0,1001.4820717131474
4927,2026-07-23,37.5,37.5,34.900001525878906,35.650001525878906,2074182.0,37.5,37.5,34.9,35.65,2073,74006000.0,0.0,0.0,4.372145867252394e-08,4.2801652389090755e-08,999.5701881331404
4927,2026-07-24,35.25,35.29999923706055,33.599998474121094,34.25,2096028.0,35.25,35.3,33.6,34.25,2095,71991500.0,0.0,2.16130155887487e-08,4.541306272830611e-08,0.0,999.4906921241051
4927,2026-07-27,34.25,34.29999923706055,33.150001525878906,34.099998474121094,1940490.0,34.25,34.3,33.15,34.1,1930,65049550.0,0.0,2.2243132661306973e-08,4.602952964317e-08,4.4747182043140336e-08,1004.4352331606218
4927,2026-07-28,33.150001525878906,33.150001525878906,30.950000762939453,31.100000381469727,3893574.0,33.15,33.15,30.95,31.1,3877,122643800.0,4.602952964317e-08,4.602952964317e-08,2.4650709332327716e-08,1.2265907560817186e-08,1003.2749548620067
4927,2026-07-29,31.200000762939453,31.549999237060547,28.0,28.399999618530273,8040454.0,31.2,31.55,28.0,28.4,8029,230197650.0,2.4453187622934063e-08,2.4181916127909437e-08,0.0,1.3432032575401921e-08,1000.4265786523852
4927,2026-07-30,26.350000381469727,28.950000762939453,26.350000381469727,26.899999618530273,4676634.0,26.35,28.95,26.35,26.9,4667,128902600.0,1.447702941713148e-08,2.6353694433006658e-08,1.447702941713148e-08,1.4181030674402029e-08,1001.064281122777
4927,2026-07-31,29.0,29.5,28.100000381469727,29.200000762939453,3265946.0,29.0,29.5,28.1,29.2,3260,93730000.0,0.0,0.0,1.3575435058413328e-08,2.612806348751859e-08,1000.8239263803681
4927,2026-08-03,28.700000762939453,30.75,28.5,30.25,3063405.0,28.7,30.75,28.5,30.25,3063,91859850.0,2.658325623120358e-08,0.0,0.0,0.0,999.13222331048
4927,2026-08-04,30.0,30.5,29.25,30.450000762939453,3410000.0,30.0,30.5,29.25,30.45,3410,102689350.0,0.0,0.0,0.0,2.5055482884582685e-08,999.0
4927,2026-08-05,32.20000076293945,32.45000076293945,31.450000762939453,31.899999618530273,2851015.0,32.2,32.45,31.45,31.9,2849,91148100.0,2.3693771747913943e-08,2.3511231133523235e-08,2.42588061632923e-08,1.195829859377475e-08,999.7072657072657
4927,2026-08-06,32.29999923706055,35.04999923706055,31.149999618530273,35.04999923706055,3629001.0,32.3,35.05,31.15,35.05,3629,121737750.0,2.362041641742505e-08,2.1767174045159176e-08,1.2246219105663388e-08,2.1767174045159176e-08,999.000275558005
4927,2026-08-07,35.400001525878906,35.45000076293945,32.650001525878906,33.0,8569440.0,35.4,35.45,32.65,33.0,8564,289337950.0,4.310392394551089e-08,2.1521564182872467e-08,4.673442289957383e-08,0.0,999.6352171882298
4927,2026-08-10,33.25,34.150001525878906,33.0,33.79999923706055,3612227.0,33.25,34.15,33.0,33.8,3610,121464400.0,0.0,4.4681666403252873e-08,0.0,2.2572173085290802e-08,999.6168975069252
4927,2026-08-11,33.79999923706055,34.54999923706055,33.400001525878906,33.849998474121094,1862311.0,33.8,34.55,33.4,33.85,1860,63017350.0,2.2572173085290802e-08,2.2082183799792448e-08,4.5684997235661246e-08,4.5077663446708577e-08,1000.2424731182796
4927,2026-08-12,34.20000076293945,34.79999923706055,33.849998474121094,34.5,1866269.0,34.2,34.8,33.85,34.5,1864,64189850.0,2.2308171060901433e-08,2.192354742192038e-08,4.5077663446708577e-08,0.0,1000.2172746781116
4927,2026-08-13,35.099998474121094,35.150001525878906,34.29999923706055,34.54999923706055,1882077.0,35.1,35.15,34.3,34.55,1880,65357000.0,4.347233355188277e-08,4.341049523957569e-08,2.2243132661306973e-08,2.2082183799792448e-08,1000.1047872340425
4927,2026-08-14,33.70000076293945,34.04999923706055,33.0,33.349998474121094,2333553.0,33.7,34.05,33.0,33.35,2325,77591950.0,2.263915282738365e-08,2.2406444942226995e-08,0.0,4.5753490484890115e-08,1002.6787096774193
4927,2026-08-17,33.0,34.5,33.0,33.54999923706055,1659000.0,33.0,34.5,33.0,33.55,1656,55592100.0,0.0,0.0,0.0,2.2740371096358544e-08,1000.8115942028985
4927,2026-08-18,33.54999923706055,33.79999923706055,32.70000076293945,32.75,1738000.0,33.55,33.8,32.7,32.75,1735,57315450.0,2.2740371096358544e-08,2.2572173085290802e-08,2.333148166002535e-08,0.0,1000.7291066282421
4927,2026-08-19,32.25,33.0,31.950000762939453,32.25,1445003.0,32.25,33.0,31.95,32.25,1439,46463500.0,0.0,0.0,2.3879169134132795e-08,0.0,1003.1716469770674
5203,2026-05-25,65.4000015258789,66.5,64.4000015258789,64.9000015258789,373131.0,65.4,66.5,64.4,64.9,373,24161600.0,2.333148166002535e-08,0.0,2.3693771747913943e-08,2.3511231133523235e-08,999.3512064343164
5203,2026-05-26,65.19999694824219,66.4000015258789,64.30000305175781,65.69999694824219,255637.0,65.2,66.4,64.3,65.7,255,16640700.0,4.6806101462303235e-08,2.2980103924181596e-08,4.746124129614574e-08,4.6449890644477486e-08,1001.4980392156863
5203,2026-05-27,65.9000015258789,65.9000015258789,64.9000015258789,65.0,249786.0,65.9,65.9,64.9,65.0,248,16161300.0,2.3154459796140486e-08,2.3154459796140486e-08,2.3511231133523235e-08,0.0,1006.2016129032259
5203,2026-05-28,65.0999984741211,65.4000015258789,63.599998474121094,64.0,218348.0,65.1,65.4,63.6,64.0,217,13977500.0,2.3439000008689068e-08,2.333148166002535e-08,2.3991806724388137e-08,0.0,1005.2119815668203
5203,2026-05-29,64.0,65.19999694824219,64.0,64.5999984741211,153002.0,64.0,65.2,64.0,64.6,153,9915400.0,0.0,4.6806101462303235e-08,0.0,2.362041641742505e-08,999.0130718954248
5203,2026-06-01,65.5,71.0,65.5,70.0,1515512.0,65.5,71.0,65.5,70.0,1489,103610500.0,0.0,0.0,0.0,0.0,1016.8052384150436
5203,2026-06-02,72.0,72.30000305175781,68.5,70.5999984741211,1204698.0,72.0,72.3,68.5,70.6,1203,84529300.0,0.0,4.220965166448369e-08,0.0,2.16130155887487e-08,1000.4114713216958
5203,2026-06-03,72.0,72.30000305175781,70.30000305175781,71.4000015258789,931216.0,72.0,72.3,70.3,71.4,930,66111800.0,0.0,4.220965166448369e-08,4.341049523957569e-08,2.137085294909885e-08,1000.3075268817204
5203,2026-06-04,71.4000015258789,74.80000305175781,70.4000015258789,72.0,1648209.0,71.4,74.8,70.4,72.0,1645,118901900.0,2.137085294909885e-08,4.079890127462795e-08,2.1674416201216733e-08,0.0,1000.9507598784195
5203,2026-06-05,72.0,73.30000305175781,71.0,71.80000305175781,579116.0,72.0,73.3,71.0,71.8,579,41492000.0,0.0,4.163380375637341e-08,0.0,4.2503590742927175e-08,999.2003454231434
5203,2026-06-08,65.0999984741211,68.5999984741211,65.0999984741211,67.9000015258789,770100.0,65.1,68.6,65.1,67.9,770,51489800.0,2.3439000008689068e-08,2.2243132661306973e-08,2.3439000008689068e-08,2.2472443307299824e-08,999.1298701298701
5203,2026-06-09,67.5,69.80000305175781,67.5,69.0,351850.0,67.5,69.8,67.5,69.0,351,24140600.0,0.0,4.372145867252394e-08,0.0,0.0,1001.4216524216524
5203,2026-06-10,68.9000015258789,69.9000015258789,67.0,68.0,577052.0,68.9,69.9,67.0,68.0,577,39493000.0,2.2146283027077763e-08,2.1829454943714706e-08,0.0,0.0,999.0901213171577
5203,2026-06-11,68.0,68.30000305175781,66.69999694824219,68.0,355001.0,68.0,68.3,66.7,68.0,355,24007300.0,0.0,4.4681666403252873e-08,4.5753490484890115e-08,0.0,999.0028169014084
5203,2026-06-12,68.0,70.0,68.0,70.0,316001.0,68.0,70.0,68.0,70.0,316,21896000.0,0.0,0.0,0.0,0.0,999.003164556962
5203,2026-06-15,70.9000015258789,70.9000015258789,68.5999984741211,68.69999694824219,374226.0,70.9,70.9,68.6,68.7,374,25922400.0,2.1521564182872467e-08,2.1521564182872467e-08,2.2243132661306973e-08,4.442151114035183e-08,999.6042780748663
5203,2026-06-16,69.5,70.4000015258789,68.69999694824219,70.0,325010.0,69.5,70.4,68.7,70.0,325,22647700.0,0.0,2.1674416201216733e-08,4.442151114035183e-08,0.0,999.0307692307692
5203,2026-06-17,69.19999694824219,69.30000305175781,68.19999694824219,68.5,251160.0,69.2,69.3,68.2,68.5,251,17235100.0,4.4100546464482236e-08,4.403690931229684e-08,4.4747182043140336e-08,0.0,999.6374501992032
5203,2026-06-18,68.5999984741211,69.0999984741211,68.30000305175781,69.0,239000.0,68.6,69.1,68.3,69.0,239,16417900.0,2.2243132661306973e-08,2.2082183799792448e-08,4.4681666403252873e-08,0.0,999.0
5203,2026-06-22,69.0999984741211,69.5,68.4000015258789,69.0,245878.0,69.1,69.5,68.4,69.0,245,16889500.0,2.2082183799792448e-08,0.0,2.2308171060901433e-08,0.0,1002.5836734693878
5203,2026-06-23,69.19999694824219,69.19999694824219,67.80000305175781,67.9000015258789,294001.0,69.2,69.2,67.8,67.9,293,19962100.0,4.4100546464482236e-08,4.4100546464482236e-08,4.501117721743615e-08,2.2472443307299824e-08,1002.4163822525597
5203,2026-06-24,67.19999694824219,68.5,67.19999694824219,67.5,273210.0,67.2,68.5,67.2,67.5,273,18473700.0,4.541306272830611e-08,0.0,4.541306272830611e-08,0.0,999.7692307692307
5203,2026-06-25,67.69999694824219,68.5,67.0,67.0,347161.0,67.7,68.5,67.0,67.0,347,23405700.0,4.5077663446708577e-08,0.0,0.0,0.0,999.463976945245
5203,2026-06-26,66.5999984741211,67.0999984741211,66.30000305175781,67.0,377050.0,66.6,67.1,66.3,67.0,377,25193200.0,2.291109460308796e-08,2.2740371096358544e-08,4.602952964317e-08,0.0,999.132625994695
5203,2026-06-29,66.4000015258789,70.0,66.4000015258789,68.80000305175781,538277.0,66.4,70.0,66.4,68.8,537,36868500.0,2.2980103924181596e-08,0.0,2.2980103924181596e-08,4.435694499043853e-08,1001.3780260707636
5203,2026-06-30,69.69999694824219,69.69999694824219,66.80000305175781,67.30000305175781,392010.0,69.7,69.7,66.8,67.3,392,26411900.0,4.378418673374707e-08,4.378418673374707e-08,4.5684997235661246e-08,4.534558418041859e-08,999.0255102040817
5203,2026-07-01,67.69999694824219,68.5,67.30000305175781,68.19999694824219,193101.0,67.7,68.5,67.3,68.2,193,13129500.0,4.5077663446708577e-08,0.0,4.534558418041859e-08,4.4747182043140336e-08,999.5233160621761
5203,2026-07-02,68.0999984741211,69.5999984741211,67.9000015258789,69.5,281500.0,68.1,69.6,67.9,69.5,281,19437500.0,2.2406444942226995e-08,2.192354742192038e-08,2.2472443307299824e-08,0.0,1000.7793594306049
5203,2026-07-03,69.4000015258789,70.5999984741211,69.30000305175781,69.69999694824219,265007.0,69.4,70.6,69.3,69.7,265,18507600.0,2.1986727673856743e-08,2.16130155887487e-08,4.403690931229684e-08,4.378418673374707e-08,999.0264150943397
5203,2026-07-06,70.0,71.5999984741211,69.69999694824219,70.69999694824219,368110.0,70.0,71.6,69.7,70.7,368,26151500.0,0.0,2.1311157829129306e-08,4.378418673374707e-08,4.316489130611274e-08,999.2989130434783
5203,2026-07-07,70.69999694824219,70.69999694824219,67.69999694824219,68.0,312057.0,70.7,70.7,67.7,68.0,312,21503100.0,4.316489130611274e-08,4.316489130611274e-08,4.5077663446708577e-08,0.0,999.1826923076923
5203,2026-07-08,67.69999694824219,68.5,66.9000015258789,68.4000015258789,156000.0,67.7,68.5,66.9,68.4,156,10573000.0,4.5077663446708577e-08,0.0,2.2808354268544962e-08,2.2308171060901433e-08,999.0
5203,2026-07-09,68.80000305175781,68.80000305175781,67.5,68.19999694824219,78030.0,68.8,68.8,67.5,68.2,78,5304000.0,4.435694499043853e-08,4.435694499043853e-08,0.0,4.4747182043140336e-08,999.3846153846154
5203,2026-07-13,68.4000015258789,68.80000305175781,67.19999694824219,68.0999984741211,147042.0,68.4,68.8,67.2,68.1,147,9990600.0,2.2308171060901433e-08,4.435694499043853e-08,4.541306272830611e-08,2.2406444942226995e-08,999.2857142857143
5203,2026-07-14,68.0999984741211,68.0999984741211,65.4000015258789,66.69999694824219,197067.0,68.1,68.1,65.4,66.7,197,13070600.0,2.2406444942226995e-08,2.2406444942226995e-08,2.333148166002535e-08,4.5753490484890115e-08,999.3401015228426
5203,2026-07-15,66.69999694824219,68.0,66.69999694824219,67.9000015258789,77000.0,66.7,68.0,66.7,67.9,77,5199000.0,4.5753490484890115e-08,0.0,4.5753490484890115e-08,2.2472443307299824e-08,999.0
5203,2026-07-16,67.4000015258789,68.4000015258789,67.30000305175781,67.4000015258789,68012.0,67.4,68.4,67.3,67.4,67,4549000.0,2.263915282738365e-08,2.2308171060901433e-08,4.534558418041859e-08,2.263915282738365e-08,1014.1044776119403
5203,2026-07-17,66.5,67.19999694824219,64.9000015258789,65.0999984741211,283101.0,66.5,67.2,64.9,65.1,283,18595600.0,0.0,4.541306272830611e-08,2.3511231133523235e-08,2.3439000008689068e-08,999.356890459364
5203,2026-07-20,66.19999694824219,66.19999694824219,64.0,64.80000305175781,112000.0,66.2,66.2,64.0,64.8,112,7274600.0,4.609906065471557e-08,4.609906065471557e-08,0.0,4.709502801453968e-08,999.0
5203,2026-07-21,64.5999984741211,66.19999694824219,64.5999984741211,65.9000015258789,103186.0,64.6,66.2,64.6,65.9,103,6739100.0,2.362041641742505e-08,4.609906065471557e-08,2.362041641742505e-08,2.3154459796140486e-08,1000.8058252427185
5203,2026-07-22,66.30000305175781,66.9000015258789,66.0999984741211,66.30000305175781,123175.0,66.3,66.9,66.1,66.3,123,8176600.0,4.602952964317e-08,2.2808354268544962e-08,2.3084400916273194e-08,4.602952964317e-08,1000.4227642276422
5203,2026-07-23,66.69999694824219,67.19999694824219,65.5,65.9000015258789,78158.0,66.7,67.2,65.5,65.9,78,5155300.0,4.5753490484890115e-08,4.541306272830611e-08,0.0,2.3154459796140486e-08,1001.025641025641
5203,2026-07-24,65.4000015258789,66.5999984741211,65.4000015258789,66.5999984741211,92099.0,65.4,66.6,65.4,66.6,92,6084800.0,2.333148166002535e-08,2.291109460308796e-08,2.333148166002535e-08,2.291109460308796e-08,1000.0760869565217
5203,2026-07-27,67.0,69.9000015258789,66.9000015258789,68.9000015258789,350127.0,67.0,69.9,66.9,68.9,350,24036900.0,0.0,2.1829454943714706e-08,2.2808354268544962e-08,2.2146283027077763e-08,999.3628571428571
5203,2026-07-28,67.5,68.0999984741211,66.30000305175781,66.30000305175781,197058.0,67.5,68.1,66.3,66.3,197,13194500.0,0.0,2.2406444942226995e-08,4.602952964317e-08,4.602952964317e-08,999.2944162436548
5203,2026-07-29,67.30000305175781,67.30000305175781,62.29999923706055,63.20000076293945,594030.0,67.3,67.3,62.3,63.2,594,37726200.0,4.534558418041859e-08,4.534558418041859e-08,1.2246219105663388e-08,1.2071826744981471e-08,999.0505050505051
5203,2026-07-30,63.70000076293945,63.900001525878906,62.0,62.5,228014.0,63.7,63.9,62.0,62.5,228,14289400.0,1.1977071433011445e-08,2.3879169134132795e-08,0.0,0.0,999.061403508772
5203,2026-07-31,63.5,65.69999694824219,63.5,64.19999694824219,234254.0,63.5,65.7,63.5,64.2,234,15160100.0,0.0,4.6449890644477486e-08,0.0,4.753516846327369e-08,1000.0854700854701
5203,2026-08-03,63.79999923706055,64.9000015258789,63.79999923706055,64.0999984741211,82081.0,63.8,64.9,63.8,64.1,82,5260000.0,1.195829859377475e-08,2.3511231133523235e-08,1.195829859377475e-08,2.380466303534568e-08,999.9878048780488
5203,2026-08-04,63.5,65.69999694824219,63.5,65.69999694824219,129100.0,63.5,65.7,63.5,65.7,129,8377700.0,0.0,4.6449890644477486e-08,0.0,4.6449890644477486e-08,999.7751937984497
5203,2026-08-05,66.5999984741211,67.69999694824219,66.19999694824219,67.5,230095.0,66.6,67.7,66.2,67.5,230,15412800.0,2.291109460308796e-08,4.5077663446708577e-08,4.609906065471557e-08,0.0,999.4130434782609
5203,2026-08-06,67.0999984741211,67.5,66.19999694824219,67.0,110374.0,67.1,67.5,66.2,67.0,110,7322000.0,2.2740371096358544e-08,0.0,4.609906065471557e-08,0.0,1002.4
5203,2026-08-07,66.9000015258789,67.5,66.30000305175781,66.5999984741211,114000.0,66.9,67.5,66.3,66.6,114,7614600.0,2.2808354268544962e-08,0.0,4.602952964317e-08,2.291109460308796e-08,999.0
5203,2026-08-10,67.0999984741211,67.0999984741211,65.30000305175781,66.30000305175781,180050.0,67.1,67.1,65.3,66.3,180,11874400.0,2.2740371096358544e-08,2.2740371096358544e-08,4.673442289957383e-08,4.602952964317e-08,999.2777777777778
5203,2026-08-11,66.30000305175781,66.5999984741211,65.5,65.80000305175781,380107.0,66.3,66.6,65.5,65.8,377,24830500.0,4.602952964317e-08,2.291109460308796e-08,0.0,4.637929810550412e-08,1007.2413793103449
5203,2026-08-12,62.400001525878906,62.400001525878906,61.29999923706055,61.79999923706055,304003.0,62.4,62.4,61.3,61.8,304,18769900.0,2.4453187622934063e-08,2.4453187622934063e-08,1.2445994294989055e-08,1.2345298548265843e-08,999.0098684210526
5203,2026-08-13,62.400001525878906,62.400001525878906,61.20000076293945,61.20000076293945,150338.0,62.4,62.4,61.2,61.2,149,9168100.0,2.4453187622934063e-08,2.4453187622934063e-08,1.2466330886974331e-08,1.2466330886974331e-08,1007.9798657718121
5203,2026-08-14,61.20000076293945,61.20000076293945,60.70000076293945,61.0,145000.0,61.2,61.2,60.7,61.0,145,8820700.0,1.2466330886974331e-08,1.2466330886974331e-08,1.2569018950293724e-08,0.0,999.0
5203,2026-08-17,61.20000076293945,61.20000076293945,60.099998474121094,60.20000076293945,167461.0,61.2,61.2,60.1,60.2,167,10077800.0,1.2466330886974331e-08,1.2466330886974331e-08,2.5389000127638693e-08,1.2673412795395831e-08,1001.7604790419161
5203,2026-08-18,60.099998474121094,60.099998474121094,58.099998474121094,58.400001525878906,415000.0,60.1,60.1,58.1,58.4,415,24420300.0,2.5389000127638693e-08,2.5389000127638693e-08,2.626297603564691e-08,2.612806348751859e-08,999.0
5203,2026-08-19,58.400001525878906,58.900001525878906,57.70000076293945,58.5,137300.0,58.4,58.9,57.7,58.5,137,8005300.0,2.612806348751859e-08,2.590626328813388e-08,1.3222520802128752e-08,0.0,1001.1897810218978
5515,2026-05-25,40.0,40.75,39.900001525878906,40.70000076293945,542120.0,40.0,40.75,39.9,40.7,541,21801450.0,0.0,0.0,3.82425791396262e-08,1.8745441038890146e-08,1001.0702402957486
5515,2026-05-26,40.45000076293945,40.900001525878906,40.20000076293945,40.25,291400.0,40.45,40.9,40.2,40.25,291,11753050.0,1.886129666953842e-08,3.7307552754794264e-08,1.8978593290617636e-08,0.0,1000.3745704467354
5515,2026-05-27,40.599998474121094,41.04999923706055,40.29999923706055,40.599998474121094,502828.0,40.6,41.05,40.3,40.6,502,20453750.0,3.758322432687402e-08,1.858561389239535e-08,1.893150000701809e-08,3.758322432687402e-08,1000.6494023904382
5515,2026-05-28,41.20000076293945,41.20000076293945,40.150001525878906,40.599998474121094,414416.0,41.2,41.2,40.15,40.6,414,16786600.0,1.851794782239876e-08,1.851794782239876e-08,3.800445598184522e-08,3.758322432687402e-08,1000.0048309178744
5515,2026-05-29,40.70000076293945,41.599998474121094,40.400001525878906,40.75,618768.0,40.7,41.6,40.4,40.75,618,25211000.0,1.8745441038890146e-08,3.667978143440109e-08,3.7769279892848653e-08,0.0,1000.242718446602
5515,2026-06-01,40.79999923706055,41.75,40.75,41.54999923706055,745600.0,40.8,41.75,40.75,41.55,745,30747050.0,1.8699496330461497e-08,0.0,0.0,1.8361960295615623e-08,999.8053691275168
5515,2026-06-02,41.54999923706055,41.54999923706055,40.650001525878906,41.20000076293945,671320.0,41.55,41.55,40.65,41.2,669,27345400.0,1.8361960295615623e-08,1.8361960295615623e-08,3.753699649867369e-08,1.851794782239876e-08,1002.4678624813154
5515,2026-06-03,41.400001525878906,41.75,40.95000076293945,41.150001525878906,724240.0,41.4,41.75,40.95,41.15,723,29929150.0,3.6856978446161486e-08,0.0,1.863100000690669e-08,3.7080896905737194e-08,1000.7150760719226
5515,2026-06-04,41.0,41.599998474121094,40.95000076293945,41.099998474121094,377595.0,41.0,41.6,40.95,41.1,377,15552400.0,0.0,3.667978143440109e-08,1.863100000690669e-08,3.712600748591449e-08,1000.57824933687
5515,2026-06-05,41.04999923706055,41.75,40.95000076293945,41.150001525878906,555439.0,41.05,41.75,40.95,41.15,555,22943550.0,1.858561389239535e-08,0.0,1.863100000690669e-08,3.7080896905737194e-08,999.790990990991
5515,2026-06-08,40.25,40.79999923706055,39.54999923706055,40.70000076293945,452962.0,40.25,40.8,39.55,40.7,452,18274250.0,0.0,1.8699496330461497e-08,1.929050443192994e-08,1.8745441038890146e-08,1001.1283185840708
5515,2026-06-09,40.54999923706055,41.5,40.54999923706055,41.5,522586.0,40.55,41.5,40.55,41.5,521,21377350.0,1.881478299094523e-08,0.0,1.881478299094523e-08,0.0,1002.0441458733205
5515,2026-06-10,41.79999923706055,43.400001525878906,41.79999923706055,43.0,1411850.0,41.8,43.4,41.8,43.0,1405,59973100.0,1.8252139958919357e-08,3.515850017675312e-08,1.8252139958919357e-08,0.0,1003.8754448398577
5515,2026-06-11,43.79999923706055,44.29999923706055,42.54999923706055,43.5,1216566.0,43.8,44.3,42.55,43.5,1216,52969700.0,1.7418708910566875e-08,1.7222109487197045e-08,1.793042186328623e-08,0.0,999.4654605263158
5515,2026-06-12,43.79999923706055,44.849998474121094,43.150001525878906,44.0,804150.0,43.8,44.85,43.15,44.0,797,35282200.0,1.7418708910566875e-08,3.4021826257995214e-08,3.536219948252805e-08,0.0,1007.9711417816814
5515,2026-06-15,44.70000076293945,44.79999923706055,43.79999923706055,43.95000076293945,685067.0,44.7,44.8,43.8,43.95,680,30060500.0,1.7067996650622573e-08,1.7029898443813148e-08,1.7418708910566875e-08,1.7359259392100773e-08,1006.4514705882353
5515,2026-06-16,44.5,44.5,43.25,43.29999923706055,551600.0,44.5,44.5,43.25,43.3,551,24109500.0,0.0,0.0,0.0,1.7619848736323997e-08,1000.0889292196007
5515,2026-06-17,43.75,43.75,42.650001525878906,43.04999923706055,596170.0,43.75,43.75,42.65,43.05,596,25617700.0,0.0,0.0,3.5776762196273985e-08,1.77221707382771e-08,999.2852348993289
5515,2026-06-18,43.04999923706055,43.25,41.900001525878906,42.0,943409.0,43.05,43.25,41.9,42.0,940,39858000.0,1.77221707382771e-08,0.0,3.641715770098056e-08,0.0,1002.6265957446808
5515,2026-06-22,42.04999923706055,42.150001525878906,41.650001525878906,42.0,910131.0,42.05,42.15,41.65,42.0,909,38097800.0,1.814362545262376e-08,3.6201160324343665e-08,3.663574808333939e-08,0.0,1000.2442244224422
5515,2026-06-23,42.0,42.099998474121094,41.5,41.79999923706055,564080.0,42.0,42.1,41.5,41.8,562,23476200.0,0.0,3.6244154576510344e-08,0.0,1.8252139958919357e-08,1002.7010676156584
5515,2026-06-24,41.70000076293945,41.95000076293945,41.45000076293945,41.54999923706055,1425105.0,41.7,41.95,41.45,41.55,1422,59243100.0,1.8295910078724915e-08,1.8186876049650275e-08,1.8406259355436163e-08,1.8361960295615623e-08,1001.1835443037975
5515,2026-06-25,38.349998474121094,40.099998474121094,38.25,39.900001525878906,2078728.0,38.35,40.1,38.25,39.9,2078,81888950.0,3.97882374881639e-08,3.805184308406697e-08,0.0,3.82425791396262e-08,999.3503368623676
5515,2026-06-26,40.099998474121094,40.70000076293945,39.849998474121094,40.45000076293945,863252.0,40.1,40.7,39.85,40.45,863,34879000.0,3.805184308406697e-08,1.8745441038890146e-08,3.829056230040365e-08,1.886129666953842e-08,999.2920046349942
5515,2026-06-29,40.70000076293945,40.75,39.650001525878906,40.5,588746.0,40.7,40.75,39.65,40.5,587,23513800.0,1.8745441038890146e-08,0.0,3.8483705111502786e-08,0.0,1001.9744463373083
5515,2026-06-30,40.70000076293945,41.650001525878906,40.29999923706055,41.25,491162.0,40.7,41.65,40.3,41.25,490,20110000.0,1.8745441038890146e-08,3.663574808333939e-08,1.893150000701809e-08,0.0,1001.3714285714286
5515,2026-07-01,41.25,41.45000076293945,40.0,40.45000076293945,351240.0,41.25,41.45,40.0,40.45,351,14188250.0,0.0,1.8406259355436163e-08,0.0,1.886129666953842e-08,999.6837606837607
5515,2026-07-02,40.45000076293945,40.45000076293945,39.900001525878906,40.400001525878906,219050.0,40.45,40.45,39.9,40.4,219,8788650.0,1.886129666953842e-08,1.886129666953842e-08,3.82425791396262e-08,3.7769279892848653e-08,999.2283105022831
5515,2026-07-03,40.45000076293945,41.20000076293945,40.04999923706055,40.25,267200.0,40.45,41.2,40.05,40.25,267,10780800.0,1.886129666953842e-08,1.851794782239876e-08,1.904967416436527e-08,0.0,999.7490636704119
5515,2026-07-06,40.400001525878906,40.79999923706055,40.150001525878906,40.599998474121094,266208.0,40.4,40.8,40.15,40.6,266,10748900.0,3.7769279892848653e-08,1.8699496330461497e-08,3.800445598184522e-08,3.758322432687402e-08,999.781954887218
5515,2026-07-07,40.70000076293945,41.0,40.400001525878906,40.650001525878906,314297.0,40.7,41.0,40.4,40.65,314,12770750.0,1.8745441038890146e-08,0.0,3.7769279892848653e-08,3.753699649867369e-08,999.9458598726114
5515,2026-07-08,40.349998474121094,40.900001525878906,40.349998474121094,40.599998474121094,210000.0,40.35,40.9,40.35,40.6,210,8534700.0,3.781608197450026e-08,3.7307552754794264e-08,3.781608197450026e-08,3.758322432687402e-08,999.0
5515,2026-07-09,40.849998474121094,41.20000076293945,40.54999923706055,41.20000076293945,255000.0,40.85,41.2,40.55,41.2,254,10393400.0,3.73532168340535e-08,1.851794782239876e-08,1.881478299094523e-08,1.851794782239876e-08,1002.9370078740158
5515,2026-07-13,41.70000076293945,41.849998474121094,41.25,41.75,521800.0,41.7,41.85,41.25,41.75,520,21610750.0,1.8295910078724915e-08,3.64606668499662e-08,0.0,0.0,1002.4615384615385
5515,2026-07-14,42.25,42.25,40.70000076293945,41.099998474121094,465200.0,42.25,42.25,40.7,41.1,465,19175100.0,0.0,0.0,1.8745441038890146e-08,3.712600748591449e-08,999.4301075268817
5515,2026-07-15,41.20000076293945,42.29999923706055,40.70000076293945,41.95000076293945,534000.0,41.2,42.3,40.7,41.95,534,22205500.0,1.851794782239876e-08,1.8036393623707546e-08,1.8745441038890146e-08,1.8186876049650275e-08,999.0
5515,2026-07-16,41.95000076293945,41.95000076293945,41.349998474121094,41.900001525878906,150000.0,41.95,41.95,41.35,41.9,150,6243400.0,1.8186876049650275e-08,1.8186876049650275e-08,3.690154553013508e-08,3.641715770098056e-08,999.0
5515,2026-07-17,41.900001525878906,41.900001525878906,41.20000076293945,41.599998474121094,358250.0,41.9,41.9,41.2,41.6,358,14857700.0,3.641715770098056e-08,3.641715770098056e-08,1.851794782239876e-08,3.667978143440109e-08,999.6983240223464
5515,2026-07-20,41.900001525878906,42.849998474121094,41.400001525878906,42.75,774694.0,41.9,42.85,41.4,42.75,770,32543600.0,3.641715770098056e-08,3.5609776141682275e-08,3.6856978446161486e-08,0.0,1005.0961038961038
5515,2026-07-21,42.900001525878906,44.349998474121094,42.900001525878906,44.25,1110928.0,42.9,44.35,42.9,44.25,1110,48601650.0,3.556827290608591e-08,3.440538686969753e-08,3.556827290608591e-08,0.0,999.836036036036
5515,2026-07-22,44.599998474121094,45.25,41.54999923706055,41.900001525878906,1607683.0,44.6,45.25,41.55,41.9,1607,69216300.0,3.421253156213196e-08,0.0,1.8361960295615623e-08,3.641715770098056e-08,999.4250155569384
5515,2026-07-23,42.45000076293945,43.150001525878906,42.0,43.150001525878906,295883.0,42.45,43.15,42.0,43.15,294,12553900.0,1.7972660784047798e-08,3.536219948252805e-08,0.0,3.536219948252805e-08,1005.4047619047619
5515,2026-07-24,43.150001525878906,44.45000076293945,43.099998474121094,43.54999923706055,594584.0,43.15,44.45,43.1,43.55,594,25983900.0,3.536219948252805e-08,1.716399213234711e-08,3.540322291580245e-08,1.7518701499031668e-08,999.983164983165
5515,2026-07-27,43.849998474121094,44.20000076293945,42.849998474121094,43.599998474121094,475317.0,43.85,44.2,42.85,43.6,474,20620750.0,3.4797694587710045e-08,1.726107353581061e-08,3.5609776141682275e-08,3.499722265300655e-08,1001.7784810126582
5515,2026-07-28,43.599998474121094,43.599998474121094,42.20000076293945,42.45000076293945,491184.0,43.6,43.6,42.2,42.45,491,20972700.0,3.499722265300655e-08,3.499722265300655e-08,1.8079133892958033e-08,1.7972660784047798e-08,999.3747454175153
5515,2026-07-29,43.5,43.5,41.20000076293945,42.349998474121094,581051.0,43.5,43.5,41.2,42.35,581,24297950.0,0.0,0.0,1.851794782239876e-08,3.603019852824287e-08,999.0877796901893
5515,2026-07-30,42.650001525878906,43.150001525878906,41.599998474121094,42.900001525878906,424240.0,42.65,43.15,41.6,42.9,424,17953750.0,3.5776762196273985e-08,3.536219948252805e-08,3.667978143440109e-08,3.556827290608591e-08,999.566037735849
5515,2026-07-31,43.29999923706055,43.849998474121094,42.650001525878906,42.900001525878906,409470.0,43.3,43.85,42.65,42.9,409,17617450.0,1.7619848736323997e-08,3.4797694587710045e-08,3.5776762196273985e-08,3.556827290608591e-08,1000.1491442542788
5515,2026-08-03,43.099998474121094,43.099998474121094,42.0,42.75,316600.0,43.1,43.1,42.0,42.75,315,13364400.0,3.540322291580245e-08,3.540322291580245e-08,0.0,0.0,1004.0793650793651
5515,2026-08-04,42.5,42.75,42.0,42.25,393144.0,42.5,42.75,42.0,42.25,393,16602350.0,0.0,0.0,0.0,0.0,999.3664122137404
5515,2026-08-05,42.349998474121094,42.45000076293945,41.650001525878906,41.95000076293945,532000.0,42.35,42.45,41.65,41.95,532,22351650.0,3.603019852824287e-08,1.7972660784047798e-08,3.663574808333939e-08,1.8186876049650275e-08,999.0
5515,2026-08-06,42.150001525878906,42.400001525878906,41.900001525878906,42.400001525878906,313463.0,42.15,42.4,41.9,42.4,313,13201850.0,3.6201160324343665e-08,3.5987710086582204e-08,3.641715770098056e-08,3.5987710086582204e-08,1000.4792332268371
5515,2026-08-07,42.650001525878906,44.04999923706055,42.5,43.25,660814.0,42.65,44.05,42.5,43.25,658,28570150.0,3.5776762196273985e-08,1.7319851311755483e-08,0.0,0.0,1003.2765957446809
5515,2026-08-10,43.650001525878906,44.599998474121094,43.150001525878906,44.45000076293945,715874.0,43.65,44.6,43.15,44.45,714,31468050.0,3.4957134196359346e-08,3.421253156213196e-08,3.536219948252805e-08,1.716399213234711e-08,1001.6246498599439
5515,2026-08-11,44.0,44.20000076293945,43.29999923706055,43.650001525878906,311000.0,44.0,44.2,43.3,43.65,311,13596100.0,0.0,1.726107353581061e-08,1.7619848736323997e-08,3.4957134196359346e-08,999.0
5515,2026-08-12,43.650001525878906,46.0,43.650001525878906,45.900001525878906,965103.0,43.65,46.0,43.65,45.9,963,43550550.0,3.4957134196359346e-08,0.0,3.4957134196359346e-08,3.324354918673389e-08,1001.183800623053
5515,2026-08-13,50.20000076293945,50.400001525878906,49.29999923706055,50.400001525878906,2698516.0,50.2,50.4,49.3,50.4,2688,135014350.0,1.5197997017586234e-08,3.027537515220408e-08,1.547544523900262e-08,3.027537515220408e-08,1002.9122023809524
5515,2026-08-14,48.79999923706055,49.95000076293945,48.0,48.45000076293945,1420372.0,48.8,49.95,48.0,48.45,1415,68864700.0,1.5634005128746498e-08,1.5274063068725307e-08,0.0,1.5746944278283365e-08,1002.7964664310954
5515,2026-08-17,49.70000076293945,53.20000076293945,49.70000076293945,53.20000076293945,1622315.0,49.7,53.2,49.7,53.2,1615,85269250.0,1.535089437188791e-08,1.4340967110579493e-08,1.535089437188791e-08,1.4340967110579493e-08,1003.5294117647059
5515,2026-08-18,52.0,54.5,51.5,54.20000076293945,1726448.0,52.0,54.5,51.5,54.2,1723,91083200.0,0.0,0.0,0.0,1.407637362145441e-08,1001.0011607661056
5515,2026-08-19,53.5,55.20000076293945,52.5,53.79999923706055,1041720.0,53.5,55.2,52.5,53.8,1038,55881800.0,0.0,1.3821366852949801e-08,0.0,1.4181030674402029e-08,1002.5838150289018
6112,2026-05-25,43.25,44.04999923706055,42.75,42.900001525878906,634032.0,43.25,44.05,42.75,42.9,634,27320050.0,0.0,1.7319851311755483e-08,0.0,3.556827290608591e-08,999.0504731861199
6112,2026-05-26,43.0,43.150001525878906,42.099998474121094,42.29999923706055,369707.0,43.0,43.15,42.1,42.3,368,15595750.0,0.0,3.536219948252805e-08,3.6244154576510344e-08,1.8036393623707546e-08,1003.6385869565217
6112,2026-05-27,42.400001525878906,42.79999923706055,42.0,42.20000076293945,497031.0,42.4,42.8,42.0,42.2,496,20959450.0,3.5987710086582204e-08,1.7825688090720306e-08,0.0,1.8079133892958033e-08,1001.078629032258
6112,2026-05-28,42.20000076293945,42.79999923706055,41.599998474121094,41.900001525878906,614035.0,42.2,42.8,41.6,41.9,611,25771000.0,1.8079133892958033e-08,1.7825688090720306e-08,3.667978143440109e-08,3.641715770098056e-08,1003.9672667757774
6112,2026-05-29,42.04999923706055,43.150001525878906,41.95000076293945,42.79999923706055,522260.0,42.05,43.15,41.95,42.8,520,22219600.0,1.814362545262376e-08,3.536219948252805e-08,1.8186876049650275e-08,1.7825688090720306e-08,1003.3461538461538
6112,2026-06-01,43.20000076293945,47.04999923706055,43.20000076293945,47.04999923706055,4082160.0,43.2,47.05,43.2,47.05,4081,188807000.0,1.7660635423213634e-08,1.621550372545864e-08,1.7660635423213634e-08,1.621550372545864e-08,999.2842440578289
6112,2026-06-02,47.5,49.900001525878906,46.400001525878906,48.150001525878906,7411548.0,47.5,49.9,46.4,48.15,7404,358631900.0,0.0,3.057873562467105e-08,3.2885321286014776e-08,3.169011230884913e-08,1000.0194489465154
6112,2026-06-03,49.70000076293945,49.70000076293945,47.849998474121094,48.95000076293945,2723935.0,49.7,49.7,47.85,48.95,2720,132366250.0,1.535089437188791e-08,1.535089437188791e-08,3.1888796398559776e-08,1.5586097043571582e-08,1000.4466911764706
6112,2026-06-04,48.95000076293945,49.400001525878906,47.29999923706055,47.70000076293945,1867158.0,48.95,49.4,47.3,47.7,1860,89694000.0,1.5586097043571582e-08,3.0888236997390395e-08,1.612979810323106e-08,1.5994537741778387e-08,1002.8483870967742
6112,2026-06-05,47.70000076293945,51.0,46.0,50.0,4694526.0,47.7,51.0,46.0,50.0,4684,230884600.0,1.5994537741778387e-08,0.0,0.0,0.0,1001.2472245943638
6112,2026-06-08,45.0,51.900001525878906,45.0,51.20000076293945,6033130.0,45.0,51.9,45.0,51.2,6011,293528050.0,0.0,2.9400364309654826e-08,0.0,1.4901161138336505e-08,1002.681583763101
6112,2026-06-09,51.29999923706055,52.29999923706055,49.0,49.0,7104805.0,51.3,52.3,49.0,49.0,7092,358966250.0,1.4872114040600957e-08,1.4587752395465184e-08,0.0,0.0,1000.8055555555555
6112,2026-06-10,48.20000076293945,50.5,47.599998474121094,47.599998474121094,2552350.0,48.2,50.5,47.6,47.6,2546,124500150.0,1.5828619300473632e-08,0.0,3.205627957292196e-08,3.205627957292196e-08,1001.4941084053418
6112,2026-06-11,47.599998474121094,47.599998474121094,46.0,46.599998474121094,1017100.0,47.6,47.6,46.0,46.6,1016,47481500.0,3.205627957292196e-08,3.205627957292196e-08,0.0,3.2744182568049044e-08,1000.0826771653543
6112,2026-06-12,47.75,47.900001525878906,46.900001525878906,46.900001525878906,668341.0,47.75,47.9,46.9,46.9,663,31365400.0,0.0,3.185550955471995e-08,3.2534731506846176e-08,3.2534731506846176e-08,1007.0558069381599
6112,2026-06-15,46.95000076293945,47.29999923706055,46.349998474121094,46.54999923706055,797072.0,46.95,47.3,46.35,46.55,791,36918750.0,1.6250041539570373e-08,1.612979810323106e-08,3.292079628200831e-08,1.6389676697805137e-08,1006.6763590391909
6112,2026-06-16,47.20000076293945,47.20000076293945,45.5,45.5,787553.0,47.2,47.2,45.5,45.5,785,36040650.0,1.6163971404297226e-08,1.6163971404297226e-08,0.0,0.0,1002.2522292993631
6112,2026-06-17,45.20000076293945,46.25,45.20000076293945,45.29999923706055,599612.0,45.2,46.25,45.2,45.3,597,27213250.0,1.6879191377938696e-08,0.0,1.6879191377938696e-08,1.6841930469819626e-08,1003.3752093802345
6112,2026-06-18,45.75,45.849998474121094,45.0,45.20000076293945,541467.0,45.75,45.85,45.0,45.2,538,24360000.0,0.0,3.327980169402585e-08,0.0,1.6879191377938696e-08,1005.4442379182157
6112,2026-06-22,45.20000076293945,45.54999923706055,45.0,45.400001525878906,618058.0,45.2,45.55,45.0,45.4,614,27782500.0,1.6879191377938696e-08,1.6749493968887575e-08,0.0,3.36096675698477e-08,1005.6091205211726
6112,2026-06-23,45.54999923706055,45.54999923706055,44.099998474121094,44.349998474121094,700438.0,45.55,45.55,44.1,44.35,699,31149450.0,1.6749493968887575e-08,1.6749493968887575e-08,3.4600428745376086e-08,3.440538686969753e-08,1001.0572246065808
6112,2026-06-24,43.79999923706055,44.54999923706055,43.70000076293945,44.150001525878906,741100.0,43.8,44.55,43.7,44.15,734,32250500.0,1.7418708910566875e-08,1.7125464652813224e-08,1.7458568656357644e-08,3.456124366185924e-08,1008.6730245231607
6112,2026-06-25,44.150001525878906,44.5,43.95000076293945,43.95000076293945,356205.0,44.15,44.5,43.95,43.95,354,15623100.0,3.456124366185924e-08,0.0,1.7359259392100773e-08,1.7359259392100773e-08,1005.228813559322
6112,2026-06-26,43.75,43.75,42.20000076293945,42.20000076293945,965800.0,43.75,43.75,42.2,42.2,962,41190200.0,0.0,0.0,1.8079133892958033e-08,1.8079133892958033e-08,1002.950103950104
6112,2026-06-29,42.349998474121094,43.599998474121094,42.25,43.29999923706055,430192.0,42.35,43.6,42.25,43.3,427,18430000.0,3.603019852824287e-08,3.499722265300655e-08,0.0,1.7619848736323997e-08,1006.4754098360655
6112,2026-06-30,44.75,45.400001525878906,44.54999923706055,45.0,1313500.0,44.75,45.4,44.55,45.0,1313,59040200.0,0.0,3.36096675698477e-08,1.7125464652813224e-08,0.0,999.3808073115003
6112,2026-07-01,45.0,45.0,43.75,43.75,643304.0,45.0,45.0,43.75,43.75,642,28343700.0,0.0,0.0,0.0,0.0,1001.0311526479751
6112,2026-07-02,43.20000076293945,45.29999923706055,43.20000076293945,44.75,543055.0,43.2,45.3,43.2,44.75,543,24283100.0,1.7660635423213634e-08,1.6841930469819626e-08,1.7660635423213634e-08,0.0,999.1012891344383
6112,2026-07-03,44.04999923706055,45.04999923706055,44.04999923706055,44.70000076293945,389811.0,44.05,45.05,44.05,44.7,389,17411400.0,1.7319851311755483e-08,1.693539290305947e-08,1.7319851311755483e-08,1.7067996650622573e-08,1001.0848329048844
6112,2026-07-06,44.79999923706055,45.45000076293945,44.70000076293945,44.849998474121094,456200.0,44.8,45.45,44.7,44.85,453,20419850.0,1.7029898443813148e-08,1.6786346540876326e-08,1.7067996650622573e-08,3.4021826257995214e-08,1006.0640176600441
6112,2026-07-07,45.04999923706055,45.79999923706055,43.900001525878906,44.20000076293945,594000.0,45.05,45.8,43.9,44.2,594,26601700.0,1.693539290305947e-08,1.665806660006177e-08,3.475806167815685e-08,1.726107353581061e-08,999.0
6112,2026-07-08,44.20000076293945,44.849998474121094,43.5,44.599998474121094,249040.0,44.2,44.85,43.5,44.6,249,11028850.0,1.726107353581061e-08,3.4021826257995214e-08,0.0,3.421253156213196e-08,999.1606425702811
6112,2026-07-09,44.650001525878906,44.650001525878906,44.0,44.349998474121094,316610.0,44.65,44.65,44.0,44.35,316,13983900.0,3.4174219656687246e-08,3.4174219656687246e-08,0.0,3.440538686969753e-08,1000.9303797468355
6112,2026-07-13,44.70000076293945,45.20000076293945,44.150001525878906,44.599998474121094,395472.0,44.7,45.2,44.15,44.6,395,17633550.0,1.7067996650622573e-08,1.6879191377938696e-08,3.456124366185924e-08,3.421253156213196e-08,1000.1949367088607
6112,2026-07-14,44.599998474121094,44.599998474121094,42.599998474121094,43.54999923706055,585005.0,44.6,44.6,42.6,43.55,585,25414200.0,3.421253156213196e-08,3.421253156213196e-08,3.581875370119919e-08,1.7518701499031668e-08,999.008547008547
6112,2026-07-15,43.54999923706055,44.04999923706055,43.5,43.650001525878906,323094.0,43.55,44.05,43.5,43.65,322,14104500.0,1.7518701499031668e-08,1.7319851311755483e-08,0.0,3.4957134196359346e-08,1002.3975155279503
6112,2026-07-16,43.0,43.0,42.25,42.25,425710.0,43.0,43.0,42.25,42.25,424,18045500.0,0.0,0.0,0.0,0.0,1003.0330188679245
6112,2026-07-17,42.150001525878906,42.599998474121094,41.29999923706055,41.54999923706055,493001.0,42.15,42.6,41.3,41.55,493,20578350.0,3.6201160324343665e-08,3.581875370119919e-08,1.8473110176339688e-08,1.8361960295615623e-08,999.0020283975659
6112,2026-07-20,41.54999923706055,42.099998474121094,40.25,41.0,441000.0,41.55,42.1,40.25,41.0,439,18014200.0,1.8361960295615623e-08,3.6244154576510344e-08,0.0,0.0,1003.5558086560364
6112,2026-07-21,41.0,42.150001525878906,41.0,42.0,224443.0,41.0,42.15,41.0,42.0,224,9341600.0,0.0,3.6201160324343665e-08,0.0,0.0,1000.9776785714286
6112,2026-07-22,42.349998474121094,42.70000076293945,41.849998474121094,41.900001525878906,224456.0,42.35,42.7,41.85,41.9,224,9432800.0,3.603019852824287e-08,1.786743443285314e-08,3.64606668499662e-08,3.641715770098056e-08,1001.0357142857143
6112,2026-07-23,41.900001525878906,42.25,41.400001525878906,41.45000076293945,195001.0,41.9,42.25,41.4,41.45,193,8028050.0,3.641715770098056e-08,0.0,3.6856978446161486e-08,1.8406259355436163e-08,1009.3678756476684
6112,2026-07-24,41.45000076293945,41.70000076293945,40.849998474121094,40.849998474121094,183102.0,41.45,41.7,40.85,40.85,183,7525500.0,1.8406259355436163e-08,1.8295910078724915e-08,3.73532168340535e-08,3.73532168340535e-08,999.5573770491803
6112,2026-07-27,41.0,41.0,40.29999923706055,40.54999923706055,317070.0,41.0,41.0,40.3,40.55,315,12760450.0,0.0,0.0,1.893150000701809e-08,1.881478299094523e-08,1005.5714285714286
6112,2026-07-28,40.54999923706055,40.54999923706055,39.400001525878906,39.5,441181.0,40.55,40.55,39.4,39.5,441,17573350.0,1.881478299094523e-08,1.881478299094523e-08,3.8727891057641766e-08,0.0,999.4104308390023
6112,2026-07-29,39.04999923706055,39.849998474121094,37.0,38.04999923706055,958029.0,39.05,39.85,37.0,38.05,958,36621850.0,1.953750192785734e-08,3.829056230040365e-08,0.0,2.0050971098103263e-08,999.0302713987473
6112,2026-07-30,38.900001525878906,39.0,37.29999923706055,37.900001525878906,365000.0,38.9,39.0,37.3,37.9,365,13953450.0,3.9225678860439216e-08,0.0,2.045414075825279e-08,4.0260657194487743e-08,999.0
6112,2026-07-31,38.599998474121094,39.75,38.599998474121094,38.849998474121094,267199.0,38.6,39.75,38.6,38.85,266,10404500.0,3.953054164950999e-08,0.0,3.953054164950999e-08,3.9276162359616095e-08,1003.5075187969925
6112,2026-08-03,38.849998474121094,39.650001525878906,38.70000076293945,39.45000076293945,233000.0,38.85,39.65,38.7,39.45,233,9165100.0,3.9276162359616095e-08,3.8483705111502786e-08,1.9714197681726848e-08,1.93394030489944e-08,999.0
6112,2026-08-04,39.54999923706055,41.54999923706055,39.400001525878906,41.54999923706055,522908.0,39.55,41.55,39.4,41.55,521,21257100.0,1.929050443192994e-08,1.8361960295615623e-08,3.8727891057641766e-08,1.8361960295615623e-08,1002.6621880998081
6112,2026-08-05,42.45000076293945,43.349998474121094,42.349998474121094,42.599998474121094,562004.0,42.45,43.35,42.35,42.6,561,24034750.0,1.7972660784047798e-08,3.5199052080071176e-08,3.603019852824287e-08,3.581875370119919e-08,1000.789661319073
6112,2026-08-06,44.599998474121094,46.5,44.400001525878906,45.25,2951135.0,44.6,46.5,44.4,45.25,2947,134242600.0,3.421253156213196e-08,0.0,3.436664206466409e-08,0.0,1000.4031218187988
6112,2026-08-07,45.25,46.0,44.70000076293945,45.900001525878906,1121560.0,45.25,46.0,44.7,45.9,1118,50970450.0,0.0,0.0,1.7067996650622573e-08,3.324354918673389e-08,1002.1842576028622
6112,2026-08-10,47.0,47.20000076293945,46.20000076293945,46.650001525878906,915018.0,47.0,47.2,46.2,46.65,915,42798350.0,0.0,1.6163971404297226e-08,1.651384091521275e-08,3.270908698115939e-08,999.0196721311476
6112,2026-08-11,46.650001525878906,46.650001525878906,45.79999923706055,46.400001525878906,459100.0,46.65,46.65,45.8,46.4,458,21168150.0,3.270908698115939e-08,3.270908698115939e-08,1.665806660006177e-08,3.2885321286014776e-08,1001.4017467248908
6112,2026-08-12,46.400001525878906,46.599998474121094,46.0,46.150001525878906,474359.0,46.4,46.6,46.0,46.15,473,21871050.0,3.2885321286014776e-08,3.2744182568049044e-08,0.0,3.3063464954953096e-08,1001.8731501057082
6112,2026-08-13,46.29999923706055,47.099998474121094,46.29999923706055,46.54999923706055,660350.0,46.3,47.1,46.3,46.55,660,30805500.0,1.6478173872199334e-08,3.239657978070245e-08,1.6478173872199334e-08,1.6389676697805137e-08,999.530303030303
6112,2026-08-14,46.54999923706055,47.400001525878906,46.25,46.900001525878906,772389.0,46.55,47.4,46.25,46.9,770,36165100.0,1.6389676697805137e-08,3.219153813652079e-08,0.0,3.2534731506846176e-08,1002.1025974025974
6112,2026-08-17,46.900001525878906,46.900001525878906,45.45000076293945,45.54999923706055,462172.0,46.9,46.9,45.45,45.55,461,21223900.0,3.2534731506846176e-08,3.2534731506846176e-08,1.6786346540876326e-08,1.6749493968887575e-08,1001.5422993492408
6112,2026-08-18,45.70000076293945,45.95000076293945,43.79999923706055,43.900001525878906,554246.0,45.7,45.95,43.8,43.9,553,24624800.0,1.6694517511659278e-08,1.6603687710181262e-08,1.7418708910566875e-08,3.475806167815685e-08,1001.253164556962
6112,2026-08-19,43.75,44.29999923706055,43.25,44.099998474121094,270025.0,43.75,44.3,43.25,44.1,270,11850050.0,0.0,1.7222109487197045e-08,0.0,3.4600428745376086e-08,999.0925925925926
6184,2026-05-25,46.04999923706055,46.099998474121094,45.79999923706055,46.0,102650.0,46.05,46.1,45.8,46.0,102,4686450.0,1.6567631927965888e-08,3.309932554601053e-08,1.665806660006177e-08,0.0,1005.3725490196078
6184,2026-05-26,45.900001525878906,46.0,45.849998474121094,46.0,49420.0,45.9,46.0,45.85,46.0,49,2252800.0,3.324354918673389e-08,0.0,3.327980169402585e-08,0.0,1007.5714285714286
6184,2026-05-27,45.79999923706055,46.0,45.70000076293945,45.79999923706055,77200.0,45.8,46.0,45.7,45.8,76,3481750.0,1.665806660006177e-08,0.0,1.6694517511659278e-08,1.665806660006177e-08,1014.7894736842105
6184,2026-05-28,45.95000076293945,46.0,45.599998474121094,45.900001525878906,70000.0,45.95,46.0,45.6,45.9,70,3203600.0,1.6603687710181262e-08,0.0,3.3462256747172925e-08,3.324354918673389e-08,999.0
6184,2026-05-29,45.900001525878906,46.29999923706055,45.849998474121094,46.04999923706055,69000.0,45.9,46.3,45.85,46.05,69,3172750.0,3.324354918673389e-08,1.6478173872199334e-08,3.327980169402585e-08,1.6567631927965888e-08,999.0
6184,2026-06-01,46.04999923706055,46.04999923706055,45.79999923706055,45.95000076293945,110367.0,46.05,46.05,45.8,45.95,110,5050050.0,1.6567631927965888e-08,1.6567631927965888e-08,1.665806660006177e-08,1.6603687710181262e-08,1002.3363636363637
6184,2026-06-02,45.95000076293945,46.0,45.849998474121094,46.0,57074.0,45.95,46.0,45.85,46.0,57,2619000.0,1.6603687710181262e-08,0.0,3.327980169402585e-08,0.0,1000.2982456140351
6184,2026-06-03,46.0,46.400001525878906,46.0,46.29999923706055,71467.0,46.0,46.4,46.0,46.3,71,3277500.0,0.0,3.2885321286014776e-08,0.0,1.6478173872199334e-08,1005.5774647887324
6184,2026-06-04,46.29999923706055,48.349998474121094,46.29999923706055,47.04999923706055,35025.0,46.3,48.35,46.3,47.05,35,1645850.0,1.6478173872199334e-08,3.155902601181149e-08,1.6478173872199334e-08,1.621550372545864e-08,999.7142857142857
6184,2026-06-05,47.04999923706055,47.04999923706055,46.900001525878906,47.0,49000.0,47.05,47.05,46.9,47.0,49,2300250.0,1.621550372545864e-08,1.621550372545864e-08,3.2534731506846176e-08,0.0,999.0
6184,2026-06-08,46.0,47.0,46.0,46.20000076293945,49780.0,46.0,47.0,46.0,46.2,49,2265000.0,0.0,0.0,0.0,1.651384091521275e-08,1014.9183673469388
6184,2026-06-09,46.04999923706055,46.45000076293945,46.04999923706055,46.25,72673.0,46.05,46.45,46.05,46.25,72,3328550.0,1.6567631927965888e-08,1.642496125474336e-08,1.6567631927965888e-08,0.0,1008.3472222222222
6184,2026-06-10,46.04999923706055,46.75,46.04999923706055,46.25,59030.0,46.05,46.75,46.05,46.25,59,2725900.0,1.6567631927965888e-08,0.0,1.6567631927965888e-08,0.0,999.5084745762712
6184,2026-06-11,46.150001525878906,46.599998474121094,46.099998474121094,46.599998474121094,42000.0,46.15,46.6,46.1,46.6,42,1942100.0,3.3063464954953096e-08,3.2744182568049044e-08,3.309932554601053e-08,3.2744182568049044e-08,999.0
6184,2026-06-12,46.20000076293945,47.04999923706055,46.150001525878906,46.95000076293945,36106.0,46.2,47.05,46.15,46.95,36,1683200.0,1.651384091521275e-08,1.621550372545864e-08,3.3063464954953096e-08,1.6250041539570373e-08,1001.9444444444445
6184,2026-06-15,47.70000076293945,47.70000076293945,46.79999923706055,47.0,76090.0,47.7,47.7,46.8,47.0,76,3577350.0,1.5994537741778387e-08,1.5994537741778387e-08,1.6302125006043358e-08,0.0,1000.1842105263158
6184,2026-06-16,47.0,47.29999923706055,46.900001525878906,47.0,63250.0,47.0,47.3,46.9,47.0,63,2963450.0,0.0,1.612979810323106e-08,3.2534731506846176e-08,0.0,1002.968253968254
6184,2026-06-17,46.95000076293945,47.099998474121094,46.849998474121094,47.0,33429.0,46.95,47.1,46.85,47.0,33,1549800.0,1.6250041539570373e-08,3.239657978070245e-08,3.256945373897728e-08,0.0,1012.0
6184,2026-06-18,47.0,47.150001525878906,46.79999923706055,46.95000076293945,80010.0,47.0,47.15,46.8,46.95,80,3758550.0,0.0,3.23622249771174e-08,1.6302125006043358e-08,1.6250041539570373e-08,999.125
6184,2026-06-22,47.099998474121094,47.20000076293945,46.75,46.79999923706055,84109.0,47.1,47.2,46.75,46.8,82,3840100.0,3.239657978070245e-08,1.6163971404297226e-08,0.0,1.6302125006043358e-08,1024.719512195122
6184,2026-06-23,46.79999923706055,47.0,46.79999923706055,46.95000076293945,270260.0,46.8,47.0,46.8,46.95,269,12622150.0,1.6302125006043358e-08,0.0,1.6302125006043358e-08,1.6250041539570373e-08,1003.6840148698885
6184,2026-06-24,43.95000076293945,44.95000076293945,43.95000076293945,44.45000076293945,367443.0,43.95,44.95,43.95,44.45,367,16311400.0,1.7359259392100773e-08,1.6973068971809322e-08,1.7359259392100773e-08,1.716399213234711e-08,1000.2070844686649
6184,2026-06-25,44.599998474121094,44.79999923706055,44.0,44.04999923706055,137008.0,44.6,44.8,44.0,44.05,137,6041200.0,3.421253156213196e-08,1.7029898443813148e-08,0.0,1.7319851311755483e-08,999.0583941605839
6184,2026-06-26,44.0,44.150001525878906,43.849998474121094,43.849998474121094,115010.0,44.0,44.15,43.85,43.85,114,5013700.0,0.0,3.456124366185924e-08,3.4797694587710045e-08,3.4797694587710045e-08,1007.859649122807
6184,2026-06-29,43.75,44.04999923706055,43.54999923706055,43.599998474121094,123000.0,43.75,44.05,43.55,43.6,123,5373750.0,0.0,1.7319851311755483e-08,1.7518701499031668e-08,3.499722265300655e-08,999.0
6184,2026-06-30,43.599998474121094,43.599998474121094,43.04999923706055,43.5,104000.0,43.6,43.6,43.05,43.5,104,4510650.0,3.499722265300655e-08,3.499722265300655e-08,1.77221707382771e-08,0.0,999.0
6184,2026-07-01,43.5,43.650001525878906,43.099998474121094,43.099998474121094,59235.0,43.5,43.65,43.1,43.1,59,2554800.0,0.0,3.4957134196359346e-08,3.540322291580245e-08,3.540322291580245e-08,1002.9830508474577
6184,2026-07-02,43.349998474121094,43.349998474121094,42.849998474121094,43.04999923706055,64000.0,43.35,43.35,42.85,43.05,64,2751650.0,3.5199052080071176e-08,3.5199052080071176e-08,3.5609776141682275e-08,1.77221707382771e-08,999.0
6184,2026-07-03,43.0,43.20000076293945,42.95000076293945,43.20000076293945,56000.0,43.0,43.2,42.95,43.2,56,2412150.0,0.0,1.7660635423213634e-08,1.7763433068284726e-08,1.7660635423213634e-08,999.0
6184,2026-07-06,43.25,43.349998474121094,43.150001525878906,43.25,26300.0,43.25,43.35,43.15,43.25,26,1125400.0,0.0,3.5199052080071176e-08,3.536219948252805e-08,0.0,1010.5384615384615
6184,2026-07-07,43.150001525878906,43.150001525878906,42.79999923706055,43.04999923706055,45000.0,43.15,43.15,42.8,43.05,45,1930700.0,3.536219948252805e-08,3.536219948252805e-08,1.7825688090720306e-08,1.77221707382771e-08,999.0
6184,2026-07-08,43.0,43.0,42.849998474121094,42.849998474121094,41000.0,43.0,43.0,42.85,42.85,41,1759400.0,0.0,0.0,3.5609776141682275e-08,3.5609776141682275e-08,999.0
6184,2026-07-09,42.849998474121094,43.0,42.79999923706055,42.95000076293945,33000.0,42.85,43.0,42.8,42.95,33,1416500.0,3.5609776141682275e-08,0.0,1.7825688090720306e-08,1.7763433068284726e-08,999.0
6184,2026-07-13,42.849998474121094,42.849998474121094,42.599998474121094,42.79999923706055,60000.0,42.85,42.85,42.6,42.8,59,2521750.0,3.5609776141682275e-08,3.5609776141682275e-08,3.581875370119919e-08,1.7825688090720306e-08,1015.9491525423729
6184,2026-07-14,43.599998474121094,43.599998474121094,42.54999923706055,42.75,53000.0,43.6,43.6,42.55,42.75,53,2262850.0,3.499722265300655e-08,3.499722265300655e-08,1.793042186328623e-08,0.0,999.0
6184,2026-07-15,43.5,43.5,42.650001525878906,43.099998474121094,79047.0,43.5,43.5,42.65,43.1,79,3380100.0,0.0,0.0,3.5776762196273985e-08,3.540322291580245e-08,999.5949367088608
6184,2026-07-16,43.099998474121094,43.099998474121094,42.70000076293945,42.95000076293945,32180.0,43.1,43.1,42.7,42.95,32,1369900.0,3.540322291580245e-08,3.540322291580245e-08,1.786743443285314e-08,1.7763433068284726e-08,1004.625
6184,2026-07-17,42.70000076293945,43.0,42.599998474121094,42.599998474121094,54000.0,42.7,43.0,42.6,42.6,54,2307550.0,1.786743443285314e-08,0.0,3.581875370119919e-08,3.581875370119919e-08,999.0
6184,2026-07-20,43.099998474121094,43.150001525878906,42.599998474121094,42.75,52000.0,43.1,43.15,42.6,42.75,52,2231950.0,3.540322291580245e-08,3.536219948252805e-08,3.581875370119919e-08,0.0,999.0
6184,2026-07-21,42.650001525878906,42.95000076293945,42.5,42.849998474121094,35327.0,42.65,42.95,42.5,42.85,35,1493950.0,3.5776762196273985e-08,1.7763433068284726e-08,0.0,3.5609776141682275e-08,1008.3428571428572
6184,2026-07-22,42.849998474121094,42.849998474121094,42.70000076293945,42.70000076293945,45881.0,42.85,42.85,42.7,42.7,45,1923550.0,3.5609776141682275e-08,3.5609776141682275e-08,1.786743443285314e-08,1.786743443285314e-08,1018.5777777777778
6184,2026-07-23,42.79999923706055,42.849998474121094,42.599998474121094,42.650001525878906,31155.0,42.8,42.85,42.6,42.65,31,1322150.0,1.7825688090720306e-08,3.5609776141682275e-08,3.581875370119919e-08,3.5776762196273985e-08,1004.0
6184,2026-07-24,42.70000076293945,42.70000076293945,42.5,42.599998474121094,21000.0,42.7,42.7,42.5,42.6,21,894050.0,1.786743443285314e-08,1.786743443285314e-08,0.0,3.581875370119919e-08,999.0
6184,2026-07-27,42.599998474121094,43.0,42.5,42.75,56094.0,42.6,43.0,42.5,42.75,56,2391550.0,3.581875370119919e-08,0.0,0.0,0.0,1000.6785714285714
6184,2026-07-28,42.75,42.75,42.349998474121094,42.45000076293945,80040.0,42.75,42.75,42.35,42.45,80,3392600.0,0.0,0.0,3.603019852824287e-08,1.7972660784047798e-08,999.5
6184,2026-07-29,42.75,43.0,42.29999923706055,42.79999923706055,94000.0,42.75,43.0,42.3,42.8,94,4015500.0,0.0,0.0,1.8036393623707546e-08,1.7825688090720306e-08,999.0
6184,2026-07-30,42.599998474121094,42.900001525878906,42.04999923706055,42.29999923706055,48071.0,42.6,42.9,42.05,42.3,48,2032600.0,3.581875370119919e-08,3.556827290608591e-08,1.814362545262376e-08,1.8036393623707546e-08,1000.4791666666666
6184,2026-07-31,42.349998474121094,42.79999923706055,42.29999923706055,42.599998474121094,63070.0,42.35,42.8,42.3,42.6,63,2672150.0,3.603019852824287e-08,1.7825688090720306e-08,1.8036393623707546e-08,3.581875370119919e-08,1000.1111111111111
6184,2026-08-03,42.599998474121094,42.599998474121094,42.099998474121094,42.5,49000.0,42.6,42.6,42.1,42.5,49,2079950.0,3.581875370119919e-08,3.581875370119919e-08,3.6244154576510344e-08,0.0,999.0
6184,2026-08-04,42.0,42.849998474121094,42.0,42.400001525878906,54000.0,42.0,42.85,42.0,42.4,54,2279200.0,0.0,3.5609776141682275e-08,0.0,3.5987710086582204e-08,999.0
6184,2026-08-05,42.45000076293945,42.54999923706055,42.099998474121094,42.349998474121094,48000.0,42.45,42.55,42.1,42.35,48,2027750.0,1.7972660784047798e-08,1.793042186328623e-08,3.6244154576510344e-08,3.603019852824287e-08,999.0
6184,2026-08-06,42.04999923706055,42.29999923706055,42.04999923706055,42.29999923706055,47100.0,42.05,42.3,42.05,42.3,46,1937850.0,1.814362545262376e-08,1.8036393623707546e-08,1.814362545262376e-08,1.8036393623707546e-08,1022.9130434782609
6184,2026-08-07,42.099998474121094,42.45000076293945,42.099998474121094,42.099998474121094,50230.0,42.1,42.45,42.1,42.1,49,2067900.0,3.6244154576510344e-08,1.7972660784047798e-08,3.6244154576510344e-08,3.6244154576510344e-08,1024.1020408163265
6184,2026-08-10,42.099998474121094,42.54999923706055,42.099998474121094,42.20000076293945,28230.0,42.1,42.55,42.1,42.2,28,1181750.0,3.6244154576510344e-08,1.793042186328623e-08,3.6244154576510344e-08,1.8079133892958033e-08,1007.2142857142857
6184,2026-08-11,42.5,42.5,42.04999923706055,42.150001525878906,30000.0,42.5,42.5,42.05,42.15,30,1265250.0,0.0,0.0,1.814362545262376e-08,3.6201160324343665e-08,999.0
6184,2026-08-12,42.150001525878906,42.25,42.150001525878906,42.20000076293945,36089.0,42.15,42.25,42.15,42.2,36,1519450.0,3.6201160324343665e-08,0.0,3.6201160324343665e-08,1.8079133892958033e-08,1001.4722222222222
6184,2026-08-13,42.20000076293945,42.20000076293945,42.0,42.20000076293945,48000.0,42.2,42.2,42.0,42.2,48,2020800.0,1.8079133892958033e-08,1.8079133892958033e-08,0.0,1.8079133892958033e-08,999.0
6184,2026-08-14,42.20000076293945,42.20000076293945,42.0,42.04999923706055,31360.0,42.2,42.2,42.0,42.05,31,1304100.0,1.8079133892958033e-08,1.8079133892958033e-08,0.0,1.814362545262376e-08,1010.6129032258065
6184,2026-08-17,42.04999923706055,42.150001525878906,41.900001525878906,42.099998474121094,66000.0,42.05,42.15,41.9,42.1,66,2774800.0,1.814362545262376e-08,3.6201160324343665e-08,3.641715770098056e-08,3.6244154576510344e-08,999.0
6184,2026-08-18,42.0,42.0,41.900001525878906,41.900001525878906,35072.0,42.0,42.0,41.9,41.9,35,1468000.0,0.0,0.0,3.641715770098056e-08,3.641715770098056e-08,1001.0571428571428
6184,2026-08-19,41.849998474121094,41.900001525878906,41.599998474121094,41.849998474121094,59254.0,41.85,41.9,41.6,41.85,59,2461750.0,3.64606668499662e-08,3.641715770098056e-08,3.667978143440109e-08,3.64606668499662e-08,1003.3050847457627
6243,2026-05-25,36.349998474121094,36.79999923706055,35.349998474121094,35.900001525878906,747316.0,36.35,36.8,35.35,35.9,745,26800500.0,4.19774114902637e-08,2.0732050279424704e-08,4.316489130611274e-08,4.2503590742927175e-08,1002.1087248322148
6243,2026-05-26,36.25,36.349998474121094,34.599998474121094,35.04999923706055,364422.0,36.25,36.35,34.6,35.05,364,12832400.0,0.0,4.19774114902637e-08,4.4100546464482236e-08,2.1767174045159176e-08,1000.1593406593406
6243,2026-05-27,35.5,35.650001525878906,34.400001525878906,34.54999923706055,347189.0,35.5,35.65,34.4,34.55,347,12055900.0,0.0,4.2801652389090755e-08,4.435694499043853e-08,2.2082183799792448e-08,999.5446685878962
6243,2026-05-28,34.650001525878906,35.04999923706055,33.25,33.70000076293945,282700.0,34.65,35.05,33.25,33.7,282,9612300.0,4.403690931229684e-08,2.1767174045159176e-08,0.0,2.263915282738365e-08,1001.4822695035461
6243,2026-05-29,34.20000076293945,34.20000076293945,33.54999923706055,33.70000076293945,346941.0,34.2,34.2,33.55,33.7,345,11663950.0,2.2308171060901433e-08,2.2308171060901433e-08,2.2740371096358544e-08,2.263915282738365e-08,1004.6260869565217
6243,2026-06-01,33.70000076293945,34.70000076293945,33.29999923706055,33.849998474121094,460051.0,33.7,34.7,33.3,33.85,460,15460300.0,2.263915282738365e-08,2.1986727673856743e-08,2.291109460308796e-08,4.5077663446708577e-08,999.1108695652174
6243,2026-06-02,34.099998474121094,34.25,32.849998474121094,33.599998474121094,368100.0,34.1,34.25,32.85,33.6,368,12317000.0,4.4747182043140336e-08,0.0,4.6449890644477486e-08,4.541306272830611e-08,999.2717391304348
6243,2026-06-03,33.79999923706055,34.150001525878906,33.29999923706055,34.04999923706055,430554.0,33.8,34.15,33.3,34.05,430,14522200.0,2.2572173085290802e-08,4.4681666403252873e-08,2.291109460308796e-08,2.2406444942226995e-08,1000.2883720930232
6243,2026-06-04,34.150001525878906,34.349998474121094,33.349998474121094,33.75,302053.0,34.15,34.35,33.35,33.75,302,10182350.0,4.4681666403252873e-08,4.442151114035183e-08,4.5753490484890115e-08,0.0,999.1754966887418
6243,2026-06-05,33.79999923706055,34.29999923706055,32.45000076293945,32.5,483005.0,33.8,34.3,32.45,32.5,482,15862050.0,2.2572173085290802e-08,2.2243132661306973e-08,2.3511231133523235e-08,0.0,1001.0850622406639
6243,2026-06-08,29.299999237060547,30.5,29.299999237060547,30.399999618530273,282001.0,29.3,30.5,29.3,30.4,282,8396750.0,2.6038889209404187e-08,0.0,2.6038889209404187e-08,1.2548346221757057e-08,999.0035460992908
6243,2026-06-09,30.5,30.75,30.200000762939453,30.549999237060547,172008.0,30.5,30.75,30.2,30.55,171,5213550.0,0.0,0.0,2.5262895822368965e-08,2.4973468210656063e-08,1004.8947368421053
6243,2026-06-10,30.149999618530273,30.899999618530273,29.450000762939453,29.450000762939453,228001.0,30.15,30.9,29.45,29.45,227,6825650.0,1.2652395527078426e-08,1.2345298548265843e-08,2.590626328813388e-08,2.590626328813388e-08,1003.409691629956
6243,2026-06-11,30.100000381469727,30.25,29.0,30.149999618530273,246070.0,30.1,30.25,29.0,30.15,246,7277150.0,1.2673412795395831e-08,0.0,0.0,1.2652395527078426e-08,999.2845528455284
6243,2026-06-12,30.600000381469727,31.200000762939453,30.450000762939453,30.950000762939453,171000.0,30.6,31.2,30.45,30.95,170,5247600.0,1.2466330886974331e-08,2.4453187622934063e-08,2.5055482884582685e-08,2.4650709332327716e-08,1004.8823529411765
6243,2026-06-15,30.799999237060547,31.899999618530273,30.799999237060547,31.600000381469727,210016.0,30.8,31.9,30.8,31.6,210,6631650.0,2.4770761488166972e-08,1.195829859377475e-08,2.4770761488166972e-08,1.2071826744981471e-08,999.0761904761905
6243,2026-06-16,31.850000381469727,32.0,31.100000381469727,31.200000762939453,147049.0,31.85,32.0,31.1,31.2,144,4544750.0,1.1977071433011445e-08,0.0,1.2265907560817186e-08,2.4453187622934063e-08,1020.1736111111111
6243,2026-06-17,31.700000762939453,32.0,31.100000381469727,31.75,261600.0,31.7,32.0,31.1,31.75,261,8268050.0,2.4067490657272643e-08,0.0,1.2265907560817186e-08,0.0,1001.2988505747127
6243,2026-06-18,31.799999237060547,34.900001525878906,31.549999237060547,34.900001525878906,982555.0,31.8,34.9,31.55,34.9,981,33649350.0,2.3991806724388137e-08,4.372145867252394e-08,2.4181916127909437e-08,4.372145867252394e-08,1000.5851172273191
6243,2026-06-22,36.099998474121094,38.349998474121094,35.70000076293945,38.349998474121094,2135031.0,36.1,38.35,35.7,38.35,2132,80687100.0,4.2268113785902644e-08,3.97882374881639e-08,2.137085294909885e-08,3.97882374881639e-08,1000.421669793621
6243,2026-06-23,40.5,42.150001525878906,37.45000076293945,41.5,6293930.0,40.5,42.15,37.45,41.5,6272,252400450.0,0.0,3.6201160324343665e-08,2.0372214960823205e-08,0.0,1002.4964923469388
6243,2026-06-24,42.599998474121094,45.650001525878906,42.599998474121094,45.650001525878906,8655899.0,42.6,45.65,42.6,45.65,8654,389370100.0,3.581875370119919e-08,3.3425605863550613e-08,3.581875370119919e-08,3.3425605863550613e-08,999.2194360989138
6243,2026-06-25,45.650001525878906,45.650001525878906,43.0,44.20000076293945,3974534.0,45.65,45.65,43.0,44.2,3965,175744900.0,3.3425605863550613e-08,3.3425605863550613e-08,0.0,1.726107353581061e-08,1001.4045397225725
6243,2026-06-26,43.04999923706055,44.599998474121094,41.650001525878906,43.0,2299208.0,43.05,44.6,41.65,43.0,2297,98610600.0,1.77221707382771e-08,3.421253156213196e-08,3.663574808333939e-08,0.0,999.9612538093165
6243,2026-06-29,40.150001525878906,41.29999923706055,39.150001525878906,39.25,533102.0,40.15,41.3,39.15,39.25,529,21164200.0,3.800445598184522e-08,1.8473110176339688e-08,3.897519559823973e-08,0.0,1006.7542533081286
6243,2026-06-30,40.29999923706055,40.29999923706055,39.349998474121094,39.900001525878906,350460.0,40.3,40.3,39.35,39.9,344,13676100.0,1.893150000701809e-08,1.893150000701809e-08,3.87771005761394e-08,3.82425791396262e-08,1017.7790697674419
6243,2026-07-01,40.45000076293945,41.400001525878906,40.20000076293945,40.900001525878906,399601.0,40.45,41.4,40.2,40.9,397,16178300.0,1.886129666953842e-08,3.6856978446161486e-08,1.8978593290617636e-08,3.7307552754794264e-08,1005.551637279597
6243,2026-07-02,41.0,41.20000076293945,39.650001525878906,40.099998474121094,345617.0,41.0,41.2,39.65,40.1,345,13969550.0,0.0,1.851794782239876e-08,3.8483705111502786e-08,3.805184308406697e-08,1000.7884057971014
6243,2026-07-03,40.29999923706055,40.29999923706055,39.70000076293945,40.099998474121094,239300.0,40.3,40.3,39.7,40.1,239,9581650.0,1.893150000701809e-08,1.893150000701809e-08,1.9217618395033476e-08,3.805184308406697e-08,1000.255230125523
6243,2026-07-06,40.099998474121094,42.75,40.099998474121094,41.20000076293945,406172.0,40.1,42.75,40.1,41.2,404,16713100.0,3.805184308406697e-08,0.0,3.805184308406697e-08,1.851794782239876e-08,1004.3762376237623
6243,2026-07-07,41.0,41.849998474121094,39.04999923706055,39.25,315065.0,41.0,41.85,39.05,39.25,314,12766250.0,0.0,3.64606668499662e-08,1.953750192785734e-08,0.0,1002.391719745223
6243,2026-07-08,38.70000076293945,40.20000076293945,38.04999923706055,40.0,162552.0,38.7,40.2,38.05,40.0,162,6309600.0,1.9714197681726848e-08,1.8978593290617636e-08,2.0050971098103263e-08,0.0,1002.4074074074074
6243,2026-07-09,39.5,40.0,39.150001525878906,39.54999923706055,130054.0,39.5,40.0,39.15,39.55,130,5126400.0,0.0,0.0,3.897519559823973e-08,1.929050443192994e-08,999.4153846153846
6243,2026-07-13,39.54999923706055,40.45000076293945,36.04999923706055,36.04999923706055,460127.0,39.55,40.45,36.05,36.05,460,17318100.0,1.929050443192994e-08,1.886129666953842e-08,2.1163368939884302e-08,2.1163368939884302e-08,999.2760869565218
6243,2026-07-14,38.0,39.650001525878906,37.0,39.650001525878906,1838467.0,38.0,39.65,37.0,39.65,1838,72315750.0,0.0,3.8483705111502786e-08,0.0,3.8483705111502786e-08,999.2540805223068
6243,2026-07-15,43.599998474121094,43.599998474121094,43.599998474121094,43.599998474121094,955172.0,43.6,43.6,43.6,43.6,955,41638000.0,3.499722265300655e-08,3.499722265300655e-08,3.499722265300655e-08,3.499722265300655e-08,999.1801047120418
6243,2026-07-16,47.95000076293945,47.95000076293945,47.04999923706055,47.95000076293945,4195144.0,47.95,47.95,47.05,47.95,4192,200585250.0,1.5911145991299876e-08,1.5911145991299876e-08,1.621550372545864e-08,1.5911145991299876e-08,999.75
6243,2026-07-17,48.0,52.5,47.5,51.599998474121094,15612076.0,48.0,52.5,47.5,51.6,15586,786819100.0,0.0,0.0,0.0,2.9571296660292354e-08,1000.6730399076093
6243,2026-07-20,50.0,50.0,46.45000076293945,46.45000076293945,3264464.0,50.0,50.0,46.45,46.45,3263,155427400.0,0.0,0.0,1.642496125474336e-08,1.642496125474336e-08,999.4486668709776
6243,2026-07-21,45.0,51.0,44.5,51.0,4781634.0,45.0,51.0,44.5,51.0,4779,234588800.0,0.0,0.0,0.0,0.0,999.5511613308223
6243,2026-07-22,54.0,54.900001525878906,49.20000076293945,50.099998474121094,7545251.0,54.0,54.9,49.2,50.1,7539,391032550.0,0.0,2.7793787024974236e-08,1.550689939599246e-08,3.045666482377416e-08,999.8291550603528
6243,2026-07-23,51.70000076293945,52.0,46.79999923706055,47.5,2596246.0,51.7,52.0,46.8,47.5,2590,125654000.0,1.4757049328487988e-08,0.0,1.6302125006043358e-08,0.0,1001.411583011583
6243,2026-07-24,46.900001525878906,52.20000076293945,46.400001525878906,52.20000076293945,6707062.0,46.9,52.2,46.4,52.2,6681,344357400.0,3.2534731506846176e-08,1.4615698281280249e-08,3.2885321286014776e-08,1.4615698281280249e-08,1002.9009130369706
6243,2026-07-27,54.900001525878906,55.5,48.70000076293945,49.20000076293945,15424087.0,54.9,55.5,48.7,49.2,15397,806763450.0,2.7793787024974236e-08,0.0,1.566610780868232e-08,1.550689939599246e-08,1000.7592388127557
6243,2026-07-28,48.0,53.400001525878906,47.20000076293945,49.599998474121094,12259696.0,48.0,53.4,47.2,49.6,12222,620239250.0,0.0,2.8574511379608343e-08,1.6163971404297226e-08,3.076368765465898e-08,1002.084274259532
6243,2026-07-29,48.95000076293945,53.20000076293945,47.20000076293945,51.20000076293945,10217049.0,48.95,53.2,47.2,51.2,10191,508616650.0,1.5586097043571582e-08,1.4340967110579493e-08,1.6163971404297226e-08,1.4901161138336505e-08,1001.556078893141
6243,2026-07-30,50.099998474121094,51.099998474121094,46.099998474121094,46.099998474121094,3800819.0,50.1,51.1,46.1,46.1,3800,181864200.0,3.045666482377416e-08,2.9860643985735526e-08,3.309932554601053e-08,3.309932554601053e-08,999.2155263157895
6243,2026-07-31,47.599998474121094,50.70000076293945,47.599998474121094,50.70000076293945,4157535.0,47.6,50.7,47.6,50.7,4153,206354450.0,3.205627957292196e-08,1.5048115390193867e-08,3.205627957292196e-08,1.5048115390193867e-08,1000.0919816999759
6243,2026-08-03,50.0,51.70000076293945,47.900001525878906,48.099998474121094,3644312.0,50.0,51.7,47.9,48.1,3625,180748650.0,0.0,1.4757049328487988e-08,3.185550955471995e-08,3.172305421353608e-08,1004.327448275862
6243,2026-08-04,48.099998474121094,51.79999923706055,47.54999923706055,50.5,3364639.0,48.1,51.8,47.55,50.5,3359,167627950.0,3.172305421353608e-08,1.4728560816270833e-08,1.604499369679977e-08,0.0,1000.6787734444775
6243,2026-08-05,51.79999923706055,53.599998474121094,49.25,49.5,4737363.0,51.8,53.6,49.25,49.5,4730,242859050.0,1.4728560816270833e-08,2.84678900684904e-08,0.0,0.0,1000.5566596194503
6243,2026-08-06,49.5,49.5,45.20000076293945,45.29999923706055,3415103.0,49.5,49.5,45.2,45.3,3408,157895450.0,0.0,0.0,1.6879191377938696e-08,1.6841930469819626e-08,1001.0842136150235
6243,2026-08-07,45.29999923706055,49.79999923706055,45.29999923706055,47.900001525878906,4391009.0,45.3,49.8,45.3,47.9,4386,211146550.0,1.6841930469819626e-08,1.5320069282787733e-08,1.6841930469819626e-08,3.185550955471995e-08,1000.1420428636571
6243,2026-08-10,47.400001525878906,47.79999923706055,45.70000076293945,45.70000076293945,2455369.0,47.4,47.8,45.7,45.7,2453,113665600.0,3.219153813652079e-08,1.5961076365749562e-08,1.6694517511659278e-08,1.6694517511659278e-08,999.9657562168773
6243,2026-08-11,45.54999923706055,47.25,43.70000076293945,45.599998474121094,2652014.0,45.55,47.25,43.7,45.6,2649,120089200.0,1.6749493968887575e-08,0.0,1.7458568656357644e-08,3.3462256747172925e-08,1000.1377878444696
6243,2026-08-12,45.20000076293945,45.75,44.5,44.54999923706055,1022776.0,45.2,45.75,44.55,44.55,1016,45629700.0,1.6879191377938696e-08,0.0,0.0011223344556677253,1.7125464652813224e-08,1005.6692913385826
6243,2026-08-13,44.79999923706055,45.70000076293945,43.79999923706055,43.900001525878906,1153177.0,44.8,45.7,43.8,43.9,1149,51218400.0,1.7029898443813148e-08,1.6694517511659278e-08,1.7418708910566875e-08,3.475806167815685e-08,1002.6353350739773
6243,2026-08-14,44.5,47.5,41.849998474121094,46.79999923706055,5200196.0,44.5,47.5,41.85,46.8,5172,235511250.0,0.0,0.0,3.64606668499662e-08,1.6302125006043358e-08,1004.4516627996907
6243,2026-08-17,47.54999923706055,48.099998474121094,44.54999923706055,45.70000076293945,3136360.0,47.55,48.1,44.55,45.7,3133,143891050.0,1.604499369679977e-08,3.172305421353608e-08,1.7125464652813224e-08,1.6694517511659278e-08,1000.0724545164379
6243,2026-08-18,44.95000076293945,46.5,42.79999923706055,42.849998474121094,1623175.0,44.95,46.5,42.8,42.85,1609,71306800.0,1.6973068971809322e-08,0.0,1.7825688090720306e-08,3.5609776141682275e-08,1007.8098197638285
6243,2026-08-19,42.25,44.70000076293945,42.20000076293945,43.29999923706055,1140085.0,42.25,44.7,42.2,43.3,1139,49653600.0,0.0,1.7067996650622573e-08,1.8079133892958033e-08,1.7619848736323997e-08,999.9525899912204
6443,2026-05-25,41.0,43.599998474121094,40.650001525878906,43.25,44131813.0,41.0,43.6,40.65,43.25,43960,1859001200.0,0.0,3.499722265300655e-08,3.753699649867369e-08,0.0,1002.9083939945405
6443,2026-05-26,45.70000076293945,45.70000076293945,42.099998474121094,42.29999923706055,41819127.0,45.7,45.7,42.1,42.3,41765,1817853550.0,1.6694517511659278e-08,1.6694517511659278e-08,3.6244154576510344e-08,1.8036393623707546e-08,1000.2959894648629
6443,2026-05-27,43.0,43.099998474121094,40.79999923706055,41.04999923706055,17048002.0,43.0,43.1,40.8,41.05,16997,706525300.0,0.0,3.540322291580245e-08,1.8699496330461497e-08,1.858561389239535e-08,1002.0006471730305
6443,2026-05-28,41.20000076293945,43.150001525878906,40.0,40.45000076293945,20919764.0,41.2,43.15,40.0,40.45,20875,869370750.0,1.851794782239876e-08,3.536219948252805e-08,0.0,1.886129666953842e-08,1001.144383233533
6443,2026-05-29,41.0,41.25,40.20000076293945,40.70000076293945,11907009.0,41.0,41.25,40.2,40.7,11876,482459550.0,0.0,0.0,1.8978593290617636e-08,1.8745441038890146e-08,1001.6110643314247
6443,2026-06-01,40.849998474121094,43.20000076293945,40.20000076293945,42.099998474121094,25780671.0,40.85,43.2,40.2,42.1,25727,1084836100.0,3.73532168340535e-08,1.7660635423213634e-08,1.8978593290617636e-08,3.6244154576510344e-08,1001.0861740583822
6443,2026-06-02,42.650001525878906,43.5,40.900001525878906,42.54999923706055,30945589.0,42.65,43.5,40.9,42.55,30904,1314101800.0,3.5776762196273985e-08,0.0,3.7307552754794264e-08,1.793042186328623e-08,1000.3457481232203
6443,2026-06-03,42.900001525878906,43.900001525878906,41.900001525878906,42.900001525878906,31368285.0,42.9,43.9,41.9,42.9,31308,1350527650.0,3.556827290608591e-08,3.475806167815685e-08,3.641715770098056e-08,3.556827290608591e-08,1000.9255461862782
6443,2026-06-04,42.900001525878906,43.900001525878906,41.45000076293945,41.5,22669050.0,42.9,43.9,41.45,41.5,22612,957972800.0,3.556827290608591e-08,3.475806167815685e-08,1.8406259355436163e-08,0.0,1001.5229966389528
6443,2026-06-05,41.599998474121094,42.0,39.29999923706055,39.900001525878906,12271829.0,41.6,42.0,39.3,39.9,12193,489609750.0,3.667978143440109e-08,0.0,1.9413217564448578e-08,3.82425791396262e-08,1005.4651029279095
6443,2026-06-08,35.95000076293945,37.0,35.95000076293945,36.150001525878906,11912206.0,35.95,37.0,35.95,36.15,11884,430312550.0,2.1222237838187176e-08,0.0,2.1222237838187176e-08,4.220965166448369e-08,1001.3734432850893
6443,2026-06-09,36.45000076293945,39.75,35.79999923706055,39.70000076293945,14406317.0,36.45,39.75,35.8,39.7,14375,543769650.0,2.0931123464549493e-08,0.0,2.1311157829129306e-08,1.9217618395033476e-08,1001.1785739130435
6443,2026-06-10,39.5,43.650001525878906,39.45000076293945,40.099998474121094,77448175.0,39.5,43.65,39.45,40.1,77395,3286444650.0,0.0,3.4957134196359346e-08,1.93394030489944e-08,3.805184308406697e-08,999.6870598875896
6443,2026-06-11,41.150001525878906,41.849998474121094,38.099998474121094,40.0,49128232.0,41.15,41.85,38.1,40.0,49023,1971989950.0,3.7080896905737194e-08,3.64606668499662e-08,4.0049315161970747e-08,0.0,1001.1465842563695
6443,2026-06-12,41.79999923706055,43.79999923706055,41.650001525878906,41.75,44449244.0,41.8,43.8,41.65,41.75,44372,1901910850.0,1.8252139958919357e-08,1.7418708910566875e-08,3.663574808333939e-08,0.0,1000.7408275489047
6443,2026-06-15,43.349998474121094,43.70000076293945,41.20000076293945,41.20000076293945,37926300.0,43.35,43.7,41.2,41.2,37804,1598097750.0,3.5199052080071176e-08,1.7458568656357644e-08,1.851794782239876e-08,1.851794782239876e-08,1002.2351073960427
6443,2026-06-16,41.5,41.599998474121094,39.0,39.04999923706055,21684227.0,41.5,41.6,39.0,39.05,21608,861797400.0,0.0,3.667978143440109e-08,0.0,1.953750192785734e-08,1002.5277212143651
6443,2026-06-17,38.5,40.599998474121094,38.20000076293945,40.54999923706055,14717801.0,38.5,40.6,38.2,40.55,14685,580737350.0,0.0,3.758322432687402e-08,1.9972236918398664e-08,1.881478299094523e-08,1001.2336397684712
6443,2026-06-18,40.20000076293945,40.20000076293945,39.29999923706055,39.349998474121094,11457849.0,40.2,40.2,39.3,39.35,11362,449989750.0,1.8978593290617636e-08,1.8978593290617636e-08,1.9413217564448578e-08,3.87771005761394e-08,1007.4359267734553
6443,2026-06-22,39.349998474121094,39.849998474121094,39.0,39.0,10436115.0,39.35,39.85,39.0,39.0,10369,407179350.0,3.87771005761394e-08,3.829056230040365e-08,0.0,0.0,1005.4726588870673
6443,2026-06-23,39.04999923706055,39.25,37.5,37.5,10818584.0,39.05,39.25,37.5,37.5,10771,408471150.0,1.953750192785734e-08,0.0,0.0,0.0,1003.417788506174
6443,2026-06-24,36.95000076293945,37.95000076293945,36.79999923706055,37.04999923706055,7809127.0,36.95,37.95,36.8,37.05,7793,290822350.0,2.0647887693716617e-08,2.0103806331563348e-08,2.0732050279424704e-08,2.0592157902370556e-08,1001.0694212755036
6443,2026-06-25,37.45000076293945,37.45000076293945,36.400001525878906,36.400001525878906,7063031.0,37.45,37.45,36.4,36.4,7028,257783600.0,2.0372214960823205e-08,2.0372214960823205e-08,4.191975021074411e-08,4.191975021074411e-08,1003.9844906089926
6443,2026-06-26,36.0,36.349998474121094,34.5,34.5,8752140.0,36.0,36.35,34.5,34.5,8695,307076400.0,0.0,4.19774114902637e-08,0.0,0.0,1005.5715928694652
6443,2026-06-29,34.349998474121094,37.04999923706055,34.349998474121094,34.650001525878906,8462399.0,34.35,37.05,34.35,34.65,8436,298414500.0,4.442151114035183e-08,2.0592157902370556e-08,4.442151114035183e-08,4.403690931229684e-08,1002.1293266951162
6443,2026-06-30,35.25,35.849998474121094,35.150001525878906,35.45000076293945,4929243.0,35.25,35.85,35.15,35.45,4918,174635550.0,0.0,4.2562870506864304e-08,4.341049523957569e-08,2.1521564182872467e-08,1001.2860919072793
6443,2026-07-01,36.04999923706055,36.5,34.45000076293945,34.5,6013439.0,36.05,36.5,34.45,34.5,6002,211082350.0,2.1163368939884302e-08,0.0,2.2146283027077763e-08,0.0,1000.9058647117628
6443,2026-07-02,34.150001525878906,34.79999923706055,33.95000076293945,34.150001525878906,4974608.0,34.15,34.8,33.95,34.15,4966,170159250.0,4.4681666403252873e-08,2.192354742192038e-08,2.2472443307299824e-08,4.4681666403252873e-08,1000.7333870318164
6443,2026-07-03,34.150001525878906,34.75,33.79999923706055,34.45000076293945,4676986.0,34.15,34.75,33.8,34.45,4670,159990150.0,4.4681666403252873e-08,0.0,2.2572173085290802e-08,2.2146283027077763e-08,1000.495931477516
6443,2026-07-06,35.79999923706055,35.900001525878906,34.20000076293945,34.599998474121094,6838624.0,35.8,35.9,34.2,34.6,6821,238316250.0,2.1311157829129306e-08,4.2503590742927175e-08,2.2308171060901433e-08,4.4100546464482236e-08,1001.5837853687143
6443,2026-07-07,35.0,35.0,31.25,31.75,9899627.0,35.0,35.0,31.25,31.75,9859,323695850.0,0.0,0.0,0.0,0.0,1003.1208033269094
6443,2026-07-08,31.899999618530273,32.150001525878906,30.799999237060547,31.5,7370336.0,31.9,32.15,30.8,31.5,7339,230591750.0,1.195829859377475e-08,4.746124129614574e-08,2.4770761488166972e-08,0.0,1003.2697915247309
6443,2026-07-09,32.099998474121094,32.45000076293945,31.25,31.25,5484749.0,32.1,32.45,31.25,31.25,5472,173343500.0,4.753516846327369e-08,2.3511231133523235e-08,0.0,0.0,1001.3298611111111
6443,2026-07-13,31.350000381469727,31.649999618530273,30.200000762939453,30.399999618530273,6299849.0,31.35,31.65,30.2,30.4,6282,192680700.0,1.2168093305946236e-08,1.205275592863869e-08,2.5262895822368965e-08,1.2548346221757057e-08,1001.8412925819803
6443,2026-07-14,30.450000762939453,31.0,28.799999237060547,29.899999618530273,8586214.0,30.45,31.0,28.8,29.9,8566,255300900.0,2.5055482884582685e-08,0.0,2.6490953258178568e-08,1.2758184787338279e-08,1001.3597945365398
6443,2026-07-15,30.25,30.700000762939453,29.899999618530273,30.399999618530273,4830460.0,30.25,30.7,29.9,30.4,4818,146183250.0,0.0,2.4851448007672404e-08,1.2758184787338279e-08,1.2548346221757057e-08,1001.5861353258614
6443,2026-07-16,30.399999618530273,31.149999618530273,29.700000762939453,29.850000381469727,4935340.0,30.4,31.15,29.7,29.85,4927,148628950.0,1.2548346221757057e-08,1.2246219105663388e-08,2.5688197098839823e-08,1.2779555281119414e-08,1000.692713618835
6443,2026-07-17,29.299999237060547,29.850000381469727,28.0,29.850000381469727,9795746.0,29.3,29.85,28.0,29.85,9750,280269600.0,2.6038889209404187e-08,1.2779555281119414e-08,0.0,1.2779555281119414e-08,1003.6918974358974
6443,2026-07-20,30.299999237060547,30.450000762939453,27.850000381469727,27.850000381469727,8138728.0,30.3,30.45,27.85,27.85,8112,234167500.0,2.5179519928565768e-08,2.5055482884582685e-08,1.3697297132546302e-08,1.3697297132546302e-08,1002.2948717948718
6443,2026-07-21,28.100000381469727,29.399999618530273,28.100000381469727,28.399999618530273,5396490.0,28.1,29.4,28.1,28.4,5391,154461600.0,1.3575435058413328e-08,1.2975160719095733e-08,1.3575435058413328e-08,1.3432032575401921e-08,1000.0183639398998
6443,2026-07-22,28.75,30.299999237060547,28.75,29.600000381469727,7961312.0,28.75,30.3,28.75,29.6,7952,237064150.0,0.0,2.5179519928565768e-08,0.0,1.2887490714236977e-08,1000.1710261569416
6443,2026-07-23,29.75,29.799999237060547,28.600000381469727,28.799999237060547,3415669.0,29.75,29.8,28.6,28.8,3406,98774600.0,0.0,2.560199509515244e-08,1.3338102277671836e-08,2.6490953258178568e-08,1001.8388138578978
6443,2026-07-24,28.399999618530273,29.5,27.850000381469727,28.649999618530273,4909352.0,28.4,29.5,27.85,28.65,4892,139209750.0,1.3432032575401921e-08,0.0,1.3697297132546302e-08,1.3314824612265779e-08,1002.5470155355682
6443,2026-07-27,28.649999618530273,28.649999618530273,26.950000762939453,27.350000381469727,4898408.0,28.65,28.65,26.95,27.35,4883,135189300.0,1.3314824612265779e-08,1.3314824612265779e-08,2.8309441700762256e-08,1.3947704758369817e-08,1002.1554372312103
6443,2026-07-28,26.549999237060547,26.799999237060547,25.5,25.600000381469727,5217884.0,26.55,26.8,25.5,25.6,5212,135583250.0,2.873594929700726e-08,2.84678900684904e-08,0.0,1.4901161138336505e-08,1000.1289332310054
6443,2026-07-29,26.25,26.25,23.049999237060547,23.549999237060547,8867374.0,26.25,26.25,23.05,23.55,8849,210859950.0,0.0,0.0,3.309932554601053e-08,3.239657978070245e-08,1001.0763928127473
6443,2026-07-30,23.149999618530273,23.600000381469727,22.149999618530273,22.25,8338159.0,23.15,23.6,22.15,22.25,8327,189209550.0,1.6478173872199334e-08,1.6163971404297226e-08,1.7222109487197045e-08,0.0,1000.3400984748408
6443,2026-07-31,23.899999618530273,24.25,23.299999237060547,23.75,6414952.0,23.9,24.25,23.3,23.75,6403,151953850.0,1.5961076365749562e-08,0.0,3.2744182568049044e-08,0.0,1000.8666250195221
6443,2026-08-03,23.950000762939453,25.299999237060547,23.450000762939453,24.950000762939453,5307848.0,23.95,25.3,23.45,24.95,5273,130789350.0,3.185550955471995e-08,3.0155709637768487e-08,3.2534731506846176e-08,3.057873562467105e-08,1005.6087616157785
6443,2026-08-04,24.75,25.799999237060547,24.549999237060547,25.799999237060547,4019074.0,24.75,25.8,24.55,25.8,4013,101705650.0,0.0,2.9571296660292354e-08,3.107696349635612e-08,2.9571296660292354e-08,1000.5135808621978
6443,2026-08-05,26.450000762939453,28.350000381469727,26.149999618530273,27.700000762939453,8090537.0,26.45,28.35,26.15,27.7,8051,218674350.0,2.884459182743073e-08,1.3455722227210388e-08,1.4587752395465184e-08,2.7542940571680242e-08,1003.9108185318594
6443,2026-08-06,27.450000762939453,27.649999618530273,25.799999237060547,26.700000762939453,6961874.0,27.45,27.65,25.8,26.7,6941,184575000.0,2.7793787024974236e-08,1.3796373422835968e-08,2.9571296660292354e-08,2.8574511379608343e-08,1002.0073476444317
6443,2026-08-07,26.950000762939453,27.100000381469727,25.899999618530273,26.0,2488842.0,26.95,27.1,25.9,26.0,2480,65287350.0,2.8309441700762256e-08,1.407637362145441e-08,1.4728560816270833e-08,0.0,1002.5653225806452
6443,2026-08-10,26.549999237060547,27.25,26.299999237060547,27.049999237060547,4683012.0,26.55,27.25,26.3,27.05,4673,125795800.0,2.873594929700726e-08,0.0,2.900910470857577e-08,2.8204785724049637e-08,1001.142520864541
6443,2026-08-11,27.0,27.299999237060547,26.549999237060547,26.899999618530273,2672600.0,27.0,27.3,26.55,26.9,2671,71734400.0,0.0,2.794650014049607e-08,2.873594929700726e-08,1.4181030674402029e-08,999.5990265818045
6443,2026-08-12,26.899999618530273,27.0,26.700000762939453,26.75,2330778.0,26.9,27.0,26.7,26.75,2317,62150450.0,1.4181030674402029e-08,0.0,2.8574511379608343e-08,0.0,1004.9464825205007
6443,2026-08-13,26.899999618530273,28.399999618530273,26.899999618530273,27.700000762939453,6383107.0,26.9,28.4,26.9,27.7,6351,176583250.0,1.4181030674402029e-08,1.3432032575401921e-08,1.4181030674402029e-08,2.7542940571680242e-08,1004.0554243426232
6443,2026-08-14,27.600000381469727,27.649999618530273,27.0,27.200000762939453,3263195.0,27.6,27.65,27.0,27.2,3252,88651750.0,1.3821366852949801e-08,1.3796373422835968e-08,0.0,2.804924462630672e-08,1002.4424969249693
6443,2026-08-17,27.25,28.799999237060547,26.899999618530273,28.049999237060547,5636441.0,27.25,28.8,26.9,28.05,5630,156711150.0,0.0,2.6490953258178568e-08,1.4181030674402029e-08,2.7199267516418634e-08,1000.1440497335701
6443,2026-08-18,27.5,27.649999618530273,26.350000381469727,26.350000381469727,4697810.0,27.5,27.65,26.35,26.35,4689,126161350.0,0.0,1.3796373422835968e-08,1.447702941713148e-08,1.447702941713148e-08,1000.8788654297291
6443,2026-08-19,26.0,26.5,25.850000381469727,26.0,2033210.0,26.0,26.5,25.85,26.0,2029,52934800.0,0.0,0.0,1.4757049328487988e-08,0.0,1001.074913750616
6573,2026-05-25,13.0,13.75,13.0,13.399999618530273,364299.0,13.0,13.75,13.0,13.4,364,4833950.0,0.0,0.0,0.0,2.84678900684904e-08,999.8214285714286
6573,2026-05-26,13.399999618530273,14.300000190734863,13.199999809265137,13.949999809265137,349074.0,13.4,14.3,13.2,13.95,348,4716500.0,2.84678900684904e-08,1.3338102277671836e-08,1.4449610800811157e-08,1.3672750005068621e-08,1002.0862068965517
6573,2026-05-27,14.100000381469727,14.300000190734863,13.449999809265137,13.5,254300.0,14.1,14.25,13.45,13.5,254,3477950.0,2.705459056154407e-08,0.0035087853147272477,1.4181030674402029e-08,0.0,1000.1811023622047
6573,2026-05-28,13.550000190734863,14.850000381469727,13.550000190734863,14.850000381469727,1332000.0,13.55,14.85,13.55,14.85,1332,19662750.0,1.407637362145441e-08,2.5688197098839823e-08,1.407637362145441e-08,2.5688197098839823e-08,999.0
6573,2026-05-29,16.299999237060547,16.299999237060547,16.299999237060547,16.299999237060547,1768351.0,16.3,16.3,16.3,16.3,1766,28785800.0,4.6806101462303235e-08,4.6806101462303235e-08,4.6806101462303235e-08,4.6806101462303235e-08,1000.3312570781427
6573,2026-06-01,15.699999809265137,16.549999237060547,14.699999809265137,15.75,2249001.0,15.7,16.55,14.7,15.75,2239,34731400.0,1.2148717361191545e-08,4.609906065471557e-08,1.2975160719095733e-08,0.0,1003.4667262170611
6573,2026-06-02,15.75,17.299999237060547,15.75,17.299999237060547,1486555.0,15.75,17.3,15.75,17.3,1485,24454600.0,0.0,4.4100546464482236e-08,0.0,4.4100546464482236e-08,1000.047138047138
6573,2026-06-03,18.350000381469727,18.649999618530273,17.700000762939453,18.049999237060547,1857210.0,18.35,18.65,17.7,18.05,1857,33800350.0,2.0788540879641116e-08,2.045414075825279e-08,4.310392394551089e-08,4.2268113785902644e-08,999.1130856219709
6573,2026-06-04,18.0,18.0,16.5,16.649999618530273,1054000.0,18.0,18.0,16.5,16.65,1049,17943500.0,0.0,0.0,0.0,2.291109460308796e-08,1003.7664442326025
6573,2026-06-05,16.549999237060547,16.600000381469727,15.800000190734863,16.100000381469727,613000.0,16.55,16.6,15.8,16.1,606,9776550.0,4.609906065471557e-08,2.2980103924181596e-08,1.2071826744981471e-08,2.3693771747913943e-08,1010.5511551155115
6573,2026-06-08,14.5,15.550000190734863,14.5,15.050000190734863,403000.0,14.5,15.55,14.5,15.1,401,5993750.0,0.0,1.2265907560817186e-08,0.0,0.0033112456466977726,1003.9875311720698
6573,2026-06-09,15.149999618530273,15.949999809265137,15.100000381469727,15.25,342099.0,15.15,15.95,15.1,15.25,342,5285950.0,2.5179519928565768e-08,1.195829859377475e-08,2.5262895822368965e-08,0.0,999.2894736842105
6573,2026-06-10,15.199999809265137,15.75,14.800000190734863,15.050000190734863,255000.0,15.2,15.75,14.8,15.05,255,3840700.0,1.2548346221757057e-08,0.0,1.2887490714236977e-08,1.2673412795395831e-08,999.0
6573,2026-06-11,15.0,15.0,14.199999809265137,14.899999618530273,403000.0,15.0,15.0,14.2,14.9,402,5878800.0,0.0,0.0,1.3432032575401921e-08,2.560199509515244e-08,1001.4875621890548
6573,2026-06-12,15.850000381469727,15.850000381469727,14.5,14.699999809265137,269049.0,15.85,15.85,14.5,14.7,269,4030500.0,2.4067490657272643e-08,2.4067490657272643e-08,0.0,1.2975160719095733e-08,999.182156133829
6573,2026-06-15,14.75,15.550000190734863,14.75,15.100000381469727,257000.0,14.75,15.55,14.75,15.1,257,3886950.0,0.0,1.2265907560817186e-08,0.0,2.5262895822368965e-08,999.0
6573,2026-06-16,15.199999809265137,15.300000190734863,14.600000381469727,14.800000190734863,290000.0,15.2,15.3,14.6,14.8,283,4192200.0,1.2548346221757057e-08,1.2466330886974331e-08,2.612806348751859e-08,1.2887490714236977e-08,1023.7349823321555
6573,2026-06-17,14.800000190734863,15.100000381469727,14.149999618530273,14.75,261100.0,14.8,15.1,14.15,14.75,261,3829800.0,1.2887490714236977e-08,2.5262895822368965e-08,2.6958991301609282e-08,0.0,999.383141762452
6573,2026-06-18,15.300000190734863,16.200000762939453,15.300000190734863,16.200000762939453,621999.0,15.3,16.2,15.3,16.2,616,9948050.0,1.2466330886974331e-08,4.709502801453968e-08,1.2466330886974331e-08,4.709502801453968e-08,1008.7386363636364
6573,2026-06-22,17.799999237060547,17.799999237060547,17.799999237060547,17.799999237060547,876154.0,17.8,17.8,17.8,17.8,876,15592800.0,4.286176706941251e-08,4.286176706941251e-08,4.286176706941251e-08,4.286176706941251e-08,999.175799086758
6573,2026-06-23,18.25,19.549999237060547,18.100000381469727,19.549999237060547,3779400.0,18.25,19.55,18.1,19.55,3779,72535950.0,0.0,3.902503600181804e-08,2.1075675422177598e-08,3.902503600181804e-08,999.105848107965
6573,2026-06-24,18.450000762939453,21.5,17.850000381469727,21.5,3323820.0,18.45,21.5,17.85,21.5,3321,68029050.0,4.135173191520557e-08,0.0,2.137085294909885e-08,0.0,999.8491418247515
6573,2026-06-25,23.450000762939453,23.5,20.5,21.0,3219679.0,23.45,23.5,20.5,21.0,3207,69481500.0,3.2534731506846176e-08,0.0,0.0,0.0,1002.9535391331463
6573,2026-06-26,21.0,21.100000381469727,19.5,19.850000381469727,1458160.0,21.0,21.1,19.5,19.85,1449,29207550.0,0.0,1.8079133892958033e-08,0.0,1.9217618395033476e-08,1005.3216011042098
6573,2026-06-29,20.0,21.299999237060547,19.5,19.75,1041254.0,20.0,21.3,19.5,19.75,1041,20978100.0,0.0,3.581875370119919e-08,0.0,0.0,999.2439961575408
6573,2026-06-30,20.5,21.700000762939453,19.399999618530273,21.700000762939453,1380103.0,20.5,21.7,19.4,21.7,1370,28899950.0,0.0,3.515850017675312e-08,1.966338789388735e-08,3.515850017675312e-08,1006.3744525547445
6573,2026-07-01,22.75,23.399999618530273,21.0,21.0,1763105.0,22.75,23.4,21.0,21.0,1763,38872500.0,0.0,1.6302125006043358e-08,0.0,0.0,999.0595575723199
6573,2026-07-02,19.25,23.100000381469727,19.200000762939453,23.100000381469727,1972011.0,19.25,23.1,19.2,23.1,1970,43553100.0,0.0,1.651384091521275e-08,3.973642988726785e-08,1.651384091521275e-08,1000.0208121827411
6573,2026-07-03,23.100000381469727,25.399999618530273,22.799999237060547,25.100000381469727,3016139.0,23.1,25.4,22.8,25.1,3013,75026900.0,1.651384091521275e-08,1.501849311580372e-08,3.3462256747172925e-08,1.5197997017586234e-08,1000.0418187852639
6573,2026-07-06,25.0,27.600000381469727,24.149999618530273,27.600000381469727,2697062.0,25.0,27.6,24.15,27.6,2695,70671400.0,0.0,1.3821366852949801e-08,1.579584783194263e-08,1.3821366852949801e-08,999.765120593692
6573,2026-07-07,29.200000762939453,29.799999237060547,24.850000381469727,25.049999237060547,3351012.0,29.2,29.8,24.85,25.05,3342,89938800.0,2.612806348751859e-08,2.560199509515244e-08,1.535089437188791e-08,3.045666482377416e-08,1001.6965888689408
6573,2026-07-08,24.850000381469727,27.549999237060547,23.399999618530273,27.549999237060547,2737398.0,24.85,27.55,23.4,27.55,2737,71712100.0,1.535089437188791e-08,2.7692902135591387e-08,1.6302125006043358e-08,2.7692902135591387e-08,999.1454146876142
6573,2026-07-09,27.0,29.75,26.700000762939453,27.950000762939453,2454001.0,27.0,29.75,26.7,27.95,2448,69528700.0,0.0,0.0,2.8574511379608343e-08,2.729658153257756e-08,1001.4513888888889
6573,2026-07-13,27.799999237060547,28.100000381469727,25.200000762939453,26.0,1835200.0,27.8,28.1,25.2,26.0,1832,47974150.0,2.7443865245882833e-08,1.3575435058413328e-08,3.027537515220408e-08,0.0,1000.7467248908297
6573,2026-07-14,25.5,25.5,23.399999618530273,23.950000762939453,1774005.0,25.5,25.5,23.4,23.95,1774,42388550.0,0.0,0.0,1.6302125006043358e-08,3.185550955471995e-08,999.0028184892898
6573,2026-07-15,23.950000762939453,24.450000762939453,22.0,23.350000381469727,1076029.0,23.95,24.45,22.0,23.35,1075,25104600.0,3.185550955471995e-08,3.120406764153549e-08,0.0,1.6337033196634454e-08,999.9572093023256
6573,2026-07-16,22.649999618530273,23.200000762939453,21.200000762939453,22.049999237060547,982034.0,22.65,23.2,21.2,22.05,979,21775650.0,1.6841930469819626e-08,3.2885321286014776e-08,3.5987710086582204e-08,3.4600428745376086e-08,1002.0990806945863
6573,2026-07-17,20.600000381469727,21.700000762939453,19.950000762939453,20.25,1106634.0,20.6,21.7,19.95,20.25,1106,22588100.0,1.851794782239876e-08,3.515850017675312e-08,3.82425791396262e-08,0.0,999.5732368896926
6573,2026-07-20,20.0,20.399999618530273,18.5,19.950000762939453,742137.0,20.0,20.4,18.5,19.95,742,14401900.0,0.0,1.8699496330461497e-08,0.0,3.82425791396262e-08,999.1846361185984
6573,2026-07-21,20.0,20.149999618530273,19.549999237060547,19.75,340133.0,20.0,20.15,19.55,19.75,340,6709550.0,0.0,1.893150000701809e-08,3.902503600181804e-08,0.0,999.3911764705882
6573,2026-07-22,20.200000762939453,21.700000762939453,20.049999237060547,21.700000762939453,543143.0,20.2,21.7,20.05,21.7,525,10944700.0,3.7769279892848653e-08,3.515850017675312e-08,3.805184308406697e-08,3.515850017675312e-08,1033.5580952380953
6573,2026-07-23,21.700000762939453,22.0,20.100000381469727,20.149999618530273,799008.0,21.7,22.0,20.1,20.15,799,16579100.0,3.515850017675312e-08,0.0,1.8978593290617636e-08,1.893150000701809e-08,999.0100125156446
6573,2026-07-24,21.100000381469727,21.100000381469727,19.0,19.0,435000.0,21.1,21.1,19.0,19.0,435,8459150.0,1.8079133892958033e-08,1.8079133892958033e-08,0.0,0.0,999.0
6573,2026-07-27,18.850000381469727,19.0,17.700000762939453,18.299999237060547,391157.0,18.85,19.0,17.7,18.3,391,7111300.0,2.0237120697157266e-08,0.0,4.310392394551089e-08,4.169068053746135e-08,999.4015345268542
6573,2026-07-28,17.799999237060547,17.799999237060547,16.75,16.75,454010.0,17.8,17.8,16.75,16.75,454,7755800.0,4.286176706941251e-08,4.286176706941251e-08,0.0,0.0,999.022026431718
6573,2026-07-29,18.25,18.25,15.100000381469727,16.549999237060547,779000.0,18.25,18.25,15.1,16.55,779,12414500.0,0.0,0.0,2.5262895822368965e-08,4.609906065471557e-08,999.0
6573,2026-07-30,15.5,16.5,15.0,15.050000190734863,417000.0,15.5,16.5,15.0,15.05,417,6490350.0,0.0,0.0,0.0,1.2673412795395831e-08,999.0
6573,2026-07-31,16.450000762939453,16.549999237060547,15.5,16.549999237060547,511009.0,16.45,16.55,15.5,16.55,511,8217600.0,4.637929810550412e-08,4.609906065471557e-08,0.0,4.609906065471557e-08,999.0176125244618
6573,2026-08-03,16.75,17.700000762939453,16.600000381469727,16.850000381469727,450000.0,16.75,17.7,16.6,16.85,449,7652250.0,0.0,4.310392394551089e-08,2.2980103924181596e-08,2.263915282738365e-08,1001.2271714922049
6573,2026-08-04,16.299999237060547,18.450000762939453,16.299999237060547,18.25,481000.0,16.3,18.45,16.3,18.25,481,8545950.0,4.6806101462303235e-08,4.135173191520557e-08,4.6806101462303235e-08,0.0,999.0
6573,2026-08-05,18.5,18.5,17.549999237060547,17.649999618530273,463400.0,18.5,18.5,17.55,17.65,462,8265550.0,0.0,0.0,4.347233355188277e-08,2.16130155887487e-08,1002.030303030303
6573,2026-08-06,17.350000381469727,17.549999237060547,16.899999618530273,17.299999237060547,315300.0,17.35,17.55,16.9,17.3,315,5417350.0,2.1986727673856743e-08,4.347233355188277e-08,2.2572173085290802e-08,4.4100546464482236e-08,999.952380952381
6573,2026-08-07,17.399999618530273,17.600000381469727,16.799999237060547,17.200000762939453,192000.0,17.4,17.6,16.8,17.2,192,3275850.0,2.192354742192038e-08,2.1674416201216733e-08,4.541306272830611e-08,4.435694499043853e-08,999.0
6573,2026-08-10,17.25,17.299999237060547,16.850000381469727,16.950000762939453,354100.0,17.25,17.3,16.85,16.95,354,6006100.0,0.0,4.4100546464482236e-08,2.263915282738365e-08,4.501117721743615e-08,999.2824858757062
6573,2026-08-11,18.0,18.0,16.700000762939453,17.049999237060547,272000.0,18.0,18.0,16.7,17.05,272,4650750.0,0.0,0.0,4.5684997235661246e-08,4.4747182043140336e-08,999.0
6573,2026-08-12,17.049999237060547,17.25,16.700000762939453,16.850000381469727,259000.0,17.05,17.25,16.7,16.85,259,4362800.0,4.4747182043140336e-08,0.0,4.5684997235661246e-08,2.263915282738365e-08,999.0
6573,2026-08-13,15.800000190734863,17.25,15.800000190734863,16.850000381469727,248000.0,15.8,17.25,15.8,16.85,248,4183700.0,1.2071826744981471e-08,0.0,1.2071826744981471e-08,2.263915282738365e-08,999.0
6573,2026-08-14,16.850000381469727,16.850000381469727,16.0,16.350000381469727,196315.0,16.85,16.85,16.0,16.35,196,3227650.0,2.263915282738365e-08,2.263915282738365e-08,0.0,2.333148166002535e-08,1000.6071428571429
6573,2026-08-17,16.399999618530273,16.600000381469727,16.100000381469727,16.450000762939453,178000.0,16.4,16.6,16.1,16.45,178,2908850.0,2.326034909398869e-08,2.2980103924181596e-08,2.3693771747913943e-08,4.637929810550412e-08,999.0
6573,2026-08-18,16.549999237060547,16.799999237060547,16.0,16.149999618530273,238010.0,16.55,16.8,16.0,16.15,238,3889250.0,4.609906065471557e-08,4.541306272830611e-08,0.0,2.362041641742505e-08,999.0420168067227
6573,2026-08-19,15.649999618530273,17.75,15.649999618530273,17.75,486200.0,15.65,17.75,15.65,17.75,486,8509800.0,2.437506242286079e-08,0.0,2.437506242286079e-08,0.0,999.4115226337449
6670,2026-05-25,262.0,262.0,256.0,256.0,403103.0,262.0,262.0,256.0,256.0,402,103520500.0,0.0,0.0,0.0,0.0,1001.7437810945273
6670,2026-05-26,257.5,257.5,254.0,254.5,224100.0,257.5,257.5,254.0,254.5,223,56877500.0,0.0,0.0,0.0,0.0,1003.932735426009
6670,2026-05-27,255.0,262.0,252.5,262.0,701574.0,255.0,262.0,252.5,262.0,699,179671500.0,0.0,0.0,0.0,0.0,1002.6824034334763
6670,2026-05-28,262.0,262.0,257.0,258.0,781118.0,262.0,262.0,257.0,258.0,781,202965000.0,0.0,0.0,0.0,0.0,999.1510883482714
6670,2026-05-29,257.5,266.0,257.5,261.5,686047.0,257.5,266.0,257.5,261.5,686,180585500.0,0.0,0.0,0.0,0.0,999.0685131195336
6670,2026-06-01,262.5,274.0,261.5,272.0,574378.0,262.5,274.0,261.5,272.0,573,154929500.0,0.0,0.0,0.0,0.0,1001.4048865619546
6670,2026-06-02,273.5,278.5,269.5,278.5,677510.0,273.5,278.5,269.5,278.5,677,186263000.0,0.0,0.0,0.0,0.0,999.7533234859675
6670,2026-06-03,275.5,282.5,275.5,281.5,646368.0,275.5,282.5,275.5,281.5,646,181169500.0,0.0,0.0,0.0,0.0,999.5696594427245
6670,2026-06-04,280.0,280.5,278.0,280.0,594123.0,280.0,280.5,278.0,280.0,594,166121000.0,0.0,0.0,0.0,0.0,999.2070707070707
6670,2026-06-05,280.5,284.0,276.0,276.0,467071.0,280.5,284.0,276.0,276.0,466,129894000.0,0.0,0.0,0.0,0.0,1001.2982832618026
6670,2026-06-08,265.0,275.0,264.0,270.0,271000.0,265.0,275.0,264.0,270.0,271,73644500.0,0.0,0.0,0.0,0.0,999.0
6670,2026-06-09,271.5,281.5,271.5,280.0,592018.0,271.5,281.5,271.5,280.0,592,165685500.0,0.0,0.0,0.0,0.0,999.0304054054054
6670,2026-06-10,276.0,288.0,276.0,281.5,935703.0,276.0,288.0,276.0,281.5,934,264996500.0,0.0,0.0,0.0,0.0,1000.823340471092
6670,2026-06-11,283.0,283.0,278.5,282.0,417100.0,283.0,283.0,278.5,282.0,417,117008000.0,0.0,0.0,0.0,0.0,999.2398081534773
6670,2026-06-12,282.0,288.0,281.5,285.0,499034.0,282.0,288.0,281.5,285.0,499,142369000.0,0.0,0.0,0.0,0.0,999.0681362725451
6670,2026-06-15,285.5,289.5,281.5,286.0,995091.0,285.5,289.5,281.5,286.0,995,284767000.0,0.0,0.0,0.0,0.0,999.0914572864322
6670,2026-06-16,286.0,290.5,282.5,287.5,1239131.0,286.0,290.5,282.5,287.5,1239,355952000.0,0.0,0.0,0.0,0.0,999.1057304277643
6670,2026-06-17,289.0,304.5,283.5,300.5,1769049.0,289.0,304.5,283.5,300.5,1769,523305500.0,0.0,0.0,0.0,0.0,999.0276992651216
6670,2026-06-18,300.5,300.5,287.0,287.5,1153446.0,300.5,300.5,287.0,287.5,1153,335981500.0,0.0,0.0,0.0,0.0,999.3868169991327
6670,2026-06-22,288.0,298.0,287.0,291.0,1364114.0,288.0,298.0,287.0,291.0,1363,400001500.0,0.0,0.0,0.0,0.0,999.8173147468818
6670,2026-06-23,291.5,291.5,284.5,287.0,1023071.0,291.5,291.5,284.5,287.0,1022,293954500.0,0.0,0.0,0.0,0.0,1000.0479452054794
6670,2026-06-24,259.0,262.5,244.0,244.0,3624383.0,259.0,262.5,244.0,244.0,3622,899507000.0,0.0,0.0,0.0,0.0,999.6579237990061
6670,2026-06-25,246.0,246.0,241.5,245.5,1267237.0,246.0,246.0,241.5,245.5,1263,307509500.0,0.0,0.0,0.0,0.0,1002.3547110055424
6670,2026-06-26,243.5,251.0,242.5,251.0,999345.0,243.5,251.0,242.5,251.0,999,248195000.0,0.0,0.0,0.0,0.0,999.3453453453453
6670,2026-06-29,251.5,251.5,244.0,249.5,997300.0,251.5,251.5,244.0,249.5,996,246516000.0,0.0,0.0,0.0,0.0,1000.3052208835342
6670,2026-06-30,250.0,255.5,246.0,255.5,1226010.0,250.0,255.5,246.0,255.5,1225,306769000.0,0.0,0.0,0.0,0.0,999.8244897959183
6670,2026-07-01,255.0,255.0,249.5,251.5,842019.0,255.0,255.0,249.5,251.5,842,212103000.0,0.0,0.0,0.0,0.0,999.0225653206651
6670,2026-07-02,250.0,254.5,249.5,254.5,460000.0,250.0,254.5,249.5,254.5,459,115934500.0,0.0,0.0,0.0,0.0,1001.1786492374728
6670,2026-07-03,251.0,260.0,251.0,259.0,460030.0,251.0,260.0,251.0,259.0,459,118414500.0,0.0,0.0,0.0,0.0,1001.2440087145969
6670,2026-07-06,260.0,262.0,258.5,259.5,213006.0,260.0,262.0,258.5,259.5,213,55397000.0,0.0,0.0,0.0,0.0,999.0281690140845
6670,2026-07-07,259.0,264.0,257.5,258.5,339167.0,259.0,264.0,257.5,258.5,339,88222500.0,0.0,0.0,0.0,0.0,999.4926253687315
6670,2026-07-08,259.0,260.5,254.0,258.5,331237.0,259.0,260.5,254.0,258.5,331,85141000.0,0.0,0.0,0.0,0.0,999.7160120845922
6670,2026-07-09,259.0,261.5,257.0,261.5,301151.0,259.0,261.5,257.0,261.5,301,78264500.0,0.0,0.0,0.0,0.0,999.5016611295681
6670,2026-07-13,262.0,262.0,256.5,259.5,172011.0,262.0,262.0,256.5,259.5,172,44382000.0,0.0,0.0,0.0,0.0,999.0639534883721
6670,2026-07-14,261.5,261.5,254.0,260.0,477054.0,261.5,261.5,254.0,260.0,477,122989000.0,0.0,0.0,0.0,0.0,999.1132075471698
6670,2026-07-15,260.5,262.5,256.5,262.5,485010.0,260.5,262.5,256.5,262.5,485,126083000.0,0.0,0.0,0.0,0.0,999.020618556701
6670,2026-07-16,263.0,264.0,258.0,263.0,468018.0,263.0,264.0,258.0,263.0,468,122137000.0,0.0,0.0,0.0,0.0,999.0384615384615
6670,2026-07-17,261.0,265.0,257.5,259.5,381010.0,261.0,265.0,257.5,259.5,381,99212000.0,0.0,0.0,0.0,0.0,999.0262467191601
6670,2026-07-20,261.5,261.5,254.0,260.0,559000.0,261.5,261.5,254.0,260.0,559,144551000.0,0.0,0.0,0.0,0.0,999.0
6670,2026-07-21,260.0,263.5,258.0,261.0,431010.0,260.0,263.5,258.0,261.0,431,112600500.0,0.0,0.0,0.0,0.0,999.0232018561485
6670,2026-07-22,261.0,265.5,261.0,262.5,544003.0,261.0,265.5,261.0,262.5,544,143534500.0,0.0,0.0,0.0,0.0,999.0055147058823
6670,2026-07-23,264.5,264.5,260.0,264.0,269015.0,264.5,264.5,260.0,264.0,269,70540500.0,0.0,0.0,0.0,0.0,999.0557620817843
6670,2026-07-24,261.5,269.0,261.5,267.5,389060.0,261.5,269.0,261.5,267.5,387,103358000.0,0.0,0.0,0.0,0.0,1004.3229974160207
6670,2026-07-27,270.0,273.5,268.0,273.0,480338.0,270.0,273.5,268.0,273.0,479,130358000.0,0.0,0.0,0.0,0.0,1001.7933194154489
6670,2026-07-28,273.0,275.0,267.5,268.0,224807.0,273.0,275.0,267.5,268.0,224,60575500.0,0.0,0.0,0.0,0.0,1002.6026785714286
6670,2026-07-29,270.5,271.5,260.0,267.0,341146.0,270.5,271.5,260.0,267.0,340,90070000.0,0.0,0.0,0.0,0.0,1002.3705882352941
6670,2026-07-30,267.5,269.0,261.0,261.5,222006.0,267.5,269.0,261.0,261.5,222,58769500.0,0.0,0.0,0.0,0.0,999.027027027027
6670,2026-07-31,265.0,270.0,253.5,254.0,838256.0,265.0,270.0,253.5,254.0,838,216622500.0,0.0,0.0,0.0,0.0,999.3054892601432
6670,2026-08-03,255.5,260.0,251.5,259.5,297170.0,255.5,260.0,251.5,259.5,296,76089000.0,0.0,0.0,0.0,0.0,1002.9527027027027
6670,2026-08-04,256.0,259.5,254.5,258.0,332000.0,256.0,259.5,254.5,258.0,331,85138500.0,0.0,0.0,0.0,0.0,1002.0211480362537
6670,2026-08-05,258.0,261.0,256.5,258.5,270026.0,258.0,261.0,256.5,258.5,270,69727000.0,0.0,0.0,0.0,0.0,999.0962962962963
6670,2026-08-06,256.5,263.5,256.0,263.5,367065.0,256.5,263.5,256.0,263.5,367,95760000.0,0.0,0.0,0.0,0.0,999.1771117166212
6670,2026-08-07,264.5,269.5,263.5,268.0,304300.0,264.5,269.5,263.5,268.0,302,80576500.0,0.0,0.0,0.0,0.0,1006.615894039735
6670,2026-08-10,268.0,270.0,266.5,266.5,116132.0,268.0,270.0,266.5,266.5,115,30827500.0,0.0,0.0,0.0,0.0,1008.8434782608696
6670,2026-08-11,268.5,269.0,265.5,269.0,185088.0,268.5,269.0,265.5,269.0,185,49587500.0,0.0,0.0,0.0,0.0,999.4756756756757
6670,2026-08-12,270.0,273.0,263.0,264.0,230000.0,270.0,273.0,263.0,264.0,229,60875500.0,0.0,0.0,0.0,0.0,1003.3668122270742
6670,2026-08-13,266.5,269.5,264.5,267.0,232100.0,266.5,269.5,264.5,267.0,232,62050500.0,0.0,0.0,0.0,0.0,999.4310344827586
6670,2026-08-14,267.0,267.0,261.5,261.5,172116.0,267.0,267.0,261.5,261.5,172,45342500.0,0.0,0.0,0.0,0.0,999.6744186046511
6670,2026-08-17,261.5,263.0,260.5,261.5,109032.0,261.5,263.0,260.5,261.5,109,28547000.0,0.0,0.0,0.0,0.0,999.2935779816514
6670,2026-08-18,261.0,263.5,261.0,261.5,81047.0,261.0,263.5,261.0,261.5,81,21227000.0,0.0,0.0,0.0,0.0,999.5802469135803
6670,2026-08-19,261.5,269.0,261.5,267.0,243108.0,261.5,269.0,261.5,267.0,243,64858500.0,0.0,0.0,0.0,0.0,999.4444444444445
6776,2026-05-25,59.79999923706055,60.20000076293945,58.5,58.70000076293945,444275.0,59.8,60.2,58.5,58.7,443,26116200.0,1.2758184787338279e-08,1.2673412795395831e-08,0.0,1.2997264911121449e-08,1001.8781038374718
6776,2026-05-26,58.79999923706055,60.20000076293945,58.20000076293945,59.20000076293945,605005.0,58.8,60.2,58.2,59.2,604,35587200.0,1.2975160719095733e-08,1.2673412795395831e-08,1.3108925262591564e-08,1.2887490714236977e-08,1000.6639072847682
6776,2026-05-27,59.900001525878906,59.900001525878906,57.79999923706055,58.20000076293945,439131.0,59.9,59.9,57.8,58.2,439,25753500.0,2.547377141354066e-08,2.547377141354066e-08,1.3199644468561057e-08,1.3108925262591564e-08,999.2984054669704
6776,2026-05-28,58.20000076293945,58.900001525878906,57.20000076293945,57.5,330100.0,58.2,58.9,57.2,57.5,329,19090700.0,1.3108925262591564e-08,2.590626328813388e-08,1.3338102277671836e-08,0.0,1002.3434650455927
6776,2026-05-29,57.599998474121094,58.70000076293945,57.599998474121094,58.5,260192.0,57.6,58.7,57.6,58.5,258,15036500.0,2.6490953258178568e-08,1.2997264911121449e-08,2.6490953258178568e-08,0.0,1007.4961240310078
6776,2026-06-01,58.900001525878906,60.29999923706055,58.900001525878906,60.0,634081.0,58.9,60.3,58.9,60.0,634,37829600.0,2.590626328813388e-08,1.2652395527078426e-08,2.590626328813388e-08,0.0,999.1277602523659
6776,2026-06-02,60.099998474121094,61.400001525878906,60.0,61.20000076293945,865041.0,60.1,61.4,60.0,61.2,865,52517700.0,2.5389000127638693e-08,2.4851448007672404e-08,0.0,1.2466330886974331e-08,999.0473988439306
6776,2026-06-03,61.400001525878906,61.70000076293945,60.70000076293945,61.0,629004.0,61.4,61.7,60.7,61.0,627,38295300.0,2.4851448007672404e-08,1.2365307135864328e-08,1.2569018950293724e-08,0.0,1002.1961722488038
6776,2026-06-04,61.0,61.099998474121094,60.099998474121094,60.29999923706055,301044.0,61.0,61.1,60.1,60.3,301,18234600.0,0.0,2.4973468210656063e-08,2.5389000127638693e-08,1.2652395527078426e-08,999.1461794019933
6776,2026-06-05,61.5,62.20000076293945,59.900001525878906,61.20000076293945,687087.0,61.5,62.2,59.9,61.2,685,41817600.0,0.0,1.2265907560817186e-08,2.547377141354066e-08,1.2466330886974331e-08,1002.0467153284671
6776,2026-06-08,58.0,60.400001525878906,57.29999923706055,60.099998474121094,486029.0,58.0,60.4,57.3,60.1,485,28498600.0,0.0,2.5262895822368965e-08,1.3314824612265779e-08,2.5389000127638693e-08,1001.1216494845361
6776,2026-06-09,60.79999923706055,62.0,60.29999923706055,61.29999923706055,571838.0,60.8,62.0,60.3,61.3,571,34900500.0,1.2548346221757057e-08,0.0,1.2652395527078426e-08,1.2445994294989055e-08,1000.4676007005254
6776,2026-06-10,60.29999923706055,61.400001525878906,59.79999923706055,59.79999923706055,415000.0,60.3,61.4,59.8,59.8,413,24984700.0,1.2652395527078426e-08,2.4851448007672404e-08,1.2758184787338279e-08,1.2758184787338279e-08,1003.8426150121065
6776,2026-06-11,59.5,59.599998474121094,58.099998474121094,59.5,434405.0,59.5,59.6,58.1,59.5,434,25569900.0,0.0,2.560199509515244e-08,2.626297603564691e-08,0.0,999.9331797235023
6776,2026-06-12,60.20000076293945,60.79999923706055,59.5,59.5,285023.0,60.2,60.8,59.5,59.5,284,17021900.0,1.2673412795395831e-08,1.2548346221757057e-08,0.0,0.0,1002.6021126760563
6776,2026-06-15,60.0,60.400001525878906,59.5,59.5,384707.0,60.0,60.4,59.5,59.5,384,23024300.0,0.0,2.5262895822368965e-08,0.0,0.0,1000.8411458333334
6776,2026-06-16,59.79999923706055,59.79999923706055,58.79999923706055,59.29999923706055,262111.0,59.8,59.8,58.8,59.3,262,15512100.0,1.2758184787338279e-08,1.2758184787338279e-08,1.2975160719095733e-08,1.2865758014887505e-08,999.4236641221374
6776,2026-06-17,59.29999923706055,59.400001525878906,58.599998474121094,58.900001525878906,213035.0,59.3,59.4,58.6,58.9,213,12537000.0,1.2865758014887505e-08,2.5688197098839823e-08,2.6038889209404187e-08,2.590626328813388e-08,999.1643192488262
6776,2026-06-18,59.20000076293945,59.5,58.70000076293945,59.29999923706055,340149.0,59.2,59.5,58.7,59.3,340,20087100.0,1.2887490714236977e-08,0.0,1.2997264911121449e-08,1.2865758014887505e-08,999.4382352941177
6776,2026-06-22,59.79999923706055,59.900001525878906,58.900001525878906,59.099998474121094,383000.0,59.8,59.9,58.9,59.1,382,22659800.0,1.2758184787338279e-08,2.547377141354066e-08,2.590626328813388e-08,2.581859403842784e-08,1001.6178010471205
6776,2026-06-23,59.599998474121094,59.599998474121094,58.099998474121094,58.29999923706055,406000.0,59.6,59.6,58.1,58.3,406,23743400.0,2.560199509515244e-08,2.560199509515244e-08,2.626297603564691e-08,1.3086439970545953e-08,999.0
6776,2026-06-24,58.29999923706055,58.400001525878906,57.70000076293945,57.79999923706055,524010.0,58.3,58.4,57.7,57.8,522,30263300.0,1.3086439970545953e-08,2.612806348751859e-08,1.3222520802128752e-08,1.3199644468561057e-08,1002.8505747126437
6776,2026-06-25,55.79999923706055,56.0,54.70000076293945,54.79999923706055,389143.0,55.8,56.0,54.7,54.8,389,21505500.0,1.3672750005068621e-08,0.0,1.3947704758369817e-08,1.3922252742387392e-08,999.3676092544987
6776,2026-06-26,54.5,54.5,53.5,53.599998474121094,300450.0,54.5,54.5,53.5,53.6,300,16159900.0,0.0,0.0,0.0,2.84678900684904e-08,1000.5
6776,2026-06-29,53.599998474121094,53.79999923706055,53.0,53.70000076293945,289000.0,53.6,53.8,53.0,53.7,289,15443800.0,2.84678900684904e-08,1.4181030674402029e-08,0.0,1.4207438552752868e-08,999.0
6776,2026-06-30,54.29999923706055,54.29999923706055,53.29999923706055,53.900001525878906,185998.0,54.3,54.3,53.3,53.9,184,9920200.0,1.4050450281451733e-08,1.4050450281451733e-08,1.4314060980916117e-08,2.8309441700762256e-08,1009.8586956521739
6776,2026-07-01,54.20000076293945,54.20000076293945,53.099998474121094,53.5,177000.0,54.2,54.2,53.1,53.5,177,9468000.0,1.407637362145441e-08,1.407637362145441e-08,2.873594929700726e-08,0.0,999.0
6776,2026-07-02,53.599998474121094,54.099998474121094,53.099998474121094,53.79999923706055,112000.0,53.6,54.1,53.1,53.8,112,5999400.0,2.84678900684904e-08,2.8204785724049637e-08,2.873594929700726e-08,1.4181030674402029e-08,999.0
6776,2026-07-03,54.0,55.29999923706055,53.79999923706055,54.79999923706055,182000.0,54.0,55.3,53.8,54.8,182,9972300.0,0.0,1.3796373422835968e-08,1.4181030674402029e-08,1.3922252742387392e-08,999.0
6776,2026-07-06,55.0,55.900001525878906,54.900001525878906,55.0,154000.0,55.0,55.9,54.9,55.0,154,8518300.0,0.0,2.729658153257756e-08,2.7793787024974236e-08,0.0,999.0
6776,2026-07-07,56.5,57.599998474121094,55.400001525878906,55.5,594000.0,56.5,57.6,55.4,55.5,594,33515800.0,0.0,2.6490953258178568e-08,2.7542940571680242e-08,0.0,999.0
6776,2026-07-08,55.599998474121094,56.400001525878906,55.0,55.29999923706055,190151.0,55.6,56.4,55.0,55.3,190,10543800.0,2.7443865245882833e-08,2.705459056154407e-08,0.0,1.3796373422835968e-08,999.7947368421053
6776,2026-07-09,55.29999923706055,56.099998474121094,55.29999923706055,55.70000076293945,135200.0,55.3,56.1,55.3,55.7,135,7518900.0,1.3796373422835968e-08,2.7199267516418634e-08,1.3796373422835968e-08,1.3697297132546302e-08,1000.4814814814815
6776,2026-07-13,55.70000076293945,56.0,54.599998474121094,54.70000076293945,185050.0,55.7,56.0,54.6,54.7,185,10223200.0,1.3697297132546302e-08,0.0,2.794650014049607e-08,1.3947704758369817e-08,999.2702702702703
6776,2026-07-14,55.20000076293945,55.20000076293945,53.29999923706055,54.29999923706055,328105.0,55.2,55.2,53.3,54.3,328,17667000.0,1.3821366852949801e-08,1.3821366852949801e-08,1.4314060980916117e-08,1.4050450281451733e-08,999.3201219512196
6776,2026-07-15,55.0,55.79999923706055,54.29999923706055,55.400001525878906,123359.0,55.0,55.8,54.3,55.4,123,6771600.0,0.0,1.3672750005068621e-08,1.4050450281451733e-08,2.7542940571680242e-08,1001.9186991869918
6776,2026-07-16,55.79999923706055,55.79999923706055,54.79999923706055,55.400001525878906,72000.0,55.8,55.8,54.8,55.4,72,3984800.0,1.3672750005068621e-08,1.3672750005068621e-08,1.3922252742387392e-08,2.7542940571680242e-08,999.0
6776,2026-07-17,55.099998474121094,55.099998474121094,53.29999923706055,53.5,306200.0,55.1,55.1,53.3,53.5,306,16486700.0,2.7692902135591387e-08,2.7692902135591387e-08,1.4314060980916117e-08,0.0,999.6535947712418
6776,2026-07-20,53.900001525878906,54.400001525878906,52.29999923706055,53.79999923706055,175000.0,53.9,54.4,52.3,53.8,175,9335800.0,2.8309441700762256e-08,2.804924462630672e-08,1.4587752395465184e-08,1.4181030674402029e-08,999.0
6776,2026-07-21,54.5,55.400001525878906,54.29999923706055,55.0,180100.0,54.5,55.4,54.3,55.0,180,9864100.0,0.0,2.7542940571680242e-08,1.4050450281451733e-08,0.0,999.5555555555555
6776,2026-07-22,55.29999923706055,55.79999923706055,55.0,55.099998474121094,136050.0,55.3,55.8,55.0,55.1,136,7526100.0,1.3796373422835968e-08,1.3672750005068621e-08,0.0,2.7692902135591387e-08,999.3676470588235
6776,2026-07-23,55.599998474121094,55.599998474121094,54.29999923706055,54.70000076293945,86000.0,55.6,55.6,54.3,54.7,86,4715400.0,2.7443865245882833e-08,2.7443865245882833e-08,1.4050450281451733e-08,1.3947704758369817e-08,999.0
6776,2026-07-24,54.400001525878906,55.0,53.70000076293945,54.29999923706055,307000.0,54.4,55.0,53.7,54.3,305,16512100.0,2.804924462630672e-08,0.0,1.4207438552752868e-08,1.4050450281451733e-08,1005.5573770491803
6776,2026-07-27,54.20000076293945,54.5,53.70000076293945,54.0,131100.0,54.2,54.5,53.7,54.0,131,7073300.0,1.407637362145441e-08,0.0,1.4207438552752868e-08,0.0,999.763358778626
6776,2026-07-28,54.0,54.0,52.400001525878906,52.5,341283.0,54.0,54.0,52.4,52.5,341,18126400.0,0.0,0.0,2.9119826482272624e-08,0.0,999.8299120234605
6776,2026-07-29,53.79999923706055,53.900001525878906,50.5,51.70000076293945,317213.0,53.8,53.9,50.5,51.7,317,16320500.0,1.4181030674402029e-08,2.8309441700762256e-08,0.0,1.4757049328487988e-08,999.6719242902208
6776,2026-07-30,51.400001525878906,52.599998474121094,51.20000076293945,51.70000076293945,216000.0,51.4,52.6,51.2,51.7,216,11171700.0,2.96863600714219e-08,2.900910470857577e-08,1.4901161138336505e-08,1.4757049328487988e-08,999.0
6776,2026-07-31,52.5,54.599998474121094,52.5,54.599998474121094,283000.0,52.5,54.6,52.5,54.6,283,15221800.0,0.0,2.794650014049607e-08,0.0,2.794650014049607e-08,999.0
6776,2026-08-03,54.20000076293945,55.20000076293945,53.79999923706055,55.0,138020.0,54.2,55.2,53.8,55.0,135,7391900.0,1.407637362145441e-08,1.3821366852949801e-08,1.4181030674402029e-08,0.0,1021.3703703703703
6776,2026-08-04,55.099998474121094,55.599998474121094,54.900001525878906,55.20000076293945,129400.0,55.1,55.6,54.9,55.2,129,7125900.0,2.7692902135591387e-08,2.7443865245882833e-08,2.7793787024974236e-08,1.3821366852949801e-08,1002.1007751937984
6776,2026-08-05,55.400001525878906,55.70000076293945,53.70000076293945,53.79999923706055,496050.0,55.4,55.7,53.7,53.8,495,26842600.0,2.7542940571680242e-08,1.3697297132546302e-08,1.4207438552752868e-08,1.4181030674402029e-08,1001.1212121212121
6776,2026-08-06,53.79999923706055,53.79999923706055,53.099998474121094,53.20000076293945,169000.0,53.8,53.8,53.1,53.2,169,9005800.0,1.4181030674402029e-08,1.4181030674402029e-08,2.873594929700726e-08,1.4340967110579493e-08,999.0
6776,2026-08-07,53.5,54.20000076293945,53.20000076293945,53.79999923706055,164000.0,53.5,54.2,53.2,53.8,164,8807700.0,0.0,1.407637362145441e-08,1.4340967110579493e-08,1.4181030674402029e-08,999.0
6776,2026-08-10,54.29999923706055,54.29999923706055,53.70000076293945,54.0,133367.0,54.3,54.3,53.7,54.0,133,7169100.0,1.4050450281451733e-08,1.4050450281451733e-08,1.4207438552752868e-08,0.0,1001.7593984962406
6776,2026-08-11,53.70000076293945,54.5,53.5,53.70000076293945,154000.0,53.7,54.5,53.5,53.7,154,8309700.0,1.4207438552752868e-08,0.0,0.0,1.4207438552752868e-08,999.0
6776,2026-08-12,54.20000076293945,54.20000076293945,53.70000076293945,53.79999923706055,71314.0,54.2,54.2,53.7,53.8,71,3826300.0,1.407637362145441e-08,1.407637362145441e-08,1.4207438552752868e-08,1.4181030674402029e-08,1003.4225352112676
6776,2026-08-13,53.599998474121094,54.5,53.599998474121094,54.5,163838.0,53.6,54.5,53.6,54.5,163,8829100.0,2.84678900684904e-08,0.0,2.84678900684904e-08,0.0,1004.1411042944785
6776,2026-08-14,54.400001525878906,55.099998474121094,54.099998474121094,54.400001525878906,187000.0,54.4,55.1,54.1,54.4,187,10227000.0,2.804924462630672e-08,2.7692902135591387e-08,2.8204785724049637e-08,2.804924462630672e-08,999.0
6776,2026-08-17,54.099998474121094,54.099998474121094,53.400001525878906,53.599998474121094,116170.0,54.1,54.1,53.4,53.6,116,6224800.0,2.8204785724049637e-08,2.8204785724049637e-08,2.8574511379608343e-08,2.84678900684904e-08,1000.4655172413793
6776,2026-08-18,53.599998474121094,53.70000076293945,53.29999923706055,53.400001525878906,42000.0,53.6,53.7,53.3,53.4,42,2246900.0,2.84678900684904e-08,1.4207438552752868e-08,1.4314060980916117e-08,2.8574511379608343e-08,999.0
6776,2026-08-19,53.0,53.400001525878906,53.0,53.20000076293945,41000.0,53.0,53.4,53.0,53.2,40,2126300.0,0.0,2.8574511379608343e-08,0.0,1.4340967110579493e-08,1024.0
6873,2026-05-25,88.69999694824219,89.5,87.0999984741211,87.69999694824219,452141.0,88.7,89.5,87.1,87.7,452,39930100.0,3.440538686969753e-08,0.0,1.7518701499031668e-08,3.4797694587710045e-08,999.3119469026549
6873,2026-05-26,89.0,92.5999984741211,89.0,89.69999694824219,729142.0,89.0,92.6,89.0,89.7,729,66163900.0,0.0,1.6478173872199334e-08,0.0,3.4021826257995214e-08,999.1947873799726
6873,2026-05-27,91.5,95.19999694824219,90.5999984741211,91.80000305175781,876023.0,91.5,95.2,90.6,91.8,873,81021600.0,0.0,3.205627957292196e-08,1.6841930469819626e-08,3.324354918673389e-08,1002.4627720504009
6873,2026-05-28,93.0,94.19999694824219,88.30000305175781,89.80000305175781,579291.0,93.0,94.2,88.3,89.8,579,52659000.0,0.0,3.239657978070245e-08,3.456124366185924e-08,3.398394003721794e-08,999.5025906735751
6873,2026-05-29,91.0999984741211,91.0999984741211,88.5999984741211,89.0999984741211,2129641.0,91.1,91.1,88.6,89.1,2127,189675600.0,1.6749493968887575e-08,1.6749493968887575e-08,1.7222109487197045e-08,1.7125464652813224e-08,1000.241654913023
6873,2026-06-01,89.9000015258789,90.9000015258789,88.0999984741211,90.19999694824219,664142.0,89.9,90.9,88.1,90.2,663,59502600.0,1.6973068971809322e-08,1.6786346540876326e-08,1.7319851311755483e-08,3.383323520335001e-08,1000.7224736048265
6873,2026-06-02,90.30000305175781,90.30000305175781,89.0,90.19999694824219,403342.0,90.3,90.3,89.0,90.2,402,36060800.0,3.379576761176269e-08,3.379576761176269e-08,0.0,3.383323520335001e-08,1002.3383084577115
6873,2026-06-03,90.5999984741211,96.80000305175781,88.4000015258789,94.9000015258789,1524798.0,90.6,96.8,88.4,94.9,1523,143329200.0,1.6841930469819626e-08,3.152642371221251e-08,1.726107353581061e-08,1.607880822513865e-08,1000.1805646749835
6873,2026-06-04,95.30000305175781,103.5,95.30000305175781,98.5999984741211,2713710.0,95.3,103.5,95.3,98.6,2709,270608600.0,3.2022642343569474e-08,0.0,3.2022642343569474e-08,1.547544523900262e-08,1000.7386489479512
6873,2026-06-05,96.80000305175781,98.5999984741211,92.0999984741211,93.0,1135367.0,96.8,98.6,92.1,93.0,1134,107317100.0,3.152642371221251e-08,1.547544523900262e-08,1.6567631927965888e-08,0.0,1000.2054673721341
6873,2026-06-08,84.30000305175781,89.69999694824219,84.30000305175781,87.0,738239.0,84.3,89.7,84.3,87.0,735,63880300.0,3.6201160324343665e-08,3.4021826257995214e-08,3.6201160324343665e-08,0.0,1003.4068027210884
6873,2026-06-09,87.0,87.80000305175781,86.0,86.5,490000.0,87.0,87.8,86.0,86.5,490,42522900.0,0.0,3.475806167815685e-08,0.0,0.0,999.0
6873,2026-06-10,86.5,88.80000305175781,86.0,86.0,449005.0,86.5,88.8,86.0,86.0,449,39141200.0,0.0,3.436664206466409e-08,0.0,0.0,999.011135857461
6873,2026-06-11,85.5,86.0,81.0,81.69999694824219,1152000.0,85.5,86.0,81.0,81.7,1149,94756600.0,0.0,0.0,0.0,3.73532168340535e-08,1001.6109660574413
6873,2026-06-12,82.4000015258789,83.0,81.30000305175781,81.69999694824219,612590.0,82.4,83.0,81.3,81.7,611,49983000.0,1.851794782239876e-08,0.0,3.753699649867369e-08,3.73532168340535e-08,1001.6022913256955
6873,2026-06-15,81.4000015258789,82.5,80.80000305175781,81.19999694824219,598710.0,81.4,82.5,80.8,81.2,598,48711000.0,1.8745441038890146e-08,0.0,3.7769279892848653e-08,3.758322432687402e-08,1000.1872909698997
6873,2026-06-16,81.4000015258789,81.5999984741211,78.69999694824219,78.69999694824219,940450.0,81.4,81.6,78.7,78.7,938,74713100.0,1.8745441038890146e-08,1.8699496330461497e-08,3.87771005761394e-08,3.87771005761394e-08,1001.6119402985074
6873,2026-06-17,78.30000305175781,79.0,77.19999694824219,77.5999984741211,577625.0,78.3,79.0,77.2,77.6,573,44564400.0,3.897519559823973e-08,0.0,3.953054164950999e-08,1.966338789388735e-08,1007.0715532286213
6873,2026-06-18,78.0,78.80000305175781,77.4000015258789,78.80000305175781,550443.0,78.0,78.8,77.4,78.8,548,42801200.0,0.0,3.8727891057641766e-08,1.9714197681726848e-08,3.8727891057641766e-08,1003.4580291970802
6873,2026-06-22,78.80000305175781,81.9000015258789,78.80000305175781,81.80000305175781,541373.0,78.8,81.9,78.8,81.8,539,43653200.0,3.8727891057641766e-08,1.863100000690669e-08,3.8727891057641766e-08,3.7307552754794264e-08,1003.4025974025974
6873,2026-06-23,82.19999694824219,82.5999984741211,80.4000015258789,80.4000015258789,435568.0,82.2,82.6,80.4,80.4,435,35351200.0,3.712600748591449e-08,1.8473110176339688e-08,1.8978593290617636e-08,1.8978593290617636e-08,1000.3057471264368
6873,2026-06-24,80.0,81.80000305175781,79.69999694824219,81.80000305175781,336002.0,80.0,81.8,79.7,81.8,336,27142300.0,0.0,3.7307552754794264e-08,3.829056230040365e-08,3.7307552754794264e-08,999.0059523809524
6873,2026-06-25,81.5999984741211,82.5,81.0,82.0999984741211,210157.0,81.6,82.5,81.0,82.1,210,17184100.0,1.8699496330461497e-08,0.0,0.0,1.858561389239535e-08,999.7476190476191
6873,2026-06-26,82.5,82.5,79.19999694824219,79.4000015258789,320090.0,82.5,82.5,79.2,79.4,320,25738700.0,0.0,0.0,3.8532295648259734e-08,1.9217618395033476e-08,999.28125
6873,2026-06-29,80.30000305175781,82.80000305175781,80.30000305175781,82.69999694824219,377060.0,80.3,82.8,80.3,82.7,377,30985300.0,3.800445598184522e-08,3.6856978446161486e-08,3.800445598184522e-08,3.690154553013508e-08,999.159151193634
6873,2026-06-30,83.0999984741211,83.0999984741211,81.5999984741211,82.30000305175781,222538.0,83.1,83.1,81.6,82.3,222,18238200.0,1.8361960295615623e-08,1.8361960295615623e-08,1.8699496330461497e-08,3.7080896905737194e-08,1001.4234234234234
6873,2026-07-01,83.0,83.19999694824219,81.4000015258789,82.19999694824219,278983.0,83.0,83.2,81.4,82.2,278,22843100.0,0.0,3.667978143440109e-08,1.8745441038890146e-08,3.712600748591449e-08,1002.5359712230215
6873,2026-07-02,82.30000305175781,82.30000305175781,80.80000305175781,80.80000305175781,243185.0,82.3,82.3,80.8,80.8,241,19600700.0,3.7080896905737194e-08,3.7080896905737194e-08,3.7769279892848653e-08,3.7769279892848653e-08,1008.0663900414938
6873,2026-07-03,81.5999984741211,87.19999694824219,80.9000015258789,86.0999984741211,829170.0,81.6,87.2,80.9,86.1,829,70023700.0,1.8699496330461497e-08,3.499722265300655e-08,1.886129666953842e-08,1.77221707382771e-08,999.205066344994
6873,2026-07-06,85.80000305175781,91.69999694824219,85.80000305175781,89.5,691600.0,85.8,91.7,85.8,89.5,690,61756200.0,3.556827290608591e-08,3.327980169402585e-08,3.556827290608591e-08,0.0,1001.3188405797101
6873,2026-07-07,90.0,93.0999984741211,88.5,89.19999694824219,757200.0,90.0,93.1,88.5,89.2,757,68696200.0,0.0,1.6389676697805137e-08,0.0,3.421253156213196e-08,999.2642007926024
6873,2026-07-08,89.4000015258789,90.5,87.19999694824219,89.30000305175781,350000.0,89.4,90.5,87.2,89.3,350,31023200.0,1.7067996650622573e-08,0.0,3.499722265300655e-08,3.4174219656687246e-08,999.0
6873,2026-07-09,89.69999694824219,89.80000305175781,86.5999984741211,86.5999984741211,296342.0,89.7,89.8,86.6,86.6,296,26067700.0,3.4021826257995214e-08,3.398394003721794e-08,1.7619848736323997e-08,1.7619848736323997e-08,1000.1554054054054
6873,2026-07-13,87.30000305175781,92.5,87.30000305175781,90.0,769265.0,87.3,92.5,87.3,90.0,768,69368800.0,3.4957134196359346e-08,0.0,3.4957134196359346e-08,0.0,1000.6471354166666
6873,2026-07-14,90.80000305175781,90.9000015258789,85.0,85.5999984741211,669526.0,90.8,90.9,85.0,85.6,667,57939000.0,3.36096675698477e-08,1.6786346540876326e-08,0.0,1.7825688090720306e-08,1002.7871064467766
6873,2026-07-15,88.19999694824219,88.5,86.69999694824219,87.30000305175781,314330.0,88.2,88.5,86.7,87.3,307,26840800.0,3.4600428745376086e-08,0.0,3.5199052080071176e-08,3.4957134196359346e-08,1022.8762214983714
6873,2026-07-16,87.80000305175781,88.0,85.5999984741211,86.80000305175781,172000.0,87.8,88.0,85.6,86.8,171,14862700.0,3.475806167815685e-08,0.0,1.7825688090720306e-08,3.515850017675312e-08,1004.8479532163743
6873,2026-07-17,86.80000305175781,86.80000305175781,80.4000015258789,81.4000015258789,542585.0,86.8,86.8,80.4,81.4,542,44878400.0,3.515850017675312e-08,3.515850017675312e-08,1.8978593290617636e-08,1.8745441038890146e-08,1000.0793357933579
6873,2026-07-20,83.0,85.80000305175781,82.0,82.5,400157.0,83.0,85.8,82.0,82.5,400,33402400.0,0.0,3.556827290608591e-08,0.0,0.0,999.3925
6873,2026-07-21,83.69999694824219,87.9000015258789,83.69999694824219,87.30000305175781,573415.0,83.7,87.9,83.7,87.3,572,49518000.0,3.64606668499662e-08,1.7359259392100773e-08,3.64606668499662e-08,3.4957134196359346e-08,1001.4737762237762
6873,2026-07-22,88.30000305175781,89.9000015258789,87.0999984741211,87.5999984741211,321559.0,88.3,89.9,87.1,87.6,321,28242500.0,3.456124366185924e-08,1.6973068971809322e-08,1.7518701499031668e-08,1.7418708910566875e-08,1000.7414330218069
6873,2026-07-23,87.69999694824219,88.0999984741211,85.30000305175781,85.30000305175781,200188.0,87.7,88.1,85.3,85.3,200,17245700.0,3.4797694587710045e-08,1.7319851311755483e-08,3.5776762196273985e-08,3.5776762196273985e-08,999.94
6873,2026-07-24,84.5999984741211,85.5,83.4000015258789,85.0,221200.0,84.6,85.5,83.4,85.0,221,18654900.0,1.8036393623707546e-08,0.0,1.8295910078724915e-08,0.0,999.9049773755656
6873,2026-07-27,85.80000305175781,85.9000015258789,83.5,85.30000305175781,314000.0,85.8,85.9,83.5,85.3,314,26537900.0,3.556827290608591e-08,1.7763433068284726e-08,0.0,3.5776762196273985e-08,999.0
6873,2026-07-28,84.80000305175781,84.80000305175781,80.30000305175781,80.69999694824219,433444.0,84.8,84.8,80.3,80.7,432,35215500.0,3.5987710086582204e-08,3.5987710086582204e-08,3.800445598184522e-08,3.781608197450026e-08,1002.3425925925926
6873,2026-07-29,82.0999984741211,82.19999694824219,75.0,78.0999984741211,1090996.0,82.1,82.2,75.0,78.1,1090,84879400.0,1.858561389239535e-08,3.712600748591449e-08,0.0,1.953750192785734e-08,999.9137614678899
6873,2026-07-30,78.19999694824219,79.5999984741211,76.69999694824219,77.0,345267.0,78.2,79.6,76.7,77.0,344,26819800.0,3.902503600181804e-08,1.9169332921679123e-08,3.97882374881639e-08,0.0,1002.6831395348837
6873,2026-07-31,79.5,81.9000015258789,77.80000305175781,78.30000305175781,308000.0,79.5,81.9,77.8,78.3,308,24477600.0,0.0,1.863100000690669e-08,3.9225678860439216e-08,3.897519559823973e-08,999.0
6873,2026-08-03,77.19999694824219,78.69999694824219,77.19999694824219,77.9000015258789,213027.0,77.2,78.7,77.2,77.9,213,16586900.0,3.953054164950999e-08,3.87771005761394e-08,3.953054164950999e-08,1.9587662394937845e-08,999.1267605633802
6873,2026-08-04,77.5,79.19999694824219,76.9000015258789,78.0999984741211,177030.0,77.5,79.2,76.9,78.1,177,13837100.0,0.0,3.8532295648259734e-08,1.9842378420879817e-08,1.953750192785734e-08,999.1694915254237
6873,2026-08-05,78.69999694824219,79.5,77.9000015258789,78.0,259722.0,78.7,79.5,77.9,78.0,257,20123500.0,3.87771005761394e-08,0.0,1.9587662394937845e-08,0.0,1009.5914396887159
6873,2026-08-06,78.0,78.5999984741211,77.4000015258789,78.5999984741211,210710.0,78.0,78.6,77.4,78.6,207,16143600.0,0.0,1.9413217564448578e-08,1.9714197681726848e-08,1.9413217564448578e-08,1016.9227053140097
6873,2026-08-07,78.4000015258789,79.5,76.9000015258789,77.69999694824219,380150.0,78.4,79.5,76.9,77.7,379,29578000.0,1.9462741078643598e-08,0.0,1.9842378420879817e-08,3.9276162359616095e-08,1002.0343007915567
6873,2026-08-10,78.0999984741211,80.5,77.4000015258789,79.0,423100.0,78.1,80.5,77.4,79.0,423,33487900.0,1.953750192785734e-08,0.0,1.9714197681726848e-08,0.0,999.2364066193853
6873,2026-08-11,77.5999984741211,77.5999984741211,72.80000305175781,74.80000305175781,1041650.0,77.6,77.6,72.8,74.8,1038,77622600.0,1.966338789388735e-08,1.966338789388735e-08,4.191975021074411e-08,4.079890127462795e-08,1002.5163776493256
6873,2026-08-12,75.0,75.19999694824219,73.30000305175781,74.9000015258789,365147.0,75.0,75.2,73.3,74.9,365,27149000.0,0.0,4.0581885842316104e-08,4.163380375637341e-08,2.0372214960823205e-08,999.4027397260274
6873,2026-08-13,72.4000015258789,73.0,69.0,70.5999984741211,1562867.0,72.4,73.0,69.0,70.6,1561,110630400.0,2.1075675422177598e-08,0.0,0.0,2.16130155887487e-08,1000.1960281870596
6873,2026-08-14,69.80000305175781,69.80000305175781,67.30000305175781,69.0,751284.0,69.8,69.8,67.3,69.0,749,51098600.0,4.372145867252394e-08,4.372145867252394e-08,4.534558418041859e-08,0.0,1002.049399198932
6873,2026-08-17,68.9000015258789,70.80000305175781,67.5999984741211,67.5999984741211,513426.0,68.9,70.8,67.6,67.6,512,34726000.0,2.2146283027077763e-08,4.310392394551089e-08,2.2572173085290802e-08,2.2572173085290802e-08,1001.78515625
6873,2026-08-18,67.5999984741211,72.19999694824219,67.5999984741211,70.19999694824219,668304.0,67.6,72.2,67.6,70.2,668,46992200.0,2.2572173085290802e-08,4.2268113785902644e-08,2.2572173085290802e-08,4.347233355188277e-08,999.4550898203593
6873,2026-08-19,70.0999984741211,70.0999984741211,67.80000305175781,68.0,304045.0,70.1,70.1,67.8,68.0,302,20779700.0,2.1767174045159176e-08,2.1767174045159176e-08,4.501117721743615e-08,0.0,1005.7715231788079
6937,2026-05-25,330.0,352.0,330.0,351.5,2438877.0,330.0,352.0,330.0,351.5,2433,834852500.0,0.0,0.0,0.0,0.0,1001.4155363748458
6937,2026-05-26,355.0,355.0,337.5,337.5,1437567.0,355.0,355.0,337.5,337.5,1434,493583500.0,0.0,0.0,0.0,0.0,1001.4874476987447
6937,2026-05-27,347.0,347.0,317.5,319.0,1045136.0,347.0,347.0,317.5,319.0,1045,343242000.0,0.0,0.0,0.0,0.0,999.1301435406699
6937,2026-05-28,321.0,326.5,302.0,308.0,820461.0,321.0,326.5,302.0,308.0,820,256417500.0,0.0,0.0,0.0,0.0,999.5621951219512
6937,2026-05-29,316.0,316.0,301.5,303.0,632690.0,316.0,316.0,301.5,303.0,632,193068500.0,0.0,0.0,0.0,0.0,1000.0917721518987
6937,2026-06-01,303.0,312.0,295.0,311.0,983015.0,303.0,312.0,295.0,311.0,983,297490000.0,0.0,0.0,0.0,0.0,999.0152594099695
6937,2026-06-02,311.5,311.5,295.5,300.5,695003.0,311.5,311.5,295.5,300.5,693,209205500.0,0.0,0.0,0.0,0.0,1001.8903318903319
6937,2026-06-03,305.0,305.0,297.0,298.0,585066.0,305.0,305.0,297.0,298.0,585,175401500.0,0.0,0.0,0.0,0.0,999.1128205128205
6937,2026-06-04,295.5,299.5,293.0,297.0,384001.0,295.5,299.5,293.0,297.0,383,113345000.0,0.0,0.0,0.0,0.0,1001.6135770234987
6937,2026-06-05,296.0,296.0,280.0,281.5,849023.0,296.0,296.0,280.0,281.5,846,241054000.0,0.0,0.0,0.0,0.0,1002.5732860520095
6937,2026-06-08,253.5,274.5,253.5,268.0,843100.0,253.5,274.5,253.5,268.0,843,216669500.0,0.0,0.0,0.0,0.0,999.1186239620404
6937,2026-06-09,272.0,293.0,268.0,284.0,929273.0,272.0,293.0,268.0,284.0,928,258498000.0,0.0,0.0,0.0,0.0,1000.3717672413793
6937,2026-06-10,280.0,294.5,270.0,272.5,694082.0,280.0,294.5,270.0,272.5,692,196354000.0,0.0,0.0,0.0,0.0,1002.0086705202312
6937,2026-06-11,282.5,282.5,266.5,277.5,448125.0,282.5,282.5,266.5,277.5,447,123323000.0,0.0,0.0,0.0,0.0,1001.51677852349
6937,2026-06-12,289.0,289.0,275.0,276.5,526028.0,289.0,289.0,275.0,276.5,526,147157500.0,0.0,0.0,0.0,0.0,999.0532319391635
6937,2026-06-15,282.0,282.5,268.5,269.0,499011.0,282.0,282.5,268.5,269.0,496,135775000.0,0.0,0.0,0.0,0.0,1005.070564516129
6937,2026-06-16,278.0,278.0,264.5,270.5,506117.0,278.0,278.0,264.5,270.5,506,137349500.0,0.0,0.0,0.0,0.0,999.2312252964427
6937,2026-06-17,269.0,271.5,262.0,271.0,449200.0,269.0,271.5,262.0,271.0,449,120111500.0,0.0,0.0,0.0,0.0,999.445434298441
6937,2026-06-18,272.0,281.0,271.5,279.5,544202.0,272.0,281.0,271.5,279.5,542,150214500.0,0.0,0.0,0.0,0.0,1003.0627306273062
6937,2026-06-22,282.0,288.0,281.5,287.0,340202.0,282.0,288.0,281.5,287.0,340,96710000.0,0.0,0.0,0.0,0.0,999.5941176470589
6937,2026-06-23,287.0,287.0,276.5,277.0,351398.0,287.0,287.0,276.5,277.0,350,98034000.0,0.0,0.0,0.0,0.0,1002.9942857142858
6937,2026-06-24,270.5,278.0,270.5,273.5,198203.0,270.5,278.0,270.5,273.5,197,54059500.0,0.0,0.0,0.0,0.0,1005.1065989847716
6937,2026-06-25,279.5,279.5,269.5,270.5,180001.0,279.5,279.5,269.5,270.5,180,49109000.0,0.0,0.0,0.0,0.0,999.0055555555556
6937,2026-06-26,270.0,270.0,248.5,250.0,898202.0,270.0,270.0,249.0,250.0,895,227689500.0,0.0,0.0,0.002008032128514056,0.0,1002.5776536312849
6937,2026-06-29,252.5,275.0,252.5,258.0,523061.0,252.5,275.0,252.5,258.0,523,137999500.0,0.0,0.0,0.0,0.0,999.1166347992352
6937,2026-06-30,263.0,272.0,263.0,268.0,282200.0,263.0,272.0,263.0,268.0,282,75670500.0,0.0,0.0,0.0,0.0,999.7092198581561
6937,2026-07-01,273.5,274.0,267.0,271.0,265050.0,273.5,274.0,267.0,271.0,265,71619500.0,0.0,0.0,0.0,0.0,999.188679245283
6937,2026-07-02,271.0,296.0,266.0,291.5,1046263.0,271.0,296.0,266.0,291.5,1046,301255000.0,0.0,0.0,0.0,0.0,999.2514340344168
6937,2026-07-03,290.5,307.0,282.0,287.0,1064302.0,290.5,307.0,282.0,287.0,1060,311400000.0,0.0,0.0,0.0,0.0,1003.0584905660378
6937,2026-07-06,290.0,296.0,275.0,275.0,580188.0,290.0,296.0,275.0,275.0,576,163461000.0,0.0,0.0,0.0,0.0,1006.2708333333334
6937,2026-07-07,280.5,280.5,261.5,264.0,368215.0,280.5,280.5,261.5,264.0,367,98650000.0,0.0,0.0,0.0,0.0,1002.3106267029973
6937,2026-07-08,271.5,278.5,258.5,259.5,470208.0,271.5,278.5,258.5,259.5,470,124165500.0,0.0,0.0,0.0,0.0,999.4425531914893
6937,2026-07-09,261.0,268.0,258.0,258.5,273203.0,261.0,268.0,258.0,258.5,273,71421500.0,0.0,0.0,0.0,0.0,999.7435897435897
6937,2026-07-13,266.5,268.0,250.5,255.0,325020.0,266.5,268.0,250.5,255.0,325,83363500.0,0.0,0.0,0.0,0.0,999.0615384615385
6937,2026-07-14,253.0,257.5,233.5,252.0,559288.0,253.0,257.5,233.5,252.0,559,135493500.0,0.0,0.0,0.0,0.0,999.5152057245081
6937,2026-07-15,258.0,265.0,254.0,262.5,288308.0,258.0,265.0,254.0,262.5,288,75165500.0,0.0,0.0,0.0,0.0,1000.0694444444445
6937,2026-07-16,261.5,288.5,253.0,288.5,1038106.0,261.5,288.5,253.0,288.5,1038,287670000.0,0.0,0.0,0.0,0.0,999.102119460501
6937,2026-07-17,281.5,291.0,264.0,269.0,954030.0,281.5,291.0,264.0,269.0,950,264084000.0,0.0,0.0,0.0,0.0,1003.2421052631579
6937,2026-07-20,267.5,277.0,258.5,266.5,445093.0,267.5,277.0,258.5,266.5,445,119015500.0,0.0,0.0,0.0,0.0,999.208988764045
6937,2026-07-21,274.5,275.5,262.5,268.5,309520.0,274.5,275.5,262.5,268.5,309,82805000.0,0.0,0.0,0.0,0.0,1000.6828478964401
6937,2026-07-22,273.5,295.0,271.0,288.0,770231.0,273.5,295.0,271.0,288.0,768,218897500.0,0.0,0.0,0.0,0.0,1001.9049479166666
6937,2026-07-23,292.0,299.5,283.0,291.0,715474.0,292.0,299.5,283.0,291.0,714,207845000.0,0.0,0.0,0.0,0.0,1001.0644257703082
6937,2026-07-24,289.0,303.5,280.5,290.0,852197.0,289.0,303.5,280.5,290.0,850,248398000.0,0.0,0.0,0.0,0.0,1001.584705882353
6937,2026-07-27,286.0,290.0,270.5,276.0,472063.0,286.0,290.0,270.5,276.0,471,131656500.0,0.0,0.0,0.0,0.0,1001.2569002123142
6937,2026-07-28,256.0,265.0,251.0,254.0,481432.0,256.0,265.0,251.0,254.0,481,123904000.0,0.0,0.0,0.0,0.0,999.8981288981289
6937,2026-07-29,255.0,257.5,229.0,238.5,904025.0,255.0,257.5,229.0,238.5,904,213684000.0,0.0,0.0,0.0,0.0,999.0276548672566
6937,2026-07-30,241.0,242.0,231.0,235.0,389401.0,241.0,242.0,231.0,235.0,388,91789500.0,0.0,0.0,0.0,0.0,1002.610824742268
6937,2026-07-31,253.0,256.0,248.0,254.0,319220.0,253.0,256.0,248.0,254.0,319,80404500.0,0.0,0.0,0.0,0.0,999.6896551724138
6937,2026-08-03,252.0,262.5,250.0,258.5,253204.0,252.0,262.5,250.0,258.5,253,65567500.0,0.0,0.0,0.0,0.0,999.8063241106719
6937,2026-08-04,256.0,264.0,254.0,254.0,226019.0,256.0,264.0,254.0,254.0,226,58342000.0,0.0,0.0,0.0,0.0,999.0840707964602
6937,2026-08-05,261.5,265.0,257.0,260.0,317005.0,261.5,265.0,257.0,260.0,317,82614000.0,0.0,0.0,0.0,0.0,999.0157728706624
6937,2026-08-06,260.5,264.0,253.5,262.5,272023.0,260.5,264.0,253.5,262.5,272,70630000.0,0.0,0.0,0.0,0.0,999.0845588235294
6937,2026-08-07,259.0,261.0,246.0,246.0,407133.0,259.0,261.0,246.0,246.0,407,102882500.0,0.0,0.0,0.0,0.0,999.3267813267813
6937,2026-08-10,248.5,270.5,248.5,270.5,644003.0,248.5,270.5,248.5,270.5,644,172435000.0,0.0,0.0,0.0,0.0,999.0046583850932
6937,2026-08-11,271.5,293.0,270.0,287.0,1027017.0,271.5,293.0,270.0,287.0,1027,292447000.0,0.0,0.0,0.0,0.0,999.016553067186
6937,2026-08-12,290.0,292.5,286.5,291.5,500076.0,290.0,292.5,286.5,291.5,497,143880000.0,0.0,0.0,0.0,0.0,1005.1891348088532
6937,2026-08-13,296.0,309.5,293.0,293.5,763202.0,296.0,309.5,293.0,293.5,761,229584000.0,0.0,0.0,0.0,0.0,1001.8935611038107
6937,2026-08-14,300.0,300.0,280.0,280.0,384019.0,300.0,300.0,280.0,280.0,384,109221500.0,0.0,0.0,0.0,0.0,999.0494791666666
6937,2026-08-17,279.0,288.5,277.5,281.0,190166.0,279.0,288.5,277.5,281.0,190,53511500.0,0.0,0.0,0.0,0.0,999.8736842105263
6937,2026-08-18,287.0,287.0,269.5,270.0,291303.0,287.0,287.0,269.5,270.0,291,80016000.0,0.0,0.0,0.0,0.0,1000.0412371134021
6937,2026-08-19,266.0,271.0,261.5,265.0,206104.0,266.0,271.0,261.5,265.0,206,54769000.0,0.0,0.0,0.0,0.0,999.504854368932
7730,2026-05-25,225.0,229.0,207.5,219.0,265802.0,225.0,229.0,207.5,219.0,265,57177000.0,0.0,0.0,0.0,0.0,1002.0264150943397
7730,2026-05-26,220.5,225.5,215.5,216.0,127500.0,220.5,225.5,215.5,216.0,126,27790500.0,0.0,0.0,0.0,0.0,1010.9047619047619
7730,2026-05-27,212.0,214.5,209.0,212.0,152078.0,212.0,214.5,209.0,212.0,152,32142000.0,0.0,0.0,0.0,0.0,999.5131578947369
7730,2026-05-28,213.0,224.0,210.5,214.0,133071.0,213.0,224.0,210.5,214.0,133,28872500.0,0.0,0.0,0.0,0.0,999.5338345864661
7730,2026-05-29,215.5,216.5,210.0,213.5,79000.0,215.5,216.5,210.0,213.5,79,16822500.0,0.0,0.0,0.0,0.0,999.0
7730,2026-06-01,214.0,223.0,213.0,215.0,106000.0,214.0,223.0,213.0,215.0,106,22967500.0,0.0,0.0,0.0,0.0,999.0
7730,2026-06-02,212.5,214.0,205.5,206.5,114100.0,212.5,214.0,205.5,206.5,114,23780000.0,0.0,0.0,0.0,0.0,999.8771929824561
7730,2026-06-03,206.5,207.5,198.0,200.5,172001.0,206.5,207.5,198.0,200.5,172,34601000.0,0.0,0.0,0.0,0.0,999.0058139534884
7730,2026-06-04,199.0,199.0,184.5,186.0,175053.0,199.0,199.0,184.5,186.0,175,33647500.0,0.0,0.0,0.0,0.0,999.3028571428572
7730,2026-06-05,189.0,189.0,181.0,185.0,109000.0,189.0,189.0,181.0,185.0,109,20134000.0,0.0,0.0,0.0,0.0,999.0
7730,2026-06-08,167.0,181.0,167.0,179.5,87000.0,167.0,181.0,167.0,179.5,87,15221000.0,0.0,0.0,0.0,0.0,999.0
7730,2026-06-09,173.5,188.5,173.5,187.0,69000.0,173.5,188.5,173.5,187.0,69,12665500.0,0.0,0.0,0.0,0.0,999.0
7730,2026-06-10,188.5,197.0,183.0,183.0,115000.0,188.5,197.0,183.0,183.0,115,21656500.0,0.0,0.0,0.0,0.0,999.0
7730,2026-06-11,176.5,185.0,172.5,179.0,102020.0,176.5,185.0,172.5,179.0,102,18217000.0,0.0,0.0,0.0,0.0,999.1960784313726
7730,2026-06-12,180.5,188.0,180.5,180.5,74000.0,180.5,188.0,180.5,180.5,74,13613500.0,0.0,0.0,0.0,0.0,999.0
7730,2026-06-15,180.5,184.5,175.0,175.5,161000.0,180.5,184.5,175.0,175.5,161,28992000.0,0.0,0.0,0.0,0.0,999.0
7730,2026-06-16,178.0,178.5,170.5,173.0,107000.0,178.0,178.5,170.5,173.0,107,18538000.0,0.0,0.0,0.0,0.0,999.0
7730,2026-06-17,169.0,174.5,168.5,170.5,48060.0,169.0,174.5,168.5,170.5,48,8222000.0,0.0,0.0,0.0,0.0,1000.25
7730,2026-06-18,172.5,185.5,170.5,180.5,136014.0,172.5,185.5,170.5,180.5,136,24038500.0,0.0,0.0,0.0,0.0,999.1029411764706
7730,2026-06-22,193.0,194.0,184.0,187.5,231107.0,193.0,194.0,184.0,187.5,231,43840000.0,0.0,0.0,0.0,0.0,999.4632034632035
7730,2026-06-23,190.5,192.5,183.0,185.5,127117.0,190.5,192.5,183.0,185.5,127,23783500.0,0.0,0.0,0.0,0.0,999.9212598425197
7730,2026-06-24,184.5,187.0,179.5,182.5,102000.0,184.5,187.0,179.5,182.5,102,18695000.0,0.0,0.0,0.0,0.0,999.0
7730,2026-06-25,184.5,185.0,179.5,179.5,101000.0,184.5,185.0,179.5,179.5,101,18405500.0,0.0,0.0,0.0,0.0,999.0
7730,2026-06-26,178.5,184.5,173.5,173.5,153005.0,178.5,184.5,173.5,173.5,153,27412500.0,0.0,0.0,0.0,0.0,999.0326797385621
7730,2026-06-29,178.5,181.5,178.0,179.0,39000.0,178.5,181.5,178.0,179.0,39,7008000.0,0.0,0.0,0.0,0.0,999.0
7730,2026-06-30,180.0,188.0,179.0,188.0,38030.0,180.0,188.0,179.0,188.0,38,7019000.0,0.0,0.0,0.0,0.0,999.7894736842105
7730,2026-07-01,190.0,194.0,187.0,187.5,125000.0,190.0,194.0,187.0,187.5,125,23680500.0,0.0,0.0,0.0,0.0,999.0
7730,2026-07-02,184.5,191.5,184.5,190.5,87113.0,184.5,191.5,184.5,190.5,87,16440500.0,0.0,0.0,0.0,0.0,1000.2988505747127
7730,2026-07-03,190.5,195.0,188.5,191.5,102207.0,190.5,195.0,188.5,191.5,102,19540500.0,0.0,0.0,0.0,0.0,1001.0294117647059
7730,2026-07-06,189.0,193.0,189.0,190.0,62000.0,189.0,193.0,189.0,190.0,62,11844000.0,0.0,0.0,0.0,0.0,999.0
7730,2026-07-07,189.0,189.0,177.0,180.0,103014.0,189.0,189.0,177.0,180.0,103,18706500.0,0.0,0.0,0.0,0.0,999.1359223300971
7730,2026-07-08,180.0,186.5,177.0,186.0,98000.0,180.0,186.5,177.0,186.0,98,17916500.0,0.0,0.0,0.0,0.0,999.0
7730,2026-07-09,184.5,188.5,182.5,183.0,97000.0,184.5,188.5,182.5,183.0,97,17942000.0,0.0,0.0,0.0,0.0,999.0
7730,2026-07-13,186.0,187.0,174.5,174.5,152000.0,186.0,187.0,174.5,174.5,151,27258000.0,0.0,0.0,0.0,0.0,1005.6225165562914
7730,2026-07-14,174.5,177.0,169.0,177.0,116000.0,174.5,177.0,169.0,177.0,116,20004500.0,0.0,0.0,0.0,0.0,999.0
7730,2026-07-15,179.5,182.5,178.0,179.0,71000.0,179.5,182.5,178.0,179.0,71,12775000.0,0.0,0.0,0.0,0.0,999.0
7730,2026-07-16,181.0,184.0,176.5,180.0,79107.0,181.0,184.0,176.5,180.0,79,14224500.0,0.0,0.0,0.0,0.0,1000.3544303797469
7730,2026-07-17,175.0,175.5,168.0,168.0,119022.0,175.0,175.5,168.0,168.0,119,20404500.0,0.0,0.0,0.0,0.0,999.1848739495798
7730,2026-07-20,167.5,172.0,162.0,166.0,84216.0,167.5,172.0,162.0,166.0,84,13926000.0,0.0,0.0,0.0,0.0,1001.5714285714286
7730,2026-07-21,169.0,169.5,163.0,168.0,52000.0,169.0,169.5,163.0,168.0,52,8648000.0,0.0,0.0,0.0,0.0,999.0
7730,2026-07-22,172.0,174.0,169.0,169.0,63050.0,172.0,174.0,169.0,169.0,63,10774500.0,0.0,0.0,0.0,0.0,999.7936507936508
7730,2026-07-23,172.5,172.5,167.0,171.5,66000.0,172.5,172.5,167.0,171.5,66,11184500.0,0.0,0.0,0.0,0.0,999.0
7730,2026-07-24,173.0,173.0,162.0,166.5,45000.0,173.0,173.0,162.0,166.5,45,7485000.0,0.0,0.0,0.0,0.0,999.0
7730,2026-07-27,162.0,164.0,159.5,163.0,75000.0,162.0,164.0,159.5,163.0,75,12132500.0,0.0,0.0,0.0,0.0,999.0
7730,2026-07-28,160.0,161.5,147.0,147.0,242001.0,160.0,161.5,147.0,147.0,242,36577500.0,0.0,0.0,0.0,0.0,999.0041322314049
7730,2026-07-29,148.0,150.0,135.5,145.0,116186.0,148.0,150.0,135.5,145.0,115,16422000.0,0.0,0.0,0.0,0.0,1009.3130434782609
7730,2026-07-30,146.5,148.5,135.5,137.5,113000.0,146.5,148.5,135.5,137.5,113,15864000.0,0.0,0.0,0.0,0.0,999.0
7730,2026-07-31,141.0,151.0,141.0,151.0,83000.0,141.0,151.0,141.0,151.0,83,12148000.0,0.0,0.0,0.0,0.0,999.0
7730,2026-08-03,148.5,157.5,148.5,152.0,53001.0,148.5,157.5,148.5,152.0,53,8141000.0,0.0,0.0,0.0,0.0,999.0188679245283
7730,2026-08-04,153.0,158.0,153.0,157.0,104000.0,153.0,158.0,153.0,157.0,104,16137500.0,0.0,0.0,0.0,0.0,999.0
7730,2026-08-05,160.0,161.0,154.5,160.0,107000.0,160.0,161.0,154.5,160.0,107,16827500.0,0.0,0.0,0.0,0.0,999.0
7730,2026-08-06,157.0,162.0,155.5,160.0,64000.0,157.0,162.0,155.5,160.0,64,10105500.0,0.0,0.0,0.0,0.0,999.0
7730,2026-08-07,161.5,161.5,153.0,153.0,34000.0,161.5,161.5,153.0,153.0,34,5343000.0,0.0,0.0,0.0,0.0,999.0
7730,2026-08-10,162.0,162.0,156.0,156.0,65006.0,162.0,162.0,156.0,156.0,65,10330000.0,0.0,0.0,0.0,0.0,999.0923076923077
7730,2026-08-11,160.0,166.0,159.0,163.0,88000.0,160.0,166.0,159.0,163.0,88,14386000.0,0.0,0.0,0.0,0.0,999.0
7730,2026-08-12,164.0,168.0,163.5,168.0,41001.0,164.0,168.0,163.5,168.0,41,6800000.0,0.0,0.0,0.0,0.0,999.0243902439024
7730,2026-08-13,172.5,177.0,171.0,175.0,159001.0,172.5,177.0,171.0,175.0,159,27724500.0,0.0,0.0,0.0,0.0,999.0062893081761
7730,2026-08-14,179.5,180.0,166.5,168.0,102000.0,179.5,180.0,166.5,168.0,102,17554500.0,0.0,0.0,0.0,0.0,999.0
7730,2026-08-17,171.5,174.0,166.5,173.0,78000.0,171.5,174.0,166.5,173.0,78,13321500.0,0.0,0.0,0.0,0.0,999.0
7730,2026-08-18,173.5,174.0,157.0,157.0,71015.0,173.5,174.0,157.0,157.0,71,11775000.0,0.0,0.0,0.0,0.0,999.2112676056338
7730,2026-08-19,161.0,171.0,160.0,163.5,128000.0,161.0,171.0,160.0,163.5,128,21068000.0,0.0,0.0,0.0,0.0,999.0
