symbol,name,exchange,listing_date,registration,industry_code,preferred_shares,source,instrument_type,is_ky,point_in_time_complete,is_suspended,is_disposition,is_full_cash_delivery,snapshot_date
1240,茂生農經,TPEx,2018-08-08,－,33,0,TPEx mopsfin_t187ap03_O,stock,False,False,False,False,False,2026-08-21
1259,安心,TPEx,2011-12-15,－,16,0,TPEx mopsfin_t187ap03_O,stock,False,False,False,False,False,2026-08-21
1264,德麥,TPEx,2015-04-09,－,02,0,TPEx mopsfin_t187ap03_O,stock,False,False,False,False,False,2026-08-21
1268,漢來美食,TPEx,2017-09-27,－,16,0,TPEx mopsfin_t187ap03_O,stock,False,False,False,False,False,2026-08-21
1294,漢田生技,TPEx,2024-09-26,－,02,0,TPEx mopsfin_t187ap03_O,stock,False,False,False,False,False,2026-08-21
1295,生合,TPEx,2025-05-27,－,02,0,TPEx mopsfin_t187ap03_O,stock,False,False,False,False,False,2026-08-21
1336,台翰,TPEx,2007-11-02,－,28,0,TPEx mopsfin_t187ap03_O,stock,False,False,False,False,False,2026-08-21
1565,精華,TPEx,2004-03-30,－,22,0,TPEx mopsfin_t187ap03_O,stock,False,False,False,False,False,2026-08-21
1569,濱川,TPEx,2005-07-29,－,25,0,TPEx mopsfin_t187ap03_O,stock,False,False,False,False,False,2026-08-21
1570,力肯,TPEx,2005-06-30,－,05,0,TPEx mopsfin_t187ap03_O,stock,False,False,False,False,False,2026-08-21
1580,新麥,TPEx,2007-12-10,－,05,0,TPEx mopsfin_t187ap03_O,stock,False,False,False,False,False,2026-08-21
1584,精剛,TPEx,2007-11-28,－,20,0,TPEx mopsfin_t187ap03_O,stock,False,False,False,False,False,2026-08-21
1586,和勤,TPEx,2012-01-09,－,05,0,TPEx mopsfin_t187ap03_O,stock,False,False,False,False,False,2026-08-21
1591,駿吉-KY,TPEx,2012-03-23,KY 開曼群島,05,0,TPEx mopsfin_t187ap03_O,stock,True,False,False,False,False,2026-08-21
1593,祺驊,TPEx,2012-06-13,－,37,0,TPEx mopsfin_t187ap03_O,stock,False,False,False,False,False,2026-08-21
1595,川寶,TPEx,2011-10-04,－,24,0,TPEx mopsfin_t187ap03_O,stock,False,False,False,False,False,2026-08-21
1599,宏佳騰,TPEx,2012-12-25,－,05,0,TPEx mopsfin_t187ap03_O,stock,False,False,False,False,False,2026-08-21
1742,台蠟,TPEx,2004-05-14,－,21,0,TPEx mopsfin_t187ap03_O,stock,False,False,False,False,False,2026-08-21
1777,生泰,TPEx,2005-10-19,－,22,0,TPEx mopsfin_t187ap03_O,stock,False,False,False,False,False,2026-08-21
1780,立弘,TPEx,2026-06-17,－,02,0,TPEx mopsfin_t187ap03_O,stock,False,False,False,False,False,2026-08-21
1781,合世,TPEx,2004-12-24,－,22,0,TPEx mopsfin_t187ap03_O,stock,False,False,False,False,False,2026-08-21
1784,訊聯,TPEx,2007-07-26,－,22,0,TPEx mopsfin_t187ap03_O,stock,False,False,False,False,False,2026-08-21
1785,光洋科,TPEx,2005-01-31,－,31,0,TPEx mopsfin_t187ap03_O,stock,False,False,False,False,False,2026-08-21
1788,杏昌,TPEx,2009-07-20,－,22,0,TPEx mopsfin_t187ap03_O,stock,False,False,True,False,False,2026-08-21
1796,金穎生技,TPEx,2018-01-22,－,02,0,TPEx mopsfin_t187ap03_O,stock,False,False,False,False,False,2026-08-21
1799,易威,TPEx,2008-11-10,－,22,0,TPEx mopsfin_t187ap03_O,stock,False,False,True,False,False,2026-08-21
1813,寶利徠,TPEx,2009-08-04,－,22,0,TPEx mopsfin_t187ap03_O,stock,False,False,False,False,False,2026-08-21
1815,富喬,TPEx,2006-01-23,－,28,0,TPEx mopsfin_t187ap03_O,stock,False,False,False,False,False,2026-08-21
2035,唐榮公司,TPEx,2006-07-07,－,10,0,TPEx mopsfin_t187ap03_O,stock,False,False,False,False,False,2026-08-21
2061,風青,TPEx,2010-12-09,－,06,0,TPEx mopsfin_t187ap03_O,stock,False,False,False,False,False,2026-08-21
2063,世鎧精密,TPEx,2010-09-07,－,10,0,TPEx mopsfin_t187ap03_O,stock,False,False,False,False,False,2026-08-21
2064,晉椿,TPEx,2014-12-26,－,10,0,TPEx mopsfin_t187ap03_O,stock,False,False,False,False,False,2026-08-21
2065,世豐,TPEx,2017-04-21,－,10,0,TPEx mopsfin_t187ap03_O,stock,False,False,False,False,False,2026-08-21
2066,世德,TPEx,2013-09-24,－,05,0,TPEx mopsfin_t187ap03_O,stock,False,False,False,False,False,2026-08-21
2067,嘉鋼,TPEx,2014-05-26,－,05,0,TPEx mopsfin_t187ap03_O,stock,False,False,False,False,True,2026-08-21
2070,精湛,TPEx,2018-12-17,－,05,0,TPEx mopsfin_t187ap03_O,stock,False,False,False,False,False,2026-08-21
2073,雄順,TPEx,2023-06-21,－,10,0,TPEx mopsfin_t187ap03_O,stock,False,False,False,False,False,2026-08-21
2221,大甲,TPEx,2007-08-01,－,20,0,TPEx mopsfin_t187ap03_O,stock,False,False,False,False,False,2026-08-21
2230,泰茂,TPEx,2013-04-18,－,38,0,TPEx mopsfin_t187ap03_O,stock,False,False,False,False,False,2026-08-21
2235,謚源,TPEx,2014-12-15,－,05,0,TPEx mopsfin_t187ap03_O,stock,False,False,False,False,False,2026-08-21
2596,綠意,TPEx,2009-06-01,－,14,0,TPEx mopsfin_t187ap03_O,stock,False,False,False,False,False,2026-08-21
2640,大車隊,TPEx,2012-11-07,－,36,0,TPEx mopsfin_t187ap03_O,stock,False,False,False,False,False,2026-08-21
2641,正德,TPEx,2014-10-09,－,15,0,TPEx mopsfin_t187ap03_O,stock,False,False,False,False,False,2026-08-21
2643,捷迅,TPEx,2016-03-04,－,15,0,TPEx mopsfin_t187ap03_O,stock,False,False,False,False,False,2026-08-21
2718,全心投控,TPEx,2011-03-29,－,14,0,TPEx mopsfin_t187ap03_O,stock,False,False,False,False,False,2026-08-21
2719,燦星旅,TPEx,2012-02-24,－,16,0,TPEx mopsfin_t187ap03_O,stock,False,False,False,False,False,2026-08-21
2724,藝舍-KY,TPEx,2012-05-29,KY 開曼群島,20,0,TPEx mopsfin_t187ap03_O,stock,True,False,False,False,False,2026-08-21
2726,雅茗-KY,TPEx,2014-12-24,KY 開曼群島,16,0,TPEx mopsfin_t187ap03_O,stock,True,False,False,False,False,2026-08-21
2729,瓦城,TPEx,2012-09-17,－,16,0,TPEx mopsfin_t187ap03_O,stock,False,False,False,False,False,2026-08-21
2732,六角,TPEx,2015-01-20,－,16,0,TPEx mopsfin_t187ap03_O,stock,False,False,False,False,False,2026-08-21
2734,易飛網,TPEx,2013-12-26,－,16,0,TPEx mopsfin_t187ap03_O,stock,False,False,False,False,False,2026-08-21
2736,富野,TPEx,2016-01-06,－,16,0,TPEx mopsfin_t187ap03_O,stock,False,False,False,False,False,2026-08-21
2740,華軒,TPEx,2015-12-24,－,16,0,TPEx mopsfin_t187ap03_O,stock,False,False,False,False,False,2026-08-21
2743,山富,TPEx,2020-03-09,－,16,0,TPEx mopsfin_t187ap03_O,stock,False,False,False,False,False,2026-08-21
2745,五福,TPEx,2018-04-16,－,16,0,TPEx mopsfin_t187ap03_O,stock,False,False,False,False,False,2026-08-21
2751,王座,TPEx,2024-09-10,－,16,0,TPEx mopsfin_t187ap03_O,stock,False,False,False,False,False,2026-08-21
2752,豆府,TPEx,2019-09-25,－,16,0,TPEx mopsfin_t187ap03_O,stock,False,False,False,False,False,2026-08-21
2754,亞洲藏壽司,TPEx,2020-09-17,－,16,0,TPEx mopsfin_t187ap03_O,stock,False,False,False,False,False,2026-08-21
2755,揚秦,TPEx,2020-12-16,－,16,0,TPEx mopsfin_t187ap03_O,stock,False,False,False,False,False,2026-08-21
2756,聯發國際,TPEx,2022-01-14,－,16,0,TPEx mopsfin_t187ap03_O,stock,False,False,False,False,False,2026-08-21
2916,滿心,TPEx,2005-03-10,－,38,0,TPEx mopsfin_t187ap03_O,stock,False,False,False,False,False,2026-08-21
2924,宏太-KY,TPEx,2011-12-02,KY 開曼群島,38,0,TPEx mopsfin_t187ap03_O,stock,True,False,False,False,False,2026-08-21
2926,誠品生活,TPEx,2013-01-30,－,32,0,TPEx mopsfin_t187ap03_O,stock,False,False,False,False,False,2026-08-21
2937,集雅社,TPEx,2017-06-08,－,38,0,TPEx mopsfin_t187ap03_O,stock,False,False,False,False,False,2026-08-21
2941,米斯特,TPEx,2024-03-20,－,38,0,TPEx mopsfin_t187ap03_O,stock,False,False,False,False,False,2026-08-21
2947,振宇五金,TPEx,2021-10-06,－,38,0,TPEx mopsfin_t187ap03_O,stock,False,False,False,False,False,2026-08-21
2948,寶陞,TPEx,2023-12-12,－,38,0,TPEx mopsfin_t187ap03_O,stock,False,False,False,False,False,2026-08-21
2949,欣新網,TPEx,2023-12-15,－,36,0,TPEx mopsfin_t187ap03_O,stock,False,False,False,False,False,2026-08-21
3064,泰偉,TPEx,2004-06-09,－,32,0,TPEx mopsfin_t187ap03_O,stock,False,False,False,False,True,2026-08-21
3066,李洲,TPEx,2004-12-02,－,26,0,TPEx mopsfin_t187ap03_O,stock,False,False,False,False,False,2026-08-21
3067,全域,TPEx,2003-10-21,－,38,0,TPEx mopsfin_t187ap03_O,stock,False,False,False,False,False,2026-08-21
3071,協禧,TPEx,2004-12-30,－,25,0,TPEx mopsfin_t187ap03_O,stock,False,False,False,False,False,2026-08-21
3073,天方能源,TPEx,2007-10-08,－,35,0,TPEx mopsfin_t187ap03_O,stock,False,False,False,False,False,2026-08-21
3078,僑威,TPEx,2005-01-31,－,28,0,TPEx mopsfin_t187ap03_O,stock,False,False,False,False,False,2026-08-21
3081,聯亞,TPEx,2015-07-22,－,27,0,TPEx mopsfin_t187ap03_O,stock,False,False,False,False,False,2026-08-21
3083,網龍,TPEx,2003-12-02,－,32,0,TPEx mopsfin_t187ap03_O,stock,False,False,False,False,False,2026-08-21
3085,新零售,TPEx,2004-03-01,－,36,0,TPEx mopsfin_t187ap03_O,stock,False,False,False,False,False,2026-08-21
3086,華義*,TPEx,2004-03-29,－,32,0,TPEx mopsfin_t187ap03_O,stock,False,False,False,False,False,2026-08-21
3088,艾訊,TPEx,2005-04-28,－,25,0,TPEx mopsfin_t187ap03_O,stock,False,False,False,False,False,2026-08-21
3093,港建*,TPEx,2005-06-17,－,31,0,TPEx mopsfin_t187ap03_O,stock,False,False,False,False,False,2026-08-21
3095,及成,TPEx,2005-05-26,－,27,6180000,TPEx mopsfin_t187ap03_O,stock,False,False,False,False,False,2026-08-21
3105,穩懋,TPEx,2011-12-13,－,24,0,TPEx mopsfin_t187ap03_O,stock,False,False,False,False,False,2026-08-21
3114,好德,TPEx,2004-03-25,－,28,0,TPEx mopsfin_t187ap03_O,stock,False,False,False,False,False,2026-08-21
3115,富榮綱,TPEx,2005-04-08,－,28,0,TPEx mopsfin_t187ap03_O,stock,False,False,False,False,False,2026-08-21
3118,進階,TPEx,2008-05-21,－,22,0,TPEx mopsfin_t187ap03_O,stock,False,False,False,False,False,2026-08-21
3122,笙泉,TPEx,2015-01-26,－,24,0,TPEx mopsfin_t187ap03_O,stock,False,False,False,False,False,2026-08-21
3128,昇銳,TPEx,2006-09-04,－,26,0,TPEx mopsfin_t187ap03_O,stock,False,False,False,False,False,2026-08-21
3131,弘塑,TPEx,2011-01-17,－,24,0,TPEx mopsfin_t187ap03_O,stock,False,False,False,False,False,2026-08-21
3141,晶宏,TPEx,2014-03-14,－,24,0,TPEx mopsfin_t187ap03_O,stock,False,False,False,False,False,2026-08-21
3147,大綜,TPEx,2018-05-29,－,30,0,TPEx mopsfin_t187ap03_O,stock,False,False,False,False,False,2026-08-21
3152,璟德,TPEx,2008-03-24,－,27,0,TPEx mopsfin_t187ap03_O,stock,False,False,False,False,False,2026-08-21
3158,嘉實,TPEx,2025-11-17,－,30,0,TPEx mopsfin_t187ap03_O,stock,False,False,False,False,False,2026-08-21
3162,精確,TPEx,2005-10-03,－,05,0,TPEx mopsfin_t187ap03_O,stock,False,False,False,False,False,2026-08-21
3163,波若威,TPEx,2012-12-03,－,27,0,TPEx mopsfin_t187ap03_O,stock,False,False,False,True,False,2026-08-21
3169,亞信,TPEx,2009-11-24,－,24,0,TPEx mopsfin_t187ap03_O,stock,False,False,False,False,False,2026-08-21
3171,炎洲流通,TPEx,2004-09-17,－,38,0,TPEx mopsfin_t187ap03_O,stock,False,False,False,False,False,2026-08-21
3176,基亞,TPEx,2011-11-23,－,22,0,TPEx mopsfin_t187ap03_O,stock,False,False,False,False,False,2026-08-21
3178,公準,TPEx,2018-11-19,－,24,0,TPEx mopsfin_t187ap03_O,stock,False,False,False,False,False,2026-08-21
3188,鑫龍騰,TPEx,2004-03-17,－,14,0,TPEx mopsfin_t187ap03_O,stock,False,False,False,False,False,2026-08-21
3191,雲嘉南,TPEx,2005-04-12,－,28,0,TPEx mopsfin_t187ap03_O,stock,False,False,False,False,False,2026-08-21
3205,佰研,TPEx,2005-09-12,－,22,0,TPEx mopsfin_t187ap03_O,stock,False,False,False,False,False,2026-08-21
3206,志豐,TPEx,2007-02-08,－,28,0,TPEx mopsfin_t187ap03_O,stock,False,False,False,False,False,2026-08-21
3207,耀勝,TPEx,2004-11-04,－,28,0,TPEx mopsfin_t187ap03_O,stock,False,False,False,False,False,2026-08-21
3211,順達,TPEx,2004-11-08,－,25,0,TPEx mopsfin_t187ap03_O,stock,False,False,False,False,False,2026-08-21
3213,茂訊,TPEx,2004-10-01,－,25,0,TPEx mopsfin_t187ap03_O,stock,False,False,False,False,False,2026-08-21
3217,優群,TPEx,2004-04-30,－,28,0,TPEx mopsfin_t187ap03_O,stock,False,False,False,False,False,2026-08-21
3218,大學光,TPEx,2004-11-29,－,22,0,TPEx mopsfin_t187ap03_O,stock,False,False,False,False,False,2026-08-21
3219,倚強科,TPEx,2004-03-19,－,31,0,TPEx mopsfin_t187ap03_O,stock,False,False,False,False,False,2026-08-21
3221,台嘉碩,TPEx,2006-02-22,－,27,0,TPEx mopsfin_t187ap03_O,stock,False,False,False,False,False,2026-08-21
3224,三顧,TPEx,2004-06-03,－,29,0,TPEx mopsfin_t187ap03_O,stock,False,False,False,False,False,2026-08-21
3226,龍鋒,TPEx,2004-06-16,－,05,0,TPEx mopsfin_t187ap03_O,stock,False,False,True,False,False,2026-08-21
3227,原相,TPEx,2006-05-04,－,24,0,TPEx mopsfin_t187ap03_O,stock,False,False,False,False,False,2026-08-21
3228,金麗科,TPEx,2005-03-02,－,24,0,TPEx mopsfin_t187ap03_O,stock,False,False,False,False,False,2026-08-21
3230,錦明,TPEx,2006-09-25,－,26,0,TPEx mopsfin_t187ap03_O,stock,False,False,False,False,False,2026-08-21
3232,昱捷,TPEx,2004-11-01,－,29,0,TPEx mopsfin_t187ap03_O,stock,False,False,False,False,False,2026-08-21
3234,光環,TPEx,2011-03-24,－,27,0,TPEx mopsfin_t187ap03_O,stock,False,False,False,False,False,2026-08-21
3236,千如,TPEx,2004-12-02,－,28,0,TPEx mopsfin_t187ap03_O,stock,False,False,False,False,False,2026-08-21
3252,海灣,TPEx,2004-09-23,－,16,0,TPEx mopsfin_t187ap03_O,stock,False,False,False,False,False,2026-08-21
3259,鑫創,TPEx,2007-12-24,－,24,0,TPEx mopsfin_t187ap03_O,stock,False,False,False,False,True,2026-08-21
3260,威剛,TPEx,2004-10-08,－,24,0,TPEx mopsfin_t187ap03_O,stock,False,False,False,False,False,2026-08-21
3264,欣銓,TPEx,2005-01-05,－,24,0,TPEx mopsfin_t187ap03_O,stock,False,False,False,False,False,2026-08-21
3265,台星科,TPEx,2005-08-02,－,24,0,TPEx mopsfin_t187ap03_O,stock,False,False,False,False,False,2026-08-21
3268,海德威,TPEx,2005-01-27,－,24,0,TPEx mopsfin_t187ap03_O,stock,False,False,False,False,False,2026-08-21
3272,東碩,TPEx,2014-08-26,－,25,0,TPEx mopsfin_t187ap03_O,stock,False,False,False,False,False,2026-08-21
3276,宇環,TPEx,2005-01-12,－,28,0,TPEx mopsfin_t187ap03_O,stock,False,False,False,False,False,2026-08-21
3284,太普高,TPEx,2005-03-22,－,20,0,TPEx mopsfin_t187ap03_O,stock,False,False,False,False,False,2026-08-21
3285,微端,TPEx,2012-07-23,－,31,0,TPEx mopsfin_t187ap03_O,stock,False,False,False,False,False,2026-08-21
3287,廣寰科,TPEx,2008-01-28,－,25,0,TPEx mopsfin_t187ap03_O,stock,False,False,False,False,False,2026-08-21
3288,點晶,TPEx,2005-04-15,－,28,0,TPEx mopsfin_t187ap03_O,stock,False,False,False,False,False,2026-08-21
3289,宜特,TPEx,2004-12-28,－,31,0,TPEx mopsfin_t187ap03_O,stock,False,False,False,False,False,2026-08-21
3290,東浦,TPEx,2005-05-19,－,28,0,TPEx mopsfin_t187ap03_O,stock,False,False,False,False,False,2026-08-21
3293,鈊象,TPEx,2006-07-12,－,32,0,TPEx mopsfin_t187ap03_O,stock,False,False,False,False,False,2026-08-21
3294,英濟,TPEx,2007-04-27,－,28,0,TPEx mopsfin_t187ap03_O,stock,False,False,False,False,False,2026-08-21
3297,杭特,TPEx,2005-06-07,－,26,0,TPEx mopsfin_t187ap03_O,stock,False,False,False,False,False,2026-08-21
3303,岱稜,TPEx,2007-05-28,－,31,0,TPEx mopsfin_t187ap03_O,stock,False,False,False,False,False,2026-08-21
3306,鼎天,TPEx,2005-07-05,－,27,0,TPEx mopsfin_t187ap03_O,stock,False,False,False,False,False,2026-08-21
3310,佳穎,TPEx,2008-06-27,－,28,0,TPEx mopsfin_t187ap03_O,stock,False,False,False,False,False,2026-08-21
3313,斐成,TPEx,2006-05-29,－,14,0,TPEx mopsfin_t187ap03_O,stock,False,False,False,False,False,2026-08-21
3317,尼克森,TPEx,2007-08-09,－,24,0,TPEx mopsfin_t187ap03_O,stock,False,False,False,False,False,2026-08-21
3322,建舜電,TPEx,2009-05-20,－,28,0,TPEx mopsfin_t187ap03_O,stock,False,False,False,False,False,2026-08-21
3323,加百裕,TPEx,2007-06-25,－,25,0,TPEx mopsfin_t187ap03_O,stock,False,False,False,False,False,2026-08-21
3324,雙鴻,TPEx,2005-05-13,－,31,0,TPEx mopsfin_t187ap03_O,stock,False,False,False,False,False,2026-08-21
3325,旭品,TPEx,2005-08-15,－,25,0,TPEx mopsfin_t187ap03_O,stock,False,False,False,False,False,2026-08-21
3332,幸康,TPEx,2008-01-24,－,28,0,TPEx mopsfin_t187ap03_O,stock,False,False,False,False,False,2026-08-21
3339,泰谷,TPEx,2006-06-27,－,26,0,TPEx mopsfin_t187ap03_O,stock,False,False,False,False,False,2026-08-21
3349,寶德,TPEx,2022-03-23,－,25,0,TPEx mopsfin_t187ap03_O,stock,False,False,False,False,False,2026-08-21
3354,律勝,TPEx,2005-12-08,－,28,0,TPEx mopsfin_t187ap03_O,stock,False,False,False,False,False,2026-08-21
3357,臺慶科,TPEx,2021-04-27,－,28,0,TPEx mopsfin_t187ap03_O,stock,False,False,False,False,False,2026-08-21
3360,尚立,TPEx,2006-06-06,－,29,0,TPEx mopsfin_t187ap03_O,stock,False,False,False,False,False,2026-08-21
3362,先進光,TPEx,2005-09-06,－,26,0,TPEx mopsfin_t187ap03_O,stock,False,False,False,True,False,2026-08-21
3363,上詮,TPEx,2011-02-25,－,27,0,TPEx mopsfin_t187ap03_O,stock,False,False,False,False,False,2026-08-21
3372,典範,TPEx,2005-12-16,－,24,0,TPEx mopsfin_t187ap03_O,stock,False,False,False,False,False,2026-08-21
3373,熱映,TPEx,2007-12-13,－,31,0,TPEx mopsfin_t187ap03_O,stock,False,False,False,False,False,2026-08-21
3374,精材,TPEx,2015-03-30,－,24,0,TPEx mopsfin_t187ap03_O,stock,False,False,False,False,False,2026-08-21
3379,彬台,TPEx,2011-10-20,－,05,0,TPEx mopsfin_t187ap03_O,stock,False,False,False,False,False,2026-08-21
3388,崇越電,TPEx,2006-02-22,－,28,0,TPEx mopsfin_t187ap03_O,stock,False,False,False,False,False,2026-08-21
3390,旭軟,TPEx,2006-02-22,－,28,0,TPEx mopsfin_t187ap03_O,stock,False,False,False,False,False,2026-08-21
3402,漢科,TPEx,2007-01-09,－,31,0,TPEx mopsfin_t187ap03_O,stock,False,False,False,False,False,2026-08-21
3430,奇鈦科,TPEx,2022-09-08,－,21,0,TPEx mopsfin_t187ap03_O,stock,False,False,False,False,False,2026-08-21
3434,哲固,TPEx,2008-01-28,－,26,0,TPEx mopsfin_t187ap03_O,stock,False,False,False,False,False,2026-08-21
3438,類比科,TPEx,2006-07-19,－,24,0,TPEx mopsfin_t187ap03_O,stock,False,False,False,False,False,2026-08-21
3441,聯一光電,TPEx,2010-10-04,－,26,0,TPEx mopsfin_t187ap03_O,stock,False,False,False,False,False,2026-08-21
3444,利機,TPEx,2008-09-26,－,29,0,TPEx mopsfin_t187ap03_O,stock,False,False,False,False,False,2026-08-21
3455,由田,TPEx,2007-12-27,－,26,0,TPEx mopsfin_t187ap03_O,stock,False,False,False,False,False,2026-08-21
3465,進泰電子,TPEx,2008-01-28,－,31,0,TPEx mopsfin_t187ap03_O,stock,False,False,False,False,False,2026-08-21
3466,德晉,TPEx,2006-05-17,－,27,0,TPEx mopsfin_t187ap03_O,stock,False,False,False,False,False,2026-08-21
3467,台灣精材,TPEx,2025-03-25,－,24,0,TPEx mopsfin_t187ap03_O,stock,False,False,False,False,False,2026-08-21
3479,安勤,TPEx,2010-06-08,－,25,0,TPEx mopsfin_t187ap03_O,stock,False,False,False,False,False,2026-08-21
3483,力致,TPEx,2006-12-18,－,25,0,TPEx mopsfin_t187ap03_O,stock,False,False,False,False,False,2026-08-21
3484,崧騰,TPEx,2007-11-09,－,28,0,TPEx mopsfin_t187ap03_O,stock,False,False,False,False,False,2026-08-21
3485,敘豐,TPEx,2026-05-06,－,28,0,TPEx mopsfin_t187ap03_O,stock,False,False,False,False,False,2026-08-21
3489,森寶,TPEx,2007-09-29,－,14,0,TPEx mopsfin_t187ap03_O,stock,False,False,False,False,False,2026-08-21
3490,單井,TPEx,2007-10-15,－,26,0,TPEx mopsfin_t187ap03_O,stock,False,False,False,True,False,2026-08-21
3491,昇達科,TPEx,2008-01-03,－,27,0,TPEx mopsfin_t187ap03_O,stock,False,False,True,False,False,2026-08-21
3492,長盛,TPEx,2015-05-18,－,28,0,TPEx mopsfin_t187ap03_O,stock,False,False,False,False,False,2026-08-21
3498,陽程,TPEx,2007-09-11,－,31,0,TPEx mopsfin_t187ap03_O,stock,False,False,False,True,False,2026-08-21
3499,環天科,TPEx,2006-10-19,－,27,0,TPEx mopsfin_t187ap03_O,stock,False,False,False,False,False,2026-08-21
3508,位速,TPEx,2007-10-17,－,31,0,TPEx mopsfin_t187ap03_O,stock,False,False,False,False,False,2026-08-21
3511,矽瑪,TPEx,2009-02-16,－,28,0,TPEx mopsfin_t187ap03_O,stock,False,False,False,False,False,2026-08-21
3512,皇龍,TPEx,2007-07-25,－,14,0,TPEx mopsfin_t187ap03_O,stock,False,False,False,False,False,2026-08-21
3516,亞帝歐,TPEx,2007-11-29,－,26,0,TPEx mopsfin_t187ap03_O,stock,False,False,False,False,False,2026-08-21
3520,華盈,TPEx,2007-10-12,－,28,0,TPEx mopsfin_t187ap03_O,stock,False,False,False,False,False,2026-08-21
3521,台鋼建設,TPEx,2007-08-07,－,14,0,TPEx mopsfin_t187ap03_O,stock,False,False,False,False,False,2026-08-21
3522,御嵿,TPEx,2007-10-15,－,16,0,TPEx mopsfin_t187ap03_O,stock,False,False,False,False,False,2026-08-21
3523,迎輝,TPEx,2007-11-16,－,26,0,TPEx mopsfin_t187ap03_O,stock,False,False,False,False,False,2026-08-21
3526,凡甲,TPEx,2007-11-02,－,28,0,TPEx mopsfin_t187ap03_O,stock,False,False,False,False,False,2026-08-21
3527,聚積,TPEx,2007-10-29,－,24,0,TPEx mopsfin_t187ap03_O,stock,False,False,False,False,False,2026-08-21
3529,力旺,TPEx,2011-01-24,－,24,0,TPEx mopsfin_t187ap03_O,stock,False,False,False,False,False,2026-08-21
3531,先益,TPEx,2008-04-08,－,26,0,TPEx mopsfin_t187ap03_O,stock,False,False,False,False,False,2026-08-21
3537,堡達,TPEx,2010-01-25,－,28,0,TPEx mopsfin_t187ap03_O,stock,False,False,False,False,False,2026-08-21
3540,曜越,TPEx,2007-12-12,－,25,0,TPEx mopsfin_t187ap03_O,stock,False,False,False,False,False,2026-08-21
3541,西柏,TPEx,2009-12-22,－,31,0,TPEx mopsfin_t187ap03_O,stock,False,False,False,False,False,2026-08-21
3546,宇峻,TPEx,2008-04-18,－,32,0,TPEx mopsfin_t187ap03_O,stock,False,False,False,False,False,2026-08-21
3548,兆利,TPEx,2008-03-27,－,28,0,TPEx mopsfin_t187ap03_O,stock,False,False,False,False,False,2026-08-21
3551,世禾,TPEx,2008-04-15,－,35,0,TPEx mopsfin_t187ap03_O,stock,False,False,False,False,False,2026-08-21
3552,同致,TPEx,2009-01-07,－,31,0,TPEx mopsfin_t187ap03_O,stock,False,False,False,False,False,2026-08-21
3555,博士旺,TPEx,2011-11-08,－,24,0,TPEx mopsfin_t187ap03_O,stock,False,False,False,False,False,2026-08-21
3556,禾瑞亞,TPEx,2008-04-15,－,24,0,TPEx mopsfin_t187ap03_O,stock,False,False,False,False,False,2026-08-21
3558,神準,TPEx,2013-12-30,－,27,0,TPEx mopsfin_t187ap03_O,stock,False,False,False,False,False,2026-08-21
3564,其陽,TPEx,2013-12-03,－,27,0,TPEx mopsfin_t187ap03_O,stock,False,False,False,False,False,2026-08-21
3567,逸昌,TPEx,2010-11-22,－,24,0,TPEx mopsfin_t187ap03_O,stock,False,False,False,False,False,2026-08-21
3570,大塚,TPEx,2008-10-23,－,30,0,TPEx mopsfin_t187ap03_O,stock,False,False,False,False,False,2026-08-21
3577,泓格,TPEx,2009-01-06,－,25,0,TPEx mopsfin_t187ap03_O,stock,False,False,False,False,False,2026-08-21
3580,友威科,TPEx,2010-07-09,－,31,0,TPEx mopsfin_t187ap03_O,stock,False,False,False,False,False,2026-08-21
3581,博磊,TPEx,2015-01-20,－,24,0,TPEx mopsfin_t187ap03_O,stock,False,False,False,False,False,2026-08-21
3587,閎康,TPEx,2009-08-18,－,31,0,TPEx mopsfin_t187ap03_O,stock,False,False,True,False,False,2026-08-21
3594,磐儀,TPEx,2013-05-07,－,25,0,TPEx mopsfin_t187ap03_O,stock,False,False,False,False,False,2026-08-21
3597,映興,TPEx,2020-03-09,－,28,0,TPEx mopsfin_t187ap03_O,stock,False,False,False,False,False,2026-08-21
3609,三一東林,TPEx,2011-01-11,－,28,0,TPEx mopsfin_t187ap03_O,stock,False,False,False,False,False,2026-08-21
3611,鼎翰,TPEx,2008-11-26,－,25,0,TPEx mopsfin_t187ap03_O,stock,False,False,False,False,False,2026-08-21
3615,安可,TPEx,2009-04-15,－,26,0,TPEx mopsfin_t187ap03_O,stock,False,False,False,False,False,2026-08-21
3623,富晶通,TPEx,2010-04-28,－,26,0,TPEx mopsfin_t187ap03_O,stock,False,False,False,False,False,2026-08-21
3624,光頡,TPEx,2011-03-16,－,28,0,TPEx mopsfin_t187ap03_O,stock,False,False,False,False,False,2026-08-21
3625,西勝,TPEx,2009-10-28,－,25,0,TPEx mopsfin_t187ap03_O,stock,False,False,False,False,True,2026-08-21
3628,盈正,TPEx,2010-09-09,－,31,0,TPEx mopsfin_t187ap03_O,stock,False,False,False,False,False,2026-08-21
3629,地心引力,TPEx,2010-05-27,－,32,0,TPEx mopsfin_t187ap03_O,stock,False,False,False,False,True,2026-08-21
3630,新鉅科,TPEx,2010-04-26,－,26,0,TPEx mopsfin_t187ap03_O,stock,False,False,False,False,False,2026-08-21
3631,晟楠,TPEx,2010-12-20,－,28,0,TPEx mopsfin_t187ap03_O,stock,False,False,False,False,False,2026-08-21
3632,研勤,TPEx,2011-01-11,－,27,0,TPEx mopsfin_t187ap03_O,stock,False,False,False,False,True,2026-08-21
3646,艾恩特,TPEx,2012-03-27,－,28,0,TPEx mopsfin_t187ap03_O,stock,False,False,False,False,False,2026-08-21
3663,鑫科,TPEx,2012-11-20,－,31,0,TPEx mopsfin_t187ap03_O,stock,False,False,False,False,False,2026-08-21
3664,安瑞-KY,TPEx,2010-06-24,KY 開曼群島,27,0,TPEx mopsfin_t187ap03_O,stock,True,False,False,False,True,2026-08-21
3666,光耀,TPEx,2014-12-04,－,26,0,TPEx mopsfin_t187ap03_O,stock,False,False,False,False,False,2026-08-21
3672,康聯訊,TPEx,2015-04-20,－,27,0,TPEx mopsfin_t187ap03_O,stock,False,False,False,False,False,2026-08-21
3675,德微,TPEx,2012-06-29,－,24,0,TPEx mopsfin_t187ap03_O,stock,False,False,False,False,False,2026-08-21
3680,家登,TPEx,2011-08-31,－,24,0,TPEx mopsfin_t187ap03_O,stock,False,False,False,False,False,2026-08-21
3684,榮昌,TPEx,2014-03-28,－,27,0,TPEx mopsfin_t187ap03_O,stock,False,False,False,False,False,2026-08-21
3685,元創精密,TPEx,2010-12-08,－,05,0,TPEx mopsfin_t187ap03_O,stock,False,False,False,False,False,2026-08-21
3687,歐買尬,TPEx,2011-01-11,－,36,0,TPEx mopsfin_t187ap03_O,stock,False,False,False,False,False,2026-08-21
3689,湧德,TPEx,2012-10-18,－,28,0,TPEx mopsfin_t187ap03_O,stock,False,False,False,False,False,2026-08-21
3691,碩禾,TPEx,2010-11-18,－,26,0,TPEx mopsfin_t187ap03_O,stock,False,False,False,False,False,2026-08-21
3693,營邦,TPEx,2013-11-27,－,25,0,TPEx mopsfin_t187ap03_O,stock,False,False,False,False,False,2026-08-21
3707,漢磊,TPEx,2014-10-01,－,24,0,TPEx mopsfin_t187ap03_O,stock,False,False,False,False,False,2026-08-21
3709,鑫聯大投控,TPEx,2017-09-01,－,25,0,TPEx mopsfin_t187ap03_O,stock,False,False,False,False,False,2026-08-21
3710,連展投控,TPEx,2017-12-29,－,28,0,TPEx mopsfin_t187ap03_O,stock,False,False,False,False,True,2026-08-21
3713,新晶投控,TPEx,2020-02-27,－,35,0,TPEx mopsfin_t187ap03_O,stock,False,False,False,False,False,2026-08-21
4102,永日,TPEx,2001-03-20,－,22,0,TPEx mopsfin_t187ap03_O,stock,False,False,False,False,False,2026-08-21
4105,東洋,TPEx,2001-09-27,－,22,0,TPEx mopsfin_t187ap03_O,stock,False,False,False,False,False,2026-08-21
4107,邦特,TPEx,2002-03-04,－,22,0,TPEx mopsfin_t187ap03_O,stock,False,False,False,False,False,2026-08-21
4109,加捷生醫,TPEx,2002-08-08,－,22,0,TPEx mopsfin_t187ap03_O,stock,False,False,False,False,False,2026-08-21
4111,濟生,TPEx,1999-03-06,－,22,0,TPEx mopsfin_t187ap03_O,stock,False,False,False,False,False,2026-08-21
4113,聯上,TPEx,2003-07-22,－,14,0,TPEx mopsfin_t187ap03_O,stock,False,False,False,False,False,2026-08-21
4114,健喬,TPEx,2003-05-12,－,22,0,TPEx mopsfin_t187ap03_O,stock,False,False,False,False,False,2026-08-21
4116,明基醫,TPEx,2015-12-16,－,22,0,TPEx mopsfin_t187ap03_O,stock,False,False,False,False,False,2026-08-21
4120,友華,TPEx,2003-11-05,－,22,0,TPEx mopsfin_t187ap03_O,stock,False,False,False,False,False,2026-08-21
4121,優盛,TPEx,2003-07-25,－,22,0,TPEx mopsfin_t187ap03_O,stock,False,False,False,False,False,2026-08-21
4123,晟德,TPEx,2003-10-07,－,22,0,TPEx mopsfin_t187ap03_O,stock,False,False,False,False,False,2026-08-21
4126,太醫,TPEx,2004-02-09,－,22,0,TPEx mopsfin_t187ap03_O,stock,False,False,False,False,False,2026-08-21
4127,天良,TPEx,2005-07-29,－,22,0,TPEx mopsfin_t187ap03_O,stock,False,False,True,False,False,2026-08-21
4128,中天,TPEx,2006-06-09,－,22,0,TPEx mopsfin_t187ap03_O,stock,False,False,False,False,False,2026-08-21
4129,聯合,TPEx,2004-09-29,－,22,0,TPEx mopsfin_t187ap03_O,stock,False,False,False,False,False,2026-08-21
4131,浩泰,TPEx,2004-04-09,－,22,0,TPEx mopsfin_t187ap03_O,stock,False,False,False,False,False,2026-08-21
4138,曜亞,TPEx,2010-12-29,－,22,0,TPEx mopsfin_t187ap03_O,stock,False,False,False,False,False,2026-08-21
4139,馬光-KY,TPEx,2011-04-29,KY 開曼群島,22,0,TPEx mopsfin_t187ap03_O,stock,True,False,False,False,False,2026-08-21
4147,中裕,TPEx,2015-11-23,－,22,0,TPEx mopsfin_t187ap03_O,stock,False,False,False,False,False,2026-08-21
4153,鈺緯,TPEx,2013-05-23,－,22,0,TPEx mopsfin_t187ap03_O,stock,False,False,False,False,False,2026-08-21
4154,樂威科-KY,TPEx,2011-12-28,KY 開曼群島,20,0,TPEx mopsfin_t187ap03_O,stock,True,False,False,False,False,2026-08-21
4157,太景*-KY,TPEx,2014-01-17,KY 開曼群島,22,0,TPEx mopsfin_t187ap03_O,stock,True,False,False,False,False,2026-08-21
4160,訊聯基因,TPEx,2012-09-17,－,22,0,TPEx mopsfin_t187ap03_O,stock,False,False,False,False,False,2026-08-21
4161,聿新科,TPEx,2013-06-26,－,22,0,TPEx mopsfin_t187ap03_O,stock,False,False,False,False,False,2026-08-21
4162,智擎,TPEx,2012-09-18,－,22,0,TPEx mopsfin_t187ap03_O,stock,False,False,False,False,False,2026-08-21
4163,鐿鈦,TPEx,2012-11-15,－,22,0,TPEx mopsfin_t187ap03_O,stock,False,False,False,False,False,2026-08-21
4166,友霖,TPEx,2025-08-21,－,22,0,TPEx mopsfin_t187ap03_O,stock,False,False,False,False,False,2026-08-21
4167,松瑞藥,TPEx,2015-09-08,－,22,0,TPEx mopsfin_t187ap03_O,stock,False,False,False,False,False,2026-08-21
4168,醣聯,TPEx,2012-12-18,－,22,0,TPEx mopsfin_t187ap03_O,stock,False,False,False,False,False,2026-08-21
4171,瑞基,TPEx,2014-08-14,－,33,0,TPEx mopsfin_t187ap03_O,stock,False,False,False,False,False,2026-08-21
4173,久裕,TPEx,2013-10-31,－,22,0,TPEx mopsfin_t187ap03_O,stock,False,False,False,False,False,2026-08-21
4174,浩鼎,TPEx,2015-03-23,－,22,0,TPEx mopsfin_t187ap03_O,stock,False,False,False,False,False,2026-08-21
4175,杏一,TPEx,2014-04-23,－,22,0,TPEx mopsfin_t187ap03_O,stock,False,False,False,False,False,2026-08-21
4183,福永生技,TPEx,2017-03-09,－,22,0,TPEx mopsfin_t187ap03_O,stock,False,False,False,False,False,2026-08-21
4188,安克,TPEx,2015-03-24,－,22,0,TPEx mopsfin_t187ap03_O,stock,False,False,False,False,False,2026-08-21
4192,杏國,TPEx,2014-10-28,－,22,0,TPEx mopsfin_t187ap03_O,stock,False,False,False,False,False,2026-08-21
4198,欣大健康,TPEx,2014-12-23,－,22,0,TPEx mopsfin_t187ap03_O,stock,False,False,False,False,False,2026-08-21
4205,中華食,TPEx,1999-01-31,－,02,0,TPEx mopsfin_t187ap03_O,stock,False,False,False,False,False,2026-08-21
4207,環泰,TPEx,2000-01-21,－,02,0,TPEx mopsfin_t187ap03_O,stock,False,False,False,False,False,2026-08-21
4303,信立,TPEx,1999-03-10,－,03,0,TPEx mopsfin_t187ap03_O,stock,False,False,True,False,False,2026-08-21
4304,勝昱,TPEx,2000-01-27,－,03,0,TPEx mopsfin_t187ap03_O,stock,False,False,False,False,False,2026-08-21
4305,世坤,TPEx,2000-09-28,－,03,0,TPEx mopsfin_t187ap03_O,stock,False,False,False,False,False,2026-08-21
4401,東隆興,TPEx,1996-05-09,－,04,0,TPEx mopsfin_t187ap03_O,stock,False,False,False,False,False,2026-08-21
4402,郡都開發,TPEx,1997-07-23,－,04,0,TPEx mopsfin_t187ap03_O,stock,False,False,False,False,False,2026-08-21
4406,新昕纖,TPEx,1999-01-14,－,04,0,TPEx mopsfin_t187ap03_O,stock,False,False,False,False,False,2026-08-21
4413,飛寶企業,TPEx,1999-07-29,－,04,0,TPEx mopsfin_t187ap03_O,stock,False,False,False,False,False,2026-08-21
4416,三圓,TPEx,2000-05-06,－,14,0,TPEx mopsfin_t187ap03_O,stock,False,False,False,False,False,2026-08-21
4417,金洲,TPEx,2000-11-07,－,04,0,TPEx mopsfin_t187ap03_O,stock,False,False,False,False,False,2026-08-21
4419,皇家美食,TPEx,2001-06-26,－,16,0,TPEx mopsfin_t187ap03_O,stock,False,False,False,False,False,2026-08-21
4420,光明,TPEx,2002-04-18,－,04,0,TPEx mopsfin_t187ap03_O,stock,False,False,False,False,False,2026-08-21
4430,耀億,TPEx,2011-06-09,－,20,0,TPEx mopsfin_t187ap03_O,stock,False,False,False,False,False,2026-08-21
4432,銘旺實,TPEx,2012-11-26,－,04,0,TPEx mopsfin_t187ap03_O,stock,False,False,False,False,False,2026-08-21
4433,興采,TPEx,2014-11-03,－,04,0,TPEx mopsfin_t187ap03_O,stock,False,False,False,False,False,2026-08-21
4442,竣邦-KY,TPEx,2023-11-29,KY 開曼群島,04,0,TPEx mopsfin_t187ap03_O,stock,True,False,False,False,False,2026-08-21
4502,健信,TPEx,1995-12-12,－,05,0,TPEx mopsfin_t187ap03_O,stock,False,False,False,False,False,2026-08-21
4503,金雨,TPEx,1996-12-19,－,05,0,TPEx mopsfin_t187ap03_O,stock,False,False,False,False,False,2026-08-21
4506,崇友,TPEx,1997-12-06,－,05,0,TPEx mopsfin_t187ap03_O,stock,False,False,False,False,False,2026-08-21
4510,高鋒,TPEx,1998-02-24,－,05,0,TPEx mopsfin_t187ap03_O,stock,False,False,False,False,False,2026-08-21
4513,福裕,TPEx,1998-03-25,－,05,0,TPEx mopsfin_t187ap03_O,stock,False,False,False,False,False,2026-08-21
4523,永彰,TPEx,1999-11-22,－,05,0,TPEx mopsfin_t187ap03_O,stock,False,False,False,False,False,2026-08-21
4527,方方土霖,TPEx,2000-09-28,－,05,0,TPEx mopsfin_t187ap03_O,stock,False,False,False,False,False,2026-08-21
4528,江興鍛,TPEx,2001-02-12,－,05,0,TPEx mopsfin_t187ap03_O,stock,False,False,False,False,False,2026-08-21
4529,淳紳,TPEx,2001-05-04,－,20,0,TPEx mopsfin_t187ap03_O,stock,False,False,False,False,True,2026-08-21
4530,天意能創,TPEx,2001-04-30,－,16,0,TPEx mopsfin_t187ap03_O,stock,False,False,False,False,False,2026-08-21
4533,協易機,TPEx,2002-04-26,－,05,0,TPEx mopsfin_t187ap03_O,stock,False,False,False,False,False,2026-08-21
4534,慶騰,TPEx,2003-03-31,－,05,0,TPEx mopsfin_t187ap03_O,stock,False,False,False,False,False,2026-08-21
4535,至興,TPEx,2003-04-16,－,05,0,TPEx mopsfin_t187ap03_O,stock,False,False,False,False,False,2026-08-21
4538,大詠城,TPEx,2019-01-15,－,05,0,TPEx mopsfin_t187ap03_O,stock,False,False,False,False,False,2026-08-21
4541,晟田,TPEx,2014-07-22,－,20,0,TPEx mopsfin_t187ap03_O,stock,False,False,False,False,False,2026-08-21
4542,科嶠,TPEx,2014-08-25,－,28,0,TPEx mopsfin_t187ap03_O,stock,False,False,False,False,False,2026-08-21
4543,萬在,TPEx,2016-03-15,－,05,0,TPEx mopsfin_t187ap03_O,stock,False,False,False,False,False,2026-08-21
4549,桓達,TPEx,2014-11-27,－,05,0,TPEx mopsfin_t187ap03_O,stock,False,False,False,False,False,2026-08-21
4550,長佳,TPEx,2015-03-18,－,05,0,TPEx mopsfin_t187ap03_O,stock,False,False,False,False,False,2026-08-21
4554,橙的,TPEx,2016-08-05,－,31,0,TPEx mopsfin_t187ap03_O,stock,False,False,False,False,False,2026-08-21
4556,旭然,TPEx,2015-12-22,－,20,0,TPEx mopsfin_t187ap03_O,stock,False,False,False,False,False,2026-08-21
4558,寶緯,TPEx,2022-03-17,－,05,0,TPEx mopsfin_t187ap03_O,stock,False,False,False,False,False,2026-08-21
4561,健椿,TPEx,2018-06-11,－,05,0,TPEx mopsfin_t187ap03_O,stock,False,False,False,False,False,2026-08-21
4563,百德,TPEx,2018-07-12,－,05,0,TPEx mopsfin_t187ap03_O,stock,False,False,False,False,False,2026-08-21
4568,科際精密,TPEx,2018-10-03,－,05,0,TPEx mopsfin_t187ap03_O,stock,False,False,False,False,False,2026-08-21
4577,達航科技,TPEx,2022-06-14,－,31,0,TPEx mopsfin_t187ap03_O,stock,False,False,False,False,False,2026-08-21
4580,捷流閥業,TPEx,2020-01-06,－,05,0,TPEx mopsfin_t187ap03_O,stock,False,False,False,False,False,2026-08-21
4584,君帆,TPEx,2022-10-05,－,05,0,TPEx mopsfin_t187ap03_O,stock,False,False,False,False,False,2026-08-21
4609,唐鋒,TPEx,2000-05-19,－,38,0,TPEx mopsfin_t187ap03_O,stock,False,False,False,False,True,2026-08-21
4702,中美實,TPEx,1995-04-21,－,38,0,TPEx mopsfin_t187ap03_O,stock,False,False,False,False,False,2026-08-21
4706,大恭,TPEx,1998-04-17,－,21,0,TPEx mopsfin_t187ap03_O,stock,False,False,False,False,False,2026-08-21
4707,磐亞,TPEx,1998-05-20,－,21,0,TPEx mopsfin_t187ap03_O,stock,False,False,False,False,False,2026-08-21
4711,永純,TPEx,1999-02-24,－,21,0,TPEx mopsfin_t187ap03_O,stock,False,False,False,False,False,2026-08-21
4714,永捷,TPEx,2000-03-27,－,21,0,TPEx mopsfin_t187ap03_O,stock,False,False,False,False,False,2026-08-21
4716,大立,TPEx,2000-03-27,－,21,0,TPEx mopsfin_t187ap03_O,stock,False,False,False,False,False,2026-08-21
4721,美琪瑪,TPEx,2001-03-09,－,21,0,TPEx mopsfin_t187ap03_O,stock,False,False,False,False,False,2026-08-21
4726,永昕,TPEx,2013-12-25,－,22,0,TPEx mopsfin_t187ap03_O,stock,False,False,False,False,False,2026-08-21
4728,雙美,TPEx,2012-01-10,－,22,0,TPEx mopsfin_t187ap03_O,stock,False,False,False,False,False,2026-08-21
4729,熒茂,TPEx,2009-02-24,－,26,0,TPEx mopsfin_t187ap03_O,stock,False,False,False,False,False,2026-08-21
4735,豪展,TPEx,2011-08-16,－,22,0,TPEx mopsfin_t187ap03_O,stock,False,False,False,False,False,2026-08-21
4741,泓瀚,TPEx,2017-09-26,－,21,0,TPEx mopsfin_t187ap03_O,stock,False,False,False,False,False,2026-08-21
4743,合一,TPEx,2011-09-23,－,22,0,TPEx mopsfin_t187ap03_O,stock,False,False,False,False,False,2026-08-21
4744,皇將,TPEx,2018-07-12,－,22,0,TPEx mopsfin_t187ap03_O,stock,False,False,False,False,False,2026-08-21
4745,合富-KY,TPEx,2013-01-30,KY 開曼群島,22,0,TPEx mopsfin_t187ap03_O,stock,True,False,False,False,False,2026-08-21
4747,強生製藥,TPEx,2013-12-25,－,22,0,TPEx mopsfin_t187ap03_O,stock,False,False,False,False,False,2026-08-21
4749,新應材,TPEx,2025-01-17,－,24,0,TPEx mopsfin_t187ap03_O,stock,False,False,False,False,False,2026-08-21
4754,國碳科,TPEx,2016-09-28,－,21,0,TPEx mopsfin_t187ap03_O,stock,False,False,False,False,False,2026-08-21
4760,勤凱科技,TPEx,2019-03-21,－,31,0,TPEx mopsfin_t187ap03_O,stock,False,False,False,False,False,2026-08-21
4767,誠泰科技,TPEx,2018-10-29,－,21,0,TPEx mopsfin_t187ap03_O,stock,False,False,False,False,False,2026-08-21
4768,晶呈科技,TPEx,2022-04-13,－,21,0,TPEx mopsfin_t187ap03_O,stock,False,False,False,False,False,2026-08-21
4772,台特化,TPEx,2024-09-20,－,21,0,TPEx mopsfin_t187ap03_O,stock,False,False,False,False,False,2026-08-21
4804,大略-KY,TPEx,2015-12-04,KY 開曼群島,16,0,TPEx mopsfin_t187ap03_O,stock,True,False,False,False,False,2026-08-21
4806,桂田文創,TPEx,2016-03-09,－,32,0,TPEx mopsfin_t187ap03_O,stock,False,False,False,False,False,2026-08-21
4903,聯光通,TPEx,2001-05-14,－,27,0,TPEx mopsfin_t187ap03_O,stock,False,False,False,False,False,2026-08-21
4905,台聯電,TPEx,2001-12-07,－,22,0,TPEx mopsfin_t187ap03_O,stock,False,False,False,False,False,2026-08-21
4907,富宇,TPEx,2002-03-04,－,14,0,TPEx mopsfin_t187ap03_O,stock,False,False,False,False,False,2026-08-21
4908,前鼎,TPEx,2002-02-27,－,27,0,TPEx mopsfin_t187ap03_O,stock,False,False,False,False,False,2026-08-21
4909,新復興,TPEx,2002-11-28,－,27,0,TPEx mopsfin_t187ap03_O,stock,False,False,False,False,False,2026-08-21
4911,德英,TPEx,2011-03-21,－,22,0,TPEx mopsfin_t187ap03_O,stock,False,False,False,False,False,2026-08-21
4923,力士,TPEx,2022-03-14,－,24,0,TPEx mopsfin_t187ap03_O,stock,False,False,False,False,False,2026-08-21
4924,欣厚-KY,TPEx,2011-10-18,KY 開曼群島,35,0,TPEx mopsfin_t187ap03_O,stock,True,False,False,False,False,2026-08-21
4931,新盛力,TPEx,2019-09-17,－,25,0,TPEx mopsfin_t187ap03_O,stock,False,False,False,True,False,2026-08-21
4933,友輝,TPEx,2011-07-29,－,26,0,TPEx mopsfin_t187ap03_O,stock,False,False,False,False,False,2026-08-21
4939,亞電,TPEx,2011-09-19,－,28,0,TPEx mopsfin_t187ap03_O,stock,False,False,False,False,False,2026-08-21
4946,辣椒,TPEx,2011-06-10,－,32,0,TPEx mopsfin_t187ap03_O,stock,False,False,False,False,False,2026-08-21
4950,金耘國際,TPEx,2012-04-27,－,10,0,TPEx mopsfin_t187ap03_O,stock,False,False,False,False,False,2026-08-21
4951,精拓科,TPEx,2022-11-03,－,24,0,TPEx mopsfin_t187ap03_O,stock,False,False,False,False,False,2026-08-21
4953,緯致,TPEx,2014-01-08,－,30,0,TPEx mopsfin_t187ap03_O,stock,False,False,False,False,False,2026-08-21
4966,譜瑞-KY,TPEx,2011-09-13,KY 開曼群島,24,0,TPEx mopsfin_t187ap03_O,stock,True,False,False,False,False,2026-08-21
4971,IET-KY,TPEx,2013-07-24,KY 開曼群島,24,0,TPEx mopsfin_t187ap03_O,stock,True,False,False,False,False,2026-08-21
4972,湯石照明,TPEx,2013-06-17,－,26,0,TPEx mopsfin_t187ap03_O,stock,False,False,False,False,False,2026-08-21
4973,廣穎電通,TPEx,2012-06-19,－,24,0,TPEx mopsfin_t187ap03_O,stock,False,False,False,False,False,2026-08-21
4974,亞泰,TPEx,2011-11-29,－,28,0,TPEx mopsfin_t187ap03_O,stock,False,False,False,False,False,2026-08-21
4979,華星光,TPEx,2011-12-12,－,27,0,TPEx mopsfin_t187ap03_O,stock,False,False,False,True,False,2026-08-21
4991,環宇-KY,TPEx,2014-09-15,KY 開曼群島,24,0,TPEx mopsfin_t187ap03_O,stock,True,False,False,True,False,2026-08-21
4995,晶達,TPEx,2012-05-09,－,26,0,TPEx mopsfin_t187ap03_O,stock,False,False,False,False,False,2026-08-21
5009,榮剛,TPEx,1998-10-17,－,10,0,TPEx mopsfin_t187ap03_O,stock,False,False,False,False,False,2026-08-21
5011,久陽,TPEx,1999-05-06,－,10,0,TPEx mopsfin_t187ap03_O,stock,False,False,False,False,False,2026-08-21
5013,強新,TPEx,2000-05-08,－,10,0,TPEx mopsfin_t187ap03_O,stock,False,False,False,False,False,2026-08-21
5014,建錩,TPEx,2001-02-15,－,10,0,TPEx mopsfin_t187ap03_O,stock,False,False,False,False,False,2026-08-21
5015,華祺,TPEx,2000-12-15,－,10,0,TPEx mopsfin_t187ap03_O,stock,False,False,False,False,False,2026-08-21
5016,松和,TPEx,2001-03-05,－,10,0,TPEx mopsfin_t187ap03_O,stock,False,False,False,False,False,2026-08-21
5201,凱衛,TPEx,2000-10-12,－,30,0,TPEx mopsfin_t187ap03_O,stock,False,False,False,False,False,2026-08-21
5202,力新,TPEx,2000-10-18,－,30,0,TPEx mopsfin_t187ap03_O,stock,False,False,False,False,False,2026-08-21
5205,中茂,TPEx,2001-05-14,－,35,0,TPEx mopsfin_t187ap03_O,stock,False,False,False,False,False,2026-08-21
5206,坤悅,TPEx,2001-10-08,－,14,0,TPEx mopsfin_t187ap03_O,stock,False,False,False,False,False,2026-08-21
5209,新鼎,TPEx,2002-02-25,－,20,0,TPEx mopsfin_t187ap03_O,stock,False,False,False,False,False,2026-08-21
5210,寶碩,TPEx,2002-04-25,－,30,0,TPEx mopsfin_t187ap03_O,stock,False,False,False,False,False,2026-08-21
5211,蒙恬,TPEx,2002-12-23,－,30,0,TPEx mopsfin_t187ap03_O,stock,False,False,False,False,False,2026-08-21
5212,凌網,TPEx,2003-03-24,－,30,0,TPEx mopsfin_t187ap03_O,stock,False,False,False,False,False,2026-08-21
5213,亞昕,TPEx,2003-04-24,－,14,0,TPEx mopsfin_t187ap03_O,stock,False,False,False,False,False,2026-08-21
5220,萬達光電,TPEx,2018-04-26,－,26,0,TPEx mopsfin_t187ap03_O,stock,False,False,False,False,False,2026-08-21
5223,安力-KY,TPEx,2018-07-02,KY 開曼群島,25,0,TPEx mopsfin_t187ap03_O,stock,True,False,False,False,False,2026-08-21
5227,立凱-KY,TPEx,2013-12-09,KY 開曼群島,28,0,TPEx mopsfin_t187ap03_O,stock,True,False,False,False,False,2026-08-21
5228,鈺鎧,TPEx,2022-05-20,－,28,0,TPEx mopsfin_t187ap03_O,stock,False,False,False,False,False,2026-08-21
5230,雷笛克光學,TPEx,2012-06-05,－,26,0,TPEx mopsfin_t187ap03_O,stock,False,False,False,False,False,2026-08-21
5245,智晶,TPEx,2015-05-25,－,26,0,TPEx mopsfin_t187ap03_O,stock,False,False,False,False,False,2026-08-21
5251,天鉞電,TPEx,2012-11-26,－,26,0,TPEx mopsfin_t187ap03_O,stock,False,False,False,False,False,2026-08-21
5263,智崴,TPEx,2012-12-18,－,32,0,TPEx mopsfin_t187ap03_O,stock,False,False,True,False,False,2026-08-21
5272,笙科,TPEx,2013-05-30,－,24,0,TPEx mopsfin_t187ap03_O,stock,False,False,False,False,False,2026-08-21
5274,信驊,TPEx,2013-04-30,－,24,0,TPEx mopsfin_t187ap03_O,stock,False,False,False,False,False,2026-08-21
5276,達輝-KY,TPEx,2014-06-12,KY 開曼群島,20,0,TPEx mopsfin_t187ap03_O,stock,True,False,False,False,False,2026-08-21
5278,尚凡*,TPEx,2013-06-04,－,36,0,TPEx mopsfin_t187ap03_O,stock,False,False,False,False,False,2026-08-21
5287,數字,TPEx,2014-01-20,－,36,0,TPEx mopsfin_t187ap03_O,stock,False,False,False,False,False,2026-08-21
5289,宜鼎,TPEx,2013-11-27,－,25,0,TPEx mopsfin_t187ap03_O,stock,False,False,False,False,False,2026-08-21
5291,邑昇,TPEx,2014-12-23,－,28,0,TPEx mopsfin_t187ap03_O,stock,False,False,False,False,False,2026-08-21
5299,杰力,TPEx,2018-01-23,－,24,0,TPEx mopsfin_t187ap03_O,stock,False,False,False,False,False,2026-08-21
5301,寶得利,TPEx,1990-06-25,－,16,0,TPEx mopsfin_t187ap03_O,stock,False,False,False,False,True,2026-08-21
5302,太欣,TPEx,1991-01-17,－,24,0,TPEx mopsfin_t187ap03_O,stock,False,False,False,False,False,2026-08-21
5309,系統電,TPEx,1996-03-18,－,28,0,TPEx mopsfin_t187ap03_O,stock,False,False,False,False,False,2026-08-21
5310,天剛,TPEx,1996-04-09,－,30,0,TPEx mopsfin_t187ap03_O,stock,False,False,False,False,False,2026-08-21
5312,寶島科,TPEx,1996-05-25,－,22,0,TPEx mopsfin_t187ap03_O,stock,False,False,False,False,False,2026-08-21
5314,世紀*,TPEx,1996-09-16,－,20,0,TPEx mopsfin_t187ap03_O,stock,False,False,True,False,False,2026-08-21
5315,光聯,TPEx,1996-11-02,－,26,0,TPEx mopsfin_t187ap03_O,stock,False,False,False,False,False,2026-08-21
5321,美而快,TPEx,1996-12-30,－,36,0,TPEx mopsfin_t187ap03_O,stock,False,False,False,False,False,2026-08-21
5324,士開,TPEx,1997-01-30,－,14,0,TPEx mopsfin_t187ap03_O,stock,False,False,False,False,False,2026-08-21
5328,華容,TPEx,1997-08-28,－,28,0,TPEx mopsfin_t187ap03_O,stock,False,False,False,False,False,2026-08-21
5340,建榮,TPEx,1998-01-20,－,28,0,TPEx mopsfin_t187ap03_O,stock,False,False,False,False,False,2026-08-21
5344,立衛,TPEx,1998-03-23,－,24,0,TPEx mopsfin_t187ap03_O,stock,False,False,False,False,False,2026-08-21
5345,馥鴻,TPEx,1998-03-23,－,20,0,TPEx mopsfin_t187ap03_O,stock,False,False,False,False,False,2026-08-21
5347,世界,TPEx,1998-03-25,－,24,0,TPEx mopsfin_t187ap03_O,stock,False,False,False,False,False,2026-08-21
5348,正能量智能,TPEx,1998-04-29,－,37,0,TPEx mopsfin_t187ap03_O,stock,False,False,False,False,False,2026-08-21
5351,鈺創,TPEx,1998-05-15,－,24,0,TPEx mopsfin_t187ap03_O,stock,False,False,False,False,False,2026-08-21
5353,台林,TPEx,1998-05-18,－,27,0,TPEx mopsfin_t187ap03_O,stock,False,False,False,False,False,2026-08-21
5355,佳總,TPEx,1998-06-23,－,28,0,TPEx mopsfin_t187ap03_O,stock,False,False,False,False,True,2026-08-21
5356,協益,TPEx,1998-07-20,－,25,0,TPEx mopsfin_t187ap03_O,stock,False,False,False,False,False,2026-08-21
5364,力麗店,TPEx,1998-12-07,－,16,0,TPEx mopsfin_t187ap03_O,stock,False,False,False,False,False,2026-08-21
5371,中光電,TPEx,1999-01-20,－,26,0,TPEx mopsfin_t187ap03_O,stock,False,False,False,False,False,2026-08-21
5381,光譜,TPEx,1999-03-19,－,05,0,TPEx mopsfin_t187ap03_O,stock,False,False,False,False,False,2026-08-21
5386,青雲,TPEx,1999-05-13,－,25,0,TPEx mopsfin_t187ap03_O,stock,False,False,False,False,False,2026-08-21
5392,能率,TPEx,1999-06-14,－,26,0,TPEx mopsfin_t187ap03_O,stock,False,False,False,False,False,2026-08-21
5398,慕康生醫,TPEx,1999-10-11,－,20,0,TPEx mopsfin_t187ap03_O,stock,False,False,False,False,False,2026-08-21
5403,中菲,TPEx,1999-10-15,－,30,0,TPEx mopsfin_t187ap03_O,stock,False,False,False,False,False,2026-08-21
5410,國眾,TPEx,1999-11-26,－,30,0,TPEx mopsfin_t187ap03_O,stock,False,False,False,False,False,2026-08-21
5425,台半,TPEx,2000-02-21,－,24,0,TPEx mopsfin_t187ap03_O,stock,False,False,False,False,False,2026-08-21
5426,振發,TPEx,2000-02-09,－,25,0,TPEx mopsfin_t187ap03_O,stock,False,False,False,False,False,2026-08-21
5432,新門,TPEx,2000-03-21,－,35,0,TPEx mopsfin_t187ap03_O,stock,False,False,False,False,False,2026-08-21
5438,東友,TPEx,2000-06-17,－,25,0,TPEx mopsfin_t187ap03_O,stock,False,False,False,False,False,2026-08-21
5439,高技,TPEx,2000-06-26,－,28,0,TPEx mopsfin_t187ap03_O,stock,False,False,False,False,False,2026-08-21
5443,均豪,TPEx,1998-02-09,－,24,0,TPEx mopsfin_t187ap03_O,stock,False,False,False,False,False,2026-08-21
5450,南良,TPEx,2000-08-22,－,20,0,TPEx mopsfin_t187ap03_O,stock,False,False,False,False,False,2026-08-21
5452,佶優,TPEx,2000-10-02,－,31,0,TPEx mopsfin_t187ap03_O,stock,False,False,False,False,False,2026-08-21
5455,昇益,TPEx,2000-10-19,－,14,0,TPEx mopsfin_t187ap03_O,stock,False,False,False,False,False,2026-08-21
5457,宣德,TPEx,2000-09-29,－,28,0,TPEx mopsfin_t187ap03_O,stock,False,False,False,False,False,2026-08-21
5460,同協,TPEx,2000-09-28,－,28,0,TPEx mopsfin_t187ap03_O,stock,False,False,False,False,False,2026-08-21
5464,霖宏,TPEx,2000-11-08,－,28,0,TPEx mopsfin_t187ap03_O,stock,False,False,False,False,False,2026-08-21
5465,富驊,TPEx,2000-11-08,－,25,0,TPEx mopsfin_t187ap03_O,stock,False,False,False,False,False,2026-08-21
5468,凱鈺,TPEx,2001-01-17,－,24,0,TPEx mopsfin_t187ap03_O,stock,False,False,False,False,False,2026-08-21
5474,聰泰,TPEx,2001-03-20,－,25,0,TPEx mopsfin_t187ap03_O,stock,False,False,False,False,False,2026-08-21
5475,德宏,TPEx,2001-01-16,－,28,0,TPEx mopsfin_t187ap03_O,stock,False,False,False,True,False,2026-08-21
5478,智冠,TPEx,2001-03-29,－,32,0,TPEx mopsfin_t187ap03_O,stock,False,False,False,False,False,2026-08-21
5481,新華,TPEx,2001-04-27,－,20,0,TPEx mopsfin_t187ap03_O,stock,False,False,False,False,False,2026-08-21
5483,中美晶,TPEx,2001-03-02,－,24,0,TPEx mopsfin_t187ap03_O,stock,False,False,False,False,False,2026-08-21
5487,通泰,TPEx,2001-02-20,－,24,0,TPEx mopsfin_t187ap03_O,stock,False,False,False,False,False,2026-08-21
5488,松普,TPEx,2001-03-12,－,28,0,TPEx mopsfin_t187ap03_O,stock,False,False,False,False,False,2026-08-21
5489,彩富,TPEx,2001-03-12,－,31,0,TPEx mopsfin_t187ap03_O,stock,False,False,False,False,False,2026-08-21
5490,同亨,TPEx,2001-05-14,－,25,0,TPEx mopsfin_t187ap03_O,stock,False,False,False,False,False,2026-08-21
5493,三聯,TPEx,2001-05-03,－,31,0,TPEx mopsfin_t187ap03_O,stock,False,False,False,False,False,2026-08-21
5498,凱崴,TPEx,2001-03-29,－,28,0,TPEx mopsfin_t187ap03_O,stock,False,False,False,False,False,2026-08-21
5508,永信建,TPEx,1998-05-13,－,14,0,TPEx mopsfin_t187ap03_O,stock,False,False,False,False,False,2026-08-21
5511,德昌,TPEx,1998-12-09,－,14,0,TPEx mopsfin_t187ap03_O,stock,False,False,False,False,False,2026-08-21
5512,力麒,TPEx,1998-12-04,－,14,0,TPEx mopsfin_t187ap03_O,stock,False,False,False,False,False,2026-08-21
5514,三豐,TPEx,1998-12-29,－,14,0,TPEx mopsfin_t187ap03_O,stock,False,False,False,False,False,2026-08-21
5516,雙喜,TPEx,1999-03-23,－,14,0,TPEx mopsfin_t187ap03_O,stock,False,False,False,False,False,2026-08-21
5520,力泰,TPEx,1999-10-27,－,14,0,TPEx mopsfin_t187ap03_O,stock,False,False,False,False,False,2026-08-21
5523,豐謙,TPEx,1999-12-27,－,14,0,TPEx mopsfin_t187ap03_O,stock,False,False,False,False,False,2026-08-21
5529,鉅陞,TPEx,1996-01-12,－,14,0,TPEx mopsfin_t187ap03_O,stock,False,False,False,False,False,2026-08-21
5530,龍巖,TPEx,2000-10-04,－,20,0,TPEx mopsfin_t187ap03_O,stock,False,False,False,False,False,2026-08-21
5536,聖暉*,TPEx,2010-11-10,－,31,0,TPEx mopsfin_t187ap03_O,stock,False,False,False,False,False,2026-08-21
5543,桓鼎-KY,TPEx,2016-05-09,KY 開曼群島,14,0,TPEx mopsfin_t187ap03_O,stock,True,False,False,False,False,2026-08-21
5547,久舜,TPEx,2026-02-03,－,14,0,TPEx mopsfin_t187ap03_O,stock,False,False,False,False,False,2026-08-21
5548,安倉,TPEx,2024-03-18,－,14,0,TPEx mopsfin_t187ap03_O,stock,False,False,False,False,False,2026-08-21
5601,台聯櫃,TPEx,1994-11-24,－,15,0,TPEx mopsfin_t187ap03_O,stock,False,False,False,False,False,2026-08-21
5603,陸海,TPEx,1997-01-25,－,15,0,TPEx mopsfin_t187ap03_O,stock,False,False,False,False,False,2026-08-21
5604,中連,TPEx,1997-05-22,－,20,0,TPEx mopsfin_t187ap03_O,stock,False,False,False,False,False,2026-08-21
5609,中菲行,TPEx,2001-10-15,－,15,0,TPEx mopsfin_t187ap03_O,stock,False,False,False,False,False,2026-08-21
5701,劍湖山,TPEx,1998-03-12,－,16,0,TPEx mopsfin_t187ap03_O,stock,False,False,False,False,True,2026-08-21
5703,亞都麗緻,TPEx,1999-06-15,－,16,0,TPEx mopsfin_t187ap03_O,stock,False,False,False,False,False,2026-08-21
5704,老爺知,TPEx,1999-12-21,－,16,0,TPEx mopsfin_t187ap03_O,stock,False,False,False,False,False,2026-08-21
5864,致和證,TPEx,2018-04-02,－,17,0,TPEx mopsfin_t187ap03_O,stock,False,False,False,False,False,2026-08-21
5878,台名,TPEx,2014-10-28,－,17,0,TPEx mopsfin_t187ap03_O,stock,False,False,False,False,False,2026-08-21
5902,德記,TPEx,1998-02-07,－,38,0,TPEx mopsfin_t187ap03_O,stock,False,False,False,False,False,2026-08-21
5903,全家,TPEx,2002-02-25,－,38,0,TPEx mopsfin_t187ap03_O,stock,False,False,False,False,False,2026-08-21
5904,寶雅*,TPEx,2002-09-06,－,38,0,TPEx mopsfin_t187ap03_O,stock,False,False,False,False,False,2026-08-21
5905,南仁湖,TPEx,2003-06-17,－,16,0,TPEx mopsfin_t187ap03_O,stock,False,False,False,False,False,2026-08-21
6015,宏遠證,TPEx,1996-07-25,－,17,0,TPEx mopsfin_t187ap03_O,stock,False,False,False,False,False,2026-08-21
6016,康和證,TPEx,1996-12-04,－,17,0,TPEx mopsfin_t187ap03_O,stock,False,False,False,False,False,2026-08-21
6020,大展證,TPEx,2003-01-23,－,17,0,TPEx mopsfin_t187ap03_O,stock,False,False,False,False,False,2026-08-21
6021,美好證,TPEx,2003-04-21,－,17,0,TPEx mopsfin_t187ap03_O,stock,False,False,False,False,False,2026-08-21
6023,元大期貨,TPEx,2007-11-28,－,17,0,TPEx mopsfin_t187ap03_O,stock,False,False,False,False,False,2026-08-21
6026,福邦證,TPEx,2016-01-27,－,17,0,TPEx mopsfin_t187ap03_O,stock,False,False,False,False,False,2026-08-21
6028,公勝保經,TPEx,2026-03-30,－,17,0,TPEx mopsfin_t187ap03_O,stock,False,False,False,False,False,2026-08-21
6101,寬魚國際,TPEx,2001-03-29,－,32,0,TPEx mopsfin_t187ap03_O,stock,False,False,False,False,False,2026-08-21
6103,合邦,TPEx,2001-05-07,－,24,0,TPEx mopsfin_t187ap03_O,stock,False,False,False,False,False,2026-08-21
6104,創惟,TPEx,2001-05-22,－,24,0,TPEx mopsfin_t187ap03_O,stock,False,False,False,False,False,2026-08-21
6109,亞元,TPEx,2001-07-26,－,27,0,TPEx mopsfin_t187ap03_O,stock,False,False,False,False,False,2026-08-21
6111,光聚晶電,TPEx,2001-08-08,－,32,0,TPEx mopsfin_t187ap03_O,stock,False,False,False,False,False,2026-08-21
6113,亞矽,TPEx,2001-08-10,－,29,0,TPEx mopsfin_t187ap03_O,stock,False,False,False,False,False,2026-08-21
6114,久威,TPEx,2001-09-27,－,28,0,TPEx mopsfin_t187ap03_O,stock,False,False,False,False,False,2026-08-21
6118,建達,TPEx,2001-10-25,－,29,0,TPEx mopsfin_t187ap03_O,stock,False,False,False,False,False,2026-08-21
6121,新普,TPEx,2001-11-27,－,25,0,TPEx mopsfin_t187ap03_O,stock,False,False,False,False,False,2026-08-21
6122,擎邦,TPEx,2000-07-14,－,05,0,TPEx mopsfin_t187ap03_O,stock,False,False,False,False,False,2026-08-21
6123,上奇,TPEx,2002-01-23,－,30,0,TPEx mopsfin_t187ap03_O,stock,False,False,False,False,False,2026-08-21
6124,業強,TPEx,2002-03-19,－,28,0,TPEx mopsfin_t187ap03_O,stock,False,False,False,False,False,2026-08-21
6125,廣運,TPEx,2002-01-23,－,05,0,TPEx mopsfin_t187ap03_O,stock,False,False,False,False,False,2026-08-21
6126,信音,TPEx,2002-01-18,－,28,0,TPEx mopsfin_t187ap03_O,stock,False,False,False,False,False,2026-08-21
6127,九豪,TPEx,2002-01-10,－,28,0,TPEx mopsfin_t187ap03_O,stock,False,False,False,False,False,2026-08-21
6129,普誠,TPEx,2001-12-25,－,24,0,TPEx mopsfin_t187ap03_O,stock,False,False,False,False,False,2026-08-21
6130,上亞科技,TPEx,2002-03-26,－,22,0,TPEx mopsfin_t187ap03_O,stock,False,False,False,False,False,2026-08-21
6134,萬旭,TPEx,2002-01-08,－,28,0,TPEx mopsfin_t187ap03_O,stock,False,False,False,False,False,2026-08-21
6138,茂達,TPEx,2002-01-18,－,24,0,TPEx mopsfin_t187ap03_O,stock,False,False,False,False,False,2026-08-21
6140,訊達電腦,TPEx,2002-02-04,－,30,0,TPEx mopsfin_t187ap03_O,stock,False,False,False,False,False,2026-08-21
6143,振曜,TPEx,2002-01-28,－,27,0,TPEx mopsfin_t187ap03_O,stock,False,False,False,False,False,2026-08-21
6144,得利影,TPEx,2002-01-23,－,32,0,TPEx mopsfin_t187ap03_O,stock,False,False,False,False,False,2026-08-21
6146,耕興,TPEx,2002-01-23,－,31,0,TPEx mopsfin_t187ap03_O,stock,False,False,False,False,False,2026-08-21
6147,頎邦,TPEx,2002-01-31,－,24,0,TPEx mopsfin_t187ap03_O,stock,False,False,False,False,False,2026-08-21
6148,驊宏資,TPEx,2002-02-01,－,30,0,TPEx mopsfin_t187ap03_O,stock,False,False,False,False,False,2026-08-21
6150,撼訊,TPEx,2002-03-11,－,25,0,TPEx mopsfin_t187ap03_O,stock,False,False,False,False,False,2026-08-21
6151,晉倫,TPEx,2002-02-25,－,31,0,TPEx mopsfin_t187ap03_O,stock,False,False,False,False,False,2026-08-21
6154,順發,TPEx,2002-02-18,－,29,0,TPEx mopsfin_t187ap03_O,stock,False,False,False,False,False,2026-08-21
6156,松上,TPEx,2002-02-19,－,28,0,TPEx mopsfin_t187ap03_O,stock,False,False,False,False,False,2026-08-21
6158,禾昌,TPEx,2002-02-19,－,28,0,TPEx mopsfin_t187ap03_O,stock,False,False,False,False,False,2026-08-21
6160,欣技,TPEx,2002-03-01,－,25,0,TPEx mopsfin_t187ap03_O,stock,False,False,False,False,False,2026-08-21
6161,捷波,TPEx,2002-03-01,－,25,0,TPEx mopsfin_t187ap03_O,stock,False,False,False,False,False,2026-08-21
6163,華電網,TPEx,2002-03-19,－,30,0,TPEx mopsfin_t187ap03_O,stock,False,False,False,False,False,2026-08-21
6167,久正,TPEx,2002-03-26,－,26,0,TPEx mopsfin_t187ap03_O,stock,False,False,False,False,False,2026-08-21
6169,昱泉,TPEx,2002-03-22,－,32,0,TPEx mopsfin_t187ap03_O,stock,False,False,False,False,False,2026-08-21
6170,統振,TPEx,2002-04-16,－,27,0,TPEx mopsfin_t187ap03_O,stock,False,False,False,False,False,2026-08-21
6171,大城地產,TPEx,2002-04-22,－,14,0,TPEx mopsfin_t187ap03_O,stock,False,False,False,False,False,2026-08-21
6173,信昌電,TPEx,2002-04-19,－,28,0,TPEx mopsfin_t187ap03_O,stock,False,False,False,False,False,2026-08-21
6174,安碁,TPEx,2002-05-02,－,28,0,TPEx mopsfin_t187ap03_O,stock,False,False,False,False,False,2026-08-21
6175,立敦,TPEx,2002-06-10,－,28,0,TPEx mopsfin_t187ap03_O,stock,False,False,False,False,False,2026-08-21
6179,亞通,TPEx,2002-05-17,－,20,0,TPEx mopsfin_t187ap03_O,stock,False,False,False,False,False,2026-08-21
6180,橘子,TPEx,2002-05-21,－,32,0,TPEx mopsfin_t187ap03_O,stock,False,False,False,False,False,2026-08-21
6182,合晶,TPEx,2002-05-16,－,24,0,TPEx mopsfin_t187ap03_O,stock,False,False,False,False,False,2026-08-21
6185,幃翔,TPEx,2002-08-09,－,28,0,TPEx mopsfin_t187ap03_O,stock,False,False,False,False,False,2026-08-21
6186,新潤,TPEx,2002-08-02,－,14,0,TPEx mopsfin_t187ap03_O,stock,False,False,False,False,False,2026-08-21
6187,萬潤,TPEx,2002-09-27,－,24,0,TPEx mopsfin_t187ap03_O,stock,False,False,False,False,False,2026-08-21
6188,廣明,TPEx,2002-08-27,－,25,0,TPEx mopsfin_t187ap03_O,stock,False,False,False,False,False,2026-08-21
6190,萬泰科,TPEx,1998-02-04,－,27,0,TPEx mopsfin_t187ap03_O,stock,False,False,False,False,False,2026-08-21
6194,育富,TPEx,2002-12-05,－,28,0,TPEx mopsfin_t187ap03_O,stock,False,False,False,False,False,2026-08-21
6195,詩肯,TPEx,2002-10-21,－,38,0,TPEx mopsfin_t187ap03_O,stock,False,False,False,False,False,2026-08-21
6198,瑞築,TPEx,2002-12-26,－,14,0,TPEx mopsfin_t187ap03_O,stock,False,False,False,False,False,2026-08-21
6199,天品,TPEx,2016-10-07,－,20,0,TPEx mopsfin_t187ap03_O,stock,False,False,False,False,False,2026-08-21
6203,海韻電,TPEx,2002-12-26,－,28,0,TPEx mopsfin_t187ap03_O,stock,False,False,False,False,False,2026-08-21
6204,艾華,TPEx,2002-11-13,－,28,0,TPEx mopsfin_t187ap03_O,stock,False,False,False,False,False,2026-08-21
6207,雷科,TPEx,2002-12-23,－,28,0,TPEx mopsfin_t187ap03_O,stock,False,False,False,False,False,2026-08-21
6208,日揚,TPEx,2002-12-23,－,24,0,TPEx mopsfin_t187ap03_O,stock,False,False,False,False,False,2026-08-21
6210,慶生,TPEx,2003-02-14,－,28,0,TPEx mopsfin_t187ap03_O,stock,False,False,False,False,False,2026-08-21
6212,理銘,TPEx,2002-12-26,－,14,0,TPEx mopsfin_t187ap03_O,stock,False,False,False,False,False,2026-08-21
6217,中探針,TPEx,2003-01-09,－,28,0,TPEx mopsfin_t187ap03_O,stock,False,False,False,False,False,2026-08-21
6218,豪勉,TPEx,2003-01-14,－,27,0,TPEx mopsfin_t187ap03_O,stock,False,False,False,False,False,2026-08-21
6219,富旺,TPEx,2003-02-26,－,14,0,TPEx mopsfin_t187ap03_O,stock,False,False,False,False,False,2026-08-21
6220,岳豐,TPEx,2003-01-09,－,28,0,TPEx mopsfin_t187ap03_O,stock,False,False,False,False,False,2026-08-21
6221,晉泰,TPEx,2003-01-06,－,30,0,TPEx mopsfin_t187ap03_O,stock,False,False,False,False,False,2026-08-21
6222,立軒,TPEx,2003-01-09,－,26,0,TPEx mopsfin_t187ap03_O,stock,False,False,False,False,False,2026-08-21
6223,旺矽,TPEx,2003-01-06,－,24,0,TPEx mopsfin_t187ap03_O,stock,False,False,False,False,False,2026-08-21
6227,茂綸,TPEx,2003-01-14,－,29,0,TPEx mopsfin_t187ap03_O,stock,False,False,False,False,False,2026-08-21
6228,全譜,TPEx,2003-01-21,－,25,0,TPEx mopsfin_t187ap03_O,stock,False,False,False,False,False,2026-08-21
6229,研通,TPEx,2003-01-14,－,24,0,TPEx mopsfin_t187ap03_O,stock,False,False,False,False,False,2026-08-21
6231,系微,TPEx,2003-01-23,－,30,0,TPEx mopsfin_t187ap03_O,stock,False,False,False,False,False,2026-08-21
6233,旺玖,TPEx,2003-02-20,－,24,0,TPEx mopsfin_t187ap03_O,stock,False,False,False,False,False,2026-08-21
6234,高僑,TPEx,2003-03-12,－,26,0,TPEx mopsfin_t187ap03_O,stock,False,False,False,False,False,2026-08-21
6236,中湛,TPEx,2003-03-31,－,36,0,TPEx mopsfin_t187ap03_O,stock,False,False,False,False,True,2026-08-21
6237,驊訊,TPEx,2003-04-21,－,24,0,TPEx mopsfin_t187ap03_O,stock,False,False,False,False,False,2026-08-21
6240,松崗,TPEx,2003-05-30,－,30,0,TPEx mopsfin_t187ap03_O,stock,False,False,False,False,False,2026-08-21
6241,鑫永洋,TPEx,2003-04-08,－,27,0,TPEx mopsfin_t187ap03_O,stock,False,False,False,False,False,2026-08-21
6242,立康,TPEx,2003-04-23,－,22,0,TPEx mopsfin_t187ap03_O,stock,False,False,False,False,False,2026-08-21
6244,茂迪,TPEx,2003-05-15,－,26,0,TPEx mopsfin_t187ap03_O,stock,False,False,False,False,False,2026-08-21
6245,立端,TPEx,2003-05-19,－,27,0,TPEx mopsfin_t187ap03_O,stock,False,False,False,False,False,2026-08-21
6246,臺龍,TPEx,2003-06-18,－,26,0,TPEx mopsfin_t187ap03_O,stock,False,False,False,False,False,2026-08-21
6248,沛波,TPEx,2003-09-03,－,10,0,TPEx mopsfin_t187ap03_O,stock,False,False,False,False,False,2026-08-21
6259,百徽,TPEx,2003-09-17,－,28,0,TPEx mopsfin_t187ap03_O,stock,False,False,False,False,False,2026-08-21
6261,久元,TPEx,2004-03-29,－,24,0,TPEx mopsfin_t187ap03_O,stock,False,False,False,False,False,2026-08-21
6263,普萊德,TPEx,2003-09-17,－,27,0,TPEx mopsfin_t187ap03_O,stock,False,False,False,False,False,2026-08-21
6264,富裔,TPEx,2004-02-24,－,14,0,TPEx mopsfin_t187ap03_O,stock,False,False,False,False,False,2026-08-21
6265,方土昶,TPEx,2003-10-24,－,29,0,TPEx mopsfin_t187ap03_O,stock,False,False,False,False,False,2026-08-21
6266,泰詠,TPEx,2004-04-29,－,28,0,TPEx mopsfin_t187ap03_O,stock,False,False,False,False,False,2026-08-21
6270,倍微,TPEx,2003-09-17,－,29,0,TPEx mopsfin_t187ap03_O,stock,False,False,False,False,False,2026-08-21
6274,台燿,TPEx,2003-12-18,－,28,0,TPEx mopsfin_t187ap03_O,stock,False,False,False,False,False,2026-08-21
6275,元山,TPEx,2004-12-23,－,28,0,TPEx mopsfin_t187ap03_O,stock,False,False,False,False,False,2026-08-21
6276,安鈦克,TPEx,2003-10-30,－,25,0,TPEx mopsfin_t187ap03_O,stock,False,False,False,False,False,2026-08-21
6279,胡連,TPEx,2003-11-26,－,28,0,TPEx mopsfin_t187ap03_O,stock,False,False,False,False,False,2026-08-21
6284,佳邦,TPEx,2004-06-29,－,28,0,TPEx mopsfin_t187ap03_O,stock,False,False,False,False,False,2026-08-21
6290,良維,TPEx,2005-06-03,－,28,0,TPEx mopsfin_t187ap03_O,stock,False,False,False,False,False,2026-08-21
6291,沛亨,TPEx,2004-01-28,－,24,0,TPEx mopsfin_t187ap03_O,stock,False,False,False,False,False,2026-08-21
6292,迅德,TPEx,2003-11-26,－,28,0,TPEx mopsfin_t187ap03_O,stock,False,False,False,False,False,2026-08-21
6294,智基,TPEx,2004-01-13,－,32,0,TPEx mopsfin_t187ap03_O,stock,False,False,False,False,False,2026-08-21
6411,晶焱,TPEx,2014-03-11,－,24,0,TPEx mopsfin_t187ap03_O,stock,False,False,False,False,False,2026-08-21
6417,韋僑,TPEx,2015-10-08,－,27,0,TPEx mopsfin_t187ap03_O,stock,False,False,False,False,False,2026-08-21
6418,詠昇,TPEx,2019-02-18,－,28,0,TPEx mopsfin_t187ap03_O,stock,False,False,False,False,False,2026-08-21
6419,京晨科,TPEx,2014-12-29,－,26,0,TPEx mopsfin_t187ap03_O,stock,False,False,False,False,False,2026-08-21
6423,億而得,TPEx,2026-01-22,－,24,0,TPEx mopsfin_t187ap03_O,stock,False,False,False,False,False,2026-08-21
6425,易發,TPEx,2019-01-18,－,05,0,TPEx mopsfin_t187ap03_O,stock,False,False,False,False,False,2026-08-21
6432,今展科,TPEx,2015-05-20,－,28,0,TPEx mopsfin_t187ap03_O,stock,False,False,False,False,False,2026-08-21
6435,大中,TPEx,2016-01-07,－,24,0,TPEx mopsfin_t187ap03_O,stock,False,False,False,False,False,2026-08-21
6441,廣錠,TPEx,2017-09-27,－,25,0,TPEx mopsfin_t187ap03_O,stock,False,False,False,False,False,2026-08-21
6461,益得,TPEx,2018-03-28,－,22,0,TPEx mopsfin_t187ap03_O,stock,False,False,False,False,False,2026-08-21
6462,神盾,TPEx,2015-12-23,－,24,0,TPEx mopsfin_t187ap03_O,stock,False,False,False,False,False,2026-08-21
6465,威潤,TPEx,2015-11-20,－,27,0,TPEx mopsfin_t187ap03_O,stock,False,False,False,False,False,2026-08-21
6469,大樹,TPEx,2016-03-30,－,22,0,TPEx mopsfin_t187ap03_O,stock,False,False,False,False,False,2026-08-21
6470,宇智,TPEx,2015-11-03,－,27,0,TPEx mopsfin_t187ap03_O,stock,False,False,False,False,False,2026-08-21
6474,華豫寧,TPEx,2025-11-25,－,29,0,TPEx mopsfin_t187ap03_O,stock,False,False,True,False,False,2026-08-21
6482,弘煜科,TPEx,2016-06-13,－,32,0,TPEx mopsfin_t187ap03_O,stock,False,False,False,False,False,2026-08-21
6485,點序,TPEx,2015-11-17,－,24,0,TPEx mopsfin_t187ap03_O,stock,False,False,False,False,False,2026-08-21
6486,互動,TPEx,2016-09-13,－,27,0,TPEx mopsfin_t187ap03_O,stock,False,False,False,False,False,2026-08-21
6488,環球晶,TPEx,2015-09-25,－,24,0,TPEx mopsfin_t187ap03_O,stock,False,False,False,False,False,2026-08-21
6492,生華科,TPEx,2017-04-24,－,22,0,TPEx mopsfin_t187ap03_O,stock,False,False,False,False,False,2026-08-21
6494,九齊,TPEx,2016-05-09,－,24,0,TPEx mopsfin_t187ap03_O,stock,False,False,False,False,False,2026-08-21
6496,科懋,TPEx,2016-01-07,－,22,0,TPEx mopsfin_t187ap03_O,stock,False,False,False,False,False,2026-08-21
6498,久禾光,TPEx,2025-05-20,－,26,0,TPEx mopsfin_t187ap03_O,stock,False,False,False,False,False,2026-08-21
6499,益安,TPEx,2016-07-27,－,22,0,TPEx mopsfin_t187ap03_O,stock,False,False,False,False,False,2026-08-21
6506,雙邦,TPEx,2011-05-03,－,04,0,TPEx mopsfin_t187ap03_O,stock,False,False,False,False,False,2026-08-21
6508,惠光,TPEx,2004-03-22,－,33,0,TPEx mopsfin_t187ap03_O,stock,False,False,False,False,False,2026-08-21
6509,聚和,TPEx,2004-04-12,－,21,0,TPEx mopsfin_t187ap03_O,stock,False,False,False,False,False,2026-08-21
6510,精測,TPEx,2016-03-24,－,24,0,TPEx mopsfin_t187ap03_O,stock,False,False,False,False,False,2026-08-21
6512,啟發電,TPEx,2016-03-25,－,31,0,TPEx mopsfin_t187ap03_O,stock,False,False,False,False,False,2026-08-21
6516,勤崴國際,TPEx,2019-05-06,－,30,0,TPEx mopsfin_t187ap03_O,stock,False,False,False,False,False,2026-08-21
6517,保勝光學,TPEx,2022-12-15,－,26,0,TPEx mopsfin_t187ap03_O,stock,False,False,False,False,False,2026-08-21
6523,達爾膚,TPEx,2016-06-16,－,22,0,TPEx mopsfin_t187ap03_O,stock,False,False,False,False,False,2026-08-21
6527,明達醫,TPEx,2019-12-25,－,22,0,TPEx mopsfin_t187ap03_O,stock,False,False,False,False,False,2026-08-21
6530,創威,TPEx,2018-01-23,－,27,0,TPEx mopsfin_t187ap03_O,stock,False,False,False,False,False,2026-08-21
6532,瑞耘,TPEx,2016-09-26,－,24,0,TPEx mopsfin_t187ap03_O,stock,False,False,False,False,False,2026-08-21
6535,順藥,TPEx,2016-09-26,－,22,0,TPEx mopsfin_t187ap03_O,stock,False,False,False,False,False,2026-08-21
6538,倉和,TPEx,2016-10-21,－,28,0,TPEx mopsfin_t187ap03_O,stock,False,False,False,False,False,2026-08-21
6542,隆中,TPEx,2016-09-08,－,32,0,TPEx mopsfin_t187ap03_O,stock,False,False,False,False,False,2026-08-21
6546,正基,TPEx,2022-05-24,－,27,0,TPEx mopsfin_t187ap03_O,stock,False,False,False,False,False,2026-08-21
6547,高端疫苗,TPEx,2018-04-17,－,22,0,TPEx mopsfin_t187ap03_O,stock,False,False,False,False,False,2026-08-21
6548,長科*,TPEx,2016-09-13,－,24,0,TPEx mopsfin_t187ap03_O,stock,False,False,False,False,False,2026-08-21
6556,勝品,TPEx,2017-10-31,－,26,0,TPEx mopsfin_t187ap03_O,stock,False,False,False,False,False,2026-08-21
6560,欣普羅,TPEx,2017-01-24,－,26,0,TPEx mopsfin_t187ap03_O,stock,False,False,False,False,False,2026-08-21
6561,是方,TPEx,2018-06-05,－,27,0,TPEx mopsfin_t187ap03_O,stock,False,False,False,False,False,2026-08-21
6568,宏觀,TPEx,2016-12-28,－,24,0,TPEx mopsfin_t187ap03_O,stock,False,False,False,False,False,2026-08-21
6569,醫揚,TPEx,2016-12-21,－,22,0,TPEx mopsfin_t187ap03_O,stock,False,False,False,False,False,2026-08-21
6570,維田,TPEx,2017-12-11,－,25,0,TPEx mopsfin_t187ap03_O,stock,False,False,False,False,False,2026-08-21
6574,霈方,TPEx,2017-09-04,－,22,0,TPEx mopsfin_t187ap03_O,stock,False,False,False,False,False,2026-08-21
6576,逸達,TPEx,2018-06-29,－,22,0,TPEx mopsfin_t187ap03_O,stock,False,False,False,False,False,2026-08-21
6577,勁豐,TPEx,2017-03-21,－,25,0,TPEx mopsfin_t187ap03_O,stock,False,False,False,False,False,2026-08-21
6578,達邦蛋白,TPEx,2018-09-18,－,33,0,TPEx mopsfin_t187ap03_O,stock,False,False,False,False,False,2026-08-21
6584,南俊國際,TPEx,2023-05-18,－,28,0,TPEx mopsfin_t187ap03_O,stock,False,False,False,False,False,2026-08-21
6588,東典光電,TPEx,2020-07-01,－,27,0,TPEx mopsfin_t187ap03_O,stock,False,False,False,False,False,2026-08-21
6590,普鴻,TPEx,2018-12-24,－,30,0,TPEx mopsfin_t187ap03_O,stock,False,False,False,False,False,2026-08-21
6593,台灣銘板,TPEx,2017-11-03,－,30,0,TPEx mopsfin_t187ap03_O,stock,False,False,False,False,False,2026-08-21
6596,寬宏藝術,TPEx,2018-01-04,－,32,0,TPEx mopsfin_t187ap03_O,stock,False,False,False,False,False,2026-08-21
6597,立誠,TPEx,2025-05-08,－,28,0,TPEx mopsfin_t187ap03_O,stock,False,False,False,False,False,2026-08-21
6603,富強鑫,TPEx,2004-04-05,－,05,0,TPEx mopsfin_t187ap03_O,stock,False,False,False,False,False,2026-08-21
6609,瀧澤科,TPEx,2003-09-23,－,05,0,TPEx mopsfin_t187ap03_O,stock,False,False,False,False,False,2026-08-21
6612,奈米醫材,TPEx,2018-07-18,－,22,0,TPEx mopsfin_t187ap03_O,stock,False,False,False,False,False,2026-08-21
6613,朋億*,TPEx,2017-12-28,－,31,0,TPEx mopsfin_t187ap03_O,stock,False,False,False,False,False,2026-08-21
6615,慧智,TPEx,2018-01-22,－,22,0,TPEx mopsfin_t187ap03_O,stock,False,False,False,False,False,2026-08-21
6616,特昇-KY,TPEx,2018-01-10,KY 開曼群島,38,0,TPEx mopsfin_t187ap03_O,stock,True,False,False,False,False,2026-08-21
6617,共信-KY,TPEx,2024-06-18,KY 開曼群島,22,0,TPEx mopsfin_t187ap03_O,stock,True,False,False,False,False,2026-08-21
6620,漢達,TPEx,2025-12-23,－,22,0,TPEx mopsfin_t187ap03_O,stock,False,False,False,False,False,2026-08-21
6624,萬年清,TPEx,2019-05-28,－,35,0,TPEx mopsfin_t187ap03_O,stock,False,False,False,False,False,2026-08-21
6629,泰金-KY,TPEx,2019-06-06,KY 開曼群島,38,0,TPEx mopsfin_t187ap03_O,stock,True,False,False,False,False,2026-08-21
6637,醫影,TPEx,2024-06-18,－,22,0,TPEx mopsfin_t187ap03_O,stock,False,False,False,False,False,2026-08-21
6640,均華,TPEx,2018-10-23,－,24,0,TPEx mopsfin_t187ap03_O,stock,False,False,False,False,False,2026-08-21
6642,富致,TPEx,2019-09-23,－,28,0,TPEx mopsfin_t187ap03_O,stock,False,False,False,False,False,2026-08-21
6643,M31,TPEx,2019-01-23,－,24,0,TPEx mopsfin_t187ap03_O,stock,False,False,False,False,False,2026-08-21
6649,台生材,TPEx,2019-06-05,－,22,0,TPEx mopsfin_t187ap03_O,stock,False,False,False,False,False,2026-08-21
6651,全宇昕,TPEx,2021-02-01,－,24,0,TPEx mopsfin_t187ap03_O,stock,False,False,False,False,False,2026-08-21
6654,天正國際,TPEx,2018-10-23,－,31,0,TPEx mopsfin_t187ap03_O,stock,False,False,False,False,False,2026-08-21
6661,威健生技,TPEx,2021-01-27,－,22,0,TPEx mopsfin_t187ap03_O,stock,False,False,False,False,False,2026-08-21
6662,樂斯科,TPEx,2019-03-26,－,22,0,TPEx mopsfin_t187ap03_O,stock,False,False,False,False,False,2026-08-21
6664,群翊,TPEx,2018-09-12,－,28,0,TPEx mopsfin_t187ap03_O,stock,False,False,False,False,False,2026-08-21
6667,信紘科,TPEx,2018-11-13,－,31,0,TPEx mopsfin_t187ap03_O,stock,False,False,False,False,False,2026-08-21
6679,鈺太,TPEx,2019-05-09,－,24,0,TPEx mopsfin_t187ap03_O,stock,False,False,False,False,False,2026-08-21
6680,鑫創電子,TPEx,2019-09-16,－,25,0,TPEx mopsfin_t187ap03_O,stock,False,False,False,False,False,2026-08-21
6683,雍智科技,TPEx,2019-04-23,－,24,0,TPEx mopsfin_t187ap03_O,stock,False,False,False,False,False,2026-08-21
6684,安格,TPEx,2021-08-11,－,24,0,TPEx mopsfin_t187ap03_O,stock,False,False,False,False,False,2026-08-21
6690,安碁資訊,TPEx,2019-10-30,－,36,0,TPEx mopsfin_t187ap03_O,stock,False,False,False,False,False,2026-08-21
6692,進能服,TPEx,2024-02-02,－,35,0,TPEx mopsfin_t187ap03_O,stock,False,False,False,False,False,2026-08-21
6693,廣閎科,TPEx,2022-03-01,－,24,0,TPEx mopsfin_t187ap03_O,stock,False,False,False,False,False,2026-08-21
6697,東捷資訊,TPEx,2019-12-26,－,30,0,TPEx mopsfin_t187ap03_O,stock,False,False,False,False,False,2026-08-21
6703,軒郁,TPEx,2020-10-20,－,22,0,TPEx mopsfin_t187ap03_O,stock,False,False,False,False,False,2026-08-21
6708,天擎,TPEx,2022-12-29,－,24,0,TPEx mopsfin_t187ap03_O,stock,False,False,False,False,False,2026-08-21
6712,長聖,TPEx,2021-01-08,－,22,0,TPEx mopsfin_t187ap03_O,stock,False,False,False,False,False,2026-08-21
6716,應廣,TPEx,2020-03-27,－,24,0,TPEx mopsfin_t187ap03_O,stock,False,False,False,True,False,2026-08-21
6720,久昌,TPEx,2024-12-04,－,24,0,TPEx mopsfin_t187ap03_O,stock,False,False,False,False,False,2026-08-21
6721,信實,TPEx,2022-04-29,－,20,0,TPEx mopsfin_t187ap03_O,stock,False,False,False,False,False,2026-08-21
6725,矽科宏晟,TPEx,2025-12-30,－,31,0,TPEx mopsfin_t187ap03_O,stock,False,False,False,False,False,2026-08-21
6727,亞泰金屬,TPEx,2020-12-01,－,28,0,TPEx mopsfin_t187ap03_O,stock,False,False,False,False,False,2026-08-21
6728,上洋,TPEx,2020-12-25,－,38,0,TPEx mopsfin_t187ap03_O,stock,False,False,False,False,False,2026-08-21
6730,常廣,TPEx,2025-12-10,－,22,0,TPEx mopsfin_t187ap03_O,stock,False,False,False,False,False,2026-08-21
6732,昇佳電子,TPEx,2020-06-08,－,24,0,TPEx mopsfin_t187ap03_O,stock,False,False,False,False,False,2026-08-21
6733,博晟生醫,TPEx,2021-01-28,－,22,0,TPEx mopsfin_t187ap03_O,stock,False,False,False,False,False,2026-08-21
6735,美達科技,TPEx,2022-04-29,－,31,0,TPEx mopsfin_t187ap03_O,stock,False,False,False,False,False,2026-08-21
6739,竹陞科技,TPEx,2024-09-02,－,31,0,TPEx mopsfin_t187ap03_O,stock,False,False,False,False,False,2026-08-21
6741,91APP*-KY,TPEx,2021-05-25,KY 開曼群島,36,0,TPEx mopsfin_t187ap03_O,stock,True,False,False,False,False,2026-08-21
6751,智聯服務,TPEx,2020-12-25,－,30,0,TPEx mopsfin_t187ap03_O,stock,False,False,False,False,False,2026-08-21
6752,叡揚,TPEx,2020-12-10,－,30,0,TPEx mopsfin_t187ap03_O,stock,False,False,False,False,False,2026-08-21
6761,穩得,TPEx,2021-11-08,－,28,0,TPEx mopsfin_t187ap03_O,stock,False,False,False,False,False,2026-08-21
6762,達亞,TPEx,2020-12-18,－,22,0,TPEx mopsfin_t187ap03_O,stock,False,False,False,False,False,2026-08-21
6763,綠界科技*,TPEx,2022-03-15,－,36,0,TPEx mopsfin_t187ap03_O,stock,False,False,False,False,False,2026-08-21
6767,台微醫,TPEx,2021-01-25,－,22,0,TPEx mopsfin_t187ap03_O,stock,False,False,False,False,False,2026-08-21
6785,昱展新藥,TPEx,2024-01-24,－,22,0,TPEx mopsfin_t187ap03_O,stock,False,False,False,False,False,2026-08-21
6788,華景電,TPEx,2021-09-29,－,24,0,TPEx mopsfin_t187ap03_O,stock,False,False,False,False,False,2026-08-21
6791,虎門科技,TPEx,2022-11-14,－,30,0,TPEx mopsfin_t187ap03_O,stock,False,False,False,False,False,2026-08-21
6803,崑鼎,TPEx,2010-05-27,－,35,0,TPEx mopsfin_t187ap03_O,stock,False,False,False,False,False,2026-08-21
6804,明係,TPEx,2022-03-31,－,37,0,TPEx mopsfin_t187ap03_O,stock,False,False,False,False,False,2026-08-21
6811,宏碁資訊,TPEx,2022-08-09,－,36,0,TPEx mopsfin_t187ap03_O,stock,False,False,False,False,False,2026-08-21
6821,聯寶,TPEx,2023-05-22,－,28,0,TPEx mopsfin_t187ap03_O,stock,False,False,False,False,False,2026-08-21
6823,濾能,TPEx,2022-06-30,－,24,0,TPEx mopsfin_t187ap03_O,stock,False,False,False,False,False,2026-08-21
6829,千附精密,TPEx,2022-03-11,－,24,0,TPEx mopsfin_t187ap03_O,stock,False,False,False,False,False,2026-08-21
6840,東研信超,TPEx,2023-03-24,－,31,0,TPEx mopsfin_t187ap03_O,stock,False,False,False,False,False,2026-08-21
6841,長佳智能,TPEx,2023-03-01,－,22,0,TPEx mopsfin_t187ap03_O,stock,False,False,False,False,False,2026-08-21
6843,進典,TPEx,2022-11-21,－,05,0,TPEx mopsfin_t187ap03_O,stock,False,False,False,False,False,2026-08-21
6844,諾貝兒,TPEx,2024-03-08,－,22,0,TPEx mopsfin_t187ap03_O,stock,False,False,False,False,False,2026-08-21
6846,綠茵,TPEx,2023-05-15,－,02,0,TPEx mopsfin_t187ap03_O,stock,False,False,False,False,False,2026-08-21
6855,數泓科,TPEx,2022-10-06,－,31,0,TPEx mopsfin_t187ap03_O,stock,False,False,False,False,False,2026-08-21
6856,鑫傳,TPEx,2023-10-27,－,32,0,TPEx mopsfin_t187ap03_O,stock,False,False,False,False,False,2026-08-21
6859,伯特光,TPEx,2022-11-28,－,26,0,TPEx mopsfin_t187ap03_O,stock,False,False,False,False,False,2026-08-21
6865,偉康科技,TPEx,2023-01-11,－,36,0,TPEx mopsfin_t187ap03_O,stock,False,False,False,False,False,2026-08-21
6870,騰雲,TPEx,2023-09-14,－,36,0,TPEx mopsfin_t187ap03_O,stock,False,False,False,False,False,2026-08-21
6872,浩宇生醫,TPEx,2025-03-07,－,22,0,TPEx mopsfin_t187ap03_O,stock,False,False,False,False,False,2026-08-21
6874,倍力,TPEx,2022-12-14,－,30,0,TPEx mopsfin_t187ap03_O,stock,False,False,False,False,False,2026-08-21
6875,國邑*,TPEx,2024-03-26,－,22,0,TPEx mopsfin_t187ap03_O,stock,False,False,False,False,False,2026-08-21
6877,鏵友益,TPEx,2023-06-16,－,31,0,TPEx mopsfin_t187ap03_O,stock,False,False,False,False,False,2026-08-21
6881,潤德,TPEx,2024-05-21,－,20,0,TPEx mopsfin_t187ap03_O,stock,False,False,False,False,False,2026-08-21
6884,海柏特,TPEx,2025-12-17,－,30,0,TPEx mopsfin_t187ap03_O,stock,False,False,False,False,False,2026-08-21
6894,衛司特,TPEx,2023-11-29,－,35,0,TPEx mopsfin_t187ap03_O,stock,False,False,False,False,False,2026-08-21
6895,宏碩系統,TPEx,2023-08-22,－,24,0,TPEx mopsfin_t187ap03_O,stock,False,False,False,False,False,2026-08-21
6899,創為精密,TPEx,2024-04-08,－,26,0,TPEx mopsfin_t187ap03_O,stock,False,False,False,False,False,2026-08-21
6903,巨漢,TPEx,2024-06-12,－,31,0,TPEx mopsfin_t187ap03_O,stock,False,False,False,False,False,2026-08-21
6904,伯鑫,TPEx,2023-12-05,－,20,0,TPEx mopsfin_t187ap03_O,stock,False,False,False,False,False,2026-08-21
6907,雅特力-KY,TPEx,2026-01-29,KY 開曼群島,24,0,TPEx mopsfin_t187ap03_O,stock,True,False,False,False,False,2026-08-21
6910,德鴻,TPEx,2025-12-11,－,36,0,TPEx mopsfin_t187ap03_O,stock,False,False,False,False,False,2026-08-21
6913,鴻呈,TPEx,2024-10-01,－,28,0,TPEx mopsfin_t187ap03_O,stock,False,False,False,False,False,2026-08-21
6922,宸曜,TPEx,2023-11-09,－,25,0,TPEx mopsfin_t187ap03_O,stock,False,False,False,False,False,2026-08-21
6925,意藍,TPEx,2025-05-28,－,36,0,TPEx mopsfin_t187ap03_O,stock,False,False,False,False,False,2026-08-21
6929,佑全,TPEx,2024-03-28,－,22,0,TPEx mopsfin_t187ap03_O,stock,False,False,False,False,False,2026-08-21
6945,圓祥生技,TPEx,2026-06-05,－,22,0,TPEx mopsfin_t187ap03_O,stock,False,False,False,False,False,2026-08-21
6953,家碩,TPEx,2024-05-13,－,24,0,TPEx mopsfin_t187ap03_O,stock,False,False,False,False,False,2026-08-21
6961,旅天下,TPEx,2026-01-22,－,16,0,TPEx mopsfin_t187ap03_O,stock,False,False,False,False,False,2026-08-21
6967,汎瑋材料,TPEx,2024-09-25,－,28,0,TPEx mopsfin_t187ap03_O,stock,False,False,False,False,False,2026-08-21
6968,萬達寵物,TPEx,2024-08-14,－,38,0,TPEx mopsfin_t187ap03_O,stock,False,False,False,False,False,2026-08-21
6971,惠民實業,TPEx,2025-10-02,－,35,0,TPEx mopsfin_t187ap03_O,stock,False,False,False,False,False,2026-08-21
6982,大井泵浦,TPEx,2024-12-18,－,05,0,TPEx mopsfin_t187ap03_O,stock,False,False,False,False,False,2026-08-21
6983,華洋精機,TPEx,2026-05-25,－,31,0,TPEx mopsfin_t187ap03_O,stock,False,False,False,False,False,2026-08-21
6986,和迅,TPEx,2026-06-26,－,22,0,TPEx mopsfin_t187ap03_O,stock,False,False,False,False,False,2026-08-21
6996,力領科技,TPEx,2024-12-10,－,24,0,TPEx mopsfin_t187ap03_O,stock,False,False,False,False,False,2026-08-21
6997,博弘,TPEx,2024-12-16,－,36,0,TPEx mopsfin_t187ap03_O,stock,False,False,False,False,False,2026-08-21
7402,邑錡,TPEx,2015-12-29,－,26,0,TPEx mopsfin_t187ap03_O,stock,False,False,False,False,False,2026-08-21
7547,碩網,TPEx,2025-07-29,－,36,0,TPEx mopsfin_t187ap03_O,stock,False,False,False,False,False,2026-08-21
7556,意德士科技,TPEx,2020-10-30,－,24,0,TPEx mopsfin_t187ap03_O,stock,False,False,False,False,False,2026-08-21
7584,樂意,TPEx,2024-07-25,－,32,0,TPEx mopsfin_t187ap03_O,stock,False,False,False,False,False,2026-08-21
7642,昶瑞機電,TPEx,2025-05-22,－,05,0,TPEx mopsfin_t187ap03_O,stock,False,False,False,False,False,2026-08-21
7703,銳澤,TPEx,2024-11-13,－,31,0,TPEx mopsfin_t187ap03_O,stock,False,False,False,False,False,2026-08-21
7704,明遠精密,TPEx,2024-12-16,－,24,0,TPEx mopsfin_t187ap03_O,stock,False,False,False,False,False,2026-08-21
7708,全家餐飲,TPEx,2024-11-15,－,16,0,TPEx mopsfin_t187ap03_O,stock,False,False,False,False,False,2026-08-21
7709,榮田,TPEx,2025-02-25,－,05,0,TPEx mopsfin_t187ap03_O,stock,False,False,False,False,False,2026-08-21
7712,博盛半導體,TPEx,2024-12-26,－,24,0,TPEx mopsfin_t187ap03_O,stock,False,False,False,False,False,2026-08-21
7713,威力德生醫,TPEx,2025-02-24,－,22,0,TPEx mopsfin_t187ap03_O,stock,False,False,False,False,False,2026-08-21
7714,創泓科技,TPEx,2025-01-15,－,36,0,TPEx mopsfin_t187ap03_O,stock,False,False,False,False,False,2026-08-21
7715,裕山,TPEx,2025-01-15,－,35,0,TPEx mopsfin_t187ap03_O,stock,False,False,False,False,False,2026-08-21
7716,昱臺國際,TPEx,2025-10-28,－,15,0,TPEx mopsfin_t187ap03_O,stock,False,False,False,False,False,2026-08-21
7717,萊德光電-KY,TPEx,2025-11-17,KY 開曼群島,27,0,TPEx mopsfin_t187ap03_O,stock,True,False,False,False,False,2026-08-21
7718,友鋮,TPEx,2025-03-18,－,05,0,TPEx mopsfin_t187ap03_O,stock,False,False,False,False,False,2026-08-21
7723,築間,TPEx,2025-04-30,－,16,0,TPEx mopsfin_t187ap03_O,stock,False,False,False,False,False,2026-08-21
7728,光焱科技,TPEx,2025-03-06,－,31,0,TPEx mopsfin_t187ap03_O,stock,False,False,False,False,False,2026-08-21
7734,印能科技,TPEx,2025-02-26,－,24,0,TPEx mopsfin_t187ap03_O,stock,False,False,False,False,False,2026-08-21
7738,東聯互動,TPEx,2025-10-16,－,36,0,TPEx mopsfin_t187ap03_O,stock,False,False,False,False,False,2026-08-21
7743,金利食安,TPEx,2025-05-20,－,02,0,TPEx mopsfin_t187ap03_O,stock,False,False,False,False,False,2026-08-21
7744,崴寶,TPEx,2025-11-27,－,28,0,TPEx mopsfin_t187ap03_O,stock,False,False,False,False,False,2026-08-21
7747,昕奇雲端,TPEx,2025-07-11,－,36,0,TPEx mopsfin_t187ap03_O,stock,False,False,False,False,False,2026-08-21
7751,竑騰,TPEx,2025-08-26,－,24,0,TPEx mopsfin_t187ap03_O,stock,False,False,False,False,False,2026-08-21
7753,星亞,TPEx,2025-08-11,－,26,0,TPEx mopsfin_t187ap03_O,stock,False,False,False,False,False,2026-08-21
7757,金色三麥,TPEx,2025-10-20,－,16,0,TPEx mopsfin_t187ap03_O,stock,False,False,False,False,False,2026-08-21
7767,仁大資訊,TPEx,2025-12-10,－,30,0,TPEx mopsfin_t187ap03_O,stock,False,False,False,False,False,2026-08-21
7770,君曜,TPEx,2025-12-10,－,24,0,TPEx mopsfin_t187ap03_O,stock,False,False,False,False,False,2026-08-21
7772,耀穎,TPEx,2026-05-08,－,24,0,TPEx mopsfin_t187ap03_O,stock,False,False,False,False,False,2026-08-21
7777,能率亞洲,TPEx,2025-12-22,－,20,0,TPEx mopsfin_t187ap03_O,stock,False,False,False,False,False,2026-08-21
7782,光速火箭,TPEx,2025-10-28,－,38,0,TPEx mopsfin_t187ap03_O,stock,False,False,False,False,False,2026-08-21
7792,安葆,TPEx,2026-01-28,－,31,0,TPEx mopsfin_t187ap03_O,stock,False,False,False,False,False,2026-08-21
7794,宏碁智新,TPEx,2026-04-20,－,38,0,TPEx mopsfin_t187ap03_O,stock,False,False,False,False,False,2026-08-21
7805,威聯通,TPEx,2025-12-22,－,36,0,TPEx mopsfin_t187ap03_O,stock,False,False,False,False,False,2026-08-21
7810,捷創科技,TPEx,2025-12-23,－,24,0,TPEx mopsfin_t187ap03_O,stock,False,False,False,False,False,2026-08-21
7811,民盛,TPEx,2026-03-25,－,37,0,TPEx mopsfin_t187ap03_O,stock,False,False,False,False,False,2026-08-21
7814,海昌生技,TPEx,2026-07-16,－,22,0,TPEx mopsfin_t187ap03_O,stock,False,False,False,False,False,2026-08-21
7819,精誠金融,TPEx,2026-05-27,－,30,0,TPEx mopsfin_t187ap03_O,stock,False,False,False,False,False,2026-08-21
7820,立盈,TPEx,2026-04-27,－,35,0,TPEx mopsfin_t187ap03_O,stock,False,False,False,False,False,2026-08-21
7828,創新服務,TPEx,2026-04-22,－,24,0,TPEx mopsfin_t187ap03_O,stock,False,False,False,False,False,2026-08-21
7839,達人網,TPEx,2026-06-15,－,36,0,TPEx mopsfin_t187ap03_O,stock,False,False,False,False,False,2026-08-21
7842,天能綠電,TPEx,2026-05-11,－,35,0,TPEx mopsfin_t187ap03_O,stock,False,False,False,False,False,2026-08-21
8024,佑華,TPEx,2006-09-25,－,24,0,TPEx mopsfin_t187ap03_O,stock,False,False,False,False,False,2026-08-21
8027,鈦昇,TPEx,2015-06-09,－,05,0,TPEx mopsfin_t187ap03_O,stock,False,False,False,False,False,2026-08-21
8032,光菱,TPEx,2003-10-02,－,29,0,TPEx mopsfin_t187ap03_O,stock,False,False,False,False,False,2026-08-21
8034,榮群,TPEx,2004-05-06,－,27,0,TPEx mopsfin_t187ap03_O,stock,False,False,False,False,False,2026-08-21
8038,長園科,TPEx,2013-11-21,－,28,0,TPEx mopsfin_t187ap03_O,stock,False,False,False,False,False,2026-08-21
8040,九暘,TPEx,2007-04-30,－,24,0,TPEx mopsfin_t187ap03_O,stock,False,False,False,False,False,2026-08-21
8042,金山電,TPEx,2004-03-22,－,28,0,TPEx mopsfin_t187ap03_O,stock,False,False,False,False,False,2026-08-21
8043,蜜望實,TPEx,2003-10-24,－,28,0,TPEx mopsfin_t187ap03_O,stock,False,False,False,False,False,2026-08-21
8044,網家,TPEx,2005-01-24,－,36,0,TPEx mopsfin_t187ap03_O,stock,False,False,False,False,False,2026-08-21
8047,星雲,TPEx,2004-02-09,－,31,0,TPEx mopsfin_t187ap03_O,stock,False,False,True,False,False,2026-08-21
8048,德勝,TPEx,2009-09-08,－,27,0,TPEx mopsfin_t187ap03_O,stock,False,False,False,False,False,2026-08-21
8049,晶采,TPEx,2004-02-02,－,26,0,TPEx mopsfin_t187ap03_O,stock,False,False,False,False,False,2026-08-21
8050,廣積,TPEx,2003-10-24,－,25,0,TPEx mopsfin_t187ap03_O,stock,False,False,False,False,False,2026-08-21
8054,安國,TPEx,2004-11-08,－,24,0,TPEx mopsfin_t187ap03_O,stock,False,False,False,False,False,2026-08-21
8059,凱碩,TPEx,2010-03-16,－,27,0,TPEx mopsfin_t187ap03_O,stock,False,False,False,False,False,2026-08-21
8064,東捷,TPEx,2006-09-25,－,26,0,TPEx mopsfin_t187ap03_O,stock,False,False,False,False,False,2026-08-21
8066,來思達,TPEx,2004-12-24,－,38,0,TPEx mopsfin_t187ap03_O,stock,False,False,False,False,False,2026-08-21
8067,志旭,TPEx,2004-04-23,－,29,0,TPEx mopsfin_t187ap03_O,stock,False,False,False,False,False,2026-08-21
8068,全達,TPEx,2004-03-25,－,29,0,TPEx mopsfin_t187ap03_O,stock,False,False,False,False,False,2026-08-21
8069,元太,TPEx,2004-03-30,－,26,0,TPEx mopsfin_t187ap03_O,stock,False,False,False,False,False,2026-08-21
8071,能率網通,TPEx,2003-12-29,－,28,0,TPEx mopsfin_t187ap03_O,stock,False,False,False,False,False,2026-08-21
8074,鉅橡,TPEx,2004-01-27,－,28,0,TPEx mopsfin_t187ap03_O,stock,False,False,False,False,False,2026-08-21
8076,伍豐,TPEx,2003-12-15,－,25,0,TPEx mopsfin_t187ap03_O,stock,False,False,False,False,False,2026-08-21
8077,洛碁,TPEx,2004-12-06,－,16,0,TPEx mopsfin_t187ap03_O,stock,False,False,False,False,False,2026-08-21
8080,泰霖,TPEx,2004-05-10,－,14,0,TPEx mopsfin_t187ap03_O,stock,False,False,False,False,False,2026-08-21
8083,瑞穎,TPEx,2004-09-23,－,05,0,TPEx mopsfin_t187ap03_O,stock,False,False,False,False,False,2026-08-21
8084,巨虹,TPEx,2004-03-08,－,29,0,TPEx mopsfin_t187ap03_O,stock,False,False,False,False,False,2026-08-21
8085,福華,TPEx,2004-03-01,－,31,0,TPEx mopsfin_t187ap03_O,stock,False,False,False,False,False,2026-08-21
8086,宏捷科,TPEx,2009-06-01,－,24,0,TPEx mopsfin_t187ap03_O,stock,False,False,False,False,False,2026-08-21
8087,麗升能源,TPEx,2004-02-25,－,35,0,TPEx mopsfin_t187ap03_O,stock,False,False,False,False,False,2026-08-21
8088,品安,TPEx,2004-02-27,－,24,0,TPEx mopsfin_t187ap03_O,stock,False,False,False,False,False,2026-08-21
8089,康全電訊,TPEx,2020-09-23,－,27,0,TPEx mopsfin_t187ap03_O,stock,False,False,False,False,False,2026-08-21
8091,翔名,TPEx,2004-06-24,－,24,0,TPEx mopsfin_t187ap03_O,stock,False,False,False,False,False,2026-08-21
8092,建暐,TPEx,2004-02-02,－,31,0,TPEx mopsfin_t187ap03_O,stock,False,False,False,False,False,2026-08-21
8093,保銳,TPEx,2004-12-31,－,28,0,TPEx mopsfin_t187ap03_O,stock,False,False,False,False,False,2026-08-21
8096,擎亞,TPEx,2004-07-15,－,29,0,TPEx mopsfin_t187ap03_O,stock,False,False,False,False,False,2026-08-21
8097,常珵,TPEx,2004-03-01,－,27,0,TPEx mopsfin_t187ap03_O,stock,False,False,False,False,False,2026-08-21
8099,大世科,TPEx,2004-03-29,－,30,0,TPEx mopsfin_t187ap03_O,stock,False,False,False,False,False,2026-08-21
8102,傑霖科技,TPEx,2025-12-22,－,24,0,TPEx mopsfin_t187ap03_O,stock,False,False,False,False,False,2026-08-21
8107,大億金茂,TPEx,2005-11-15,－,05,0,TPEx mopsfin_t187ap03_O,stock,False,False,False,False,False,2026-08-21
8109,博大,TPEx,2005-03-22,－,28,0,TPEx mopsfin_t187ap03_O,stock,False,False,False,False,False,2026-08-21
8111,立碁,TPEx,2004-02-09,－,26,0,TPEx mopsfin_t187ap03_O,stock,False,False,False,False,False,2026-08-21
8121,越峰,TPEx,2005-02-17,－,28,0,TPEx mopsfin_t187ap03_O,stock,False,False,False,False,False,2026-08-21
8147,正淩,TPEx,2013-04-30,－,28,0,TPEx mopsfin_t187ap03_O,stock,False,False,False,False,False,2026-08-21
8155,博智,TPEx,2012-12-18,－,28,0,TPEx mopsfin_t187ap03_O,stock,False,False,False,False,False,2026-08-21
8171,天宇,TPEx,2011-12-19,－,35,0,TPEx mopsfin_t187ap03_O,stock,False,False,False,False,False,2026-08-21
8176,智捷,TPEx,2013-06-25,－,27,0,TPEx mopsfin_t187ap03_O,stock,False,False,False,False,False,2026-08-21
8182,加高,TPEx,2006-05-25,－,28,0,TPEx mopsfin_t187ap03_O,stock,False,False,False,False,False,2026-08-21
8183,精星,TPEx,2005-03-30,－,31,0,TPEx mopsfin_t187ap03_O,stock,False,False,False,False,False,2026-08-21
8227,巨有科技,TPEx,2022-12-20,－,24,0,TPEx mopsfin_t187ap03_O,stock,False,False,False,False,False,2026-08-21
8234,新漢,TPEx,2007-06-07,－,25,0,TPEx mopsfin_t187ap03_O,stock,False,False,False,False,False,2026-08-21
8240,華宏,TPEx,2005-06-23,－,26,0,TPEx mopsfin_t187ap03_O,stock,False,False,False,False,False,2026-08-21
8255,朋程,TPEx,2006-04-25,－,05,0,TPEx mopsfin_t187ap03_O,stock,False,False,False,False,False,2026-08-21
8272,全景軟體,TPEx,2024-10-23,－,30,0,TPEx mopsfin_t187ap03_O,stock,False,False,False,False,False,2026-08-21
8277,商丞,TPEx,2004-12-27,－,24,0,TPEx mopsfin_t187ap03_O,stock,False,False,False,False,True,2026-08-21
8279,生展,TPEx,2016-09-26,－,22,0,TPEx mopsfin_t187ap03_O,stock,False,False,False,False,False,2026-08-21
8284,三竹,TPEx,2020-05-18,－,30,0,TPEx mopsfin_t187ap03_O,stock,False,False,False,False,False,2026-08-21
8289,泰藝,TPEx,2008-04-24,－,28,0,TPEx mopsfin_t187ap03_O,stock,False,False,False,False,False,2026-08-21
8291,尚茂,TPEx,2011-11-29,－,28,0,TPEx mopsfin_t187ap03_O,stock,False,False,False,False,True,2026-08-21
8299,群聯,TPEx,2004-12-06,－,24,0,TPEx mopsfin_t187ap03_O,stock,False,False,False,False,False,2026-08-21
8342,益張,TPEx,2017-11-23,－,20,0,TPEx mopsfin_t187ap03_O,stock,False,False,False,False,False,2026-08-21
8349,恒耀國際,TPEx,2006-03-10,－,10,10000000,TPEx mopsfin_t187ap03_O,stock,False,False,False,False,False,2026-08-21
8354,冠好,TPEx,2004-04-15,－,20,0,TPEx mopsfin_t187ap03_O,stock,False,False,False,False,False,2026-08-21
8358,金居,TPEx,2010-09-27,－,28,0,TPEx mopsfin_t187ap03_O,stock,False,False,False,False,False,2026-08-21
8383,千附,TPEx,2004-09-10,－,24,0,TPEx mopsfin_t187ap03_O,stock,False,False,False,False,False,2026-08-21
8390,金益鼎,TPEx,2008-05-21,－,35,0,TPEx mopsfin_t187ap03_O,stock,False,False,False,False,False,2026-08-21
8401,白紗科,TPEx,2010-03-29,－,20,0,TPEx mopsfin_t187ap03_O,stock,False,False,False,False,False,2026-08-21
8403,盛弘,TPEx,2011-03-01,－,22,0,TPEx mopsfin_t187ap03_O,stock,False,False,False,False,False,2026-08-21
8409,商之器,TPEx,2013-11-25,－,22,0,TPEx mopsfin_t187ap03_O,stock,False,False,False,False,False,2026-08-21
8410,森田,TPEx,2011-02-23,－,25,0,TPEx mopsfin_t187ap03_O,stock,False,False,False,False,False,2026-08-21
8415,大國鋼,TPEx,2016-09-07,－,10,0,TPEx mopsfin_t187ap03_O,stock,False,False,False,False,False,2026-08-21
8416,實威,TPEx,2012-09-19,－,30,0,TPEx mopsfin_t187ap03_O,stock,False,False,False,False,False,2026-08-21
8421,旭源,TPEx,2012-11-23,－,20,0,TPEx mopsfin_t187ap03_O,stock,False,False,False,False,False,2026-08-21
8423,保綠-KY,TPEx,2012-03-14,KY 開曼群島,35,0,TPEx mopsfin_t187ap03_O,stock,True,False,False,False,False,2026-08-21
8424,惠普,TPEx,2012-12-18,－,14,0,TPEx mopsfin_t187ap03_O,stock,False,False,False,False,False,2026-08-21
8426,紅木-KY,TPEx,2011-12-13,KY 開曼群島,20,0,TPEx mopsfin_t187ap03_O,stock,True,False,False,False,False,2026-08-21
8431,匯鑽科,TPEx,2015-03-30,－,31,0,TPEx mopsfin_t187ap03_O,stock,False,False,False,False,False,2026-08-21
8432,東生華,TPEx,2012-04-30,－,22,0,TPEx mopsfin_t187ap03_O,stock,False,False,False,False,False,2026-08-21
8433,弘帆,TPEx,2012-12-19,－,38,0,TPEx mopsfin_t187ap03_O,stock,False,False,False,False,False,2026-08-21
8435,鉅邁,TPEx,2012-12-28,－,20,0,TPEx mopsfin_t187ap03_O,stock,False,False,False,False,False,2026-08-21
8436,大江,TPEx,2013-09-12,－,22,0,TPEx mopsfin_t187ap03_O,stock,False,False,False,False,False,2026-08-21
8437,大地-KY,TPEx,2015-05-06,KY 開曼群島,20,0,TPEx mopsfin_t187ap03_O,stock,True,False,False,False,False,2026-08-21
8440,綠電,TPEx,2018-03-28,－,35,0,TPEx mopsfin_t187ap03_O,stock,False,False,False,False,False,2026-08-21
8444,綠河-KY,TPEx,2015-10-27,KY 開曼群島,20,0,TPEx mopsfin_t187ap03_O,stock,True,False,False,False,True,2026-08-21
8446,華研,TPEx,2013-12-19,－,32,0,TPEx mopsfin_t187ap03_O,stock,False,False,False,False,False,2026-08-21
8450,霹靂,TPEx,2014-10-07,－,32,0,TPEx mopsfin_t187ap03_O,stock,False,False,False,False,False,2026-08-21
8455,大拓-KY,TPEx,2016-01-08,KY 開曼群島,31,0,TPEx mopsfin_t187ap03_O,stock,True,False,False,False,False,2026-08-21
8472,納維康,TPEx,2016-01-11,－,36,0,TPEx mopsfin_t187ap03_O,stock,False,False,False,False,False,2026-08-21
8477,創業家,TPEx,2016-10-31,－,36,0,TPEx mopsfin_t187ap03_O,stock,False,False,False,False,False,2026-08-21
8489,三貝德,TPEx,2017-04-27,－,20,0,TPEx mopsfin_t187ap03_O,stock,False,False,False,False,False,2026-08-21
8905,裕國,TPEx,1996-01-31,－,20,0,TPEx mopsfin_t187ap03_O,stock,False,False,False,False,False,2026-08-21
8906,花王,TPEx,1996-04-23,－,20,0,TPEx mopsfin_t187ap03_O,stock,False,False,False,False,False,2026-08-21
8908,欣雄,TPEx,1997-02-14,－,23,0,TPEx mopsfin_t187ap03_O,stock,False,False,False,False,False,2026-08-21
8916,光隆,TPEx,1999-04-20,－,20,251505,TPEx mopsfin_t187ap03_O,stock,False,False,False,False,False,2026-08-21
8917,欣泰,TPEx,1999-05-06,－,23,0,TPEx mopsfin_t187ap03_O,stock,False,False,False,False,False,2026-08-21
8921,沈氏,TPEx,2000-03-21,－,20,0,TPEx mopsfin_t187ap03_O,stock,False,False,False,False,False,2026-08-21
8923,時報,TPEx,1999-12-27,－,32,0,TPEx mopsfin_t187ap03_O,stock,False,False,False,False,False,2026-08-21
8924,大田,TPEx,2000-02-09,－,37,0,TPEx mopsfin_t187ap03_O,stock,False,False,False,False,False,2026-08-21
8927,北基,TPEx,2000-11-02,－,23,0,TPEx mopsfin_t187ap03_O,stock,False,False,False,False,False,2026-08-21
8928,鉅明,TPEx,2001-02-02,－,37,0,TPEx mopsfin_t187ap03_O,stock,False,False,False,False,False,2026-08-21
8929,富堡,TPEx,2000-11-30,－,20,0,TPEx mopsfin_t187ap03_O,stock,False,False,False,False,False,2026-08-21
8930,青鋼,TPEx,2000-12-06,－,10,0,TPEx mopsfin_t187ap03_O,stock,False,False,False,False,False,2026-08-21
8931,大汽電,TPEx,2001-05-10,－,23,0,TPEx mopsfin_t187ap03_O,stock,False,False,False,False,False,2026-08-21
8932,智通*,TPEx,2001-03-29,－,36,0,TPEx mopsfin_t187ap03_O,stock,False,False,False,False,False,2026-08-21
8933,愛地雅,TPEx,2001-03-28,－,37,0,TPEx mopsfin_t187ap03_O,stock,False,False,False,False,True,2026-08-21
8935,邦泰,TPEx,2002-03-26,－,20,0,TPEx mopsfin_t187ap03_O,stock,False,False,False,False,False,2026-08-21
8936,國統,TPEx,2002-09-09,－,20,0,TPEx mopsfin_t187ap03_O,stock,False,False,False,False,False,2026-08-21
8937,合騏*,TPEx,2002-10-29,－,20,0,TPEx mopsfin_t187ap03_O,stock,False,False,False,False,False,2026-08-21
8938,明安,TPEx,2002-12-02,－,37,0,TPEx mopsfin_t187ap03_O,stock,False,False,False,False,False,2026-08-21
8941,關中,TPEx,2003-01-20,－,38,0,TPEx mopsfin_t187ap03_O,stock,False,False,False,False,False,2026-08-21
8942,森鉅,TPEx,2003-05-16,－,20,0,TPEx mopsfin_t187ap03_O,stock,False,False,False,False,False,2026-08-21
9949,琉園,TPEx,2003-11-21,－,32,0,TPEx mopsfin_t187ap03_O,stock,False,False,False,False,False,2026-08-21
9950,萬國通,TPEx,2004-02-17,－,03,0,TPEx mopsfin_t187ap03_O,stock,False,False,False,False,False,2026-08-21
9951,皇田,TPEx,2003-12-18,－,05,0,TPEx mopsfin_t187ap03_O,stock,False,False,False,False,False,2026-08-21
9960,邁達康,TPEx,2004-12-06,－,37,0,TPEx mopsfin_t187ap03_O,stock,False,False,True,False,False,2026-08-21
9962,有益,TPEx,2006-07-10,－,10,0,TPEx mopsfin_t187ap03_O,stock,False,False,False,False,False,2026-08-21
1101,台泥,TWSE,1962-02-09,－,01,0,TWSE t187ap03_L,stock,False,False,False,False,False,2026-08-21
1102,亞泥,TWSE,1962-06-08,－,01,0,TWSE t187ap03_L,stock,False,False,False,False,False,2026-08-21
1103,嘉泥,TWSE,1969-11-14,－,01,0,TWSE t187ap03_L,stock,False,False,False,False,False,2026-08-21
1104,環泥,TWSE,1971-02-01,－,01,0,TWSE t187ap03_L,stock,False,False,False,False,False,2026-08-21
1108,幸福,TWSE,1990-06-06,－,01,0,TWSE t187ap03_L,stock,False,False,False,False,False,2026-08-21
1109,信大,TWSE,1991-12-05,－,01,0,TWSE t187ap03_L,stock,False,False,False,False,False,2026-08-21
1110,東泥,TWSE,1994-10-22,－,01,0,TWSE t187ap03_L,stock,False,False,False,False,False,2026-08-21
1201,味全,TWSE,1962-02-09,－,02,0,TWSE t187ap03_L,stock,False,False,False,False,False,2026-08-21
1203,味王,TWSE,1964-08-24,－,02,0,TWSE t187ap03_L,stock,False,False,False,False,False,2026-08-21
1210,大成,TWSE,1978-05-20,－,02,0,TWSE t187ap03_L,stock,False,False,False,False,False,2026-08-21
1213,大飲,TWSE,1981-04-10,－,02,0,TWSE t187ap03_L,stock,False,False,False,False,True,2026-08-21
1215,卜蜂,TWSE,1987-07-27,－,02,0,TWSE t187ap03_L,stock,False,False,False,False,False,2026-08-21
1216,統一,TWSE,1987-12-28,－,02,0,TWSE t187ap03_L,stock,False,False,False,False,False,2026-08-21
1217,愛之味,TWSE,1989-10-28,－,02,0,TWSE t187ap03_L,stock,False,False,False,False,False,2026-08-21
1218,泰山,TWSE,1989-11-11,－,02,0,TWSE t187ap03_L,stock,False,False,False,False,False,2026-08-21
1219,福壽,TWSE,1990-12-01,－,02,0,TWSE t187ap03_L,stock,False,False,False,False,False,2026-08-21
1220,台榮,TWSE,1991-11-20,－,02,0,TWSE t187ap03_L,stock,False,False,False,False,False,2026-08-21
1225,福懋油,TWSE,1993-09-27,－,02,0,TWSE t187ap03_L,stock,False,False,False,False,False,2026-08-21
1227,佳格,TWSE,1994-04-09,－,02,0,TWSE t187ap03_L,stock,False,False,False,False,False,2026-08-21
1229,聯華,TWSE,1976-07-19,－,02,0,TWSE t187ap03_L,stock,False,False,False,False,False,2026-08-21
1231,聯華食,TWSE,1995-11-02,－,02,0,TWSE t187ap03_L,stock,False,False,False,False,False,2026-08-21
1232,大統益,TWSE,1996-02-09,－,02,0,TWSE t187ap03_L,stock,False,False,False,False,False,2026-08-21
1233,天仁,TWSE,1999-01-20,－,02,0,TWSE t187ap03_L,stock,False,False,False,False,False,2026-08-21
1234,黑松,TWSE,1999-03-12,－,02,0,TWSE t187ap03_L,stock,False,False,False,False,False,2026-08-21
1235,興泰,TWSE,2000-09-11,－,02,0,TWSE t187ap03_L,stock,False,False,False,False,False,2026-08-21
1236,宏亞,TWSE,2001-09-17,－,02,0,TWSE t187ap03_L,stock,False,False,False,False,False,2026-08-21
1256,鮮活果汁-KY,TWSE,2016-03-17,KY 開曼群島,02,0,TWSE t187ap03_L,stock,True,False,False,False,False,2026-08-21
1301,台塑,TWSE,1964-07-27,－,03,0,TWSE t187ap03_L,stock,False,False,False,False,False,2026-08-21
1303,南亞,TWSE,1967-11-15,－,03,0,TWSE t187ap03_L,stock,False,False,False,False,False,2026-08-21
1304,台聚,TWSE,1972-05-20,－,03,0,TWSE t187ap03_L,stock,False,False,False,False,False,2026-08-21
1305,華夏,TWSE,1973-03-05,－,03,0,TWSE t187ap03_L,stock,False,False,False,False,False,2026-08-21
1307,三芳,TWSE,1985-11-23,－,03,0,TWSE t187ap03_L,stock,False,False,False,False,False,2026-08-21
1308,亞聚,TWSE,1986-06-20,－,03,0,TWSE t187ap03_L,stock,False,False,False,False,False,2026-08-21
1309,台達化,TWSE,1986-06-27,－,03,0,TWSE t187ap03_L,stock,False,False,False,False,False,2026-08-21
1310,台苯,TWSE,1987-08-06,－,03,0,TWSE t187ap03_L,stock,False,False,False,False,False,2026-08-21
1312,國喬,TWSE,1988-12-21,－,03,0,TWSE t187ap03_L,stock,False,False,False,False,False,2026-08-21
1313,聯成,TWSE,1989-03-27,－,03,0,TWSE t187ap03_L,stock,False,False,False,False,False,2026-08-21
1314,中石化,TWSE,1991-07-12,－,03,0,TWSE t187ap03_L,stock,False,False,False,False,False,2026-08-21
1315,達新,TWSE,1992-05-09,－,03,0,TWSE t187ap03_L,stock,False,False,False,False,False,2026-08-21
1316,上曜,TWSE,1992-10-15,－,14,2570000,TWSE t187ap03_L,stock,False,False,False,False,False,2026-08-21
1319,東陽,TWSE,1994-12-12,－,12,0,TWSE t187ap03_L,stock,False,False,False,False,False,2026-08-21
1321,大洋,TWSE,1999-01-26,－,03,0,TWSE t187ap03_L,stock,False,False,False,False,False,2026-08-21
1323,永裕,TWSE,2000-09-11,－,03,0,TWSE t187ap03_L,stock,False,False,False,False,False,2026-08-21
1324,地球,TWSE,2000-09-11,－,03,0,TWSE t187ap03_L,stock,False,False,False,False,False,2026-08-21
1325,恆大,TWSE,2000-09-11,－,03,0,TWSE t187ap03_L,stock,False,False,False,False,False,2026-08-21
1326,台化,TWSE,1984-12-20,－,03,0,TWSE t187ap03_L,stock,False,False,False,False,False,2026-08-21
1337,再生-KY,TWSE,2011-08-17,KY 開曼群島,03,0,TWSE t187ap03_L,stock,True,False,False,False,False,2026-08-21
1338,廣華-KY,TWSE,2012-12-19,KY 開曼群島,12,0,TWSE t187ap03_L,stock,True,False,False,False,False,2026-08-21
1339,昭輝,TWSE,2012-04-24,－,12,0,TWSE t187ap03_L,stock,False,False,False,False,False,2026-08-21
1340,勝悅-KY,TWSE,2014-01-14,KY 開曼群島,03,0,TWSE t187ap03_L,stock,True,False,False,False,False,2026-08-21
1341,富林-KY,TWSE,2018-12-24,KY 開曼群島,03,0,TWSE t187ap03_L,stock,True,False,False,False,False,2026-08-21
1342,八貫,TWSE,2020-11-24,－,20,0,TWSE t187ap03_L,stock,False,False,False,False,False,2026-08-21
1402,遠東新,TWSE,1967-04-14,－,04,0,TWSE t187ap03_L,stock,False,False,False,False,False,2026-08-21
1409,新纖,TWSE,1973-08-31,－,04,0,TWSE t187ap03_L,stock,False,False,False,False,False,2026-08-21
1410,南染,TWSE,1973-10-18,－,04,0,TWSE t187ap03_L,stock,False,False,False,False,False,2026-08-21
1413,宏洲,TWSE,1975-12-23,－,04,30000000,TWSE t187ap03_L,stock,False,False,False,False,False,2026-08-21
1414,東和,TWSE,1976-02-02,－,04,0,TWSE t187ap03_L,stock,False,False,False,False,False,2026-08-21
1416,廣豐,TWSE,1976-04-20,－,20,0,TWSE t187ap03_L,stock,False,False,False,False,False,2026-08-21
1417,嘉裕,TWSE,1976-12-28,－,04,0,TWSE t187ap03_L,stock,False,False,False,False,False,2026-08-21
1418,東華,TWSE,1977-02-14,－,04,10000000,TWSE t187ap03_L,stock,False,False,False,False,False,2026-08-21
1419,新紡,TWSE,1977-03-14,－,04,0,TWSE t187ap03_L,stock,False,False,False,False,False,2026-08-21
1423,利華,TWSE,1979-04-02,－,04,0,TWSE t187ap03_L,stock,False,False,False,False,False,2026-08-21
1432,大魯閣,TWSE,1982-07-26,－,37,18000000,TWSE t187ap03_L,stock,False,False,False,False,False,2026-08-21
1434,福懋,TWSE,1985-12-24,－,04,0,TWSE t187ap03_L,stock,False,False,False,False,False,2026-08-21
1435,中福,TWSE,1987-12-28,－,20,0,TWSE t187ap03_L,stock,False,False,False,False,False,2026-08-21
1436,華友聯,TWSE,1988-04-11,－,14,0,TWSE t187ap03_L,stock,False,False,False,False,False,2026-08-21
1437,勤益控,TWSE,1988-11-10,－,20,0,TWSE t187ap03_L,stock,False,False,False,False,False,2026-08-21
1438,三地開發,TWSE,1988-12-15,－,14,20000000,TWSE t187ap03_L,stock,False,False,False,False,False,2026-08-21
1439,雋揚,TWSE,1989-05-22,－,14,0,TWSE t187ap03_L,stock,False,False,False,False,False,2026-08-21
1440,南紡,TWSE,1989-10-03,－,04,0,TWSE t187ap03_L,stock,False,False,False,False,False,2026-08-21
1441,大東,TWSE,1989-10-27,－,04,28024542,TWSE t187ap03_L,stock,False,False,False,False,False,2026-08-21
1442,名軒,TWSE,1989-11-16,－,14,0,TWSE t187ap03_L,stock,False,False,False,False,False,2026-08-21
1443,立益物流,TWSE,1990-04-21,－,20,0,TWSE t187ap03_L,stock,False,False,False,False,False,2026-08-21
1444,力麗,TWSE,1990-08-08,－,04,0,TWSE t187ap03_L,stock,False,False,False,False,False,2026-08-21
1445,大宇,TWSE,1991-02-05,－,04,0,TWSE t187ap03_L,stock,False,False,False,False,False,2026-08-21
1446,宏和,TWSE,1991-10-15,－,04,0,TWSE t187ap03_L,stock,False,False,False,False,False,2026-08-21
1447,力鵬,TWSE,1992-01-28,－,04,0,TWSE t187ap03_L,stock,False,False,False,False,False,2026-08-21
1449,佳和,TWSE,1992-05-06,－,04,0,TWSE t187ap03_L,stock,False,False,False,False,False,2026-08-21
1451,年興,TWSE,1992-12-21,－,04,0,TWSE t187ap03_L,stock,False,False,False,False,False,2026-08-21
1452,宏益,TWSE,1992-12-28,－,04,0,TWSE t187ap03_L,stock,False,False,False,False,False,2026-08-21
1453,大將,TWSE,1993-04-19,－,14,0,TWSE t187ap03_L,stock,False,False,False,False,False,2026-08-21
1454,台富,TWSE,1993-05-07,－,04,0,TWSE t187ap03_L,stock,False,False,False,False,False,2026-08-21
1455,集盛,TWSE,1993-10-07,－,04,0,TWSE t187ap03_L,stock,False,False,False,False,False,2026-08-21
1456,怡華,TWSE,1993-12-09,－,14,0,TWSE t187ap03_L,stock,False,False,False,False,False,2026-08-21
1457,宜進,TWSE,1994-10-20,－,04,0,TWSE t187ap03_L,stock,False,False,False,False,False,2026-08-21
1459,聯發,TWSE,1994-10-26,－,04,0,TWSE t187ap03_L,stock,False,False,False,False,False,2026-08-21
1460,宏遠,TWSE,1995-04-28,－,04,0,TWSE t187ap03_L,stock,False,False,False,False,False,2026-08-21
1463,強盛新,TWSE,1996-12-05,－,04,0,TWSE t187ap03_L,stock,False,False,False,False,False,2026-08-21
1464,得力,TWSE,1997-01-18,－,04,0,TWSE t187ap03_L,stock,False,False,False,False,False,2026-08-21
1465,偉全,TWSE,1997-09-08,－,04,0,TWSE t187ap03_L,stock,False,False,False,False,False,2026-08-21
1466,聚隆,TWSE,1998-04-04,－,04,0,TWSE t187ap03_L,stock,False,False,False,False,False,2026-08-21
1467,南緯,TWSE,1998-12-21,－,04,65414906,TWSE t187ap03_L,stock,False,False,False,False,False,2026-08-21
1468,昶和,TWSE,1999-01-21,－,04,0,TWSE t187ap03_L,stock,False,False,False,False,False,2026-08-21
1470,大統新創,TWSE,1999-05-21,－,04,0,TWSE t187ap03_L,stock,False,False,False,False,False,2026-08-21
1471,首利,TWSE,2000-03-06,－,28,5000000,TWSE t187ap03_L,stock,False,False,False,False,False,2026-08-21
1472,三洋實業,TWSE,2000-09-11,－,14,17500000,TWSE t187ap03_L,stock,False,False,False,False,False,2026-08-21
1473,台南,TWSE,2000-09-11,－,04,0,TWSE t187ap03_L,stock,False,False,False,False,False,2026-08-21
1474,弘裕,TWSE,2000-10-31,－,04,0,TWSE t187ap03_L,stock,False,False,False,False,False,2026-08-21
1475,業旺,TWSE,2000-10-27,－,04,0,TWSE t187ap03_L,stock,False,False,False,False,False,2026-08-21
1476,儒鴻,TWSE,2001-04-18,－,04,0,TWSE t187ap03_L,stock,False,False,False,False,False,2026-08-21
1477,聚陽,TWSE,2003-01-21,－,04,0,TWSE t187ap03_L,stock,False,False,False,False,False,2026-08-21
1503,士電,TWSE,1969-12-15,－,05,0,TWSE t187ap03_L,stock,False,False,False,False,False,2026-08-21
1504,東元,TWSE,1973-11-05,－,05,0,TWSE t187ap03_L,stock,False,False,False,False,False,2026-08-21
1506,正道,TWSE,1980-08-11,－,05,166000000,TWSE t187ap03_L,stock,False,False,False,False,False,2026-08-21
1512,瑞利,TWSE,1994-01-28,－,12,32669876,TWSE t187ap03_L,stock,False,False,False,False,False,2026-08-21
1513,中興電,TWSE,1994-03-08,－,05,0,TWSE t187ap03_L,stock,False,False,False,False,False,2026-08-21
1514,亞力,TWSE,1994-03-26,－,05,0,TWSE t187ap03_L,stock,False,False,False,False,False,2026-08-21
1515,力山,TWSE,1995-02-04,－,05,0,TWSE t187ap03_L,stock,False,False,False,False,False,2026-08-21
1516,川飛,TWSE,1995-04-01,－,20,0,TWSE t187ap03_L,stock,False,False,False,False,False,2026-08-21
1517,利奇,TWSE,1995-11-14,－,05,0,TWSE t187ap03_L,stock,False,False,False,False,False,2026-08-21
1519,華城,TWSE,1997-04-16,－,05,0,TWSE t187ap03_L,stock,False,False,False,False,False,2026-08-21
1521,大億,TWSE,1997-10-06,－,12,0,TWSE t187ap03_L,stock,False,False,False,False,False,2026-08-21
1522,堤維西,TWSE,1997-10-06,－,12,0,TWSE t187ap03_L,stock,False,False,False,False,False,2026-08-21
1524,耿鼎,TWSE,1998-10-30,－,12,0,TWSE t187ap03_L,stock,False,False,False,False,False,2026-08-21
1525,江申,TWSE,1999-05-15,－,12,0,TWSE t187ap03_L,stock,False,False,False,False,False,2026-08-21
1526,日馳,TWSE,2000-03-27,－,05,0,TWSE t187ap03_L,stock,False,False,False,False,False,2026-08-21
1527,鑽全,TWSE,2000-06-21,－,05,0,TWSE t187ap03_L,stock,False,False,False,False,False,2026-08-21
1528,恩德,TWSE,2000-09-11,－,05,0,TWSE t187ap03_L,stock,False,False,False,False,False,2026-08-21
1529,樂事綠能,TWSE,2000-09-11,－,05,0,TWSE t187ap03_L,stock,False,False,False,False,False,2026-08-21
1530,亞崴,TWSE,2000-09-11,－,05,0,TWSE t187ap03_L,stock,False,False,False,False,False,2026-08-21
1531,高林股,TWSE,2000-09-11,－,05,0,TWSE t187ap03_L,stock,False,False,False,False,False,2026-08-21
1532,勤美,TWSE,2000-09-11,－,05,0,TWSE t187ap03_L,stock,False,False,False,False,False,2026-08-21
1533,車王電,TWSE,2001-04-06,－,12,0,TWSE t187ap03_L,stock,False,False,False,False,False,2026-08-21
1535,中宇,TWSE,2001-09-17,－,05,0,TWSE t187ap03_L,stock,False,False,False,False,False,2026-08-21
1536,和大,TWSE,2001-09-17,－,12,0,TWSE t187ap03_L,stock,False,False,False,False,False,2026-08-21
1537,廣隆,TWSE,2002-01-22,－,05,0,TWSE t187ap03_L,stock,False,False,False,False,False,2026-08-21
1538,正峰,TWSE,2002-08-26,－,05,24033643,TWSE t187ap03_L,stock,False,False,False,False,True,2026-08-21
1539,巨庭,TWSE,2002-10-29,－,05,0,TWSE t187ap03_L,stock,False,False,False,False,False,2026-08-21
1540,喬福,TWSE,2002-08-26,－,05,0,TWSE t187ap03_L,stock,False,False,False,False,False,2026-08-21
1541,錩泰,TWSE,2003-03-19,－,05,0,TWSE t187ap03_L,stock,False,False,False,False,False,2026-08-21
1558,伸興,TWSE,2014-12-23,－,05,0,TWSE t187ap03_L,stock,False,False,False,False,False,2026-08-21
1560,中砂,TWSE,2005-01-31,－,05,0,TWSE t187ap03_L,stock,False,False,False,False,False,2026-08-21
1563,巧新,TWSE,2024-05-13,－,12,0,TWSE t187ap03_L,stock,False,False,False,False,False,2026-08-21
1568,倉佑,TWSE,2014-05-14,－,12,0,TWSE t187ap03_L,stock,False,False,False,False,False,2026-08-21
1582,信錦,TWSE,2009-12-17,－,28,0,TWSE t187ap03_L,stock,False,False,False,False,False,2026-08-21
1583,程泰,TWSE,2008-01-24,－,05,0,TWSE t187ap03_L,stock,False,False,False,False,False,2026-08-21
1587,吉茂,TWSE,2018-04-16,－,12,0,TWSE t187ap03_L,stock,False,False,False,False,False,2026-08-21
1589,永冠-KY,TWSE,2012-04-27,KY 開曼群島,05,0,TWSE t187ap03_L,stock,True,False,False,False,False,2026-08-21
1590,亞德客-KY,TWSE,2010-12-13,KY 開曼群島,05,0,TWSE t187ap03_L,stock,True,False,False,False,False,2026-08-21
1597,直得,TWSE,2020-12-23,－,05,0,TWSE t187ap03_L,stock,False,False,False,False,False,2026-08-21
1598,岱宇,TWSE,2016-09-20,－,37,0,TWSE t187ap03_L,stock,False,False,False,False,False,2026-08-21
1603,華電,TWSE,1968-06-03,－,06,0,TWSE t187ap03_L,stock,False,False,False,False,False,2026-08-21
1604,聲寶,TWSE,1970-12-14,－,06,0,TWSE t187ap03_L,stock,False,False,False,False,False,2026-08-21
1605,華新,TWSE,1972-11-03,－,06,0,TWSE t187ap03_L,stock,False,False,False,False,False,2026-08-21
1608,華榮,TWSE,1988-07-11,－,06,0,TWSE t187ap03_L,stock,False,False,False,False,False,2026-08-21
1609,大亞,TWSE,1988-12-12,－,06,0,TWSE t187ap03_L,stock,False,False,False,False,False,2026-08-21
1611,中電,TWSE,1990-01-16,－,06,0,TWSE t187ap03_L,stock,False,False,False,False,False,2026-08-21
1612,宏泰,TWSE,1993-05-08,－,06,0,TWSE t187ap03_L,stock,False,False,False,False,False,2026-08-21
1614,三洋電,TWSE,1997-09-18,－,06,0,TWSE t187ap03_L,stock,False,False,False,False,False,2026-08-21
1615,大山,TWSE,2000-03-30,－,06,0,TWSE t187ap03_L,stock,False,False,False,False,False,2026-08-21
1616,億泰,TWSE,2000-09-11,－,06,0,TWSE t187ap03_L,stock,False,False,False,False,False,2026-08-21
1617,榮星,TWSE,2000-09-11,－,06,0,TWSE t187ap03_L,stock,False,False,False,False,False,2026-08-21
1618,合機,TWSE,2000-09-11,－,06,0,TWSE t187ap03_L,stock,False,False,False,False,False,2026-08-21
1623,大東電,TWSE,2026-01-22,－,06,0,TWSE t187ap03_L,stock,False,False,False,False,False,2026-08-21
1626,艾美特-KY,TWSE,2013-03-21,KY 開曼群島,06,0,TWSE t187ap03_L,stock,True,False,False,False,False,2026-08-21
1702,南僑,TWSE,1973-05-30,－,02,0,TWSE t187ap03_L,stock,False,False,False,False,False,2026-08-21
1707,葡萄王,TWSE,1982-12-20,－,22,0,TWSE t187ap03_L,stock,False,False,False,False,False,2026-08-21
1708,東鹼,TWSE,1986-06-16,－,21,0,TWSE t187ap03_L,stock,False,False,False,False,False,2026-08-21
1709,和益,TWSE,1986-07-03,－,21,0,TWSE t187ap03_L,stock,False,False,False,False,False,2026-08-21
1710,東聯,TWSE,1987-10-21,－,21,0,TWSE t187ap03_L,stock,False,False,False,False,False,2026-08-21
1711,永光,TWSE,1988-12-27,－,21,0,TWSE t187ap03_L,stock,False,False,False,False,False,2026-08-21
1712,興農,TWSE,1989-12-14,－,21,0,TWSE t187ap03_L,stock,False,False,False,False,False,2026-08-21
1713,國化,TWSE,1990-01-31,－,21,0,TWSE t187ap03_L,stock,False,False,False,False,False,2026-08-21
1714,和桐,TWSE,1991-08-30,－,21,0,TWSE t187ap03_L,stock,False,False,False,False,False,2026-08-21
1717,長興,TWSE,1994-03-31,－,21,0,TWSE t187ap03_L,stock,False,False,False,False,False,2026-08-21
1718,中纖,TWSE,1963-12-02,－,21,0,TWSE t187ap03_L,stock,False,False,False,False,False,2026-08-21
1720,生達,TWSE,1995-12-12,－,22,0,TWSE t187ap03_L,stock,False,False,False,False,False,2026-08-21
1721,三晃,TWSE,1996-05-16,－,21,19168520,TWSE t187ap03_L,stock,False,False,False,False,False,2026-08-21
1722,台肥,TWSE,1998-03-24,－,21,0,TWSE t187ap03_L,stock,False,False,False,False,False,2026-08-21
1723,中碳,TWSE,1998-11-27,－,21,0,TWSE t187ap03_L,stock,False,False,False,False,False,2026-08-21
1725,元禎,TWSE,2000-09-11,－,21,0,TWSE t187ap03_L,stock,False,False,False,False,False,2026-08-21
1726,永記,TWSE,2000-09-11,－,21,0,TWSE t187ap03_L,stock,False,False,False,False,False,2026-08-21
1727,中華化,TWSE,2000-09-11,－,21,0,TWSE t187ap03_L,stock,False,False,False,False,False,2026-08-21
1730,花仙子,TWSE,2001-09-17,－,21,0,TWSE t187ap03_L,stock,False,False,False,False,False,2026-08-21
1731,美吾華,TWSE,2001-09-17,－,22,0,TWSE t187ap03_L,stock,False,False,False,False,False,2026-08-21
1732,毛寶,TWSE,2001-09-17,－,21,0,TWSE t187ap03_L,stock,False,False,False,False,False,2026-08-21
1733,五鼎,TWSE,2001-09-17,－,22,0,TWSE t187ap03_L,stock,False,False,False,False,False,2026-08-21
1734,杏輝,TWSE,2002-08-26,－,22,0,TWSE t187ap03_L,stock,False,False,False,False,False,2026-08-21
1735,日勝化,TWSE,2002-08-26,－,21,0,TWSE t187ap03_L,stock,False,False,False,False,False,2026-08-21
1736,喬山,TWSE,2003-01-09,－,37,0,TWSE t187ap03_L,stock,False,False,False,False,False,2026-08-21
1737,臺鹽,TWSE,2003-11-18,－,02,0,TWSE t187ap03_L,stock,False,False,False,False,False,2026-08-21
1752,南光,TWSE,2022-01-19,－,22,0,TWSE t187ap03_L,stock,False,False,False,False,False,2026-08-21
1760,寶齡富錦,TWSE,2018-01-23,－,22,0,TWSE t187ap03_L,stock,False,False,False,False,False,2026-08-21
1762,中化生,TWSE,2010-12-20,－,22,0,TWSE t187ap03_L,stock,False,False,False,False,False,2026-08-21
1773,勝一,TWSE,2009-02-27,－,21,0,TWSE t187ap03_L,stock,False,False,False,False,False,2026-08-21
1776,展宇,TWSE,2016-05-09,－,21,0,TWSE t187ap03_L,stock,False,False,False,False,False,2026-08-21
1783,和康生,TWSE,2013-12-20,－,22,8702040,TWSE t187ap03_L,stock,False,False,False,False,False,2026-08-21
1786,科妍,TWSE,2013-11-12,－,22,0,TWSE t187ap03_L,stock,False,False,False,False,False,2026-08-21
1789,神隆,TWSE,2011-09-29,－,22,0,TWSE t187ap03_L,stock,False,False,False,False,False,2026-08-21
1795,美時,TWSE,2019-12-16,－,22,0,TWSE t187ap03_L,stock,False,False,False,False,False,2026-08-21
1802,台玻,TWSE,1973-07-20,－,08,0,TWSE t187ap03_L,stock,False,False,False,False,False,2026-08-21
1805,寶徠,TWSE,1989-10-20,－,14,0,TWSE t187ap03_L,stock,False,False,False,False,False,2026-08-21
1806,冠軍,TWSE,1992-09-29,－,08,0,TWSE t187ap03_L,stock,False,False,False,False,False,2026-08-21
1808,潤隆,TWSE,1994-10-26,－,14,0,TWSE t187ap03_L,stock,False,False,False,False,False,2026-08-21
1809,中釉,TWSE,1996-04-30,－,08,0,TWSE t187ap03_L,stock,False,False,False,False,False,2026-08-21
1810,和成,TWSE,1991-10-14,－,08,0,TWSE t187ap03_L,stock,False,False,False,False,False,2026-08-21
1817,凱撒衛,TWSE,2013-10-24,－,08,0,TWSE t187ap03_L,stock,False,False,False,False,False,2026-08-21
1903,士紙,TWSE,1963-12-09,－,09,0,TWSE t187ap03_L,stock,False,False,False,False,False,2026-08-21
1904,正隆,TWSE,1971-09-10,－,09,0,TWSE t187ap03_L,stock,False,False,False,False,False,2026-08-21
1905,華紙,TWSE,1975-02-07,－,09,0,TWSE t187ap03_L,stock,False,False,False,False,False,2026-08-21
1906,寶隆,TWSE,1976-04-26,－,09,0,TWSE t187ap03_L,stock,False,False,False,False,False,2026-08-21
1907,永豐餘,TWSE,1977-02-22,－,09,0,TWSE t187ap03_L,stock,False,False,False,False,False,2026-08-21
1909,榮成,TWSE,1985-11-19,－,09,0,TWSE t187ap03_L,stock,False,False,False,False,False,2026-08-21
2002,中鋼,TWSE,1974-12-26,－,10,0,TWSE t187ap03_L,stock,False,False,False,False,False,2026-08-21
2006,東和鋼鐵,TWSE,1988-07-13,－,10,0,TWSE t187ap03_L,stock,False,False,False,False,False,2026-08-21
2007,燁興,TWSE,1988-10-04,－,10,361185683,TWSE t187ap03_L,stock,False,False,False,False,False,2026-08-21
2008,高興昌,TWSE,1988-12-28,－,10,0,TWSE t187ap03_L,stock,False,False,False,False,False,2026-08-21
2009,第一銅,TWSE,1989-10-20,－,10,0,TWSE t187ap03_L,stock,False,False,False,False,False,2026-08-21
2010,春源,TWSE,1989-12-22,－,10,0,TWSE t187ap03_L,stock,False,False,False,False,False,2026-08-21
2012,春雨,TWSE,1991-10-17,－,10,0,TWSE t187ap03_L,stock,False,False,False,False,False,2026-08-21
2013,中鋼構,TWSE,1992-01-21,－,10,0,TWSE t187ap03_L,stock,False,False,False,False,False,2026-08-21
2014,中鴻,TWSE,1992-02-20,－,10,0,TWSE t187ap03_L,stock,False,False,False,False,False,2026-08-21
2015,豐興,TWSE,1992-05-25,－,10,0,TWSE t187ap03_L,stock,False,False,False,False,False,2026-08-21
2017,官田鋼,TWSE,1992-11-02,－,10,0,TWSE t187ap03_L,stock,False,False,False,False,False,2026-08-21
2020,美亞,TWSE,1993-04-27,－,10,0,TWSE t187ap03_L,stock,False,False,False,False,False,2026-08-21
2022,聚亨,TWSE,1995-03-27,－,10,0,TWSE t187ap03_L,stock,False,False,False,False,False,2026-08-21
2023,燁輝,TWSE,1995-07-28,－,10,0,TWSE t187ap03_L,stock,False,False,False,False,False,2026-08-21
2024,志聯,TWSE,1995-12-30,－,10,0,TWSE t187ap03_L,stock,False,False,False,False,False,2026-08-21
2025,千興,TWSE,1996-02-08,－,10,0,TWSE t187ap03_L,stock,False,False,False,False,False,2026-08-21
2027,大成鋼,TWSE,1996-10-24,－,10,0,TWSE t187ap03_L,stock,False,False,False,False,False,2026-08-21
2028,威致,TWSE,1996-12-13,－,10,0,TWSE t187ap03_L,stock,False,False,False,False,False,2026-08-21
2029,盛餘,TWSE,1997-01-11,－,10,0,TWSE t187ap03_L,stock,False,False,False,False,False,2026-08-21
2030,彰源,TWSE,1998-12-24,－,10,0,TWSE t187ap03_L,stock,False,False,False,False,False,2026-08-21
2031,新光鋼,TWSE,2000-09-11,－,10,0,TWSE t187ap03_L,stock,False,False,False,False,False,2026-08-21
2032,新鋼,TWSE,2000-09-11,－,10,0,TWSE t187ap03_L,stock,False,False,False,False,False,2026-08-21
2033,佳大,TWSE,2000-09-11,－,10,0,TWSE t187ap03_L,stock,False,False,False,False,False,2026-08-21
2034,允強,TWSE,2001-09-17,－,10,0,TWSE t187ap03_L,stock,False,False,False,False,False,2026-08-21
2038,海光,TWSE,2008-12-30,－,10,0,TWSE t187ap03_L,stock,False,False,False,False,False,2026-08-21
2049,上銀,TWSE,2009-06-26,－,05,0,TWSE t187ap03_L,stock,False,False,False,False,False,2026-08-21
2059,川湖,TWSE,2008-06-25,－,28,0,TWSE t187ap03_L,stock,False,False,False,False,False,2026-08-21
2062,橋椿,TWSE,2007-11-16,－,38,0,TWSE t187ap03_L,stock,False,False,False,False,False,2026-08-21
2069,運錩,TWSE,2016-03-22,－,10,0,TWSE t187ap03_L,stock,False,False,False,False,False,2026-08-21
2072,世紀風電,TWSE,2026-03-26,－,35,0,TWSE t187ap03_L,stock,False,False,False,False,False,2026-08-21
2101,南港,TWSE,1963-11-01,－,11,0,TWSE t187ap03_L,stock,False,False,False,False,False,2026-08-21
2102,泰豐,TWSE,1979-07-16,－,11,0,TWSE t187ap03_L,stock,False,False,False,False,False,2026-08-21
2103,台橡,TWSE,1982-09-25,－,11,0,TWSE t187ap03_L,stock,False,False,False,False,False,2026-08-21
2104,國際中橡,TWSE,1986-07-15,－,11,0,TWSE t187ap03_L,stock,False,False,False,False,False,2026-08-21
2105,正新,TWSE,1987-12-07,－,11,0,TWSE t187ap03_L,stock,False,False,False,False,False,2026-08-21
2106,建大,TWSE,1990-12-20,－,11,0,TWSE t187ap03_L,stock,False,False,False,False,False,2026-08-21
2107,厚生,TWSE,1992-03-03,－,11,0,TWSE t187ap03_L,stock,False,False,False,False,False,2026-08-21
2108,南帝,TWSE,1992-10-27,－,11,0,TWSE t187ap03_L,stock,False,False,False,False,False,2026-08-21
2109,華豐,TWSE,2000-05-08,－,11,0,TWSE t187ap03_L,stock,False,False,False,False,False,2026-08-21
2114,鑫永銓,TWSE,2010-12-29,－,11,0,TWSE t187ap03_L,stock,False,False,False,False,False,2026-08-21
2115,六暉-KY,TWSE,2013-12-25,KY 開曼群島,12,0,TWSE t187ap03_L,stock,True,False,False,False,False,2026-08-21
2201,裕隆,TWSE,1976-07-08,－,12,0,TWSE t187ap03_L,stock,False,False,False,False,False,2026-08-21
2204,中華,TWSE,1991-03-12,－,12,0,TWSE t187ap03_L,stock,False,False,False,False,False,2026-08-21
2206,三陽工業,TWSE,1996-07-29,－,12,0,TWSE t187ap03_L,stock,False,False,False,False,False,2026-08-21
2207,和泰車,TWSE,1997-02-25,－,12,0,TWSE t187ap03_L,stock,False,False,False,False,False,2026-08-21
2208,台船,TWSE,2008-12-22,－,15,176024881,TWSE t187ap03_L,stock,False,False,False,False,False,2026-08-21
2211,長榮鋼,TWSE,2021-04-12,－,10,0,TWSE t187ap03_L,stock,False,False,False,False,False,2026-08-21
2227,裕日車,TWSE,2004-12-21,－,12,0,TWSE t187ap03_L,stock,False,False,False,False,False,2026-08-21
2228,劍麟,TWSE,2013-11-25,－,12,0,TWSE t187ap03_L,stock,False,False,False,False,False,2026-08-21
2231,為升,TWSE,2010-11-19,－,12,0,TWSE t187ap03_L,stock,False,False,False,False,False,2026-08-21
2233,宇隆,TWSE,2019-09-17,－,12,0,TWSE t187ap03_L,stock,False,False,False,False,False,2026-08-21
2236,百達-KY,TWSE,2015-06-03,KY 開曼群島,12,0,TWSE t187ap03_L,stock,True,False,False,False,False,2026-08-21
2237,華德動能-創,TWSE,2026-08-10,－,12,0,TWSE t187ap03_L,stock,False,False,False,False,False,2026-08-21
2239,英利-KY,TWSE,2016-01-27,KY 開曼群島,12,0,TWSE t187ap03_L,stock,True,False,False,False,False,2026-08-21
2241,艾姆勒,TWSE,2020-08-26,－,12,0,TWSE t187ap03_L,stock,False,False,False,False,False,2026-08-21
2243,宏旭-KY,TWSE,2017-09-27,KY 開曼群島,12,8000000,TWSE t187ap03_L,stock,True,False,False,False,False,2026-08-21
2247,汎德永業,TWSE,2020-10-12,－,12,0,TWSE t187ap03_L,stock,False,False,False,False,False,2026-08-21
2248,華勝-KY,TWSE,2025-03-13,KY 開曼群島,12,0,TWSE t187ap03_L,stock,True,False,False,False,False,2026-08-21
2250,IKKA-KY,TWSE,2021-05-31,KY 開曼群島,12,0,TWSE t187ap03_L,stock,True,False,False,False,False,2026-08-21
2254,巨鎧精密-創,TWSE,2023-10-20,－,12,0,TWSE t187ap03_L,stock,False,False,False,False,False,2026-08-21
2258,鴻華先進-創,TWSE,2023-11-20,－,12,0,TWSE t187ap03_L,stock,False,False,False,False,False,2026-08-21
2301,光寶科,TWSE,1995-11-17,－,25,0,TWSE t187ap03_L,stock,False,False,False,False,False,2026-08-21
2302,麗正,TWSE,1985-01-15,－,24,0,TWSE t187ap03_L,stock,False,False,False,False,False,2026-08-21
2303,聯電,TWSE,1985-07-16,－,24,0,TWSE t187ap03_L,stock,False,False,False,False,False,2026-08-21
2305,全友,TWSE,1988-10-21,－,25,0,TWSE t187ap03_L,stock,False,False,False,False,False,2026-08-21
2308,台達電,TWSE,1988-12-19,－,28,0,TWSE t187ap03_L,stock,False,False,False,False,False,2026-08-21
2312,金寶,TWSE,1989-11-07,－,31,0,TWSE t187ap03_L,stock,False,False,False,False,False,2026-08-21
2313,華通,TWSE,1990-07-24,－,28,0,TWSE t187ap03_L,stock,False,False,False,False,False,2026-08-21
2314,台揚,TWSE,1990-08-08,－,27,2470000,TWSE t187ap03_L,stock,False,False,False,False,True,2026-08-21
2316,楠梓電,TWSE,1991-02-05,－,28,0,TWSE t187ap03_L,stock,False,False,False,False,False,2026-08-21
2317,鴻海,TWSE,1991-06-18,－,31,0,TWSE t187ap03_L,stock,False,False,False,False,False,2026-08-21
2321,東訊,TWSE,1991-11-08,－,27,8750053,TWSE t187ap03_L,stock,False,False,False,False,True,2026-08-21
2323,中環,TWSE,1992-02-17,－,26,0,TWSE t187ap03_L,stock,False,False,False,False,False,2026-08-21
2324,仁寶,TWSE,1992-02-18,－,25,0,TWSE t187ap03_L,stock,False,False,False,False,False,2026-08-21
2327,國巨*,TWSE,1993-10-22,－,28,0,TWSE t187ap03_L,stock,False,False,False,False,False,2026-08-21
2328,廣宇,TWSE,1993-11-09,－,28,0,TWSE t187ap03_L,stock,False,False,False,False,False,2026-08-21
2329,華泰,TWSE,1994-04-20,－,24,0,TWSE t187ap03_L,stock,False,False,False,False,False,2026-08-21
2330,台積電,TWSE,1994-09-05,－,24,0,TWSE t187ap03_L,stock,False,False,False,False,False,2026-08-21
2331,精英,TWSE,1994-09-21,－,25,0,TWSE t187ap03_L,stock,False,False,False,False,False,2026-08-21
2332,友訊,TWSE,1994-10-17,－,27,0,TWSE t187ap03_L,stock,False,False,False,False,False,2026-08-21
2337,旺宏,TWSE,1995-03-15,－,24,55651,TWSE t187ap03_L,stock,False,False,False,False,False,2026-08-21
2338,光罩,TWSE,1995-04-17,－,24,63370000,TWSE t187ap03_L,stock,False,False,False,False,False,2026-08-21
2340,台亞,TWSE,1995-05-02,－,24,60000000,TWSE t187ap03_L,stock,False,False,False,False,False,2026-08-21
2342,茂矽,TWSE,1995-09-19,－,24,0,TWSE t187ap03_L,stock,False,False,False,False,False,2026-08-21
2344,華邦電,TWSE,1995-10-18,－,24,0,TWSE t187ap03_L,stock,False,False,False,False,False,2026-08-21
2345,智邦,TWSE,1995-11-15,－,27,0,TWSE t187ap03_L,stock,False,False,False,False,False,2026-08-21
2347,聯強,TWSE,1995-12-13,－,29,0,TWSE t187ap03_L,stock,False,False,False,False,False,2026-08-21
2348,海悅,TWSE,1996-01-05,－,20,0,TWSE t187ap03_L,stock,False,False,False,False,False,2026-08-21
2349,錸德,TWSE,1996-04-23,－,26,0,TWSE t187ap03_L,stock,False,False,False,False,False,2026-08-21
2351,順德,TWSE,1996-04-25,－,24,0,TWSE t187ap03_L,stock,False,False,False,False,False,2026-08-21
2352,佳世達,TWSE,1996-07-22,－,25,0,TWSE t187ap03_L,stock,False,False,False,False,False,2026-08-21
2353,宏碁,TWSE,1996-09-18,－,25,0,TWSE t187ap03_L,stock,False,False,False,False,False,2026-08-21
2354,鴻準,TWSE,1996-10-08,－,31,0,TWSE t187ap03_L,stock,False,False,False,False,False,2026-08-21
2355,敬鵬,TWSE,1996-10-14,－,28,0,TWSE t187ap03_L,stock,False,False,False,False,False,2026-08-21
2356,英業達,TWSE,1996-11-13,－,25,0,TWSE t187ap03_L,stock,False,False,False,False,False,2026-08-21
2357,華碩,TWSE,1996-11-14,－,25,0,TWSE t187ap03_L,stock,False,False,False,False,False,2026-08-21
2359,所羅門,TWSE,1996-12-19,－,31,0,TWSE t187ap03_L,stock,False,False,False,False,False,2026-08-21
2360,致茂,TWSE,1996-12-21,－,31,0,TWSE t187ap03_L,stock,False,False,False,False,False,2026-08-21
2362,藍天,TWSE,1997-04-02,－,25,0,TWSE t187ap03_L,stock,False,False,False,False,False,2026-08-21
2363,矽統,TWSE,1997-08-01,－,24,0,TWSE t187ap03_L,stock,False,False,False,False,False,2026-08-21
2364,倫飛,TWSE,1997-08-11,－,25,0,TWSE t187ap03_L,stock,False,False,False,False,False,2026-08-21
2365,昆盈,TWSE,1997-11-03,－,25,0,TWSE t187ap03_L,stock,False,False,False,False,False,2026-08-21
2367,燿華,TWSE,1997-12-13,－,28,0,TWSE t187ap03_L,stock,False,False,False,False,False,2026-08-21
2368,金像電,TWSE,1998-03-09,－,28,0,TWSE t187ap03_L,stock,False,False,False,False,False,2026-08-21
2369,菱生,TWSE,1998-04-10,－,24,0,TWSE t187ap03_L,stock,False,False,False,False,False,2026-08-21
2371,大同,TWSE,1962-02-09,－,05,0,TWSE t187ap03_L,stock,False,False,False,False,False,2026-08-21
2373,震旦行,TWSE,1991-08-01,－,31,0,TWSE t187ap03_L,stock,False,False,False,False,False,2026-08-21
2374,佳能,TWSE,1995-01-16,－,26,0,TWSE t187ap03_L,stock,False,False,False,False,False,2026-08-21
2375,凱美,TWSE,1998-08-29,－,28,0,TWSE t187ap03_L,stock,False,False,False,False,False,2026-08-21
2376,技嘉,TWSE,1998-09-24,－,25,0,TWSE t187ap03_L,stock,False,False,False,False,False,2026-08-21
2377,微星,TWSE,1998-10-31,－,25,0,TWSE t187ap03_L,stock,False,False,False,False,False,2026-08-21
2379,瑞昱,TWSE,1998-10-26,－,24,0,TWSE t187ap03_L,stock,False,False,False,False,False,2026-08-21
2380,虹光,TWSE,1998-12-03,－,25,9539303,TWSE t187ap03_L,stock,False,False,False,False,False,2026-08-21
2382,廣達,TWSE,1999-01-08,－,25,0,TWSE t187ap03_L,stock,False,False,False,False,False,2026-08-21
2383,台光電,TWSE,1998-11-27,－,28,0,TWSE t187ap03_L,stock,False,False,False,False,False,2026-08-21
2385,群光,TWSE,1999-01-05,－,28,0,TWSE t187ap03_L,stock,False,False,False,False,False,2026-08-21
2387,精元,TWSE,1999-01-25,－,25,0,TWSE t187ap03_L,stock,False,False,False,False,False,2026-08-21
2388,威盛,TWSE,1999-03-05,－,24,0,TWSE t187ap03_L,stock,False,False,False,False,False,2026-08-21
2390,云辰,TWSE,1999-06-15,－,31,0,TWSE t187ap03_L,stock,False,False,False,False,False,2026-08-21
2392,正崴,TWSE,1999-09-20,－,28,0,TWSE t187ap03_L,stock,False,False,False,False,False,2026-08-21
2393,億光,TWSE,1999-11-04,－,26,0,TWSE t187ap03_L,stock,False,False,False,False,False,2026-08-21
2395,研華,TWSE,1999-12-13,－,25,0,TWSE t187ap03_L,stock,False,False,False,False,False,2026-08-21
2397,友通,TWSE,2000-01-15,－,25,0,TWSE t187ap03_L,stock,False,False,False,False,False,2026-08-21
2399,映泰,TWSE,1999-12-16,－,25,0,TWSE t187ap03_L,stock,False,False,False,False,False,2026-08-21
2401,凌陽,TWSE,2000-01-27,－,24,0,TWSE t187ap03_L,stock,False,False,False,False,False,2026-08-21
2402,毅嘉,TWSE,2000-01-14,－,28,0,TWSE t187ap03_L,stock,False,False,False,False,False,2026-08-21
2404,漢唐,TWSE,2000-03-14,－,31,0,TWSE t187ap03_L,stock,False,False,False,False,False,2026-08-21
2405,輔信,TWSE,2000-03-17,－,25,0,TWSE t187ap03_L,stock,False,False,False,False,False,2026-08-21
2406,國碩,TWSE,2000-04-29,－,26,0,TWSE t187ap03_L,stock,False,False,False,False,False,2026-08-21
2408,南亞科,TWSE,2000-08-17,－,24,351578000,TWSE t187ap03_L,stock,False,False,False,False,False,2026-08-21
2409,友達,TWSE,2000-09-08,－,26,0,TWSE t187ap03_L,stock,False,False,False,False,False,2026-08-21
2412,中華電,TWSE,2000-10-27,－,27,0,TWSE t187ap03_L,stock,False,False,False,False,False,2026-08-21
2413,環科,TWSE,2000-09-11,－,28,0,TWSE t187ap03_L,stock,False,False,False,False,False,2026-08-21
2414,精技,TWSE,2000-09-11,－,29,0,TWSE t187ap03_L,stock,False,False,False,False,False,2026-08-21
2415,錩新,TWSE,2000-09-11,－,28,0,TWSE t187ap03_L,stock,False,False,False,False,False,2026-08-21
2417,圓剛,TWSE,2000-09-11,－,25,0,TWSE t187ap03_L,stock,False,False,False,False,False,2026-08-21
2419,仲琦,TWSE,2000-09-11,－,27,0,TWSE t187ap03_L,stock,False,False,False,False,False,2026-08-21
2420,新巨,TWSE,2000-09-11,－,28,0,TWSE t187ap03_L,stock,False,False,False,False,False,2026-08-21
2421,建準,TWSE,2000-09-11,－,28,0,TWSE t187ap03_L,stock,False,False,False,False,False,2026-08-21
2423,固緯,TWSE,2000-09-11,－,31,0,TWSE t187ap03_L,stock,False,False,False,False,False,2026-08-21
2424,隴華,TWSE,2000-09-11,－,27,41585000,TWSE t187ap03_L,stock,False,False,False,False,True,2026-08-21
2425,承啟,TWSE,2000-09-11,－,25,0,TWSE t187ap03_L,stock,False,False,False,False,False,2026-08-21
2426,鼎元,TWSE,2000-09-11,－,26,0,TWSE t187ap03_L,stock,False,False,False,False,False,2026-08-21
2427,三商電,TWSE,2000-09-11,－,30,0,TWSE t187ap03_L,stock,False,False,False,False,False,2026-08-21
2428,興勤,TWSE,2000-09-11,－,28,0,TWSE t187ap03_L,stock,False,False,False,False,False,2026-08-21
2429,銘旺科,TWSE,2000-09-11,－,26,33197208,TWSE t187ap03_L,stock,False,False,False,False,False,2026-08-21
2430,燦坤,TWSE,2000-09-11,－,29,0,TWSE t187ap03_L,stock,False,False,False,False,False,2026-08-21
2431,聯昌,TWSE,2000-09-11,－,28,0,TWSE t187ap03_L,stock,False,False,False,False,False,2026-08-21
2432,倚天酷碁-創,TWSE,2023-05-31,－,25,0,TWSE t187ap03_L,stock,False,False,False,False,False,2026-08-21
2433,互盛電,TWSE,2000-09-11,－,31,0,TWSE t187ap03_L,stock,False,False,False,False,False,2026-08-21
2434,統懋,TWSE,2000-09-11,－,24,27489119,TWSE t187ap03_L,stock,False,False,False,False,False,2026-08-21
2436,偉詮電,TWSE,2000-09-11,－,24,0,TWSE t187ap03_L,stock,False,False,False,False,False,2026-08-21
2438,翔耀,TWSE,2000-09-11,－,26,40971322,TWSE t187ap03_L,stock,False,False,False,False,False,2026-08-21
2439,美律,TWSE,2000-09-11,－,27,0,TWSE t187ap03_L,stock,False,False,False,False,False,2026-08-21
2440,太空梭,TWSE,2000-11-10,－,28,35452938,TWSE t187ap03_L,stock,False,False,False,False,False,2026-08-21
2441,超豐,TWSE,2000-10-26,－,24,0,TWSE t187ap03_L,stock,False,False,False,False,False,2026-08-21
2442,新美齊,TWSE,2000-11-22,－,14,8778889,TWSE t187ap03_L,stock,False,False,False,False,False,2026-08-21
2444,兆勁,TWSE,2000-12-08,－,27,16142913,TWSE t187ap03_L,stock,False,False,False,False,False,2026-08-21
2449,京元電子,TWSE,2001-05-09,－,24,0,TWSE t187ap03_L,stock,False,False,False,False,False,2026-08-21
2450,神腦,TWSE,2001-05-24,－,27,0,TWSE t187ap03_L,stock,False,False,False,False,False,2026-08-21
2451,創見,TWSE,2001-05-03,－,24,0,TWSE t187ap03_L,stock,False,False,False,False,False,2026-08-21
2453,凌群,TWSE,2001-05-22,－,30,0,TWSE t187ap03_L,stock,False,False,False,False,False,2026-08-21
2454,聯發科,TWSE,2001-07-23,－,24,0,TWSE t187ap03_L,stock,False,False,False,False,False,2026-08-21
2455,全新,TWSE,2002-01-24,－,27,0,TWSE t187ap03_L,stock,False,False,False,False,False,2026-08-21
2457,飛宏,TWSE,2001-09-17,－,28,0,TWSE t187ap03_L,stock,False,False,False,False,False,2026-08-21
2458,義隆,TWSE,2001-09-17,－,24,0,TWSE t187ap03_L,stock,False,False,False,False,False,2026-08-21
2459,敦吉,TWSE,2001-09-17,－,31,0,TWSE t187ap03_L,stock,False,False,False,False,False,2026-08-21
2460,建通,TWSE,2001-09-17,－,28,0,TWSE t187ap03_L,stock,False,False,False,False,False,2026-08-21
2461,光群雷,TWSE,2001-09-17,－,31,0,TWSE t187ap03_L,stock,False,False,False,False,False,2026-08-21
2462,良得電,TWSE,2001-09-17,－,28,28840000,TWSE t187ap03_L,stock,False,False,False,False,False,2026-08-21
2464,盟立,TWSE,2001-09-17,－,31,0,TWSE t187ap03_L,stock,False,False,False,False,False,2026-08-21
2465,麗臺,TWSE,2001-09-19,－,25,25000000,TWSE t187ap03_L,stock,False,False,False,False,False,2026-08-21
2466,冠西電,TWSE,2001-09-17,－,26,9647731,TWSE t187ap03_L,stock,False,False,False,False,False,2026-08-21
2467,志聖,TWSE,2001-09-17,－,28,0,TWSE t187ap03_L,stock,False,False,False,False,False,2026-08-21
2468,華經,TWSE,2001-09-17,－,30,0,TWSE t187ap03_L,stock,False,False,False,False,False,2026-08-21
2471,資通,TWSE,2001-09-17,－,30,0,TWSE t187ap03_L,stock,False,False,False,False,False,2026-08-21
2472,立隆電,TWSE,2001-09-17,－,28,0,TWSE t187ap03_L,stock,False,False,False,False,False,2026-08-21
2474,可成,TWSE,2001-09-17,－,31,0,TWSE t187ap03_L,stock,False,False,False,False,False,2026-08-21
2476,鉅祥,TWSE,2001-09-17,－,28,0,TWSE t187ap03_L,stock,False,False,False,False,False,2026-08-21
2477,美隆電,TWSE,2001-09-17,－,31,0,TWSE t187ap03_L,stock,False,False,False,False,False,2026-08-21
2478,大毅,TWSE,2001-09-17,－,28,0,TWSE t187ap03_L,stock,False,False,False,False,False,2026-08-21
2480,敦陽科,TWSE,2001-09-17,－,30,0,TWSE t187ap03_L,stock,False,False,False,False,False,2026-08-21
2481,強茂,TWSE,2001-09-17,－,24,0,TWSE t187ap03_L,stock,False,False,False,False,False,2026-08-21
2482,連宇,TWSE,2001-09-19,－,31,0,TWSE t187ap03_L,stock,False,False,False,False,False,2026-08-21
2483,百容,TWSE,2001-09-17,－,28,0,TWSE t187ap03_L,stock,False,False,False,False,False,2026-08-21
2484,希華,TWSE,2001-09-17,－,28,0,TWSE t187ap03_L,stock,False,False,False,False,False,2026-08-21
2485,兆赫,TWSE,2001-09-17,－,27,0,TWSE t187ap03_L,stock,False,False,False,False,False,2026-08-21
2486,一詮,TWSE,2001-09-19,－,26,0,TWSE t187ap03_L,stock,False,False,False,False,False,2026-08-21
2488,漢平,TWSE,2001-09-17,－,31,0,TWSE t187ap03_L,stock,False,False,False,False,False,2026-08-21
2489,瑞軒,TWSE,2001-09-17,－,26,0,TWSE t187ap03_L,stock,False,False,False,False,False,2026-08-21
2491,吉祥全,TWSE,2001-09-19,－,26,0,TWSE t187ap03_L,stock,False,False,False,False,False,2026-08-21
2492,華新科,TWSE,2001-09-17,－,28,0,TWSE t187ap03_L,stock,False,False,False,False,False,2026-08-21
2493,揚博,TWSE,2002-01-23,－,28,0,TWSE t187ap03_L,stock,False,False,False,False,False,2026-08-21
2495,普安,TWSE,2002-03-25,－,25,0,TWSE t187ap03_L,stock,False,False,False,False,False,2026-08-21
2496,卓越,TWSE,2002-03-08,－,20,0,TWSE t187ap03_L,stock,False,False,False,False,False,2026-08-21
2497,怡利電,TWSE,2002-02-04,－,12,12800000,TWSE t187ap03_L,stock,False,False,False,False,False,2026-08-21
2498,宏達電,TWSE,2002-03-26,－,27,0,TWSE t187ap03_L,stock,False,False,False,False,False,2026-08-21
2501,國建,TWSE,1967-10-28,－,14,0,TWSE t187ap03_L,stock,False,False,False,False,False,2026-08-21
2504,國產,TWSE,1978-03-14,－,14,0,TWSE t187ap03_L,stock,False,False,False,False,False,2026-08-21
2505,國揚,TWSE,1979-11-14,－,14,0,TWSE t187ap03_L,stock,False,False,False,False,False,2026-08-21
2506,太設,TWSE,1980-02-02,－,14,86499581,TWSE t187ap03_L,stock,False,False,False,False,False,2026-08-21
2509,全坤建,TWSE,1988-05-20,－,14,0,TWSE t187ap03_L,stock,False,False,False,False,False,2026-08-21
2511,太子,TWSE,1991-04-24,－,14,0,TWSE t187ap03_L,stock,False,False,False,False,False,2026-08-21
2514,龍邦,TWSE,1992-09-26,－,20,0,TWSE t187ap03_L,stock,False,False,False,False,False,2026-08-21
2515,中工,TWSE,1993-03-02,－,14,0,TWSE t187ap03_L,stock,False,False,False,False,False,2026-08-21
2516,新建,TWSE,1993-05-25,－,14,0,TWSE t187ap03_L,stock,False,False,False,False,False,2026-08-21
2520,冠德,TWSE,1993-10-27,－,14,0,TWSE t187ap03_L,stock,False,False,False,False,False,2026-08-21
2524,京城,TWSE,1994-10-18,－,14,0,TWSE t187ap03_L,stock,False,False,False,False,False,2026-08-21
2527,宏璟,TWSE,1995-03-06,－,14,0,TWSE t187ap03_L,stock,False,False,False,False,False,2026-08-21
2528,皇普,TWSE,1995-03-10,－,14,0,TWSE t187ap03_L,stock,False,False,False,False,False,2026-08-21
2530,華建,TWSE,1995-10-12,－,14,0,TWSE t187ap03_L,stock,False,False,False,False,False,2026-08-21
2534,宏盛,TWSE,1996-02-12,－,14,0,TWSE t187ap03_L,stock,False,False,False,False,False,2026-08-21
2535,達欣工,TWSE,1996-03-11,－,14,0,TWSE t187ap03_L,stock,False,False,False,False,False,2026-08-21
2536,宏普,TWSE,1996-03-14,－,14,0,TWSE t187ap03_L,stock,False,False,False,False,False,2026-08-21
2537,聯上發,TWSE,1996-09-06,－,14,0,TWSE t187ap03_L,stock,False,False,False,False,False,2026-08-21
2538,基泰,TWSE,1996-11-01,－,14,0,TWSE t187ap03_L,stock,False,False,False,False,False,2026-08-21
2539,櫻花建,TWSE,1997-07-16,－,14,0,TWSE t187ap03_L,stock,False,False,False,False,False,2026-08-21
2540,愛山林,TWSE,1989-12-26,－,14,0,TWSE t187ap03_L,stock,False,False,False,False,False,2026-08-21
2542,興富發,TWSE,1999-05-03,－,14,0,TWSE t187ap03_L,stock,False,False,False,False,False,2026-08-21
2543,皇昌,TWSE,1999-10-15,－,14,0,TWSE t187ap03_L,stock,False,False,False,False,False,2026-08-21
2545,皇翔,TWSE,2000-09-11,－,14,0,TWSE t187ap03_L,stock,False,False,False,False,False,2026-08-21
2546,根基,TWSE,2000-09-11,－,14,0,TWSE t187ap03_L,stock,False,False,False,False,False,2026-08-21
2547,日勝生,TWSE,2000-12-22,－,14,0,TWSE t187ap03_L,stock,False,False,False,False,False,2026-08-21
2548,華固,TWSE,2002-08-26,－,14,0,TWSE t187ap03_L,stock,False,False,False,False,False,2026-08-21
2597,潤弘,TWSE,2010-03-26,－,14,0,TWSE t187ap03_L,stock,False,False,False,False,False,2026-08-21
2601,益航,TWSE,1965-11-04,－,15,0,TWSE t187ap03_L,stock,False,False,False,False,False,2026-08-21
2603,長榮,TWSE,1987-09-21,－,15,0,TWSE t187ap03_L,stock,False,False,False,False,False,2026-08-21
2605,新興,TWSE,1989-12-08,－,15,0,TWSE t187ap03_L,stock,False,False,False,False,False,2026-08-21
2606,裕民,TWSE,1990-12-08,－,15,0,TWSE t187ap03_L,stock,False,False,False,False,False,2026-08-21
2607,榮運,TWSE,1990-12-14,－,15,0,TWSE t187ap03_L,stock,False,False,False,False,False,2026-08-21
2608,嘉里大榮,TWSE,1990-12-20,－,15,0,TWSE t187ap03_L,stock,False,False,False,False,False,2026-08-21
2609,陽明,TWSE,1992-04-20,－,15,0,TWSE t187ap03_L,stock,False,False,False,False,False,2026-08-21
2610,華航,TWSE,1993-02-26,－,15,0,TWSE t187ap03_L,stock,False,False,False,False,False,2026-08-21
2611,志信,TWSE,1993-10-28,－,15,0,TWSE t187ap03_L,stock,False,False,False,False,False,2026-08-21
2612,中航,TWSE,1994-10-20,－,15,0,TWSE t187ap03_L,stock,False,False,False,False,False,2026-08-21
2613,中櫃,TWSE,1995-01-20,－,15,0,TWSE t187ap03_L,stock,False,False,False,False,False,2026-08-21
2614,東森,TWSE,1995-09-23,－,20,0,TWSE t187ap03_L,stock,False,False,False,False,False,2026-08-21
2615,萬海,TWSE,1996-05-16,－,15,0,TWSE t187ap03_L,stock,False,False,False,False,False,2026-08-21
2616,山隆,TWSE,1997-11-08,－,23,0,TWSE t187ap03_L,stock,False,False,False,False,False,2026-08-21
2617,台航,TWSE,1998-06-24,－,15,0,TWSE t187ap03_L,stock,False,False,False,False,False,2026-08-21
2618,長榮航,TWSE,2001-09-17,－,15,0,TWSE t187ap03_L,stock,False,False,False,False,False,2026-08-21
2630,亞航,TWSE,2018-02-22,－,15,0,TWSE t187ap03_L,stock,False,False,False,False,False,2026-08-21
2633,台灣高鐵,TWSE,2016-10-27,－,15,3000000000,TWSE t187ap03_L,stock,False,False,False,False,False,2026-08-21
2634,漢翔,TWSE,2014-08-25,－,15,0,TWSE t187ap03_L,stock,False,False,False,False,False,2026-08-21
2636,台驊控股,TWSE,2016-12-22,－,15,0,TWSE t187ap03_L,stock,False,False,False,False,False,2026-08-21
2637,慧洋-KY,TWSE,2010-12-01,KY 開曼群島,15,0,TWSE t187ap03_L,stock,True,False,False,False,False,2026-08-21
2642,宅配通,TWSE,2013-12-12,－,15,0,TWSE t187ap03_L,stock,False,False,False,False,False,2026-08-21
2645,長榮航太,TWSE,2023-03-14,－,15,0,TWSE t187ap03_L,stock,False,False,False,False,False,2026-08-21
2646,星宇航空,TWSE,2024-10-25,－,15,0,TWSE t187ap03_L,stock,False,False,False,False,False,2026-08-21
2701,萬企,TWSE,1965-03-22,－,16,0,TWSE t187ap03_L,stock,False,False,False,False,False,2026-08-21
2702,華園,TWSE,1965-02-14,－,16,0,TWSE t187ap03_L,stock,False,False,False,False,False,2026-08-21
2704,國賓,TWSE,1982-11-10,－,16,0,TWSE t187ap03_L,stock,False,False,False,False,False,2026-08-21
2705,六福,TWSE,1988-12-24,－,16,4776200,TWSE t187ap03_L,stock,False,False,False,False,False,2026-08-21
2706,第一店,TWSE,1991-06-25,－,16,0,TWSE t187ap03_L,stock,False,False,False,False,False,2026-08-21
2707,晶華,TWSE,1998-03-09,－,16,0,TWSE t187ap03_L,stock,False,False,False,False,False,2026-08-21
2712,遠雄來,TWSE,2013-12-03,－,16,0,TWSE t187ap03_L,stock,False,False,False,False,False,2026-08-21
2722,夏都,TWSE,2012-03-14,－,16,0,TWSE t187ap03_L,stock,False,False,False,False,False,2026-08-21
2723,美食-KY,TWSE,2010-11-22,KY 開曼群島,16,0,TWSE t187ap03_L,stock,True,False,False,False,False,2026-08-21
2727,王品,TWSE,2012-03-06,－,16,0,TWSE t187ap03_L,stock,False,False,False,False,False,2026-08-21
2731,雄獅,TWSE,2013-09-24,－,16,0,TWSE t187ap03_L,stock,False,False,False,False,False,2026-08-21
2739,寒舍,TWSE,2016-05-19,－,16,0,TWSE t187ap03_L,stock,False,False,False,False,False,2026-08-21
2748,雲品,TWSE,2016-11-23,－,16,0,TWSE t187ap03_L,stock,False,False,False,False,False,2026-08-21
2753,八方雲集,TWSE,2021-09-09,－,16,0,TWSE t187ap03_L,stock,False,False,False,False,False,2026-08-21
2762,世界健身-KY,TWSE,2024-01-24,KY 開曼群島,37,0,TWSE t187ap03_L,stock,True,False,False,False,False,2026-08-21
2801,彰銀,TWSE,1962-02-15,－,17,0,TWSE t187ap03_L,stock,False,False,False,False,False,2026-08-21
2812,台中銀,TWSE,1984-05-15,－,17,0,TWSE t187ap03_L,stock,False,False,False,False,False,2026-08-21
2816,旺旺保,TWSE,1992-05-05,－,17,0,TWSE t187ap03_L,stock,False,False,False,False,False,2026-08-21
2820,華票,TWSE,1994-10-26,－,17,0,TWSE t187ap03_L,stock,False,False,False,False,False,2026-08-21
2832,台產,TWSE,1997-09-30,－,17,0,TWSE t187ap03_L,stock,False,False,False,False,False,2026-08-21
2834,臺企銀,TWSE,1998-01-03,－,17,0,TWSE t187ap03_L,stock,False,False,False,False,False,2026-08-21
2836,高雄銀,TWSE,1998-05-18,－,17,0,TWSE t187ap03_L,stock,False,False,False,False,False,2026-08-21
2838,聯邦銀,TWSE,1998-06-29,－,17,0,TWSE t187ap03_L,stock,False,False,False,False,False,2026-08-21
2845,遠東銀,TWSE,1998-11-27,－,17,0,TWSE t187ap03_L,stock,False,False,False,False,False,2026-08-21
2849,安泰銀,TWSE,1999-09-27,－,17,1063113402,TWSE t187ap03_L,stock,False,False,False,False,False,2026-08-21
2850,新產,TWSE,2000-05-22,－,17,0,TWSE t187ap03_L,stock,False,False,False,False,False,2026-08-21
2851,中再保,TWSE,2000-07-06,－,17,0,TWSE t187ap03_L,stock,False,False,False,False,False,2026-08-21
2852,第一保,TWSE,2000-11-28,－,17,0,TWSE t187ap03_L,stock,False,False,False,False,False,2026-08-21
2855,統一證,TWSE,2002-09-16,－,17,0,TWSE t187ap03_L,stock,False,False,False,False,False,2026-08-21
2867,三商壽,TWSE,2012-12-18,－,17,0,TWSE t187ap03_L,stock,False,False,False,False,False,2026-08-21
2880,華南金,TWSE,2001-12-19,－,17,0,TWSE t187ap03_L,stock,False,False,False,False,False,2026-08-21
2881,富邦金,TWSE,2001-12-19,－,17,0,TWSE t187ap03_L,stock,False,False,False,False,False,2026-08-21
2882,國泰金,TWSE,2001-12-31,－,17,0,TWSE t187ap03_L,stock,False,False,False,False,False,2026-08-21
2883,凱基金,TWSE,2001-12-28,－,17,0,TWSE t187ap03_L,stock,False,False,False,False,False,2026-08-21
2884,玉山金,TWSE,2002-01-28,－,17,0,TWSE t187ap03_L,stock,False,False,False,False,False,2026-08-21
2885,元大金,TWSE,2002-02-04,－,17,0,TWSE t187ap03_L,stock,False,False,False,False,False,2026-08-21
2886,兆豐金,TWSE,2002-02-04,－,17,0,TWSE t187ap03_L,stock,False,False,False,False,False,2026-08-21
2887,台新新光金,TWSE,2002-02-18,－,17,0,TWSE t187ap03_L,stock,False,False,False,False,False,2026-08-21
2889,國票金,TWSE,2002-03-26,－,17,0,TWSE t187ap03_L,stock,False,False,False,False,False,2026-08-21
2890,永豐金,TWSE,2002-05-09,－,17,0,TWSE t187ap03_L,stock,False,False,False,False,False,2026-08-21
2891,中信金,TWSE,2002-05-17,－,17,0,TWSE t187ap03_L,stock,False,False,False,False,False,2026-08-21
2892,第一金,TWSE,2003-01-02,－,17,0,TWSE t187ap03_L,stock,False,False,False,False,False,2026-08-21
2897,王道銀行,TWSE,2017-05-05,－,17,0,TWSE t187ap03_L,stock,False,False,False,False,False,2026-08-21
2901,欣欣,TWSE,1976-05-07,－,18,0,TWSE t187ap03_L,stock,False,False,False,False,False,2026-08-21
2903,遠百,TWSE,1978-10-11,－,18,0,TWSE t187ap03_L,stock,False,False,False,False,False,2026-08-21
2904,匯僑,TWSE,1983-01-05,－,20,0,TWSE t187ap03_L,stock,False,False,False,False,False,2026-08-21
2905,三商,TWSE,1988-09-19,－,18,0,TWSE t187ap03_L,stock,False,False,False,False,False,2026-08-21
2906,高林,TWSE,1989-12-26,－,18,0,TWSE t187ap03_L,stock,False,False,False,False,False,2026-08-21
2908,特力,TWSE,1993-02-18,－,18,0,TWSE t187ap03_L,stock,False,False,False,False,False,2026-08-21
2910,統領,TWSE,1996-12-30,－,18,0,TWSE t187ap03_L,stock,False,False,False,False,False,2026-08-21
2911,麗嬰房,TWSE,1997-01-18,－,18,5400000,TWSE t187ap03_L,stock,False,False,False,False,False,2026-08-21
2912,統一超,TWSE,1997-08-22,－,18,0,TWSE t187ap03_L,stock,False,False,False,False,False,2026-08-21
2913,農林,TWSE,1962-02-09,－,18,83250000,TWSE t187ap03_L,stock,False,False,False,False,False,2026-08-21
2915,潤泰全,TWSE,1977-07-20,－,18,0,TWSE t187ap03_L,stock,False,False,False,False,False,2026-08-21
2923,鼎固-KY,TWSE,2012-12-07,KY 開曼群島,14,0,TWSE t187ap03_L,stock,True,False,False,False,False,2026-08-21
2929,淘帝-KY,TWSE,2013-12-30,KY 開曼群島,18,0,TWSE t187ap03_L,stock,True,False,False,False,False,2026-08-21
2939,永邑-KY,TWSE,2018-01-11,KY 開曼群島,18,0,TWSE t187ap03_L,stock,True,False,False,False,False,2026-08-21
2945,三商家購,TWSE,2021-11-30,－,18,0,TWSE t187ap03_L,stock,False,False,False,False,False,2026-08-21
3002,歐格,TWSE,2002-01-23,－,25,0,TWSE t187ap03_L,stock,False,False,False,False,False,2026-08-21
3003,健和興,TWSE,2002-02-19,－,28,0,TWSE t187ap03_L,stock,False,False,False,False,False,2026-08-21
3004,豐達科,TWSE,2002-02-25,－,10,0,TWSE t187ap03_L,stock,False,False,False,False,False,2026-08-21
3005,神基,TWSE,2002-02-25,－,25,0,TWSE t187ap03_L,stock,False,False,False,False,False,2026-08-21
3006,晶豪科,TWSE,2002-03-04,－,24,0,TWSE t187ap03_L,stock,False,False,False,False,False,2026-08-21
3008,大立光,TWSE,2002-03-11,－,26,0,TWSE t187ap03_L,stock,False,False,False,False,False,2026-08-21
3010,華立,TWSE,2002-07-22,－,29,0,TWSE t187ap03_L,stock,False,False,False,False,False,2026-08-21
3011,今皓,TWSE,2002-07-22,－,28,12427600,TWSE t187ap03_L,stock,False,False,False,False,False,2026-08-21
3013,晟銘電,TWSE,2002-09-16,－,25,0,TWSE t187ap03_L,stock,False,False,False,False,False,2026-08-21
3014,聯陽,TWSE,2002-10-29,－,24,0,TWSE t187ap03_L,stock,False,False,False,False,False,2026-08-21
3015,全漢,TWSE,2002-10-16,－,28,0,TWSE t187ap03_L,stock,False,False,False,False,False,2026-08-21
3016,嘉晶,TWSE,2002-12-24,－,24,0,TWSE t187ap03_L,stock,False,False,False,False,False,2026-08-21
3017,奇鋐,TWSE,2002-09-27,－,25,0,TWSE t187ap03_L,stock,False,False,False,False,False,2026-08-21
3018,隆銘綠能,TWSE,2002-08-26,－,31,43295564,TWSE t187ap03_L,stock,False,False,False,False,False,2026-08-21
3019,亞光,TWSE,2002-08-26,－,26,0,TWSE t187ap03_L,stock,False,False,False,False,False,2026-08-21
3021,鴻名,TWSE,2002-08-26,－,28,0,TWSE t187ap03_L,stock,False,False,False,False,False,2026-08-21
3022,威強電,TWSE,2002-08-26,－,25,0,TWSE t187ap03_L,stock,False,False,False,False,False,2026-08-21
3023,信邦,TWSE,2002-08-26,－,28,0,TWSE t187ap03_L,stock,False,False,False,False,False,2026-08-21
3024,憶聲,TWSE,2002-08-26,－,26,0,TWSE t187ap03_L,stock,False,False,False,False,False,2026-08-21
3025,星通,TWSE,2002-08-26,－,27,0,TWSE t187ap03_L,stock,False,False,False,False,False,2026-08-21
3026,禾伸堂,TWSE,2002-08-26,－,28,0,TWSE t187ap03_L,stock,False,False,False,True,False,2026-08-21
3027,盛達,TWSE,2002-08-26,－,27,15000000,TWSE t187ap03_L,stock,False,False,False,False,False,2026-08-21
3028,增你強,TWSE,2002-08-26,－,29,0,TWSE t187ap03_L,stock,False,False,False,False,False,2026-08-21
3029,零壹,TWSE,2002-08-26,－,30,12000000,TWSE t187ap03_L,stock,False,False,False,False,False,2026-08-21
3030,德律,TWSE,2002-10-29,－,31,0,TWSE t187ap03_L,stock,False,False,False,False,False,2026-08-21
3031,佰鴻,TWSE,2002-08-26,－,26,0,TWSE t187ap03_L,stock,False,False,False,False,False,2026-08-21
3032,偉訓,TWSE,2002-08-26,－,28,10000000,TWSE t187ap03_L,stock,False,False,False,False,False,2026-08-21
3033,威健,TWSE,2002-08-26,－,29,0,TWSE t187ap03_L,stock,False,False,False,False,False,2026-08-21
3034,聯詠,TWSE,2002-08-26,－,24,0,TWSE t187ap03_L,stock,False,False,False,False,False,2026-08-21
3035,智原,TWSE,2002-08-26,－,24,0,TWSE t187ap03_L,stock,False,False,False,False,False,2026-08-21
3036,文曄,TWSE,2002-08-26,－,29,0,TWSE t187ap03_L,stock,False,False,False,False,False,2026-08-21
3037,欣興,TWSE,2002-08-26,－,28,0,TWSE t187ap03_L,stock,False,False,False,False,False,2026-08-21
3038,全台,TWSE,2002-08-26,－,26,0,TWSE t187ap03_L,stock,False,False,False,False,False,2026-08-21
3040,遠見,TWSE,2002-08-26,－,20,0,TWSE t187ap03_L,stock,False,False,False,False,False,2026-08-21
3041,揚智,TWSE,2002-08-26,－,24,23150000,TWSE t187ap03_L,stock,False,False,False,False,False,2026-08-21
3042,晶技,TWSE,2002-08-26,－,28,25000000,TWSE t187ap03_L,stock,False,False,False,False,False,2026-08-21
3043,科風,TWSE,2002-08-26,－,31,0,TWSE t187ap03_L,stock,False,False,False,False,False,2026-08-21
3044,健鼎,TWSE,2002-08-26,－,28,0,TWSE t187ap03_L,stock,False,False,False,False,False,2026-08-21
3045,台灣大,TWSE,2002-08-26,－,27,0,TWSE t187ap03_L,stock,False,False,False,False,False,2026-08-21
3046,建碁,TWSE,2002-08-26,－,25,0,TWSE t187ap03_L,stock,False,False,False,False,False,2026-08-21
3047,訊舟,TWSE,2002-08-26,－,27,0,TWSE t187ap03_L,stock,False,False,False,False,False,2026-08-21
3048,益登,TWSE,2002-10-01,－,29,25000000,TWSE t187ap03_L,stock,False,False,False,False,False,2026-08-21
3049,精金,TWSE,2002-09-27,－,26,0,TWSE t187ap03_L,stock,False,False,False,False,False,2026-08-21
3050,鈺德,TWSE,2002-10-29,－,26,0,TWSE t187ap03_L,stock,False,False,False,False,False,2026-08-21
3051,力特,TWSE,2002-10-28,－,26,30363958,TWSE t187ap03_L,stock,False,False,False,False,False,2026-08-21
3052,夆典,TWSE,1995-11-25,－,14,0,TWSE t187ap03_L,stock,False,False,False,False,False,2026-08-21
3054,立萬利,TWSE,2002-11-18,－,02,0,TWSE t187ap03_L,stock,False,False,False,False,False,2026-08-21
3055,蔚華科,TWSE,2002-12-12,－,29,16300000,TWSE t187ap03_L,stock,False,False,False,False,False,2026-08-21
3056,富華新,TWSE,2003-03-03,－,14,0,TWSE t187ap03_L,stock,False,False,False,False,False,2026-08-21
3057,喬鼎,TWSE,2002-12-18,－,25,13032513,TWSE t187ap03_L,stock,False,False,False,False,False,2026-08-21
3058,立德,TWSE,2002-12-09,－,28,7786428,TWSE t187ap03_L,stock,False,False,False,False,False,2026-08-21
3059,華晶科,TWSE,2002-12-24,－,26,0,TWSE t187ap03_L,stock,False,False,False,False,False,2026-08-21
3060,銘異,TWSE,2003-04-21,－,25,0,TWSE t187ap03_L,stock,False,False,False,False,False,2026-08-21
3062,建漢,TWSE,2003-07-28,－,27,0,TWSE t187ap03_L,stock,False,False,False,False,False,2026-08-21
3090,日電貿,TWSE,2007-12-31,－,28,0,TWSE t187ap03_L,stock,False,False,False,False,False,2026-08-21
3092,鴻碩,TWSE,2021-05-13,－,28,0,TWSE t187ap03_L,stock,False,False,False,False,False,2026-08-21
3094,聯傑,TWSE,2007-08-06,－,24,0,TWSE t187ap03_L,stock,False,False,False,False,False,2026-08-21
3130,一零四,TWSE,2006-02-17,－,36,0,TWSE t187ap03_L,stock,False,False,False,False,False,2026-08-21
3135,凌航,TWSE,2025-08-06,－,24,0,TWSE t187ap03_L,stock,False,False,False,False,False,2026-08-21
3138,耀登,TWSE,2020-12-11,－,27,0,TWSE t187ap03_L,stock,False,False,False,False,False,2026-08-21
3149,正達,TWSE,2011-11-23,－,26,12101226,TWSE t187ap03_L,stock,False,False,False,False,False,2026-08-21
3150,鈺寶-創,TWSE,2024-06-27,－,24,0,TWSE t187ap03_L,stock,False,False,False,False,False,2026-08-21
3164,景岳,TWSE,2010-03-22,－,22,0,TWSE t187ap03_L,stock,False,False,False,False,False,2026-08-21
3167,大量,TWSE,2013-10-21,－,05,0,TWSE t187ap03_L,stock,False,False,False,False,False,2026-08-21
3168,眾福科,TWSE,2024-03-26,－,26,0,TWSE t187ap03_L,stock,False,False,False,False,False,2026-08-21
3189,景碩,TWSE,2004-11-01,－,24,0,TWSE t187ap03_L,stock,False,False,False,False,False,2026-08-21
3209,全科,TWSE,2008-11-26,－,29,0,TWSE t187ap03_L,stock,False,False,False,False,False,2026-08-21
3229,晟鈦,TWSE,2009-12-31,－,28,43350507,TWSE t187ap03_L,stock,False,False,False,False,False,2026-08-21
3231,緯創,TWSE,2003-08-19,－,25,0,TWSE t187ap03_L,stock,False,False,False,False,False,2026-08-21
3257,虹冠電,TWSE,2011-03-21,－,24,0,TWSE t187ap03_L,stock,False,False,False,False,False,2026-08-21
3266,昇陽,TWSE,2014-12-24,－,14,0,TWSE t187ap03_L,stock,False,False,False,False,False,2026-08-21
3296,勝德,TWSE,2007-12-31,－,28,0,TWSE t187ap03_L,stock,False,False,False,False,False,2026-08-21
3305,昇貿,TWSE,2008-07-10,－,31,0,TWSE t187ap03_L,stock,False,False,False,False,False,2026-08-21
3308,聯德,TWSE,2008-03-12,－,28,0,TWSE t187ap03_L,stock,False,False,False,False,False,2026-08-21
3311,閎暉,TWSE,2004-03-08,－,27,0,TWSE t187ap03_L,stock,False,False,False,False,False,2026-08-21
3312,弘憶股,TWSE,2010-12-29,－,29,0,TWSE t187ap03_L,stock,False,False,False,False,False,2026-08-21
3321,同泰,TWSE,2015-12-15,－,28,0,TWSE t187ap03_L,stock,False,False,False,False,False,2026-08-21
3338,泰碩,TWSE,2013-12-13,－,28,0,TWSE t187ap03_L,stock,False,False,False,False,False,2026-08-21
3346,麗清,TWSE,2016-12-19,－,12,0,TWSE t187ap03_L,stock,False,False,False,False,False,2026-08-21
3356,奇偶,TWSE,2005-03-28,－,26,0,TWSE t187ap03_L,stock,False,False,False,False,False,2026-08-21
3376,新日興,TWSE,2007-12-31,－,28,0,TWSE t187ap03_L,stock,False,False,False,False,False,2026-08-21
3380,明泰,TWSE,2004-12-20,－,27,0,TWSE t187ap03_L,stock,False,False,False,False,False,2026-08-21
3406,玉晶光,TWSE,2005-12-20,－,26,0,TWSE t187ap03_L,stock,False,False,False,False,False,2026-08-21
3413,京鼎,TWSE,2015-07-28,－,24,0,TWSE t187ap03_L,stock,False,False,False,False,False,2026-08-21
3416,融程電,TWSE,2015-01-23,－,25,0,TWSE t187ap03_L,stock,False,False,False,False,False,2026-08-21
3419,譁裕,TWSE,2008-01-21,－,27,0,TWSE t187ap03_L,stock,False,False,False,False,False,2026-08-21
3432,台端,TWSE,2010-12-30,－,28,6230000,TWSE t187ap03_L,stock,False,False,False,False,False,2026-08-21
3437,榮創,TWSE,2014-07-09,－,26,0,TWSE t187ap03_L,stock,False,False,False,False,False,2026-08-21
3443,創意,TWSE,2006-11-03,－,24,0,TWSE t187ap03_L,stock,False,False,False,False,False,2026-08-21
3447,展達,TWSE,2022-12-15,－,27,0,TWSE t187ap03_L,stock,False,False,False,False,False,2026-08-21
3450,聯鈞,TWSE,2006-04-12,－,24,0,TWSE t187ap03_L,stock,False,False,False,False,False,2026-08-21
3481,群創,TWSE,2006-10-24,－,26,0,TWSE t187ap03_L,stock,False,False,False,False,False,2026-08-21
3494,誠研,TWSE,2007-12-13,－,25,40800000,TWSE t187ap03_L,stock,False,False,False,False,False,2026-08-21
3501,維熹,TWSE,2007-09-20,－,28,0,TWSE t187ap03_L,stock,False,False,False,False,False,2026-08-21
3504,揚明光,TWSE,2007-01-26,－,26,0,TWSE t187ap03_L,stock,False,False,False,False,False,2026-08-21
3515,華擎,TWSE,2007-11-08,－,25,0,TWSE t187ap03_L,stock,False,False,False,False,False,2026-08-21
3518,柏騰,TWSE,2007-11-28,－,31,8900000,TWSE t187ap03_L,stock,False,False,False,False,False,2026-08-21
3528,安馳,TWSE,2016-05-18,－,29,0,TWSE t187ap03_L,stock,False,False,False,False,False,2026-08-21
3530,晶相光,TWSE,2018-07-16,－,24,0,TWSE t187ap03_L,stock,False,False,False,False,False,2026-08-21
3532,台勝科,TWSE,2007-12-10,－,24,0,TWSE t187ap03_L,stock,False,False,False,False,False,2026-08-21
3533,嘉澤,TWSE,2007-12-10,－,28,0,TWSE t187ap03_L,stock,False,False,False,False,False,2026-08-21
3535,晶彩科,TWSE,2008-01-31,－,26,0,TWSE t187ap03_L,stock,False,False,False,False,False,2026-08-21
3543,州巧,TWSE,2020-04-15,－,26,0,TWSE t187ap03_L,stock,False,False,False,False,False,2026-08-21
3545,敦泰,TWSE,2007-07-03,－,24,0,TWSE t187ap03_L,stock,False,False,False,False,False,2026-08-21
3550,聯穎,TWSE,2010-11-10,－,28,0,TWSE t187ap03_L,stock,False,False,False,False,False,2026-08-21
3557,嘉威,TWSE,2008-02-27,－,38,12316671,TWSE t187ap03_L,stock,False,False,False,False,False,2026-08-21
3563,牧德,TWSE,2019-04-02,－,26,14759800,TWSE t187ap03_L,stock,False,False,False,False,False,2026-08-21
3576,聯合再生,TWSE,2009-01-12,－,26,258633452,TWSE t187ap03_L,stock,False,False,False,False,False,2026-08-21
3583,辛耘,TWSE,2013-03-12,－,24,0,TWSE t187ap03_L,stock,False,False,False,False,False,2026-08-21
3588,通嘉,TWSE,2009-08-14,－,24,0,TWSE t187ap03_L,stock,False,False,False,False,False,2026-08-21
3591,艾笛森,TWSE,2010-11-12,－,26,0,TWSE t187ap03_L,stock,False,False,False,False,False,2026-08-21
3592,瑞鼎,TWSE,2022-01-07,－,24,0,TWSE t187ap03_L,stock,False,False,False,False,False,2026-08-21
3593,力銘,TWSE,2009-03-16,－,28,23000000,TWSE t187ap03_L,stock,False,False,False,False,True,2026-08-21
3596,智易,TWSE,2009-03-11,－,27,0,TWSE t187ap03_L,stock,False,False,False,False,False,2026-08-21
3605,宏致,TWSE,2009-03-26,－,28,0,TWSE t187ap03_L,stock,False,False,False,False,False,2026-08-21
3607,谷崧,TWSE,2009-10-28,－,28,0,TWSE t187ap03_L,stock,False,False,False,False,False,2026-08-21
3617,碩天,TWSE,2009-12-23,－,31,0,TWSE t187ap03_L,stock,False,False,False,False,False,2026-08-21
3622,洋華,TWSE,2009-03-25,－,26,0,TWSE t187ap03_L,stock,False,False,False,False,False,2026-08-21
3645,達邁,TWSE,2011-10-05,－,28,0,TWSE t187ap03_L,stock,False,False,False,False,False,2026-08-21
3652,精聯,TWSE,2022-09-21,－,25,0,TWSE t187ap03_L,stock,False,False,False,False,False,2026-08-21
3653,健策,TWSE,2009-11-18,－,28,0,TWSE t187ap03_L,stock,False,False,False,False,False,2026-08-21
3661,世芯-KY,TWSE,2014-10-28,KY 開曼群島,24,2761862,TWSE t187ap03_L,stock,True,False,False,False,False,2026-08-21
3665,貿聯-KY,TWSE,2011-04-21,KY 開曼群島,31,0,TWSE t187ap03_L,stock,True,False,False,False,False,2026-08-21
3669,圓展,TWSE,2011-08-25,－,27,0,TWSE t187ap03_L,stock,False,False,False,False,False,2026-08-21
3673,TPK-KY,TWSE,2010-10-29,KY 開曼群島,26,0,TWSE t187ap03_L,stock,True,False,False,False,False,2026-08-21
3679,新至陞,TWSE,2011-10-05,－,28,0,TWSE t187ap03_L,stock,False,False,False,False,False,2026-08-21
3686,達能,TWSE,2010-07-20,－,24,0,TWSE t187ap03_L,stock,False,False,False,False,False,2026-08-21
3694,海華,TWSE,2011-05-03,－,27,0,TWSE t187ap03_L,stock,False,False,False,False,False,2026-08-21
3701,大眾控,TWSE,2004-08-30,－,25,21000000,TWSE t187ap03_L,stock,False,False,False,False,False,2026-08-21
3702,大聯大,TWSE,2005-11-09,－,29,0,TWSE t187ap03_L,stock,False,False,False,False,False,2026-08-21
3703,欣陸,TWSE,2010-04-08,－,14,0,TWSE t187ap03_L,stock,False,False,False,False,False,2026-08-21
3704,合勤控,TWSE,2010-08-16,－,27,0,TWSE t187ap03_L,stock,False,False,False,False,False,2026-08-21
3705,永信,TWSE,2011-01-03,－,22,0,TWSE t187ap03_L,stock,False,False,False,False,False,2026-08-21
3706,神達,TWSE,2013-09-12,－,25,0,TWSE t187ap03_L,stock,False,False,False,False,False,2026-08-21
3708,上緯投控,TWSE,2016-08-31,－,35,0,TWSE t187ap03_L,stock,False,False,False,False,False,2026-08-21
3711,日月光投控,TWSE,2018-04-30,－,24,0,TWSE t187ap03_L,stock,False,False,False,False,False,2026-08-21
3712,永崴投控,TWSE,2018-10-01,－,25,0,TWSE t187ap03_L,stock,False,False,False,False,False,2026-08-21
3714,富采,TWSE,2021-01-06,－,26,70000000,TWSE t187ap03_L,stock,False,False,False,False,False,2026-08-21
3715,定穎投控,TWSE,2022-08-25,－,28,0,TWSE t187ap03_L,stock,False,False,False,False,False,2026-08-21
3716,中化控股,TWSE,2024-09-02,－,22,0,TWSE t187ap03_L,stock,False,False,False,False,False,2026-08-21
3717,聯嘉投控,TWSE,2025-08-15,－,12,0,TWSE t187ap03_L,stock,False,False,False,False,False,2026-08-21
4104,佳醫,TWSE,2007-12-31,－,22,0,TWSE t187ap03_L,stock,False,False,False,False,False,2026-08-21
4106,雃博,TWSE,2004-11-08,－,22,0,TWSE t187ap03_L,stock,False,False,False,False,False,2026-08-21
4108,懷特,TWSE,2008-07-16,－,22,12861429,TWSE t187ap03_L,stock,False,False,False,False,False,2026-08-21
4119,旭富,TWSE,2004-01-07,－,22,0,TWSE t187ap03_L,stock,False,False,False,False,False,2026-08-21
4133,亞諾法,TWSE,2009-12-28,－,22,0,TWSE t187ap03_L,stock,False,False,False,False,False,2026-08-21
4137,麗豐-KY,TWSE,2013-11-27,KY 開曼群島,22,0,TWSE t187ap03_L,stock,True,False,False,False,False,2026-08-21
4142,國光生,TWSE,2012-05-03,－,22,0,TWSE t187ap03_L,stock,False,False,False,False,False,2026-08-21
4148,全宇生技-KY,TWSE,2017-06-08,KY 開曼群島,22,0,TWSE t187ap03_L,stock,True,False,False,False,False,2026-08-21
4155,訊映,TWSE,2017-12-05,－,22,0,TWSE t187ap03_L,stock,False,False,False,False,False,2026-08-21
4164,承業醫,TWSE,2012-10-24,－,22,4722000,TWSE t187ap03_L,stock,False,False,False,False,False,2026-08-21
4169,泰宗,TWSE,2026-04-08,－,22,0,TWSE t187ap03_L,stock,False,False,False,False,False,2026-08-21
4178,永笙-KY,TWSE,2026-04-30,KY 開曼群島,22,0,TWSE t187ap03_L,stock,True,False,False,False,False,2026-08-21
4190,佐登-KY,TWSE,2015-10-21,KY 開曼群島,22,0,TWSE t187ap03_L,stock,True,False,False,False,False,2026-08-21
4195,基米-創,TWSE,2026-05-11,－,22,0,TWSE t187ap03_L,stock,False,False,False,False,False,2026-08-21
4306,炎洲,TWSE,2008-01-21,－,03,0,TWSE t187ap03_L,stock,False,False,False,False,False,2026-08-21
4414,如興,TWSE,2004-09-06,－,04,50156488,TWSE t187ap03_L,stock,False,False,False,False,False,2026-08-21
4426,利勤,TWSE,2011-12-16,－,04,0,TWSE t187ap03_L,stock,False,False,False,False,False,2026-08-21
4438,廣越,TWSE,2016-10-18,－,04,0,TWSE t187ap03_L,stock,False,False,False,False,False,2026-08-21
4439,冠星-KY,TWSE,2019-12-05,KY 開曼群島,04,0,TWSE t187ap03_L,stock,True,False,False,False,False,2026-08-21
4440,宜新實業,TWSE,2021-10-25,－,04,0,TWSE t187ap03_L,stock,False,False,False,False,False,2026-08-21
4441,振大環球,TWSE,2025-09-09,－,04,0,TWSE t187ap03_L,stock,False,False,False,False,False,2026-08-21
4526,東台,TWSE,2003-09-15,－,05,0,TWSE t187ap03_L,stock,False,False,False,False,False,2026-08-21
4532,瑞智,TWSE,2003-08-04,－,05,0,TWSE t187ap03_L,stock,False,False,False,False,False,2026-08-21
4536,拓凱,TWSE,2013-10-09,－,37,0,TWSE t187ap03_L,stock,False,False,False,False,False,2026-08-21
4540,全球傳動,TWSE,2018-08-15,－,05,0,TWSE t187ap03_L,stock,False,False,False,False,False,2026-08-21
4545,銘鈺,TWSE,2016-01-06,－,28,0,TWSE t187ap03_L,stock,False,False,False,False,False,2026-08-21
4551,智伸科,TWSE,2015-08-10,－,12,0,TWSE t187ap03_L,stock,False,False,False,False,False,2026-08-21
4552,力達-KY,TWSE,2016-07-20,KY 開曼群島,05,0,TWSE t187ap03_L,stock,True,False,False,False,False,2026-08-21
4555,氣立,TWSE,2015-10-27,－,05,0,TWSE t187ap03_L,stock,False,False,False,False,False,2026-08-21
4557,永新-KY,TWSE,2015-10-12,KY 開曼群島,12,0,TWSE t187ap03_L,stock,True,False,False,False,False,2026-08-21
4560,強信-KY,TWSE,2017-05-26,KY 開曼群島,05,0,TWSE t187ap03_L,stock,True,False,False,False,False,2026-08-21
4562,穎漢,TWSE,2017-08-21,－,05,0,TWSE t187ap03_L,stock,False,False,False,False,False,2026-08-21
4564,元翎,TWSE,2019-03-07,－,05,0,TWSE t187ap03_L,stock,False,False,False,False,False,2026-08-21
4566,時碩工業,TWSE,2018-02-05,－,05,0,TWSE t187ap03_L,stock,False,False,False,False,False,2026-08-21
4569,六方科-KY,TWSE,2023-07-31,KY 開曼群島,12,0,TWSE t187ap03_L,stock,True,False,False,False,False,2026-08-21
4571,鈞興-KY,TWSE,2019-09-17,KY 開曼群島,05,0,TWSE t187ap03_L,stock,True,False,False,False,False,2026-08-21
4572,駐龍,TWSE,2019-09-10,－,05,0,TWSE t187ap03_L,stock,False,False,False,False,False,2026-08-21
4576,大銀微系統,TWSE,2019-09-04,－,05,0,TWSE t187ap03_L,stock,False,False,False,False,False,2026-08-21
4581,光隆精密-KY,TWSE,2020-03-09,KY 開曼群島,12,0,TWSE t187ap03_L,stock,True,False,False,False,False,2026-08-21
4582,聚恆-創,TWSE,2026-05-22,－,35,0,TWSE t187ap03_L,stock,False,False,False,False,False,2026-08-21
4583,台灣精銳,TWSE,2022-05-09,－,05,0,TWSE t187ap03_L,stock,False,False,False,False,False,2026-08-21
4585,達明,TWSE,2025-09-26,－,31,0,TWSE t187ap03_L,stock,False,False,False,False,False,2026-08-21
4588,玖鼎電力,TWSE,2024-01-29,－,31,0,TWSE t187ap03_L,stock,False,False,False,False,False,2026-08-21
4590,富田-創,TWSE,2026-01-29,－,05,0,TWSE t187ap03_L,stock,False,False,False,False,False,2026-08-21
4720,德淵,TWSE,2015-06-24,－,21,0,TWSE t187ap03_L,stock,False,False,False,False,False,2026-08-21
4722,國精化,TWSE,2012-08-15,－,21,0,TWSE t187ap03_L,stock,False,False,False,False,False,2026-08-21
4736,泰博,TWSE,2023-12-22,－,22,0,TWSE t187ap03_L,stock,False,False,False,False,False,2026-08-21
4737,華廣,TWSE,2010-12-23,－,22,0,TWSE t187ap03_L,stock,False,False,False,False,False,2026-08-21
4739,康普,TWSE,2017-09-08,－,21,3150000,TWSE t187ap03_L,stock,False,False,False,False,False,2026-08-21
4746,台耀,TWSE,2011-03-01,－,22,0,TWSE t187ap03_L,stock,False,False,False,False,False,2026-08-21
4755,三福化,TWSE,2013-11-27,－,21,0,TWSE t187ap03_L,stock,False,False,False,False,False,2026-08-21
4763,材料*-KY,TWSE,2015-11-09,KY 開曼群島,21,0,TWSE t187ap03_L,stock,True,False,False,False,False,2026-08-21
4764,雙鍵,TWSE,2018-01-04,－,21,0,TWSE t187ap03_L,stock,False,False,False,False,False,2026-08-21
4766,南寶,TWSE,2018-11-28,－,21,0,TWSE t187ap03_L,stock,False,False,False,False,False,2026-08-21
4770,上品,TWSE,2021-12-22,－,21,0,TWSE t187ap03_L,stock,False,False,False,False,False,2026-08-21
4771,望隼,TWSE,2024-03-18,－,22,0,TWSE t187ap03_L,stock,False,False,False,False,False,2026-08-21
4807,日成-KY,TWSE,2017-06-26,KY 開曼群島,18,0,TWSE t187ap03_L,stock,True,False,False,False,False,2026-08-21
4904,遠傳,TWSE,2005-08-24,－,27,93440600,TWSE t187ap03_L,stock,False,False,False,False,False,2026-08-21
4906,正文,TWSE,2003-06-30,－,27,0,TWSE t187ap03_L,stock,False,False,False,False,False,2026-08-21
4912,聯德控股-KY,TWSE,2015-05-21,KY 開曼群島,28,0,TWSE t187ap03_L,stock,True,False,False,False,False,2026-08-21
4915,致伸,TWSE,2012-10-05,－,28,0,TWSE t187ap03_L,stock,False,False,False,False,False,2026-08-21
4916,事欣科,TWSE,2013-11-21,－,25,0,TWSE t187ap03_L,stock,False,False,False,False,False,2026-08-21
4919,新唐,TWSE,2010-09-27,－,24,0,TWSE t187ap03_L,stock,False,False,False,False,False,2026-08-21
4927,泰鼎-KY,TWSE,2015-09-08,KY 開曼群島,28,0,TWSE t187ap03_L,stock,True,False,False,False,False,2026-08-21
4930,燦星網,TWSE,2010-06-21,－,06,0,TWSE t187ap03_L,stock,False,False,False,False,False,2026-08-21
4934,太極,TWSE,2011-08-16,－,26,14023475,TWSE t187ap03_L,stock,False,False,False,False,False,2026-08-21
4935,茂林-KY,TWSE,2011-07-28,KY 開曼群島,26,0,TWSE t187ap03_L,stock,True,False,False,False,False,2026-08-21
4938,和碩,TWSE,2010-06-24,－,25,0,TWSE t187ap03_L,stock,False,False,False,False,False,2026-08-21
4942,嘉彰,TWSE,2011-06-27,－,26,0,TWSE t187ap03_L,stock,False,False,False,False,False,2026-08-21
4943,康控-KY,TWSE,2016-11-11,KY 開曼群島,28,47655676,TWSE t187ap03_L,stock,True,False,False,False,True,2026-08-21
4949,有成精密,TWSE,2024-05-09,－,26,0,TWSE t187ap03_L,stock,False,False,False,False,False,2026-08-21
4952,凌通,TWSE,2011-11-01,－,24,0,TWSE t187ap03_L,stock,False,False,False,False,False,2026-08-21
4956,光鋐,TWSE,2011-10-24,－,26,0,TWSE t187ap03_L,stock,False,False,False,False,False,2026-08-21
4958,臻鼎-KY,TWSE,2011-12-26,KY 開曼群島,28,0,TWSE t187ap03_L,stock,True,False,False,False,False,2026-08-21
4960,誠美材,TWSE,2011-10-24,－,26,0,TWSE t187ap03_L,stock,False,False,False,False,False,2026-08-21
4961,天鈺,TWSE,2018-10-17,－,24,0,TWSE t187ap03_L,stock,False,False,False,False,False,2026-08-21
4967,十銓,TWSE,2019-01-14,－,24,0,TWSE t187ap03_L,stock,False,False,False,False,False,2026-08-21
4968,立積,TWSE,2015-11-13,－,24,0,TWSE t187ap03_L,stock,False,False,False,False,False,2026-08-21
4976,佳凌,TWSE,2012-11-20,－,26,0,TWSE t187ap03_L,stock,False,False,False,False,False,2026-08-21
4977,眾達-KY,TWSE,2013-11-20,KY 開曼群島,27,0,TWSE t187ap03_L,stock,True,False,False,False,False,2026-08-21
4989,榮科,TWSE,2018-06-28,－,28,0,TWSE t187ap03_L,stock,False,False,False,False,False,2026-08-21
4994,傳奇,TWSE,2013-12-25,－,30,0,TWSE t187ap03_L,stock,False,False,False,False,False,2026-08-21
4999,鑫禾,TWSE,2013-06-03,－,28,0,TWSE t187ap03_L,stock,False,False,False,False,False,2026-08-21
5007,三星,TWSE,2011-09-16,－,10,0,TWSE t187ap03_L,stock,False,False,False,False,False,2026-08-21
5203,訊連,TWSE,2004-09-27,－,30,0,TWSE t187ap03_L,stock,False,False,False,False,False,2026-08-21
5215,科嘉-KY,TWSE,2011-12-26,KY 開曼群島,25,0,TWSE t187ap03_L,stock,True,False,False,False,False,2026-08-21
5222,全訊,TWSE,2021-10-25,－,24,0,TWSE t187ap03_L,stock,False,False,False,False,False,2026-08-21
5225,東科-KY,TWSE,2012-11-05,KY 開曼群島,31,0,TWSE t187ap03_L,stock,True,False,False,False,False,2026-08-21
5234,達興材料,TWSE,2012-07-16,－,26,0,TWSE t187ap03_L,stock,False,False,False,False,False,2026-08-21
5236,凌陽創新,TWSE,2026-07-16,－,24,0,TWSE t187ap03_L,stock,False,False,False,False,False,2026-08-21
5243,乙盛-KY,TWSE,2013-11-25,KY 開曼群島,26,0,TWSE t187ap03_L,stock,True,False,False,False,False,2026-08-21
5244,弘凱,TWSE,2022-01-19,－,26,0,TWSE t187ap03_L,stock,False,False,False,False,False,2026-08-21
5258,虹堡,TWSE,2016-12-30,－,25,0,TWSE t187ap03_L,stock,False,False,False,False,False,2026-08-21
5269,祥碩,TWSE,2012-12-12,－,24,0,TWSE t187ap03_L,stock,False,False,False,False,False,2026-08-21
5283,禾聯碩,TWSE,2019-05-24,－,06,0,TWSE t187ap03_L,stock,False,False,False,False,False,2026-08-21
5284,jpp-KY,TWSE,2017-03-09,KY 開曼群島,20,0,TWSE t187ap03_L,stock,True,False,False,False,False,2026-08-21
5285,界霖,TWSE,2014-02-25,－,24,0,TWSE t187ap03_L,stock,False,False,False,False,False,2026-08-21
5288,豐祥-KY,TWSE,2014-09-25,KY 開曼群島,05,0,TWSE t187ap03_L,stock,True,False,False,False,False,2026-08-21
5292,華懋,TWSE,2023-11-21,－,35,0,TWSE t187ap03_L,stock,False,False,False,False,False,2026-08-21
5306,桂盟,TWSE,2022-03-08,－,37,0,TWSE t187ap03_L,stock,False,False,False,False,False,2026-08-21
5388,中磊,TWSE,2007-12-03,－,27,0,TWSE t187ap03_L,stock,False,False,False,False,False,2026-08-21
5434,崇越,TWSE,2003-08-25,－,29,0,TWSE t187ap03_L,stock,False,False,False,False,False,2026-08-21
5469,瀚宇博,TWSE,2003-08-25,－,28,0,TWSE t187ap03_L,stock,False,False,False,False,False,2026-08-21
5471,松翰,TWSE,2003-08-25,－,24,0,TWSE t187ap03_L,stock,False,False,False,False,False,2026-08-21
5484,慧友,TWSE,2003-08-25,－,26,0,TWSE t187ap03_L,stock,False,False,False,False,False,2026-08-21
5515,建國,TWSE,2003-10-06,－,14,0,TWSE t187ap03_L,stock,False,False,False,False,False,2026-08-21
5519,隆大,TWSE,2014-02-10,－,14,0,TWSE t187ap03_L,stock,False,False,False,False,False,2026-08-21
5521,工信,TWSE,2012-12-18,－,14,0,TWSE t187ap03_L,stock,False,False,False,False,False,2026-08-21
5522,遠雄,TWSE,2007-08-06,－,14,0,TWSE t187ap03_L,stock,False,False,False,False,False,2026-08-21
5525,順天,TWSE,2004-11-26,－,14,0,TWSE t187ap03_L,stock,False,False,False,False,False,2026-08-21
5531,鄉林,TWSE,2005-01-31,－,14,0,TWSE t187ap03_L,stock,False,False,False,False,False,2026-08-21
5533,皇鼎,TWSE,2008-04-30,－,14,0,TWSE t187ap03_L,stock,False,False,False,False,False,2026-08-21
5534,長虹,TWSE,2004-05-24,－,14,0,TWSE t187ap03_L,stock,False,False,False,False,False,2026-08-21
5538,東明-KY,TWSE,2013-12-16,KY 開曼群島,10,0,TWSE t187ap03_L,stock,True,False,False,False,False,2026-08-21
5546,永固-KY,TWSE,2020-05-20,KY 開曼群島,14,0,TWSE t187ap03_L,stock,True,False,False,False,False,2026-08-21
5607,遠雄港,TWSE,2004-12-02,－,15,0,TWSE t187ap03_L,stock,False,False,False,False,False,2026-08-21
5608,四維航,TWSE,2003-08-25,－,15,0,TWSE t187ap03_L,stock,False,False,False,False,False,2026-08-21
5706,鳳凰,TWSE,2011-10-21,－,16,0,TWSE t187ap03_L,stock,False,False,False,False,False,2026-08-21
5871,中租-KY,TWSE,2011-12-13,KY 開曼群島,20,0,TWSE t187ap03_L,stock,True,False,False,False,False,2026-08-21
5876,上海商銀,TWSE,2018-10-19,－,17,0,TWSE t187ap03_L,stock,False,False,False,False,False,2026-08-21
5880,合庫金,TWSE,2011-12-01,－,17,0,TWSE t187ap03_L,stock,False,False,False,False,False,2026-08-21
5906,台南-KY,TWSE,2011-10-24,KY 開曼群島,18,0,TWSE t187ap03_L,stock,True,False,False,False,False,2026-08-21
5907,大洋-KY,TWSE,2012-06-06,KY 開曼群島,18,0,TWSE t187ap03_L,stock,True,False,False,False,False,2026-08-21
6005,群益證,TWSE,2005-11-21,－,17,0,TWSE t187ap03_L,stock,False,False,False,False,False,2026-08-21
6024,群益期,TWSE,2017-10-16,－,17,0,TWSE t187ap03_L,stock,False,False,False,False,False,2026-08-21
6108,競國,TWSE,2008-12-30,－,28,0,TWSE t187ap03_L,stock,False,False,False,False,False,2026-08-21
6112,邁達特,TWSE,2003-08-04,－,30,66000000,TWSE t187ap03_L,stock,False,False,False,False,False,2026-08-21
6115,鎰勝,TWSE,2004-07-19,－,28,0,TWSE t187ap03_L,stock,False,False,False,False,False,2026-08-21
6116,彩晶,TWSE,2004-09-06,－,26,0,TWSE t187ap03_L,stock,False,False,False,False,False,2026-08-21
6117,迎廣,TWSE,2003-08-25,－,25,0,TWSE t187ap03_L,stock,False,False,False,False,False,2026-08-21
6120,達運,TWSE,2006-09-13,－,26,0,TWSE t187ap03_L,stock,False,False,False,False,False,2026-08-21
6128,上福,TWSE,2003-06-16,－,25,0,TWSE t187ap03_L,stock,False,False,False,False,False,2026-08-21
6133,金橋,TWSE,2003-08-15,－,28,0,TWSE t187ap03_L,stock,False,False,False,False,False,2026-08-21
6136,富爾特,TWSE,2003-08-25,－,27,0,TWSE t187ap03_L,stock,False,False,False,False,False,2026-08-21
6139,亞翔,TWSE,2003-08-25,－,31,0,TWSE t187ap03_L,stock,False,False,False,False,False,2026-08-21
6141,柏承,TWSE,2003-10-22,－,28,0,TWSE t187ap03_L,stock,False,False,False,False,False,2026-08-21
6142,友勁,TWSE,2003-08-04,－,27,101100000,TWSE t187ap03_L,stock,False,False,False,False,False,2026-08-21
6152,百一,TWSE,2009-12-08,－,27,0,TWSE t187ap03_L,stock,False,False,False,False,False,2026-08-21
6153,嘉聯益,TWSE,2008-01-21,－,28,88826433,TWSE t187ap03_L,stock,False,False,False,False,False,2026-08-21
6155,鈞寶,TWSE,2006-08-18,－,28,0,TWSE t187ap03_L,stock,False,False,False,False,False,2026-08-21
6164,華興,TWSE,2008-10-21,－,26,0,TWSE t187ap03_L,stock,False,False,False,False,False,2026-08-21
6165,浪凡,TWSE,2003-08-04,－,36,0,TWSE t187ap03_L,stock,False,False,False,False,False,2026-08-21
6166,凌華,TWSE,2004-11-08,－,25,14707559,TWSE t187ap03_L,stock,False,False,False,False,False,2026-08-21
6168,宏齊,TWSE,2003-08-25,－,26,0,TWSE t187ap03_L,stock,False,False,False,False,False,2026-08-21
6176,瑞儀,TWSE,2007-05-15,－,26,0,TWSE t187ap03_L,stock,False,False,False,False,False,2026-08-21
6177,達麗,TWSE,2013-08-01,－,14,0,TWSE t187ap03_L,stock,False,False,False,False,False,2026-08-21
6183,關貿,TWSE,2011-12-01,－,30,0,TWSE t187ap03_L,stock,False,False,False,False,False,2026-08-21
6184,大豐電,TWSE,2005-02-15,－,20,0,TWSE t187ap03_L,stock,False,False,False,False,False,2026-08-21
6189,豐藝,TWSE,2004-05-24,－,29,0,TWSE t187ap03_L,stock,False,False,False,False,False,2026-08-21
6191,精成科,TWSE,2007-10-19,－,28,0,TWSE t187ap03_L,stock,False,False,False,False,False,2026-08-21
6192,巨路,TWSE,2004-09-27,－,31,0,TWSE t187ap03_L,stock,False,False,False,False,False,2026-08-21
6196,帆宣,TWSE,2004-05-24,－,31,0,TWSE t187ap03_L,stock,False,False,False,False,False,2026-08-21
6197,佳必琪,TWSE,2004-11-08,－,28,0,TWSE t187ap03_L,stock,False,False,False,False,False,2026-08-21
6201,亞弘電,TWSE,2004-09-27,－,31,0,TWSE t187ap03_L,stock,False,False,False,False,False,2026-08-21
6202,盛群,TWSE,2004-09-27,－,24,4220000,TWSE t187ap03_L,stock,False,False,False,False,False,2026-08-21
6205,詮欣,TWSE,2008-01-21,－,28,0,TWSE t187ap03_L,stock,False,False,False,False,False,2026-08-21
6206,飛捷,TWSE,2004-08-03,－,25,0,TWSE t187ap03_L,stock,False,False,False,False,False,2026-08-21
6209,今國光,TWSE,2004-11-08,－,26,0,TWSE t187ap03_L,stock,False,False,False,False,False,2026-08-21
6213,聯茂,TWSE,2008-01-21,－,28,0,TWSE t187ap03_L,stock,False,False,False,True,False,2026-08-21
6214,精誠,TWSE,2010-12-30,－,30,0,TWSE t187ap03_L,stock,False,False,False,False,False,2026-08-21
6215,和椿,TWSE,2007-12-31,－,31,0,TWSE t187ap03_L,stock,False,False,False,False,False,2026-08-21
6216,居易,TWSE,2004-09-27,－,27,0,TWSE t187ap03_L,stock,False,False,False,False,False,2026-08-21
6224,聚鼎,TWSE,2009-09-17,－,28,0,TWSE t187ap03_L,stock,False,False,False,False,False,2026-08-21
6225,天瀚,TWSE,2004-09-27,－,26,20825395,TWSE t187ap03_L,stock,False,False,False,True,True,2026-08-21
6226,光鼎,TWSE,2008-11-10,－,26,0,TWSE t187ap03_L,stock,False,False,False,False,False,2026-08-21
6230,尼得科超眾,TWSE,2010-09-16,－,25,0,TWSE t187ap03_L,stock,False,False,False,False,False,2026-08-21
6235,華孚,TWSE,2004-08-23,－,25,0,TWSE t187ap03_L,stock,False,False,False,False,False,2026-08-21
6239,力成,TWSE,2004-11-08,－,24,0,TWSE t187ap03_L,stock,False,False,False,False,False,2026-08-21
6243,迅杰,TWSE,2009-12-17,－,24,8000000,TWSE t187ap03_L,stock,False,False,False,False,False,2026-08-21
6257,矽格,TWSE,2003-08-25,－,24,0,TWSE t187ap03_L,stock,False,False,False,False,False,2026-08-21
6269,台郡,TWSE,2003-09-23,－,28,0,TWSE t187ap03_L,stock,False,False,False,False,False,2026-08-21
6271,同欣電,TWSE,2007-11-16,－,24,0,TWSE t187ap03_L,stock,False,False,False,False,False,2026-08-21
6272,驊陞,TWSE,2025-12-22,－,28,0,TWSE t187ap03_L,stock,False,False,False,False,False,2026-08-21
6277,宏正,TWSE,2003-10-30,－,25,0,TWSE t187ap03_L,stock,False,False,False,False,False,2026-08-21
6278,台表科,TWSE,2010-08-24,－,26,0,TWSE t187ap03_L,stock,False,False,False,False,False,2026-08-21
6281,全國電,TWSE,2005-12-08,－,29,0,TWSE t187ap03_L,stock,False,False,False,False,False,2026-08-21
6282,康舒,TWSE,2003-09-08,－,28,0,TWSE t187ap03_L,stock,False,False,False,False,False,2026-08-21
6283,淳安,TWSE,2008-01-21,－,31,66453000,TWSE t187ap03_L,stock,False,False,False,False,False,2026-08-21
6285,啟碁,TWSE,2003-09-22,－,27,0,TWSE t187ap03_L,stock,False,False,False,False,False,2026-08-21
6405,悅城,TWSE,2013-11-28,－,26,0,TWSE t187ap03_L,stock,False,False,False,False,False,2026-08-21
6409,旭隼,TWSE,2014-03-31,－,31,0,TWSE t187ap03_L,stock,False,False,False,False,False,2026-08-21
6412,群電,TWSE,2013-11-08,－,28,0,TWSE t187ap03_L,stock,False,False,False,False,False,2026-08-21
6414,樺漢,TWSE,2014-03-28,－,25,0,TWSE t187ap03_L,stock,False,False,False,False,False,2026-08-21
6415,矽力*-KY,TWSE,2013-12-12,KY 開曼群島,24,0,TWSE t187ap03_L,stock,True,False,False,False,False,2026-08-21
6416,瑞祺電通,TWSE,2018-04-16,－,27,0,TWSE t187ap03_L,stock,False,False,False,False,False,2026-08-21
6426,統新,TWSE,2021-03-24,－,27,0,TWSE t187ap03_L,stock,False,False,False,False,False,2026-08-21
6431,光麗-KY,TWSE,2014-12-04,KY 開曼群島,22,46956000,TWSE t187ap03_L,stock,True,False,False,False,False,2026-08-21
6438,迅得,TWSE,2021-01-19,－,31,0,TWSE t187ap03_L,stock,False,False,False,False,False,2026-08-21
6442,光聖,TWSE,2015-07-14,－,27,0,TWSE t187ap03_L,stock,False,False,False,False,False,2026-08-21
6443,元晶,TWSE,2015-10-01,－,26,0,TWSE t187ap03_L,stock,False,False,False,False,False,2026-08-21
6446,藥華藥,TWSE,2024-01-25,－,22,0,TWSE t187ap03_L,stock,False,False,False,False,False,2026-08-21
6449,鈺邦,TWSE,2014-12-09,－,28,0,TWSE t187ap03_L,stock,False,False,False,False,False,2026-08-21
6451,訊芯-KY,TWSE,2015-01-26,KY 開曼群島,24,0,TWSE t187ap03_L,stock,True,False,False,False,False,2026-08-21
6456,GIS-KY,TWSE,2015-06-12,KY 開曼群島,26,0,TWSE t187ap03_L,stock,True,False,False,False,False,2026-08-21
6464,台數科,TWSE,2015-12-16,－,20,0,TWSE t187ap03_L,stock,False,False,False,False,False,2026-08-21
6472,保瑞,TWSE,2023-12-19,－,22,0,TWSE t187ap03_L,stock,False,False,False,False,False,2026-08-21
6477,安集,TWSE,2016-06-21,－,26,0,TWSE t187ap03_L,stock,False,False,False,False,False,2026-08-21
6491,晶碩,TWSE,2019-10-07,－,22,0,TWSE t187ap03_L,stock,False,False,False,False,False,2026-08-21
6504,南六,TWSE,2013-05-07,－,20,0,TWSE t187ap03_L,stock,False,False,False,False,False,2026-08-21
6505,台塑化,TWSE,2003-12-26,－,23,0,TWSE t187ap03_L,stock,False,False,False,False,False,2026-08-21
6515,穎崴,TWSE,2021-01-20,－,24,0,TWSE t187ap03_L,stock,False,False,False,False,False,2026-08-21
6525,捷敏-KY,TWSE,2016-04-12,KY 開曼群島,24,0,TWSE t187ap03_L,stock,True,False,False,False,False,2026-08-21
6526,達發,TWSE,2023-10-19,－,24,0,TWSE t187ap03_L,stock,False,False,False,False,False,2026-08-21
6531,愛普*,TWSE,2016-05-31,－,24,0,TWSE t187ap03_L,stock,False,False,False,False,False,2026-08-21
6533,晶心科,TWSE,2017-03-14,－,24,0,TWSE t187ap03_L,stock,False,False,False,False,False,2026-08-21
6534,正瀚-創,TWSE,2023-12-21,－,22,0,TWSE t187ap03_L,stock,False,False,False,False,False,2026-08-21
6541,泰福-KY,TWSE,2017-10-26,KY 開曼群島,22,0,TWSE t187ap03_L,stock,True,False,False,False,False,2026-08-21
6550,北極星藥業-KY,TWSE,2022-06-06,KY 開曼群島,22,431384666,TWSE t187ap03_L,stock,True,False,False,False,False,2026-08-21
6552,易華電,TWSE,2017-01-10,－,24,0,TWSE t187ap03_L,stock,False,False,False,False,False,2026-08-21
6558,興能高,TWSE,2018-12-05,－,31,7300000,TWSE t187ap03_L,stock,False,False,False,False,False,2026-08-21
6573,虹揚-KY,TWSE,2017-09-26,KY 開曼群島,24,0,TWSE t187ap03_L,stock,True,False,False,False,False,2026-08-21
6579,研揚,TWSE,2017-08-21,－,25,0,TWSE t187ap03_L,stock,False,False,False,False,False,2026-08-21
6581,鋼聯,TWSE,2018-01-30,－,35,0,TWSE t187ap03_L,stock,False,False,False,False,False,2026-08-21
6582,申豐,TWSE,2017-06-14,－,11,0,TWSE t187ap03_L,stock,False,False,False,False,False,2026-08-21
6585,鼎基,TWSE,2022-05-20,－,20,0,TWSE t187ap03_L,stock,False,False,False,False,False,2026-08-21
6589,台康生技,TWSE,2025-07-21,－,22,55000000,TWSE t187ap03_L,stock,False,False,False,False,False,2026-08-21
6591,動力-KY,TWSE,2017-12-28,KY 開曼群島,25,0,TWSE t187ap03_L,stock,True,False,False,False,False,2026-08-21
6592,和潤企業,TWSE,2019-12-09,－,20,0,TWSE t187ap03_L,stock,False,False,False,False,False,2026-08-21
6598,ABC-KY,TWSE,2020-06-09,KY 開曼群島,22,0,TWSE t187ap03_L,stock,True,False,False,False,False,2026-08-21
6605,帝寶,TWSE,2004-03-17,－,12,0,TWSE t187ap03_L,stock,False,False,False,False,False,2026-08-21
6606,建德工業,TWSE,2023-03-24,－,05,0,TWSE t187ap03_L,stock,False,False,False,False,False,2026-08-21
6614,資拓宏宇,TWSE,2025-11-25,－,36,0,TWSE t187ap03_L,stock,False,False,False,False,False,2026-08-21
6625,必應,TWSE,2018-02-07,－,20,0,TWSE t187ap03_L,stock,False,False,False,False,False,2026-08-21
6641,基士德-KY,TWSE,2018-09-21,KY 開曼群島,35,0,TWSE t187ap03_L,stock,True,False,False,False,False,2026-08-21
6645,金萬林-創,TWSE,2023-12-21,－,22,0,TWSE t187ap03_L,stock,False,False,False,False,False,2026-08-21
6655,科定,TWSE,2018-11-28,－,20,0,TWSE t187ap03_L,stock,False,False,False,False,False,2026-08-21
6657,華安,TWSE,2023-06-12,－,22,0,TWSE t187ap03_L,stock,False,False,False,False,False,2026-08-21
6658,聯策,TWSE,2023-11-02,－,31,0,TWSE t187ap03_L,stock,False,False,False,False,False,2026-08-21
6666,羅麗芬-KY,TWSE,2018-11-19,KY 開曼群島,22,0,TWSE t187ap03_L,stock,True,False,False,False,False,2026-08-21
6668,中揚光,TWSE,2018-12-12,－,26,27285000,TWSE t187ap03_L,stock,False,False,False,False,False,2026-08-21
6669,緯穎,TWSE,2019-03-27,－,25,0,TWSE t187ap03_L,stock,False,False,False,False,False,2026-08-21
6670,復盛應用,TWSE,2018-12-18,－,37,0,TWSE t187ap03_L,stock,False,False,False,False,False,2026-08-21
6671,三能-KY,TWSE,2018-12-11,KY 開曼群島,38,0,TWSE t187ap03_L,stock,True,False,False,False,False,2026-08-21
6672,騰輝電子-KY,TWSE,2019-04-17,KY 開曼群島,28,0,TWSE t187ap03_L,stock,True,False,False,False,False,2026-08-21
6674,鋐寶科技,TWSE,2018-11-28,－,27,0,TWSE t187ap03_L,stock,False,False,False,False,False,2026-08-21
6689,伊雲谷,TWSE,2022-09-13,－,36,0,TWSE t187ap03_L,stock,False,False,False,False,False,2026-08-21
6691,洋基工程,TWSE,2022-01-03,－,31,0,TWSE t187ap03_L,stock,False,False,False,False,False,2026-08-21
6695,芯鼎,TWSE,2022-11-04,－,24,20000000,TWSE t187ap03_L,stock,False,False,False,False,False,2026-08-21
6698,旭暉應材,TWSE,2019-11-25,－,31,0,TWSE t187ap03_L,stock,False,False,False,False,False,2026-08-21
6706,惠特,TWSE,2019-12-19,－,26,0,TWSE t187ap03_L,stock,False,False,False,False,False,2026-08-21
6715,嘉基,TWSE,2019-12-12,－,28,0,TWSE t187ap03_L,stock,False,False,False,False,False,2026-08-21
6719,力智,TWSE,2022-01-13,－,24,21000000,TWSE t187ap03_L,stock,False,False,False,False,False,2026-08-21
6722,輝創,TWSE,2026-01-16,－,31,0,TWSE t187ap03_L,stock,False,False,False,False,False,2026-08-21
6742,澤米,TWSE,2023-12-05,－,26,0,TWSE t187ap03_L,stock,False,False,False,False,False,2026-08-21
6743,安普新,TWSE,2020-12-14,－,31,0,TWSE t187ap03_L,stock,False,False,False,False,False,2026-08-21
6753,龍德造船,TWSE,2023-03-10,－,15,0,TWSE t187ap03_L,stock,False,False,False,False,False,2026-08-21
6754,匯僑設計,TWSE,2020-08-25,－,38,0,TWSE t187ap03_L,stock,False,False,False,False,False,2026-08-21
6756,威鋒電子,TWSE,2020-12-24,－,24,0,TWSE t187ap03_L,stock,False,False,False,False,False,2026-08-21
6757,台灣虎航,TWSE,2023-08-15,－,15,0,TWSE t187ap03_L,stock,False,False,False,False,False,2026-08-21
6768,志強-KY,TWSE,2021-04-22,KY 開曼群島,37,0,TWSE t187ap03_L,stock,True,False,False,False,False,2026-08-21
6770,力積電,TWSE,2021-12-06,－,24,0,TWSE t187ap03_L,stock,False,False,False,False,False,2026-08-21
6771,平和環保-創,TWSE,2024-05-17,－,35,0,TWSE t187ap03_L,stock,False,False,False,False,False,2026-08-21
6776,展碁國際,TWSE,2021-03-31,－,29,0,TWSE t187ap03_L,stock,False,False,False,False,False,2026-08-21
6781,AES-KY,TWSE,2021-03-22,KY 開曼群島,28,0,TWSE t187ap03_L,stock,True,False,False,False,False,2026-08-21
6782,視陽,TWSE,2022-11-28,－,22,0,TWSE t187ap03_L,stock,False,False,False,False,False,2026-08-21
6789,采鈺,TWSE,2022-06-30,－,24,0,TWSE t187ap03_L,stock,False,False,False,False,False,2026-08-21
6790,永豐實,TWSE,2021-09-29,－,09,0,TWSE t187ap03_L,stock,False,False,False,False,False,2026-08-21
6792,詠業,TWSE,2021-12-08,－,27,0,TWSE t187ap03_L,stock,False,False,False,False,False,2026-08-21
6794,向榮生技,TWSE,2024-05-21,－,22,15200000,TWSE t187ap03_L,stock,False,False,False,False,False,2026-08-21
6796,晉弘,TWSE,2022-06-01,－,22,0,TWSE t187ap03_L,stock,False,False,False,False,False,2026-08-21
6799,來頡,TWSE,2022-05-12,－,24,0,TWSE t187ap03_L,stock,False,False,False,False,False,2026-08-21
6805,富世達,TWSE,2023-11-09,－,28,0,TWSE t187ap03_L,stock,False,False,False,False,False,2026-08-21
6807,峰源-KY,TWSE,2022-04-25,KY 開曼群島,38,0,TWSE t187ap03_L,stock,True,False,False,False,False,2026-08-21
6830,汎銓,TWSE,2022-08-31,－,31,0,TWSE t187ap03_L,stock,False,False,False,False,False,2026-08-21
6831,邁科,TWSE,2025-11-25,－,25,0,TWSE t187ap03_L,stock,False,False,False,False,False,2026-08-21
6834,天二科技,TWSE,2022-09-01,－,28,0,TWSE t187ap03_L,stock,False,False,False,False,False,2026-08-21
6835,圓裕,TWSE,2022-11-10,－,28,0,TWSE t187ap03_L,stock,False,False,False,False,False,2026-08-21
6838,台新藥,TWSE,2024-08-13,－,22,0,TWSE t187ap03_L,stock,False,False,False,False,False,2026-08-21
6854,錼創科技-KY創,TWSE,2022-08-18,KY 開曼群島,24,0,TWSE t187ap03_L,stock,True,False,False,False,False,2026-08-21
6861,睿生光電,TWSE,2023-03-27,－,22,0,TWSE t187ap03_L,stock,False,False,False,False,False,2026-08-21
6862,三集瑞-KY,TWSE,2024-10-23,KY 開曼群島,28,0,TWSE t187ap03_L,stock,True,False,False,False,False,2026-08-21
6863,永道-KY,TWSE,2023-03-21,KY 開曼群島,27,0,TWSE t187ap03_L,stock,True,False,False,False,False,2026-08-21
6869,雲豹能源,TWSE,2023-03-14,－,35,0,TWSE t187ap03_L,stock,False,False,False,False,False,2026-08-21
6873,泓德能源,TWSE,2024-09-26,－,35,4284654,TWSE t187ap03_L,stock,False,False,False,False,False,2026-08-21
6885,全福生技,TWSE,2024-12-16,－,22,0,TWSE t187ap03_L,stock,False,False,False,False,False,2026-08-21
6887,寶綠特-KY,TWSE,2025-03-10,KY 開曼群島,35,0,TWSE t187ap03_L,stock,True,False,False,False,False,2026-08-21
6890,來億-KY,TWSE,2024-06-12,KY 開曼群島,37,0,TWSE t187ap03_L,stock,True,False,False,False,False,2026-08-21
6901,鑽石投資,TWSE,2023-09-19,－,20,0,TWSE t187ap03_L,stock,False,False,False,False,False,2026-08-21
6902,GOGOLOOK,TWSE,2023-07-13,－,36,0,TWSE t187ap03_L,stock,False,False,False,False,False,2026-08-21
6906,現觀科,TWSE,2024-01-15,－,36,0,TWSE t187ap03_L,stock,False,False,False,False,False,2026-08-21
6908,宏碁遊戲-創,TWSE,2026-03-25,－,29,0,TWSE t187ap03_L,stock,False,False,False,False,False,2026-08-21
6909,創控,TWSE,2025-05-21,－,24,0,TWSE t187ap03_L,stock,False,False,False,False,False,2026-08-21
6914,阜爾運通,TWSE,2024-05-03,－,20,0,TWSE t187ap03_L,stock,False,False,False,False,False,2026-08-21
6916,華凌,TWSE,2023-12-05,－,26,0,TWSE t187ap03_L,stock,False,False,False,False,False,2026-08-21
6918,愛派司,TWSE,2025-06-10,－,22,0,TWSE t187ap03_L,stock,False,False,False,False,False,2026-08-21
6919,康霈*,TWSE,2024-10-02,－,22,0,TWSE t187ap03_L,stock,False,False,False,False,False,2026-08-21
6921,嘉雨思-創,TWSE,2025-12-23,－,24,0,TWSE t187ap03_L,stock,False,False,False,False,False,2026-08-21
6923,中台,TWSE,2024-09-25,－,35,0,TWSE t187ap03_L,stock,False,False,False,False,False,2026-08-21
6924,榮惠-KY創,TWSE,2024-12-03,KY 開曼群島,28,0,TWSE t187ap03_L,stock,True,False,False,False,False,2026-08-21
6928,攸泰科技,TWSE,2024-05-16,－,25,0,TWSE t187ap03_L,stock,False,False,False,False,False,2026-08-21
6931,青松健康,TWSE,2025-01-15,－,22,0,TWSE t187ap03_L,stock,False,False,False,False,False,2026-08-21
6933,AMAX-KY,TWSE,2023-11-08,KY 開曼群島,25,0,TWSE t187ap03_L,stock,True,False,False,False,False,2026-08-21
6934,心誠鎂,TWSE,2026-02-02,－,22,0,TWSE t187ap03_L,stock,False,False,False,False,False,2026-08-21
6936,永鴻生技,TWSE,2025-04-28,－,22,0,TWSE t187ap03_L,stock,False,False,False,False,False,2026-08-21
6937,天虹,TWSE,2023-12-12,－,24,0,TWSE t187ap03_L,stock,False,False,False,False,False,2026-08-21
6944,兆聯實業,TWSE,2025-05-28,－,35,0,TWSE t187ap03_L,stock,False,False,False,False,False,2026-08-21
6947,台鎔科技,TWSE,2026-07-23,－,35,0,TWSE t187ap03_L,stock,False,False,False,False,False,2026-08-21
6949,沛爾生醫-創,TWSE,2024-03-08,－,22,0,TWSE t187ap03_L,stock,False,False,False,False,False,2026-08-21
6951,青新-創,TWSE,2024-06-18,－,35,0,TWSE t187ap03_L,stock,False,False,False,False,False,2026-08-21
6952,大武山,TWSE,2024-06-13,－,20,0,TWSE t187ap03_L,stock,False,False,False,False,False,2026-08-21
6955,邦睿生技-創,TWSE,2024-12-06,－,22,0,TWSE t187ap03_L,stock,False,False,False,False,False,2026-08-21
6957,裕慶-KY,TWSE,2024-06-25,KY 開曼群島,20,0,TWSE t187ap03_L,stock,True,False,False,False,False,2026-08-21
6958,日盛台駿,TWSE,2024-08-20,－,20,0,TWSE t187ap03_L,stock,False,False,False,False,False,2026-08-21
6962,奕力-KY,TWSE,2024-11-26,KY 開曼群島,24,0,TWSE t187ap03_L,stock,True,False,False,False,False,2026-08-21
6965,中傑-KY,TWSE,2025-03-07,KY 開曼群島,37,0,TWSE t187ap03_L,stock,True,False,False,False,False,2026-08-21
6969,成信實業*-創,TWSE,2024-09-09,－,35,0,TWSE t187ap03_L,stock,False,False,False,False,False,2026-08-21
6988,威力暘-創,TWSE,2024-10-23,－,12,0,TWSE t187ap03_L,stock,False,False,False,False,False,2026-08-21
6994,富威電力,TWSE,2025-01-15,－,35,0,TWSE t187ap03_L,stock,False,False,False,False,False,2026-08-21
7610,聯友金屬-創,TWSE,2025-09-09,－,35,0,TWSE t187ap03_L,stock,False,False,False,False,False,2026-08-21
7631,聚賢研發-創,TWSE,2025-03-13,－,31,0,TWSE t187ap03_L,stock,False,False,False,False,False,2026-08-21
7689,大鵬科CLMX,TWSE,2026-07-28,－,27,0,TWSE t187ap03_L,stock,False,False,False,False,False,2026-08-21
7705,三商餐飲,TWSE,2024-11-26,－,16,0,TWSE t187ap03_L,stock,False,False,False,False,False,2026-08-21
7711,永擎,TWSE,2025-11-19,－,25,0,TWSE t187ap03_L,stock,False,False,False,False,False,2026-08-21
7721,微程式,TWSE,2025-07-29,－,36,5000000,TWSE t187ap03_L,stock,False,False,False,False,False,2026-08-21
7722,LINEPAY,TWSE,2024-12-05,－,36,0,TWSE t187ap03_L,stock,False,False,False,False,False,2026-08-21
7730,暉盛-創,TWSE,2025-11-04,－,24,0,TWSE t187ap03_L,stock,False,False,False,False,False,2026-08-21
7732,金興精密,TWSE,2025-01-14,－,12,0,TWSE t187ap03_L,stock,False,False,False,False,False,2026-08-21
7736,虎山,TWSE,2025-03-18,－,12,0,TWSE t187ap03_L,stock,False,False,False,False,False,2026-08-21
7740,熙特爾-創,TWSE,2025-06-16,－,35,0,TWSE t187ap03_L,stock,False,False,False,False,False,2026-08-21
7749,意騰-KY,TWSE,2025-06-13,KY 開曼群島,24,0,TWSE t187ap03_L,stock,True,False,False,False,False,2026-08-21
7750,新代,TWSE,2025-09-17,－,05,0,TWSE t187ap03_L,stock,False,False,False,False,False,2026-08-21
7760,享溫馨,TWSE,2026-04-28,－,16,0,TWSE t187ap03_L,stock,False,False,False,False,False,2026-08-21
7765,中華資安,TWSE,2025-09-08,－,36,0,TWSE t187ap03_L,stock,False,False,False,False,False,2026-08-21
7768,頌勝科技,TWSE,2026-05-07,－,24,0,TWSE t187ap03_L,stock,False,False,False,False,False,2026-08-21
7769,鴻勁,TWSE,2025-11-27,－,24,0,TWSE t187ap03_L,stock,False,False,False,False,False,2026-08-21
7780,大研生醫*,TWSE,2025-09-09,－,02,0,TWSE t187ap03_L,stock,False,False,False,False,False,2026-08-21
7786,東方風能,TWSE,2025-11-18,－,35,0,TWSE t187ap03_L,stock,False,False,False,False,False,2026-08-21
7788,松川精密,TWSE,2025-10-16,－,28,0,TWSE t187ap03_L,stock,False,False,False,False,False,2026-08-21
7791,皇家可口,TWSE,2025-10-28,－,02,0,TWSE t187ap03_L,stock,False,False,False,False,False,2026-08-21
7795,長廣,TWSE,2026-01-16,－,28,0,TWSE t187ap03_L,stock,False,False,False,True,False,2026-08-21
7799,禾榮科,TWSE,2025-09-15,－,22,0,TWSE t187ap03_L,stock,False,False,False,False,False,2026-08-21
7803,雲象科技-創,TWSE,2026-05-20,－,22,0,TWSE t187ap03_L,stock,False,False,False,False,False,2026-08-21
7818,溢泰實業,TWSE,2026-05-18,－,35,0,TWSE t187ap03_L,stock,False,False,False,False,False,2026-08-21
7821,神數,TWSE,2026-04-20,－,12,0,TWSE t187ap03_L,stock,False,False,False,False,False,2026-08-21
7822,倍利科,TWSE,2026-03-30,－,24,0,TWSE t187ap03_L,stock,False,False,False,False,False,2026-08-21
7823,奧義賽博-KY創,TWSE,2026-02-05,KY 開曼群島,36,0,TWSE t187ap03_L,stock,True,False,False,False,False,2026-08-21
7827,漢康-KY創,TWSE,2026-05-29,KY 開曼群島,22,0,TWSE t187ap03_L,stock,True,False,False,False,False,2026-08-21
7835,永悅健康-創,TWSE,2026-07-24,－,36,0,TWSE t187ap03_L,stock,False,False,False,False,False,2026-08-21
7855,和運租車,TWSE,2026-08-11,－,20,0,TWSE t187ap03_L,stock,False,False,False,False,False,2026-08-21
8011,台通,TWSE,2011-09-19,－,27,0,TWSE t187ap03_L,stock,False,False,False,False,False,2026-08-21
8016,矽創,TWSE,2003-12-25,－,24,0,TWSE t187ap03_L,stock,False,False,False,False,False,2026-08-21
8021,尖點,TWSE,2008-01-21,－,31,0,TWSE t187ap03_L,stock,False,False,False,False,False,2026-08-21
8028,昇陽半導體,TWSE,2018-07-10,－,24,0,TWSE t187ap03_L,stock,False,False,False,False,False,2026-08-21
8033,雷虎,TWSE,2007-06-21,－,20,7672502,TWSE t187ap03_L,stock,False,False,False,True,False,2026-08-21
8039,台虹,TWSE,2009-12-17,－,28,0,TWSE t187ap03_L,stock,False,False,False,False,False,2026-08-21
8045,達運光電,TWSE,2024-12-11,－,27,0,TWSE t187ap03_L,stock,False,False,False,False,False,2026-08-21
8046,南電,TWSE,2006-04-07,－,28,0,TWSE t187ap03_L,stock,False,False,False,False,False,2026-08-21
8070,長華*,TWSE,2007-12-31,－,29,0,TWSE t187ap03_L,stock,False,False,False,False,False,2026-08-21
8072,陞泰,TWSE,2005-08-19,－,29,0,TWSE t187ap03_L,stock,False,False,False,False,False,2026-08-21
8081,致新,TWSE,2008-12-30,－,24,0,TWSE t187ap03_L,stock,False,False,False,False,False,2026-08-21
8101,華冠,TWSE,2004-07-01,－,27,39078012,TWSE t187ap03_L,stock,False,False,False,False,True,2026-08-21
8103,瀚荃,TWSE,2009-09-29,－,28,0,TWSE t187ap03_L,stock,False,False,False,False,False,2026-08-21
8104,錸寶,TWSE,2019-01-17,－,26,0,TWSE t187ap03_L,stock,False,False,False,False,False,2026-08-21
8105,凌巨,TWSE,2006-12-27,－,26,152981757,TWSE t187ap03_L,stock,False,False,False,False,False,2026-08-21
8110,華東,TWSE,2007-10-31,－,24,0,TWSE t187ap03_L,stock,False,False,False,False,False,2026-08-21
8112,至上,TWSE,2007-12-31,－,29,0,TWSE t187ap03_L,stock,False,False,False,False,False,2026-08-21
8114,振樺電,TWSE,2012-11-26,－,25,0,TWSE t187ap03_L,stock,False,False,False,False,False,2026-08-21
8131,福懋科,TWSE,2007-11-29,－,24,0,TWSE t187ap03_L,stock,False,False,False,False,False,2026-08-21
8150,南茂,TWSE,2014-04-11,－,24,0,TWSE t187ap03_L,stock,False,False,False,False,False,2026-08-21
8162,微矽電子-創,TWSE,2024-03-07,－,24,0,TWSE t187ap03_L,stock,False,False,False,False,False,2026-08-21
8163,達方,TWSE,2007-11-28,－,25,0,TWSE t187ap03_L,stock,False,False,False,False,False,2026-08-21
8201,無敵,TWSE,2007-10-29,－,31,0,TWSE t187ap03_L,stock,False,False,False,False,False,2026-08-21
8210,勤誠,TWSE,2011-12-01,－,25,0,TWSE t187ap03_L,stock,False,False,False,False,False,2026-08-21
8213,志超,TWSE,2009-12-25,－,28,0,TWSE t187ap03_L,stock,False,False,False,False,False,2026-08-21
8215,明基材,TWSE,2010-11-12,－,26,0,TWSE t187ap03_L,stock,False,False,False,False,False,2026-08-21
8222,寶一,TWSE,2015-01-27,－,05,0,TWSE t187ap03_L,stock,False,False,False,False,False,2026-08-21
8249,菱光,TWSE,2005-05-17,－,28,23475000,TWSE t187ap03_L,stock,False,False,False,False,False,2026-08-21
8261,富鼎,TWSE,2009-12-11,－,24,0,TWSE t187ap03_L,stock,False,False,False,False,False,2026-08-21
8271,宇瞻,TWSE,2010-12-29,－,24,6041000,TWSE t187ap03_L,stock,False,False,False,False,False,2026-08-21
8341,日友,TWSE,2015-03-23,－,35,0,TWSE t187ap03_L,stock,False,False,False,False,False,2026-08-21
8367,建新國際,TWSE,2018-09-12,－,15,0,TWSE t187ap03_L,stock,False,False,False,False,False,2026-08-21
8374,羅昇,TWSE,2008-12-25,－,05,23000000,TWSE t187ap03_L,stock,False,False,False,False,False,2026-08-21
8404,百和興業-KY,TWSE,2011-05-18,KY 開曼群島,20,0,TWSE t187ap03_L,stock,True,False,False,False,False,2026-08-21
8411,福貞-KY,TWSE,2011-11-01,KY 開曼群島,20,0,TWSE t187ap03_L,stock,True,False,False,False,False,2026-08-21
8422,可寧衛*,TWSE,2011-10-05,－,35,0,TWSE t187ap03_L,stock,False,False,False,False,False,2026-08-21
8429,金麗-KY,TWSE,2012-12-20,KY 開曼群島,18,0,TWSE t187ap03_L,stock,True,False,False,False,False,2026-08-21
8438,昶昕,TWSE,2022-03-11,－,35,0,TWSE t187ap03_L,stock,False,False,False,False,False,2026-08-21
8442,威宏-KY,TWSE,2016-11-08,KY 開曼群島,20,0,TWSE t187ap03_L,stock,True,False,False,False,False,2026-08-21
8443,阿瘦,TWSE,2014-09-15,－,18,0,TWSE t187ap03_L,stock,False,False,False,False,False,2026-08-21
8454,富邦媒,TWSE,2014-12-19,－,36,0,TWSE t187ap03_L,stock,False,False,False,False,False,2026-08-21
8462,柏文,TWSE,2019-03-15,－,37,0,TWSE t187ap03_L,stock,False,False,False,False,False,2026-08-21
8463,潤泰材,TWSE,2015-07-13,－,20,0,TWSE t187ap03_L,stock,False,False,False,False,False,2026-08-21
8464,億豐,TWSE,2015-12-22,－,38,0,TWSE t187ap03_L,stock,False,False,False,False,False,2026-08-21
8466,美吉吉-KY,TWSE,2016-11-01,KY 開曼群島,20,0,TWSE t187ap03_L,stock,True,False,False,False,False,2026-08-21
8467,波力-KY,TWSE,2015-12-15,KY 開曼群島,37,0,TWSE t187ap03_L,stock,True,False,False,False,False,2026-08-21
8473,山林水,TWSE,2016-09-08,－,35,10676119,TWSE t187ap03_L,stock,False,False,False,False,False,2026-08-21
8476,台境*,TWSE,2023-10-31,－,35,0,TWSE t187ap03_L,stock,False,False,False,False,False,2026-08-21
8478,東哥遊艇,TWSE,2017-12-11,－,37,0,TWSE t187ap03_L,stock,False,False,False,False,False,2026-08-21
8481,政伸,TWSE,2017-02-24,－,20,0,TWSE t187ap03_L,stock,False,False,False,False,False,2026-08-21
8482,商億-KY,TWSE,2018-08-15,KY 開曼群島,38,0,TWSE t187ap03_L,stock,True,False,False,False,False,2026-08-21
8487,愛爾達-創,TWSE,2024-03-26,－,36,0,TWSE t187ap03_L,stock,False,False,False,False,False,2026-08-21
8488,吉源-KY,TWSE,2016-12-13,KY 開曼群島,20,0,TWSE t187ap03_L,stock,True,False,False,False,False,2026-08-21
8499,鼎炫-KY,TWSE,2017-11-24,KY 開曼群島,31,0,TWSE t187ap03_L,stock,True,False,False,False,False,2026-08-21
8926,台汽電,TWSE,2003-08-25,－,23,0,TWSE t187ap03_L,stock,False,False,False,False,False,2026-08-21
8940,新天地,TWSE,2009-05-15,－,16,0,TWSE t187ap03_L,stock,False,False,False,False,False,2026-08-21
8996,高力,TWSE,2014-02-14,－,05,0,TWSE t187ap03_L,stock,False,False,False,False,False,2026-08-21
9103,美德醫療-DR,TWSE,2002-12-13,BM 百慕達群島,91,0,TWSE t187ap03_L,stock,False,False,False,False,False,2026-08-21
9105,泰金寶-DR,TWSE,2003-09-22,TH 泰國,91,0,TWSE t187ap03_L,stock,False,False,False,False,False,2026-08-21
9110,越南控-DR,TWSE,2009-12-03,KY 開曼群島,91,0,TWSE t187ap03_L,stock,False,False,False,False,True,2026-08-21
9136,巨騰-DR,TWSE,2009-05-25,KY 開曼群島,91,0,TWSE t187ap03_L,stock,False,False,False,False,False,2026-08-21
9802,鈺齊-KY,TWSE,2012-10-18,KY 開曼群島,37,0,TWSE t187ap03_L,stock,True,False,False,False,False,2026-08-21
9902,台火,TWSE,1964-07-14,－,20,0,TWSE t187ap03_L,stock,False,False,False,False,False,2026-08-21
9904,寶成,TWSE,1990-01-19,－,37,0,TWSE t187ap03_L,stock,False,False,False,False,False,2026-08-21
9905,大華,TWSE,1990-08-08,－,20,0,TWSE t187ap03_L,stock,False,False,False,False,False,2026-08-21
9906,欣巴巴,TWSE,1990-12-15,－,14,0,TWSE t187ap03_L,stock,False,False,False,False,False,2026-08-21
9907,統一實,TWSE,1991-01-29,－,20,0,TWSE t187ap03_L,stock,False,False,False,False,False,2026-08-21
9908,大台北,TWSE,1991-02-06,－,23,0,TWSE t187ap03_L,stock,False,False,False,False,False,2026-08-21
9910,豐泰,TWSE,1992-02-18,－,37,0,TWSE t187ap03_L,stock,False,False,False,False,False,2026-08-21
9911,櫻花,TWSE,1992-07-16,－,38,0,TWSE t187ap03_L,stock,False,False,False,False,False,2026-08-21
9912,偉聯,TWSE,1992-08-08,－,25,0,TWSE t187ap03_L,stock,False,False,False,False,False,2026-08-21
9914,美利達,TWSE,1992-09-30,－,37,0,TWSE t187ap03_L,stock,False,False,False,False,False,2026-08-21
9917,中保科,TWSE,1993-12-08,－,20,0,TWSE t187ap03_L,stock,False,False,False,False,False,2026-08-21
9918,欣天然,TWSE,1994-04-26,－,23,0,TWSE t187ap03_L,stock,False,False,False,False,False,2026-08-21
9919,康那香,TWSE,1994-11-04,－,20,0,TWSE t187ap03_L,stock,False,False,False,False,False,2026-08-21
9921,巨大,TWSE,1994-12-29,－,37,0,TWSE t187ap03_L,stock,False,False,False,False,False,2026-08-21
9924,福興,TWSE,1995-03-15,－,38,0,TWSE t187ap03_L,stock,False,False,False,False,False,2026-08-21
9925,新保,TWSE,1995-12-09,－,20,0,TWSE t187ap03_L,stock,False,False,False,False,False,2026-08-21
9926,新海,TWSE,1998-04-08,－,23,0,TWSE t187ap03_L,stock,False,False,False,False,False,2026-08-21
9927,泰銘,TWSE,1999-03-12,－,20,0,TWSE t187ap03_L,stock,False,False,False,False,False,2026-08-21
9928,中視,TWSE,1999-08-09,－,20,8800240,TWSE t187ap03_L,stock,False,False,False,False,False,2026-08-21
9929,秋雨,TWSE,1999-06-28,－,20,43800000,TWSE t187ap03_L,stock,False,False,False,False,False,2026-08-21
9930,中聯資源,TWSE,1999-11-22,－,35,0,TWSE t187ap03_L,stock,False,False,False,False,False,2026-08-21
9931,欣高,TWSE,2000-03-21,－,23,0,TWSE t187ap03_L,stock,False,False,False,False,False,2026-08-21
9933,中鼎,TWSE,1993-05-28,－,20,45099000,TWSE t187ap03_L,stock,False,False,False,False,False,2026-08-21
9934,成霖,TWSE,2000-09-11,－,38,0,TWSE t187ap03_L,stock,False,False,False,False,False,2026-08-21
9935,慶豐富,TWSE,2000-09-11,－,38,0,TWSE t187ap03_L,stock,False,False,False,False,False,2026-08-21
9937,全國,TWSE,2000-09-11,－,23,0,TWSE t187ap03_L,stock,False,False,False,False,False,2026-08-21
9938,百和,TWSE,2001-01-12,－,20,0,TWSE t187ap03_L,stock,False,False,False,False,False,2026-08-21
9939,宏全,TWSE,2001-03-02,－,20,0,TWSE t187ap03_L,stock,False,False,False,False,False,2026-08-21
9940,信義,TWSE,2001-09-17,－,20,0,TWSE t187ap03_L,stock,False,False,False,False,False,2026-08-21
9941,裕融,TWSE,2001-09-17,－,20,0,TWSE t187ap03_L,stock,False,False,False,False,False,2026-08-21
9942,茂順,TWSE,2002-01-28,－,20,0,TWSE t187ap03_L,stock,False,False,False,False,False,2026-08-21
9943,好樂迪,TWSE,2002-08-26,－,16,0,TWSE t187ap03_L,stock,False,False,False,False,False,2026-08-21
9944,新麗,TWSE,2002-08-26,－,20,0,TWSE t187ap03_L,stock,False,False,False,False,False,2026-08-21
9945,潤泰新,TWSE,1992-04-30,－,20,0,TWSE t187ap03_L,stock,False,False,False,False,False,2026-08-21
9946,三發地產,TWSE,2013-09-17,－,14,0,TWSE t187ap03_L,stock,False,False,False,False,False,2026-08-21
9955,佳龍,TWSE,2008-01-21,－,35,0,TWSE t187ap03_L,stock,False,False,False,False,False,2026-08-21
9958,世紀鋼,TWSE,2008-03-12,－,10,0,TWSE t187ap03_L,stock,False,False,False,False,False,2026-08-21
