symbol,exchange,rows,first_date,last_date,duplicate_dates,invalid_ohlcv_rows,max_field_missing_ratio,missing_trading_day_ratio,has_120_days,downloaded
1240,TPEx,1945,2018-08-08,2026-08-19,0,0,0.0,0.003075345976422339,True,True
1259,TPEx,1971,2018-01-02,2026-08-17,0,0,0.0,0.05828953655040614,True,True
1264,TPEx,2051,2018-01-02,2026-08-19,0,0,0.0,0.021002386634844883,True,True
1268,TPEx,2086,2018-01-02,2026-08-19,0,0,0.0,0.0042959427207637235,True,True
1294,TPEx,458,2024-09-26,2026-08-19,0,0,0.0,0.002178649237472796,True,True
1295,TPEx,302,2025-05-27,2026-08-19,0,0,0.0,0.0,True,True
1336,TPEx,2094,2018-01-02,2026-08-19,0,0,0.0,0.0004773269689737347,True,True
1565,TPEx,2095,2018-01-02,2026-08-19,0,0,0.0,0.0,True,True
1569,TPEx,2095,2018-01-02,2026-08-19,0,0,0.0,0.0,True,True
1570,TPEx,2088,2018-01-02,2026-08-19,0,0,0.0,0.003341288782816254,True,True
1580,TPEx,2095,2018-01-02,2026-08-19,0,0,0.0,0.0,True,True
1584,TPEx,2094,2018-01-02,2026-08-19,0,0,0.0,0.0004773269689737347,True,True
1586,TPEx,2095,2018-01-02,2026-08-19,0,0,0.0,0.0,True,True
1591,TPEx,2058,2018-01-02,2026-08-19,0,0,0.0,0.01766109785202863,True,True
1593,TPEx,2084,2018-01-02,2026-08-19,0,0,0.0,0.005250596658711193,True,True
1595,TPEx,2091,2018-01-02,2026-08-19,0,0,0.0,0.0019093078758949389,True,True
1599,TPEx,2094,2018-01-02,2026-08-19,0,0,0.0,0.0004773269689737347,True,True
1742,TPEx,2085,2018-01-02,2026-08-19,0,0,0.0,0.004773269689737458,True,True
1777,TPEx,2089,2018-01-02,2026-08-19,0,0,0.0,0.0028639618138425194,True,True
1780,TPEx,44,2026-06-17,2026-08-19,0,0,0.0,0.0,False,True
1781,TPEx,2091,2018-01-02,2026-08-18,0,0,0.0,0.0014326647564469885,True,True
1784,TPEx,2095,2018-01-02,2026-08-19,0,0,0.0,0.0,True,True
1785,TPEx,2095,2018-01-02,2026-08-19,0,0,0.0,0.0,True,True
1788,TPEx,2087,2018-01-02,2026-08-19,0,0,0.0,0.003818615751789989,True,True
1796,TPEx,2025,2018-01-22,2026-08-19,0,0,0.0,0.026910139356078777,True,True
1799,TPEx,2087,2018-01-02,2026-08-19,0,0,0.0,0.003818615751789989,True,True
1813,TPEx,2085,2018-01-02,2026-08-18,0,0,0.0,0.004297994269340966,True,True
1815,TPEx,2095,2018-01-02,2026-08-19,0,0,0.0,0.0,True,True
2035,TPEx,1898,2018-01-02,2026-08-19,0,0,0.0,0.09403341288782818,True,True
2061,TPEx,2070,2018-01-02,2026-08-19,0,0,0.0,0.011933174224343701,True,True
2063,TPEx,2090,2018-01-02,2026-08-19,0,0,0.0,0.0023866348448687846,True,True
2064,TPEx,1966,2018-01-02,2026-08-19,0,0,0.0,0.06157517899761333,True,True
2065,TPEx,2091,2018-01-02,2026-08-19,0,0,0.0,0.0019093078758949389,True,True
2066,TPEx,2076,2018-01-02,2026-08-19,0,0,0.0,0.009069212410501182,True,True
2067,TPEx,2035,2018-01-02,2026-08-19,0,0,0.0,0.02863961813842486,True,True
2070,TPEx,1835,2018-12-17,2026-08-19,0,0,0.0,0.013440860215053752,True,True
2073,TPEx,566,2023-06-21,2026-08-18,0,0,0.0,0.26205997392438074,True,True
2221,TPEx,2090,2018-01-02,2026-08-19,0,0,0.0,0.0023866348448687846,True,True
2230,TPEx,2090,2018-01-02,2026-08-19,0,0,0.0,0.0023866348448687846,True,True
2235,TPEx,1921,2018-01-02,2026-08-19,0,0,0.0,0.08305489260143195,True,True
2596,TPEx,2094,2018-01-02,2026-08-19,0,0,0.0,0.0004773269689737347,True,True
2640,TPEx,2090,2018-01-02,2026-08-19,0,0,0.0,0.0023866348448687846,True,True
2641,TPEx,2090,2018-01-02,2026-08-19,0,0,0.0,0.0023866348448687846,True,True
2643,TPEx,2088,2018-01-02,2026-08-19,0,0,0.0,0.003341288782816254,True,True
2718,TPEx,1764,2018-01-10,2026-08-19,0,0,0.0,0.1555768310196266,True,True
2719,TPEx,1931,2018-01-03,2026-08-19,0,0,0.0,0.07784145176695323,True,True
2724,TPEx,1623,2018-01-09,2026-08-19,0,0,0.0,0.223444976076555,True,True
2726,TPEx,2076,2018-01-02,2026-08-19,0,0,0.0,0.009069212410501182,True,True
2729,TPEx,2092,2018-01-02,2026-08-19,0,0,0.0,0.0014319809069212042,True,True
2732,TPEx,2095,2018-01-02,2026-08-19,0,0,0.0,0.0,True,True
2734,TPEx,2066,2018-01-02,2026-08-19,0,0,0.0,0.01384248210023864,True,True
2736,TPEx,2075,2018-01-02,2026-08-19,0,0,0.0,0.009546539379474916,True,True
2740,TPEx,1641,2018-01-02,2026-08-19,0,0,0.0,0.21670644391408111,True,True
2743,TPEx,1568,2020-03-09,2026-08-19,0,0,0.0,0.001273885350318471,True,True
2745,TPEx,2021,2018-04-16,2026-08-19,0,0,0.0,0.00492368291482026,True,True
2751,TPEx,463,2024-09-10,2026-08-19,0,0,0.0,0.014893617021276562,True,True
2752,TPEx,1584,2019-09-25,2026-08-19,0,0,0.0,0.054892601431980936,True,True
2754,TPEx,1437,2020-09-17,2026-08-19,0,0,0.0,0.0,True,True
2755,TPEx,1365,2020-12-16,2026-08-19,0,0,0.0,0.007994186046511587,True,True
2756,TPEx,1099,2022-01-14,2026-08-19,0,0,0.0,0.011690647482014427,True,True
2916,TPEx,2034,2018-01-02,2026-08-19,0,0,0.0,0.029116945107398595,True,True
2924,TPEx,1569,2018-01-02,2026-08-19,0,0,0.0,0.2510739856801909,True,True
2926,TPEx,2081,2018-01-02,2026-08-19,0,0,0.0,0.006682577565632508,True,True
2937,TPEx,1908,2018-01-02,2026-08-19,0,0,0.0,0.08926014319809072,True,True
2941,TPEx,395,2024-03-20,2026-08-19,0,0,0.0,0.3282312925170068,True,True
2947,TPEx,1078,2021-10-06,2026-08-18,0,0,0.0,0.08721422523285349,True,True
2948,TPEx,502,2023-12-12,2026-08-19,0,0,0.0,0.22769230769230764,True,True
2949,TPEx,538,2023-12-15,2026-08-19,0,0,0.0,0.1684698608964451,True,True
3064,TPEx,1740,2018-01-02,2026-08-04,0,0,0.0,0.1650671785028791,True,True
3066,TPEx,2026,2018-01-02,2026-08-19,0,0,0.0,0.032935560859188584,True,True
3067,TPEx,1655,2018-01-03,2026-08-19,0,0,0.0,0.2096466093600764,True,True
3071,TPEx,2089,2018-01-02,2026-08-19,0,0,0.0,0.0028639618138425194,True,True
3073,TPEx,1775,2018-01-03,2026-08-19,0,0,0.0,0.15234001910219674,True,True
3078,TPEx,2095,2018-01-02,2026-08-19,0,0,0.0,0.0,True,True
3081,TPEx,2095,2018-01-02,2026-08-19,0,0,0.0,0.0,True,True
3083,TPEx,2095,2018-01-02,2026-08-19,0,0,0.0,0.0,True,True
3085,TPEx,1904,2018-01-02,2026-08-19,0,0,0.0,0.09116945107398566,True,True
3086,TPEx,1915,2018-01-02,2026-08-19,0,0,0.0,0.08591885441527447,True,True
3088,TPEx,2095,2018-01-02,2026-08-19,0,0,0.0,0.0,True,True
3093,TPEx,2042,2018-01-03,2026-08-19,0,0,0.0,0.024832855778414542,True,True
3095,TPEx,2034,2018-01-02,2026-08-19,0,0,0.0,0.029116945107398595,True,True
3105,TPEx,2095,2018-01-02,2026-08-19,0,0,0.0,0.0,True,True
3114,TPEx,2095,2018-01-02,2026-08-19,0,0,0.0,0.0,True,True
3115,TPEx,1844,2018-01-03,2026-08-19,0,0,0.0,0.1193887297039159,True,True
3118,TPEx,2067,2018-01-02,2026-08-19,0,0,0.0,0.013365155131264905,True,True
3122,TPEx,2080,2018-01-02,2026-08-19,0,0,0.0,0.007159904534606243,True,True
3128,TPEx,2095,2018-01-02,2026-08-19,0,0,0.0,0.0,True,True
3131,TPEx,2094,2018-01-02,2026-08-19,0,0,0.0,0.0004773269689737347,True,True
3141,TPEx,2095,2018-01-02,2026-08-19,0,0,0.0,0.0,True,True
3147,TPEx,1999,2018-05-29,2026-08-19,0,0,0.0,0.0009995002498750516,True,True
3152,TPEx,2090,2018-01-02,2026-08-19,0,0,0.0,0.0023866348448687846,True,True
3158,TPEx,179,2025-11-17,2026-08-19,0,0,0.0,0.021857923497267784,True,True
3162,TPEx,2038,2018-01-02,2026-08-19,0,0,0.0,0.027207637231503545,True,True
3163,TPEx,2095,2018-01-02,2026-08-19,0,0,0.0,0.0,True,True
3169,TPEx,2088,2018-01-02,2026-08-19,0,0,0.0,0.003341288782816254,True,True
3171,TPEx,2049,2018-01-02,2026-08-19,0,0,0.0,0.021957040572792352,True,True
3176,TPEx,2095,2018-01-02,2026-08-19,0,0,0.0,0.0,True,True
3178,TPEx,1879,2018-11-19,2026-08-19,0,0,0.0,0.0005319148936170359,True,True
3188,TPEx,2072,2018-01-02,2026-08-19,0,0,0.0,0.010978520286396232,True,True
3191,TPEx,2021,2018-01-02,2026-08-19,0,0,0.0,0.03532219570405726,True,True
3205,TPEx,2095,2018-01-02,2026-08-19,0,0,0.0,0.0,True,True
3206,TPEx,2095,2018-01-02,2026-08-19,0,0,0.0,0.0,True,True
3207,TPEx,2009,2018-01-02,2026-08-19,0,0,0.0,0.041050119331742296,True,True
3211,TPEx,2095,2018-01-02,2026-08-19,0,0,0.0,0.0,True,True
3213,TPEx,2095,2018-01-02,2026-08-19,0,0,0.0,0.0,True,True
3217,TPEx,2095,2018-01-02,2026-08-19,0,0,0.0,0.0,True,True
3218,TPEx,2095,2018-01-02,2026-08-19,0,0,0.0,0.0,True,True
3219,TPEx,1760,2018-01-02,2026-08-19,0,0,0.0,0.15990453460620524,True,True
3221,TPEx,2095,2018-01-02,2026-08-19,0,0,0.0,0.0,True,True
3224,TPEx,2094,2018-01-02,2026-08-19,0,0,0.0,0.0004773269689737347,True,True
3226,TPEx,1883,2018-01-02,2026-08-19,0,0,0.0,0.10119331742243431,True,True
3227,TPEx,2095,2018-01-02,2026-08-19,0,0,0.0,0.0,True,True
3228,TPEx,2095,2018-01-02,2026-08-19,0,0,0.0,0.0,True,True
3230,TPEx,2064,2018-01-02,2026-08-19,0,0,0.0,0.01479713603818611,True,True
3232,TPEx,2095,2018-01-02,2026-08-19,0,0,0.0,0.0,True,True
3234,TPEx,2095,2018-01-02,2026-08-19,0,0,0.0,0.0,True,True
3236,TPEx,2095,2018-01-02,2026-08-19,0,0,0.0,0.0,True,True
3252,TPEx,2090,2018-01-02,2026-08-19,0,0,0.0,0.0023866348448687846,True,True
3259,TPEx,2079,2018-01-02,2026-08-19,0,0,0.0,0.007637231503579978,True,True
3260,TPEx,2094,2018-01-02,2026-08-19,0,0,0.0,0.0004773269689737347,True,True
3264,TPEx,2095,2018-01-02,2026-08-19,0,0,0.0,0.0,True,True
3265,TPEx,2095,2018-01-02,2026-08-19,0,0,0.0,0.0,True,True
3268,TPEx,2089,2018-01-02,2026-08-19,0,0,0.0,0.0028639618138425194,True,True
3272,TPEx,2095,2018-01-02,2026-08-19,0,0,0.0,0.0,True,True
3276,TPEx,2058,2018-01-02,2026-08-19,0,0,0.0,0.01766109785202863,True,True
3284,TPEx,2085,2018-01-02,2026-08-19,0,0,0.0,0.004773269689737458,True,True
3285,TPEx,2092,2018-01-02,2026-08-19,0,0,0.0,0.0014319809069212042,True,True
3287,TPEx,2086,2018-01-02,2026-08-19,0,0,0.0,0.0042959427207637235,True,True
3288,TPEx,1858,2018-01-02,2026-08-19,0,0,0.0,0.11312649164677802,True,True
3289,TPEx,2095,2018-01-02,2026-08-19,0,0,0.0,0.0,True,True
3290,TPEx,2087,2018-01-02,2026-08-19,0,0,0.0,0.003818615751789989,True,True
3293,TPEx,2095,2018-01-02,2026-08-19,0,0,0.0,0.0,True,True
3294,TPEx,2095,2018-01-02,2026-08-19,0,0,0.0,0.0,True,True
3297,TPEx,2095,2018-01-02,2026-08-19,0,0,0.0,0.0,True,True
3303,TPEx,2095,2018-01-02,2026-08-19,0,0,0.0,0.0,True,True
3306,TPEx,2092,2018-01-02,2026-08-19,0,0,0.0,0.0014319809069212042,True,True
3310,TPEx,2088,2018-01-02,2026-08-19,0,0,0.0,0.003341288782816254,True,True
3313,TPEx,2094,2018-01-02,2026-08-19,0,0,0.0,0.0004773269689737347,True,True
3317,TPEx,2095,2018-01-02,2026-08-19,0,0,0.0,0.0,True,True
3322,TPEx,2095,2018-01-02,2026-08-19,0,0,0.0,0.0,True,True
3323,TPEx,2095,2018-01-02,2026-08-19,0,0,0.0,0.0,True,True
3324,TPEx,2095,2018-01-02,2026-08-19,0,0,0.0,0.0,True,True
3325,TPEx,2095,2018-01-02,2026-08-19,0,0,0.0,0.0,True,True
3332,TPEx,1683,2018-01-05,2026-08-19,0,0,0.0,0.1955066921606119,True,True
3339,TPEx,2050,2018-01-02,2026-08-19,0,0,0.0,0.021479713603818618,True,True
3349,TPEx,1035,2022-03-23,2026-08-19,0,0,0.0,0.034514925373134275,True,True
3354,TPEx,2095,2018-01-02,2026-08-19,0,0,0.0,0.0,True,True
3357,TPEx,1294,2021-04-27,2026-08-19,0,0,0.0,0.0,True,True
3360,TPEx,2095,2018-01-02,2026-08-19,0,0,0.0,0.0,True,True
3362,TPEx,2095,2018-01-02,2026-08-19,0,0,0.0,0.0,True,True
3363,TPEx,2095,2018-01-02,2026-08-19,0,0,0.0,0.0,True,True
3372,TPEx,2089,2018-01-02,2026-08-19,0,0,0.0,0.0028639618138425194,True,True
3373,TPEx,2095,2018-01-02,2026-08-19,0,0,0.0,0.0,True,True
3374,TPEx,2095,2018-01-02,2026-08-19,0,0,0.0,0.0,True,True
3379,TPEx,2090,2018-01-02,2026-08-19,0,0,0.0,0.0023866348448687846,True,True
3388,TPEx,2095,2018-01-02,2026-08-19,0,0,0.0,0.0,True,True
3390,TPEx,2095,2018-01-02,2026-08-19,0,0,0.0,0.0,True,True
3402,TPEx,2095,2018-01-02,2026-08-19,0,0,0.0,0.0,True,True
3430,TPEx,955,2022-09-08,2026-08-19,0,0,0.0,0.0,True,True
3434,TPEx,2009,2018-01-02,2026-08-19,0,0,0.0,0.041050119331742296,True,True
3438,TPEx,2087,2018-01-02,2026-08-19,0,0,0.0,0.003818615751789989,True,True
3441,TPEx,2095,2018-01-02,2026-08-19,0,0,0.0,0.0,True,True
3444,TPEx,2095,2018-01-02,2026-08-19,0,0,0.0,0.0,True,True
3455,TPEx,2094,2018-01-02,2026-08-19,0,0,0.0,0.0004773269689737347,True,True
3465,TPEx,1935,2018-01-03,2026-08-19,0,0,0.0,0.0759312320916905,True,True
3466,TPEx,2060,2018-01-02,2026-08-19,0,0,0.0,0.01670644391408116,True,True
3467,TPEx,344,2025-03-25,2026-08-19,0,0,0.0,0.0,True,True
3479,TPEx,2095,2018-01-02,2026-08-19,0,0,0.0,0.0,True,True
3483,TPEx,2095,2018-01-02,2026-08-19,0,0,0.0,0.0,True,True
3484,TPEx,2095,2018-01-02,2026-08-19,0,0,0.0,0.0,True,True
3485,TPEx,74,2026-05-06,2026-08-19,0,0,0.0,0.0,False,True
3489,TPEx,2087,2018-01-02,2026-08-19,0,0,0.0,0.003818615751789989,True,True
3490,TPEx,2089,2018-01-02,2026-08-19,0,0,0.0,0.0028639618138425194,True,True
3491,TPEx,2093,2018-01-02,2026-08-19,0,0,0.0,0.0009546539379474694,True,True
3492,TPEx,2089,2018-01-02,2026-08-19,0,0,0.0,0.0028639618138425194,True,True
3498,TPEx,2089,2018-01-02,2026-08-19,0,0,0.0,0.0028639618138425194,True,True
3499,TPEx,2095,2018-01-02,2026-08-19,0,0,0.0,0.0,True,True
3508,TPEx,2095,2018-01-02,2026-08-19,0,0,0.0,0.0,True,True
3511,TPEx,2094,2018-01-02,2026-08-19,0,0,0.0,0.0004773269689737347,True,True
3512,TPEx,2095,2018-01-02,2026-08-19,0,0,0.0,0.0,True,True
3516,TPEx,2069,2018-01-02,2026-08-19,0,0,0.0,0.012410501193317436,True,True
3520,TPEx,2088,2018-01-02,2026-08-19,0,0,0.0,0.003341288782816254,True,True
3521,TPEx,2087,2018-01-02,2026-08-19,0,0,0.0,0.003818615751789989,True,True
3522,TPEx,2088,2018-01-02,2026-08-19,0,0,0.0,0.003341288782816254,True,True
3523,TPEx,1974,2018-01-02,2026-08-19,0,0,0.0,0.057756563245823345,True,True
3526,TPEx,2088,2018-01-02,2026-08-19,0,0,0.0,0.003341288782816254,True,True
3527,TPEx,2095,2018-01-02,2026-08-19,0,0,0.0,0.0,True,True
3529,TPEx,2095,2018-01-02,2026-08-19,0,0,0.0,0.0,True,True
3531,TPEx,1974,2018-01-02,2026-08-19,0,0,0.0,0.057756563245823345,True,True
3537,TPEx,2095,2018-01-02,2026-08-19,0,0,0.0,0.0,True,True
3540,TPEx,2095,2018-01-02,2026-08-19,0,0,0.0,0.0,True,True
3541,TPEx,2095,2018-01-02,2026-08-19,0,0,0.0,0.0,True,True
3546,TPEx,2095,2018-01-02,2026-08-19,0,0,0.0,0.0,True,True
3548,TPEx,2095,2018-01-02,2026-08-19,0,0,0.0,0.0,True,True
3551,TPEx,2095,2018-01-02,2026-08-19,0,0,0.0,0.0,True,True
3552,TPEx,2095,2018-01-02,2026-08-19,0,0,0.0,0.0,True,True
3555,TPEx,1960,2018-01-02,2026-08-19,0,0,0.0,0.06443914081145585,True,True
3556,TPEx,2095,2018-01-02,2026-08-19,0,0,0.0,0.0,True,True
3558,TPEx,2095,2018-01-02,2026-08-19,0,0,0.0,0.0,True,True
3564,TPEx,2080,2018-01-02,2026-08-19,0,0,0.0,0.007159904534606243,True,True
3567,TPEx,2095,2018-01-02,2026-08-19,0,0,0.0,0.0,True,True
3570,TPEx,2077,2018-01-02,2026-08-19,0,0,0.0,0.008591885441527447,True,True
3577,TPEx,2084,2018-01-02,2026-08-19,0,0,0.0,0.005250596658711193,True,True
3580,TPEx,2095,2018-01-02,2026-08-19,0,0,0.0,0.0,True,True
3581,TPEx,2084,2018-01-02,2026-08-19,0,0,0.0,0.005250596658711193,True,True
3587,TPEx,2094,2018-01-02,2026-08-19,0,0,0.0,0.0004773269689737347,True,True
3594,TPEx,2095,2018-01-02,2026-08-19,0,0,0.0,0.0,True,True
3597,TPEx,1558,2020-03-09,2026-08-19,0,0,0.0,0.007643312101910826,True,True
3609,TPEx,2074,2018-01-02,2026-08-19,0,0,0.0,0.010023866348448651,True,True
3611,TPEx,2095,2018-01-02,2026-08-19,0,0,0.0,0.0,True,True
3615,TPEx,2095,2018-01-02,2026-08-19,0,0,0.0,0.0,True,True
3623,TPEx,2091,2018-01-02,2026-08-19,0,0,0.0,0.0019093078758949389,True,True
3624,TPEx,2095,2018-01-02,2026-08-19,0,0,0.0,0.0,True,True
3625,TPEx,2095,2018-01-02,2026-08-19,0,0,0.0,0.0,True,True
3628,TPEx,2088,2018-01-02,2026-08-19,0,0,0.0,0.003341288782816254,True,True
3629,TPEx,1540,2018-01-02,2026-08-19,0,0,0.0,0.26491646778042954,True,True
3630,TPEx,2094,2018-01-02,2026-08-19,0,0,0.0,0.0004773269689737347,True,True
3631,TPEx,2042,2018-01-02,2026-08-19,0,0,0.0,0.025298329355608606,True,True
3632,TPEx,2024,2018-01-02,2026-08-19,0,0,0.0,0.03389021479713605,True,True
3646,TPEx,2084,2018-01-02,2026-08-19,0,0,0.0,0.005250596658711193,True,True
3663,TPEx,2095,2018-01-02,2026-08-19,0,0,0.0,0.0,True,True
3664,TPEx,2080,2018-01-02,2026-08-19,0,0,0.0,0.007159904534606243,True,True
3666,TPEx,2094,2018-01-02,2026-08-19,0,0,0.0,0.0004773269689737347,True,True
3672,TPEx,2091,2018-01-02,2026-08-19,0,0,0.0,0.0019093078758949389,True,True
3675,TPEx,2093,2018-01-02,2026-08-19,0,0,0.0,0.0009546539379474694,True,True
3680,TPEx,2095,2018-01-02,2026-08-19,0,0,0.0,0.0,True,True
3684,TPEx,2006,2018-01-02,2026-08-18,0,0,0.0,0.042024832855778405,True,True
3685,TPEx,2083,2018-01-02,2026-08-19,0,0,0.0,0.005727923627684928,True,True
3687,TPEx,2095,2018-01-02,2026-08-19,0,0,0.0,0.0,True,True
3689,TPEx,2095,2018-01-02,2026-08-19,0,0,0.0,0.0,True,True
3691,TPEx,2095,2018-01-02,2026-08-19,0,0,0.0,0.0,True,True
3693,TPEx,2092,2018-01-02,2026-08-19,0,0,0.0,0.0014319809069212042,True,True
3707,TPEx,2095,2018-01-02,2026-08-19,0,0,0.0,0.0,True,True
3709,TPEx,2064,2018-01-02,2026-08-19,0,0,0.0,0.01479713603818611,True,True
3710,TPEx,2095,2018-01-02,2026-08-19,0,0,0.0,0.0,True,True
3713,TPEx,1575,2020-02-27,2026-08-19,0,0,0.0,0.0006345177664974777,True,True
4102,TPEx,2091,2018-01-02,2026-08-19,0,0,0.0,0.0019093078758949389,True,True
4105,TPEx,2095,2018-01-02,2026-08-19,0,0,0.0,0.0,True,True
4107,TPEx,2095,2018-01-02,2026-08-19,0,0,0.0,0.0,True,True
4109,TPEx,2089,2018-01-02,2026-08-19,0,0,0.0,0.0028639618138425194,True,True
4111,TPEx,2095,2018-01-02,2026-08-19,0,0,0.0,0.0,True,True
4113,TPEx,2095,2018-01-02,2026-08-19,0,0,0.0,0.0,True,True
4114,TPEx,2094,2018-01-02,2026-08-19,0,0,0.0,0.0004773269689737347,True,True
4116,TPEx,2094,2018-01-02,2026-08-19,0,0,0.0,0.0004773269689737347,True,True
4120,TPEx,2091,2018-01-02,2026-08-19,0,0,0.0,0.0019093078758949389,True,True
4121,TPEx,2095,2018-01-02,2026-08-19,0,0,0.0,0.0,True,True
4123,TPEx,2093,2018-01-02,2026-08-19,0,0,0.0,0.0009546539379474694,True,True
4126,TPEx,2094,2018-01-02,2026-08-19,0,0,0.0,0.0004773269689737347,True,True
4127,TPEx,2094,2018-01-02,2026-08-19,0,0,0.0,0.0004773269689737347,True,True
4128,TPEx,2094,2018-01-02,2026-08-19,0,0,0.0,0.0004773269689737347,True,True
4129,TPEx,2095,2018-01-02,2026-08-19,0,0,0.0,0.0,True,True
4131,TPEx,1830,2018-01-02,2026-08-19,0,0,0.0,0.12649164677804292,True,True
4138,TPEx,2090,2018-01-02,2026-08-19,0,0,0.0,0.0023866348448687846,True,True
4139,TPEx,2090,2018-01-02,2026-08-19,0,0,0.0,0.0023866348448687846,True,True
4147,TPEx,2095,2018-01-02,2026-08-19,0,0,0.0,0.0,True,True
4153,TPEx,2089,2018-01-02,2026-08-19,0,0,0.0,0.0028639618138425194,True,True
4154,TPEx,1948,2018-01-02,2026-08-18,0,0,0.0,0.06972301814708692,True,True
4157,TPEx,2095,2018-01-02,2026-08-19,0,0,0.0,0.0,True,True
4160,TPEx,2087,2018-01-02,2026-08-19,0,0,0.0,0.003818615751789989,True,True
4161,TPEx,2095,2018-01-02,2026-08-19,0,0,0.0,0.0,True,True
4162,TPEx,2095,2018-01-02,2026-08-19,0,0,0.0,0.0,True,True
4163,TPEx,2091,2018-01-02,2026-08-19,0,0,0.0,0.0019093078758949389,True,True
4166,TPEx,241,2025-08-21,2026-08-19,0,0,0.0,0.0,True,True
4167,TPEx,2095,2018-01-02,2026-08-19,0,0,0.0,0.0,True,True
4168,TPEx,2095,2018-01-02,2026-08-19,0,0,0.0,0.0,True,True
4171,TPEx,2092,2018-01-02,2026-08-19,0,0,0.0,0.0014319809069212042,True,True
4173,TPEx,2095,2018-01-02,2026-08-19,0,0,0.0,0.0,True,True
4174,TPEx,2090,2018-01-02,2026-08-19,0,0,0.0,0.0023866348448687846,True,True
4175,TPEx,2076,2018-01-02,2026-08-19,0,0,0.0,0.009069212410501182,True,True
4183,TPEx,1880,2018-01-02,2026-08-19,0,0,0.0,0.10262529832935563,True,True
4188,TPEx,2094,2018-01-02,2026-08-19,0,0,0.0,0.0004773269689737347,True,True
4192,TPEx,2005,2018-01-02,2026-08-18,0,0,0.0,0.04250238777459403,True,True
4198,TPEx,1946,2018-01-02,2026-08-18,0,0,0.0,0.07067812798471829,True,True
4205,TPEx,2085,2018-01-02,2026-08-19,0,0,0.0,0.004773269689737458,True,True
4207,TPEx,2095,2018-01-02,2026-08-19,0,0,0.0,0.0,True,True
4303,TPEx,2087,2018-01-02,2026-08-19,0,0,0.0,0.003818615751789989,True,True
4304,TPEx,1890,2018-01-02,2026-08-19,0,0,0.0,0.09785202863961817,True,True
4305,TPEx,1788,2018-01-02,2026-08-19,0,0,0.0,0.14653937947494033,True,True
4401,TPEx,2095,2018-01-02,2026-08-19,0,0,0.0,0.0,True,True
4402,TPEx,2029,2018-01-02,2026-08-19,0,0,0.0,0.03150357995226727,True,True
4406,TPEx,1914,2018-01-02,2026-08-19,0,0,0.0,0.0863961813842482,True,True
4413,TPEx,1852,2018-01-02,2026-08-19,0,0,0.0,0.11599045346062054,True,True
4416,TPEx,1747,2018-01-02,2026-08-19,0,0,0.0,0.166109785202864,True,True
4417,TPEx,2095,2018-01-02,2026-08-19,0,0,0.0,0.0,True,True
4419,TPEx,1310,2018-01-04,2026-08-19,0,0,0.0,0.37410415671285235,True,True
4420,TPEx,2065,2018-01-02,2026-08-19,0,0,0.0,0.014319809069212375,True,True
4430,TPEx,2076,2018-01-02,2026-08-19,0,0,0.0,0.009069212410501182,True,True
4432,TPEx,2094,2018-01-02,2026-08-19,0,0,0.0,0.0004773269689737347,True,True
4433,TPEx,2078,2018-01-02,2026-08-19,0,0,0.0,0.008114558472553712,True,True
4442,TPEx,657,2023-11-29,2026-08-19,0,0,0.0,0.003034901365705611,True,True
4502,TPEx,2071,2018-01-02,2026-08-19,0,0,0.0,0.011455847255369966,True,True
4503,TPEx,2089,2018-01-02,2026-08-19,0,0,0.0,0.0028639618138425194,True,True
4506,TPEx,2093,2018-01-02,2026-08-19,0,0,0.0,0.0009546539379474694,True,True
4510,TPEx,2095,2018-01-02,2026-08-19,0,0,0.0,0.0,True,True
4513,TPEx,2095,2018-01-02,2026-08-19,0,0,0.0,0.0,True,True
4523,TPEx,2072,2018-01-02,2026-08-19,0,0,0.0,0.010978520286396232,True,True
4527,TPEx,2087,2018-01-02,2026-08-19,0,0,0.0,0.003818615751789989,True,True
4528,TPEx,2086,2018-01-02,2026-08-19,0,0,0.0,0.0042959427207637235,True,True
4529,TPEx,2093,2018-01-02,2026-08-19,0,0,0.0,0.0009546539379474694,True,True
4530,TPEx,2028,2018-01-02,2026-08-19,0,0,0.0,0.031980906921241004,True,True
4533,TPEx,2094,2018-01-02,2026-08-19,0,0,0.0,0.0004773269689737347,True,True
4534,TPEx,2095,2018-01-02,2026-08-19,0,0,0.0,0.0,True,True
4535,TPEx,2032,2018-01-02,2026-08-19,0,0,0.0,0.030071599045346065,True,True
4538,TPEx,1814,2019-01-15,2026-08-19,0,0,0.0,0.014665942422596445,True,True
4541,TPEx,2095,2018-01-02,2026-08-19,0,0,0.0,0.0,True,True
4542,TPEx,1969,2018-01-02,2026-08-19,0,0,0.0,0.06014319809069213,True,True
4543,TPEx,2065,2018-01-02,2026-08-19,0,0,0.0,0.014319809069212375,True,True
4549,TPEx,2093,2018-01-02,2026-08-19,0,0,0.0,0.0009546539379474694,True,True
4550,TPEx,2072,2018-01-02,2026-08-19,0,0,0.0,0.010978520286396232,True,True
4554,TPEx,2074,2018-01-02,2026-08-19,0,0,0.0,0.010023866348448651,True,True
4556,TPEx,1861,2018-01-02,2026-08-19,0,0,0.0,0.11169451073985681,True,True
4558,TPEx,1071,2022-03-17,2026-08-19,0,0,0.0,0.004646840148698872,True,True
4561,TPEx,1988,2018-06-11,2026-08-19,0,0,0.0,0.002008032128514081,True,True
4563,TPEx,1955,2018-07-12,2026-08-19,0,0,0.0,0.0076142131979695105,True,True
4568,TPEx,1822,2018-10-03,2026-08-19,0,0,0.0,0.047071129707113024,True,True
4577,TPEx,1014,2022-06-14,2026-08-19,0,0,0.0,0.002949852507374673,True,True
4580,TPEx,1607,2020-01-06,2026-08-19,0,0,0.0,0.0,True,True
4584,TPEx,859,2022-10-05,2026-08-19,0,0,0.0,0.08324439701173958,True,True
4609,TPEx,1870,2018-01-03,2026-08-19,0,0,0.0,0.10697230181470874,True,True
4702,TPEx,2084,2018-01-02,2026-08-19,0,0,0.0,0.005250596658711193,True,True
4706,TPEx,2015,2018-01-02,2026-08-19,0,0,0.0,0.03818615751789978,True,True
4707,TPEx,2095,2018-01-02,2026-08-19,0,0,0.0,0.0,True,True
4711,TPEx,2060,2018-01-02,2026-08-19,0,0,0.0,0.01670644391408116,True,True
4714,TPEx,2095,2018-01-02,2026-08-19,0,0,0.0,0.0,True,True
4716,TPEx,2094,2018-01-02,2026-08-19,0,0,0.0,0.0004773269689737347,True,True
4721,TPEx,2095,2018-01-02,2026-08-19,0,0,0.0,0.0,True,True
4726,TPEx,2095,2018-01-02,2026-08-19,0,0,0.0,0.0,True,True
4728,TPEx,2069,2018-01-02,2026-08-19,0,0,0.0,0.012410501193317436,True,True
4729,TPEx,2086,2018-01-02,2026-08-19,0,0,0.0,0.0042959427207637235,True,True
4735,TPEx,2089,2018-01-02,2026-08-19,0,0,0.0,0.0028639618138425194,True,True
4741,TPEx,2043,2018-01-02,2026-08-19,0,0,0.0,0.02482100238663487,True,True
4743,TPEx,2092,2018-01-02,2026-08-19,0,0,0.0,0.0014319809069212042,True,True
4744,TPEx,1969,2018-07-12,2026-08-19,0,0,0.0,0.0005076142131980044,True,True
4745,TPEx,2093,2018-01-02,2026-08-19,0,0,0.0,0.0009546539379474694,True,True
4747,TPEx,2008,2018-01-02,2026-08-19,0,0,0.0,0.04152744630071603,True,True
4749,TPEx,383,2025-01-17,2026-08-19,0,0,0.0,0.0,True,True
4754,TPEx,2034,2018-01-02,2026-08-19,0,0,0.0,0.029116945107398595,True,True
4760,TPEx,1803,2019-03-21,2026-08-19,0,0,0.0,0.0,True,True
4767,TPEx,1719,2018-10-29,2026-08-19,0,0,0.0,0.09287598944591025,True,True
4768,TPEx,1059,2022-04-13,2026-08-19,0,0,0.0,0.0,True,True
4772,TPEx,462,2024-09-20,2026-08-19,0,0,0.0,0.002159827213822907,True,True
4804,TPEx,1883,2018-01-02,2026-04-13,0,0,0.0,0.061316051844466646,True,True
4806,TPEx,1871,2018-01-02,2026-08-19,0,0,0.0,0.10692124105011935,True,True
4903,TPEx,2089,2018-01-02,2026-08-19,0,0,0.0,0.0028639618138425194,True,True
4905,TPEx,1875,2018-01-02,2026-08-19,0,0,0.0,0.1050119331742243,True,True
4907,TPEx,2087,2018-01-02,2026-08-19,0,0,0.0,0.003818615751789989,True,True
4908,TPEx,2095,2018-01-02,2026-08-19,0,0,0.0,0.0,True,True
4909,TPEx,2095,2018-01-02,2026-08-19,0,0,0.0,0.0,True,True
4911,TPEx,2083,2018-01-02,2026-08-19,0,0,0.0,0.005727923627684928,True,True
4923,TPEx,1079,2022-03-14,2026-08-19,0,0,0.0,0.0,True,True
4924,TPEx,2077,2018-01-02,2026-08-19,0,0,0.0,0.008591885441527447,True,True
4931,TPEx,1682,2019-09-17,2026-08-19,0,0,0.0,0.0,True,True
4933,TPEx,2095,2018-01-02,2026-08-19,0,0,0.0,0.0,True,True
4939,TPEx,2094,2018-01-02,2026-08-19,0,0,0.0,0.0004773269689737347,True,True
4946,TPEx,2066,2018-01-02,2026-08-19,0,0,0.0,0.01384248210023864,True,True
4950,TPEx,1764,2018-01-02,2026-08-19,0,0,0.0,0.1579952267303103,True,True
4951,TPEx,917,2022-11-03,2026-08-19,0,0,0.0,0.0,True,True
4953,TPEx,2095,2018-01-02,2026-08-19,0,0,0.0,0.0,True,True
4966,TPEx,2094,2018-01-02,2026-08-19,0,0,0.0,0.0004773269689737347,True,True
4971,TPEx,2094,2018-01-02,2026-08-19,0,0,0.0,0.0004773269689737347,True,True
4972,TPEx,2092,2018-01-02,2026-08-19,0,0,0.0,0.0014319809069212042,True,True
4973,TPEx,2095,2018-01-02,2026-08-19,0,0,0.0,0.0,True,True
4974,TPEx,2095,2018-01-02,2026-08-19,0,0,0.0,0.0,True,True
4979,TPEx,2095,2018-01-02,2026-08-19,0,0,0.0,0.0,True,True
4991,TPEx,2095,2018-01-02,2026-08-19,0,0,0.0,0.0,True,True
4995,TPEx,2084,2018-01-02,2026-08-19,0,0,0.0,0.005250596658711193,True,True
5009,TPEx,2094,2018-01-02,2026-08-19,0,0,0.0,0.0004773269689737347,True,True
5011,TPEx,2008,2018-01-03,2026-08-19,0,0,0.0,0.04106972301814704,True,True
5013,TPEx,1935,2018-01-02,2026-08-19,0,0,0.0,0.07637231503579955,True,True
5014,TPEx,2095,2018-01-02,2026-08-19,0,0,0.0,0.0,True,True
5015,TPEx,2093,2018-01-02,2026-08-19,0,0,0.0,0.0009546539379474694,True,True
5016,TPEx,1995,2018-01-02,2026-08-19,0,0,0.0,0.04773269689737469,True,True
5201,TPEx,2077,2018-01-02,2026-08-19,0,0,0.0,0.008591885441527447,True,True
5202,TPEx,2023,2018-01-02,2026-08-19,0,0,0.0,0.03436754176610979,True,True
5205,TPEx,1292,2018-01-04,2026-08-19,0,0,0.0,0.3827042522694697,True,True
5206,TPEx,2092,2018-01-02,2026-08-19,0,0,0.0,0.0014319809069212042,True,True
5209,TPEx,2065,2018-01-02,2026-08-19,0,0,0.0,0.014319809069212375,True,True
5210,TPEx,2077,2018-01-02,2026-08-19,0,0,0.0,0.008591885441527447,True,True
5211,TPEx,2091,2018-01-02,2026-08-19,0,0,0.0,0.0019093078758949389,True,True
5212,TPEx,1957,2018-01-03,2026-08-18,0,0,0.0,0.06497849976110848,True,True
5213,TPEx,2088,2018-01-02,2026-08-19,0,0,0.0,0.003341288782816254,True,True
5220,TPEx,2018,2018-04-26,2026-08-19,0,0,0.0,0.0024715768660404924,True,True
5223,TPEx,1968,2018-07-02,2026-08-19,0,0,0.0,0.005055611729019249,True,True
5227,TPEx,2067,2018-01-02,2026-08-19,0,0,0.0,0.013365155131264905,True,True
5228,TPEx,990,2022-05-20,2026-08-19,0,0,0.0,0.04162633107454017,True,True
5230,TPEx,2094,2018-01-02,2026-08-19,0,0,0.0,0.0004773269689737347,True,True
5245,TPEx,2094,2018-01-02,2026-08-18,0,0,0.0,0.0,True,True
5251,TPEx,2092,2018-01-02,2026-08-19,0,0,0.0,0.0014319809069212042,True,True
5263,TPEx,2094,2018-01-02,2026-08-19,0,0,0.0,0.0004773269689737347,True,True
5272,TPEx,2095,2018-01-02,2026-08-19,0,0,0.0,0.0,True,True
5274,TPEx,2095,2018-01-02,2026-08-19,0,0,0.0,0.0,True,True
5276,TPEx,1847,2018-01-02,2026-08-19,0,0,0.0,0.11837708830548921,True,True
5278,TPEx,2067,2018-01-02,2026-08-19,0,0,0.0,0.013365155131264905,True,True
5287,TPEx,2075,2018-01-02,2026-08-19,0,0,0.0,0.009546539379474916,True,True
5289,TPEx,2095,2018-01-02,2026-08-19,0,0,0.0,0.0,True,True
5291,TPEx,2095,2018-01-02,2026-08-19,0,0,0.0,0.0,True,True
5299,TPEx,2080,2018-01-23,2026-08-19,0,0,0.0,0.0,True,True
5301,TPEx,2058,2018-01-02,2026-08-19,0,0,0.0,0.01766109785202863,True,True
5302,TPEx,2095,2018-01-02,2026-08-19,0,0,0.0,0.0,True,True
5309,TPEx,2090,2018-01-02,2026-08-19,0,0,0.0,0.0023866348448687846,True,True
5310,TPEx,2033,2018-01-02,2026-08-19,0,0,0.0,0.02959427207637233,True,True
5312,TPEx,2093,2018-01-02,2026-08-19,0,0,0.0,0.0009546539379474694,True,True
5314,TPEx,1991,2018-01-03,2026-08-19,0,0,0.0,0.04918815663801335,True,True
5315,TPEx,2095,2018-01-02,2026-08-19,0,0,0.0,0.0,True,True
5321,TPEx,2071,2018-01-02,2026-08-19,0,0,0.0,0.011455847255369966,True,True
5324,TPEx,2092,2018-01-02,2026-08-19,0,0,0.0,0.0014319809069212042,True,True
5328,TPEx,2095,2018-01-02,2026-08-19,0,0,0.0,0.0,True,True
5340,TPEx,2095,2018-01-02,2026-08-19,0,0,0.0,0.0,True,True
5344,TPEx,2077,2018-01-02,2026-08-19,0,0,0.0,0.008591885441527447,True,True
5345,TPEx,1929,2018-01-02,2026-08-19,0,0,0.0,0.07923627684964196,True,True
5347,TPEx,2094,2018-01-02,2026-08-19,0,0,0.0,0.0004773269689737347,True,True
5348,TPEx,1948,2018-01-03,2026-08-19,0,0,0.0,0.06972301814708692,True,True
5351,TPEx,2088,2018-01-02,2026-08-19,0,0,0.0,0.003341288782816254,True,True
5353,TPEx,2095,2018-01-02,2026-08-19,0,0,0.0,0.0,True,True
5355,TPEx,2093,2018-01-02,2026-08-19,0,0,0.0,0.0009546539379474694,True,True
5356,TPEx,2090,2018-01-02,2026-08-19,0,0,0.0,0.0023866348448687846,True,True
5364,TPEx,1710,2018-01-04,2026-08-19,0,0,0.0,0.18299092212135692,True,True
5371,TPEx,2095,2018-01-02,2026-08-19,0,0,0.0,0.0,True,True
5381,TPEx,2014,2018-01-02,2026-08-19,0,0,0.0,0.03866348448687351,True,True
5386,TPEx,2095,2018-01-02,2026-08-19,0,0,0.0,0.0,True,True
5392,TPEx,2094,2018-01-02,2026-08-19,0,0,0.0,0.0004773269689737347,True,True
5398,TPEx,2057,2018-01-03,2026-08-19,0,0,0.0,0.0176695319961796,True,True
5403,TPEx,2095,2018-01-02,2026-08-19,0,0,0.0,0.0,True,True
5410,TPEx,2095,2018-01-02,2026-08-19,0,0,0.0,0.0,True,True
5425,TPEx,2095,2018-01-02,2026-08-19,0,0,0.0,0.0,True,True
5426,TPEx,2095,2018-01-02,2026-08-19,0,0,0.0,0.0,True,True
5432,TPEx,2024,2018-01-02,2026-08-19,0,0,0.0,0.03389021479713605,True,True
5438,TPEx,2091,2018-01-02,2026-08-19,0,0,0.0,0.0019093078758949389,True,True
5439,TPEx,2095,2018-01-02,2026-08-19,0,0,0.0,0.0,True,True
5443,TPEx,2095,2018-01-02,2026-08-19,0,0,0.0,0.0,True,True
5450,TPEx,2092,2018-01-02,2026-08-19,0,0,0.0,0.0014319809069212042,True,True
5452,TPEx,2095,2018-01-02,2026-08-19,0,0,0.0,0.0,True,True
5455,TPEx,1310,2018-01-02,2026-08-19,0,0,0.0,0.3747016706443914,True,True
5457,TPEx,2095,2018-01-02,2026-08-19,0,0,0.0,0.0,True,True
5460,TPEx,2076,2018-01-02,2026-08-19,0,0,0.0,0.009069212410501182,True,True
5464,TPEx,2094,2018-01-02,2026-08-19,0,0,0.0,0.0004773269689737347,True,True
5465,TPEx,2086,2018-01-02,2026-08-19,0,0,0.0,0.0042959427207637235,True,True
5468,TPEx,1961,2018-01-02,2026-08-19,0,0,0.0,0.06396181384248212,True,True
5474,TPEx,2095,2018-01-02,2026-08-19,0,0,0.0,0.0,True,True
5475,TPEx,2088,2018-01-02,2026-08-19,0,0,0.0,0.003341288782816254,True,True
5478,TPEx,2093,2018-01-02,2026-08-19,0,0,0.0,0.0009546539379474694,True,True
5481,TPEx,1999,2018-01-02,2026-08-19,0,0,0.0,0.045823389021479755,True,True
5483,TPEx,2094,2018-01-02,2026-08-19,0,0,0.0,0.0004773269689737347,True,True
5487,TPEx,1969,2018-01-02,2026-08-19,0,0,0.0,0.06014319809069213,True,True
5488,TPEx,2095,2018-01-02,2026-08-19,0,0,0.0,0.0,True,True
5489,TPEx,2090,2018-01-02,2026-08-19,0,0,0.0,0.0023866348448687846,True,True
5490,TPEx,2095,2018-01-02,2026-08-19,0,0,0.0,0.0,True,True
5493,TPEx,2079,2018-01-02,2026-08-19,0,0,0.0,0.007637231503579978,True,True
5498,TPEx,2095,2018-01-02,2026-08-19,0,0,0.0,0.0,True,True
5508,TPEx,2095,2018-01-02,2026-08-19,0,0,0.0,0.0,True,True
5511,TPEx,2093,2018-01-02,2026-08-19,0,0,0.0,0.0009546539379474694,True,True
5512,TPEx,2095,2018-01-02,2026-08-19,0,0,0.0,0.0,True,True
5514,TPEx,1959,2018-01-02,2026-08-19,0,0,0.0,0.06491646778042959,True,True
5516,TPEx,1996,2018-01-02,2026-08-19,0,0,0.0,0.04725536992840096,True,True
5520,TPEx,2016,2018-01-02,2026-08-17,0,0,0.0,0.03678929765886285,True,True
5523,TPEx,2082,2018-01-02,2026-08-18,0,0,0.0,0.005730659025787954,True,True
5529,TPEx,2078,2018-01-02,2026-08-19,0,0,0.0,0.008114558472553712,True,True
5530,TPEx,2095,2018-01-02,2026-08-19,0,0,0.0,0.0,True,True
5536,TPEx,2088,2018-01-02,2026-08-19,0,0,0.0,0.003341288782816254,True,True
5543,TPEx,1912,2018-01-02,2026-08-19,0,0,0.0,0.08735083532219567,True,True
5547,TPEx,129,2026-02-03,2026-08-19,0,0,0.0,0.0,True,True
5548,TPEx,587,2024-03-18,2026-08-19,0,0,0.0,0.005084745762711895,True,True
5601,TPEx,1500,2018-01-03,2026-08-19,0,0,0.0,0.2836676217765043,True,True
5603,TPEx,2090,2018-01-02,2026-08-19,0,0,0.0,0.0023866348448687846,True,True
5604,TPEx,2049,2018-01-02,2026-08-19,0,0,0.0,0.021957040572792352,True,True
5609,TPEx,2095,2018-01-02,2026-08-19,0,0,0.0,0.0,True,True
5701,TPEx,2085,2018-01-02,2026-08-19,0,0,0.0,0.004773269689737458,True,True
5703,TPEx,1496,2018-01-04,2026-08-19,0,0,0.0,0.285236502627807,True,True
5704,TPEx,1865,2018-01-04,2026-08-19,0,0,0.0,0.10893454371715239,True,True
5864,TPEx,2036,2018-04-02,2026-08-19,0,0,0.0,0.0009813542688911214,True,True
5878,TPEx,1800,2018-01-02,2026-08-19,0,0,0.0,0.1408114558472554,True,True
5902,TPEx,2025,2018-01-02,2026-08-19,0,0,0.0,0.03341288782816232,True,True
5903,TPEx,2090,2018-01-02,2026-08-19,0,0,0.0,0.0023866348448687846,True,True
5904,TPEx,2088,2018-01-02,2026-08-19,0,0,0.0,0.003341288782816254,True,True
5905,TPEx,2095,2018-01-02,2026-08-19,0,0,0.0,0.0,True,True
6015,TPEx,2095,2018-01-02,2026-08-19,0,0,0.0,0.0,True,True
6016,TPEx,2095,2018-01-02,2026-08-19,0,0,0.0,0.0,True,True
6020,TPEx,2094,2018-01-02,2026-08-19,0,0,0.0,0.0004773269689737347,True,True
6021,TPEx,2041,2018-01-02,2026-08-19,0,0,0.0,0.02577565632458234,True,True
6023,TPEx,2095,2018-01-02,2026-08-19,0,0,0.0,0.0,True,True
6026,TPEx,2095,2018-01-02,2026-08-19,0,0,0.0,0.0,True,True
6028,TPEx,97,2026-03-30,2026-08-19,0,0,0.0,0.010204081632653073,False,True
6101,TPEx,2088,2018-01-02,2026-08-19,0,0,0.0,0.003341288782816254,True,True
6103,TPEx,1202,2018-01-02,2026-08-13,0,0,0.0,0.4251554280248685,True,True
6104,TPEx,2095,2018-01-02,2026-08-19,0,0,0.0,0.0,True,True
6109,TPEx,2059,2018-01-02,2026-08-19,0,0,0.0,0.017183770883054894,True,True
6111,TPEx,2095,2018-01-02,2026-08-19,0,0,0.0,0.0,True,True
6113,TPEx,2095,2018-01-02,2026-08-19,0,0,0.0,0.0,True,True
6114,TPEx,2094,2018-01-02,2026-08-19,0,0,0.0,0.0004773269689737347,True,True
6118,TPEx,2095,2018-01-02,2026-08-19,0,0,0.0,0.0,True,True
6121,TPEx,2095,2018-01-02,2026-08-19,0,0,0.0,0.0,True,True
6122,TPEx,2090,2018-01-02,2026-08-19,0,0,0.0,0.0023866348448687846,True,True
6123,TPEx,2095,2018-01-02,2026-08-19,0,0,0.0,0.0,True,True
6124,TPEx,2071,2018-01-02,2026-08-19,0,0,0.0,0.011455847255369966,True,True
6125,TPEx,2095,2018-01-02,2026-08-19,0,0,0.0,0.0,True,True
6126,TPEx,2094,2018-01-02,2026-08-19,0,0,0.0,0.0004773269689737347,True,True
6127,TPEx,2095,2018-01-02,2026-08-19,0,0,0.0,0.0,True,True
6129,TPEx,2095,2018-01-02,2026-08-19,0,0,0.0,0.0,True,True
6130,TPEx,2055,2018-01-02,2026-08-19,0,0,0.0,0.019093078758949833,True,True
6134,TPEx,2086,2018-01-02,2026-08-19,0,0,0.0,0.0042959427207637235,True,True
6138,TPEx,2089,2018-01-02,2026-08-19,0,0,0.0,0.0028639618138425194,True,True
6140,TPEx,2014,2018-01-02,2026-08-19,0,0,0.0,0.03866348448687351,True,True
6143,TPEx,2095,2018-01-02,2026-08-19,0,0,0.0,0.0,True,True
6144,TPEx,1800,2018-01-02,2026-08-19,0,0,0.0,0.1408114558472554,True,True
6146,TPEx,2095,2018-01-02,2026-08-19,0,0,0.0,0.0,True,True
6147,TPEx,2095,2018-01-02,2026-08-19,0,0,0.0,0.0,True,True
6148,TPEx,2081,2018-01-02,2026-08-19,0,0,0.0,0.006682577565632508,True,True
6150,TPEx,2095,2018-01-02,2026-08-19,0,0,0.0,0.0,True,True
6151,TPEx,2094,2018-01-02,2026-08-19,0,0,0.0,0.0004773269689737347,True,True
6154,TPEx,2083,2018-01-02,2026-08-19,0,0,0.0,0.005727923627684928,True,True
6156,TPEx,2095,2018-01-02,2026-08-19,0,0,0.0,0.0,True,True
6158,TPEx,2090,2018-01-02,2026-08-19,0,0,0.0,0.0023866348448687846,True,True
6160,TPEx,2095,2018-01-02,2026-08-19,0,0,0.0,0.0,True,True
6161,TPEx,2082,2018-01-02,2026-08-19,0,0,0.0,0.006205250596658662,True,True
6163,TPEx,2095,2018-01-02,2026-08-19,0,0,0.0,0.0,True,True
6167,TPEx,2088,2018-01-02,2026-08-19,0,0,0.0,0.003341288782816254,True,True
6169,TPEx,2087,2018-01-02,2026-08-19,0,0,0.0,0.003818615751789989,True,True
6170,TPEx,2095,2018-01-02,2026-08-19,0,0,0.0,0.0,True,True
6171,TPEx,2043,2018-01-03,2026-08-19,0,0,0.0,0.024355300859598805,True,True
6173,TPEx,2095,2018-01-02,2026-08-19,0,0,0.0,0.0,True,True
6174,TPEx,2091,2018-01-02,2026-08-19,0,0,0.0,0.0019093078758949389,True,True
6175,TPEx,2095,2018-01-02,2026-08-19,0,0,0.0,0.0,True,True
6179,TPEx,2094,2018-01-02,2026-08-19,0,0,0.0,0.0004773269689737347,True,True
6180,TPEx,2095,2018-01-02,2026-08-19,0,0,0.0,0.0,True,True
6182,TPEx,2095,2018-01-02,2026-08-19,0,0,0.0,0.0,True,True
6185,TPEx,2095,2018-01-02,2026-08-19,0,0,0.0,0.0,True,True
6186,TPEx,2095,2018-01-02,2026-08-19,0,0,0.0,0.0,True,True
6187,TPEx,2095,2018-01-02,2026-08-19,0,0,0.0,0.0,True,True
6188,TPEx,2095,2018-01-02,2026-08-19,0,0,0.0,0.0,True,True
6190,TPEx,2095,2018-01-02,2026-08-19,0,0,0.0,0.0,True,True
6194,TPEx,2081,2018-01-02,2026-08-19,0,0,0.0,0.006682577565632508,True,True
6195,TPEx,2082,2018-01-02,2026-08-18,0,0,0.0,0.005730659025787954,True,True
6198,TPEx,1672,2018-01-02,2026-08-19,0,0,0.0,0.201909307875895,True,True
6199,TPEx,1871,2018-01-02,2026-08-19,0,0,0.0,0.10692124105011935,True,True
6203,TPEx,2095,2018-01-02,2026-08-19,0,0,0.0,0.0,True,True
6204,TPEx,2084,2018-01-02,2026-08-19,0,0,0.0,0.005250596658711193,True,True
6207,TPEx,2088,2018-01-02,2026-08-19,0,0,0.0,0.003341288782816254,True,True
6208,TPEx,2088,2018-01-02,2026-08-19,0,0,0.0,0.003341288782816254,True,True
6210,TPEx,2066,2018-01-02,2026-08-19,0,0,0.0,0.01384248210023864,True,True
6212,TPEx,1711,2018-01-04,2026-08-17,0,0,0.0,0.18173122907699668,True,True
6217,TPEx,2095,2018-01-02,2026-08-19,0,0,0.0,0.0,True,True
6218,TPEx,2092,2018-01-02,2026-08-19,0,0,0.0,0.0014319809069212042,True,True
6219,TPEx,2090,2018-01-02,2026-08-19,0,0,0.0,0.0023866348448687846,True,True
6220,TPEx,2095,2018-01-02,2026-08-19,0,0,0.0,0.0,True,True
6221,TPEx,2071,2018-01-02,2026-08-19,0,0,0.0,0.011455847255369966,True,True
6222,TPEx,1830,2018-01-02,2026-08-18,0,0,0.0,0.1260744985673352,True,True
6223,TPEx,2095,2018-01-02,2026-08-19,0,0,0.0,0.0,True,True
6227,TPEx,2095,2018-01-02,2026-08-19,0,0,0.0,0.0,True,True
6228,TPEx,2035,2018-01-02,2026-08-19,0,0,0.0,0.02863961813842486,True,True
6229,TPEx,2093,2018-01-02,2026-08-19,0,0,0.0,0.0009546539379474694,True,True
6231,TPEx,2095,2018-01-02,2026-08-19,0,0,0.0,0.0,True,True
6233,TPEx,2095,2018-01-02,2026-08-19,0,0,0.0,0.0,True,True
6234,TPEx,2095,2018-01-02,2026-08-19,0,0,0.0,0.0,True,True
6236,TPEx,1000,2018-01-02,2026-08-18,0,0,0.0,0.5224450811843362,True,True
6237,TPEx,2095,2018-01-02,2026-08-19,0,0,0.0,0.0,True,True
6240,TPEx,2029,2018-01-02,2026-08-19,0,0,0.0,0.03150357995226727,True,True
6241,TPEx,2052,2018-01-02,2026-08-17,0,0,0.0,0.019589106545628288,True,True
6242,TPEx,1996,2018-01-02,2026-08-19,0,0,0.0,0.04725536992840096,True,True
6244,TPEx,2088,2018-01-02,2026-08-19,0,0,0.0,0.003341288782816254,True,True
6245,TPEx,2095,2018-01-02,2026-08-19,0,0,0.0,0.0,True,True
6246,TPEx,2040,2018-01-02,2026-08-19,0,0,0.0,0.026252983293556076,True,True
6248,TPEx,2041,2018-01-02,2026-08-19,0,0,0.0,0.02577565632458234,True,True
6259,TPEx,1957,2018-01-03,2026-08-19,0,0,0.0,0.06542502387774596,True,True
6261,TPEx,2095,2018-01-02,2026-08-19,0,0,0.0,0.0,True,True
6263,TPEx,2095,2018-01-02,2026-08-19,0,0,0.0,0.0,True,True
6264,TPEx,2084,2018-01-02,2026-08-19,0,0,0.0,0.005250596658711193,True,True
6265,TPEx,2094,2018-01-02,2026-08-19,0,0,0.0,0.0004773269689737347,True,True
6266,TPEx,2095,2018-01-02,2026-08-19,0,0,0.0,0.0,True,True
6270,TPEx,2095,2018-01-02,2026-08-19,0,0,0.0,0.0,True,True
6274,TPEx,2095,2018-01-02,2026-08-19,0,0,0.0,0.0,True,True
6275,TPEx,2094,2018-01-02,2026-08-19,0,0,0.0,0.0004773269689737347,True,True
6276,TPEx,2063,2018-01-02,2026-08-19,0,0,0.0,0.015274463007159955,True,True
6279,TPEx,2095,2018-01-02,2026-08-19,0,0,0.0,0.0,True,True
6284,TPEx,2088,2018-01-02,2026-08-19,0,0,0.0,0.003341288782816254,True,True
6290,TPEx,2095,2018-01-02,2026-08-19,0,0,0.0,0.0,True,True
6291,TPEx,1888,2018-01-02,2026-08-19,0,0,0.0,0.09880668257756564,True,True
6292,TPEx,2091,2018-01-02,2026-08-19,0,0,0.0,0.0019093078758949389,True,True
6294,TPEx,2093,2018-01-02,2026-08-19,0,0,0.0,0.0009546539379474694,True,True
6411,TPEx,2095,2018-01-02,2026-08-19,0,0,0.0,0.0,True,True
6417,TPEx,2007,2018-01-02,2026-08-19,0,0,0.0,0.042004773269689766,True,True
6418,TPEx,1815,2019-02-18,2026-08-19,0,0,0.0,0.004934210526315819,True,True
6419,TPEx,2055,2018-01-02,2026-08-19,0,0,0.0,0.019093078758949833,True,True
6423,TPEx,137,2026-01-22,2026-08-19,0,0,0.0,0.0,True,True
6425,TPEx,1829,2019-01-18,2026-08-19,0,0,0.0,0.004896626768226331,True,True
6432,TPEx,2094,2018-01-02,2026-08-19,0,0,0.0,0.0004773269689737347,True,True
6435,TPEx,2095,2018-01-02,2026-08-19,0,0,0.0,0.0,True,True
6441,TPEx,2085,2018-01-02,2026-08-19,0,0,0.0,0.004773269689737458,True,True
6461,TPEx,2041,2018-03-28,2026-08-19,0,0,0.0,0.0,True,True
6462,TPEx,2094,2018-01-02,2026-08-19,0,0,0.0,0.0004773269689737347,True,True
6465,TPEx,2043,2018-01-02,2026-08-19,0,0,0.0,0.02482100238663487,True,True
6469,TPEx,2095,2018-01-02,2026-08-19,0,0,0.0,0.0,True,True
6470,TPEx,2095,2018-01-02,2026-08-19,0,0,0.0,0.0,True,True
6474,TPEx,176,2025-11-25,2026-08-19,0,0,0.0,0.005649717514124242,True,True
6482,TPEx,1842,2018-01-02,2026-08-19,0,0,0.0,0.120763723150358,True,True
6485,TPEx,2095,2018-01-02,2026-08-19,0,0,0.0,0.0,True,True
6486,TPEx,2090,2018-01-02,2026-08-19,0,0,0.0,0.0023866348448687846,True,True
6488,TPEx,2095,2018-01-02,2026-08-19,0,0,0.0,0.0,True,True
6492,TPEx,2094,2018-01-02,2026-08-19,0,0,0.0,0.0004773269689737347,True,True
6494,TPEx,2094,2018-01-02,2026-08-19,0,0,0.0,0.0004773269689737347,True,True
6496,TPEx,2066,2018-01-02,2026-08-19,0,0,0.0,0.01384248210023864,True,True
6498,TPEx,307,2025-05-20,2026-08-19,0,0,0.0,0.0,True,True
6499,TPEx,2094,2018-01-02,2026-08-19,0,0,0.0,0.0004773269689737347,True,True
6506,TPEx,2091,2018-01-02,2026-08-19,0,0,0.0,0.0019093078758949389,True,True
6508,TPEx,2095,2018-01-02,2026-08-19,0,0,0.0,0.0,True,True
6509,TPEx,2095,2018-01-02,2026-08-19,0,0,0.0,0.0,True,True
6510,TPEx,2095,2018-01-02,2026-08-19,0,0,0.0,0.0,True,True
6512,TPEx,2008,2018-01-02,2026-08-19,0,0,0.0,0.04152744630071603,True,True
6516,TPEx,1774,2019-05-06,2026-08-19,0,0,0.0,0.0,True,True
6517,TPEx,887,2022-12-15,2026-08-19,0,0,0.0,0.0,True,True
6523,TPEx,2093,2018-01-02,2026-08-19,0,0,0.0,0.0009546539379474694,True,True
6527,TPEx,1606,2019-12-25,2026-08-19,0,0,0.0,0.00495662949194553,True,True
6530,TPEx,2067,2018-01-23,2026-08-19,0,0,0.0,0.006249999999999978,True,True
6532,TPEx,2095,2018-01-02,2026-08-19,0,0,0.0,0.0,True,True
6535,TPEx,2093,2018-01-02,2026-08-19,0,0,0.0,0.0009546539379474694,True,True
6538,TPEx,2078,2018-01-02,2026-08-19,0,0,0.0,0.008114558472553712,True,True
6542,TPEx,1919,2018-01-02,2026-08-19,0,0,0.0,0.08400954653937942,True,True
6546,TPEx,1031,2022-05-24,2026-08-19,0,0,0.0,0.0,True,True
6547,TPEx,2029,2018-04-17,2026-08-19,0,0,0.0,0.0004926108374384564,True,True
6548,TPEx,2080,2018-01-02,2026-08-19,0,0,0.0,0.007159904534606243,True,True
6556,TPEx,2068,2018-01-02,2026-08-19,0,0,0.0,0.01288782816229117,True,True
6560,TPEx,2093,2018-01-02,2026-08-19,0,0,0.0,0.0009546539379474694,True,True
6561,TPEx,1995,2018-06-05,2026-08-19,0,0,0.0,0.0005010020040080443,True,True
6568,TPEx,2095,2018-01-02,2026-08-19,0,0,0.0,0.0,True,True
6569,TPEx,2083,2018-01-02,2026-08-19,0,0,0.0,0.005727923627684928,True,True
6570,TPEx,2074,2018-01-02,2026-08-19,0,0,0.0,0.010023866348448651,True,True
6574,TPEx,1658,2018-01-02,2026-08-19,0,0,0.0,0.2085918854415274,True,True
6576,TPEx,1979,2018-06-29,2026-08-19,0,0,0.0,0.0,True,True
6577,TPEx,2076,2018-01-02,2026-08-19,0,0,0.0,0.009069212410501182,True,True
6578,TPEx,1922,2018-09-18,2026-08-19,0,0,0.0,0.0,True,True
6584,TPEx,792,2023-05-18,2026-08-19,0,0,0.0,0.0,True,True
6588,TPEx,1484,2020-07-01,2026-08-19,0,0,0.0,0.006028131279303461,True,True
6590,TPEx,1812,2018-12-24,2026-08-19,0,0,0.0,0.023180592991913773,True,True
6593,TPEx,1994,2018-01-02,2026-08-19,0,0,0.0,0.04821002386634843,True,True
6596,TPEx,2084,2018-01-04,2026-08-19,0,0,0.0,0.004300047778308613,True,True
6597,TPEx,296,2025-05-08,2026-08-19,0,0,0.0,0.060317460317460325,True,True
6603,TPEx,2095,2018-01-02,2026-08-19,0,0,0.0,0.0,True,True
6609,TPEx,2095,2018-01-02,2026-08-19,0,0,0.0,0.0,True,True
6612,TPEx,1964,2018-07-18,2026-08-19,0,0,0.0,0.0010172939979654627,True,True
6613,TPEx,2088,2018-01-02,2026-08-19,0,0,0.0,0.003341288782816254,True,True
6615,TPEx,2032,2018-01-22,2026-08-19,0,0,0.0,0.023546371936568944,True,True
6616,TPEx,2053,2018-01-10,2026-08-19,0,0,0.0,0.017233125897558654,True,True
6617,TPEx,528,2024-06-18,2026-08-19,0,0,0.0,0.0,True,True
6620,TPEx,157,2025-12-23,2026-08-19,0,0,0.0,0.0,True,True
6624,TPEx,1661,2019-05-28,2026-08-19,0,0,0.0,0.05517633674630262,True,True
6629,TPEx,1597,2019-06-06,2026-08-19,0,0,0.0,0.08794974300399772,True,True
6637,TPEx,528,2024-06-18,2026-08-19,0,0,0.0,0.0,True,True
6640,TPEx,1865,2018-10-23,2026-08-19,0,0,0.0,0.017904160084254883,True,True
6642,TPEx,1662,2019-09-23,2026-08-19,0,0,0.0,0.009535160905840279,True,True
6643,TPEx,1835,2019-01-23,2026-08-19,0,0,0.0,0.0,True,True
6649,TPEx,1739,2019-06-05,2026-08-19,0,0,0.0,0.007420091324200961,True,True
6651,TPEx,1344,2021-02-01,2026-08-19,0,0,0.0,0.0,True,True
6654,TPEx,1850,2018-10-23,2026-08-19,0,0,0.0,0.025803054239073142,True,True
6661,TPEx,1306,2021-01-27,2026-08-19,0,0,0.0,0.03043801039346694,True,True
6662,TPEx,1727,2019-03-26,2026-08-18,0,0,0.0,0.040022234574763726,True,True
6664,TPEx,1926,2018-09-12,2026-08-19,0,0,0.0,0.0,True,True
6667,TPEx,1884,2018-11-13,2026-08-19,0,0,0.0,0.0,True,True
6679,TPEx,1771,2019-05-09,2026-08-19,0,0,0.0,0.0,True,True
6680,TPEx,1401,2019-09-16,2026-08-19,0,0,0.0,0.16755793226381466,True,True
6683,TPEx,1782,2019-04-23,2026-08-19,0,0,0.0,0.0,True,True
6684,TPEx,1219,2021-08-11,2026-08-19,0,0,0.0,0.0008196721311475308,True,True
6690,TPEx,1650,2019-10-30,2026-08-19,0,0,0.0,0.00241837968561065,True,True
6692,TPEx,610,2024-02-02,2026-08-19,0,0,0.0,0.004893964110929905,True,True
6693,TPEx,1088,2022-03-01,2026-08-19,0,0,0.0,0.0,True,True
6697,TPEx,1553,2019-12-26,2026-08-19,0,0,0.0,0.03719776813391196,True,True
6703,TPEx,1417,2020-10-20,2026-08-19,0,0,0.0,0.0,True,True
6708,TPEx,861,2022-12-29,2026-08-19,0,0,0.0,0.018244013683010207,True,True
6712,TPEx,1359,2021-01-08,2026-08-19,0,0,0.0,0.0007352941176470562,True,True
6716,TPEx,1548,2020-03-27,2026-08-19,0,0,0.0,0.005141388174807249,True,True
6720,TPEx,413,2024-12-04,2026-08-19,0,0,0.0,0.0024154589371980784,True,True
6721,TPEx,996,2022-04-29,2026-08-19,0,0,0.0,0.04871060171919772,True,True
6725,TPEx,153,2025-12-30,2026-08-19,0,0,0.0,0.0,True,True
6727,TPEx,1387,2020-12-01,2026-08-19,0,0,0.0,0.0,True,True
6728,TPEx,1365,2020-12-25,2026-08-19,0,0,0.0,0.0029218407596786067,True,True
6730,TPEx,163,2025-12-10,2026-08-19,0,0,0.0,0.01807228915662651,True,True
6732,TPEx,1508,2020-06-08,2026-08-19,0,0,0.0,0.0,True,True
6733,TPEx,1346,2021-01-28,2026-08-19,0,0,0.0,0.0,True,True
6735,TPEx,1036,2022-04-29,2026-08-19,0,0,0.0,0.010506208213944657,True,True
6739,TPEx,476,2024-09-02,2026-08-19,0,0,0.0,0.0,True,True
6741,TPEx,1274,2021-05-25,2026-08-19,0,0,0.0,0.0007843137254901489,True,True
6751,TPEx,1349,2020-12-25,2026-08-19,0,0,0.0,0.014609203798393033,True,True
6752,TPEx,1314,2020-12-10,2026-08-19,0,0,0.0,0.047826086956521685,True,True
6761,TPEx,1159,2021-11-08,2026-08-19,0,0,0.0,0.0008620689655172153,True,True
6762,TPEx,1171,2020-12-18,2026-08-17,0,0,0.0,0.14650145772594747,True,True
6763,TPEx,1070,2022-03-15,2026-08-19,0,0,0.0,0.007421150278293154,True,True
6767,TPEx,1331,2021-01-25,2026-08-19,0,0,0.0,0.013343217197924417,True,True
6785,TPEx,620,2024-01-24,2026-08-19,0,0,0.0,0.0,True,True
6788,TPEx,1187,2021-09-29,2026-08-19,0,0,0.0,0.0,True,True
6791,TPEx,909,2022-11-14,2026-08-19,0,0,0.0,0.001098901098901095,True,True
6803,TPEx,2092,2018-01-02,2026-08-19,0,0,0.0,0.0014319809069212042,True,True
6804,TPEx,1058,2022-03-31,2026-08-19,0,0,0.0,0.007504690431519689,True,True
6811,TPEx,977,2022-08-09,2026-08-19,0,0,0.0,0.0,True,True
6821,TPEx,790,2023-05-22,2026-08-19,0,0,0.0,0.0,True,True
6823,TPEx,998,2022-06-30,2026-08-19,0,0,0.0,0.006965174129353269,True,True
6829,TPEx,1080,2022-03-11,2026-08-19,0,0,0.0,0.0,True,True
6840,TPEx,808,2023-03-24,2026-08-19,0,0,0.0,0.022974607013301118,True,True
6841,TPEx,844,2023-03-01,2026-08-19,0,0,0.0,0.0,True,True
6843,TPEx,887,2022-11-21,2026-08-19,0,0,0.0,0.019889502762430955,True,True
6844,TPEx,583,2024-03-08,2026-08-19,0,0,0.0,0.021812080536912748,True,True
6846,TPEx,779,2023-05-15,2026-08-19,0,0,0.0,0.020125786163522008,True,True
6855,TPEx,881,2022-10-06,2026-08-19,0,0,0.0,0.058760683760683774,True,True
6856,TPEx,600,2023-10-27,2026-08-19,0,0,0.0,0.12023460410557185,True,True
6859,TPEx,898,2022-11-28,2026-08-19,0,0,0.0,0.0022222222222222365,True,True
6865,TPEx,857,2023-01-11,2026-08-14,0,0,0.0,0.010392609699769073,True,True
6870,TPEx,710,2023-09-14,2026-08-19,0,0,0.0,0.0,True,True
6872,TPEx,356,2025-03-07,2026-08-19,0,0,0.0,0.0,True,True
6874,TPEx,888,2022-12-14,2026-08-19,0,0,0.0,0.0,True,True
6875,TPEx,584,2024-03-26,2026-08-19,0,0,0.0,0.0,True,True
6877,TPEx,771,2023-06-16,2026-08-19,0,0,0.0,0.0,True,True
6881,TPEx,508,2024-05-21,2026-08-19,0,0,0.0,0.07129798903107865,True,True
6884,TPEx,155,2025-12-17,2026-08-19,0,0,0.0,0.037267080745341574,True,True
6894,TPEx,651,2023-11-29,2026-08-19,0,0,0.0,0.012139605462822445,True,True
6895,TPEx,727,2023-08-22,2026-08-19,0,0,0.0,0.0,True,True
6899,TPEx,573,2024-04-08,2026-08-19,0,0,0.0,0.006932409012131768,True,True
6903,TPEx,532,2024-06-12,2026-08-19,0,0,0.0,0.0,True,True
6904,TPEx,560,2023-12-05,2026-08-18,0,0,0.0,0.1437308868501529,True,True
6907,TPEx,132,2026-01-29,2026-08-19,0,0,0.0,0.0,True,True
6910,TPEx,165,2025-12-11,2026-08-19,0,0,0.0,0.0,True,True
6913,TPEx,456,2024-10-01,2026-08-19,0,0,0.0,0.0,True,True
6922,TPEx,673,2023-11-09,2026-08-19,0,0,0.0,0.0,True,True
6925,TPEx,301,2025-05-28,2026-08-19,0,0,0.0,0.0,True,True
6929,TPEx,558,2024-03-28,2026-08-19,0,0,0.0,0.04123711340206182,True,True
6945,TPEx,52,2026-06-05,2026-08-19,0,0,0.0,0.0,False,True
6953,TPEx,549,2024-05-13,2026-08-19,0,0,0.0,0.007233273056057921,True,True
6961,TPEx,137,2026-01-22,2026-08-19,0,0,0.0,0.0,True,True
6967,TPEx,456,2024-09-25,2026-08-19,0,0,0.0,0.008695652173912993,True,True
6968,TPEx,488,2024-08-14,2026-08-19,0,0,0.0,0.002044989775051076,True,True
6971,TPEx,212,2025-10-02,2026-08-19,0,0,0.0,0.0,True,True
6982,TPEx,404,2024-12-18,2026-08-19,0,0,0.0,0.0,True,True
6983,TPEx,61,2026-05-25,2026-08-19,0,0,0.0,0.0,False,True
6986,TPEx,38,2026-06-26,2026-08-19,0,0,0.0,0.0,False,True
6996,TPEx,410,2024-12-10,2026-08-19,0,0,0.0,0.0,True,True
6997,TPEx,361,2024-12-16,2026-08-19,0,0,0.0,0.11083743842364535,True,True
7402,TPEx,1996,2018-01-02,2026-08-19,0,0,0.0,0.04725536992840096,True,True
7547,TPEx,258,2025-07-29,2026-08-19,0,0,0.0,0.0,True,True
7556,TPEx,1393,2020-10-30,2026-08-19,0,0,0.0,0.011355571327182346,True,True
7584,TPEx,498,2024-07-26,2026-08-19,0,0,0.0,0.007968127490039834,True,True
7642,TPEx,305,2025-05-22,2026-08-19,0,0,0.0,0.0,True,True
7703,TPEx,429,2024-11-13,2026-08-19,0,0,0.0,0.0,True,True
7704,TPEx,404,2024-12-16,2026-08-19,0,0,0.0,0.0049261083743842304,True,True
7708,TPEx,423,2024-11-15,2026-08-19,0,0,0.0,0.00936768149882905,True,True
7709,TPEx,352,2025-02-25,2026-08-19,0,0,0.0,0.030303030303030276,True,True
7712,TPEx,397,2024-12-26,2026-08-19,0,0,0.0,0.002512562814070307,True,True
7713,TPEx,350,2025-02-24,2026-08-19,0,0,0.0,0.038461538461538436,True,True
7714,TPEx,385,2025-01-15,2026-08-19,0,0,0.0,0.0,True,True
7715,TPEx,385,2025-01-15,2026-08-19,0,0,0.0,0.0,True,True
7716,TPEx,160,2025-10-28,2026-08-18,0,0,0.0,0.18367346938775508,True,True
7717,TPEx,183,2025-11-17,2026-08-19,0,0,0.0,0.0,True,True
7718,TPEx,347,2025-03-18,2026-08-19,0,0,0.0,0.005730659025787954,True,True
7723,TPEx,320,2025-04-30,2026-08-19,0,0,0.0,0.0,True,True
7728,TPEx,357,2025-03-06,2026-08-19,0,0,0.0,0.0,True,True
7734,TPEx,362,2025-02-26,2026-08-19,0,0,0.0,0.0,True,True
7738,TPEx,204,2025-10-16,2026-08-19,0,0,0.0,0.0,True,True
7743,TPEx,295,2025-05-20,2026-08-19,0,0,0.0,0.039087947882736174,True,True
7744,TPEx,175,2025-11-27,2026-08-19,0,0,0.0,0.0,True,True
7747,TPEx,263,2025-07-11,2026-08-19,0,0,0.0,0.025925925925925908,True,True
7751,TPEx,238,2025-08-26,2026-08-19,0,0,0.0,0.0,True,True
7753,TPEx,249,2025-08-11,2026-08-19,0,0,0.0,0.0,True,True
7757,TPEx,202,2025-10-20,2026-08-19,0,0,0.0,0.0,True,True
7767,TPEx,164,2025-12-10,2026-08-19,0,0,0.0,0.012048192771084376,True,True
7770,TPEx,162,2025-12-10,2026-08-19,0,0,0.0,0.02409638554216864,True,True
7772,TPEx,72,2026-05-08,2026-08-19,0,0,0.0,0.0,False,True
7777,TPEx,158,2025-12-22,2026-08-19,0,0,0.0,0.0,True,True
7782,TPEx,188,2025-10-28,2026-08-19,0,0,0.0,0.045685279187817285,True,True
7792,TPEx,133,2026-01-28,2026-08-19,0,0,0.0,0.0,True,True
7794,TPEx,84,2026-04-20,2026-08-19,0,0,0.0,0.0117647058823529,False,True
7805,TPEx,158,2025-12-22,2026-08-19,0,0,0.0,0.0,True,True
7810,TPEx,157,2025-12-23,2026-08-19,0,0,0.0,0.0,True,True
7811,TPEx,101,2026-03-25,2026-08-19,0,0,0.0,0.0,False,True
7814,TPEx,25,2026-07-16,2026-08-19,0,0,0.0,0.0,False,True
7819,TPEx,59,2026-05-27,2026-08-19,0,0,0.0,0.0,False,True
7820,TPEx,80,2026-04-27,2026-08-19,0,0,0.0,0.0,False,True
7828,TPEx,83,2026-04-22,2026-08-19,0,0,0.0,0.0,False,True
7839,TPEx,46,2026-06-15,2026-08-19,0,0,0.0,0.0,False,True
7842,TPEx,70,2026-05-11,2026-08-19,0,0,0.0,0.014084507042253502,False,True
8024,TPEx,2090,2018-01-02,2026-08-19,0,0,0.0,0.0023866348448687846,True,True
8027,TPEx,2095,2018-01-02,2026-08-19,0,0,0.0,0.0,True,True
8032,TPEx,2064,2018-01-02,2026-08-19,0,0,0.0,0.01479713603818611,True,True
8034,TPEx,2088,2018-01-02,2026-08-19,0,0,0.0,0.003341288782816254,True,True
8038,TPEx,2095,2018-01-02,2026-08-19,0,0,0.0,0.0,True,True
8040,TPEx,2088,2018-01-02,2026-08-19,0,0,0.0,0.003341288782816254,True,True
8042,TPEx,2093,2018-01-02,2026-08-19,0,0,0.0,0.0009546539379474694,True,True
8043,TPEx,2095,2018-01-02,2026-08-19,0,0,0.0,0.0,True,True
8044,TPEx,2093,2018-01-02,2026-08-19,0,0,0.0,0.0009546539379474694,True,True
8047,TPEx,2003,2018-01-02,2026-08-19,0,0,0.0,0.043914081145584705,True,True
8048,TPEx,2094,2018-01-02,2026-08-19,0,0,0.0,0.0004773269689737347,True,True
8049,TPEx,2095,2018-01-02,2026-08-19,0,0,0.0,0.0,True,True
8050,TPEx,2094,2018-01-02,2026-08-19,0,0,0.0,0.0004773269689737347,True,True
8054,TPEx,2095,2018-01-02,2026-08-19,0,0,0.0,0.0,True,True
8059,TPEx,2094,2018-01-02,2026-08-19,0,0,0.0,0.0004773269689737347,True,True
8064,TPEx,2095,2018-01-02,2026-08-19,0,0,0.0,0.0,True,True
8066,TPEx,2090,2018-01-02,2026-08-19,0,0,0.0,0.0023866348448687846,True,True
8067,TPEx,1871,2018-01-02,2026-08-19,0,0,0.0,0.10692124105011935,True,True
8068,TPEx,2092,2018-01-02,2026-08-19,0,0,0.0,0.0014319809069212042,True,True
8069,TPEx,2095,2018-01-02,2026-08-19,0,0,0.0,0.0,True,True
8071,TPEx,2095,2018-01-02,2026-08-19,0,0,0.0,0.0,True,True
8074,TPEx,2095,2018-01-02,2026-08-19,0,0,0.0,0.0,True,True
8076,TPEx,2095,2018-01-02,2026-08-19,0,0,0.0,0.0,True,True
8077,TPEx,1586,2018-01-02,2026-08-19,0,0,0.0,0.2429594272076372,True,True
8080,TPEx,1772,2018-01-02,2026-08-19,0,0,0.0,0.1541766109785203,True,True
8083,TPEx,2095,2018-01-02,2026-08-19,0,0,0.0,0.0,True,True
8084,TPEx,2086,2018-01-02,2026-08-19,0,0,0.0,0.0042959427207637235,True,True
8085,TPEx,2088,2018-01-02,2026-08-19,0,0,0.0,0.003341288782816254,True,True
8086,TPEx,2094,2018-01-02,2026-08-19,0,0,0.0,0.0004773269689737347,True,True
8087,TPEx,1931,2018-01-02,2026-08-19,0,0,0.0,0.07828162291169449,True,True
8088,TPEx,2095,2018-01-02,2026-08-19,0,0,0.0,0.0,True,True
8089,TPEx,1432,2020-09-23,2026-08-19,0,0,0.0,0.0006978367062107083,True,True
8091,TPEx,2095,2018-01-02,2026-08-19,0,0,0.0,0.0,True,True
8092,TPEx,2095,2018-01-02,2026-08-19,0,0,0.0,0.0,True,True
8093,TPEx,2075,2018-01-02,2026-08-19,0,0,0.0,0.009546539379474916,True,True
8096,TPEx,2095,2018-01-02,2026-08-19,0,0,0.0,0.0,True,True
8097,TPEx,2091,2018-01-02,2026-08-19,0,0,0.0,0.0019093078758949389,True,True
8099,TPEx,2095,2018-01-02,2026-08-19,0,0,0.0,0.0,True,True
8102,TPEx,152,2025-12-22,2026-08-19,0,0,0.0,0.03797468354430378,True,True
8107,TPEx,2095,2018-01-02,2026-08-19,0,0,0.0,0.0,True,True
8109,TPEx,2095,2018-01-02,2026-08-19,0,0,0.0,0.0,True,True
8111,TPEx,2095,2018-01-02,2026-08-19,0,0,0.0,0.0,True,True
8121,TPEx,2095,2018-01-02,2026-08-19,0,0,0.0,0.0,True,True
8147,TPEx,2081,2018-01-02,2026-08-19,0,0,0.0,0.006682577565632508,True,True
8155,TPEx,2095,2018-01-02,2026-08-19,0,0,0.0,0.0,True,True
8171,TPEx,2089,2018-01-02,2026-08-19,0,0,0.0,0.0028639618138425194,True,True
8176,TPEx,2095,2018-01-02,2026-08-19,0,0,0.0,0.0,True,True
8182,TPEx,2095,2018-01-02,2026-08-19,0,0,0.0,0.0,True,True
8183,TPEx,2095,2018-01-02,2026-08-19,0,0,0.0,0.0,True,True
8227,TPEx,884,2022-12-20,2026-08-19,0,0,0.0,0.0,True,True
8234,TPEx,2095,2018-01-02,2026-08-19,0,0,0.0,0.0,True,True
8240,TPEx,2093,2018-01-02,2026-08-19,0,0,0.0,0.0009546539379474694,True,True
8255,TPEx,2095,2018-01-02,2026-08-19,0,0,0.0,0.0,True,True
8272,TPEx,438,2024-10-23,2026-08-19,0,0,0.0,0.011286681715575675,True,True
8277,TPEx,2095,2018-01-02,2026-08-19,0,0,0.0,0.0,True,True
8279,TPEx,2056,2018-01-02,2026-08-19,0,0,0.0,0.018615751789976098,True,True
8284,TPEx,1517,2020-05-18,2026-08-19,0,0,0.0,0.003939592908732803,True,True
8289,TPEx,2089,2018-01-02,2026-08-19,0,0,0.0,0.0028639618138425194,True,True
8291,TPEx,1366,2018-01-02,2026-08-19,0,0,0.0,0.3479713603818616,True,True
8299,TPEx,2095,2018-01-02,2026-08-19,0,0,0.0,0.0,True,True
8342,TPEx,1895,2018-01-02,2026-08-19,0,0,0.0,0.09546539379474939,True,True
8349,TPEx,2091,2018-01-02,2026-08-19,0,0,0.0,0.0019093078758949389,True,True
8354,TPEx,2084,2018-01-02,2026-08-19,0,0,0.0,0.005250596658711193,True,True
8358,TPEx,2095,2018-01-02,2026-08-19,0,0,0.0,0.0,True,True
8383,TPEx,2095,2018-01-02,2026-08-19,0,0,0.0,0.0,True,True
8390,TPEx,2088,2018-01-02,2026-08-19,0,0,0.0,0.003341288782816254,True,True
8401,TPEx,2095,2018-01-02,2026-08-19,0,0,0.0,0.0,True,True
8403,TPEx,2095,2018-01-02,2026-08-19,0,0,0.0,0.0,True,True
8409,TPEx,2054,2018-01-02,2026-08-18,0,0,0.0,0.019102196752626588,True,True
8410,TPEx,2071,2018-01-02,2026-08-19,0,0,0.0,0.011455847255369966,True,True
8415,TPEx,2095,2018-01-02,2026-08-19,0,0,0.0,0.0,True,True
8416,TPEx,2063,2018-01-02,2026-08-19,0,0,0.0,0.015274463007159955,True,True
8421,TPEx,2087,2018-01-02,2026-08-19,0,0,0.0,0.003818615751789989,True,True
8423,TPEx,1845,2018-01-02,2026-08-19,0,0,0.0,0.11933174224343679,True,True
8424,TPEx,2036,2018-01-02,2026-08-19,0,0,0.0,0.028162291169451126,True,True
8426,TPEx,2040,2018-01-02,2026-08-19,0,0,0.0,0.026252983293556076,True,True
8431,TPEx,2095,2018-01-02,2026-08-19,0,0,0.0,0.0,True,True
8432,TPEx,2094,2018-01-02,2026-08-19,0,0,0.0,0.0004773269689737347,True,True
8433,TPEx,2083,2018-01-02,2026-08-19,0,0,0.0,0.005727923627684928,True,True
8435,TPEx,2090,2018-01-02,2026-08-19,0,0,0.0,0.0023866348448687846,True,True
8436,TPEx,2095,2018-01-02,2026-08-19,0,0,0.0,0.0,True,True
8437,TPEx,2086,2018-01-02,2026-08-19,0,0,0.0,0.0042959427207637235,True,True
8440,TPEx,2040,2018-03-28,2026-08-19,0,0,0.0,0.0004899559039686086,True,True
8444,TPEx,2057,2018-01-02,2026-08-18,0,0,0.0,0.0176695319961796,True,True
8446,TPEx,2094,2018-01-02,2026-08-19,0,0,0.0,0.0004773269689737347,True,True
8450,TPEx,2092,2018-01-02,2026-08-19,0,0,0.0,0.0014319809069212042,True,True
8455,TPEx,1803,2018-01-02,2026-08-19,0,0,0.0,0.1393794749403341,True,True
8472,TPEx,1950,2018-01-02,2026-08-19,0,0,0.0,0.06921241050119331,True,True
8477,TPEx,2081,2018-01-02,2026-08-19,0,0,0.0,0.006682577565632508,True,True
8489,TPEx,2093,2018-01-02,2026-08-19,0,0,0.0,0.0009546539379474694,True,True
8905,TPEx,2043,2018-01-02,2026-08-19,0,0,0.0,0.02482100238663487,True,True
8906,TPEx,1973,2018-01-02,2026-08-19,0,0,0.0,0.05823389021479719,True,True
8908,TPEx,2060,2018-01-02,2026-08-19,0,0,0.0,0.01670644391408116,True,True
8916,TPEx,2095,2018-01-02,2026-08-19,0,0,0.0,0.0,True,True
8917,TPEx,1632,2018-01-05,2026-08-19,0,0,0.0,0.21988527724665397,True,True
8921,TPEx,1318,2018-01-04,2026-08-19,0,0,0.0,0.37028189202102246,True,True
8923,TPEx,1646,2018-01-03,2026-08-19,0,0,0.0,0.21394460362941736,True,True
8924,TPEx,2088,2018-01-02,2026-08-19,0,0,0.0,0.003341288782816254,True,True
8927,TPEx,2084,2018-01-02,2026-08-19,0,0,0.0,0.005250596658711193,True,True
8928,TPEx,2090,2018-01-02,2026-08-19,0,0,0.0,0.0023866348448687846,True,True
8929,TPEx,2075,2018-01-02,2026-08-19,0,0,0.0,0.009546539379474916,True,True
8930,TPEx,2095,2018-01-02,2026-08-19,0,0,0.0,0.0,True,True
8931,TPEx,2081,2018-01-02,2026-08-19,0,0,0.0,0.006682577565632508,True,True
8932,TPEx,2072,2018-01-02,2026-08-19,0,0,0.0,0.010978520286396232,True,True
8933,TPEx,2088,2018-01-02,2026-08-19,0,0,0.0,0.003341288782816254,True,True
8935,TPEx,2093,2018-01-02,2026-08-19,0,0,0.0,0.0009546539379474694,True,True
8936,TPEx,2095,2018-01-02,2026-08-19,0,0,0.0,0.0,True,True
8937,TPEx,2074,2018-01-02,2026-08-19,0,0,0.0,0.010023866348448651,True,True
8938,TPEx,2094,2018-01-02,2026-08-19,0,0,0.0,0.0004773269689737347,True,True
8941,TPEx,2000,2018-01-02,2026-08-19,0,0,0.0,0.04534606205250602,True,True
8942,TPEx,2095,2018-01-02,2026-08-19,0,0,0.0,0.0,True,True
9949,TPEx,2058,2018-01-02,2026-08-19,0,0,0.0,0.01766109785202863,True,True
9950,TPEx,2015,2018-01-02,2026-08-19,0,0,0.0,0.03818615751789978,True,True
9951,TPEx,2095,2018-01-02,2026-08-19,0,0,0.0,0.0,True,True
9960,TPEx,1968,2018-01-02,2026-08-19,0,0,0.0,0.060620525059665864,True,True
9962,TPEx,2091,2018-01-02,2026-08-19,0,0,0.0,0.0019093078758949389,True,True
1101,TWSE,2095,2018-01-02,2026-08-19,0,0,0.0,0.0,True,True
1102,TWSE,2095,2018-01-02,2026-08-19,0,0,0.0,0.0,True,True
1103,TWSE,2095,2018-01-02,2026-08-19,0,0,0.0,0.0,True,True
1104,TWSE,2095,2018-01-02,2026-08-19,0,0,0.0,0.0,True,True
1108,TWSE,2095,2018-01-02,2026-08-19,0,0,0.0,0.0,True,True
1109,TWSE,2095,2018-01-02,2026-08-19,0,0,0.0,0.0,True,True
1110,TWSE,2095,2018-01-02,2026-08-19,0,0,0.0,0.0,True,True
1201,TWSE,2095,2018-01-02,2026-08-19,0,0,0.0,0.0,True,True
1203,TWSE,2095,2018-01-02,2026-08-19,0,0,0.0,0.0,True,True
1210,TWSE,2095,2018-01-02,2026-08-19,0,0,0.0,0.0,True,True
1213,TWSE,2095,2018-01-02,2026-08-19,0,0,0.0,0.0,True,True
1215,TWSE,2095,2018-01-02,2026-08-19,0,0,0.0,0.0,True,True
1216,TWSE,2095,2018-01-02,2026-08-19,0,0,0.0,0.0,True,True
1217,TWSE,2095,2018-01-02,2026-08-19,0,0,0.0,0.0,True,True
1218,TWSE,2095,2018-01-02,2026-08-19,0,0,0.0,0.0,True,True
1219,TWSE,2095,2018-01-02,2026-08-19,0,0,0.0,0.0,True,True
1220,TWSE,2095,2018-01-02,2026-08-19,0,0,0.0,0.0,True,True
1225,TWSE,2095,2018-01-02,2026-08-19,0,0,0.0,0.0,True,True
1227,TWSE,2095,2018-01-02,2026-08-19,0,0,0.0,0.0,True,True
1229,TWSE,2095,2018-01-02,2026-08-19,0,0,0.0,0.0,True,True
1231,TWSE,2095,2018-01-02,2026-08-19,0,0,0.0,0.0,True,True
1232,TWSE,2095,2018-01-02,2026-08-19,0,0,0.0,0.0,True,True
1233,TWSE,2095,2018-01-02,2026-08-19,0,0,0.0,0.0,True,True
1234,TWSE,2095,2018-01-02,2026-08-19,0,0,0.0,0.0,True,True
1235,TWSE,2095,2018-01-02,2026-08-19,0,0,0.0,0.0,True,True
1236,TWSE,2095,2018-01-02,2026-08-19,0,0,0.0,0.0,True,True
1256,TWSE,2095,2018-01-02,2026-08-19,0,0,0.0,0.0,True,True
1301,TWSE,2095,2018-01-02,2026-08-19,0,0,0.0,0.0,True,True
1303,TWSE,2095,2018-01-02,2026-08-19,0,0,0.0,0.0,True,True
1304,TWSE,2095,2018-01-02,2026-08-19,0,0,0.0,0.0,True,True
1305,TWSE,2095,2018-01-02,2026-08-19,0,0,0.0,0.0,True,True
1307,TWSE,2095,2018-01-02,2026-08-19,0,0,0.0,0.0,True,True
1308,TWSE,2095,2018-01-02,2026-08-19,0,0,0.0,0.0,True,True
1309,TWSE,2095,2018-01-02,2026-08-19,0,0,0.0,0.0,True,True
1310,TWSE,2095,2018-01-02,2026-08-19,0,0,0.0,0.0,True,True
1312,TWSE,2095,2018-01-02,2026-08-19,0,0,0.0,0.0,True,True
1313,TWSE,2095,2018-01-02,2026-08-19,0,0,0.0,0.0,True,True
1314,TWSE,2095,2018-01-02,2026-08-19,0,0,0.0,0.0,True,True
1315,TWSE,2095,2018-01-02,2026-08-19,0,0,0.0,0.0,True,True
1316,TWSE,2095,2018-01-02,2026-08-19,0,0,0.0,0.0,True,True
1319,TWSE,2095,2018-01-02,2026-08-19,0,0,0.0,0.0,True,True
1321,TWSE,2095,2018-01-02,2026-08-19,0,0,0.0,0.0,True,True
1323,TWSE,2095,2018-01-02,2026-08-19,0,0,0.0,0.0,True,True
1324,TWSE,2095,2018-01-02,2026-08-19,0,0,0.0,0.0,True,True
1325,TWSE,2095,2018-01-02,2026-08-19,0,0,0.0,0.0,True,True
1326,TWSE,2095,2018-01-02,2026-08-19,0,0,0.0,0.0,True,True
1337,TWSE,2095,2018-01-02,2026-08-19,0,0,0.0,0.0,True,True
1338,TWSE,2095,2018-01-02,2026-08-19,0,0,0.0,0.0,True,True
1339,TWSE,2095,2018-01-02,2026-08-19,0,0,0.0,0.0,True,True
1340,TWSE,2095,2018-01-02,2026-08-19,0,0,0.0,0.0,True,True
1341,TWSE,1855,2018-12-24,2026-08-19,0,0,0.0,0.0,True,True
1342,TWSE,1669,2019-10-07,2026-08-19,0,0,0.0,0.0,True,True
1402,TWSE,2095,2018-01-02,2026-08-19,0,0,0.0,0.0,True,True
1409,TWSE,2095,2018-01-02,2026-08-19,0,0,0.0,0.0,True,True
1410,TWSE,2095,2018-01-02,2026-08-19,0,0,0.0,0.0,True,True
1413,TWSE,2095,2018-01-02,2026-08-19,0,0,0.0,0.0,True,True
1414,TWSE,2095,2018-01-02,2026-08-19,0,0,0.0,0.0,True,True
1416,TWSE,2095,2018-01-02,2026-08-19,0,0,0.0,0.0,True,True
1417,TWSE,2095,2018-01-02,2026-08-19,0,0,0.0,0.0,True,True
1418,TWSE,2095,2018-01-02,2026-08-19,0,0,0.0,0.0,True,True
1419,TWSE,2095,2018-01-02,2026-08-19,0,0,0.0,0.0,True,True
1423,TWSE,2095,2018-01-02,2026-08-19,0,0,0.0,0.0,True,True
1432,TWSE,2095,2018-01-02,2026-08-19,0,0,0.0,0.0,True,True
1434,TWSE,2095,2018-01-02,2026-08-19,0,0,0.0,0.0,True,True
1435,TWSE,2095,2018-01-02,2026-08-19,0,0,0.0,0.0,True,True
1436,TWSE,2095,2018-01-02,2026-08-19,0,0,0.0,0.0,True,True
1437,TWSE,2095,2018-01-02,2026-08-19,0,0,0.0,0.0,True,True
1438,TWSE,2095,2018-01-02,2026-08-19,0,0,0.0,0.0,True,True
1439,TWSE,2095,2018-01-02,2026-08-19,0,0,0.0,0.0,True,True
1440,TWSE,2095,2018-01-02,2026-08-19,0,0,0.0,0.0,True,True
1441,TWSE,2095,2018-01-02,2026-08-19,0,0,0.0,0.0,True,True
1442,TWSE,2095,2018-01-02,2026-08-19,0,0,0.0,0.0,True,True
1443,TWSE,2095,2018-01-02,2026-08-19,0,0,0.0,0.0,True,True
1444,TWSE,2095,2018-01-02,2026-08-19,0,0,0.0,0.0,True,True
1445,TWSE,2095,2018-01-02,2026-08-19,0,0,0.0,0.0,True,True
1446,TWSE,2095,2018-01-02,2026-08-19,0,0,0.0,0.0,True,True
1447,TWSE,2095,2018-01-02,2026-08-19,0,0,0.0,0.0,True,True
1449,TWSE,2095,2018-01-02,2026-08-19,0,0,0.0,0.0,True,True
1451,TWSE,2095,2018-01-02,2026-08-19,0,0,0.0,0.0,True,True
1452,TWSE,2095,2018-01-02,2026-08-19,0,0,0.0,0.0,True,True
1453,TWSE,2095,2018-01-02,2026-08-19,0,0,0.0,0.0,True,True
1454,TWSE,2095,2018-01-02,2026-08-19,0,0,0.0,0.0,True,True
1455,TWSE,2095,2018-01-02,2026-08-19,0,0,0.0,0.0,True,True
1456,TWSE,2095,2018-01-02,2026-08-19,0,0,0.0,0.0,True,True
1457,TWSE,2095,2018-01-02,2026-08-19,0,0,0.0,0.0,True,True
1459,TWSE,2095,2018-01-02,2026-08-19,0,0,0.0,0.0,True,True
1460,TWSE,2095,2018-01-02,2026-08-19,0,0,0.0,0.0,True,True
1463,TWSE,2095,2018-01-02,2026-08-19,0,0,0.0,0.0,True,True
1464,TWSE,2095,2018-01-02,2026-08-19,0,0,0.0,0.0,True,True
1465,TWSE,2095,2018-01-02,2026-08-19,0,0,0.0,0.0,True,True
1466,TWSE,2095,2018-01-02,2026-08-19,0,0,0.0,0.0,True,True
1467,TWSE,2095,2018-01-02,2026-08-19,0,0,0.0,0.0,True,True
1468,TWSE,2095,2018-01-02,2026-08-19,0,0,0.0,0.0,True,True
1470,TWSE,2095,2018-01-02,2026-08-19,0,0,0.0,0.0,True,True
1471,TWSE,2095,2018-01-02,2026-08-19,0,0,0.0,0.0,True,True
1472,TWSE,2095,2018-01-02,2026-08-19,0,0,0.0,0.0,True,True
1473,TWSE,2095,2018-01-02,2026-08-19,0,0,0.0,0.0,True,True
1474,TWSE,2095,2018-01-02,2026-08-19,0,0,0.0,0.0,True,True
1475,TWSE,2095,2018-01-02,2026-08-19,0,0,0.0,0.0,True,True
1476,TWSE,2095,2018-01-02,2026-08-19,0,0,0.0,0.0,True,True
1477,TWSE,2095,2018-01-02,2026-08-19,0,0,0.0,0.0,True,True
1503,TWSE,2095,2018-01-02,2026-08-19,0,0,0.0,0.0,True,True
1504,TWSE,2095,2018-01-02,2026-08-19,0,0,0.0,0.0,True,True
1506,TWSE,2095,2018-01-02,2026-08-19,0,0,0.0,0.0,True,True
1512,TWSE,2095,2018-01-02,2026-08-19,0,0,0.0,0.0,True,True
1513,TWSE,2095,2018-01-02,2026-08-19,0,0,0.0,0.0,True,True
1514,TWSE,2095,2018-01-02,2026-08-19,0,0,0.0,0.0,True,True
1515,TWSE,2095,2018-01-02,2026-08-19,0,0,0.0,0.0,True,True
1516,TWSE,2095,2018-01-02,2026-08-19,0,0,0.0,0.0,True,True
1517,TWSE,2095,2018-01-02,2026-08-19,0,0,0.0,0.0,True,True
1519,TWSE,2095,2018-01-02,2026-08-19,0,0,0.0,0.0,True,True
1521,TWSE,2095,2018-01-02,2026-08-19,0,0,0.0,0.0,True,True
1522,TWSE,2095,2018-01-02,2026-08-19,0,0,0.0,0.0,True,True
1524,TWSE,2093,2018-01-02,2026-08-20,0,0,0.0,0.0009546539379474694,True,True
1525,TWSE,2095,2018-01-02,2026-08-19,0,0,0.0,0.0,True,True
1526,TWSE,2095,2018-01-02,2026-08-19,0,0,0.0,0.0,True,True
1527,TWSE,2095,2018-01-02,2026-08-19,0,0,0.0,0.0,True,True
1528,TWSE,2095,2018-01-02,2026-08-19,0,0,0.0,0.0,True,True
1529,TWSE,2095,2018-01-02,2026-08-19,0,0,0.0,0.0,True,True
1530,TWSE,2095,2018-01-02,2026-08-19,0,0,0.0,0.0,True,True
1531,TWSE,2095,2018-01-02,2026-08-19,0,0,0.0,0.0,True,True
1532,TWSE,2095,2018-01-02,2026-08-19,0,0,0.0,0.0,True,True
1533,TWSE,2095,2018-01-02,2026-08-19,0,0,0.0,0.0,True,True
1535,TWSE,2095,2018-01-02,2026-08-19,0,0,0.0,0.0,True,True
1536,TWSE,2095,2018-01-02,2026-08-19,0,0,0.0,0.0,True,True
1537,TWSE,2095,2018-01-02,2026-08-19,0,0,0.0,0.0,True,True
1538,TWSE,2095,2018-01-02,2026-08-19,0,0,0.0,0.0,True,True
1539,TWSE,2095,2018-01-02,2026-08-19,0,0,0.0,0.0,True,True
1540,TWSE,2095,2018-01-02,2026-08-19,0,0,0.0,0.0,True,True
1541,TWSE,2095,2018-01-02,2026-08-19,0,0,0.0,0.0,True,True
1558,TWSE,2095,2018-01-02,2026-08-19,0,0,0.0,0.0,True,True
1560,TWSE,2095,2018-01-02,2026-08-19,0,0,0.0,0.0,True,True
1563,TWSE,2095,2018-01-02,2026-08-19,0,0,0.0,0.0,True,True
1568,TWSE,2095,2018-01-02,2026-08-19,0,0,0.0,0.0,True,True
1582,TWSE,2095,2018-01-02,2026-08-19,0,0,0.0,0.0,True,True
1583,TWSE,2095,2018-01-02,2026-08-19,0,0,0.0,0.0,True,True
1587,TWSE,2095,2018-01-02,2026-08-19,0,0,0.0,0.0,True,True
1589,TWSE,2095,2018-01-02,2026-08-19,0,0,0.0,0.0,True,True
1590,TWSE,2095,2018-01-02,2026-08-19,0,0,0.0,0.0,True,True
1597,TWSE,724,2018-01-02,2020-12-22,0,0,0.0,0.0,True,True
1598,TWSE,2095,2018-01-02,2026-08-19,0,0,0.0,0.0,True,True
1603,TWSE,2095,2018-01-02,2026-08-19,0,0,0.0,0.0,True,True
1604,TWSE,2095,2018-01-02,2026-08-19,0,0,0.0,0.0,True,True
1605,TWSE,2095,2018-01-02,2026-08-19,0,0,0.0,0.0,True,True
1608,TWSE,2095,2018-01-02,2026-08-19,0,0,0.0,0.0,True,True
1609,TWSE,2095,2018-01-02,2026-08-19,0,0,0.0,0.0,True,True
1611,TWSE,2095,2018-01-02,2026-08-19,0,0,0.0,0.0,True,True
1612,TWSE,2095,2018-01-02,2026-08-19,0,0,0.0,0.0,True,True
1614,TWSE,2095,2018-01-02,2026-08-19,0,0,0.0,0.0,True,True
1615,TWSE,2095,2018-01-02,2026-08-19,0,0,0.0,0.0,True,True
1616,TWSE,2095,2018-01-02,2026-08-19,0,0,0.0,0.0,True,True
1617,TWSE,2095,2018-01-02,2026-08-19,0,0,0.0,0.0,True,True
1618,TWSE,2095,2018-01-02,2026-08-19,0,0,0.0,0.0,True,True
1623,TWSE,542,2024-05-28,2026-08-19,0,0,0.0,0.0,True,True
1626,TWSE,2095,2018-01-02,2026-08-19,0,0,0.0,0.0,True,True
1702,TWSE,2095,2018-01-02,2026-08-19,0,0,0.0,0.0,True,True
1707,TWSE,2095,2018-01-02,2026-08-19,0,0,0.0,0.0,True,True
1708,TWSE,2095,2018-01-02,2026-08-19,0,0,0.0,0.0,True,True
1709,TWSE,2095,2018-01-02,2026-08-19,0,0,0.0,0.0,True,True
1710,TWSE,2095,2018-01-02,2026-08-19,0,0,0.0,0.0,True,True
1711,TWSE,2095,2018-01-02,2026-08-19,0,0,0.0,0.0,True,True
1712,TWSE,2095,2018-01-02,2026-08-19,0,0,0.0,0.0,True,True
1713,TWSE,2095,2018-01-02,2026-08-19,0,0,0.0,0.0,True,True
1714,TWSE,2095,2018-01-02,2026-08-19,0,0,0.0,0.0,True,True
1717,TWSE,2095,2018-01-02,2026-08-19,0,0,0.0,0.0,True,True
1718,TWSE,2095,2018-01-02,2026-08-19,0,0,0.0,0.0,True,True
1720,TWSE,2095,2018-01-02,2026-08-19,0,0,0.0,0.0,True,True
1721,TWSE,2095,2018-01-02,2026-08-19,0,0,0.0,0.0,True,True
1722,TWSE,2095,2018-01-02,2026-08-19,0,0,0.0,0.0,True,True
1723,TWSE,2095,2018-01-02,2026-08-19,0,0,0.0,0.0,True,True
1725,TWSE,2095,2018-01-02,2026-08-19,0,0,0.0,0.0,True,True
1726,TWSE,2095,2018-01-02,2026-08-19,0,0,0.0,0.0,True,True
1727,TWSE,2095,2018-01-02,2026-08-19,0,0,0.0,0.0,True,True
1730,TWSE,2095,2018-01-02,2026-08-19,0,0,0.0,0.0,True,True
1731,TWSE,2095,2018-01-02,2026-08-19,0,0,0.0,0.0,True,True
1732,TWSE,2095,2018-01-02,2026-08-19,0,0,0.0,0.0,True,True
1733,TWSE,2095,2018-01-02,2026-08-19,0,0,0.0,0.0,True,True
1734,TWSE,2095,2018-01-02,2026-08-19,0,0,0.0,0.0,True,True
1735,TWSE,2095,2018-01-02,2026-08-19,0,0,0.0,0.0,True,True
1736,TWSE,2095,2018-01-02,2026-08-19,0,0,0.0,0.0,True,True
1737,TWSE,2095,2018-01-02,2026-08-19,0,0,0.0,0.0,True,True
1752,TWSE,986,2018-01-02,2022-01-18,0,0,0.0,0.0,True,True
1760,TWSE,2095,2018-01-02,2026-08-19,0,0,0.0,0.0,True,True
1762,TWSE,2095,2018-01-02,2026-08-19,0,0,0.0,0.0,True,True
1773,TWSE,2095,2018-01-02,2026-08-19,0,0,0.0,0.0,True,True
1776,TWSE,2095,2018-01-02,2026-08-19,0,0,0.0,0.0,True,True
1783,TWSE,2095,2018-01-02,2026-08-19,0,0,0.0,0.0,True,True
1786,TWSE,2095,2018-01-02,2026-08-19,0,0,0.0,0.0,True,True
1789,TWSE,2095,2018-01-02,2026-08-19,0,0,0.0,0.0,True,True
1795,TWSE,474,2018-01-02,2019-12-13,0,0,0.0,0.0,True,True
1802,TWSE,2095,2018-01-02,2026-08-19,0,0,0.0,0.0,True,True
1805,TWSE,2095,2018-01-02,2026-08-19,0,0,0.0,0.0,True,True
1806,TWSE,2095,2018-01-02,2026-08-19,0,0,0.0,0.0,True,True
1808,TWSE,2095,2018-01-02,2026-08-19,0,0,0.0,0.0,True,True
1809,TWSE,2095,2018-01-02,2026-08-19,0,0,0.0,0.0,True,True
1810,TWSE,2095,2018-01-02,2026-08-19,0,0,0.0,0.0,True,True
1817,TWSE,2100,2018-01-02,2026-08-20,0,0,0.0,-0.0023866348448686736,True,True
1903,TWSE,2095,2018-01-02,2026-08-19,0,0,0.0,0.0,True,True
1904,TWSE,2095,2018-01-02,2026-08-19,0,0,0.0,0.0,True,True
1905,TWSE,2095,2018-01-02,2026-08-19,0,0,0.0,0.0,True,True
1906,TWSE,2095,2018-01-02,2026-08-19,0,0,0.0,0.0,True,True
1907,TWSE,2095,2018-01-02,2026-08-19,0,0,0.0,0.0,True,True
1909,TWSE,2095,2018-01-02,2026-08-19,0,0,0.0,0.0,True,True
2002,TWSE,2095,2018-01-02,2026-08-19,0,0,0.0,0.0,True,True
2006,TWSE,2095,2018-01-02,2026-08-19,0,0,0.0,0.0,True,True
2007,TWSE,2095,2018-01-02,2026-08-19,0,0,0.0,0.0,True,True
2008,TWSE,2095,2018-01-02,2026-08-19,0,0,0.0,0.0,True,True
2009,TWSE,2095,2018-01-02,2026-08-19,0,0,0.0,0.0,True,True
2010,TWSE,2095,2018-01-02,2026-08-19,0,0,0.0,0.0,True,True
2012,TWSE,2095,2018-01-02,2026-08-19,0,0,0.0,0.0,True,True
2013,TWSE,2095,2018-01-02,2026-08-19,0,0,0.0,0.0,True,True
2014,TWSE,2095,2018-01-02,2026-08-19,0,0,0.0,0.0,True,True
2015,TWSE,2095,2018-01-02,2026-08-19,0,0,0.0,0.0,True,True
2017,TWSE,2095,2018-01-02,2026-08-19,0,0,0.0,0.0,True,True
2020,TWSE,2095,2018-01-02,2026-08-19,0,0,0.0,0.0,True,True
2022,TWSE,2095,2018-01-02,2026-08-19,0,0,0.0,0.0,True,True
2023,TWSE,2095,2018-01-02,2026-08-19,0,0,0.0,0.0,True,True
2024,TWSE,2095,2018-01-02,2026-08-19,0,0,0.0,0.0,True,True
2025,TWSE,2095,2018-01-02,2026-08-19,0,0,0.0,0.0,True,True
2027,TWSE,2095,2018-01-02,2026-08-19,0,0,0.0,0.0,True,True
2028,TWSE,2095,2018-01-02,2026-08-19,0,0,0.0,0.0,True,True
2029,TWSE,2095,2018-01-02,2026-08-19,0,0,0.0,0.0,True,True
2030,TWSE,2095,2018-01-02,2026-08-19,0,0,0.0,0.0,True,True
2031,TWSE,2095,2018-01-02,2026-08-19,0,0,0.0,0.0,True,True
2032,TWSE,2095,2018-01-02,2026-08-19,0,0,0.0,0.0,True,True
2033,TWSE,2095,2018-01-02,2026-08-19,0,0,0.0,0.0,True,True
2034,TWSE,2095,2018-01-02,2026-08-19,0,0,0.0,0.0,True,True
2038,TWSE,2095,2018-01-02,2026-08-19,0,0,0.0,0.0,True,True
2049,TWSE,2095,2018-01-02,2026-08-19,0,0,0.0,0.0,True,True
2059,TWSE,2095,2018-01-02,2026-08-19,0,0,0.0,0.0,True,True
2062,TWSE,2095,2018-01-02,2026-08-19,0,0,0.0,0.0,True,True
2069,TWSE,2095,2018-01-02,2026-08-19,0,0,0.0,0.0,True,True
2072,TWSE,100,2026-03-26,2026-08-20,0,0,0.0,0.0,False,True
2101,TWSE,2095,2018-01-02,2026-08-19,0,0,0.0,0.0,True,True
2102,TWSE,2095,2018-01-02,2026-08-19,0,0,0.0,0.0,True,True
2103,TWSE,2095,2018-01-02,2026-08-19,0,0,0.0,0.0,True,True
2104,TWSE,2095,2018-01-02,2026-08-19,0,0,0.0,0.0,True,True
2105,TWSE,2095,2018-01-02,2026-08-19,0,0,0.0,0.0,True,True
2106,TWSE,2095,2018-01-02,2026-08-19,0,0,0.0,0.0,True,True
2107,TWSE,2095,2018-01-02,2026-08-19,0,0,0.0,0.0,True,True
2108,TWSE,2095,2018-01-02,2026-08-19,0,0,0.0,0.0,True,True
2109,TWSE,2095,2018-01-02,2026-08-19,0,0,0.0,0.0,True,True
2114,TWSE,2095,2018-01-02,2026-08-19,0,0,0.0,0.0,True,True
2115,TWSE,2095,2018-01-02,2026-08-19,0,0,0.0,0.0,True,True
2201,TWSE,2095,2018-01-02,2026-08-19,0,0,0.0,0.0,True,True
2204,TWSE,2095,2018-01-02,2026-08-19,0,0,0.0,0.0,True,True
2206,TWSE,2095,2018-01-02,2026-08-19,0,0,0.0,0.0,True,True
2207,TWSE,2095,2018-01-02,2026-08-19,0,0,0.0,0.0,True,True
2208,TWSE,2095,2018-01-02,2026-08-19,0,0,0.0,0.0,True,True
2211,TWSE,1306,2021-04-12,2026-08-20,0,0,0.0,-0.0007662835249042654,True,True
2227,TWSE,2095,2018-01-02,2026-08-19,0,0,0.0,0.0,True,True
2228,TWSE,2095,2018-01-02,2026-08-19,0,0,0.0,0.0,True,True
2231,TWSE,2095,2018-01-02,2026-08-19,0,0,0.0,0.0,True,True
2233,TWSE,413,2018-01-02,2019-09-16,0,0,0.0,0.0,True,True
2236,TWSE,2095,2018-01-02,2026-08-19,0,0,0.0,0.0,True,True
2237,TWSE,2095,2018-01-02,2026-08-19,0,0,0.0,0.0,True,True
2239,TWSE,2095,2018-01-02,2026-08-19,0,0,0.0,0.0,True,True
2241,TWSE,2095,2018-01-02,2026-08-19,0,0,0.0,0.0,True,True
2243,TWSE,2095,2018-01-02,2026-08-19,0,0,0.0,0.0,True,True
2247,TWSE,2095,2018-01-02,2026-08-19,0,0,0.0,0.0,True,True
2248,TWSE,1927,2018-09-11,2026-08-19,0,0,0.0,0.0,True,True
2250,TWSE,1272,2021-05-31,2026-08-20,0,0,0.0,-0.0007867820613689513,True,True
2254,TWSE,1146,2021-11-26,2026-08-19,0,0,0.0,0.0,True,True
2258,TWSE,633,2024-01-05,2026-08-19,0,0,0.0,0.0,True,True
2301,TWSE,2095,2018-01-02,2026-08-19,0,0,0.0,0.0,True,True
2302,TWSE,2100,2018-01-02,2026-08-20,0,0,0.0,-0.0023866348448686736,True,True
2303,TWSE,2095,2018-01-02,2026-08-19,0,0,0.0,0.0,True,True
2305,TWSE,2095,2018-01-02,2026-08-19,0,0,0.0,0.0,True,True
2308,TWSE,2095,2018-01-02,2026-08-19,0,0,0.0,0.0,True,True
2312,TWSE,2095,2018-01-02,2026-08-19,0,0,0.0,0.0,True,True
2313,TWSE,2095,2018-01-02,2026-08-19,0,0,0.0,0.0,True,True
2314,TWSE,2095,2018-01-02,2026-08-19,0,0,0.0,0.0,True,True
2316,TWSE,2095,2018-01-02,2026-08-19,0,0,0.0,0.0,True,True
2317,TWSE,2095,2018-01-02,2026-08-19,0,0,0.0,0.0,True,True
2321,TWSE,2095,2018-01-02,2026-08-19,0,0,0.0,0.0,True,True
2323,TWSE,2095,2018-01-02,2026-08-19,0,0,0.0,0.0,True,True
2324,TWSE,2095,2018-01-02,2026-08-19,0,0,0.0,0.0,True,True
2327,TWSE,2095,2018-01-02,2026-08-19,0,0,0.0,0.0,True,True
2328,TWSE,2095,2018-01-02,2026-08-19,0,0,0.0,0.0,True,True
2329,TWSE,2095,2018-01-02,2026-08-19,0,0,0.0,0.0,True,True
2330,TWSE,2095,2018-01-02,2026-08-19,0,0,0.0,0.0,True,True
2331,TWSE,2095,2018-01-02,2026-08-19,0,0,0.0,0.0,True,True
2332,TWSE,2095,2018-01-02,2026-08-19,0,0,0.0,0.0,True,True
2337,TWSE,2095,2018-01-02,2026-08-19,0,0,0.0,0.0,True,True
2338,TWSE,2095,2018-01-02,2026-08-19,0,0,0.0,0.0,True,True
2340,TWSE,2095,2018-01-02,2026-08-19,0,0,0.0,0.0,True,True
2342,TWSE,2095,2018-01-02,2026-08-19,0,0,0.0,0.0,True,True
2344,TWSE,2095,2018-01-02,2026-08-19,0,0,0.0,0.0,True,True
2345,TWSE,2095,2018-01-02,2026-08-19,0,0,0.0,0.0,True,True
2347,TWSE,2095,2018-01-02,2026-08-19,0,0,0.0,0.0,True,True
2348,TWSE,2095,2018-01-02,2026-08-19,0,0,0.0,0.0,True,True
2349,TWSE,2095,2018-01-02,2026-08-19,0,0,0.0,0.0,True,True
2351,TWSE,2100,2018-01-02,2026-08-20,0,0,0.0,-0.0023866348448686736,True,True
2352,TWSE,2095,2018-01-02,2026-08-19,0,0,0.0,0.0,True,True
2353,TWSE,2095,2018-01-02,2026-08-19,0,0,0.0,0.0,True,True
2354,TWSE,2095,2018-01-02,2026-08-19,0,0,0.0,0.0,True,True
2355,TWSE,2095,2018-01-02,2026-08-19,0,0,0.0,0.0,True,True
2356,TWSE,2095,2018-01-02,2026-08-19,0,0,0.0,0.0,True,True
2357,TWSE,2095,2018-01-02,2026-08-19,0,0,0.0,0.0,True,True
2359,TWSE,2095,2018-01-02,2026-08-19,0,0,0.0,0.0,True,True
2360,TWSE,2095,2018-01-02,2026-08-19,0,0,0.0,0.0,True,True
2362,TWSE,2095,2018-01-02,2026-08-19,0,0,0.0,0.0,True,True
2363,TWSE,2095,2018-01-02,2026-08-19,0,0,0.0,0.0,True,True
2364,TWSE,2095,2018-01-02,2026-08-19,0,0,0.0,0.0,True,True
2365,TWSE,2095,2018-01-02,2026-08-19,0,0,0.0,0.0,True,True
2367,TWSE,2095,2018-01-02,2026-08-19,0,0,0.0,0.0,True,True
2368,TWSE,2095,2018-01-02,2026-08-19,0,0,0.0,0.0,True,True
2369,TWSE,2095,2018-01-02,2026-08-19,0,0,0.0,0.0,True,True
2371,TWSE,2095,2018-01-02,2026-08-19,0,0,0.0,0.0,True,True
2373,TWSE,2095,2018-01-02,2026-08-19,0,0,0.0,0.0,True,True
2374,TWSE,2095,2018-01-02,2026-08-19,0,0,0.0,0.0,True,True
2375,TWSE,2095,2018-01-02,2026-08-19,0,0,0.0,0.0,True,True
2376,TWSE,2095,2018-01-02,2026-08-19,0,0,0.0,0.0,True,True
2377,TWSE,2095,2018-01-02,2026-08-19,0,0,0.0,0.0,True,True
2379,TWSE,2095,2018-01-02,2026-08-19,0,0,0.0,0.0,True,True
2380,TWSE,2095,2018-01-02,2026-08-19,0,0,0.0,0.0,True,True
2382,TWSE,2095,2018-01-02,2026-08-19,0,0,0.0,0.0,True,True
2383,TWSE,2095,2018-01-02,2026-08-19,0,0,0.0,0.0,True,True
2385,TWSE,2095,2018-01-02,2026-08-19,0,0,0.0,0.0,True,True
2387,TWSE,2095,2018-01-02,2026-08-19,0,0,0.0,0.0,True,True
2388,TWSE,2095,2018-01-02,2026-08-19,0,0,0.0,0.0,True,True
2390,TWSE,2095,2018-01-02,2026-08-19,0,0,0.0,0.0,True,True
2392,TWSE,2095,2018-01-02,2026-08-19,0,0,0.0,0.0,True,True
2393,TWSE,2095,2018-01-02,2026-08-19,0,0,0.0,0.0,True,True
2395,TWSE,2095,2018-01-02,2026-08-19,0,0,0.0,0.0,True,True
2397,TWSE,2095,2018-01-02,2026-08-19,0,0,0.0,0.0,True,True
2399,TWSE,2095,2018-01-02,2026-08-19,0,0,0.0,0.0,True,True
2401,TWSE,2095,2018-01-02,2026-08-19,0,0,0.0,0.0,True,True
2402,TWSE,2095,2018-01-02,2026-08-19,0,0,0.0,0.0,True,True
2404,TWSE,2095,2018-01-02,2026-08-19,0,0,0.0,0.0,True,True
2405,TWSE,2095,2018-01-02,2026-08-19,0,0,0.0,0.0,True,True
2406,TWSE,2095,2018-01-02,2026-08-19,0,0,0.0,0.0,True,True
2408,TWSE,2095,2018-01-02,2026-08-19,0,0,0.0,0.0,True,True
2409,TWSE,2095,2018-01-02,2026-08-19,0,0,0.0,0.0,True,True
2412,TWSE,2095,2018-01-02,2026-08-19,0,0,0.0,0.0,True,True
2413,TWSE,2095,2018-01-02,2026-08-19,0,0,0.0,0.0,True,True
2414,TWSE,2095,2018-01-02,2026-08-19,0,0,0.0,0.0,True,True
2415,TWSE,2095,2018-01-02,2026-08-19,0,0,0.0,0.0,True,True
2417,TWSE,2095,2018-01-02,2026-08-19,0,0,0.0,0.0,True,True
2419,TWSE,2095,2018-01-02,2026-08-19,0,0,0.0,0.0,True,True
2420,TWSE,2095,2018-01-02,2026-08-19,0,0,0.0,0.0,True,True
2421,TWSE,2095,2018-01-02,2026-08-19,0,0,0.0,0.0,True,True
2423,TWSE,2095,2018-01-02,2026-08-19,0,0,0.0,0.0,True,True
2424,TWSE,2095,2018-01-02,2026-08-19,0,0,0.0,0.0,True,True
2425,TWSE,2095,2018-01-02,2026-08-19,0,0,0.0,0.0,True,True
2426,TWSE,2095,2018-01-02,2026-08-19,0,0,0.0,0.0,True,True
2427,TWSE,2095,2018-01-02,2026-08-19,0,0,0.0,0.0,True,True
2428,TWSE,2095,2018-01-02,2026-08-19,0,0,0.0,0.0,True,True
2429,TWSE,2095,2018-01-02,2026-08-19,0,0,0.0,0.0,True,True
2430,TWSE,2095,2018-01-02,2026-08-19,0,0,0.0,0.0,True,True
2431,TWSE,2095,2018-01-02,2026-08-19,0,0,0.0,0.0,True,True
2432,TWSE,783,2023-05-31,2026-08-19,0,0,0.0,0.0,True,True
2433,TWSE,2095,2018-01-02,2026-08-19,0,0,0.0,0.0,True,True
2434,TWSE,2095,2018-01-02,2026-08-19,0,0,0.0,0.0,True,True
2436,TWSE,2095,2018-01-02,2026-08-19,0,0,0.0,0.0,True,True
2438,TWSE,2095,2018-01-02,2026-08-19,0,0,0.0,0.0,True,True
2439,TWSE,2095,2018-01-02,2026-08-19,0,0,0.0,0.0,True,True
2440,TWSE,2095,2018-01-02,2026-08-19,0,0,0.0,0.0,True,True
2441,TWSE,2095,2018-01-02,2026-08-19,0,0,0.0,0.0,True,True
2442,TWSE,2095,2018-01-02,2026-08-19,0,0,0.0,0.0,True,True
2444,TWSE,2095,2018-01-02,2026-08-19,0,0,0.0,0.0,True,True
2449,TWSE,2095,2018-01-02,2026-08-19,0,0,0.0,0.0,True,True
2450,TWSE,2095,2018-01-02,2026-08-19,0,0,0.0,0.0,True,True
2451,TWSE,2095,2018-01-02,2026-08-19,0,0,0.0,0.0,True,True
2453,TWSE,2095,2018-01-02,2026-08-19,0,0,0.0,0.0,True,True
2454,TWSE,2095,2018-01-02,2026-08-19,0,0,0.0,0.0,True,True
2455,TWSE,2095,2018-01-02,2026-08-19,0,0,0.0,0.0,True,True
2457,TWSE,2095,2018-01-02,2026-08-19,0,0,0.0,0.0,True,True
2458,TWSE,2095,2018-01-02,2026-08-19,0,0,0.0,0.0,True,True
2459,TWSE,2095,2018-01-02,2026-08-19,0,0,0.0,0.0,True,True
2460,TWSE,2095,2018-01-02,2026-08-19,0,0,0.0,0.0,True,True
2461,TWSE,2095,2018-01-02,2026-08-19,0,0,0.0,0.0,True,True
2462,TWSE,2095,2018-01-02,2026-08-19,0,0,0.0,0.0,True,True
2464,TWSE,2095,2018-01-02,2026-08-19,0,0,0.0,0.0,True,True
2465,TWSE,2095,2018-01-02,2026-08-19,0,0,0.0,0.0,True,True
2466,TWSE,2095,2018-01-02,2026-08-19,0,0,0.0,0.0,True,True
2467,TWSE,2095,2018-01-02,2026-08-19,0,0,0.0,0.0,True,True
2468,TWSE,2100,2018-01-02,2026-08-20,0,0,0.0,-0.0023866348448686736,True,True
2471,TWSE,2095,2018-01-02,2026-08-19,0,0,0.0,0.0,True,True
2472,TWSE,2095,2018-01-02,2026-08-19,0,0,0.0,0.0,True,True
2474,TWSE,2095,2018-01-02,2026-08-19,0,0,0.0,0.0,True,True
2476,TWSE,2095,2018-01-02,2026-08-19,0,0,0.0,0.0,True,True
2477,TWSE,2095,2018-01-02,2026-08-19,0,0,0.0,0.0,True,True
2478,TWSE,2095,2018-01-02,2026-08-19,0,0,0.0,0.0,True,True
2480,TWSE,2095,2018-01-02,2026-08-19,0,0,0.0,0.0,True,True
2481,TWSE,2095,2018-01-02,2026-08-19,0,0,0.0,0.0,True,True
2482,TWSE,2095,2018-01-02,2026-08-19,0,0,0.0,0.0,True,True
2483,TWSE,2095,2018-01-02,2026-08-19,0,0,0.0,0.0,True,True
2484,TWSE,2095,2018-01-02,2026-08-19,0,0,0.0,0.0,True,True
2485,TWSE,2095,2018-01-02,2026-08-19,0,0,0.0,0.0,True,True
2486,TWSE,2095,2018-01-02,2026-08-19,0,0,0.0,0.0,True,True
2488,TWSE,2095,2018-01-02,2026-08-19,0,0,0.0,0.0,True,True
2489,TWSE,2095,2018-01-02,2026-08-19,0,0,0.0,0.0,True,True
2491,TWSE,2095,2018-01-02,2026-08-19,0,0,0.0,0.0,True,True
2492,TWSE,2095,2018-01-02,2026-08-19,0,0,0.0,0.0,True,True
2493,TWSE,2095,2018-01-02,2026-08-19,0,0,0.0,0.0,True,True
2495,TWSE,2095,2018-01-02,2026-08-19,0,0,0.0,0.0,True,True
2496,TWSE,2095,2018-01-02,2026-08-19,0,0,0.0,0.0,True,True
2497,TWSE,2095,2018-01-02,2026-08-19,0,0,0.0,0.0,True,True
2498,TWSE,2095,2018-01-02,2026-08-19,0,0,0.0,0.0,True,True
2501,TWSE,2095,2018-01-02,2026-08-19,0,0,0.0,0.0,True,True
2504,TWSE,2095,2018-01-02,2026-08-19,0,0,0.0,0.0,True,True
2505,TWSE,2095,2018-01-02,2026-08-19,0,0,0.0,0.0,True,True
2506,TWSE,2095,2018-01-02,2026-08-19,0,0,0.0,0.0,True,True
2509,TWSE,2095,2018-01-02,2026-08-19,0,0,0.0,0.0,True,True
2511,TWSE,2095,2018-01-02,2026-08-19,0,0,0.0,0.0,True,True
2514,TWSE,2095,2018-01-02,2026-08-19,0,0,0.0,0.0,True,True
2515,TWSE,2095,2018-01-02,2026-08-19,0,0,0.0,0.0,True,True
2516,TWSE,2095,2018-01-02,2026-08-19,0,0,0.0,0.0,True,True
2520,TWSE,2095,2018-01-02,2026-08-19,0,0,0.0,0.0,True,True
2524,TWSE,2095,2018-01-02,2026-08-19,0,0,0.0,0.0,True,True
2527,TWSE,2095,2018-01-02,2026-08-19,0,0,0.0,0.0,True,True
2528,TWSE,2095,2018-01-02,2026-08-19,0,0,0.0,0.0,True,True
2530,TWSE,2095,2018-01-02,2026-08-19,0,0,0.0,0.0,True,True
2534,TWSE,2095,2018-01-02,2026-08-19,0,0,0.0,0.0,True,True
2535,TWSE,2095,2018-01-02,2026-08-19,0,0,0.0,0.0,True,True
2536,TWSE,2095,2018-01-02,2026-08-19,0,0,0.0,0.0,True,True
2537,TWSE,2095,2018-01-02,2026-08-19,0,0,0.0,0.0,True,True
2538,TWSE,2095,2018-01-02,2026-08-19,0,0,0.0,0.0,True,True
2539,TWSE,2095,2018-01-02,2026-08-19,0,0,0.0,0.0,True,True
2540,TWSE,2095,2018-01-02,2026-08-19,0,0,0.0,0.0,True,True
2542,TWSE,2095,2018-01-02,2026-08-19,0,0,0.0,0.0,True,True
2543,TWSE,2095,2018-01-02,2026-08-19,0,0,0.0,0.0,True,True
2545,TWSE,2095,2018-01-02,2026-08-19,0,0,0.0,0.0,True,True
2546,TWSE,2095,2018-01-02,2026-08-19,0,0,0.0,0.0,True,True
2547,TWSE,2095,2018-01-02,2026-08-19,0,0,0.0,0.0,True,True
2548,TWSE,2095,2018-01-02,2026-08-19,0,0,0.0,0.0,True,True
2597,TWSE,2095,2018-01-02,2026-08-19,0,0,0.0,0.0,True,True
2601,TWSE,2095,2018-01-02,2026-08-19,0,0,0.0,0.0,True,True
2603,TWSE,2095,2018-01-02,2026-08-19,0,0,0.0,0.0,True,True
2605,TWSE,2095,2018-01-02,2026-08-19,0,0,0.0,0.0,True,True
2606,TWSE,2095,2018-01-02,2026-08-19,0,0,0.0,0.0,True,True
2607,TWSE,2095,2018-01-02,2026-08-19,0,0,0.0,0.0,True,True
2608,TWSE,2095,2018-01-02,2026-08-19,0,0,0.0,0.0,True,True
2609,TWSE,2095,2018-01-02,2026-08-19,0,0,0.0,0.0,True,True
2610,TWSE,2095,2018-01-02,2026-08-19,0,0,0.0,0.0,True,True
2611,TWSE,2095,2018-01-02,2026-08-19,0,0,0.0,0.0,True,True
2612,TWSE,2095,2018-01-02,2026-08-19,0,0,0.0,0.0,True,True
2613,TWSE,2095,2018-01-02,2026-08-19,0,0,0.0,0.0,True,True
2614,TWSE,2095,2018-01-02,2026-08-19,0,0,0.0,0.0,True,True
2615,TWSE,2095,2018-01-02,2026-08-19,0,0,0.0,0.0,True,True
2616,TWSE,2095,2018-01-02,2026-08-19,0,0,0.0,0.0,True,True
2617,TWSE,2095,2018-01-02,2026-08-19,0,0,0.0,0.0,True,True
2618,TWSE,2095,2018-01-02,2026-08-19,0,0,0.0,0.0,True,True
2630,TWSE,2095,2018-01-02,2026-08-19,0,0,0.0,0.0,True,True
2633,TWSE,2095,2018-01-02,2026-08-19,0,0,0.0,0.0,True,True
2634,TWSE,2095,2018-01-02,2026-08-19,0,0,0.0,0.0,True,True
2636,TWSE,2095,2018-01-02,2026-08-19,0,0,0.0,0.0,True,True
2637,TWSE,2095,2018-01-02,2026-08-19,0,0,0.0,0.0,True,True
2642,TWSE,2095,2018-01-02,2026-08-19,0,0,0.0,0.0,True,True
2645,TWSE,1094,2022-02-18,2026-08-19,0,0,0.0,0.0,True,True
2646,TWSE,940,2022-09-30,2026-08-19,0,0,0.0,0.0,True,True
2701,TWSE,2095,2018-01-02,2026-08-19,0,0,0.0,0.0,True,True
2702,TWSE,2095,2018-01-02,2026-08-19,0,0,0.0,0.0,True,True
2704,TWSE,2095,2018-01-02,2026-08-19,0,0,0.0,0.0,True,True
2705,TWSE,2095,2018-01-02,2026-08-19,0,0,0.0,0.0,True,True
2706,TWSE,2095,2018-01-02,2026-08-19,0,0,0.0,0.0,True,True
2707,TWSE,2095,2018-01-02,2026-08-19,0,0,0.0,0.0,True,True
2712,TWSE,2095,2018-01-02,2026-08-19,0,0,0.0,0.0,True,True
2722,TWSE,2095,2018-01-02,2026-08-19,0,0,0.0,0.0,True,True
2723,TWSE,2095,2018-01-02,2026-08-19,0,0,0.0,0.0,True,True
2727,TWSE,2095,2018-01-02,2026-08-19,0,0,0.0,0.0,True,True
2731,TWSE,2095,2018-01-02,2026-08-19,0,0,0.0,0.0,True,True
2739,TWSE,2095,2018-01-02,2026-08-19,0,0,0.0,0.0,True,True
2748,TWSE,2095,2018-01-02,2026-08-19,0,0,0.0,0.0,True,True
2753,TWSE,1429,2020-09-29,2026-08-19,0,0,0.0,0.0,True,True
2762,TWSE,620,2024-01-24,2026-08-19,0,0,0.0,0.0,True,True
2801,TWSE,2095,2018-01-02,2026-08-19,0,0,0.0,0.0,True,True
2812,TWSE,2095,2018-01-02,2026-08-19,0,0,0.0,0.0,True,True
2816,TWSE,2095,2018-01-02,2026-08-19,0,0,0.0,0.0,True,True
2820,TWSE,2095,2018-01-02,2026-08-19,0,0,0.0,0.0,True,True
2832,TWSE,2095,2018-01-02,2026-08-19,0,0,0.0,0.0,True,True
2834,TWSE,2095,2018-01-02,2026-08-19,0,0,0.0,0.0,True,True
2836,TWSE,2095,2018-01-02,2026-08-19,0,0,0.0,0.0,True,True
2838,TWSE,2095,2018-01-02,2026-08-19,0,0,0.0,0.0,True,True
2845,TWSE,2095,2018-01-02,2026-08-19,0,0,0.0,0.0,True,True
2849,TWSE,2095,2018-01-02,2026-08-19,0,0,0.0,0.0,True,True
2850,TWSE,2095,2018-01-02,2026-08-19,0,0,0.0,0.0,True,True
2851,TWSE,2095,2018-01-02,2026-08-19,0,0,0.0,0.0,True,True
2852,TWSE,2095,2018-01-02,2026-08-19,0,0,0.0,0.0,True,True
2855,TWSE,2095,2018-01-02,2026-08-19,0,0,0.0,0.0,True,True
2867,TWSE,2095,2018-01-02,2026-08-19,0,0,0.0,0.0,True,True
2880,TWSE,2095,2018-01-02,2026-08-19,0,0,0.0,0.0,True,True
2881,TWSE,2096,2018-01-02,2026-08-20,0,0,0.0,-0.0004773269689737347,True,True
2882,TWSE,2096,2018-01-02,2026-08-20,0,0,0.0,-0.0004773269689737347,True,True
2883,TWSE,2095,2018-01-02,2026-08-19,0,0,0.0,0.0,True,True
2884,TWSE,2095,2018-01-02,2026-08-19,0,0,0.0,0.0,True,True
2885,TWSE,2095,2018-01-02,2026-08-19,0,0,0.0,0.0,True,True
2886,TWSE,2095,2018-01-02,2026-08-19,0,0,0.0,0.0,True,True
2887,TWSE,2095,2018-01-02,2026-08-19,0,0,0.0,0.0,True,True
2889,TWSE,2095,2018-01-02,2026-08-19,0,0,0.0,0.0,True,True
2890,TWSE,2095,2018-01-02,2026-08-19,0,0,0.0,0.0,True,True
2891,TWSE,2095,2018-01-02,2026-08-19,0,0,0.0,0.0,True,True
2892,TWSE,2095,2018-01-02,2026-08-19,0,0,0.0,0.0,True,True
2897,TWSE,2095,2018-01-02,2026-08-19,0,0,0.0,0.0,True,True
2901,TWSE,2095,2018-01-02,2026-08-19,0,0,0.0,0.0,True,True
2903,TWSE,2095,2018-01-02,2026-08-19,0,0,0.0,0.0,True,True
2904,TWSE,2095,2018-01-02,2026-08-19,0,0,0.0,0.0,True,True
2905,TWSE,2095,2018-01-02,2026-08-19,0,0,0.0,0.0,True,True
2906,TWSE,2100,2018-01-02,2026-08-20,0,0,0.0,-0.0023866348448686736,True,True
2908,TWSE,2095,2018-01-02,2026-08-19,0,0,0.0,0.0,True,True
2910,TWSE,2095,2018-01-02,2026-08-19,0,0,0.0,0.0,True,True
2911,TWSE,2095,2018-01-02,2026-08-19,0,0,0.0,0.0,True,True
2912,TWSE,2095,2018-01-02,2026-08-19,0,0,0.0,0.0,True,True
2913,TWSE,2095,2018-01-02,2026-08-19,0,0,0.0,0.0,True,True
2915,TWSE,2095,2018-01-02,2026-08-19,0,0,0.0,0.0,True,True
2923,TWSE,2095,2018-01-02,2026-08-19,0,0,0.0,0.0,True,True
2929,TWSE,2095,2018-01-02,2026-08-19,0,0,0.0,0.0,True,True
2939,TWSE,2095,2018-01-02,2026-08-19,0,0,0.0,0.0,True,True
2945,TWSE,1860,2018-12-17,2026-08-19,0,0,0.0,0.0,True,True
3002,TWSE,2095,2018-01-02,2026-08-19,0,0,0.0,0.0,True,True
3003,TWSE,2095,2018-01-02,2026-08-19,0,0,0.0,0.0,True,True
3004,TWSE,2095,2018-01-02,2026-08-19,0,0,0.0,0.0,True,True
3005,TWSE,2095,2018-01-02,2026-08-19,0,0,0.0,0.0,True,True
3006,TWSE,2095,2018-01-02,2026-08-19,0,0,0.0,0.0,True,True
3008,TWSE,2095,2018-01-02,2026-08-19,0,0,0.0,0.0,True,True
3010,TWSE,2095,2018-01-02,2026-08-19,0,0,0.0,0.0,True,True
3011,TWSE,2095,2018-01-02,2026-08-19,0,0,0.0,0.0,True,True
3013,TWSE,2095,2018-01-02,2026-08-19,0,0,0.0,0.0,True,True
3014,TWSE,2095,2018-01-02,2026-08-19,0,0,0.0,0.0,True,True
3015,TWSE,2095,2018-01-02,2026-08-19,0,0,0.0,0.0,True,True
3016,TWSE,2095,2018-01-02,2026-08-19,0,0,0.0,0.0,True,True
3017,TWSE,2095,2018-01-02,2026-08-19,0,0,0.0,0.0,True,True
3018,TWSE,2095,2018-01-02,2026-08-19,0,0,0.0,0.0,True,True
3019,TWSE,2095,2018-01-02,2026-08-19,0,0,0.0,0.0,True,True
3021,TWSE,2095,2018-01-02,2026-08-19,0,0,0.0,0.0,True,True
3022,TWSE,2095,2018-01-02,2026-08-19,0,0,0.0,0.0,True,True
3023,TWSE,2095,2018-01-02,2026-08-19,0,0,0.0,0.0,True,True
3024,TWSE,2095,2018-01-02,2026-08-19,0,0,0.0,0.0,True,True
3025,TWSE,2095,2018-01-02,2026-08-19,0,0,0.0,0.0,True,True
3026,TWSE,2095,2018-01-02,2026-08-19,0,0,0.0,0.0,True,True
3027,TWSE,2095,2018-01-02,2026-08-19,0,0,0.0,0.0,True,True
3028,TWSE,2095,2018-01-02,2026-08-19,0,0,0.0,0.0,True,True
3029,TWSE,2095,2018-01-02,2026-08-19,0,0,0.0,0.0,True,True
3030,TWSE,2095,2018-01-02,2026-08-19,0,0,0.0,0.0,True,True
3031,TWSE,2095,2018-01-02,2026-08-19,0,0,0.0,0.0,True,True
3032,TWSE,2095,2018-01-02,2026-08-19,0,0,0.0,0.0,True,True
3033,TWSE,2095,2018-01-02,2026-08-19,0,0,0.0,0.0,True,True
3034,TWSE,2096,2018-01-02,2026-08-20,0,0,0.0,-0.0004773269689737347,True,True
3035,TWSE,2095,2018-01-02,2026-08-19,0,0,0.0,0.0,True,True
3036,TWSE,2095,2018-01-02,2026-08-19,0,0,0.0,0.0,True,True
3037,TWSE,2095,2018-01-02,2026-08-19,0,0,0.0,0.0,True,True
3038,TWSE,2095,2018-01-02,2026-08-19,0,0,0.0,0.0,True,True
3040,TWSE,2095,2018-01-02,2026-08-19,0,0,0.0,0.0,True,True
3041,TWSE,2095,2018-01-02,2026-08-19,0,0,0.0,0.0,True,True
3042,TWSE,2095,2018-01-02,2026-08-19,0,0,0.0,0.0,True,True
3043,TWSE,2095,2018-01-02,2026-08-19,0,0,0.0,0.0,True,True
3044,TWSE,2095,2018-01-02,2026-08-19,0,0,0.0,0.0,True,True
3045,TWSE,2095,2018-01-02,2026-08-19,0,0,0.0,0.0,True,True
3046,TWSE,2095,2018-01-02,2026-08-19,0,0,0.0,0.0,True,True
3047,TWSE,2095,2018-01-02,2026-08-19,0,0,0.0,0.0,True,True
3048,TWSE,2095,2018-01-02,2026-08-19,0,0,0.0,0.0,True,True
3049,TWSE,2095,2018-01-02,2026-08-19,0,0,0.0,0.0,True,True
3050,TWSE,2095,2018-01-02,2026-08-19,0,0,0.0,0.0,True,True
3051,TWSE,2095,2018-01-02,2026-08-19,0,0,0.0,0.0,True,True
3052,TWSE,2095,2018-01-02,2026-08-19,0,0,0.0,0.0,True,True
3054,TWSE,2095,2018-01-02,2026-08-19,0,0,0.0,0.0,True,True
3055,TWSE,2095,2018-01-02,2026-08-19,0,0,0.0,0.0,True,True
3056,TWSE,2095,2018-01-02,2026-08-19,0,0,0.0,0.0,True,True
3057,TWSE,2095,2018-01-02,2026-08-19,0,0,0.0,0.0,True,True
3058,TWSE,2095,2018-01-02,2026-08-19,0,0,0.0,0.0,True,True
3059,TWSE,2095,2018-01-02,2026-08-19,0,0,0.0,0.0,True,True
3060,TWSE,2095,2018-01-02,2026-08-19,0,0,0.0,0.0,True,True
3062,TWSE,2095,2018-01-02,2026-08-19,0,0,0.0,0.0,True,True
3090,TWSE,2095,2018-01-02,2026-08-19,0,0,0.0,0.0,True,True
3092,TWSE,812,2018-01-02,2021-05-12,0,0,0.0,0.0,True,True
3094,TWSE,2095,2018-01-02,2026-08-19,0,0,0.0,0.0,True,True
3130,TWSE,2095,2018-01-02,2026-08-19,0,0,0.0,0.0,True,True
3135,TWSE,253,2025-08-06,2026-08-20,0,0,0.0,-0.003968253968253954,True,True
3138,TWSE,2095,2018-01-02,2026-08-19,0,0,0.0,0.0,True,True
3149,TWSE,2095,2018-01-02,2026-08-19,0,0,0.0,0.0,True,True
3150,TWSE,2095,2018-01-02,2026-08-19,0,0,0.0,0.0,True,True
3164,TWSE,2095,2018-01-02,2026-08-19,0,0,0.0,0.0,True,True
3167,TWSE,2095,2018-01-02,2026-08-19,0,0,0.0,0.0,True,True
3168,TWSE,2095,2018-01-02,2026-08-19,0,0,0.0,0.0,True,True
3189,TWSE,2095,2018-01-02,2026-08-19,0,0,0.0,0.0,True,True
3209,TWSE,2095,2018-01-02,2026-08-19,0,0,0.0,0.0,True,True
3229,TWSE,2095,2018-01-02,2026-08-19,0,0,0.0,0.0,True,True
3231,TWSE,2095,2018-01-02,2026-08-19,0,0,0.0,0.0,True,True
3257,TWSE,2095,2018-01-02,2026-08-19,0,0,0.0,0.0,True,True
3266,TWSE,2095,2018-01-02,2026-08-19,0,0,0.0,0.0,True,True
3296,TWSE,2095,2018-01-02,2026-08-19,0,0,0.0,0.0,True,True
3305,TWSE,2095,2018-01-02,2026-08-19,0,0,0.0,0.0,True,True
3308,TWSE,2095,2018-01-02,2026-08-19,0,0,0.0,0.0,True,True
3311,TWSE,2095,2018-01-02,2026-08-19,0,0,0.0,0.0,True,True
3312,TWSE,2095,2018-01-02,2026-08-19,0,0,0.0,0.0,True,True
3321,TWSE,2095,2018-01-02,2026-08-19,0,0,0.0,0.0,True,True
3338,TWSE,2095,2018-01-02,2026-08-19,0,0,0.0,0.0,True,True
3346,TWSE,2095,2018-01-02,2026-08-19,0,0,0.0,0.0,True,True
3356,TWSE,2095,2018-01-02,2026-08-19,0,0,0.0,0.0,True,True
3376,TWSE,2095,2018-01-02,2026-08-19,0,0,0.0,0.0,True,True
3380,TWSE,2095,2018-01-02,2026-08-19,0,0,0.0,0.0,True,True
3406,TWSE,2095,2018-01-02,2026-08-19,0,0,0.0,0.0,True,True
3413,TWSE,2095,2018-01-02,2026-08-19,0,0,0.0,0.0,True,True
3416,TWSE,2095,2018-01-02,2026-08-19,0,0,0.0,0.0,True,True
3419,TWSE,2095,2018-01-02,2026-08-19,0,0,0.0,0.0,True,True
3432,TWSE,2095,2018-01-02,2026-08-19,0,0,0.0,0.0,True,True
3437,TWSE,2100,2018-01-02,2026-08-20,0,0,0.0,-0.0023866348448686736,True,True
3443,TWSE,2095,2018-01-02,2026-08-19,0,0,0.0,0.0,True,True
3447,TWSE,1187,2021-09-29,2026-08-19,0,0,0.0,0.0,True,True
3450,TWSE,2095,2018-01-02,2026-08-19,0,0,0.0,0.0,True,True
3481,TWSE,2095,2018-01-02,2026-08-19,0,0,0.0,0.0,True,True
3494,TWSE,2095,2018-01-02,2026-08-19,0,0,0.0,0.0,True,True
3501,TWSE,2095,2018-01-02,2026-08-19,0,0,0.0,0.0,True,True
3504,TWSE,2095,2018-01-02,2026-08-19,0,0,0.0,0.0,True,True
3515,TWSE,2095,2018-01-02,2026-08-19,0,0,0.0,0.0,True,True
3518,TWSE,2095,2018-01-02,2026-08-19,0,0,0.0,0.0,True,True
3528,TWSE,2095,2018-01-02,2026-08-19,0,0,0.0,0.0,True,True
3530,TWSE,2095,2018-01-02,2026-08-19,0,0,0.0,0.0,True,True
3532,TWSE,2095,2018-01-02,2026-08-19,0,0,0.0,0.0,True,True
3533,TWSE,2095,2018-01-02,2026-08-19,0,0,0.0,0.0,True,True
3535,TWSE,2095,2018-01-02,2026-08-19,0,0,0.0,0.0,True,True
3543,TWSE,2095,2018-01-02,2026-08-19,0,0,0.0,0.0,True,True
3545,TWSE,2095,2018-01-02,2026-08-19,0,0,0.0,0.0,True,True
3550,TWSE,2095,2018-01-02,2026-08-19,0,0,0.0,0.0,True,True
3557,TWSE,2095,2018-01-02,2026-08-19,0,0,0.0,0.0,True,True
3563,TWSE,300,2018-01-02,2019-04-01,0,0,0.0,0.0,True,True
3576,TWSE,2095,2018-01-02,2026-08-19,0,0,0.0,0.0,True,True
3583,TWSE,2095,2018-01-02,2026-08-19,0,0,0.0,0.0,True,True
3588,TWSE,2095,2018-01-02,2026-08-19,0,0,0.0,0.0,True,True
3591,TWSE,2095,2018-01-02,2026-08-19,0,0,0.0,0.0,True,True
3592,TWSE,1116,2022-01-10,2026-08-19,0,0,0.0,0.0,True,True
3593,TWSE,2095,2018-01-02,2026-08-19,0,0,0.0,0.0,True,True
3596,TWSE,2095,2018-01-02,2026-08-19,0,0,0.0,0.0,True,True
3605,TWSE,2095,2018-01-02,2026-08-19,0,0,0.0,0.0,True,True
3607,TWSE,2095,2018-01-02,2026-08-19,0,0,0.0,0.0,True,True
3617,TWSE,2095,2018-01-02,2026-08-19,0,0,0.0,0.0,True,True
3622,TWSE,2095,2018-01-02,2026-08-19,0,0,0.0,0.0,True,True
3645,TWSE,2095,2018-01-02,2026-08-19,0,0,0.0,0.0,True,True
3652,TWSE,1145,2018-01-02,2022-09-20,0,0,0.0,0.002613240418118501,True,True
3653,TWSE,2095,2018-01-02,2026-08-19,0,0,0.0,0.0,True,True
3661,TWSE,2095,2018-01-02,2026-08-19,0,0,0.0,0.0,True,True
3665,TWSE,2095,2018-01-02,2026-08-19,0,0,0.0,0.0,True,True
3669,TWSE,2095,2018-01-02,2026-08-19,0,0,0.0,0.0,True,True
3673,TWSE,2095,2018-01-02,2026-08-19,0,0,0.0,0.0,True,True
3679,TWSE,2095,2018-01-02,2026-08-19,0,0,0.0,0.0,True,True
3686,TWSE,2095,2018-01-02,2026-08-19,0,0,0.0,0.0,True,True
3694,TWSE,2095,2018-01-02,2026-08-19,0,0,0.0,0.0,True,True
3701,TWSE,2095,2018-01-02,2026-08-19,0,0,0.0,0.0,True,True
3702,TWSE,2095,2018-01-02,2026-08-19,0,0,0.0,0.0,True,True
3703,TWSE,2095,2018-01-02,2026-08-19,0,0,0.0,0.0,True,True
3704,TWSE,2095,2018-01-02,2026-08-19,0,0,0.0,0.0,True,True
3705,TWSE,2095,2018-01-02,2026-08-19,0,0,0.0,0.0,True,True
3706,TWSE,2095,2018-01-02,2026-08-19,0,0,0.0,0.0,True,True
3708,TWSE,2095,2018-01-02,2026-08-19,0,0,0.0,0.0,True,True
3711,TWSE,2095,2018-01-02,2026-08-19,0,0,0.0,0.0,True,True
3712,TWSE,1914,2018-10-01,2026-08-19,0,0,0.0,0.0,True,True
3714,TWSE,1362,2021-01-06,2026-08-19,0,0,0.0,0.0,True,True
3715,TWSE,964,2022-08-26,2026-08-19,0,0,0.0,0.0,True,True
3716,TWSE,476,2024-09-02,2026-08-19,0,0,0.0,0.0,True,True
3717,TWSE,246,2025-08-15,2026-08-19,0,0,0.0,-0.004081632653061273,True,True
4104,TWSE,2095,2018-01-02,2026-08-19,0,0,0.0,0.0,True,True
4106,TWSE,2095,2018-01-02,2026-08-19,0,0,0.0,0.0,True,True
4108,TWSE,2095,2018-01-02,2026-08-19,0,0,0.0,0.0,True,True
4119,TWSE,2095,2018-01-02,2026-08-19,0,0,0.0,0.0,True,True
4133,TWSE,2095,2018-01-02,2026-08-19,0,0,0.0,0.0,True,True
4137,TWSE,2095,2018-01-02,2026-08-19,0,0,0.0,0.0,True,True
4142,TWSE,2095,2018-01-02,2026-08-19,0,0,0.0,0.0,True,True
4148,TWSE,2095,2018-01-02,2026-08-19,0,0,0.0,0.0,True,True
4155,TWSE,2095,2018-01-02,2026-08-19,0,0,0.0,0.0,True,True
4164,TWSE,2095,2018-01-02,2026-08-19,0,0,0.0,0.0,True,True
4169,TWSE,2095,2018-01-02,2026-08-19,0,0,0.0,0.0,True,True
4178,TWSE,394,2025-01-02,2026-08-19,0,0,0.0,0.0,True,True
4190,TWSE,2095,2018-01-02,2026-08-19,0,0,0.0,0.0,True,True
4195,TWSE,2095,2018-01-02,2026-08-19,0,0,0.0,0.0,True,True
4306,TWSE,2095,2018-01-02,2026-08-19,0,0,0.0,0.0,True,True
4414,TWSE,2095,2018-01-02,2026-08-19,0,0,0.0,0.0,True,True
4426,TWSE,2095,2018-01-02,2026-08-19,0,0,0.0,0.0,True,True
4438,TWSE,2095,2018-01-02,2026-08-19,0,0,0.0,0.0,True,True
4439,TWSE,1628,2019-12-05,2026-08-19,0,0,0.0,0.0,True,True
4440,TWSE,1685,2019-09-11,2026-08-19,0,0,0.0,0.0,True,True
4441,TWSE,1103,2022-02-07,2026-08-19,0,0,0.0,0.0,True,True
4526,TWSE,2100,2018-01-02,2026-08-20,0,0,0.0,-0.0023866348448686736,True,True
4532,TWSE,2095,2018-01-02,2026-08-19,0,0,0.0,0.0,True,True
4536,TWSE,2095,2018-01-02,2026-08-19,0,0,0.0,0.0,True,True
4540,TWSE,2095,2018-01-02,2026-08-19,0,0,0.0,0.0,True,True
4545,TWSE,2095,2018-01-02,2026-08-19,0,0,0.0,0.0,True,True
4551,TWSE,2095,2018-01-02,2026-08-19,0,0,0.0,0.0,True,True
4552,TWSE,2095,2018-01-02,2026-08-19,0,0,0.0,0.0,True,True
4555,TWSE,2095,2018-01-02,2026-08-19,0,0,0.0,0.0,True,True
4557,TWSE,2095,2018-01-02,2026-08-19,0,0,0.0,0.0,True,True
4560,TWSE,2095,2018-01-02,2026-08-19,0,0,0.0,0.0,True,True
4562,TWSE,2095,2018-01-02,2026-08-19,0,0,0.0,0.0,True,True
4564,TWSE,2095,2018-01-02,2026-08-19,0,0,0.0,0.0,True,True
4566,TWSE,2095,2018-01-02,2026-08-19,0,0,0.0,0.0,True,True
4569,TWSE,742,2023-07-31,2026-08-19,0,0,0.0,0.0,True,True
4571,TWSE,1682,2019-09-17,2026-08-19,0,0,0.0,0.0,True,True
4572,TWSE,1981,2018-06-27,2026-08-19,0,0,0.0,0.0,True,True
4576,TWSE,1895,2018-10-29,2026-08-19,0,0,0.0,0.0,True,True
4581,TWSE,1570,2020-03-09,2026-08-19,0,0,0.0,0.0,True,True
4582,TWSE,1673,2019-10-01,2026-08-19,0,0,0.0,0.0,True,True
4583,TWSE,1387,2020-12-01,2026-08-19,0,0,0.0,0.0,True,True
4585,TWSE,459,2024-09-26,2026-08-19,0,0,0.0,0.0,True,True
4588,TWSE,916,2022-11-04,2026-08-19,0,0,0.0,0.0,True,True
4590,TWSE,431,2024-11-11,2026-08-19,0,0,0.0,0.0,True,True
4720,TWSE,2095,2018-01-02,2026-08-19,0,0,0.0,0.0,True,True
4722,TWSE,2095,2018-01-02,2026-08-19,0,0,0.0,0.0,True,True
4736,TWSE,1453,2018-01-02,2023-12-21,0,0,0.0,0.0,True,True
4737,TWSE,2095,2018-01-02,2026-08-19,0,0,0.0,0.0,True,True
4739,TWSE,2095,2018-01-02,2026-08-19,0,0,0.0,0.0,True,True
4746,TWSE,2095,2018-01-02,2026-08-19,0,0,0.0,0.0,True,True
4755,TWSE,2095,2018-01-02,2026-08-19,0,0,0.0,0.0,True,True
4763,TWSE,2095,2018-01-02,2026-08-19,0,0,0.0,0.0,True,True
4764,TWSE,2095,2018-01-02,2026-08-19,0,0,0.0,0.0,True,True
4766,TWSE,2095,2018-01-02,2026-08-19,0,0,0.0,0.0,True,True
4770,TWSE,1430,2020-09-28,2026-08-19,0,0,0.0,0.0,True,True
4771,TWSE,1164,2021-11-02,2026-08-19,0,0,0.0,0.0,True,True
4807,TWSE,2095,2018-01-02,2026-08-19,0,0,0.0,0.0,True,True
4904,TWSE,2095,2018-01-02,2026-08-19,0,0,0.0,0.0,True,True
4906,TWSE,2095,2018-01-02,2026-08-19,0,0,0.0,0.0,True,True
4912,TWSE,2095,2018-01-02,2026-08-19,0,0,0.0,0.0,True,True
4915,TWSE,2095,2018-01-02,2026-08-19,0,0,0.0,0.0,True,True
4916,TWSE,2095,2018-01-02,2026-08-19,0,0,0.0,0.0,True,True
4919,TWSE,2095,2018-01-02,2026-08-19,0,0,0.0,0.0,True,True
4927,TWSE,2095,2018-01-02,2026-08-19,0,0,0.0,0.0,True,True
4930,TWSE,2095,2018-01-02,2026-08-19,0,0,0.0,0.0,True,True
4934,TWSE,2095,2018-01-02,2026-08-19,0,0,0.0,0.0,True,True
4935,TWSE,2095,2018-01-02,2026-08-19,0,0,0.0,0.0,True,True
4938,TWSE,2095,2018-01-02,2026-08-19,0,0,0.0,0.0,True,True
4942,TWSE,2095,2018-01-02,2026-08-19,0,0,0.0,0.0,True,True
4943,TWSE,2095,2018-01-02,2026-08-19,0,0,0.0,0.0,True,True
4949,TWSE,2095,2018-01-02,2026-08-19,0,0,0.0,0.0,True,True
4952,TWSE,2095,2018-01-02,2026-08-19,0,0,0.0,0.0,True,True
4956,TWSE,2095,2018-01-02,2026-08-19,0,0,0.0,0.0,True,True
4958,TWSE,2095,2018-01-02,2026-08-19,0,0,0.0,0.0,True,True
4960,TWSE,2095,2018-01-02,2026-08-19,0,0,0.0,0.0,True,True
4961,TWSE,2095,2018-01-02,2026-08-19,0,0,0.0,0.0,True,True
4967,TWSE,2095,2018-01-02,2026-08-19,0,0,0.0,0.0,True,True
4968,TWSE,2095,2018-01-02,2026-08-19,0,0,0.0,0.0,True,True
4976,TWSE,2095,2018-01-02,2026-08-19,0,0,0.0,0.0,True,True
4977,TWSE,2095,2018-01-02,2026-08-19,0,0,0.0,0.0,True,True
4989,TWSE,2095,2018-01-02,2026-08-19,0,0,0.0,0.0,True,True
4994,TWSE,2095,2018-01-02,2026-08-19,0,0,0.0,0.0,True,True
4999,TWSE,2095,2018-01-02,2026-08-19,0,0,0.0,0.0,True,True
5007,TWSE,2097,2018-01-02,2026-08-20,0,0,0.0,-0.0009546539379474694,True,True
5203,TWSE,2095,2018-01-02,2026-08-19,0,0,0.0,0.0,True,True
5215,TWSE,2095,2018-01-02,2026-08-19,0,0,0.0,0.0,True,True
5222,TWSE,2095,2018-01-02,2026-08-19,0,0,0.0,0.0,True,True
5225,TWSE,2095,2018-01-02,2026-08-19,0,0,0.0,0.0,True,True
5234,TWSE,2095,2018-01-02,2026-08-19,0,0,0.0,0.0,True,True
5236,TWSE,1204,2021-07-29,2026-07-15,0,0,0.0,0.0,True,True
5243,TWSE,2095,2018-01-02,2026-08-19,0,0,0.0,0.0,True,True
5244,TWSE,1108,2022-01-20,2026-08-19,0,0,0.0,0.0,True,True
5258,TWSE,2095,2018-01-02,2026-08-19,0,0,0.0,0.0,True,True
5269,TWSE,2095,2018-01-02,2026-08-19,0,0,0.0,0.0,True,True
5283,TWSE,2095,2018-01-02,2026-08-19,0,0,0.0,0.0,True,True
5284,TWSE,2095,2018-01-02,2026-08-19,0,0,0.0,0.0,True,True
5285,TWSE,2095,2018-01-02,2026-08-19,0,0,0.0,0.0,True,True
5288,TWSE,2095,2018-01-02,2026-08-19,0,0,0.0,0.0,True,True
5292,TWSE,1607,2020-01-06,2026-08-19,0,0,0.0,0.0,True,True
5306,TWSE,1011,2018-01-02,2022-03-07,0,0,0.0,0.0009881422924901129,True,True
5388,TWSE,2100,2018-01-02,2026-08-20,0,0,0.0,-0.0023866348448686736,True,True
5434,TWSE,2095,2018-01-02,2026-08-19,0,0,0.0,0.0,True,True
5469,TWSE,2095,2018-01-02,2026-08-19,0,0,0.0,0.0,True,True
5471,TWSE,2095,2018-01-02,2026-08-19,0,0,0.0,0.0,True,True
5484,TWSE,2095,2018-01-02,2026-08-19,0,0,0.0,0.0,True,True
5515,TWSE,2095,2018-01-02,2026-08-19,0,0,0.0,0.0,True,True
5519,TWSE,2095,2018-01-02,2026-08-19,0,0,0.0,0.0,True,True
5521,TWSE,2095,2018-01-02,2026-08-19,0,0,0.0,0.0,True,True
5522,TWSE,2095,2018-01-02,2026-08-19,0,0,0.0,0.0,True,True
5525,TWSE,2095,2018-01-02,2026-08-19,0,0,0.0,0.0,True,True
5531,TWSE,2095,2018-01-02,2026-08-19,0,0,0.0,0.0,True,True
5533,TWSE,2095,2018-01-02,2026-08-19,0,0,0.0,0.0,True,True
5534,TWSE,2095,2018-01-02,2026-08-19,0,0,0.0,0.0,True,True
5538,TWSE,2095,2018-01-02,2026-08-19,0,0,0.0,0.0,True,True
5546,TWSE,1523,2020-05-20,2026-08-20,0,0,0.0,-0.0013149243918475495,True,True
5607,TWSE,2095,2018-01-02,2026-08-19,0,0,0.0,0.0,True,True
5608,TWSE,2095,2018-01-02,2026-08-19,0,0,0.0,0.0,True,True
5706,TWSE,2095,2018-01-02,2026-08-19,0,0,0.0,0.0,True,True
5871,TWSE,2095,2018-01-02,2026-08-19,0,0,0.0,0.0,True,True
5876,TWSE,2095,2018-01-02,2026-08-19,0,0,0.0,0.0,True,True
5880,TWSE,2095,2018-01-02,2026-08-19,0,0,0.0,0.0,True,True
5906,TWSE,2095,2018-01-02,2026-08-19,0,0,0.0,0.0,True,True
5907,TWSE,2095,2018-01-02,2026-08-19,0,0,0.0,0.0,True,True
6005,TWSE,2095,2018-01-02,2026-08-19,0,0,0.0,0.0,True,True
6024,TWSE,2095,2018-01-02,2026-08-19,0,0,0.0,0.0,True,True
6108,TWSE,2095,2018-01-02,2026-08-19,0,0,0.0,0.0,True,True
6112,TWSE,2095,2018-01-02,2026-08-19,0,0,0.0,0.0,True,True
6115,TWSE,2095,2018-01-02,2026-08-19,0,0,0.0,0.0,True,True
6116,TWSE,2095,2018-01-02,2026-08-19,0,0,0.0,0.0,True,True
6117,TWSE,2095,2018-01-02,2026-08-19,0,0,0.0,0.0,True,True
6120,TWSE,2095,2018-01-02,2026-08-19,0,0,0.0,0.0,True,True
6128,TWSE,2095,2018-01-02,2026-08-19,0,0,0.0,0.0,True,True
6133,TWSE,2095,2018-01-02,2026-08-19,0,0,0.0,0.0,True,True
6136,TWSE,2095,2018-01-02,2026-08-19,0,0,0.0,0.0,True,True
6139,TWSE,2095,2018-01-02,2026-08-19,0,0,0.0,0.0,True,True
6141,TWSE,2095,2018-01-02,2026-08-19,0,0,0.0,0.0,True,True
6142,TWSE,2095,2018-01-02,2026-08-19,0,0,0.0,0.0,True,True
6152,TWSE,2095,2018-01-02,2026-08-19,0,0,0.0,0.0,True,True
6153,TWSE,2095,2018-01-02,2026-08-19,0,0,0.0,0.0,True,True
6155,TWSE,2095,2018-01-02,2026-08-19,0,0,0.0,0.0,True,True
6164,TWSE,2095,2018-01-02,2026-08-19,0,0,0.0,0.0,True,True
6165,TWSE,2095,2018-01-02,2026-08-19,0,0,0.0,0.0,True,True
6166,TWSE,2095,2018-01-02,2026-08-19,0,0,0.0,0.0,True,True
6168,TWSE,2095,2018-01-02,2026-08-19,0,0,0.0,0.0,True,True
6176,TWSE,2095,2018-01-02,2026-08-19,0,0,0.0,0.0,True,True
6177,TWSE,2095,2018-01-02,2026-08-19,0,0,0.0,0.0,True,True
6183,TWSE,2095,2018-01-02,2026-08-19,0,0,0.0,0.0,True,True
6184,TWSE,2095,2018-01-02,2026-08-19,0,0,0.0,0.0,True,True
6189,TWSE,2095,2018-01-02,2026-08-19,0,0,0.0,0.0,True,True
6191,TWSE,2095,2018-01-02,2026-08-19,0,0,0.0,0.0,True,True
6192,TWSE,2095,2018-01-02,2026-08-19,0,0,0.0,0.0,True,True
6196,TWSE,2095,2018-01-02,2026-08-19,0,0,0.0,0.0,True,True
6197,TWSE,2095,2018-01-02,2026-08-19,0,0,0.0,0.0,True,True
6201,TWSE,2095,2018-01-02,2026-08-19,0,0,0.0,0.0,True,True
6202,TWSE,2095,2018-01-02,2026-08-19,0,0,0.0,0.0,True,True
6205,TWSE,2095,2018-01-02,2026-08-19,0,0,0.0,0.0,True,True
6206,TWSE,2095,2018-01-02,2026-08-19,0,0,0.0,0.0,True,True
6209,TWSE,2095,2018-01-02,2026-08-19,0,0,0.0,0.0,True,True
6213,TWSE,2095,2018-01-02,2026-08-19,0,0,0.0,0.0,True,True
6214,TWSE,2095,2018-01-02,2026-08-19,0,0,0.0,0.0,True,True
6215,TWSE,2095,2018-01-02,2026-08-19,0,0,0.0,0.0,True,True
6216,TWSE,2095,2018-01-02,2026-08-19,0,0,0.0,0.0,True,True
6224,TWSE,2095,2018-01-02,2026-08-19,0,0,0.0,0.0,True,True
6225,TWSE,2095,2018-01-02,2026-08-19,0,0,0.0,0.0,True,True
6226,TWSE,2095,2018-01-02,2026-08-19,0,0,0.0,0.0,True,True
6230,TWSE,2095,2018-01-02,2026-08-19,0,0,0.0,0.0,True,True
6235,TWSE,2095,2018-01-02,2026-08-19,0,0,0.0,0.0,True,True
6239,TWSE,2095,2018-01-02,2026-08-19,0,0,0.0,0.0,True,True
6243,TWSE,2095,2018-01-02,2026-08-19,0,0,0.0,0.0,True,True
6257,TWSE,2095,2018-01-02,2026-08-19,0,0,0.0,0.0,True,True
6269,TWSE,2095,2018-01-02,2026-08-19,0,0,0.0,0.0,True,True
6271,TWSE,2095,2018-01-02,2026-08-19,0,0,0.0,0.0,True,True
6272,TWSE,2095,2018-01-02,2026-08-19,0,0,0.0,0.0,True,True
6277,TWSE,2095,2018-01-02,2026-08-19,0,0,0.0,0.0,True,True
6278,TWSE,2095,2018-01-02,2026-08-19,0,0,0.0,0.0,True,True
6281,TWSE,2095,2018-01-02,2026-08-19,0,0,0.0,0.0,True,True
6282,TWSE,2095,2018-01-02,2026-08-19,0,0,0.0,0.0,True,True
6283,TWSE,2095,2018-01-02,2026-08-19,0,0,0.0,0.0,True,True
6285,TWSE,2095,2018-01-02,2026-08-19,0,0,0.0,0.0,True,True
6405,TWSE,2095,2018-01-02,2026-08-19,0,0,0.0,0.0,True,True
6409,TWSE,2095,2018-01-02,2026-08-19,0,0,0.0,0.0,True,True
6412,TWSE,2095,2018-01-02,2026-08-19,0,0,0.0,0.0,True,True
6414,TWSE,2095,2018-01-02,2026-08-19,0,0,0.0,0.0,True,True
6415,TWSE,2095,2018-01-02,2026-08-19,0,0,0.0,0.0,True,True
6416,TWSE,2095,2018-01-02,2026-08-19,0,0,0.0,0.0,True,True
6426,TWSE,780,2018-01-02,2021-03-23,0,0,0.0,0.0,True,True
6431,TWSE,2095,2018-01-02,2026-08-19,0,0,0.0,0.0,True,True
6438,TWSE,742,2018-01-02,2021-01-18,0,0,0.0,0.0,True,True
6442,TWSE,2095,2018-01-02,2026-08-19,0,0,0.0,0.0,True,True
6443,TWSE,2095,2018-01-02,2026-08-19,0,0,0.0,0.0,True,True
6446,TWSE,1476,2018-01-02,2024-01-24,0,0,0.0,0.0,True,True
6449,TWSE,2095,2018-01-02,2026-08-19,0,0,0.0,0.0,True,True
6451,TWSE,2095,2018-01-02,2026-08-19,0,0,0.0,0.0,True,True
6456,TWSE,2095,2018-01-02,2026-08-19,0,0,0.0,0.0,True,True
6464,TWSE,2095,2018-01-02,2026-08-19,0,0,0.0,0.0,True,True
6472,TWSE,1450,2018-01-02,2023-12-18,0,0,0.0,0.0,True,True
6477,TWSE,2095,2018-01-02,2026-08-19,0,0,0.0,0.0,True,True
6491,TWSE,2095,2018-01-02,2026-08-19,0,0,0.0,0.0,True,True
6504,TWSE,2095,2018-01-02,2026-08-19,0,0,0.0,0.0,True,True
6505,TWSE,2095,2018-01-02,2026-08-19,0,0,0.0,0.0,True,True
6515,TWSE,1640,2019-11-19,2026-08-19,0,0,0.0,0.0,True,True
6525,TWSE,2095,2018-01-02,2026-08-19,0,0,0.0,0.0,True,True
6526,TWSE,2095,2018-01-02,2026-08-19,0,0,0.0,0.0,True,True
6531,TWSE,2095,2018-01-02,2026-08-19,0,0,0.0,0.0,True,True
6533,TWSE,2095,2018-01-02,2026-08-19,0,0,0.0,0.0,True,True
6534,TWSE,2095,2018-01-02,2026-08-19,0,0,0.0,0.0,True,True
6541,TWSE,2095,2018-01-02,2026-08-19,0,0,0.0,0.0,True,True
6550,TWSE,2095,2018-01-02,2026-08-19,0,0,0.0,0.0,True,True
6552,TWSE,2095,2018-01-02,2026-08-19,0,0,0.0,0.0,True,True
6558,TWSE,2095,2018-01-02,2026-08-19,0,0,0.0,0.0,True,True
6573,TWSE,2095,2018-01-02,2026-08-19,0,0,0.0,0.0,True,True
6579,TWSE,2095,2018-01-02,2026-08-19,0,0,0.0,0.0,True,True
6581,TWSE,2095,2018-01-02,2026-08-19,0,0,0.0,0.0,True,True
6582,TWSE,2095,2018-01-02,2026-08-19,0,0,0.0,0.0,True,True
6585,TWSE,1034,2022-05-20,2026-08-20,0,0,0.0,-0.0009680542110357404,True,True
6589,TWSE,1471,2019-06-28,2025-07-18,0,0,0.0,0.0006793478260869179,True,True
6591,TWSE,2095,2018-01-02,2026-08-19,0,0,0.0,0.0,True,True
6592,TWSE,1905,2018-10-15,2026-08-19,0,0,0.0,0.0,True,True
6598,TWSE,2095,2018-01-02,2026-08-19,0,0,0.0,0.0,True,True
6605,TWSE,2095,2018-01-02,2026-08-19,0,0,0.0,0.0,True,True
6606,TWSE,828,2023-03-24,2026-08-20,0,0,0.0,-0.0012091898428052694,True,True
6614,TWSE,475,2024-09-03,2026-08-19,0,0,0.0,0.0,True,True
6625,TWSE,2095,2018-01-02,2026-08-19,0,0,0.0,0.0,True,True
6641,TWSE,1919,2018-09-21,2026-08-19,0,0,0.0,0.0,True,True
6645,TWSE,2095,2018-01-02,2026-08-19,0,0,0.0,0.0,True,True
6655,TWSE,2095,2018-01-02,2026-08-19,0,0,0.0,0.0,True,True
6657,TWSE,1951,2018-08-08,2026-08-19,0,0,0.0,0.0,True,True
6658,TWSE,1161,2021-11-05,2026-08-19,0,0,0.0,0.0,True,True
6666,TWSE,1880,2018-11-19,2026-08-19,0,0,0.0,0.0,True,True
6668,TWSE,2095,2018-01-02,2026-08-19,0,0,0.0,0.0,True,True
6669,TWSE,2095,2018-01-02,2026-08-19,0,0,0.0,0.0,True,True
6670,TWSE,2095,2018-01-02,2026-08-19,0,0,0.0,0.0,True,True
6671,TWSE,1864,2018-12-11,2026-08-19,0,0,0.0,0.0,True,True
6672,TWSE,2085,2018-01-16,2026-08-19,0,0,0.0,0.0,True,True
6674,TWSE,2095,2018-01-02,2026-08-19,0,0,0.0,0.0,True,True
6689,TWSE,954,2022-09-13,2026-08-20,0,0,0.0,-0.0010493179433368471,True,True
6691,TWSE,1951,2018-08-08,2026-08-19,0,0,0.0,0.0,True,True
6695,TWSE,1851,2018-12-28,2026-08-19,0,0,0.0,0.0,True,True
6698,TWSE,1903,2018-10-17,2026-08-19,0,0,0.0,0.0,True,True
6706,TWSE,1880,2018-11-19,2026-08-19,0,0,0.0,0.0,True,True
6715,TWSE,1882,2018-11-15,2026-08-19,0,0,0.0,0.0,True,True
6719,TWSE,1112,2022-01-14,2026-08-19,0,0,0.0,0.0,True,True
6722,TWSE,794,2023-05-16,2026-08-19,0,0,0.0,0.0,True,True
6742,TWSE,1160,2021-11-08,2026-08-19,0,0,0.0,0.0,True,True
6743,TWSE,1628,2019-12-05,2026-08-19,0,0,0.0,0.0,True,True
6753,TWSE,1358,2021-01-12,2026-08-19,0,0,0.0,0.0,True,True
6754,TWSE,1664,2019-10-16,2026-08-19,0,0,0.0,0.0,True,True
6756,TWSE,1617,2019-12-20,2026-08-19,0,0,0.0,0.0,True,True
6757,TWSE,733,2023-08-15,2026-08-20,0,0,0.0,-0.001366120218579292,True,True
6768,TWSE,1297,2021-04-22,2026-08-19,0,0,0.0,0.0,True,True
6770,TWSE,1381,2020-12-09,2026-08-19,0,0,0.0,0.0,True,True
6771,TWSE,550,2024-05-17,2026-08-20,0,0,0.0,-0.0018214936247722413,True,True
6776,TWSE,1558,2020-03-25,2026-08-19,0,0,0.0,0.0,True,True
6781,TWSE,1317,2021-03-22,2026-08-19,0,0,0.0,0.0,True,True
6782,TWSE,1461,2020-08-14,2026-08-19,0,0,0.0,0.0,True,True
6789,TWSE,1308,2021-04-07,2026-08-19,0,0,0.0,0.0,True,True
6790,TWSE,1412,2020-10-27,2026-08-19,0,0,0.0,0.0,True,True
6792,TWSE,1139,2021-12-08,2026-08-20,0,0,0.0,-0.0008787346221441616,True,True
6794,TWSE,1369,2020-12-25,2026-08-19,0,0,0.0,0.0,True,True
6796,TWSE,1301,2021-04-16,2026-08-19,0,0,0.0,0.0,True,True
6799,TWSE,1389,2020-11-27,2026-08-19,0,0,0.0,0.0,True,True
6805,TWSE,1394,2020-11-20,2026-08-19,0,0,0.0,0.0,True,True
6807,TWSE,1051,2022-04-25,2026-08-19,0,0,0.0,0.0,True,True
6830,TWSE,1231,2021-07-27,2026-08-19,0,0,0.0,0.0,True,True
6831,TWSE,1220,2021-08-11,2026-08-19,0,0,0.0,0.0,True,True
6834,TWSE,1210,2021-08-25,2026-08-19,0,0,0.0,0.0,True,True
6835,TWSE,1225,2021-08-04,2026-08-19,0,0,0.0,0.0,True,True
6838,TWSE,1181,2021-10-07,2026-08-19,0,0,0.0,0.0,True,True
6854,TWSE,969,2022-08-19,2026-08-19,0,0,0.0,0.0,True,True
6861,TWSE,1144,2021-11-30,2026-08-19,0,0,0.0,0.0,True,True
6862,TWSE,443,2024-10-23,2026-08-19,0,0,0.0,0.0,True,True
6863,TWSE,828,2023-03-23,2026-08-19,0,0,0.0,0.0,True,True
6869,TWSE,1109,2022-01-19,2026-08-19,0,0,0.0,0.0,True,True
6873,TWSE,1124,2021-12-28,2026-08-19,0,0,0.0,0.0,True,True
6885,TWSE,1009,2022-06-24,2026-08-19,0,0,0.0,0.0,True,True
6887,TWSE,352,2025-03-13,2026-08-19,0,0,0.0,0.0,True,True
6890,TWSE,532,2024-06-12,2026-08-19,0,0,0.0,0.0,True,True
6901,TWSE,988,2022-07-25,2026-08-19,0,0,0.0,0.0,True,True
6902,TWSE,751,2023-07-18,2026-08-19,0,0,0.0,0.0,True,True
6906,TWSE,887,2022-12-15,2026-08-19,0,0,0.0,0.0,True,True
6908,TWSE,953,2022-09-13,2026-08-19,0,0,0.0,0.0,True,True
6909,TWSE,823,2023-03-30,2026-08-19,0,0,0.0,0.0,True,True
6914,TWSE,872,2023-01-06,2026-08-19,0,0,0.0,0.0,True,True
6916,TWSE,920,2022-10-31,2026-08-19,0,0,0.0,0.0,True,True
6918,TWSE,872,2023-01-06,2026-08-19,0,0,0.0,0.0,True,True
6919,TWSE,451,2024-10-04,2026-08-20,0,0,0.0,0.00879120879120876,True,True
6921,TWSE,157,2025-12-24,2026-08-19,0,0,0.0,-0.0064102564102563875,True,True
6923,TWSE,823,2023-03-30,2026-08-19,0,0,0.0,0.0,True,True
6924,TWSE,412,2024-12-06,2026-08-19,0,0,0.0,0.0,True,True
6928,TWSE,803,2023-05-03,2026-08-19,0,0,0.0,0.0,True,True
6931,TWSE,879,2022-12-27,2026-08-19,0,0,0.0,0.0,True,True
6933,TWSE,674,2023-11-08,2026-08-19,0,0,0.0,0.0,True,True
6934,TWSE,523,2024-06-25,2026-08-19,0,0,0.0,0.0,True,True
6936,TWSE,827,2023-03-24,2026-08-19,0,0,0.0,0.0,True,True
6937,TWSE,823,2023-03-30,2026-08-19,0,0,0.0,0.0,True,True
6944,TWSE,806,2023-04-27,2026-08-19,0,0,0.0,0.0,True,True
6947,TWSE,745,2023-07-26,2026-08-19,0,0,0.0,0.0,True,True
6949,TWSE,596,2024-03-08,2026-08-19,0,0,0.0,0.0,True,True
6951,TWSE,788,2023-05-24,2026-08-19,0,0,0.0,0.0,True,True
6952,TWSE,530,2024-06-13,2026-08-20,0,0,0.0,0.0018832391713747842,True,True
6955,TWSE,745,2023-07-26,2026-08-19,0,0,0.0,0.0,True,True
6957,TWSE,521,2024-06-27,2026-08-19,0,0,0.0,0.0,True,True
6958,TWSE,766,2023-06-27,2026-08-19,0,0,0.0,0.0,True,True
6962,TWSE,420,2024-11-26,2026-08-19,0,0,0.0,0.0,True,True
6965,TWSE,356,2025-03-07,2026-08-19,0,0,0.0,0.0,True,True
6969,TWSE,471,2024-09-09,2026-08-19,0,0,0.0,0.0,True,True
6988,TWSE,443,2024-10-23,2026-08-19,0,0,0.0,0.0,True,True
6994,TWSE,643,2023-12-21,2026-08-19,0,0,0.0,0.0,True,True
7610,TWSE,229,2025-09-09,2026-08-20,0,0,0.0,-0.004385964912280604,True,True
7631,TWSE,639,2023-12-27,2026-08-19,0,0,0.0,0.0,True,True
7689,TWSE,211,2025-10-07,2026-08-19,0,0,0.0,-0.004761904761904745,True,True
7705,TWSE,642,2023-12-22,2026-08-19,0,0,0.0,0.0,True,True
7711,TWSE,181,2025-11-20,2026-08-19,0,0,0.0,-0.005555555555555536,True,True
7721,TWSE,639,2023-12-27,2026-08-19,0,0,0.0,0.0,True,True
7722,TWSE,414,2024-12-05,2026-08-20,0,0,0.0,-0.002421307506053294,True,True
7730,TWSE,589,2024-03-19,2026-08-19,0,0,0.0,0.0,True,True
7732,TWSE,593,2024-03-13,2026-08-19,0,0,0.0,0.0,True,True
7736,TWSE,350,2025-03-18,2026-08-20,0,0,0.0,-0.002865329512893977,True,True
7740,TWSE,447,2024-10-17,2026-08-19,0,0,0.0,0.0,True,True
7749,TWSE,290,2025-06-13,2026-08-19,0,0,0.0,0.0,True,True
7750,TWSE,528,2024-06-18,2026-08-19,0,0,0.0,0.0,True,True
7760,TWSE,432,2024-11-08,2026-08-19,0,0,0.0,0.0,True,True
7765,TWSE,485,2024-08-20,2026-08-19,0,0,0.0,0.0,True,True
7768,TWSE,339,2025-04-01,2026-08-19,0,0,0.0,0.0,True,True
7769,TWSE,437,2024-11-01,2026-08-19,0,0,0.0,0.0,True,True
7780,TWSE,440,2024-10-28,2026-08-19,0,0,0.0,0.0,True,True
7786,TWSE,441,2024-10-25,2026-08-19,0,0,0.0,0.0,True,True
7788,TWSE,438,2024-10-30,2026-08-19,0,0,0.0,0.0,True,True
7791,TWSE,198,2025-10-28,2026-08-19,0,0,0.0,-0.0050761421319796,True,True
7795,TWSE,411,2024-12-09,2026-08-19,0,0,0.0,0.0,True,True
7799,TWSE,225,2025-09-15,2026-08-19,0,0,0.0,-0.0044642857142858094,True,True
7803,TWSE,65,2026-05-20,2026-08-19,0,0,0.0,-0.015625,False,True
7818,TWSE,375,2025-02-07,2026-08-19,0,0,0.0,0.0,True,True
7821,TWSE,340,2025-03-31,2026-08-19,0,0,0.0,0.0,True,True
7822,TWSE,342,2025-03-27,2026-08-19,0,0,0.0,0.0,True,True
7823,TWSE,128,2026-02-05,2026-08-19,0,0,0.0,-0.007874015748031482,True,True
7827,TWSE,58,2026-05-29,2026-08-20,0,0,0.0,-0.01754385964912286,False,True
7835,TWSE,19,2026-07-24,2026-08-19,0,0,0.0,0.0,False,True
7855,TWSE,210,2025-09-26,2026-08-20,0,0,0.0,0.023255813953488413,True,True
8011,TWSE,2095,2018-01-02,2026-08-19,0,0,0.0,0.0,True,True
8016,TWSE,2095,2018-01-02,2026-08-19,0,0,0.0,0.0,True,True
8021,TWSE,2095,2018-01-02,2026-08-19,0,0,0.0,0.0,True,True
8028,TWSE,2095,2018-01-02,2026-08-19,0,0,0.0,0.0,True,True
8033,TWSE,2095,2018-01-02,2026-08-19,0,0,0.0,0.0,True,True
8039,TWSE,2095,2018-01-02,2026-08-19,0,0,0.0,0.0,True,True
8045,TWSE,2095,2018-01-02,2026-08-19,0,0,0.0,0.0,True,True
8046,TWSE,2095,2018-01-02,2026-08-19,0,0,0.0,0.0,True,True
8070,TWSE,2095,2018-01-02,2026-08-19,0,0,0.0,0.0,True,True
8072,TWSE,2095,2018-01-02,2026-08-19,0,0,0.0,0.0,True,True
8081,TWSE,2095,2018-01-02,2026-08-19,0,0,0.0,0.0,True,True
8101,TWSE,2095,2018-01-02,2026-08-19,0,0,0.0,0.0,True,True
8103,TWSE,2095,2018-01-02,2026-08-19,0,0,0.0,0.0,True,True
8104,TWSE,2095,2018-01-02,2026-08-19,0,0,0.0,0.0,True,True
8105,TWSE,2095,2018-01-02,2026-08-19,0,0,0.0,0.0,True,True
8110,TWSE,2095,2018-01-02,2026-08-19,0,0,0.0,0.0,True,True
8112,TWSE,2095,2018-01-02,2026-08-19,0,0,0.0,0.0,True,True
8114,TWSE,2095,2018-01-02,2026-08-19,0,0,0.0,0.0,True,True
8131,TWSE,2095,2018-01-02,2026-08-19,0,0,0.0,0.0,True,True
8150,TWSE,2095,2018-01-02,2026-08-19,0,0,0.0,0.0,True,True
8162,TWSE,944,2022-09-26,2026-08-19,0,0,0.0,0.0,True,True
8163,TWSE,2095,2018-01-02,2026-08-19,0,0,0.0,0.0,True,True
8201,TWSE,2095,2018-01-02,2026-08-19,0,0,0.0,0.0,True,True
8210,TWSE,2095,2018-01-02,2026-08-19,0,0,0.0,0.0,True,True
8213,TWSE,2095,2018-01-02,2026-08-19,0,0,0.0,0.0,True,True
8215,TWSE,2095,2018-01-02,2026-08-19,0,0,0.0,0.0,True,True
8222,TWSE,2095,2018-01-02,2026-08-19,0,0,0.0,0.0,True,True
8249,TWSE,2095,2018-01-02,2026-08-19,0,0,0.0,0.0,True,True
8261,TWSE,2095,2018-01-02,2026-08-19,0,0,0.0,0.0,True,True
8271,TWSE,2095,2018-01-02,2026-08-19,0,0,0.0,0.0,True,True
8341,TWSE,2095,2018-01-02,2026-08-19,0,0,0.0,0.0,True,True
8367,TWSE,2095,2018-01-02,2026-08-19,0,0,0.0,0.0,True,True
8374,TWSE,2095,2018-01-02,2026-08-19,0,0,0.0,0.0,True,True
8404,TWSE,2095,2018-01-02,2026-08-19,0,0,0.0,0.0,True,True
8411,TWSE,2095,2018-01-02,2026-08-19,0,0,0.0,0.0,True,True
8422,TWSE,2095,2018-01-02,2026-08-19,0,0,0.0,0.0,True,True
8429,TWSE,2095,2018-01-02,2026-08-19,0,0,0.0,0.0,True,True
8438,TWSE,2095,2018-01-02,2026-08-19,0,0,0.0,0.0,True,True
8442,TWSE,2095,2018-01-02,2026-08-19,0,0,0.0,0.0,True,True
8443,TWSE,2095,2018-01-02,2026-08-19,0,0,0.0,0.0,True,True
8454,TWSE,2095,2018-01-02,2026-08-19,0,0,0.0,0.0,True,True
8462,TWSE,288,2018-01-02,2019-03-14,0,0,0.0,0.0,True,True
8463,TWSE,2095,2018-01-02,2026-08-19,0,0,0.0,0.0,True,True
8464,TWSE,2095,2018-01-02,2026-08-19,0,0,0.0,0.0,True,True
8466,TWSE,2095,2018-01-02,2026-08-19,0,0,0.0,0.0,True,True
8467,TWSE,2095,2018-01-02,2026-08-19,0,0,0.0,0.0,True,True
8473,TWSE,2095,2018-01-02,2026-08-19,0,0,0.0,0.0,True,True
8476,TWSE,1409,2018-01-02,2023-10-30,0,0,0.0,0.004240282685512353,True,True
8478,TWSE,2095,2018-01-02,2026-08-19,0,0,0.0,0.0,True,True
8481,TWSE,2095,2018-01-02,2026-08-19,0,0,0.0,0.0,True,True
8482,TWSE,1879,2018-08-15,2026-08-20,0,0,0.0,0.03442959917780064,True,True
8487,TWSE,2095,2018-01-02,2026-08-19,0,0,0.0,0.0,True,True
8488,TWSE,2095,2018-01-02,2026-08-19,0,0,0.0,0.0,True,True
8499,TWSE,2095,2018-01-02,2026-08-19,0,0,0.0,0.0,True,True
8926,TWSE,2095,2018-01-02,2026-08-19,0,0,0.0,0.0,True,True
8940,TWSE,2095,2018-01-02,2026-08-19,0,0,0.0,0.0,True,True
8996,TWSE,2095,2018-01-02,2026-08-19,0,0,0.0,0.0,True,True
9103,TWSE,2095,2018-01-02,2026-08-19,0,0,0.0,0.0,True,True
9105,TWSE,2095,2018-01-02,2026-08-19,0,0,0.0,0.0,True,True
9110,TWSE,2095,2018-01-02,2026-08-19,0,0,0.0,0.0,True,True
9136,TWSE,2095,2018-01-02,2026-08-19,0,0,0.0,0.0,True,True
9802,TWSE,2095,2018-01-02,2026-08-19,0,0,0.0,0.0,True,True
9902,TWSE,2095,2018-01-02,2026-08-19,0,0,0.0,0.0,True,True
9904,TWSE,2095,2018-01-02,2026-08-19,0,0,0.0,0.0,True,True
9905,TWSE,2095,2018-01-02,2026-08-19,0,0,0.0,0.0,True,True
9906,TWSE,2095,2018-01-02,2026-08-19,0,0,0.0,0.0,True,True
9907,TWSE,2095,2018-01-02,2026-08-19,0,0,0.0,0.0,True,True
9908,TWSE,2095,2018-01-02,2026-08-19,0,0,0.0,0.0,True,True
9910,TWSE,2095,2018-01-02,2026-08-19,0,0,0.0,0.0,True,True
9911,TWSE,2095,2018-01-02,2026-08-19,0,0,0.0,0.0,True,True
9912,TWSE,2095,2018-01-02,2026-08-19,0,0,0.0,0.0,True,True
9914,TWSE,2095,2018-01-02,2026-08-19,0,0,0.0,0.0,True,True
9917,TWSE,2095,2018-01-02,2026-08-19,0,0,0.0,0.0,True,True
9918,TWSE,2095,2018-01-02,2026-08-19,0,0,0.0,0.0,True,True
9919,TWSE,2095,2018-01-02,2026-08-19,0,0,0.0,0.0,True,True
9921,TWSE,2095,2018-01-02,2026-08-19,0,0,0.0,0.0,True,True
9924,TWSE,2095,2018-01-02,2026-08-19,0,0,0.0,0.0,True,True
9925,TWSE,2095,2018-01-02,2026-08-19,0,0,0.0,0.0,True,True
9926,TWSE,2095,2018-01-02,2026-08-19,0,0,0.0,0.0,True,True
9927,TWSE,2095,2018-01-02,2026-08-19,0,0,0.0,0.0,True,True
9928,TWSE,2095,2018-01-02,2026-08-19,0,0,0.0,0.0,True,True
9929,TWSE,2095,2018-01-02,2026-08-19,0,0,0.0,0.0,True,True
9930,TWSE,2095,2018-01-02,2026-08-19,0,0,0.0,0.0,True,True
9931,TWSE,2095,2018-01-02,2026-08-19,0,0,0.0,0.0,True,True
9933,TWSE,2095,2018-01-02,2026-08-19,0,0,0.0,0.0,True,True
9934,TWSE,2095,2018-01-02,2026-08-19,0,0,0.0,0.0,True,True
9935,TWSE,2095,2018-01-02,2026-08-19,0,0,0.0,0.0,True,True
9937,TWSE,2095,2018-01-02,2026-08-19,0,0,0.0,0.0,True,True
9938,TWSE,2095,2018-01-02,2026-08-19,0,0,0.0,0.0,True,True
9939,TWSE,2095,2018-01-02,2026-08-19,0,0,0.0,0.0,True,True
9940,TWSE,2095,2018-01-02,2026-08-19,0,0,0.0,0.0,True,True
9941,TWSE,2095,2018-01-02,2026-08-19,0,0,0.0,0.0,True,True
9942,TWSE,2095,2018-01-02,2026-08-19,0,0,0.0,0.0,True,True
9943,TWSE,2095,2018-01-02,2026-08-19,0,0,0.0,0.0,True,True
9944,TWSE,2095,2018-01-02,2026-08-19,0,0,0.0,0.0,True,True
9945,TWSE,2086,2018-01-02,2026-08-20,0,0,0.0,0.0042959427207637235,True,True
9946,TWSE,2095,2018-01-02,2026-08-19,0,0,0.0,0.0,True,True
9955,TWSE,2095,2018-01-02,2026-08-19,0,0,0.0,0.0,True,True
9958,TWSE,2100,2018-01-02,2026-08-20,0,0,0.0,-0.0023866348448686736,True,True
