symbol,exchange,start_date,end_date,status,source
6225,TWSE,2026-08-20,2026-08-26,DISPOSITION,TWSE_announcement_punish
7795,TWSE,2026-08-18,2026-08-24,DISPOSITION,TWSE_announcement_punish
8033,TWSE,2026-08-18,2026-08-24,DISPOSITION,TWSE_announcement_punish
6225,TWSE,2026-08-17,2026-08-21,DISPOSITION,TWSE_announcement_punish
3026,TWSE,2026-08-14,2026-08-20,DISPOSITION,TWSE_announcement_punish
6213,TWSE,2026-08-14,2026-08-20,DISPOSITION,TWSE_announcement_punish
7711,TWSE,2026-08-13,2026-08-19,DISPOSITION,TWSE_announcement_punish
6426,TWSE,2026-08-12,2026-08-18,DISPOSITION,TWSE_announcement_punish
2491,TWSE,2026-08-11,2026-08-17,DISPOSITION,TWSE_announcement_punish
3006,TWSE,2026-08-11,2026-08-17,DISPOSITION,TWSE_announcement_punish
3167,TWSE,2026-08-11,2026-08-17,DISPOSITION,TWSE_announcement_punish
3450,TWSE,2026-08-11,2026-08-17,DISPOSITION,TWSE_announcement_punish
6213,TWSE,2026-08-11,2026-08-17,DISPOSITION,TWSE_announcement_punish
6451,TWSE,2026-08-11,2026-08-17,DISPOSITION,TWSE_announcement_punish
6531,TWSE,2026-08-11,2026-08-17,DISPOSITION,TWSE_announcement_punish
7610,TWSE,2026-08-11,2026-08-17,DISPOSITION,TWSE_announcement_punish
8021,TWSE,2026-08-11,2026-08-17,DISPOSITION,TWSE_announcement_punish
2059,TWSE,2026-08-10,2026-08-14,DISPOSITION,TWSE_announcement_punish
2455,TWSE,2026-08-10,2026-08-14,DISPOSITION,TWSE_announcement_punish
3037,TWSE,2026-08-10,2026-08-14,DISPOSITION,TWSE_announcement_punish
3189,TWSE,2026-08-10,2026-08-14,DISPOSITION,TWSE_announcement_punish
3653,TWSE,2026-08-10,2026-08-14,DISPOSITION,TWSE_announcement_punish
8046,TWSE,2026-08-03,2026-08-18,DISPOSITION,TWSE_announcement_punish
3026,TWSE,2026-08-03,2026-08-14,DISPOSITION,TWSE_announcement_punish
4169,TWSE,2026-08-03,2026-08-14,DISPOSITION,TWSE_announcement_punish
6531,TWSE,2026-08-03,2026-08-14,DISPOSITION,TWSE_announcement_punish
1515,TWSE,2026-07-31,2026-08-13,DISPOSITION,TWSE_announcement_punish
3055,TWSE,2026-07-31,2026-08-13,DISPOSITION,TWSE_announcement_punish
3167,TWSE,2026-07-31,2026-08-13,DISPOSITION,TWSE_announcement_punish
3532,TWSE,2026-07-31,2026-08-13,DISPOSITION,TWSE_announcement_punish
7610,TWSE,2026-07-30,2026-08-12,DISPOSITION,TWSE_announcement_punish
6969,TWSE,2026-07-28,2026-08-10,DISPOSITION,TWSE_announcement_punish
7610,TWSE,2026-07-27,2026-08-07,DISPOSITION,TWSE_announcement_punish
8033,TWSE,2026-07-27,2026-08-07,DISPOSITION,TWSE_announcement_punish
3167,TWSE,2026-07-24,2026-08-06,DISPOSITION,TWSE_announcement_punish
8028,TWSE,2026-07-23,2026-08-05,DISPOSITION,TWSE_announcement_punish
2483,TWSE,2026-07-22,2026-08-04,DISPOSITION,TWSE_announcement_punish
3026,TWSE,2026-07-22,2026-08-04,DISPOSITION,TWSE_announcement_punish
2492,TWSE,2026-07-21,2026-08-03,DISPOSITION,TWSE_announcement_punish
2434,TWSE,2026-07-20,2026-07-31,DISPOSITION,TWSE_announcement_punish
3090,TWSE,2026-07-20,2026-07-31,DISPOSITION,TWSE_announcement_punish
2492,TWSE,2026-07-16,2026-07-29,DISPOSITION,TWSE_announcement_punish
6831,TWSE,2026-07-15,2026-07-28,DISPOSITION,TWSE_announcement_punish
2434,TWSE,2026-07-15,2026-07-28,DISPOSITION,TWSE_announcement_punish
4169,TWSE,2026-07-10,2026-07-23,DISPOSITION,TWSE_announcement_punish
8261,TWSE,2026-07-09,2026-07-24,DISPOSITION,TWSE_announcement_punish
3055,TWSE,2026-07-09,2026-07-22,DISPOSITION,TWSE_announcement_punish
2466,TWSE,2026-07-08,2026-07-21,DISPOSITION,TWSE_announcement_punish
1515,TWSE,2026-07-07,2026-07-20,DISPOSITION,TWSE_announcement_punish
1718,TWSE,2026-07-07,2026-07-20,DISPOSITION,TWSE_announcement_punish
1447,TWSE,2026-07-06,2026-07-17,DISPOSITION,TWSE_announcement_punish
1617,TWSE,2026-07-06,2026-07-17,DISPOSITION,TWSE_announcement_punish
3055,TWSE,2026-07-06,2026-07-17,DISPOSITION,TWSE_announcement_punish
7795,TWSE,2026-07-06,2026-07-17,DISPOSITION,TWSE_announcement_punish
1435,TWSE,2026-07-03,2026-07-16,DISPOSITION,TWSE_announcement_punish
3189,TWSE,2026-07-03,2026-07-16,DISPOSITION,TWSE_announcement_punish
6226,TWSE,2026-07-03,2026-07-16,DISPOSITION,TWSE_announcement_punish
8033,TWSE,2026-07-03,2026-07-16,DISPOSITION,TWSE_announcement_punish
8021,TWSE,2026-07-03,2026-07-16,DISPOSITION,TWSE_announcement_punish
2303,TWSE,2026-07-02,2026-07-15,DISPOSITION,TWSE_announcement_punish
2233,TWSE,2026-06-30,2026-07-13,DISPOSITION,TWSE_announcement_punish
2483,TWSE,2026-06-30,2026-07-13,DISPOSITION,TWSE_announcement_punish
3450,TWSE,2026-06-30,2026-07-13,DISPOSITION,TWSE_announcement_punish
6226,TWSE,2026-06-30,2026-07-13,DISPOSITION,TWSE_announcement_punish
1435,TWSE,2026-06-30,2026-07-13,DISPOSITION,TWSE_announcement_punish
6243,TWSE,2026-06-29,2026-07-10,DISPOSITION,TWSE_announcement_punish
2481,TWSE,2026-06-26,2026-07-09,DISPOSITION,TWSE_announcement_punish
6141,TWSE,2026-06-26,2026-07-09,DISPOSITION,TWSE_announcement_punish
6834,TWSE,2026-06-26,2026-07-09,DISPOSITION,TWSE_announcement_punish
6715,TWSE,2026-06-25,2026-07-08,DISPOSITION,TWSE_announcement_punish
2316,TWSE,2026-06-25,2026-07-08,DISPOSITION,TWSE_announcement_punish
2492,TWSE,2026-06-24,2026-07-07,DISPOSITION,TWSE_announcement_punish
4764,TWSE,2026-06-24,2026-07-07,DISPOSITION,TWSE_announcement_punish
6415,TWSE,2026-06-24,2026-07-07,DISPOSITION,TWSE_announcement_punish
7610,TWSE,2026-06-24,2026-07-07,DISPOSITION,TWSE_announcement_punish
8996,TWSE,2026-06-24,2026-07-07,DISPOSITION,TWSE_announcement_punish
1303,TWSE,2026-06-24,2026-07-07,DISPOSITION,TWSE_announcement_punish
2305,TWSE,2026-06-24,2026-07-07,DISPOSITION,TWSE_announcement_punish
2342,TWSE,2026-06-24,2026-07-07,DISPOSITION,TWSE_announcement_punish
3090,TWSE,2026-06-23,2026-07-08,DISPOSITION,TWSE_announcement_punish
4551,TWSE,2026-06-23,2026-07-06,DISPOSITION,TWSE_announcement_punish
2243,TWSE,2026-06-23,2026-07-06,DISPOSITION,TWSE_announcement_punish
1714,TWSE,2026-06-22,2026-07-03,DISPOSITION,TWSE_announcement_punish
2455,TWSE,2026-06-22,2026-07-03,DISPOSITION,TWSE_announcement_punish
2478,TWSE,2026-06-22,2026-07-03,DISPOSITION,TWSE_announcement_punish
3532,TWSE,2026-06-22,2026-07-03,DISPOSITION,TWSE_announcement_punish
3026,TWSE,2026-06-18,2026-07-02,DISPOSITION,TWSE_announcement_punish
2493,TWSE,2026-06-18,2026-07-02,DISPOSITION,TWSE_announcement_punish
2383,TWSE,2026-06-18,2026-07-02,DISPOSITION,TWSE_announcement_punish
2243,TWSE,2026-06-17,2026-07-01,DISPOSITION,TWSE_announcement_punish
3167,TWSE,2026-06-17,2026-07-01,DISPOSITION,TWSE_announcement_punish
1714,TWSE,2026-06-16,2026-06-30,DISPOSITION,TWSE_announcement_punish
8021,TWSE,2026-06-16,2026-06-30,DISPOSITION,TWSE_announcement_punish
6830,TWSE,2026-06-15,2026-06-29,DISPOSITION,TWSE_announcement_punish
6924,TWSE,2026-06-15,2026-06-29,DISPOSITION,TWSE_announcement_punish
6890,TWSE,2026-06-12,2026-06-26,DISPOSITION,TWSE_announcement_punish
8454,TWSE,2026-06-10,2026-06-24,DISPOSITION,TWSE_announcement_punish
6890,TWSE,2026-06-09,2026-06-23,DISPOSITION,TWSE_announcement_punish
1718,TWSE,2026-06-08,2026-06-22,DISPOSITION,TWSE_announcement_punish
3149,TWSE,2026-06-08,2026-06-22,DISPOSITION,TWSE_announcement_punish
6442,TWSE,2026-06-08,2026-06-22,DISPOSITION,TWSE_announcement_punish
4807,TWSE,2026-06-08,2026-06-22,DISPOSITION,TWSE_announcement_punish
2491,TWSE,2026-06-08,2026-06-22,DISPOSITION,TWSE_announcement_punish
3535,TWSE,2026-06-05,2026-06-18,DISPOSITION,TWSE_announcement_punish
8454,TWSE,2026-06-05,2026-06-18,DISPOSITION,TWSE_announcement_punish
1409,TWSE,2026-06-04,2026-06-17,DISPOSITION,TWSE_announcement_punish
1568,TWSE,2026-06-04,2026-06-17,DISPOSITION,TWSE_announcement_punish
2492,TWSE,2026-06-04,2026-06-17,DISPOSITION,TWSE_announcement_punish
3021,TWSE,2026-06-04,2026-06-17,DISPOSITION,TWSE_announcement_punish
3346,TWSE,2026-06-04,2026-06-17,DISPOSITION,TWSE_announcement_punish
3481,TWSE,2026-06-04,2026-06-17,DISPOSITION,TWSE_announcement_punish
6116,TWSE,2026-06-04,2026-06-17,DISPOSITION,TWSE_announcement_punish
7610,TWSE,2026-06-04,2026-06-17,DISPOSITION,TWSE_announcement_punish
1563,TWSE,2026-06-03,2026-06-16,DISPOSITION,TWSE_announcement_punish
2337,TWSE,2026-06-03,2026-06-16,DISPOSITION,TWSE_announcement_punish
2302,TWSE,2026-06-02,2026-06-15,DISPOSITION,TWSE_announcement_punish
3528,TWSE,2026-06-02,2026-06-15,DISPOSITION,TWSE_announcement_punish
6770,TWSE,2026-06-02,2026-06-15,DISPOSITION,TWSE_announcement_punish
1568,TWSE,2026-06-01,2026-06-12,DISPOSITION,TWSE_announcement_punish
2375,TWSE,2026-06-01,2026-06-12,DISPOSITION,TWSE_announcement_punish
2472,TWSE,2026-06-01,2026-06-12,DISPOSITION,TWSE_announcement_punish
2492,TWSE,2026-06-01,2026-06-12,DISPOSITION,TWSE_announcement_punish
3021,TWSE,2026-06-01,2026-06-12,DISPOSITION,TWSE_announcement_punish
6116,TWSE,2026-06-01,2026-06-12,DISPOSITION,TWSE_announcement_punish
6449,TWSE,2026-06-01,2026-06-12,DISPOSITION,TWSE_announcement_punish
3026,TWSE,2026-05-29,2026-06-11,DISPOSITION,TWSE_announcement_punish
3532,TWSE,2026-05-29,2026-06-11,DISPOSITION,TWSE_announcement_punish
6239,TWSE,2026-05-29,2026-06-11,DISPOSITION,TWSE_announcement_punish
6405,TWSE,2026-05-29,2026-06-11,DISPOSITION,TWSE_announcement_punish
6806,TWSE,2026-05-29,2026-06-11,DISPOSITION,TWSE_announcement_punish
2911,TWSE,2026-05-28,2026-06-10,DISPOSITION,TWSE_announcement_punish
3189,TWSE,2026-05-28,2026-06-10,DISPOSITION,TWSE_announcement_punish
4919,TWSE,2026-05-28,2026-06-10,DISPOSITION,TWSE_announcement_punish
4958,TWSE,2026-05-28,2026-06-10,DISPOSITION,TWSE_announcement_punish
6271,TWSE,2026-05-28,2026-06-10,DISPOSITION,TWSE_announcement_punish
6834,TWSE,2026-05-28,2026-06-10,DISPOSITION,TWSE_announcement_punish
6906,TWSE,2026-05-28,2026-06-10,DISPOSITION,TWSE_announcement_punish
2455,TWSE,2026-05-27,2026-06-09,DISPOSITION,TWSE_announcement_punish
2492,TWSE,2026-05-27,2026-06-09,DISPOSITION,TWSE_announcement_punish
3090,TWSE,2026-05-27,2026-06-09,DISPOSITION,TWSE_announcement_punish
2327,TWSE,2026-05-26,2026-06-08,DISPOSITION,TWSE_announcement_punish
2424,TWSE,2026-05-26,2026-06-08,DISPOSITION,TWSE_announcement_punish
2478,TWSE,2026-05-26,2026-06-08,DISPOSITION,TWSE_announcement_punish
3026,TWSE,2026-05-26,2026-06-08,DISPOSITION,TWSE_announcement_punish
3167,TWSE,2026-05-26,2026-06-08,DISPOSITION,TWSE_announcement_punish
4722,TWSE,2026-05-26,2026-06-08,DISPOSITION,TWSE_announcement_punish
4916,TWSE,2026-05-26,2026-06-08,DISPOSITION,TWSE_announcement_punish
6806,TWSE,2026-05-26,2026-06-08,DISPOSITION,TWSE_announcement_punish
8021,TWSE,2026-05-26,2026-06-08,DISPOSITION,TWSE_announcement_punish
6742,TWSE,2026-05-25,2026-06-05,DISPOSITION,TWSE_announcement_punish
6834,TWSE,2026-05-25,2026-06-05,DISPOSITION,TWSE_announcement_punish
7610,TWSE,2026-05-25,2026-06-05,DISPOSITION,TWSE_announcement_punish
2911,TWSE,2026-05-25,2026-06-05,DISPOSITION,TWSE_announcement_punish
3090,TWSE,2026-05-22,2026-06-04,DISPOSITION,TWSE_announcement_punish
6449,TWSE,2026-05-22,2026-06-04,DISPOSITION,TWSE_announcement_punish
6806,TWSE,2026-05-21,2026-06-03,DISPOSITION,TWSE_announcement_punish
3008,TWSE,2026-05-20,2026-06-02,DISPOSITION,TWSE_announcement_punish
3665,TWSE,2026-05-20,2026-06-02,DISPOSITION,TWSE_announcement_punish
6924,TWSE,2026-05-20,2026-06-02,DISPOSITION,TWSE_announcement_punish
6449,TWSE,2026-05-19,2026-06-01,DISPOSITION,TWSE_announcement_punish
3135,TWSE,2026-05-18,2026-05-29,DISPOSITION,TWSE_announcement_punish
2492,TWSE,2026-05-15,2026-05-28,DISPOSITION,TWSE_announcement_punish
3026,TWSE,2026-05-15,2026-05-28,DISPOSITION,TWSE_announcement_punish
6831,TWSE,2026-05-15,2026-05-28,DISPOSITION,TWSE_announcement_punish
8114,TWSE,2026-05-15,2026-05-28,DISPOSITION,TWSE_announcement_punish
7769,TWSE,2026-05-14,2026-05-27,DISPOSITION,TWSE_announcement_punish
1809,TWSE,2026-05-13,2026-05-26,DISPOSITION,TWSE_announcement_punish
2059,TWSE,2026-05-13,2026-05-26,DISPOSITION,TWSE_announcement_punish
3450,TWSE,2026-05-13,2026-05-26,DISPOSITION,TWSE_announcement_punish
3653,TWSE,2026-05-13,2026-05-26,DISPOSITION,TWSE_announcement_punish
3016,TWSE,2026-05-12,2026-05-25,DISPOSITION,TWSE_announcement_punish
3026,TWSE,2026-05-12,2026-05-25,DISPOSITION,TWSE_announcement_punish
3532,TWSE,2026-05-11,2026-05-22,DISPOSITION,TWSE_announcement_punish
6405,TWSE,2026-05-11,2026-05-22,DISPOSITION,TWSE_announcement_punish
2426,TWSE,2026-05-08,2026-05-21,DISPOSITION,TWSE_announcement_punish
3030,TWSE,2026-05-08,2026-05-21,DISPOSITION,TWSE_announcement_punish
6861,TWSE,2026-05-08,2026-05-21,DISPOSITION,TWSE_announcement_punish
1597,TWSE,2026-05-07,2026-05-20,DISPOSITION,TWSE_announcement_punish
2233,TWSE,2026-05-07,2026-05-20,DISPOSITION,TWSE_announcement_punish
2454,TWSE,2026-05-07,2026-05-20,DISPOSITION,TWSE_announcement_punish
2486,TWSE,2026-05-07,2026-05-20,DISPOSITION,TWSE_announcement_punish
3016,TWSE,2026-05-07,2026-05-20,DISPOSITION,TWSE_announcement_punish
4764,TWSE,2026-05-07,2026-05-20,DISPOSITION,TWSE_announcement_punish
2455,TWSE,2026-05-06,2026-05-19,DISPOSITION,TWSE_announcement_punish
6405,TWSE,2026-05-06,2026-05-19,DISPOSITION,TWSE_announcement_punish
3167,TWSE,2026-05-05,2026-05-18,DISPOSITION,TWSE_announcement_punish
6658,TWSE,2026-05-05,2026-05-18,DISPOSITION,TWSE_announcement_punish
6861,TWSE,2026-05-05,2026-05-18,DISPOSITION,TWSE_announcement_punish
6658,TWSE,2026-04-29,2026-05-13,DISPOSITION,TWSE_announcement_punish
6861,TWSE,2026-04-29,2026-05-13,DISPOSITION,TWSE_announcement_punish
7711,TWSE,2026-04-29,2026-05-13,DISPOSITION,TWSE_announcement_punish
2429,TWSE,2026-04-28,2026-05-12,DISPOSITION,TWSE_announcement_punish
6443,TWSE,2026-04-28,2026-05-12,DISPOSITION,TWSE_announcement_punish
6531,TWSE,2026-04-27,2026-05-11,DISPOSITION,TWSE_announcement_punish
8021,TWSE,2026-04-27,2026-05-11,DISPOSITION,TWSE_announcement_punish
1623,TWSE,2026-04-24,2026-05-08,DISPOSITION,TWSE_announcement_punish
1711,TWSE,2026-04-24,2026-05-08,DISPOSITION,TWSE_announcement_punish
1721,TWSE,2026-04-24,2026-05-08,DISPOSITION,TWSE_announcement_punish
3229,TWSE,2026-04-24,2026-05-08,DISPOSITION,TWSE_announcement_punish
3653,TWSE,2026-04-24,2026-05-08,DISPOSITION,TWSE_announcement_punish
6415,TWSE,2026-04-24,2026-05-08,DISPOSITION,TWSE_announcement_punish
6861,TWSE,2026-04-24,2026-05-08,DISPOSITION,TWSE_announcement_punish
8271,TWSE,2026-04-24,2026-05-08,DISPOSITION,TWSE_announcement_punish
6213,TWSE,2026-04-23,2026-05-11,DISPOSITION,TWSE_announcement_punish
3518,TWSE,2026-04-23,2026-05-07,DISPOSITION,TWSE_announcement_punish
4960,TWSE,2026-04-23,2026-05-07,DISPOSITION,TWSE_announcement_punish
2484,TWSE,2026-04-22,2026-05-06,DISPOSITION,TWSE_announcement_punish
4919,TWSE,2026-04-22,2026-05-06,DISPOSITION,TWSE_announcement_punish
4956,TWSE,2026-04-22,2026-05-06,DISPOSITION,TWSE_announcement_punish
6141,TWSE,2026-04-22,2026-05-06,DISPOSITION,TWSE_announcement_punish
6442,TWSE,2026-04-22,2026-05-06,DISPOSITION,TWSE_announcement_punish
3042,TWSE,2026-04-21,2026-05-05,DISPOSITION,TWSE_announcement_punish
3229,TWSE,2026-04-21,2026-05-05,DISPOSITION,TWSE_announcement_punish
4764,TWSE,2026-04-21,2026-05-05,DISPOSITION,TWSE_announcement_punish
6456,TWSE,2026-04-21,2026-05-05,DISPOSITION,TWSE_announcement_punish
8438,TWSE,2026-04-21,2026-05-05,DISPOSITION,TWSE_announcement_punish
2923,TWSE,2026-04-20,2026-05-04,DISPOSITION,TWSE_announcement_punish
3714,TWSE,2026-04-20,2026-05-04,DISPOSITION,TWSE_announcement_punish
4960,TWSE,2026-04-20,2026-05-04,DISPOSITION,TWSE_announcement_punish
6224,TWSE,2026-04-20,2026-05-04,DISPOSITION,TWSE_announcement_punish
6278,TWSE,2026-04-20,2026-05-04,DISPOSITION,TWSE_announcement_punish
6451,TWSE,2026-04-20,2026-05-04,DISPOSITION,TWSE_announcement_punish
7610,TWSE,2026-04-20,2026-05-04,DISPOSITION,TWSE_announcement_punish
3443,TWSE,2026-04-17,2026-04-30,DISPOSITION,TWSE_announcement_punish
3593,TWSE,2026-04-17,2026-04-30,DISPOSITION,TWSE_announcement_punish
4989,TWSE,2026-04-17,2026-04-30,DISPOSITION,TWSE_announcement_punish
6949,TWSE,2026-04-17,2026-04-30,DISPOSITION,TWSE_announcement_punish
3042,TWSE,2026-04-16,2026-04-29,DISPOSITION,TWSE_announcement_punish
3167,TWSE,2026-04-16,2026-04-29,DISPOSITION,TWSE_announcement_punish
3532,TWSE,2026-04-16,2026-04-29,DISPOSITION,TWSE_announcement_punish
4569,TWSE,2026-04-16,2026-04-29,DISPOSITION,TWSE_announcement_punish
4576,TWSE,2026-04-16,2026-04-29,DISPOSITION,TWSE_announcement_punish
4764,TWSE,2026-04-16,2026-04-29,DISPOSITION,TWSE_announcement_punish
4949,TWSE,2026-04-16,2026-04-29,DISPOSITION,TWSE_announcement_punish
6806,TWSE,2026-04-16,2026-04-29,DISPOSITION,TWSE_announcement_punish
2426,TWSE,2026-04-15,2026-04-28,DISPOSITION,TWSE_announcement_punish
2467,TWSE,2026-04-15,2026-04-28,DISPOSITION,TWSE_announcement_punish
2486,TWSE,2026-04-15,2026-04-28,DISPOSITION,TWSE_announcement_punish
2489,TWSE,2026-04-15,2026-04-28,DISPOSITION,TWSE_announcement_punish
3026,TWSE,2026-04-15,2026-04-28,DISPOSITION,TWSE_announcement_punish
6451,TWSE,2026-04-15,2026-04-28,DISPOSITION,TWSE_announcement_punish
7610,TWSE,2026-04-15,2026-04-28,DISPOSITION,TWSE_announcement_punish
8021,TWSE,2026-04-15,2026-04-28,DISPOSITION,TWSE_announcement_punish
8996,TWSE,2026-04-15,2026-04-28,DISPOSITION,TWSE_announcement_punish
3037,TWSE,2026-04-14,2026-04-27,DISPOSITION,TWSE_announcement_punish
3583,TWSE,2026-04-14,2026-04-27,DISPOSITION,TWSE_announcement_punish
6443,TWSE,2026-04-14,2026-04-27,DISPOSITION,TWSE_announcement_punish
6830,TWSE,2026-04-14,2026-04-27,DISPOSITION,TWSE_announcement_punish
3167,TWSE,2026-04-13,2026-04-24,DISPOSITION,TWSE_announcement_punish
5243,TWSE,2026-04-13,2026-04-24,DISPOSITION,TWSE_announcement_punish
6806,TWSE,2026-04-13,2026-04-24,DISPOSITION,TWSE_announcement_punish
2455,TWSE,2026-04-13,2026-04-24,DISPOSITION,TWSE_announcement_punish
6830,TWSE,2026-04-09,2026-04-22,DISPOSITION,TWSE_announcement_punish
3167,TWSE,2026-04-08,2026-04-21,DISPOSITION,TWSE_announcement_punish
7721,TWSE,2026-04-02,2026-04-17,DISPOSITION,TWSE_announcement_punish
1905,TWSE,2026-04-02,2026-04-17,DISPOSITION,TWSE_announcement_punish
3135,TWSE,2026-04-01,2026-04-16,DISPOSITION,TWSE_announcement_punish
2231,TWSE,2026-03-31,2026-04-15,DISPOSITION,TWSE_announcement_punish
6515,TWSE,2026-03-26,2026-04-10,DISPOSITION,TWSE_announcement_punish
2337,TWSE,2026-03-24,2026-04-08,DISPOSITION,TWSE_announcement_punish
7711,TWSE,2026-03-24,2026-04-08,DISPOSITION,TWSE_announcement_punish
2399,TWSE,2026-03-23,2026-04-07,DISPOSITION,TWSE_announcement_punish
2451,TWSE,2026-03-23,2026-04-07,DISPOSITION,TWSE_announcement_punish
6426,TWSE,2026-03-23,2026-04-07,DISPOSITION,TWSE_announcement_punish
3189,TWSE,2026-03-20,2026-04-08,DISPOSITION,TWSE_announcement_punish
6141,TWSE,2026-03-20,2026-04-02,DISPOSITION,TWSE_announcement_punish
6226,TWSE,2026-03-20,2026-04-02,DISPOSITION,TWSE_announcement_punish
6451,TWSE,2026-03-20,2026-04-02,DISPOSITION,TWSE_announcement_punish
8271,TWSE,2026-03-20,2026-04-02,DISPOSITION,TWSE_announcement_punish
1711,TWSE,2026-03-20,2026-04-02,DISPOSITION,TWSE_announcement_punish
1735,TWSE,2026-03-20,2026-04-02,DISPOSITION,TWSE_announcement_punish
2485,TWSE,2026-03-20,2026-04-02,DISPOSITION,TWSE_announcement_punish
2486,TWSE,2026-03-20,2026-04-02,DISPOSITION,TWSE_announcement_punish
3006,TWSE,2026-03-20,2026-04-02,DISPOSITION,TWSE_announcement_punish
2243,TWSE,2026-03-19,2026-04-01,DISPOSITION,TWSE_announcement_punish
2337,TWSE,2026-03-19,2026-04-01,DISPOSITION,TWSE_announcement_punish
2426,TWSE,2026-03-19,2026-04-01,DISPOSITION,TWSE_announcement_punish
3037,TWSE,2026-03-19,2026-04-01,DISPOSITION,TWSE_announcement_punish
3437,TWSE,2026-03-19,2026-04-01,DISPOSITION,TWSE_announcement_punish
3054,TWSE,2026-03-18,2026-03-31,DISPOSITION,TWSE_announcement_punish
6715,TWSE,2026-03-18,2026-03-31,DISPOSITION,TWSE_announcement_punish
3167,TWSE,2026-03-17,2026-03-30,DISPOSITION,TWSE_announcement_punish
4960,TWSE,2026-03-17,2026-03-30,DISPOSITION,TWSE_announcement_punish
8271,TWSE,2026-03-17,2026-03-30,DISPOSITION,TWSE_announcement_punish
2426,TWSE,2026-03-16,2026-03-27,DISPOSITION,TWSE_announcement_punish
3054,TWSE,2026-03-13,2026-03-26,DISPOSITION,TWSE_announcement_punish
5521,TWSE,2026-03-13,2026-03-26,DISPOSITION,TWSE_announcement_punish
6715,TWSE,2026-03-13,2026-03-26,DISPOSITION,TWSE_announcement_punish
1589,TWSE,2026-03-10,2026-03-23,DISPOSITION,TWSE_announcement_punish
2616,TWSE,2026-03-10,2026-03-23,DISPOSITION,TWSE_announcement_punish
6830,TWSE,2026-03-10,2026-03-23,DISPOSITION,TWSE_announcement_punish
6230,TWSE,2026-03-09,2026-03-20,DISPOSITION,TWSE_announcement_punish
6442,TWSE,2026-03-09,2026-03-20,DISPOSITION,TWSE_announcement_punish
6861,TWSE,2026-03-06,2026-03-19,DISPOSITION,TWSE_announcement_punish
8033,TWSE,2026-03-06,2026-03-19,DISPOSITION,TWSE_announcement_punish
6141,TWSE,2026-03-06,2026-03-19,DISPOSITION,TWSE_announcement_punish
1589,TWSE,2026-03-05,2026-03-18,DISPOSITION,TWSE_announcement_punish
2367,TWSE,2026-03-05,2026-03-18,DISPOSITION,TWSE_announcement_punish
2467,TWSE,2026-03-05,2026-03-18,DISPOSITION,TWSE_announcement_punish
2489,TWSE,2026-03-05,2026-03-18,DISPOSITION,TWSE_announcement_punish
6830,TWSE,2026-03-05,2026-03-18,DISPOSITION,TWSE_announcement_punish
1802,TWSE,2026-03-04,2026-03-17,DISPOSITION,TWSE_announcement_punish
2338,TWSE,2026-03-04,2026-03-17,DISPOSITION,TWSE_announcement_punish
3092,TWSE,2026-03-04,2026-03-17,DISPOSITION,TWSE_announcement_punish
3576,TWSE,2026-03-04,2026-03-17,DISPOSITION,TWSE_announcement_punish
2360,TWSE,2026-03-03,2026-03-16,DISPOSITION,TWSE_announcement_punish
3037,TWSE,2026-03-03,2026-03-16,DISPOSITION,TWSE_announcement_punish
4927,TWSE,2026-03-03,2026-03-16,DISPOSITION,TWSE_announcement_punish
6861,TWSE,2026-03-03,2026-03-16,DISPOSITION,TWSE_announcement_punish
2455,TWSE,2026-03-02,2026-03-13,DISPOSITION,TWSE_announcement_punish
2489,TWSE,2026-03-02,2026-03-13,DISPOSITION,TWSE_announcement_punish
6426,TWSE,2026-03-02,2026-03-13,DISPOSITION,TWSE_announcement_punish
7610,TWSE,2026-03-02,2026-03-13,DISPOSITION,TWSE_announcement_punish
8046,TWSE,2026-03-02,2026-03-13,DISPOSITION,TWSE_announcement_punish
8996,TWSE,2026-02-25,2026-03-11,DISPOSITION,TWSE_announcement_punish
3167,TWSE,2026-02-24,2026-03-10,DISPOSITION,TWSE_announcement_punish
7610,TWSE,2026-02-24,2026-03-10,DISPOSITION,TWSE_announcement_punish
6426,TWSE,2026-02-05,2026-03-04,DISPOSITION,TWSE_announcement_punish
6442,TWSE,2026-02-04,2026-02-26,DISPOSITION,TWSE_announcement_punish
6446,TWSE,2026-02-03,2026-02-25,DISPOSITION,TWSE_announcement_punish
6949,TWSE,2026-02-03,2026-02-25,DISPOSITION,TWSE_announcement_punish
9103,TWSE,2026-02-02,2026-02-24,DISPOSITION,TWSE_announcement_punish
2486,TWSE,2026-01-30,2026-02-23,DISPOSITION,TWSE_announcement_punish
1471,TWSE,2026-01-29,2026-02-11,DISPOSITION,TWSE_announcement_punish
6949,TWSE,2026-01-29,2026-02-11,DISPOSITION,TWSE_announcement_punish
2489,TWSE,2026-01-28,2026-02-10,DISPOSITION,TWSE_announcement_punish
8046,TWSE,2026-01-27,2026-02-09,DISPOSITION,TWSE_announcement_punish
7780,TWSE,2026-01-26,2026-02-06,DISPOSITION,TWSE_announcement_punish
8021,TWSE,2026-01-26,2026-02-06,DISPOSITION,TWSE_announcement_punish
1802,TWSE,2026-01-23,2026-02-05,DISPOSITION,TWSE_announcement_punish
1528,TWSE,2026-01-22,2026-02-04,DISPOSITION,TWSE_announcement_punish
3432,TWSE,2026-01-22,2026-02-04,DISPOSITION,TWSE_announcement_punish
8046,TWSE,2026-01-22,2026-02-04,DISPOSITION,TWSE_announcement_punish
1721,TWSE,2026-01-21,2026-02-03,DISPOSITION,TWSE_announcement_punish
2312,TWSE,2026-01-20,2026-02-02,DISPOSITION,TWSE_announcement_punish
2485,TWSE,2026-01-20,2026-02-02,DISPOSITION,TWSE_announcement_punish
3138,TWSE,2026-01-16,2026-01-29,DISPOSITION,TWSE_announcement_punish
8996,TWSE,2026-01-16,2026-01-29,DISPOSITION,TWSE_announcement_punish
8033,TWSE,2026-01-15,2026-01-28,DISPOSITION,TWSE_announcement_punish
1789,TWSE,2026-01-14,2026-01-27,DISPOSITION,TWSE_announcement_punish
4967,TWSE,2026-01-13,2026-01-26,DISPOSITION,TWSE_announcement_punish
2337,TWSE,2026-01-12,2026-01-23,DISPOSITION,TWSE_announcement_punish
6116,TWSE,2026-01-12,2026-01-23,DISPOSITION,TWSE_announcement_punish
2344,TWSE,2026-01-09,2026-01-26,DISPOSITION,TWSE_announcement_punish
2408,TWSE,2026-01-09,2026-01-22,DISPOSITION,TWSE_announcement_punish
3006,TWSE,2026-01-09,2026-01-22,DISPOSITION,TWSE_announcement_punish
6770,TWSE,2026-01-09,2026-01-22,DISPOSITION,TWSE_announcement_punish
8438,TWSE,2026-01-09,2026-01-22,DISPOSITION,TWSE_announcement_punish
3308,TWSE,2026-01-07,2026-01-20,DISPOSITION,TWSE_announcement_punish
3481,TWSE,2026-01-07,2026-01-20,DISPOSITION,TWSE_announcement_punish
3006,TWSE,2026-01-06,2026-01-19,DISPOSITION,TWSE_announcement_punish
8438,TWSE,2026-01-06,2026-01-19,DISPOSITION,TWSE_announcement_punish
2413,TWSE,2026-01-02,2026-01-19,DISPOSITION,TWSE_announcement_punish
3701,TWSE,2026-01-02,2026-01-15,DISPOSITION,TWSE_announcement_punish
6205,TWSE,2026-01-02,2026-01-15,DISPOSITION,TWSE_announcement_punish
1528,TWSE,2026-01-02,2026-01-15,DISPOSITION,TWSE_announcement_punish
3092,TWSE,2026-01-02,2026-01-15,DISPOSITION,TWSE_announcement_punish
5521,TWSE,2025-12-18,2026-01-02,DISPOSITION,TWSE_announcement_punish
3229,TWSE,2025-12-18,2026-01-02,DISPOSITION,TWSE_announcement_punish
2349,TWSE,2025-12-17,2025-12-31,DISPOSITION,TWSE_announcement_punish
6443,TWSE,2025-12-17,2025-12-31,DISPOSITION,TWSE_announcement_punish
8110,TWSE,2025-12-16,2026-01-02,DISPOSITION,TWSE_announcement_punish
2408,TWSE,2025-12-08,2025-12-19,DISPOSITION,TWSE_announcement_punish
8996,TWSE,2025-12-08,2025-12-19,DISPOSITION,TWSE_announcement_punish
2491,TWSE,2025-12-05,2025-12-18,DISPOSITION,TWSE_announcement_punish
8033,TWSE,2025-12-04,2025-12-19,DISPOSITION,TWSE_announcement_punish
6442,TWSE,2025-12-01,2025-12-16,DISPOSITION,TWSE_announcement_punish
6155,TWSE,2025-11-19,2025-12-02,DISPOSITION,TWSE_announcement_punish
2451,TWSE,2025-11-14,2025-11-27,DISPOSITION,TWSE_announcement_punish
8110,TWSE,2025-11-14,2025-11-27,DISPOSITION,TWSE_announcement_punish
8996,TWSE,2025-11-11,2025-11-24,DISPOSITION,TWSE_announcement_punish
1519,TWSE,2025-11-06,2025-11-19,DISPOSITION,TWSE_announcement_punish
2515,TWSE,2025-11-05,2025-11-18,DISPOSITION,TWSE_announcement_punish
2344,TWSE,2025-11-04,2025-11-17,DISPOSITION,TWSE_announcement_punish
4764,TWSE,2025-10-30,2025-11-12,DISPOSITION,TWSE_announcement_punish
4764,TWSE,2025-10-27,2025-11-07,DISPOSITION,TWSE_announcement_punish
8103,TWSE,2025-10-23,2025-11-06,DISPOSITION,TWSE_announcement_punish
2344,TWSE,2025-10-21,2025-11-04,DISPOSITION,TWSE_announcement_punish
8271,TWSE,2025-10-20,2025-11-03,DISPOSITION,TWSE_announcement_punish
8996,TWSE,2025-10-20,2025-11-03,DISPOSITION,TWSE_announcement_punish
4967,TWSE,2025-10-16,2025-11-03,DISPOSITION,TWSE_announcement_punish
8033,TWSE,2025-10-15,2025-10-29,DISPOSITION,TWSE_announcement_punish
4989,TWSE,2025-10-14,2025-10-28,DISPOSITION,TWSE_announcement_punish
4722,TWSE,2025-10-07,2025-10-21,DISPOSITION,TWSE_announcement_punish
1795,TWSE,2025-10-02,2025-10-17,DISPOSITION,TWSE_announcement_punish
2408,TWSE,2025-09-23,2025-10-08,DISPOSITION,TWSE_announcement_punish
2342,TWSE,2025-09-22,2025-10-09,DISPOSITION,TWSE_announcement_punish
8033,TWSE,2025-09-19,2025-10-03,DISPOSITION,TWSE_announcement_punish
2429,TWSE,2025-09-12,2025-09-25,DISPOSITION,TWSE_announcement_punish
3167,TWSE,2025-09-10,2025-09-23,DISPOSITION,TWSE_announcement_punish
6515,TWSE,2025-09-04,2025-09-17,DISPOSITION,TWSE_announcement_punish
3048,TWSE,2025-09-02,2025-09-15,DISPOSITION,TWSE_announcement_punish
8033,TWSE,2025-08-29,2025-09-11,DISPOSITION,TWSE_announcement_punish
8201,TWSE,2025-08-27,2025-09-09,DISPOSITION,TWSE_announcement_punish
4722,TWSE,2025-08-26,2025-09-08,DISPOSITION,TWSE_announcement_punish
8021,TWSE,2025-08-26,2025-09-08,DISPOSITION,TWSE_announcement_punish
2380,TWSE,2025-08-22,2025-09-04,DISPOSITION,TWSE_announcement_punish
6213,TWSE,2025-08-22,2025-09-04,DISPOSITION,TWSE_announcement_punish
4722,TWSE,2025-08-21,2025-09-03,DISPOSITION,TWSE_announcement_punish
1802,TWSE,2025-08-20,2025-09-04,DISPOSITION,TWSE_announcement_punish
1717,TWSE,2025-08-20,2025-09-02,DISPOSITION,TWSE_announcement_punish
2630,TWSE,2025-08-19,2025-09-03,DISPOSITION,TWSE_announcement_punish
3694,TWSE,2025-08-19,2025-09-03,DISPOSITION,TWSE_announcement_punish
4989,TWSE,2025-08-19,2025-09-01,DISPOSITION,TWSE_announcement_punish
6283,TWSE,2025-08-19,2025-09-01,DISPOSITION,TWSE_announcement_punish
6215,TWSE,2025-08-15,2025-09-01,DISPOSITION,TWSE_announcement_punish
2406,TWSE,2025-08-12,2025-08-25,DISPOSITION,TWSE_announcement_punish
2493,TWSE,2025-08-12,2025-08-25,DISPOSITION,TWSE_announcement_punish
6949,TWSE,2025-08-12,2025-08-25,DISPOSITION,TWSE_announcement_punish
8021,TWSE,2025-08-11,2025-08-22,DISPOSITION,TWSE_announcement_punish
8033,TWSE,2025-08-08,2025-08-21,DISPOSITION,TWSE_announcement_punish
6949,TWSE,2025-08-07,2025-08-20,DISPOSITION,TWSE_announcement_punish
2429,TWSE,2025-08-05,2025-08-20,DISPOSITION,TWSE_announcement_punish
6928,TWSE,2025-08-01,2025-08-18,DISPOSITION,TWSE_announcement_punish
8033,TWSE,2025-08-01,2025-08-18,DISPOSITION,TWSE_announcement_punish
8045,TWSE,2025-08-01,2025-08-14,DISPOSITION,TWSE_announcement_punish
6442,TWSE,2025-07-25,2025-08-11,DISPOSITION,TWSE_announcement_punish
4989,TWSE,2025-07-25,2025-08-07,DISPOSITION,TWSE_announcement_punish
6933,TWSE,2025-07-23,2025-08-05,DISPOSITION,TWSE_announcement_punish
8499,TWSE,2025-07-21,2025-08-01,DISPOSITION,TWSE_announcement_punish
8210,TWSE,2025-07-21,2025-08-01,DISPOSITION,TWSE_announcement_punish
6933,TWSE,2025-07-18,2025-07-31,DISPOSITION,TWSE_announcement_punish
3708,TWSE,2025-07-17,2025-08-01,DISPOSITION,TWSE_announcement_punish
8499,TWSE,2025-07-16,2025-07-29,DISPOSITION,TWSE_announcement_punish
2314,TWSE,2025-06-27,2025-07-10,DISPOSITION,TWSE_announcement_punish
3040,TWSE,2025-06-26,2025-07-09,DISPOSITION,TWSE_announcement_punish
6885,TWSE,2025-06-10,2025-06-23,DISPOSITION,TWSE_announcement_punish
1235,TWSE,2025-06-03,2025-06-16,DISPOSITION,TWSE_announcement_punish
9902,TWSE,2025-06-02,2025-06-13,DISPOSITION,TWSE_announcement_punish
1419,TWSE,2025-05-26,2025-06-09,DISPOSITION,TWSE_announcement_punish
6591,TWSE,2025-05-20,2025-06-03,DISPOSITION,TWSE_announcement_punish
9103,TWSE,2025-05-20,2025-06-03,DISPOSITION,TWSE_announcement_punish
6442,TWSE,2025-05-16,2025-05-29,DISPOSITION,TWSE_announcement_punish
6916,TWSE,2025-04-22,2025-05-06,DISPOSITION,TWSE_announcement_punish
3055,TWSE,2025-04-15,2025-04-28,DISPOSITION,TWSE_announcement_punish
6668,TWSE,2025-04-15,2025-04-28,DISPOSITION,TWSE_announcement_punish
2468,TWSE,2025-03-28,2025-04-16,DISPOSITION,TWSE_announcement_punish
4949,TWSE,2025-03-28,2025-04-14,DISPOSITION,TWSE_announcement_punish
2314,TWSE,2025-03-28,2025-04-14,DISPOSITION,TWSE_announcement_punish
8033,TWSE,2025-03-26,2025-04-14,DISPOSITION,TWSE_announcement_punish
2314,TWSE,2025-03-25,2025-04-09,DISPOSITION,TWSE_announcement_punish
4943,TWSE,2025-03-25,2025-04-09,DISPOSITION,TWSE_announcement_punish
9103,TWSE,2025-03-24,2025-04-08,DISPOSITION,TWSE_announcement_punish
3528,TWSE,2025-03-17,2025-04-01,DISPOSITION,TWSE_announcement_punish
3321,TWSE,2025-03-07,2025-03-20,DISPOSITION,TWSE_announcement_punish
9103,TWSE,2025-02-20,2025-03-06,DISPOSITION,TWSE_announcement_punish
2438,TWSE,2025-02-17,2025-03-03,DISPOSITION,TWSE_announcement_punish
6854,TWSE,2025-02-17,2025-03-03,DISPOSITION,TWSE_announcement_punish
6215,TWSE,2025-02-12,2025-02-27,DISPOSITION,TWSE_announcement_punish
9103,TWSE,2025-02-05,2025-02-18,DISPOSITION,TWSE_announcement_punish
6558,TWSE,2025-02-05,2025-02-18,DISPOSITION,TWSE_announcement_punish
8045,TWSE,2025-01-13,2025-02-04,DISPOSITION,TWSE_announcement_punish
6477,TWSE,2025-01-10,2025-02-05,DISPOSITION,TWSE_announcement_punish
9103,TWSE,2025-01-10,2025-02-03,DISPOSITION,TWSE_announcement_punish
6442,TWSE,2025-01-09,2025-01-22,DISPOSITION,TWSE_announcement_punish
8033,TWSE,2025-01-06,2025-01-17,DISPOSITION,TWSE_announcement_punish
2466,TWSE,2024-12-30,2025-01-13,DISPOSITION,TWSE_announcement_punish
9136,TWSE,2024-12-30,2025-01-13,DISPOSITION,TWSE_announcement_punish
2250,TWSE,2024-12-26,2025-01-09,DISPOSITION,TWSE_announcement_punish
9103,TWSE,2024-12-26,2025-01-09,DISPOSITION,TWSE_announcement_punish
2466,TWSE,2024-12-25,2025-01-08,DISPOSITION,TWSE_announcement_punish
4571,TWSE,2024-12-24,2025-01-09,DISPOSITION,TWSE_announcement_punish
3019,TWSE,2024-12-23,2025-01-08,DISPOSITION,TWSE_announcement_punish
4540,TWSE,2024-12-19,2025-01-06,DISPOSITION,TWSE_announcement_punish
6442,TWSE,2024-12-16,2024-12-31,DISPOSITION,TWSE_announcement_punish
6426,TWSE,2024-12-10,2024-12-23,DISPOSITION,TWSE_announcement_punish
6781,TWSE,2024-12-09,2024-12-20,DISPOSITION,TWSE_announcement_punish
8101,TWSE,2024-12-05,2024-12-18,DISPOSITION,TWSE_announcement_punish
8101,TWSE,2024-12-02,2024-12-13,DISPOSITION,TWSE_announcement_punish
3593,TWSE,2024-11-28,2024-12-11,DISPOSITION,TWSE_announcement_punish
3593,TWSE,2024-11-25,2024-12-06,DISPOSITION,TWSE_announcement_punish
6781,TWSE,2024-11-18,2024-11-29,DISPOSITION,TWSE_announcement_punish
6781,TWSE,2024-11-13,2024-11-26,DISPOSITION,TWSE_announcement_punish
6442,TWSE,2024-11-06,2024-11-19,DISPOSITION,TWSE_announcement_punish
2424,TWSE,2024-11-04,2024-11-15,DISPOSITION,TWSE_announcement_punish
3447,TWSE,2024-10-29,2024-11-13,DISPOSITION,TWSE_announcement_punish
4576,TWSE,2024-10-23,2024-11-07,DISPOSITION,TWSE_announcement_punish
6854,TWSE,2024-10-21,2024-11-01,DISPOSITION,TWSE_announcement_punish
4956,TWSE,2024-10-17,2024-11-01,DISPOSITION,TWSE_announcement_punish
2929,TWSE,2024-10-09,2024-10-23,DISPOSITION,TWSE_announcement_punish
8404,TWSE,2024-10-09,2024-10-23,DISPOSITION,TWSE_announcement_punish
5907,TWSE,2024-10-08,2024-10-22,DISPOSITION,TWSE_announcement_punish
6969,TWSE,2024-09-27,2024-10-11,DISPOSITION,TWSE_announcement_punish
6706,TWSE,2024-09-26,2024-10-09,DISPOSITION,TWSE_announcement_punish
3167,TWSE,2024-09-25,2024-10-11,DISPOSITION,TWSE_announcement_punish
1721,TWSE,2024-09-24,2024-10-07,DISPOSITION,TWSE_announcement_punish
5234,TWSE,2024-09-23,2024-10-08,DISPOSITION,TWSE_announcement_punish
2033,TWSE,2024-09-23,2024-10-04,DISPOSITION,TWSE_announcement_punish
8996,TWSE,2024-09-20,2024-10-03,DISPOSITION,TWSE_announcement_punish
8249,TWSE,2024-09-18,2024-10-01,DISPOSITION,TWSE_announcement_punish
4569,TWSE,2024-09-12,2024-09-26,DISPOSITION,TWSE_announcement_punish
4569,TWSE,2024-09-09,2024-09-23,DISPOSITION,TWSE_announcement_punish
1735,TWSE,2024-09-06,2024-09-20,DISPOSITION,TWSE_announcement_punish
3450,TWSE,2024-09-04,2024-09-20,DISPOSITION,TWSE_announcement_punish
4526,TWSE,2024-09-03,2024-09-19,DISPOSITION,TWSE_announcement_punish
4583,TWSE,2024-09-03,2024-09-16,DISPOSITION,TWSE_announcement_punish
2425,TWSE,2024-09-03,2024-09-16,DISPOSITION,TWSE_announcement_punish
2424,TWSE,2024-08-30,2024-09-12,DISPOSITION,TWSE_announcement_punish
3550,TWSE,2024-08-30,2024-09-12,DISPOSITION,TWSE_announcement_punish
8039,TWSE,2024-08-30,2024-09-12,DISPOSITION,TWSE_announcement_punish
9105,TWSE,2024-08-28,2024-09-10,DISPOSITION,TWSE_announcement_punish
2438,TWSE,2024-08-22,2024-09-04,DISPOSITION,TWSE_announcement_punish
9103,TWSE,2024-08-21,2024-09-03,DISPOSITION,TWSE_announcement_punish
1225,TWSE,2024-08-20,2024-09-02,DISPOSITION,TWSE_announcement_punish
6754,TWSE,2024-08-16,2024-08-29,DISPOSITION,TWSE_announcement_punish
1540,TWSE,2024-08-09,2024-08-26,DISPOSITION,TWSE_announcement_punish
2524,TWSE,2024-08-05,2024-08-20,DISPOSITION,TWSE_announcement_punish
2243,TWSE,2024-07-22,2024-08-02,DISPOSITION,TWSE_announcement_punish
6442,TWSE,2024-07-18,2024-07-31,DISPOSITION,TWSE_announcement_punish
2243,TWSE,2024-07-17,2024-07-30,DISPOSITION,TWSE_announcement_punish
4927,TWSE,2024-07-17,2024-07-30,DISPOSITION,TWSE_announcement_punish
5484,TWSE,2024-07-17,2024-07-30,DISPOSITION,TWSE_announcement_punish
3535,TWSE,2024-07-16,2024-07-29,DISPOSITION,TWSE_announcement_punish
3593,TWSE,2024-07-15,2024-07-26,DISPOSITION,TWSE_announcement_punish
6937,TWSE,2024-07-12,2024-07-25,DISPOSITION,TWSE_announcement_punish
3047,TWSE,2024-07-12,2024-07-25,DISPOSITION,TWSE_announcement_punish
6133,TWSE,2024-07-11,2024-07-24,DISPOSITION,TWSE_announcement_punish
2349,TWSE,2024-07-10,2024-07-23,DISPOSITION,TWSE_announcement_punish
4562,TWSE,2024-07-09,2024-07-22,DISPOSITION,TWSE_announcement_punish
8374,TWSE,2024-07-09,2024-07-22,DISPOSITION,TWSE_announcement_punish
2486,TWSE,2024-07-09,2024-07-22,DISPOSITION,TWSE_announcement_punish
2467,TWSE,2024-07-08,2024-07-23,DISPOSITION,TWSE_announcement_punish
6698,TWSE,2024-07-08,2024-07-23,DISPOSITION,TWSE_announcement_punish
3018,TWSE,2024-07-08,2024-07-19,DISPOSITION,TWSE_announcement_punish
5484,TWSE,2024-07-08,2024-07-19,DISPOSITION,TWSE_announcement_punish
6541,TWSE,2024-07-08,2024-07-19,DISPOSITION,TWSE_announcement_punish
8104,TWSE,2024-07-08,2024-07-19,DISPOSITION,TWSE_announcement_punish
1587,TWSE,2024-07-05,2024-07-18,DISPOSITION,TWSE_announcement_punish
2349,TWSE,2024-07-05,2024-07-18,DISPOSITION,TWSE_announcement_punish
6658,TWSE,2024-07-05,2024-07-18,DISPOSITION,TWSE_announcement_punish
2429,TWSE,2024-07-04,2024-07-17,DISPOSITION,TWSE_announcement_punish
6869,TWSE,2024-07-03,2024-07-18,DISPOSITION,TWSE_announcement_punish
3686,TWSE,2024-07-03,2024-07-16,DISPOSITION,TWSE_announcement_punish
9110,TWSE,2024-07-02,2024-07-15,DISPOSITION,TWSE_announcement_punish
3652,TWSE,2024-07-01,2024-07-12,DISPOSITION,TWSE_announcement_punish
6869,TWSE,2024-06-28,2024-07-11,DISPOSITION,TWSE_announcement_punish
4526,TWSE,2024-06-27,2024-07-12,DISPOSITION,TWSE_announcement_punish
6431,TWSE,2024-06-27,2024-07-10,DISPOSITION,TWSE_announcement_punish
2438,TWSE,2024-06-27,2024-07-10,DISPOSITION,TWSE_announcement_punish
6598,TWSE,2024-06-25,2024-07-08,DISPOSITION,TWSE_announcement_punish
2438,TWSE,2024-06-24,2024-07-05,DISPOSITION,TWSE_announcement_punish
6451,TWSE,2024-06-21,2024-07-04,DISPOSITION,TWSE_announcement_punish
2486,TWSE,2024-06-20,2024-07-03,DISPOSITION,TWSE_announcement_punish
1519,TWSE,2024-06-19,2024-07-04,DISPOSITION,TWSE_announcement_punish
9103,TWSE,2024-06-19,2024-07-02,DISPOSITION,TWSE_announcement_punish
9105,TWSE,2024-06-18,2024-07-01,DISPOSITION,TWSE_announcement_punish
5484,TWSE,2024-06-17,2024-06-28,DISPOSITION,TWSE_announcement_punish
3229,TWSE,2024-06-13,2024-06-26,DISPOSITION,TWSE_announcement_punish
6442,TWSE,2024-06-12,2024-06-27,DISPOSITION,TWSE_announcement_punish
5484,TWSE,2024-06-12,2024-06-25,DISPOSITION,TWSE_announcement_punish
6117,TWSE,2024-06-05,2024-06-19,DISPOSITION,TWSE_announcement_punish
3312,TWSE,2024-06-04,2024-06-20,DISPOSITION,TWSE_announcement_punish
6695,TWSE,2024-06-04,2024-06-18,DISPOSITION,TWSE_announcement_punish
8374,TWSE,2024-06-04,2024-06-18,DISPOSITION,TWSE_announcement_punish
8996,TWSE,2024-05-31,2024-06-14,DISPOSITION,TWSE_announcement_punish
9136,TWSE,2024-05-30,2024-06-13,DISPOSITION,TWSE_announcement_punish
8374,TWSE,2024-05-30,2024-06-13,DISPOSITION,TWSE_announcement_punish
2365,TWSE,2024-05-29,2024-06-12,DISPOSITION,TWSE_announcement_punish
2392,TWSE,2024-05-28,2024-06-11,DISPOSITION,TWSE_announcement_punish
2359,TWSE,2024-05-27,2024-06-12,DISPOSITION,TWSE_announcement_punish
8033,TWSE,2024-05-24,2024-06-06,DISPOSITION,TWSE_announcement_punish
2374,TWSE,2024-05-23,2024-06-07,DISPOSITION,TWSE_announcement_punish
6442,TWSE,2024-05-22,2024-06-04,DISPOSITION,TWSE_announcement_punish
6446,TWSE,2024-05-22,2024-06-04,DISPOSITION,TWSE_announcement_punish
2362,TWSE,2024-05-21,2024-06-03,DISPOSITION,TWSE_announcement_punish
2609,TWSE,2024-05-17,2024-05-30,DISPOSITION,TWSE_announcement_punish
6863,TWSE,2024-05-17,2024-05-30,DISPOSITION,TWSE_announcement_punish
2615,TWSE,2024-05-16,2024-05-31,DISPOSITION,TWSE_announcement_punish
9103,TWSE,2024-05-16,2024-05-29,DISPOSITION,TWSE_announcement_punish
4562,TWSE,2024-05-14,2024-05-27,DISPOSITION,TWSE_announcement_punish
6442,TWSE,2024-05-09,2024-05-24,DISPOSITION,TWSE_announcement_punish
8996,TWSE,2024-05-08,2024-05-23,DISPOSITION,TWSE_announcement_punish
6552,TWSE,2024-05-03,2024-05-20,DISPOSITION,TWSE_announcement_punish
6230,TWSE,2024-05-03,2024-05-16,DISPOSITION,TWSE_announcement_punish
1617,TWSE,2024-04-23,2024-05-07,DISPOSITION,TWSE_announcement_punish
4588,TWSE,2024-04-22,2024-05-06,DISPOSITION,TWSE_announcement_punish
9955,TWSE,2024-04-22,2024-05-06,DISPOSITION,TWSE_announcement_punish
6283,TWSE,2024-04-19,2024-05-03,DISPOSITION,TWSE_announcement_punish
3060,TWSE,2024-04-17,2024-04-30,DISPOSITION,TWSE_announcement_punish
1514,TWSE,2024-04-16,2024-05-02,DISPOSITION,TWSE_announcement_punish
1453,TWSE,2024-04-16,2024-04-29,DISPOSITION,TWSE_announcement_punish
2363,TWSE,2024-04-15,2024-04-26,DISPOSITION,TWSE_announcement_punish
6949,TWSE,2024-04-15,2024-04-26,DISPOSITION,TWSE_announcement_punish
1587,TWSE,2024-04-10,2024-04-23,DISPOSITION,TWSE_announcement_punish
6139,TWSE,2024-04-09,2024-04-24,DISPOSITION,TWSE_announcement_punish
2359,TWSE,2024-04-09,2024-04-22,DISPOSITION,TWSE_announcement_punish
6197,TWSE,2024-04-03,2024-04-18,DISPOSITION,TWSE_announcement_punish
1616,TWSE,2024-03-29,2024-04-15,DISPOSITION,TWSE_announcement_punish
2359,TWSE,2024-03-27,2024-04-11,DISPOSITION,TWSE_announcement_punish
6753,TWSE,2024-03-26,2024-04-10,DISPOSITION,TWSE_announcement_punish
1503,TWSE,2024-03-25,2024-04-09,DISPOSITION,TWSE_announcement_punish
9103,TWSE,2024-03-21,2024-04-03,DISPOSITION,TWSE_announcement_punish
6230,TWSE,2024-03-20,2024-04-02,DISPOSITION,TWSE_announcement_punish
1519,TWSE,2024-03-19,2024-04-03,DISPOSITION,TWSE_announcement_punish
4994,TWSE,2024-03-15,2024-03-28,DISPOSITION,TWSE_announcement_punish
2404,TWSE,2024-03-13,2024-03-26,DISPOSITION,TWSE_announcement_punish
2417,TWSE,2024-03-12,2024-03-25,DISPOSITION,TWSE_announcement_punish
3013,TWSE,2024-03-11,2024-03-26,DISPOSITION,TWSE_announcement_punish
4943,TWSE,2024-03-11,2024-03-22,DISPOSITION,TWSE_announcement_punish
3376,TWSE,2024-03-08,2024-03-25,DISPOSITION,TWSE_announcement_punish
1725,TWSE,2024-03-06,2024-03-19,DISPOSITION,TWSE_announcement_punish
1809,TWSE,2024-03-01,2024-03-14,DISPOSITION,TWSE_announcement_punish
4588,TWSE,2024-02-27,2024-03-12,DISPOSITION,TWSE_announcement_punish
6442,TWSE,2024-02-26,2024-03-13,DISPOSITION,TWSE_announcement_punish
1519,TWSE,2024-02-26,2024-03-11,DISPOSITION,TWSE_announcement_punish
1809,TWSE,2024-02-26,2024-03-11,DISPOSITION,TWSE_announcement_punish
3321,TWSE,2024-02-23,2024-03-08,DISPOSITION,TWSE_announcement_punish
5284,TWSE,2024-02-23,2024-03-08,DISPOSITION,TWSE_announcement_punish
2465,TWSE,2024-02-22,2024-03-07,DISPOSITION,TWSE_announcement_punish
2365,TWSE,2024-02-20,2024-03-07,DISPOSITION,TWSE_announcement_punish
6805,TWSE,2024-02-19,2024-03-04,DISPOSITION,TWSE_announcement_punish
2465,TWSE,2024-02-19,2024-03-04,DISPOSITION,TWSE_announcement_punish
1418,TWSE,2024-02-05,2024-02-27,DISPOSITION,TWSE_announcement_punish
9136,TWSE,2024-01-30,2024-02-21,DISPOSITION,TWSE_announcement_punish
9105,TWSE,2024-01-29,2024-02-20,DISPOSITION,TWSE_announcement_punish
9103,TWSE,2024-01-26,2024-02-19,DISPOSITION,TWSE_announcement_punish
8467,TWSE,2024-01-12,2024-01-29,DISPOSITION,TWSE_announcement_punish
9103,TWSE,2024-01-12,2024-01-25,DISPOSITION,TWSE_announcement_punish
9103,TWSE,2023-12-20,2024-01-03,DISPOSITION,TWSE_announcement_punish
6117,TWSE,2023-12-08,2023-12-21,DISPOSITION,TWSE_announcement_punish
9103,TWSE,2023-12-06,2023-12-19,DISPOSITION,TWSE_announcement_punish
9919,TWSE,2023-12-05,2023-12-20,DISPOSITION,TWSE_announcement_punish
1325,TWSE,2023-12-04,2023-12-15,DISPOSITION,TWSE_announcement_punish
3437,TWSE,2023-11-29,2023-12-12,DISPOSITION,TWSE_announcement_punish
9103,TWSE,2023-11-29,2023-12-12,DISPOSITION,TWSE_announcement_punish
2380,TWSE,2023-11-24,2023-12-07,DISPOSITION,TWSE_announcement_punish
9105,TWSE,2023-11-24,2023-12-07,DISPOSITION,TWSE_announcement_punish
8467,TWSE,2023-11-23,2023-12-06,DISPOSITION,TWSE_announcement_punish
2543,TWSE,2023-11-21,2023-12-04,DISPOSITION,TWSE_announcement_punish
1515,TWSE,2023-11-20,2023-12-05,DISPOSITION,TWSE_announcement_punish
1449,TWSE,2023-11-09,2023-11-22,DISPOSITION,TWSE_announcement_punish
9105,TWSE,2023-11-09,2023-11-22,DISPOSITION,TWSE_announcement_punish
9103,TWSE,2023-11-07,2023-11-20,DISPOSITION,TWSE_announcement_punish
3715,TWSE,2023-11-03,2023-11-16,DISPOSITION,TWSE_announcement_punish
3041,TWSE,2023-10-26,2023-11-08,DISPOSITION,TWSE_announcement_punish
2364,TWSE,2023-10-19,2023-11-01,DISPOSITION,TWSE_announcement_punish
2363,TWSE,2023-10-18,2023-11-02,DISPOSITION,TWSE_announcement_punish
2417,TWSE,2023-10-11,2023-10-26,DISPOSITION,TWSE_announcement_punish
9105,TWSE,2023-10-06,2023-10-23,DISPOSITION,TWSE_announcement_punish
6117,TWSE,2023-10-05,2023-10-24,DISPOSITION,TWSE_announcement_punish
9103,TWSE,2023-10-02,2023-10-17,DISPOSITION,TWSE_announcement_punish
2358,TWSE,2023-09-11,2023-09-22,DISPOSITION,TWSE_announcement_punish
2816,TWSE,2023-09-08,2023-09-21,DISPOSITION,TWSE_announcement_punish
9103,TWSE,2023-09-07,2023-09-20,DISPOSITION,TWSE_announcement_punish
6117,TWSE,2023-08-25,2023-09-11,DISPOSITION,TWSE_announcement_punish
3043,TWSE,2023-08-21,2023-09-01,DISPOSITION,TWSE_announcement_punish
2329,TWSE,2023-08-01,2023-08-14,DISPOSITION,TWSE_announcement_punish
2421,TWSE,2023-07-28,2023-08-10,DISPOSITION,TWSE_announcement_punish
9105,TWSE,2023-07-28,2023-08-10,DISPOSITION,TWSE_announcement_punish
8996,TWSE,2023-07-26,2023-08-08,DISPOSITION,TWSE_announcement_punish
3035,TWSE,2023-07-25,2023-08-09,DISPOSITION,TWSE_announcement_punish
8210,TWSE,2023-07-25,2023-08-07,DISPOSITION,TWSE_announcement_punish
2316,TWSE,2023-07-24,2023-08-04,DISPOSITION,TWSE_announcement_punish
6442,TWSE,2023-07-21,2023-08-03,DISPOSITION,TWSE_announcement_punish
6579,TWSE,2023-07-21,2023-08-03,DISPOSITION,TWSE_announcement_punish
2356,TWSE,2023-07-20,2023-08-02,DISPOSITION,TWSE_announcement_punish
3706,TWSE,2023-07-20,2023-08-02,DISPOSITION,TWSE_announcement_punish
2388,TWSE,2023-07-18,2023-07-31,DISPOSITION,TWSE_announcement_punish
1519,TWSE,2023-07-18,2023-07-31,DISPOSITION,TWSE_announcement_punish
3231,TWSE,2023-07-14,2023-07-27,DISPOSITION,TWSE_announcement_punish
3018,TWSE,2023-07-11,2023-07-24,DISPOSITION,TWSE_announcement_punish
6117,TWSE,2023-07-10,2023-07-21,DISPOSITION,TWSE_announcement_punish
3013,TWSE,2023-07-07,2023-07-20,DISPOSITION,TWSE_announcement_punish
6451,TWSE,2023-07-06,2023-07-19,DISPOSITION,TWSE_announcement_punish
8996,TWSE,2023-07-05,2023-07-18,DISPOSITION,TWSE_announcement_punish
2059,TWSE,2023-07-04,2023-07-17,DISPOSITION,TWSE_announcement_punish
9105,TWSE,2023-07-04,2023-07-17,DISPOSITION,TWSE_announcement_punish
1519,TWSE,2023-06-30,2023-07-13,DISPOSITION,TWSE_announcement_punish
1471,TWSE,2023-06-29,2023-07-12,DISPOSITION,TWSE_announcement_punish
2059,TWSE,2023-06-29,2023-07-12,DISPOSITION,TWSE_announcement_punish
2722,TWSE,2023-06-27,2023-07-12,DISPOSITION,TWSE_announcement_punish
6120,TWSE,2023-06-27,2023-07-10,DISPOSITION,TWSE_announcement_punish
2468,TWSE,2023-06-21,2023-07-06,DISPOSITION,TWSE_announcement_punish
6235,TWSE,2023-06-20,2023-07-07,DISPOSITION,TWSE_announcement_punish
6625,TWSE,2023-06-13,2023-06-30,DISPOSITION,TWSE_announcement_punish
2432,TWSE,2023-06-13,2023-06-28,DISPOSITION,TWSE_announcement_punish
8996,TWSE,2023-06-08,2023-06-21,DISPOSITION,TWSE_announcement_punish
9105,TWSE,2023-06-08,2023-06-21,DISPOSITION,TWSE_announcement_punish
9103,TWSE,2023-05-25,2023-06-07,DISPOSITION,TWSE_announcement_punish
9105,TWSE,2023-05-24,2023-06-06,DISPOSITION,TWSE_announcement_punish
2427,TWSE,2023-05-23,2023-06-05,DISPOSITION,TWSE_announcement_punish
8033,TWSE,2023-05-15,2023-05-26,DISPOSITION,TWSE_announcement_punish
9105,TWSE,2023-05-09,2023-05-22,DISPOSITION,TWSE_announcement_punish
2424,TWSE,2023-05-09,2023-05-22,DISPOSITION,TWSE_announcement_punish
1727,TWSE,2023-05-02,2023-05-15,DISPOSITION,TWSE_announcement_punish
6235,TWSE,2023-04-25,2023-05-09,DISPOSITION,TWSE_announcement_punish
3058,TWSE,2023-04-24,2023-05-08,DISPOSITION,TWSE_announcement_punish
1810,TWSE,2023-04-21,2023-05-05,DISPOSITION,TWSE_announcement_punish
8033,TWSE,2023-04-21,2023-05-05,DISPOSITION,TWSE_announcement_punish
1529,TWSE,2023-04-20,2023-05-04,DISPOSITION,TWSE_announcement_punish
2630,TWSE,2023-04-20,2023-05-04,DISPOSITION,TWSE_announcement_punish
3308,TWSE,2023-04-20,2023-05-04,DISPOSITION,TWSE_announcement_punish
3308,TWSE,2023-04-17,2023-04-28,DISPOSITION,TWSE_announcement_punish
3494,TWSE,2023-04-17,2023-04-28,DISPOSITION,TWSE_announcement_punish
9105,TWSE,2023-04-17,2023-04-28,DISPOSITION,TWSE_announcement_punish
2358,TWSE,2023-04-14,2023-04-27,DISPOSITION,TWSE_announcement_punish
4763,TWSE,2023-04-13,2023-04-26,DISPOSITION,TWSE_announcement_punish
2482,TWSE,2023-04-10,2023-04-21,DISPOSITION,TWSE_announcement_punish
8478,TWSE,2023-03-28,2023-04-17,DISPOSITION,TWSE_announcement_punish
8996,TWSE,2023-03-28,2023-04-13,DISPOSITION,TWSE_announcement_punish
4763,TWSE,2023-03-28,2023-04-13,DISPOSITION,TWSE_announcement_punish
8033,TWSE,2023-03-28,2023-04-13,DISPOSITION,TWSE_announcement_punish
1435,TWSE,2023-03-27,2023-04-12,DISPOSITION,TWSE_announcement_punish
9105,TWSE,2023-03-16,2023-03-29,DISPOSITION,TWSE_announcement_punish
2429,TWSE,2023-03-13,2023-03-24,DISPOSITION,TWSE_announcement_punish
8033,TWSE,2023-03-07,2023-03-20,DISPOSITION,TWSE_announcement_punish
2739,TWSE,2023-03-06,2023-03-17,DISPOSITION,TWSE_announcement_punish
8996,TWSE,2023-03-03,2023-03-20,DISPOSITION,TWSE_announcement_punish
2739,TWSE,2023-03-01,2023-03-14,DISPOSITION,TWSE_announcement_punish
3058,TWSE,2023-02-24,2023-03-13,DISPOSITION,TWSE_announcement_punish
9103,TWSE,2023-02-24,2023-03-13,DISPOSITION,TWSE_announcement_punish
8940,TWSE,2023-02-23,2023-03-10,DISPOSITION,TWSE_announcement_punish
9105,TWSE,2023-02-21,2023-03-08,DISPOSITION,TWSE_announcement_punish
2453,TWSE,2023-02-16,2023-03-07,DISPOSITION,TWSE_announcement_punish
2482,TWSE,2023-02-07,2023-02-22,DISPOSITION,TWSE_announcement_punish
9105,TWSE,2023-02-06,2023-02-17,DISPOSITION,TWSE_announcement_punish
4943,TWSE,2023-01-05,2023-01-30,DISPOSITION,TWSE_announcement_punish
4943,TWSE,2022-12-30,2023-01-13,DISPOSITION,TWSE_announcement_punish
4943,TWSE,2022-12-27,2023-01-10,DISPOSITION,TWSE_announcement_punish
9103,TWSE,2022-12-20,2023-01-03,DISPOSITION,TWSE_announcement_punish
1701,TWSE,2022-12-19,2022-12-30,DISPOSITION,TWSE_announcement_punish
1342,TWSE,2022-12-09,2022-12-26,DISPOSITION,TWSE_announcement_punish
9105,TWSE,2022-12-09,2022-12-22,DISPOSITION,TWSE_announcement_punish
9103,TWSE,2022-12-02,2022-12-15,DISPOSITION,TWSE_announcement_punish
8222,TWSE,2022-12-01,2022-12-16,DISPOSITION,TWSE_announcement_punish
1795,TWSE,2022-11-29,2022-12-14,DISPOSITION,TWSE_announcement_punish
1810,TWSE,2022-11-29,2022-12-14,DISPOSITION,TWSE_announcement_punish
4943,TWSE,2022-11-24,2022-12-07,DISPOSITION,TWSE_announcement_punish
9103,TWSE,2022-11-16,2022-11-29,DISPOSITION,TWSE_announcement_punish
8033,TWSE,2022-11-09,2022-11-22,DISPOSITION,TWSE_announcement_punish
9928,TWSE,2022-11-07,2022-11-18,DISPOSITION,TWSE_announcement_punish
9105,TWSE,2022-11-03,2022-11-16,DISPOSITION,TWSE_announcement_punish
9103,TWSE,2022-11-01,2022-11-14,DISPOSITION,TWSE_announcement_punish
3686,TWSE,2022-10-17,2022-10-28,DISPOSITION,TWSE_announcement_punish
2540,TWSE,2022-10-12,2022-10-25,DISPOSITION,TWSE_announcement_punish
2364,TWSE,2022-10-06,2022-10-24,DISPOSITION,TWSE_announcement_punish
9103,TWSE,2022-10-06,2022-10-20,DISPOSITION,TWSE_announcement_punish
6550,TWSE,2022-10-04,2022-10-20,DISPOSITION,TWSE_announcement_punish
9105,TWSE,2022-09-16,2022-09-29,DISPOSITION,TWSE_announcement_punish
2364,TWSE,2022-09-13,2022-09-26,DISPOSITION,TWSE_announcement_punish
3383,TWSE,2022-09-05,2022-09-19,DISPOSITION,TWSE_announcement_punish
6666,TWSE,2022-09-02,2022-09-16,DISPOSITION,TWSE_announcement_punish
3043,TWSE,2022-08-31,2022-09-14,DISPOSITION,TWSE_announcement_punish
4770,TWSE,2022-08-29,2022-09-12,DISPOSITION,TWSE_announcement_punish
3043,TWSE,2022-08-26,2022-09-08,DISPOSITION,TWSE_announcement_punish
9928,TWSE,2022-08-26,2022-09-08,DISPOSITION,TWSE_announcement_punish
8478,TWSE,2022-08-24,2022-09-08,DISPOSITION,TWSE_announcement_punish
1539,TWSE,2022-08-23,2022-09-05,DISPOSITION,TWSE_announcement_punish
2468,TWSE,2022-08-23,2022-09-05,DISPOSITION,TWSE_announcement_punish
1449,TWSE,2022-08-22,2022-09-02,DISPOSITION,TWSE_announcement_punish
2364,TWSE,2022-08-19,2022-09-01,DISPOSITION,TWSE_announcement_punish
9103,TWSE,2022-08-19,2022-09-01,DISPOSITION,TWSE_announcement_punish
3432,TWSE,2022-08-11,2022-08-24,DISPOSITION,TWSE_announcement_punish
9912,TWSE,2022-08-08,2022-08-19,DISPOSITION,TWSE_announcement_punish
2380,TWSE,2022-07-29,2022-08-11,DISPOSITION,TWSE_announcement_punish
2388,TWSE,2022-07-28,2022-08-12,DISPOSITION,TWSE_announcement_punish
9103,TWSE,2022-07-28,2022-08-10,DISPOSITION,TWSE_announcement_punish
2305,TWSE,2022-07-28,2022-08-10,DISPOSITION,TWSE_announcement_punish
6225,TWSE,2022-07-27,2022-08-09,DISPOSITION,TWSE_announcement_punish
2305,TWSE,2022-07-25,2022-08-09,DISPOSITION,TWSE_announcement_punish
6133,TWSE,2022-07-22,2022-08-08,DISPOSITION,TWSE_announcement_punish
6796,TWSE,2022-07-14,2022-07-27,DISPOSITION,TWSE_announcement_punish
6225,TWSE,2022-07-11,2022-07-22,DISPOSITION,TWSE_announcement_punish
8222,TWSE,2022-06-24,2022-07-11,DISPOSITION,TWSE_announcement_punish
8467,TWSE,2022-06-23,2022-07-06,DISPOSITION,TWSE_announcement_punish
3494,TWSE,2022-06-15,2022-06-28,DISPOSITION,TWSE_announcement_punish
5258,TWSE,2022-06-07,2022-06-22,DISPOSITION,TWSE_announcement_punish
2364,TWSE,2022-06-07,2022-06-20,DISPOSITION,TWSE_announcement_punish
9105,TWSE,2022-06-07,2022-06-20,DISPOSITION,TWSE_announcement_punish
1539,TWSE,2022-05-31,2022-06-16,DISPOSITION,TWSE_announcement_punish
1568,TWSE,2022-05-27,2022-06-10,DISPOSITION,TWSE_announcement_punish
1524,TWSE,2022-05-25,2022-06-10,DISPOSITION,TWSE_announcement_punish
1453,TWSE,2022-05-24,2022-06-09,DISPOSITION,TWSE_announcement_punish
2482,TWSE,2022-05-24,2022-06-07,DISPOSITION,TWSE_announcement_punish
2929,TWSE,2022-05-24,2022-06-07,DISPOSITION,TWSE_announcement_punish
3535,TWSE,2022-05-20,2022-06-07,DISPOSITION,TWSE_announcement_punish
2482,TWSE,2022-05-19,2022-06-01,DISPOSITION,TWSE_announcement_punish
9105,TWSE,2022-05-19,2022-06-01,DISPOSITION,TWSE_announcement_punish
1453,TWSE,2022-05-03,2022-05-16,DISPOSITION,TWSE_announcement_punish
9103,TWSE,2022-04-26,2022-05-10,DISPOSITION,TWSE_announcement_punish
4106,TWSE,2022-04-25,2022-05-09,DISPOSITION,TWSE_announcement_punish
1760,TWSE,2022-04-21,2022-05-09,DISPOSITION,TWSE_announcement_punish
6598,TWSE,2022-04-19,2022-05-03,DISPOSITION,TWSE_announcement_punish
4133,TWSE,2022-04-18,2022-05-04,DISPOSITION,TWSE_announcement_punish
4148,TWSE,2022-04-18,2022-05-04,DISPOSITION,TWSE_announcement_punish
4133,TWSE,2022-04-13,2022-04-28,DISPOSITION,TWSE_announcement_punish
1453,TWSE,2022-04-12,2022-04-25,DISPOSITION,TWSE_announcement_punish
9103,TWSE,2022-04-12,2022-04-25,DISPOSITION,TWSE_announcement_punish
3011,TWSE,2022-03-29,2022-04-13,DISPOSITION,TWSE_announcement_punish
1432,TWSE,2022-03-24,2022-04-08,DISPOSITION,TWSE_announcement_punish
9103,TWSE,2022-03-22,2022-04-06,DISPOSITION,TWSE_announcement_punish
9105,TWSE,2022-03-17,2022-03-30,DISPOSITION,TWSE_announcement_punish
2024,TWSE,2022-03-09,2022-03-22,DISPOSITION,TWSE_announcement_punish
2936,TWSE,2022-03-08,2022-03-21,DISPOSITION,TWSE_announcement_punish
1435,TWSE,2022-03-04,2022-03-17,DISPOSITION,TWSE_announcement_punish
2497,TWSE,2022-03-03,2022-03-16,DISPOSITION,TWSE_announcement_punish
1435,TWSE,2022-03-01,2022-03-14,DISPOSITION,TWSE_announcement_punish
9955,TWSE,2022-02-25,2022-03-15,DISPOSITION,TWSE_announcement_punish
9103,TWSE,2022-02-21,2022-03-07,DISPOSITION,TWSE_announcement_punish
2497,TWSE,2022-02-14,2022-03-02,DISPOSITION,TWSE_announcement_punish
1529,TWSE,2022-02-08,2022-02-23,DISPOSITION,TWSE_announcement_punish
8454,TWSE,2022-02-08,2022-02-21,DISPOSITION,TWSE_announcement_punish
3383,TWSE,2022-01-18,2022-02-09,DISPOSITION,TWSE_announcement_punish
9103,TWSE,2022-01-18,2022-02-09,DISPOSITION,TWSE_announcement_punish
6225,TWSE,2022-01-17,2022-02-08,DISPOSITION,TWSE_announcement_punish
2443,TWSE,2022-01-11,2022-01-24,DISPOSITION,TWSE_announcement_punish
3383,TWSE,2022-01-07,2022-01-20,DISPOSITION,TWSE_announcement_punish
2323,TWSE,2022-01-06,2022-01-19,DISPOSITION,TWSE_announcement_punish
2359,TWSE,2022-01-06,2022-01-19,DISPOSITION,TWSE_announcement_punish
9103,TWSE,2022-01-05,2022-01-18,DISPOSITION,TWSE_announcement_punish
3383,TWSE,2022-01-04,2022-01-17,DISPOSITION,TWSE_announcement_punish
4755,TWSE,2022-01-03,2022-01-18,DISPOSITION,TWSE_announcement_punish
3383,TWSE,2021-12-29,2022-01-12,DISPOSITION,TWSE_announcement_punish
2939,TWSE,2021-12-27,2022-01-10,DISPOSITION,TWSE_announcement_punish
3308,TWSE,2021-12-21,2022-01-04,DISPOSITION,TWSE_announcement_punish
2406,TWSE,2021-12-20,2022-01-05,DISPOSITION,TWSE_announcement_punish
9103,TWSE,2021-12-20,2022-01-03,DISPOSITION,TWSE_announcement_punish
1236,TWSE,2021-12-16,2021-12-29,DISPOSITION,TWSE_announcement_punish
2405,TWSE,2021-12-16,2021-12-29,DISPOSITION,TWSE_announcement_punish
3051,TWSE,2021-12-15,2021-12-28,DISPOSITION,TWSE_announcement_punish
6235,TWSE,2021-12-09,2021-12-22,DISPOSITION,TWSE_announcement_punish
9103,TWSE,2021-12-02,2021-12-15,DISPOSITION,TWSE_announcement_punish
2497,TWSE,2021-12-01,2021-12-16,DISPOSITION,TWSE_announcement_punish
3046,TWSE,2021-11-25,2021-12-08,DISPOSITION,TWSE_announcement_punish
3016,TWSE,2021-11-24,2021-12-09,DISPOSITION,TWSE_announcement_punish
4943,TWSE,2021-11-23,2021-12-06,DISPOSITION,TWSE_announcement_punish
1236,TWSE,2021-11-22,2021-12-03,DISPOSITION,TWSE_announcement_punish
9105,TWSE,2021-11-22,2021-12-03,DISPOSITION,TWSE_announcement_punish
8427,TWSE,2021-11-19,2021-12-02,DISPOSITION,TWSE_announcement_punish
3419,TWSE,2021-11-17,2021-11-30,DISPOSITION,TWSE_announcement_punish
1721,TWSE,2021-11-12,2021-11-29,DISPOSITION,TWSE_announcement_punish
9105,TWSE,2021-11-08,2021-11-19,DISPOSITION,TWSE_announcement_punish
1611,TWSE,2021-11-05,2021-11-18,DISPOSITION,TWSE_announcement_punish
6172,TWSE,2021-11-01,2021-11-12,DISPOSITION,TWSE_announcement_punish
2498,TWSE,2021-10-29,2021-11-11,DISPOSITION,TWSE_announcement_punish
4968,TWSE,2021-10-29,2021-11-11,DISPOSITION,TWSE_announcement_punish
2498,TWSE,2021-10-26,2021-11-10,DISPOSITION,TWSE_announcement_punish
9105,TWSE,2021-10-22,2021-11-04,DISPOSITION,TWSE_announcement_punish
1721,TWSE,2021-10-21,2021-11-03,DISPOSITION,TWSE_announcement_punish
2243,TWSE,2021-10-19,2021-11-01,DISPOSITION,TWSE_announcement_punish
1721,TWSE,2021-10-18,2021-10-29,DISPOSITION,TWSE_announcement_punish
4141,TWSE,2021-10-04,2021-10-20,DISPOSITION,TWSE_announcement_punish
9105,TWSE,2021-09-24,2021-10-07,DISPOSITION,TWSE_announcement_punish
1727,TWSE,2021-09-17,2021-10-04,DISPOSITION,TWSE_announcement_punish
3701,TWSE,2021-09-08,2021-09-23,DISPOSITION,TWSE_announcement_punish
9105,TWSE,2021-09-01,2021-09-14,DISPOSITION,TWSE_announcement_punish
2013,TWSE,2021-08-30,2021-09-10,DISPOSITION,TWSE_announcement_punish
1734,TWSE,2021-08-10,2021-08-23,DISPOSITION,TWSE_announcement_punish
1783,TWSE,2021-08-04,2021-08-17,DISPOSITION,TWSE_announcement_punish
2609,TWSE,2021-07-29,2021-08-11,DISPOSITION,TWSE_announcement_punish
6226,TWSE,2021-07-27,2021-08-09,DISPOSITION,TWSE_announcement_punish
3035,TWSE,2021-07-15,2021-07-28,DISPOSITION,TWSE_announcement_punish
2614,TWSE,2021-07-14,2021-07-27,DISPOSITION,TWSE_announcement_punish
2486,TWSE,2021-07-12,2021-07-23,DISPOSITION,TWSE_announcement_punish
6573,TWSE,2021-07-12,2021-07-23,DISPOSITION,TWSE_announcement_punish
2025,TWSE,2021-07-08,2021-07-21,DISPOSITION,TWSE_announcement_punish
2603,TWSE,2021-07-07,2021-07-20,DISPOSITION,TWSE_announcement_punish
9188,TWSE,2021-07-07,2021-07-20,DISPOSITION,TWSE_announcement_punish
2023,TWSE,2021-07-06,2021-07-19,DISPOSITION,TWSE_announcement_punish
2032,TWSE,2021-07-06,2021-07-19,DISPOSITION,TWSE_announcement_punish
2069,TWSE,2021-07-06,2021-07-19,DISPOSITION,TWSE_announcement_punish
2024,TWSE,2021-07-05,2021-07-16,DISPOSITION,TWSE_announcement_punish
2025,TWSE,2021-07-05,2021-07-16,DISPOSITION,TWSE_announcement_punish
2007,TWSE,2021-07-02,2021-07-15,DISPOSITION,TWSE_announcement_punish
2030,TWSE,2021-07-02,2021-07-15,DISPOSITION,TWSE_announcement_punish
2033,TWSE,2021-07-02,2021-07-15,DISPOSITION,TWSE_announcement_punish
2022,TWSE,2021-07-01,2021-07-14,DISPOSITION,TWSE_announcement_punish
2607,TWSE,2021-07-01,2021-07-14,DISPOSITION,TWSE_announcement_punish
2611,TWSE,2021-07-01,2021-07-14,DISPOSITION,TWSE_announcement_punish
9110,TWSE,2021-07-01,2021-07-14,DISPOSITION,TWSE_announcement_punish
2612,TWSE,2021-06-30,2021-07-13,DISPOSITION,TWSE_announcement_punish
2601,TWSE,2021-06-29,2021-07-12,DISPOSITION,TWSE_announcement_punish
2613,TWSE,2021-06-29,2021-07-12,DISPOSITION,TWSE_announcement_punish
2605,TWSE,2021-06-28,2021-07-09,DISPOSITION,TWSE_announcement_punish
1455,TWSE,2021-06-25,2021-07-08,DISPOSITION,TWSE_announcement_punish
6756,TWSE,2021-06-25,2021-07-08,DISPOSITION,TWSE_announcement_punish
1905,TWSE,2021-06-24,2021-07-07,DISPOSITION,TWSE_announcement_punish
8429,TWSE,2021-06-24,2021-07-07,DISPOSITION,TWSE_announcement_punish
5608,TWSE,2021-06-23,2021-07-06,DISPOSITION,TWSE_announcement_punish
2609,TWSE,2021-06-22,2021-07-05,DISPOSITION,TWSE_announcement_punish
2614,TWSE,2021-06-22,2021-07-05,DISPOSITION,TWSE_announcement_punish
6756,TWSE,2021-06-22,2021-07-05,DISPOSITION,TWSE_announcement_punish
2603,TWSE,2021-06-18,2021-07-01,DISPOSITION,TWSE_announcement_punish
5608,TWSE,2021-06-18,2021-07-01,DISPOSITION,TWSE_announcement_punish
2614,TWSE,2021-06-17,2021-06-30,DISPOSITION,TWSE_announcement_punish
3530,TWSE,2021-06-09,2021-06-23,DISPOSITION,TWSE_announcement_punish
2028,TWSE,2021-06-07,2021-06-21,DISPOSITION,TWSE_announcement_punish
2038,TWSE,2021-06-07,2021-06-21,DISPOSITION,TWSE_announcement_punish
1455,TWSE,2021-06-04,2021-06-18,DISPOSITION,TWSE_announcement_punish
2465,TWSE,2021-06-04,2021-06-18,DISPOSITION,TWSE_announcement_punish
2636,TWSE,2021-06-03,2021-06-17,DISPOSITION,TWSE_announcement_punish
2642,TWSE,2021-06-03,2021-06-17,DISPOSITION,TWSE_announcement_punish
2014,TWSE,2021-06-02,2021-06-16,DISPOSITION,TWSE_announcement_punish
1435,TWSE,2021-05-31,2021-06-11,DISPOSITION,TWSE_announcement_punish
2491,TWSE,2021-05-31,2021-06-11,DISPOSITION,TWSE_announcement_punish
2615,TWSE,2021-05-31,2021-06-11,DISPOSITION,TWSE_announcement_punish
2642,TWSE,2021-05-31,2021-06-11,DISPOSITION,TWSE_announcement_punish
4746,TWSE,2021-05-31,2021-06-11,DISPOSITION,TWSE_announcement_punish
1760,TWSE,2021-05-21,2021-06-03,DISPOSITION,TWSE_announcement_punish
1475,TWSE,2021-05-19,2021-06-01,DISPOSITION,TWSE_announcement_punish
1732,TWSE,2021-05-19,2021-06-01,DISPOSITION,TWSE_announcement_punish
2617,TWSE,2021-05-19,2021-06-01,DISPOSITION,TWSE_announcement_punish
9103,TWSE,2021-05-19,2021-06-01,DISPOSITION,TWSE_announcement_punish
2929,TWSE,2021-05-13,2021-05-26,DISPOSITION,TWSE_announcement_punish
1441,TWSE,2021-05-06,2021-05-19,DISPOSITION,TWSE_announcement_punish
2495,TWSE,2021-05-04,2021-05-17,DISPOSITION,TWSE_announcement_punish
3060,TWSE,2021-05-03,2021-05-14,DISPOSITION,TWSE_announcement_punish
3536,TWSE,2021-05-03,2021-05-14,DISPOSITION,TWSE_announcement_punish
6116,TWSE,2021-05-03,2021-05-14,DISPOSITION,TWSE_announcement_punish
3057,TWSE,2021-04-29,2021-05-13,DISPOSITION,TWSE_announcement_punish
1616,TWSE,2021-04-28,2021-05-12,DISPOSITION,TWSE_announcement_punish
2543,TWSE,2021-04-27,2021-05-11,DISPOSITION,TWSE_announcement_punish
2601,TWSE,2021-04-27,2021-05-11,DISPOSITION,TWSE_announcement_punish
3060,TWSE,2021-04-27,2021-05-11,DISPOSITION,TWSE_announcement_punish
3536,TWSE,2021-04-27,2021-05-11,DISPOSITION,TWSE_announcement_punish
2033,TWSE,2021-04-26,2021-05-10,DISPOSITION,TWSE_announcement_punish
2605,TWSE,2021-04-26,2021-05-10,DISPOSITION,TWSE_announcement_punish
2637,TWSE,2021-04-26,2021-05-10,DISPOSITION,TWSE_announcement_punish
3661,TWSE,2021-04-26,2021-05-10,DISPOSITION,TWSE_announcement_punish
8261,TWSE,2021-04-26,2021-05-10,DISPOSITION,TWSE_announcement_punish
1616,TWSE,2021-04-23,2021-05-07,DISPOSITION,TWSE_announcement_punish
2017,TWSE,2021-04-23,2021-05-07,DISPOSITION,TWSE_announcement_punish
1608,TWSE,2021-04-22,2021-05-06,DISPOSITION,TWSE_announcement_punish
1905,TWSE,2021-04-22,2021-05-06,DISPOSITION,TWSE_announcement_punish
2007,TWSE,2021-04-22,2021-05-06,DISPOSITION,TWSE_announcement_punish
2022,TWSE,2021-04-22,2021-05-06,DISPOSITION,TWSE_announcement_punish
5608,TWSE,2021-04-22,2021-05-06,DISPOSITION,TWSE_announcement_punish
3661,TWSE,2021-04-21,2021-05-05,DISPOSITION,TWSE_announcement_punish
9110,TWSE,2021-04-20,2021-05-04,DISPOSITION,TWSE_announcement_punish
3138,TWSE,2021-04-19,2021-05-03,DISPOSITION,TWSE_announcement_punish
9105,TWSE,2021-04-19,2021-05-03,DISPOSITION,TWSE_announcement_punish
3661,TWSE,2021-04-16,2021-04-29,DISPOSITION,TWSE_announcement_punish
1418,TWSE,2021-04-14,2021-04-27,DISPOSITION,TWSE_announcement_punish
2108,TWSE,2021-04-14,2021-04-27,DISPOSITION,TWSE_announcement_punish
3006,TWSE,2021-04-14,2021-04-27,DISPOSITION,TWSE_announcement_punish
1471,TWSE,2021-04-13,2021-04-26,DISPOSITION,TWSE_announcement_punish
1517,TWSE,2021-04-13,2021-04-26,DISPOSITION,TWSE_announcement_punish
2014,TWSE,2021-04-13,2021-04-26,DISPOSITION,TWSE_announcement_punish
3046,TWSE,2021-04-13,2021-04-26,DISPOSITION,TWSE_announcement_punish
3058,TWSE,2021-04-13,2021-04-26,DISPOSITION,TWSE_announcement_punish
3308,TWSE,2021-04-13,2021-04-26,DISPOSITION,TWSE_announcement_punish
6582,TWSE,2021-04-13,2021-04-26,DISPOSITION,TWSE_announcement_punish
6668,TWSE,2021-04-13,2021-04-26,DISPOSITION,TWSE_announcement_punish
2399,TWSE,2021-04-12,2021-04-23,DISPOSITION,TWSE_announcement_punish
1438,TWSE,2021-04-09,2021-04-22,DISPOSITION,TWSE_announcement_punish
2108,TWSE,2021-04-09,2021-04-22,DISPOSITION,TWSE_announcement_punish
2457,TWSE,2021-04-09,2021-04-22,DISPOSITION,TWSE_announcement_punish
2465,TWSE,2021-04-09,2021-04-22,DISPOSITION,TWSE_announcement_punish
2609,TWSE,2021-04-09,2021-04-22,DISPOSITION,TWSE_announcement_punish
3149,TWSE,2021-04-09,2021-04-22,DISPOSITION,TWSE_announcement_punish
1517,TWSE,2021-04-08,2021-04-21,DISPOSITION,TWSE_announcement_punish
1592,TWSE,2021-04-07,2021-04-20,DISPOSITION,TWSE_announcement_punish
2597,TWSE,2021-04-07,2021-04-20,DISPOSITION,TWSE_announcement_punish
3021,TWSE,2021-03-29,2021-04-13,DISPOSITION,TWSE_announcement_punish
2491,TWSE,2021-03-26,2021-04-12,DISPOSITION,TWSE_announcement_punish
2929,TWSE,2021-03-26,2021-04-12,DISPOSITION,TWSE_announcement_punish
2399,TWSE,2021-03-25,2021-04-09,DISPOSITION,TWSE_announcement_punish
2415,TWSE,2021-03-25,2021-04-09,DISPOSITION,TWSE_announcement_punish
3383,TWSE,2021-03-25,2021-04-09,DISPOSITION,TWSE_announcement_punish
2489,TWSE,2021-03-24,2021-04-08,DISPOSITION,TWSE_announcement_punish
5608,TWSE,2021-03-24,2021-04-08,DISPOSITION,TWSE_announcement_punish
6283,TWSE,2021-03-24,2021-04-08,DISPOSITION,TWSE_announcement_punish
2457,TWSE,2021-03-23,2021-04-07,DISPOSITION,TWSE_announcement_punish
2491,TWSE,2021-03-23,2021-04-07,DISPOSITION,TWSE_announcement_punish
2609,TWSE,2021-03-23,2021-04-07,DISPOSITION,TWSE_announcement_punish
3094,TWSE,2021-03-23,2021-04-07,DISPOSITION,TWSE_announcement_punish
4961,TWSE,2021-03-23,2021-04-07,DISPOSITION,TWSE_announcement_punish
3545,TWSE,2021-03-18,2021-03-31,DISPOSITION,TWSE_announcement_punish
6533,TWSE,2021-03-17,2021-03-30,DISPOSITION,TWSE_announcement_punish
9105,TWSE,2021-03-17,2021-03-30,DISPOSITION,TWSE_announcement_punish
4571,TWSE,2021-03-08,2021-03-19,DISPOSITION,TWSE_announcement_punish
6541,TWSE,2021-03-04,2021-03-17,DISPOSITION,TWSE_announcement_punish
2939,TWSE,2021-03-03,2021-03-16,DISPOSITION,TWSE_announcement_punish
4571,TWSE,2021-03-03,2021-03-16,DISPOSITION,TWSE_announcement_punish
2375,TWSE,2021-02-26,2021-03-12,DISPOSITION,TWSE_announcement_punish
6541,TWSE,2021-02-26,2021-03-12,DISPOSITION,TWSE_announcement_punish
2465,TWSE,2021-02-25,2021-03-11,DISPOSITION,TWSE_announcement_punish
8427,TWSE,2021-02-24,2021-03-10,DISPOSITION,TWSE_announcement_punish
2009,TWSE,2021-02-23,2021-03-09,DISPOSITION,TWSE_announcement_punish
3138,TWSE,2021-02-22,2021-03-08,DISPOSITION,TWSE_announcement_punish
4961,TWSE,2021-02-22,2021-03-08,DISPOSITION,TWSE_announcement_punish
4576,TWSE,2021-01-29,2021-02-22,DISPOSITION,TWSE_announcement_punish
2354,TWSE,2021-01-19,2021-02-01,DISPOSITION,TWSE_announcement_punish
1533,TWSE,2021-01-15,2021-01-28,DISPOSITION,TWSE_announcement_punish
3138,TWSE,2021-01-14,2021-01-27,DISPOSITION,TWSE_announcement_punish
3661,TWSE,2021-01-12,2021-01-25,DISPOSITION,TWSE_announcement_punish
3138,TWSE,2021-01-11,2021-01-22,DISPOSITION,TWSE_announcement_punish
4961,TWSE,2021-01-11,2021-01-22,DISPOSITION,TWSE_announcement_punish
2611,TWSE,2021-01-07,2021-01-20,DISPOSITION,TWSE_announcement_punish
2415,TWSE,2021-01-06,2021-01-19,DISPOSITION,TWSE_announcement_punish
2609,TWSE,2021-01-05,2021-01-18,DISPOSITION,TWSE_announcement_punish
3149,TWSE,2021-01-04,2021-01-15,DISPOSITION,TWSE_announcement_punish
2038,TWSE,2020-12-30,2021-01-13,DISPOSITION,TWSE_announcement_punish
2609,TWSE,2020-12-30,2021-01-13,DISPOSITION,TWSE_announcement_punish
6164,TWSE,2020-12-30,2021-01-13,DISPOSITION,TWSE_announcement_punish
4119,TWSE,2020-12-29,2021-01-12,DISPOSITION,TWSE_announcement_punish
5608,TWSE,2020-12-29,2021-01-12,DISPOSITION,TWSE_announcement_punish
1475,TWSE,2020-12-25,2021-01-08,DISPOSITION,TWSE_announcement_punish
2009,TWSE,2020-12-25,2021-01-08,DISPOSITION,TWSE_announcement_punish
5608,TWSE,2020-12-24,2021-01-07,DISPOSITION,TWSE_announcement_punish
4961,TWSE,2020-12-17,2020-12-30,DISPOSITION,TWSE_announcement_punish
2929,TWSE,2020-12-15,2020-12-28,DISPOSITION,TWSE_announcement_punish
4961,TWSE,2020-12-14,2020-12-25,DISPOSITION,TWSE_announcement_punish
2929,TWSE,2020-12-10,2020-12-23,DISPOSITION,TWSE_announcement_punish
2363,TWSE,2020-12-09,2020-12-22,DISPOSITION,TWSE_announcement_punish
2939,TWSE,2020-12-08,2020-12-21,DISPOSITION,TWSE_announcement_punish
6443,TWSE,2020-12-08,2020-12-21,DISPOSITION,TWSE_announcement_punish
1456,TWSE,2020-12-03,2020-12-16,DISPOSITION,TWSE_announcement_punish
3025,TWSE,2020-12-03,2020-12-16,DISPOSITION,TWSE_announcement_punish
5531,TWSE,2020-12-03,2020-12-16,DISPOSITION,TWSE_announcement_punish
2009,TWSE,2020-12-02,2020-12-15,DISPOSITION,TWSE_announcement_punish
1456,TWSE,2020-11-30,2020-12-11,DISPOSITION,TWSE_announcement_punish
5531,TWSE,2020-11-30,2020-12-11,DISPOSITION,TWSE_announcement_punish
3229,TWSE,2020-11-26,2020-12-09,DISPOSITION,TWSE_announcement_punish
3530,TWSE,2020-11-26,2020-12-09,DISPOSITION,TWSE_announcement_punish
6533,TWSE,2020-11-26,2020-12-09,DISPOSITION,TWSE_announcement_punish
3622,TWSE,2020-11-24,2020-12-07,DISPOSITION,TWSE_announcement_punish
6533,TWSE,2020-11-23,2020-12-04,DISPOSITION,TWSE_announcement_punish
2028,TWSE,2020-11-19,2020-12-02,DISPOSITION,TWSE_announcement_punish
2497,TWSE,2020-11-17,2020-11-30,DISPOSITION,TWSE_announcement_punish
3669,TWSE,2020-11-12,2020-11-25,DISPOSITION,TWSE_announcement_punish
1414,TWSE,2020-11-11,2020-11-24,DISPOSITION,TWSE_announcement_punish
9103,TWSE,2020-11-09,2020-11-20,DISPOSITION,TWSE_announcement_punish
9105,TWSE,2020-11-09,2020-11-20,DISPOSITION,TWSE_announcement_punish
2424,TWSE,2020-10-29,2020-11-11,DISPOSITION,TWSE_announcement_punish
2321,TWSE,2020-10-22,2020-11-04,DISPOSITION,TWSE_announcement_punish
2406,TWSE,2020-10-19,2020-10-30,DISPOSITION,TWSE_announcement_punish
3686,TWSE,2020-10-15,2020-10-28,DISPOSITION,TWSE_announcement_punish
6443,TWSE,2020-10-15,2020-10-28,DISPOSITION,TWSE_announcement_punish
6477,TWSE,2020-10-15,2020-10-28,DISPOSITION,TWSE_announcement_punish
3043,TWSE,2020-10-08,2020-10-22,DISPOSITION,TWSE_announcement_punish
6283,TWSE,2020-10-07,2020-10-21,DISPOSITION,TWSE_announcement_punish
1466,TWSE,2020-10-06,2020-10-20,DISPOSITION,TWSE_announcement_punish
9103,TWSE,2020-09-25,2020-10-13,DISPOSITION,TWSE_announcement_punish
9105,TWSE,2020-09-25,2020-10-13,DISPOSITION,TWSE_announcement_punish
9110,TWSE,2020-09-25,2020-10-13,DISPOSITION,TWSE_announcement_punish
9136,TWSE,2020-09-25,2020-10-13,DISPOSITION,TWSE_announcement_punish
9188,TWSE,2020-09-25,2020-10-13,DISPOSITION,TWSE_announcement_punish
1337,TWSE,2020-09-25,2020-10-13,DISPOSITION,TWSE_announcement_punish
1471,TWSE,2020-09-25,2020-10-13,DISPOSITION,TWSE_announcement_punish
2321,TWSE,2020-09-25,2020-10-13,DISPOSITION,TWSE_announcement_punish
2364,TWSE,2020-09-25,2020-10-13,DISPOSITION,TWSE_announcement_punish
9188,TWSE,2020-09-24,2020-10-12,DISPOSITION,TWSE_announcement_punish
6289,TWSE,2020-09-23,2020-10-08,DISPOSITION,TWSE_announcement_punish
9105,TWSE,2020-09-23,2020-10-08,DISPOSITION,TWSE_announcement_punish
9110,TWSE,2020-09-23,2020-10-08,DISPOSITION,TWSE_announcement_punish
1471,TWSE,2020-09-22,2020-10-07,DISPOSITION,TWSE_announcement_punish
2321,TWSE,2020-09-22,2020-10-07,DISPOSITION,TWSE_announcement_punish
9136,TWSE,2020-09-21,2020-10-06,DISPOSITION,TWSE_announcement_punish
9188,TWSE,2020-09-21,2020-10-06,DISPOSITION,TWSE_announcement_punish
6289,TWSE,2020-09-18,2020-10-05,DISPOSITION,TWSE_announcement_punish
9105,TWSE,2020-09-18,2020-10-05,DISPOSITION,TWSE_announcement_punish
3536,TWSE,2020-09-15,2020-09-28,DISPOSITION,TWSE_announcement_punish
3682,TWSE,2020-09-15,2020-09-28,DISPOSITION,TWSE_announcement_punish
8101,TWSE,2020-09-15,2020-09-28,DISPOSITION,TWSE_announcement_punish
9105,TWSE,2020-09-15,2020-09-28,DISPOSITION,TWSE_announcement_punish
3043,TWSE,2020-09-14,2020-09-25,DISPOSITION,TWSE_announcement_punish
3686,TWSE,2020-09-14,2020-09-25,DISPOSITION,TWSE_announcement_punish
2406,TWSE,2020-09-11,2020-09-24,DISPOSITION,TWSE_announcement_punish
3536,TWSE,2020-09-10,2020-09-23,DISPOSITION,TWSE_announcement_punish
3043,TWSE,2020-09-09,2020-09-22,DISPOSITION,TWSE_announcement_punish
5906,TWSE,2020-09-09,2020-09-22,DISPOSITION,TWSE_announcement_punish
2007,TWSE,2020-09-08,2020-09-21,DISPOSITION,TWSE_announcement_punish
4934,TWSE,2020-09-07,2020-09-18,DISPOSITION,TWSE_announcement_punish
4976,TWSE,2020-09-07,2020-09-18,DISPOSITION,TWSE_announcement_punish
9188,TWSE,2020-09-07,2020-09-18,DISPOSITION,TWSE_announcement_punish
3043,TWSE,2020-09-04,2020-09-17,DISPOSITION,TWSE_announcement_punish
3712,TWSE,2020-09-04,2020-09-17,DISPOSITION,TWSE_announcement_punish
3043,TWSE,2020-09-01,2020-09-14,DISPOSITION,TWSE_announcement_punish
9105,TWSE,2020-09-01,2020-09-14,DISPOSITION,TWSE_announcement_punish
9110,TWSE,2020-08-28,2020-09-10,DISPOSITION,TWSE_announcement_punish
3043,TWSE,2020-08-26,2020-09-08,DISPOSITION,TWSE_announcement_punish
1598,TWSE,2020-08-25,2020-09-07,DISPOSITION,TWSE_announcement_punish
9105,TWSE,2020-08-25,2020-09-07,DISPOSITION,TWSE_announcement_punish
2417,TWSE,2020-08-24,2020-09-04,DISPOSITION,TWSE_announcement_punish
9103,TWSE,2020-08-24,2020-09-04,DISPOSITION,TWSE_announcement_punish
9188,TWSE,2020-08-24,2020-09-04,DISPOSITION,TWSE_announcement_punish
1432,TWSE,2020-08-21,2020-09-03,DISPOSITION,TWSE_announcement_punish
3686,TWSE,2020-08-19,2020-09-01,DISPOSITION,TWSE_announcement_punish
9103,TWSE,2020-08-19,2020-09-01,DISPOSITION,TWSE_announcement_punish
6452,TWSE,2020-08-14,2020-08-27,DISPOSITION,TWSE_announcement_punish
1471,TWSE,2020-08-12,2020-08-25,DISPOSITION,TWSE_announcement_punish
1444,TWSE,2020-08-11,2020-08-24,DISPOSITION,TWSE_announcement_punish
2417,TWSE,2020-08-11,2020-08-24,DISPOSITION,TWSE_announcement_punish
3669,TWSE,2020-08-11,2020-08-24,DISPOSITION,TWSE_announcement_punish
9103,TWSE,2020-08-11,2020-08-24,DISPOSITION,TWSE_announcement_punish
4133,TWSE,2020-08-10,2020-08-21,DISPOSITION,TWSE_announcement_punish
2371,TWSE,2020-08-07,2020-08-20,DISPOSITION,TWSE_announcement_punish
3043,TWSE,2020-08-06,2020-08-19,DISPOSITION,TWSE_announcement_punish
9103,TWSE,2020-08-06,2020-08-19,DISPOSITION,TWSE_announcement_punish
5215,TWSE,2020-08-03,2020-08-14,DISPOSITION,TWSE_announcement_punish
1213,TWSE,2020-07-24,2020-08-06,DISPOSITION,TWSE_announcement_punish
1325,TWSE,2020-07-24,2020-08-06,DISPOSITION,TWSE_announcement_punish
3043,TWSE,2020-07-23,2020-08-05,DISPOSITION,TWSE_announcement_punish
1734,TWSE,2020-07-22,2020-08-04,DISPOSITION,TWSE_announcement_punish
1213,TWSE,2020-07-21,2020-08-03,DISPOSITION,TWSE_announcement_punish
3321,TWSE,2020-07-21,2020-08-03,DISPOSITION,TWSE_announcement_punish
4133,TWSE,2020-07-21,2020-08-03,DISPOSITION,TWSE_announcement_punish
6131,TWSE,2020-07-21,2020-08-03,DISPOSITION,TWSE_announcement_punish
6443,TWSE,2020-07-17,2020-07-30,DISPOSITION,TWSE_announcement_punish
6477,TWSE,2020-07-17,2020-07-30,DISPOSITION,TWSE_announcement_punish
3686,TWSE,2020-07-15,2020-07-28,DISPOSITION,TWSE_announcement_punish
1734,TWSE,2020-07-14,2020-07-27,DISPOSITION,TWSE_announcement_punish
1903,TWSE,2020-07-13,2020-07-24,DISPOSITION,TWSE_announcement_punish
4133,TWSE,2020-07-13,2020-07-24,DISPOSITION,TWSE_announcement_punish
2464,TWSE,2020-07-10,2020-07-23,DISPOSITION,TWSE_announcement_punish
3321,TWSE,2020-07-10,2020-07-23,DISPOSITION,TWSE_announcement_punish
4968,TWSE,2020-07-10,2020-07-23,DISPOSITION,TWSE_announcement_punish
6674,TWSE,2020-07-10,2020-07-23,DISPOSITION,TWSE_announcement_punish
9103,TWSE,2020-07-10,2020-07-23,DISPOSITION,TWSE_announcement_punish
9906,TWSE,2020-07-10,2020-07-23,DISPOSITION,TWSE_announcement_punish
1734,TWSE,2020-07-09,2020-07-22,DISPOSITION,TWSE_announcement_punish
3041,TWSE,2020-07-09,2020-07-22,DISPOSITION,TWSE_announcement_punish
3712,TWSE,2020-07-08,2020-07-21,DISPOSITION,TWSE_announcement_punish
3321,TWSE,2020-07-07,2020-07-20,DISPOSITION,TWSE_announcement_punish
9103,TWSE,2020-07-07,2020-07-20,DISPOSITION,TWSE_announcement_punish
3712,TWSE,2020-07-03,2020-07-16,DISPOSITION,TWSE_announcement_punish
1475,TWSE,2020-07-02,2020-07-15,DISPOSITION,TWSE_announcement_punish
3321,TWSE,2020-07-02,2020-07-15,DISPOSITION,TWSE_announcement_punish
9105,TWSE,2020-07-01,2020-07-14,DISPOSITION,TWSE_announcement_punish
3661,TWSE,2020-06-30,2020-07-13,DISPOSITION,TWSE_announcement_punish
4133,TWSE,2020-06-30,2020-07-13,DISPOSITION,TWSE_announcement_punish
1423,TWSE,2020-06-24,2020-07-09,DISPOSITION,TWSE_announcement_punish
3712,TWSE,2020-06-24,2020-07-09,DISPOSITION,TWSE_announcement_punish
6209,TWSE,2020-06-24,2020-07-09,DISPOSITION,TWSE_announcement_punish
6531,TWSE,2020-06-24,2020-07-09,DISPOSITION,TWSE_announcement_punish
2390,TWSE,2020-06-23,2020-07-08,DISPOSITION,TWSE_announcement_punish
1474,TWSE,2020-06-22,2020-07-07,DISPOSITION,TWSE_announcement_punish
4414,TWSE,2020-06-22,2020-07-07,DISPOSITION,TWSE_announcement_punish
1466,TWSE,2020-06-19,2020-07-06,DISPOSITION,TWSE_announcement_punish
1467,TWSE,2020-06-19,2020-07-06,DISPOSITION,TWSE_announcement_punish
1468,TWSE,2020-06-17,2020-07-02,DISPOSITION,TWSE_announcement_punish
1467,TWSE,2020-06-16,2020-07-01,DISPOSITION,TWSE_announcement_punish
2417,TWSE,2020-06-15,2020-06-30,DISPOSITION,TWSE_announcement_punish
2424,TWSE,2020-06-12,2020-06-29,DISPOSITION,TWSE_announcement_punish
1466,TWSE,2020-06-09,2020-06-22,DISPOSITION,TWSE_announcement_punish
1467,TWSE,2020-06-09,2020-06-22,DISPOSITION,TWSE_announcement_punish
6531,TWSE,2020-06-08,2020-06-19,DISPOSITION,TWSE_announcement_punish
1466,TWSE,2020-06-04,2020-06-17,DISPOSITION,TWSE_announcement_punish
2722,TWSE,2020-06-02,2020-06-15,DISPOSITION,TWSE_announcement_punish
2712,TWSE,2020-06-01,2020-06-12,DISPOSITION,TWSE_announcement_punish
9103,TWSE,2020-05-29,2020-06-11,DISPOSITION,TWSE_announcement_punish
1526,TWSE,2020-05-27,2020-06-09,DISPOSITION,TWSE_announcement_punish
4142,TWSE,2020-05-27,2020-06-09,DISPOSITION,TWSE_announcement_punish
9919,TWSE,2020-05-27,2020-06-09,DISPOSITION,TWSE_announcement_punish
1325,TWSE,2020-05-26,2020-06-08,DISPOSITION,TWSE_announcement_punish
4725,TWSE,2020-05-26,2020-06-08,DISPOSITION,TWSE_announcement_punish
1512,TWSE,2020-05-22,2020-06-04,DISPOSITION,TWSE_announcement_punish
9103,TWSE,2020-05-22,2020-06-04,DISPOSITION,TWSE_announcement_punish
1325,TWSE,2020-05-21,2020-06-03,DISPOSITION,TWSE_announcement_punish
4142,TWSE,2020-05-21,2020-06-03,DISPOSITION,TWSE_announcement_punish
9105,TWSE,2020-05-19,2020-06-01,DISPOSITION,TWSE_announcement_punish
1732,TWSE,2020-05-13,2020-05-26,DISPOSITION,TWSE_announcement_punish
9103,TWSE,2020-05-11,2020-05-22,DISPOSITION,TWSE_announcement_punish
9919,TWSE,2020-05-08,2020-05-21,DISPOSITION,TWSE_announcement_punish
1307,TWSE,2020-05-07,2020-05-20,DISPOSITION,TWSE_announcement_punish
3040,TWSE,2020-05-07,2020-05-20,DISPOSITION,TWSE_announcement_punish
4956,TWSE,2020-05-07,2020-05-20,DISPOSITION,TWSE_announcement_punish
1325,TWSE,2020-05-06,2020-05-19,DISPOSITION,TWSE_announcement_punish
4148,TWSE,2020-05-06,2020-05-19,DISPOSITION,TWSE_announcement_punish
6531,TWSE,2020-05-05,2020-05-18,DISPOSITION,TWSE_announcement_punish
9919,TWSE,2020-05-05,2020-05-18,DISPOSITION,TWSE_announcement_punish
9944,TWSE,2020-05-05,2020-05-18,DISPOSITION,TWSE_announcement_punish
1475,TWSE,2020-05-04,2020-05-15,DISPOSITION,TWSE_announcement_punish
4956,TWSE,2020-05-04,2020-05-15,DISPOSITION,TWSE_announcement_punish
9105,TWSE,2020-05-04,2020-05-15,DISPOSITION,TWSE_announcement_punish
1325,TWSE,2020-04-30,2020-05-14,DISPOSITION,TWSE_announcement_punish
1325,TWSE,2020-04-24,2020-05-08,DISPOSITION,TWSE_announcement_punish
9103,TWSE,2020-04-24,2020-05-08,DISPOSITION,TWSE_announcement_punish
1475,TWSE,2020-04-21,2020-05-05,DISPOSITION,TWSE_announcement_punish
3046,TWSE,2020-04-20,2020-05-04,DISPOSITION,TWSE_announcement_punish
1472,TWSE,2020-04-16,2020-04-29,DISPOSITION,TWSE_announcement_punish
1460,TWSE,2020-04-13,2020-04-24,DISPOSITION,TWSE_announcement_punish
9103,TWSE,2020-04-10,2020-04-23,DISPOSITION,TWSE_announcement_punish
9105,TWSE,2020-04-10,2020-04-23,DISPOSITION,TWSE_announcement_punish
4960,TWSE,2020-04-08,2020-04-21,DISPOSITION,TWSE_announcement_punish
2302,TWSE,2020-04-01,2020-04-16,DISPOSITION,TWSE_announcement_punish
6415,TWSE,2020-03-30,2020-04-14,DISPOSITION,TWSE_announcement_punish
1472,TWSE,2020-03-26,2020-04-10,DISPOSITION,TWSE_announcement_punish
4746,TWSE,2020-03-26,2020-04-10,DISPOSITION,TWSE_announcement_punish
3321,TWSE,2020-03-25,2020-04-09,DISPOSITION,TWSE_announcement_punish
9946,TWSE,2020-03-25,2020-04-09,DISPOSITION,TWSE_announcement_punish
2231,TWSE,2020-03-24,2020-04-08,DISPOSITION,TWSE_announcement_punish
2630,TWSE,2020-03-24,2020-04-08,DISPOSITION,TWSE_announcement_punish
4807,TWSE,2020-03-24,2020-04-08,DISPOSITION,TWSE_announcement_punish
1472,TWSE,2020-03-23,2020-04-07,DISPOSITION,TWSE_announcement_punish
3046,TWSE,2020-03-23,2020-04-07,DISPOSITION,TWSE_announcement_punish
6414,TWSE,2020-03-23,2020-04-07,DISPOSITION,TWSE_announcement_punish
6698,TWSE,2020-03-23,2020-04-07,DISPOSITION,TWSE_announcement_punish
1795,TWSE,2020-03-20,2020-04-06,DISPOSITION,TWSE_announcement_punish
3321,TWSE,2020-03-20,2020-04-06,DISPOSITION,TWSE_announcement_punish
3504,TWSE,2020-03-20,2020-04-06,DISPOSITION,TWSE_announcement_punish
6558,TWSE,2020-03-20,2020-04-06,DISPOSITION,TWSE_announcement_punish
9935,TWSE,2020-03-20,2020-04-06,DISPOSITION,TWSE_announcement_punish
2231,TWSE,2020-03-19,2020-04-01,DISPOSITION,TWSE_announcement_punish
4739,TWSE,2020-03-19,2020-04-01,DISPOSITION,TWSE_announcement_punish
6283,TWSE,2020-03-19,2020-04-01,DISPOSITION,TWSE_announcement_punish
3046,TWSE,2020-03-18,2020-03-31,DISPOSITION,TWSE_announcement_punish
4994,TWSE,2020-03-18,2020-03-31,DISPOSITION,TWSE_announcement_punish
1732,TWSE,2020-03-04,2020-03-17,DISPOSITION,TWSE_announcement_punish
9103,TWSE,2020-03-02,2020-03-13,DISPOSITION,TWSE_announcement_punish
9103,TWSE,2020-02-13,2020-02-26,DISPOSITION,TWSE_announcement_punish
9105,TWSE,2020-02-12,2020-02-25,DISPOSITION,TWSE_announcement_punish
1325,TWSE,2020-02-10,2020-02-21,DISPOSITION,TWSE_announcement_punish
1475,TWSE,2020-02-06,2020-02-19,DISPOSITION,TWSE_announcement_punish
3682,TWSE,2020-02-06,2020-02-19,DISPOSITION,TWSE_announcement_punish
1325,TWSE,2020-02-05,2020-02-18,DISPOSITION,TWSE_announcement_punish
9919,TWSE,2020-02-05,2020-02-18,DISPOSITION,TWSE_announcement_punish
9944,TWSE,2020-02-05,2020-02-18,DISPOSITION,TWSE_announcement_punish
1732,TWSE,2020-02-04,2020-02-17,DISPOSITION,TWSE_announcement_punish
1475,TWSE,2020-02-03,2020-02-14,DISPOSITION,TWSE_announcement_punish
2429,TWSE,2020-01-30,2020-02-12,DISPOSITION,TWSE_announcement_punish
1475,TWSE,2020-01-20,2020-02-11,DISPOSITION,TWSE_announcement_punish
3383,TWSE,2020-01-20,2020-02-11,DISPOSITION,TWSE_announcement_punish
2429,TWSE,2020-01-16,2020-02-07,DISPOSITION,TWSE_announcement_punish
1475,TWSE,2020-01-15,2020-02-06,DISPOSITION,TWSE_announcement_punish
9103,TWSE,2020-01-09,2020-01-31,DISPOSITION,TWSE_announcement_punish
8101,TWSE,2019-12-31,2020-01-14,DISPOSITION,TWSE_announcement_punish
5906,TWSE,2019-12-26,2020-01-09,DISPOSITION,TWSE_announcement_punish
9105,TWSE,2019-12-26,2020-01-09,DISPOSITION,TWSE_announcement_punish
2438,TWSE,2019-12-18,2019-12-31,DISPOSITION,TWSE_announcement_punish
3593,TWSE,2019-12-10,2019-12-23,DISPOSITION,TWSE_announcement_punish
6531,TWSE,2019-12-06,2019-12-19,DISPOSITION,TWSE_announcement_punish
6131,TWSE,2019-11-12,2019-11-25,DISPOSITION,TWSE_announcement_punish
1449,TWSE,2019-11-06,2019-11-19,DISPOSITION,TWSE_announcement_punish
2504,TWSE,2019-10-21,2019-11-01,DISPOSITION,TWSE_announcement_punish
8463,TWSE,2019-10-21,2019-11-01,DISPOSITION,TWSE_announcement_punish
5259,TWSE,2019-10-16,2019-10-29,DISPOSITION,TWSE_announcement_punish
9157,TWSE,2019-10-14,2019-10-25,DISPOSITION,TWSE_announcement_punish
9105,TWSE,2019-10-08,2019-10-23,DISPOSITION,TWSE_announcement_punish
4968,TWSE,2019-10-07,2019-10-22,DISPOSITION,TWSE_announcement_punish
2429,TWSE,2019-09-27,2019-10-14,DISPOSITION,TWSE_announcement_punish
4968,TWSE,2019-08-22,2019-09-04,DISPOSITION,TWSE_announcement_punish
5259,TWSE,2019-08-01,2019-08-14,DISPOSITION,TWSE_announcement_punish
5259,TWSE,2019-07-29,2019-08-09,DISPOSITION,TWSE_announcement_punish
8488,TWSE,2019-07-29,2019-08-09,DISPOSITION,TWSE_announcement_punish
5259,TWSE,2019-07-24,2019-08-06,DISPOSITION,TWSE_announcement_punish
2491,TWSE,2019-07-12,2019-07-25,DISPOSITION,TWSE_announcement_punish
2406,TWSE,2019-05-22,2019-06-04,DISPOSITION,TWSE_announcement_punish
3519,TWSE,2019-04-29,2019-05-13,DISPOSITION,TWSE_announcement_punish
2475,TWSE,2019-04-24,2019-05-08,DISPOSITION,TWSE_announcement_punish
5258,TWSE,2019-04-22,2019-05-06,DISPOSITION,TWSE_announcement_punish
3338,TWSE,2019-04-18,2019-05-02,DISPOSITION,TWSE_announcement_punish
6131,TWSE,2019-04-02,2019-04-17,DISPOSITION,TWSE_announcement_punish
3535,TWSE,2019-04-01,2019-04-16,DISPOSITION,TWSE_announcement_punish
6131,TWSE,2019-03-28,2019-04-12,DISPOSITION,TWSE_announcement_punish
3535,TWSE,2019-03-27,2019-04-11,DISPOSITION,TWSE_announcement_punish
1438,TWSE,2019-03-14,2019-03-27,DISPOSITION,TWSE_announcement_punish
1626,TWSE,2019-03-06,2019-03-19,DISPOSITION,TWSE_announcement_punish
1418,TWSE,2019-02-25,2019-03-12,DISPOSITION,TWSE_announcement_punish
3519,TWSE,2019-01-28,2019-02-19,DISPOSITION,TWSE_announcement_punish
8467,TWSE,2018-12-21,2019-01-04,DISPOSITION,TWSE_announcement_punish
5328,TPEx,2019-12-30,2020-01-13,DISPOSITION,TPEX_bulletin_disposal
8034,TPEx,2019-12-30,2020-01-13,DISPOSITION,TPEX_bulletin_disposal
5383,TPEx,2019-12-27,2020-01-10,DISPOSITION,TPEX_bulletin_disposal
3374,TPEx,2019-12-26,2020-01-09,DISPOSITION,TPEX_bulletin_disposal
3680,TPEx,2019-12-20,2020-01-03,DISPOSITION,TPEX_bulletin_disposal
3131,TPEx,2019-12-17,2019-12-30,DISPOSITION,TPEX_bulletin_disposal
5309,TPEx,2019-12-13,2019-12-26,DISPOSITION,TPEX_bulletin_disposal
3631,TPEx,2019-12-11,2019-12-24,DISPOSITION,TPEX_bulletin_disposal
5309,TPEx,2019-12-10,2019-12-23,DISPOSITION,TPEX_bulletin_disposal
6497,TPEx,2019-12-09,2019-12-20,DISPOSITION,TPEX_bulletin_disposal
3680,TPEx,2019-12-06,2019-12-19,DISPOSITION,TPEX_bulletin_disposal
8182,TPEx,2019-12-06,2019-12-19,DISPOSITION,TPEX_bulletin_disposal
3288,TPEx,2019-12-04,2019-12-17,DISPOSITION,TPEX_bulletin_disposal
6169,TPEx,2019-12-04,2019-12-17,DISPOSITION,TPEX_bulletin_disposal
6497,TPEx,2019-12-04,2019-12-17,DISPOSITION,TPEX_bulletin_disposal
3374,TPEx,2019-11-28,2019-12-11,DISPOSITION,TPEX_bulletin_disposal
6130,TPEx,2019-11-20,2019-12-03,DISPOSITION,TPEX_bulletin_disposal
8040,TPEx,2019-11-15,2019-11-28,DISPOSITION,TPEX_bulletin_disposal
8086,TPEx,2019-11-12,2019-11-25,DISPOSITION,TPEX_bulletin_disposal
4304,TPEx,2019-11-06,2019-11-19,DISPOSITION,TPEX_bulletin_disposal
6649,TPEx,2019-11-06,2019-11-19,DISPOSITION,TPEX_bulletin_disposal
3374,TPEx,2019-10-31,2019-11-13,DISPOSITION,TPEX_bulletin_disposal
4903,TPEx,2019-10-25,2019-11-07,DISPOSITION,TPEX_bulletin_disposal
4908,TPEx,2019-10-24,2019-11-06,DISPOSITION,TPEX_bulletin_disposal
8086,TPEx,2019-10-23,2019-11-05,DISPOSITION,TPEX_bulletin_disposal
4502,TPEx,2019-10-22,2019-11-04,DISPOSITION,TPEX_bulletin_disposal
3629,TPEx,2019-10-17,2019-10-30,DISPOSITION,TPEX_bulletin_disposal
6426,TPEx,2019-10-15,2019-10-28,DISPOSITION,TPEX_bulletin_disposal
4429,TPEx,2019-10-07,2019-10-22,DISPOSITION,TPEX_bulletin_disposal
3629,TPEx,2019-10-02,2019-10-17,DISPOSITION,TPEX_bulletin_disposal
3629,TPEx,2019-09-26,2019-10-09,DISPOSITION,TPEX_bulletin_disposal
3629,TPEx,2019-09-23,2019-10-04,DISPOSITION,TPEX_bulletin_disposal
5487,TPEx,2019-09-19,2019-10-02,DISPOSITION,TPEX_bulletin_disposal
3191,TPEx,2019-09-17,2019-09-30,DISPOSITION,TPEX_bulletin_disposal
6231,TPEx,2019-09-03,2019-09-17,DISPOSITION,TPEX_bulletin_disposal
4529,TPEx,2019-08-29,2019-09-11,DISPOSITION,TPEX_bulletin_disposal
5498,TPEx,2019-08-29,2019-09-11,DISPOSITION,TPEX_bulletin_disposal
6231,TPEx,2019-08-29,2019-09-11,DISPOSITION,TPEX_bulletin_disposal
6497,TPEx,2019-08-28,2019-09-10,DISPOSITION,TPEX_bulletin_disposal
6683,TPEx,2019-08-28,2019-09-10,DISPOSITION,TPEX_bulletin_disposal
6497,TPEx,2019-08-23,2019-09-05,DISPOSITION,TPEX_bulletin_disposal
6683,TPEx,2019-08-23,2019-09-05,DISPOSITION,TPEX_bulletin_disposal
6426,TPEx,2019-08-22,2019-09-04,DISPOSITION,TPEX_bulletin_disposal
3293,TPEx,2019-08-15,2019-08-28,DISPOSITION,TPEX_bulletin_disposal
6510,TPEx,2019-08-13,2019-08-26,DISPOSITION,TPEX_bulletin_disposal
3162,TPEx,2019-08-05,2019-08-16,DISPOSITION,TPEX_bulletin_disposal
2734,TPEx,2019-07-26,2019-08-08,DISPOSITION,TPEX_bulletin_disposal
4433,TPEx,2019-07-23,2019-08-05,DISPOSITION,TPEX_bulletin_disposal
6150,TPEx,2019-07-15,2019-07-26,DISPOSITION,TPEX_bulletin_disposal
3630,TPEx,2019-07-04,2019-07-17,DISPOSITION,TPEX_bulletin_disposal
5310,TPEx,2019-06-25,2019-07-08,DISPOSITION,TPEX_bulletin_disposal
6150,TPEx,2019-06-24,2019-07-05,DISPOSITION,TPEX_bulletin_disposal
5383,TPEx,2019-06-06,2019-06-20,DISPOSITION,TPEX_bulletin_disposal
4402,TPEx,2019-05-23,2019-06-05,DISPOSITION,TPEX_bulletin_disposal
6150,TPEx,2019-05-21,2019-06-03,DISPOSITION,TPEX_bulletin_disposal
5310,TPEx,2019-05-17,2019-05-30,DISPOSITION,TPEX_bulletin_disposal
6240,TPEx,2019-05-17,2019-05-30,DISPOSITION,TPEX_bulletin_disposal
3630,TPEx,2019-05-14,2019-05-27,DISPOSITION,TPEX_bulletin_disposal
5340,TPEx,2019-05-07,2019-05-20,DISPOSITION,TPEX_bulletin_disposal
6158,TPEx,2019-05-02,2019-05-15,DISPOSITION,TPEX_bulletin_disposal
3483,TPEx,2019-04-30,2019-05-14,DISPOSITION,TPEX_bulletin_disposal
8059,TPEx,2019-04-30,2019-05-14,DISPOSITION,TPEX_bulletin_disposal
5450,TPEx,2019-04-24,2019-05-08,DISPOSITION,TPEX_bulletin_disposal
3520,TPEx,2019-04-16,2019-04-29,DISPOSITION,TPEX_bulletin_disposal
5432,TPEx,2019-04-16,2019-04-29,DISPOSITION,TPEX_bulletin_disposal
3219,TPEx,2019-04-15,2019-04-26,DISPOSITION,TPEX_bulletin_disposal
4433,TPEx,2019-04-11,2019-04-24,DISPOSITION,TPEX_bulletin_disposal
4523,TPEx,2019-04-10,2019-04-23,DISPOSITION,TPEX_bulletin_disposal
6538,TPEx,2019-04-09,2019-04-22,DISPOSITION,TPEX_bulletin_disposal
3086,TPEx,2019-04-08,2019-04-19,DISPOSITION,TPEX_bulletin_disposal
3483,TPEx,2019-04-03,2019-04-18,DISPOSITION,TPEX_bulletin_disposal
4415,TPEx,2019-04-02,2019-04-17,DISPOSITION,TPEX_bulletin_disposal
3555,TPEx,2019-03-29,2019-04-15,DISPOSITION,TPEX_bulletin_disposal
4415,TPEx,2019-03-28,2019-04-12,DISPOSITION,TPEX_bulletin_disposal
4415,TPEx,2019-03-25,2019-04-09,DISPOSITION,TPEX_bulletin_disposal
5278,TPEx,2019-03-19,2019-04-01,DISPOSITION,TPEX_bulletin_disposal
3630,TPEx,2019-03-18,2019-03-29,DISPOSITION,TPEX_bulletin_disposal
4419,TPEx,2019-03-04,2019-03-15,DISPOSITION,TPEX_bulletin_disposal
5340,TPEx,2019-03-04,2019-03-15,DISPOSITION,TPEX_bulletin_disposal
3147,TPEx,2019-02-27,2019-03-14,DISPOSITION,TPEX_bulletin_disposal
5450,TPEx,2019-02-26,2019-03-13,DISPOSITION,TPEX_bulletin_disposal
3324,TPEx,2019-02-18,2019-03-05,DISPOSITION,TPEX_bulletin_disposal
6188,TPEx,2019-02-15,2019-03-04,DISPOSITION,TPEX_bulletin_disposal
3465,TPEx,2019-02-13,2019-02-26,DISPOSITION,TPEX_bulletin_disposal
5475,TPEx,2019-02-11,2019-02-22,DISPOSITION,TPEX_bulletin_disposal
3324,TPEx,2019-01-18,2019-02-11,DISPOSITION,TPEX_bulletin_disposal
3630,TPEx,2019-01-16,2019-01-29,DISPOSITION,TPEX_bulletin_disposal
4903,TPEx,2019-01-09,2019-01-22,DISPOSITION,TPEX_bulletin_disposal
3313,TPEx,2019-01-08,2019-01-21,DISPOSITION,TPEX_bulletin_disposal
5450,TPEx,2019-01-08,2019-01-21,DISPOSITION,TPEX_bulletin_disposal
3313,TPEx,2019-01-03,2019-01-16,DISPOSITION,TPEX_bulletin_disposal
6237,TPEx,2020-12-31,2021-01-14,DISPOSITION,TPEX_bulletin_disposal
6103,TPEx,2020-12-30,2021-01-13,DISPOSITION,TPEX_bulletin_disposal
6237,TPEx,2020-12-28,2021-01-11,DISPOSITION,TPEX_bulletin_disposal
5386,TPEx,2020-12-22,2021-01-05,DISPOSITION,TPEX_bulletin_disposal
6204,TPEx,2020-12-21,2021-01-04,DISPOSITION,TPEX_bulletin_disposal
8472,TPEx,2020-12-18,2020-12-31,DISPOSITION,TPEX_bulletin_disposal
6287,TPEx,2020-12-17,2020-12-30,DISPOSITION,TPEX_bulletin_disposal
3522,TPEx,2020-12-14,2020-12-25,DISPOSITION,TPEX_bulletin_disposal
6150,TPEx,2020-12-11,2020-12-24,DISPOSITION,TPEX_bulletin_disposal
3666,TPEx,2020-12-04,2020-12-17,DISPOSITION,TPEX_bulletin_disposal
5468,TPEx,2020-12-04,2020-12-17,DISPOSITION,TPEX_bulletin_disposal
6488,TPEx,2020-12-04,2020-12-17,DISPOSITION,TPEX_bulletin_disposal
3522,TPEx,2020-12-02,2020-12-15,DISPOSITION,TPEX_bulletin_disposal
5468,TPEx,2020-12-01,2020-12-14,DISPOSITION,TPEX_bulletin_disposal
6244,TPEx,2020-12-01,2020-12-14,DISPOSITION,TPEX_bulletin_disposal
3228,TPEx,2020-11-30,2020-12-11,DISPOSITION,TPEX_bulletin_disposal
3522,TPEx,2020-11-27,2020-12-10,DISPOSITION,TPEX_bulletin_disposal
4946,TPEx,2020-11-27,2020-12-10,DISPOSITION,TPEX_bulletin_disposal
5386,TPEx,2020-11-26,2020-12-09,DISPOSITION,TPEX_bulletin_disposal
3086,TPEx,2020-11-25,2020-12-08,DISPOSITION,TPEX_bulletin_disposal
3666,TPEx,2020-11-24,2020-12-07,DISPOSITION,TPEX_bulletin_disposal
4946,TPEx,2020-11-24,2020-12-07,DISPOSITION,TPEX_bulletin_disposal
5386,TPEx,2020-11-23,2020-12-04,DISPOSITION,TPEX_bulletin_disposal
1796,TPEx,2020-11-20,2020-12-03,DISPOSITION,TPEX_bulletin_disposal
6150,TPEx,2020-11-20,2020-12-03,DISPOSITION,TPEX_bulletin_disposal
6204,TPEx,2020-11-18,2020-12-01,DISPOSITION,TPEX_bulletin_disposal
3191,TPEx,2020-11-17,2020-11-30,DISPOSITION,TPEX_bulletin_disposal
6150,TPEx,2020-11-13,2020-11-26,DISPOSITION,TPEX_bulletin_disposal
3191,TPEx,2020-11-12,2020-11-25,DISPOSITION,TPEX_bulletin_disposal
4950,TPEx,2020-11-12,2020-11-25,DISPOSITION,TPEX_bulletin_disposal
6441,TPEx,2020-11-11,2020-11-24,DISPOSITION,TPEX_bulletin_disposal
3191,TPEx,2020-11-09,2020-11-20,DISPOSITION,TPEX_bulletin_disposal
4702,TPEx,2020-11-09,2020-11-20,DISPOSITION,TPEX_bulletin_disposal
5309,TPEx,2020-11-09,2020-11-20,DISPOSITION,TPEX_bulletin_disposal
4419,TPEx,2020-11-05,2020-11-18,DISPOSITION,TPEX_bulletin_disposal
3191,TPEx,2020-11-04,2020-11-17,DISPOSITION,TPEX_bulletin_disposal
4419,TPEx,2020-11-02,2020-11-13,DISPOSITION,TPEX_bulletin_disposal
5603,TPEx,2020-10-28,2020-11-10,DISPOSITION,TPEX_bulletin_disposal
6441,TPEx,2020-10-21,2020-11-03,DISPOSITION,TPEX_bulletin_disposal
3691,TPEx,2020-10-20,2020-11-02,DISPOSITION,TPEX_bulletin_disposal
5474,TPEx,2020-10-20,2020-11-02,DISPOSITION,TPEX_bulletin_disposal
8934,TPEx,2020-10-20,2020-11-02,DISPOSITION,TPEX_bulletin_disposal
3465,TPEx,2020-10-19,2020-10-30,DISPOSITION,TPEX_bulletin_disposal
5603,TPEx,2020-10-14,2020-10-27,DISPOSITION,TPEX_bulletin_disposal
5276,TPEx,2020-10-12,2020-10-23,DISPOSITION,TPEX_bulletin_disposal
3228,TPEx,2020-10-08,2020-10-22,DISPOSITION,TPEX_bulletin_disposal
4128,TPEx,2020-10-05,2020-10-19,DISPOSITION,TPEX_bulletin_disposal
3339,TPEx,2020-09-28,2020-10-14,DISPOSITION,TPEX_bulletin_disposal
5381,TPEx,2020-09-25,2020-10-13,DISPOSITION,TPEX_bulletin_disposal
3085,TPEx,2020-09-23,2020-10-08,DISPOSITION,TPEX_bulletin_disposal
3713,TPEx,2020-09-23,2020-10-08,DISPOSITION,TPEX_bulletin_disposal
6113,TPEx,2020-09-18,2020-10-05,DISPOSITION,TPEX_bulletin_disposal
6148,TPEx,2020-09-18,2020-10-05,DISPOSITION,TPEX_bulletin_disposal
6233,TPEx,2020-09-18,2020-10-05,DISPOSITION,TPEX_bulletin_disposal
8027,TPEx,2020-09-18,2020-10-05,DISPOSITION,TPEX_bulletin_disposal
6246,TPEx,2020-09-17,2020-09-30,DISPOSITION,TPEX_bulletin_disposal
6404,TPEx,2020-09-15,2020-09-28,DISPOSITION,TPEX_bulletin_disposal
6492,TPEx,2020-09-15,2020-09-28,DISPOSITION,TPEX_bulletin_disposal
4198,TPEx,2020-09-14,2020-09-25,DISPOSITION,TPEX_bulletin_disposal
3285,TPEx,2020-09-11,2020-09-24,DISPOSITION,TPEX_bulletin_disposal
6419,TPEx,2020-09-10,2020-09-23,DISPOSITION,TPEX_bulletin_disposal
6492,TPEx,2020-09-10,2020-09-23,DISPOSITION,TPEX_bulletin_disposal
3228,TPEx,2020-09-09,2020-09-22,DISPOSITION,TPEX_bulletin_disposal
4198,TPEx,2020-09-09,2020-09-22,DISPOSITION,TPEX_bulletin_disposal
3287,TPEx,2020-09-07,2020-09-18,DISPOSITION,TPEX_bulletin_disposal
3219,TPEx,2020-09-04,2020-09-17,DISPOSITION,TPEX_bulletin_disposal
4198,TPEx,2020-09-04,2020-09-17,DISPOSITION,TPEX_bulletin_disposal
6229,TPEx,2020-09-04,2020-09-17,DISPOSITION,TPEX_bulletin_disposal
6237,TPEx,2020-09-03,2020-09-16,DISPOSITION,TPEX_bulletin_disposal
3287,TPEx,2020-09-02,2020-09-15,DISPOSITION,TPEX_bulletin_disposal
5474,TPEx,2020-09-02,2020-09-15,DISPOSITION,TPEX_bulletin_disposal
6560,TPEx,2020-09-02,2020-09-15,DISPOSITION,TPEX_bulletin_disposal
3219,TPEx,2020-09-01,2020-09-14,DISPOSITION,TPEX_bulletin_disposal
6140,TPEx,2020-09-01,2020-09-14,DISPOSITION,TPEX_bulletin_disposal
4950,TPEx,2020-08-31,2020-09-11,DISPOSITION,TPEX_bulletin_disposal
5543,TPEx,2020-08-28,2020-09-10,DISPOSITION,TPEX_bulletin_disposal
6560,TPEx,2020-08-27,2020-09-09,DISPOSITION,TPEX_bulletin_disposal
3325,TPEx,2020-08-26,2020-09-08,DISPOSITION,TPEX_bulletin_disposal
4950,TPEx,2020-08-26,2020-09-08,DISPOSITION,TPEX_bulletin_disposal
3064,TPEx,2020-08-24,2020-09-04,DISPOSITION,TPEX_bulletin_disposal
3272,TPEx,2020-08-24,2020-09-04,DISPOSITION,TPEX_bulletin_disposal
3218,TPEx,2020-08-21,2020-09-03,DISPOSITION,TPEX_bulletin_disposal
4924,TPEx,2020-08-21,2020-09-03,DISPOSITION,TPEX_bulletin_disposal
5310,TPEx,2020-08-21,2020-09-03,DISPOSITION,TPEX_bulletin_disposal
6169,TPEx,2020-08-21,2020-09-03,DISPOSITION,TPEX_bulletin_disposal
6244,TPEx,2020-08-19,2020-09-01,DISPOSITION,TPEX_bulletin_disposal
3218,TPEx,2020-08-18,2020-08-31,DISPOSITION,TPEX_bulletin_disposal
6140,TPEx,2020-08-17,2020-08-28,DISPOSITION,TPEX_bulletin_disposal
6244,TPEx,2020-08-14,2020-08-27,DISPOSITION,TPEX_bulletin_disposal
4171,TPEx,2020-08-12,2020-08-25,DISPOSITION,TPEX_bulletin_disposal
3552,TPEx,2020-08-10,2020-08-21,DISPOSITION,TPEX_bulletin_disposal
4128,TPEx,2020-08-10,2020-08-21,DISPOSITION,TPEX_bulletin_disposal
4192,TPEx,2020-08-10,2020-08-21,DISPOSITION,TPEX_bulletin_disposal
5301,TPEx,2020-08-10,2020-08-21,DISPOSITION,TPEX_bulletin_disposal
5310,TPEx,2020-08-07,2020-08-20,DISPOSITION,TPEX_bulletin_disposal
6237,TPEx,2020-08-07,2020-08-20,DISPOSITION,TPEX_bulletin_disposal
6589,TPEx,2020-08-07,2020-08-20,DISPOSITION,TPEX_bulletin_disposal
3529,TPEx,2020-08-06,2020-08-19,DISPOSITION,TPEX_bulletin_disposal
6229,TPEx,2020-08-03,2020-08-14,DISPOSITION,TPEX_bulletin_disposal
3228,TPEx,2020-07-31,2020-08-13,DISPOSITION,TPEX_bulletin_disposal
4131,TPEx,2020-07-23,2020-08-05,DISPOSITION,TPEX_bulletin_disposal
4743,TPEx,2020-07-23,2020-08-05,DISPOSITION,TPEX_bulletin_disposal
1781,TPEx,2020-07-22,2020-08-04,DISPOSITION,TPEX_bulletin_disposal
3540,TPEx,2020-07-22,2020-08-04,DISPOSITION,TPEX_bulletin_disposal
5205,TPEx,2020-07-22,2020-08-04,DISPOSITION,TPEX_bulletin_disposal
6404,TPEx,2020-07-22,2020-08-04,DISPOSITION,TPEX_bulletin_disposal
6535,TPEx,2020-07-22,2020-08-04,DISPOSITION,TPEX_bulletin_disposal
4128,TPEx,2020-07-21,2020-08-03,DISPOSITION,TPEX_bulletin_disposal
4192,TPEx,2020-07-21,2020-08-03,DISPOSITION,TPEX_bulletin_disposal
6241,TPEx,2020-07-21,2020-08-03,DISPOSITION,TPEX_bulletin_disposal
3609,TPEx,2020-07-20,2020-07-31,DISPOSITION,TPEX_bulletin_disposal
4743,TPEx,2020-07-20,2020-07-31,DISPOSITION,TPEX_bulletin_disposal
3339,TPEx,2020-07-17,2020-07-30,DISPOSITION,TPEX_bulletin_disposal
4157,TPEx,2020-07-17,2020-07-30,DISPOSITION,TPEX_bulletin_disposal
6236,TPEx,2020-07-17,2020-07-30,DISPOSITION,TPEX_bulletin_disposal
6404,TPEx,2020-07-17,2020-07-30,DISPOSITION,TPEX_bulletin_disposal
3632,TPEx,2020-07-16,2020-07-29,DISPOSITION,TPEX_bulletin_disposal
4198,TPEx,2020-07-16,2020-07-29,DISPOSITION,TPEX_bulletin_disposal
3287,TPEx,2020-07-14,2020-07-27,DISPOSITION,TPEX_bulletin_disposal
4944,TPEx,2020-07-14,2020-07-27,DISPOSITION,TPEX_bulletin_disposal
6535,TPEx,2020-07-14,2020-07-27,DISPOSITION,TPEX_bulletin_disposal
1781,TPEx,2020-07-13,2020-07-24,DISPOSITION,TPEX_bulletin_disposal
3268,TPEx,2020-07-13,2020-07-24,DISPOSITION,TPEX_bulletin_disposal
4128,TPEx,2020-07-13,2020-07-24,DISPOSITION,TPEX_bulletin_disposal
4131,TPEx,2020-07-13,2020-07-24,DISPOSITION,TPEX_bulletin_disposal
4192,TPEx,2020-07-13,2020-07-24,DISPOSITION,TPEX_bulletin_disposal
4726,TPEx,2020-07-13,2020-07-24,DISPOSITION,TPEX_bulletin_disposal
4743,TPEx,2020-07-13,2020-07-24,DISPOSITION,TPEX_bulletin_disposal
6228,TPEx,2020-07-13,2020-07-24,DISPOSITION,TPEX_bulletin_disposal
6497,TPEx,2020-07-13,2020-07-24,DISPOSITION,TPEX_bulletin_disposal
3259,TPEx,2020-07-10,2020-07-23,DISPOSITION,TPEX_bulletin_disposal
3520,TPEx,2020-07-10,2020-07-23,DISPOSITION,TPEX_bulletin_disposal
5309,TPEx,2020-07-10,2020-07-23,DISPOSITION,TPEX_bulletin_disposal
6223,TPEx,2020-07-10,2020-07-23,DISPOSITION,TPEX_bulletin_disposal
6649,TPEx,2020-07-10,2020-07-23,DISPOSITION,TPEX_bulletin_disposal
8390,TPEx,2020-07-10,2020-07-23,DISPOSITION,TPEX_bulletin_disposal
8472,TPEx,2020-07-10,2020-07-23,DISPOSITION,TPEX_bulletin_disposal
3680,TPEx,2020-07-09,2020-07-22,DISPOSITION,TPEX_bulletin_disposal
3713,TPEx,2020-07-09,2020-07-22,DISPOSITION,TPEX_bulletin_disposal
5351,TPEx,2020-07-09,2020-07-22,DISPOSITION,TPEX_bulletin_disposal
6535,TPEx,2020-07-09,2020-07-22,DISPOSITION,TPEX_bulletin_disposal
8093,TPEx,2020-07-09,2020-07-22,DISPOSITION,TPEX_bulletin_disposal
4128,TPEx,2020-07-08,2020-07-21,DISPOSITION,TPEX_bulletin_disposal
4131,TPEx,2020-07-08,2020-07-21,DISPOSITION,TPEX_bulletin_disposal
4192,TPEx,2020-07-08,2020-07-21,DISPOSITION,TPEX_bulletin_disposal
4743,TPEx,2020-07-08,2020-07-21,DISPOSITION,TPEX_bulletin_disposal
4979,TPEx,2020-07-08,2020-07-21,DISPOSITION,TPEX_bulletin_disposal
5223,TPEx,2020-07-08,2020-07-21,DISPOSITION,TPEX_bulletin_disposal
5205,TPEx,2020-07-07,2020-07-20,DISPOSITION,TPEX_bulletin_disposal
5344,TPEx,2020-07-07,2020-07-20,DISPOSITION,TPEX_bulletin_disposal
6223,TPEx,2020-07-07,2020-07-20,DISPOSITION,TPEX_bulletin_disposal
3228,TPEx,2020-07-06,2020-07-17,DISPOSITION,TPEX_bulletin_disposal
5701,TPEx,2020-07-06,2020-07-17,DISPOSITION,TPEX_bulletin_disposal
8093,TPEx,2020-07-06,2020-07-17,DISPOSITION,TPEX_bulletin_disposal
4128,TPEx,2020-07-03,2020-07-16,DISPOSITION,TPEX_bulletin_disposal
4131,TPEx,2020-07-03,2020-07-16,DISPOSITION,TPEX_bulletin_disposal
6683,TPEx,2020-07-03,2020-07-16,DISPOSITION,TPEX_bulletin_disposal
8933,TPEx,2020-07-01,2020-07-14,DISPOSITION,TPEX_bulletin_disposal
3325,TPEx,2020-06-30,2020-07-13,DISPOSITION,TPEX_bulletin_disposal
4128,TPEx,2020-06-30,2020-07-13,DISPOSITION,TPEX_bulletin_disposal
4131,TPEx,2020-06-30,2020-07-13,DISPOSITION,TPEX_bulletin_disposal
4152,TPEx,2020-06-29,2020-07-10,DISPOSITION,TPEX_bulletin_disposal
5543,TPEx,2020-06-29,2020-07-10,DISPOSITION,TPEX_bulletin_disposal
8054,TPEx,2020-06-29,2020-07-10,DISPOSITION,TPEX_bulletin_disposal
4157,TPEx,2020-06-24,2020-07-09,DISPOSITION,TPEX_bulletin_disposal
5345,TPEx,2020-06-24,2020-07-09,DISPOSITION,TPEX_bulletin_disposal
3498,TPEx,2020-06-23,2020-07-08,DISPOSITION,TPEX_bulletin_disposal
4127,TPEx,2020-06-23,2020-07-08,DISPOSITION,TPEX_bulletin_disposal
4128,TPEx,2020-06-23,2020-07-08,DISPOSITION,TPEX_bulletin_disposal
5205,TPEx,2020-06-23,2020-07-08,DISPOSITION,TPEX_bulletin_disposal
1781,TPEx,2020-06-22,2020-07-07,DISPOSITION,TPEX_bulletin_disposal
3176,TPEx,2020-06-22,2020-07-07,DISPOSITION,TPEX_bulletin_disposal
4130,TPEx,2020-06-22,2020-07-07,DISPOSITION,TPEX_bulletin_disposal
6140,TPEx,2020-06-22,2020-07-07,DISPOSITION,TPEX_bulletin_disposal
5345,TPEx,2020-06-19,2020-07-06,DISPOSITION,TPEX_bulletin_disposal
5364,TPEx,2020-06-19,2020-07-06,DISPOSITION,TPEX_bulletin_disposal
5474,TPEx,2020-06-19,2020-07-06,DISPOSITION,TPEX_bulletin_disposal
5701,TPEx,2020-06-19,2020-07-06,DISPOSITION,TPEX_bulletin_disposal
1799,TPEx,2020-06-18,2020-07-03,DISPOSITION,TPEX_bulletin_disposal
3228,TPEx,2020-06-18,2020-07-03,DISPOSITION,TPEX_bulletin_disposal
3498,TPEx,2020-06-18,2020-07-03,DISPOSITION,TPEX_bulletin_disposal
3680,TPEx,2020-06-18,2020-07-03,DISPOSITION,TPEX_bulletin_disposal
4102,TPEx,2020-06-18,2020-07-03,DISPOSITION,TPEX_bulletin_disposal
5205,TPEx,2020-06-18,2020-07-03,DISPOSITION,TPEX_bulletin_disposal
1781,TPEx,2020-06-17,2020-07-02,DISPOSITION,TPEX_bulletin_disposal
5321,TPEx,2020-06-16,2020-07-01,DISPOSITION,TPEX_bulletin_disposal
5345,TPEx,2020-06-16,2020-07-01,DISPOSITION,TPEX_bulletin_disposal
6103,TPEx,2020-06-16,2020-07-01,DISPOSITION,TPEX_bulletin_disposal
4192,TPEx,2020-06-15,2020-06-30,DISPOSITION,TPEX_bulletin_disposal
5310,TPEx,2020-06-15,2020-06-30,DISPOSITION,TPEX_bulletin_disposal
4743,TPEx,2020-06-12,2020-06-29,DISPOSITION,TPEX_bulletin_disposal
2719,TPEx,2020-06-10,2020-06-23,DISPOSITION,TPEX_bulletin_disposal
4123,TPEx,2020-06-10,2020-06-23,DISPOSITION,TPEX_bulletin_disposal
1785,TPEx,2020-06-09,2020-06-22,DISPOSITION,TPEX_bulletin_disposal
8034,TPEx,2020-06-09,2020-06-22,DISPOSITION,TPEX_bulletin_disposal
2740,TPEx,2020-06-08,2020-06-19,DISPOSITION,TPEX_bulletin_disposal
5701,TPEx,2020-06-08,2020-06-19,DISPOSITION,TPEX_bulletin_disposal
6497,TPEx,2020-06-08,2020-06-19,DISPOSITION,TPEX_bulletin_disposal
2719,TPEx,2020-06-05,2020-06-18,DISPOSITION,TPEX_bulletin_disposal
3073,TPEx,2020-06-04,2020-06-17,DISPOSITION,TPEX_bulletin_disposal
8034,TPEx,2020-06-04,2020-06-17,DISPOSITION,TPEX_bulletin_disposal
2740,TPEx,2020-06-03,2020-06-16,DISPOSITION,TPEX_bulletin_disposal
5301,TPEx,2020-06-03,2020-06-16,DISPOSITION,TPEX_bulletin_disposal
2719,TPEx,2020-06-02,2020-06-15,DISPOSITION,TPEX_bulletin_disposal
6237,TPEx,2020-06-02,2020-06-15,DISPOSITION,TPEX_bulletin_disposal
2734,TPEx,2020-06-01,2020-06-12,DISPOSITION,TPEX_bulletin_disposal
4911,TPEx,2020-06-01,2020-06-12,DISPOSITION,TPEX_bulletin_disposal
3115,TPEx,2020-05-29,2020-06-11,DISPOSITION,TPEX_bulletin_disposal
3680,TPEx,2020-05-28,2020-06-10,DISPOSITION,TPEX_bulletin_disposal
4712,TPEx,2020-05-27,2020-06-09,DISPOSITION,TPEX_bulletin_disposal
4729,TPEx,2020-05-27,2020-06-09,DISPOSITION,TPEX_bulletin_disposal
4946,TPEx,2020-05-27,2020-06-09,DISPOSITION,TPEX_bulletin_disposal
1799,TPEx,2020-05-26,2020-06-08,DISPOSITION,TPEX_bulletin_disposal
3115,TPEx,2020-05-26,2020-06-08,DISPOSITION,TPEX_bulletin_disposal
4726,TPEx,2020-05-26,2020-06-08,DISPOSITION,TPEX_bulletin_disposal
4743,TPEx,2020-05-26,2020-06-08,DISPOSITION,TPEX_bulletin_disposal
4171,TPEx,2020-05-25,2020-06-05,DISPOSITION,TPEX_bulletin_disposal
6492,TPEx,2020-05-25,2020-06-05,DISPOSITION,TPEX_bulletin_disposal
4128,TPEx,2020-05-21,2020-06-03,DISPOSITION,TPEX_bulletin_disposal
4726,TPEx,2020-05-21,2020-06-03,DISPOSITION,TPEX_bulletin_disposal
4743,TPEx,2020-05-21,2020-06-03,DISPOSITION,TPEX_bulletin_disposal
4171,TPEx,2020-05-20,2020-06-02,DISPOSITION,TPEX_bulletin_disposal
3693,TPEx,2020-05-19,2020-06-01,DISPOSITION,TPEX_bulletin_disposal
4736,TPEx,2020-05-19,2020-06-01,DISPOSITION,TPEX_bulletin_disposal
3162,TPEx,2020-05-15,2020-05-28,DISPOSITION,TPEX_bulletin_disposal
3552,TPEx,2020-05-15,2020-05-28,DISPOSITION,TPEX_bulletin_disposal
6150,TPEx,2020-05-15,2020-05-28,DISPOSITION,TPEX_bulletin_disposal
6594,TPEx,2020-05-15,2020-05-28,DISPOSITION,TPEX_bulletin_disposal
3122,TPEx,2020-05-14,2020-05-27,DISPOSITION,TPEX_bulletin_disposal
6532,TPEx,2020-05-14,2020-05-27,DISPOSITION,TPEX_bulletin_disposal
8034,TPEx,2020-05-08,2020-05-21,DISPOSITION,TPEX_bulletin_disposal
8929,TPEx,2020-05-08,2020-05-21,DISPOSITION,TPEX_bulletin_disposal
3373,TPEx,2020-05-07,2020-05-20,DISPOSITION,TPEX_bulletin_disposal
6662,TPEx,2020-05-07,2020-05-20,DISPOSITION,TPEX_bulletin_disposal
1258,TPEx,2020-05-06,2020-05-19,DISPOSITION,TPEX_bulletin_disposal
4729,TPEx,2020-05-06,2020-05-19,DISPOSITION,TPEX_bulletin_disposal
6589,TPEx,2020-05-06,2020-05-19,DISPOSITION,TPEX_bulletin_disposal
8403,TPEx,2020-05-05,2020-05-18,DISPOSITION,TPEX_bulletin_disposal
4729,TPEx,2020-04-30,2020-05-14,DISPOSITION,TPEX_bulletin_disposal
8084,TPEx,2020-04-30,2020-05-14,DISPOSITION,TPEX_bulletin_disposal
3465,TPEx,2020-04-28,2020-05-12,DISPOSITION,TPEX_bulletin_disposal
4171,TPEx,2020-04-28,2020-05-12,DISPOSITION,TPEX_bulletin_disposal
4743,TPEx,2020-04-28,2020-05-12,DISPOSITION,TPEX_bulletin_disposal
4743,TPEx,2020-04-23,2020-05-07,DISPOSITION,TPEX_bulletin_disposal
4128,TPEx,2020-04-22,2020-05-06,DISPOSITION,TPEX_bulletin_disposal
4529,TPEx,2020-04-20,2020-05-04,DISPOSITION,TPEX_bulletin_disposal
5345,TPEx,2020-04-20,2020-05-04,DISPOSITION,TPEX_bulletin_disposal
3552,TPEx,2020-04-17,2020-04-30,DISPOSITION,TPEX_bulletin_disposal
4171,TPEx,2020-04-17,2020-04-30,DISPOSITION,TPEX_bulletin_disposal
1796,TPEx,2020-04-16,2020-04-29,DISPOSITION,TPEX_bulletin_disposal
3373,TPEx,2020-04-15,2020-04-28,DISPOSITION,TPEX_bulletin_disposal
4760,TPEx,2020-04-15,2020-04-28,DISPOSITION,TPEX_bulletin_disposal
6169,TPEx,2020-04-15,2020-04-28,DISPOSITION,TPEX_bulletin_disposal
5383,TPEx,2020-04-13,2020-04-24,DISPOSITION,TPEX_bulletin_disposal
6103,TPEx,2020-04-13,2020-04-24,DISPOSITION,TPEX_bulletin_disposal
8084,TPEx,2020-04-10,2020-04-23,DISPOSITION,TPEX_bulletin_disposal
3171,TPEx,2020-04-09,2020-04-22,DISPOSITION,TPEX_bulletin_disposal
3522,TPEx,2020-04-09,2020-04-22,DISPOSITION,TPEX_bulletin_disposal
1781,TPEx,2020-04-06,2020-04-17,DISPOSITION,TPEX_bulletin_disposal
2718,TPEx,2020-04-06,2020-04-17,DISPOSITION,TPEX_bulletin_disposal
3171,TPEx,2020-04-06,2020-04-17,DISPOSITION,TPEX_bulletin_disposal
3202,TPEx,2020-04-06,2020-04-17,DISPOSITION,TPEX_bulletin_disposal
5321,TPEx,2020-04-06,2020-04-17,DISPOSITION,TPEX_bulletin_disposal
3687,TPEx,2020-04-01,2020-04-16,DISPOSITION,TPEX_bulletin_disposal
4747,TPEx,2020-04-01,2020-04-16,DISPOSITION,TPEX_bulletin_disposal
5443,TPEx,2020-04-01,2020-04-16,DISPOSITION,TPEX_bulletin_disposal
2928,TPEx,2020-03-31,2020-04-15,DISPOSITION,TPEX_bulletin_disposal
6171,TPEx,2020-03-31,2020-04-15,DISPOSITION,TPEX_bulletin_disposal
4130,TPEx,2020-03-30,2020-04-14,DISPOSITION,TPEX_bulletin_disposal
4157,TPEx,2020-03-27,2020-04-13,DISPOSITION,TPEX_bulletin_disposal
3672,TPEx,2020-03-26,2020-04-10,DISPOSITION,TPEX_bulletin_disposal
3202,TPEx,2020-03-25,2020-04-09,DISPOSITION,TPEX_bulletin_disposal
4529,TPEx,2020-03-25,2020-04-09,DISPOSITION,TPEX_bulletin_disposal
3631,TPEx,2020-03-24,2020-04-08,DISPOSITION,TPEX_bulletin_disposal
4157,TPEx,2020-03-24,2020-04-08,DISPOSITION,TPEX_bulletin_disposal
4554,TPEx,2020-03-24,2020-04-08,DISPOSITION,TPEX_bulletin_disposal
4702,TPEx,2020-03-24,2020-04-08,DISPOSITION,TPEX_bulletin_disposal
4944,TPEx,2020-03-24,2020-04-08,DISPOSITION,TPEX_bulletin_disposal
5272,TPEx,2020-03-24,2020-04-08,DISPOSITION,TPEX_bulletin_disposal
5457,TPEx,2020-03-24,2020-04-08,DISPOSITION,TPEX_bulletin_disposal
6111,TPEx,2020-03-24,2020-04-08,DISPOSITION,TPEX_bulletin_disposal
6150,TPEx,2020-03-24,2020-04-08,DISPOSITION,TPEX_bulletin_disposal
6169,TPEx,2020-03-24,2020-04-08,DISPOSITION,TPEX_bulletin_disposal
6446,TPEx,2020-03-24,2020-04-08,DISPOSITION,TPEX_bulletin_disposal
1258,TPEx,2020-03-23,2020-04-07,DISPOSITION,TPEX_bulletin_disposal
3374,TPEx,2020-03-23,2020-04-07,DISPOSITION,TPEX_bulletin_disposal
3552,TPEx,2020-03-23,2020-04-07,DISPOSITION,TPEX_bulletin_disposal
4168,TPEx,2020-03-23,2020-04-07,DISPOSITION,TPEX_bulletin_disposal
4174,TPEx,2020-03-23,2020-04-07,DISPOSITION,TPEX_bulletin_disposal
4432,TPEx,2020-03-23,2020-04-07,DISPOSITION,TPEX_bulletin_disposal
5245,TPEx,2020-03-23,2020-04-07,DISPOSITION,TPEX_bulletin_disposal
6426,TPEx,2020-03-23,2020-04-07,DISPOSITION,TPEX_bulletin_disposal
6649,TPEx,2020-03-23,2020-04-07,DISPOSITION,TPEX_bulletin_disposal
3202,TPEx,2020-03-20,2020-04-06,DISPOSITION,TPEX_bulletin_disposal
3508,TPEx,2020-03-20,2020-04-06,DISPOSITION,TPEX_bulletin_disposal
4188,TPEx,2020-03-20,2020-04-06,DISPOSITION,TPEX_bulletin_disposal
4401,TPEx,2020-03-20,2020-04-06,DISPOSITION,TPEX_bulletin_disposal
4529,TPEx,2020-03-20,2020-04-06,DISPOSITION,TPEX_bulletin_disposal
4979,TPEx,2020-03-20,2020-04-06,DISPOSITION,TPEX_bulletin_disposal
5349,TPEx,2020-03-20,2020-04-06,DISPOSITION,TPEX_bulletin_disposal
6233,TPEx,2020-03-20,2020-04-06,DISPOSITION,TPEX_bulletin_disposal
6237,TPEx,2020-03-20,2020-04-06,DISPOSITION,TPEX_bulletin_disposal
8936,TPEx,2020-03-20,2020-04-06,DISPOSITION,TPEX_bulletin_disposal
4157,TPEx,2020-03-19,2020-04-01,DISPOSITION,TPEX_bulletin_disposal
4944,TPEx,2020-03-19,2020-04-01,DISPOSITION,TPEX_bulletin_disposal
5272,TPEx,2020-03-19,2020-04-01,DISPOSITION,TPEX_bulletin_disposal
6111,TPEx,2020-03-19,2020-04-01,DISPOSITION,TPEX_bulletin_disposal
6150,TPEx,2020-03-19,2020-04-01,DISPOSITION,TPEX_bulletin_disposal
1258,TPEx,2020-03-18,2020-03-31,DISPOSITION,TPEX_bulletin_disposal
1781,TPEx,2020-03-18,2020-03-31,DISPOSITION,TPEX_bulletin_disposal
3374,TPEx,2020-03-18,2020-03-31,DISPOSITION,TPEX_bulletin_disposal
3552,TPEx,2020-03-18,2020-03-31,DISPOSITION,TPEX_bulletin_disposal
8409,TPEx,2020-03-17,2020-03-30,DISPOSITION,TPEX_bulletin_disposal
1781,TPEx,2020-03-13,2020-03-26,DISPOSITION,TPEX_bulletin_disposal
3374,TPEx,2020-03-13,2020-03-26,DISPOSITION,TPEX_bulletin_disposal
4419,TPEx,2020-03-11,2020-03-24,DISPOSITION,TPEX_bulletin_disposal
3373,TPEx,2020-03-09,2020-03-20,DISPOSITION,TPEX_bulletin_disposal
8084,TPEx,2020-03-09,2020-03-20,DISPOSITION,TPEX_bulletin_disposal
4121,TPEx,2020-03-06,2020-03-19,DISPOSITION,TPEX_bulletin_disposal
6222,TPEx,2020-03-06,2020-03-19,DISPOSITION,TPEX_bulletin_disposal
5351,TPEx,2020-03-05,2020-03-18,DISPOSITION,TPEX_bulletin_disposal
6457,TPEx,2020-03-05,2020-03-18,DISPOSITION,TPEX_bulletin_disposal
6538,TPEx,2020-03-05,2020-03-18,DISPOSITION,TPEX_bulletin_disposal
1781,TPEx,2020-03-04,2020-03-17,DISPOSITION,TPEX_bulletin_disposal
3373,TPEx,2020-03-04,2020-03-17,DISPOSITION,TPEX_bulletin_disposal
4171,TPEx,2020-03-04,2020-03-17,DISPOSITION,TPEX_bulletin_disposal
6547,TPEx,2020-02-27,2020-03-12,DISPOSITION,TPEX_bulletin_disposal
4944,TPEx,2020-02-20,2020-03-05,DISPOSITION,TPEX_bulletin_disposal
2928,TPEx,2020-02-18,2020-03-03,DISPOSITION,TPEX_bulletin_disposal
3374,TPEx,2020-02-18,2020-03-03,DISPOSITION,TPEX_bulletin_disposal
6169,TPEx,2020-02-18,2020-03-03,DISPOSITION,TPEX_bulletin_disposal
4198,TPEx,2020-02-17,2020-03-02,DISPOSITION,TPEX_bulletin_disposal
1781,TPEx,2020-02-07,2020-02-20,DISPOSITION,TPEX_bulletin_disposal
3086,TPEx,2020-02-03,2020-02-14,DISPOSITION,TPEX_bulletin_disposal
4760,TPEx,2020-01-20,2020-02-11,DISPOSITION,TPEX_bulletin_disposal
6538,TPEx,2020-01-10,2020-02-03,DISPOSITION,TPEX_bulletin_disposal
5309,TPEx,2020-01-03,2020-01-16,DISPOSITION,TPEX_bulletin_disposal
6523,TPEx,2020-01-03,2020-01-16,DISPOSITION,TPEX_bulletin_disposal
5227,TPEx,2021-12-30,2022-01-13,DISPOSITION,TPEX_bulletin_disposal
6158,TPEx,2021-12-30,2022-01-13,DISPOSITION,TPEX_bulletin_disposal
8080,TPEx,2021-12-30,2022-01-13,DISPOSITION,TPEX_bulletin_disposal
8440,TPEx,2021-12-30,2022-01-13,DISPOSITION,TPEX_bulletin_disposal
6593,TPEx,2021-12-28,2022-01-11,DISPOSITION,TPEX_bulletin_disposal
6111,TPEx,2021-12-27,2022-01-10,DISPOSITION,TPEX_bulletin_disposal
3491,TPEx,2021-12-23,2022-01-10,DISPOSITION,TPEX_bulletin_disposal
3687,TPEx,2021-12-23,2022-01-06,DISPOSITION,TPEX_bulletin_disposal
4946,TPEx,2021-12-22,2022-01-05,DISPOSITION,TPEX_bulletin_disposal
3687,TPEx,2021-12-20,2022-01-05,DISPOSITION,TPEX_bulletin_disposal
3085,TPEx,2021-12-17,2021-12-30,DISPOSITION,TPEX_bulletin_disposal
3508,TPEx,2021-12-17,2021-12-30,DISPOSITION,TPEX_bulletin_disposal
6446,TPEx,2021-12-17,2021-12-30,DISPOSITION,TPEX_bulletin_disposal
8450,TPEx,2021-12-17,2021-12-30,DISPOSITION,TPEX_bulletin_disposal
6118,TPEx,2021-12-15,2021-12-30,DISPOSITION,TPEX_bulletin_disposal
6514,TPEx,2021-12-15,2021-12-28,DISPOSITION,TPEX_bulletin_disposal
6134,TPEx,2021-12-14,2021-12-27,DISPOSITION,TPEX_bulletin_disposal
6446,TPEx,2021-12-14,2021-12-27,DISPOSITION,TPEX_bulletin_disposal
8068,TPEx,2021-12-14,2021-12-27,DISPOSITION,TPEX_bulletin_disposal
8121,TPEx,2021-12-14,2021-12-27,DISPOSITION,TPEX_bulletin_disposal
4944,TPEx,2021-12-13,2021-12-24,DISPOSITION,TPEX_bulletin_disposal
5245,TPEx,2021-12-13,2021-12-24,DISPOSITION,TPEX_bulletin_disposal
6556,TPEx,2021-12-10,2021-12-23,DISPOSITION,TPEX_bulletin_disposal
5344,TPEx,2021-12-09,2021-12-22,DISPOSITION,TPEX_bulletin_disposal
6134,TPEx,2021-12-09,2021-12-22,DISPOSITION,TPEX_bulletin_disposal
6446,TPEx,2021-12-09,2021-12-22,DISPOSITION,TPEX_bulletin_disposal
5245,TPEx,2021-12-08,2021-12-21,DISPOSITION,TPEX_bulletin_disposal
3066,TPEx,2021-12-07,2021-12-20,DISPOSITION,TPEX_bulletin_disposal
3294,TPEx,2021-12-06,2021-12-17,DISPOSITION,TPEX_bulletin_disposal
8406,TPEx,2021-12-03,2021-12-16,DISPOSITION,TPEX_bulletin_disposal
3066,TPEx,2021-12-02,2021-12-15,DISPOSITION,TPEX_bulletin_disposal
8121,TPEx,2021-12-01,2021-12-14,DISPOSITION,TPEX_bulletin_disposal
3672,TPEx,2021-11-29,2021-12-10,DISPOSITION,TPEX_bulletin_disposal
5321,TPEx,2021-11-25,2021-12-08,DISPOSITION,TPEX_bulletin_disposal
6446,TPEx,2021-11-25,2021-12-08,DISPOSITION,TPEX_bulletin_disposal
3444,TPEx,2021-11-24,2021-12-07,DISPOSITION,TPEX_bulletin_disposal
8450,TPEx,2021-11-24,2021-12-07,DISPOSITION,TPEX_bulletin_disposal
3642,TPEx,2021-11-23,2021-12-06,DISPOSITION,TPEX_bulletin_disposal
5236,TPEx,2021-11-23,2021-12-06,DISPOSITION,TPEX_bulletin_disposal
6523,TPEx,2021-11-23,2021-12-06,DISPOSITION,TPEX_bulletin_disposal
4803,TPEx,2021-11-22,2021-12-03,DISPOSITION,TPEX_bulletin_disposal
6446,TPEx,2021-11-22,2021-12-03,DISPOSITION,TPEX_bulletin_disposal
6465,TPEx,2021-11-22,2021-12-03,DISPOSITION,TPEX_bulletin_disposal
5468,TPEx,2021-11-18,2021-12-01,DISPOSITION,TPEX_bulletin_disposal
6523,TPEx,2021-11-18,2021-12-01,DISPOSITION,TPEX_bulletin_disposal
3228,TPEx,2021-11-17,2021-11-30,DISPOSITION,TPEX_bulletin_disposal
3508,TPEx,2021-11-16,2021-12-01,DISPOSITION,TPEX_bulletin_disposal
5344,TPEx,2021-11-16,2021-11-29,DISPOSITION,TPEX_bulletin_disposal
6118,TPEx,2021-11-16,2021-11-29,DISPOSITION,TPEX_bulletin_disposal
8121,TPEx,2021-11-11,2021-11-26,DISPOSITION,TPEX_bulletin_disposal
4192,TPEx,2021-11-09,2021-11-22,DISPOSITION,TPEX_bulletin_disposal
8476,TPEx,2021-11-09,2021-11-22,DISPOSITION,TPEX_bulletin_disposal
5351,TPEx,2021-11-05,2021-11-22,DISPOSITION,TPEX_bulletin_disposal
4192,TPEx,2021-11-04,2021-11-17,DISPOSITION,TPEX_bulletin_disposal
6441,TPEx,2021-11-04,2021-11-17,DISPOSITION,TPEX_bulletin_disposal
3491,TPEx,2021-11-03,2021-11-16,DISPOSITION,TPEX_bulletin_disposal
5227,TPEx,2021-11-02,2021-11-15,DISPOSITION,TPEX_bulletin_disposal
4192,TPEx,2021-11-01,2021-11-12,DISPOSITION,TPEX_bulletin_disposal
5321,TPEx,2021-10-28,2021-11-10,DISPOSITION,TPEX_bulletin_disposal
8476,TPEx,2021-10-28,2021-11-10,DISPOSITION,TPEX_bulletin_disposal
3675,TPEx,2021-10-26,2021-11-10,DISPOSITION,TPEX_bulletin_disposal
3685,TPEx,2021-10-26,2021-11-08,DISPOSITION,TPEX_bulletin_disposal
8121,TPEx,2021-10-21,2021-11-03,DISPOSITION,TPEX_bulletin_disposal
4743,TPEx,2021-10-20,2021-11-02,DISPOSITION,TPEX_bulletin_disposal
4192,TPEx,2021-10-08,2021-10-22,DISPOSITION,TPEX_bulletin_disposal
4944,TPEx,2021-10-07,2021-10-21,DISPOSITION,TPEX_bulletin_disposal
5321,TPEx,2021-10-04,2021-10-20,DISPOSITION,TPEX_bulletin_disposal
6259,TPEx,2021-10-01,2021-10-15,DISPOSITION,TPEX_bulletin_disposal
3085,TPEx,2021-09-30,2021-10-14,DISPOSITION,TPEX_bulletin_disposal
4903,TPEx,2021-09-29,2021-10-13,DISPOSITION,TPEX_bulletin_disposal
5321,TPEx,2021-09-29,2021-10-15,DISPOSITION,TPEX_bulletin_disposal
3085,TPEx,2021-09-27,2021-10-08,DISPOSITION,TPEX_bulletin_disposal
3141,TPEx,2021-09-24,2021-10-07,DISPOSITION,TPEX_bulletin_disposal
8121,TPEx,2021-09-24,2021-10-07,DISPOSITION,TPEX_bulletin_disposal
3085,TPEx,2021-09-22,2021-10-05,DISPOSITION,TPEX_bulletin_disposal
4803,TPEx,2021-09-17,2021-10-04,DISPOSITION,TPEX_bulletin_disposal
3232,TPEx,2021-09-15,2021-10-04,DISPOSITION,TPEX_bulletin_disposal
8121,TPEx,2021-09-10,2021-09-27,DISPOSITION,TPEX_bulletin_disposal
8121,TPEx,2021-09-07,2021-09-22,DISPOSITION,TPEX_bulletin_disposal
6568,TPEx,2021-09-06,2021-09-17,DISPOSITION,TPEX_bulletin_disposal
4175,TPEx,2021-09-02,2021-09-15,DISPOSITION,TPEX_bulletin_disposal
3207,TPEx,2021-09-01,2021-09-14,DISPOSITION,TPEX_bulletin_disposal
4154,TPEx,2021-09-01,2021-09-14,DISPOSITION,TPEX_bulletin_disposal
5227,TPEx,2021-09-01,2021-09-14,DISPOSITION,TPEX_bulletin_disposal
6419,TPEx,2021-08-30,2021-09-10,DISPOSITION,TPEX_bulletin_disposal
6469,TPEx,2021-08-30,2021-09-10,DISPOSITION,TPEX_bulletin_disposal
3527,TPEx,2021-08-27,2021-09-09,DISPOSITION,TPEX_bulletin_disposal
3675,TPEx,2021-08-27,2021-09-09,DISPOSITION,TPEX_bulletin_disposal
6419,TPEx,2021-08-25,2021-09-07,DISPOSITION,TPEX_bulletin_disposal
3527,TPEx,2021-08-24,2021-09-06,DISPOSITION,TPEX_bulletin_disposal
4803,TPEx,2021-08-24,2021-09-06,DISPOSITION,TPEX_bulletin_disposal
4803,TPEx,2021-08-19,2021-09-01,DISPOSITION,TPEX_bulletin_disposal
6727,TPEx,2021-08-13,2021-08-26,DISPOSITION,TPEX_bulletin_disposal
4192,TPEx,2021-08-10,2021-08-23,DISPOSITION,TPEX_bulletin_disposal
5227,TPEx,2021-08-10,2021-08-23,DISPOSITION,TPEX_bulletin_disposal
8476,TPEx,2021-08-10,2021-08-23,DISPOSITION,TPEX_bulletin_disposal
3114,TPEx,2021-08-09,2021-08-20,DISPOSITION,TPEX_bulletin_disposal
3114,TPEx,2021-08-04,2021-08-17,DISPOSITION,TPEX_bulletin_disposal
3663,TPEx,2021-08-02,2021-08-13,DISPOSITION,TPEX_bulletin_disposal
5475,TPEx,2021-08-02,2021-08-13,DISPOSITION,TPEX_bulletin_disposal
6568,TPEx,2021-07-29,2021-08-11,DISPOSITION,TPEX_bulletin_disposal
5432,TPEx,2021-07-28,2021-08-10,DISPOSITION,TPEX_bulletin_disposal
6291,TPEx,2021-07-28,2021-08-10,DISPOSITION,TPEX_bulletin_disposal
5321,TPEx,2021-07-27,2021-08-09,DISPOSITION,TPEX_bulletin_disposal
4945,TPEx,2021-07-26,2021-08-06,DISPOSITION,TPEX_bulletin_disposal
9962,TPEx,2021-07-26,2021-08-06,DISPOSITION,TPEX_bulletin_disposal
6727,TPEx,2021-07-23,2021-08-05,DISPOSITION,TPEX_bulletin_disposal
1742,TPEx,2021-07-21,2021-08-03,DISPOSITION,TPEX_bulletin_disposal
3219,TPEx,2021-07-21,2021-08-03,DISPOSITION,TPEX_bulletin_disposal
5340,TPEx,2021-07-21,2021-08-03,DISPOSITION,TPEX_bulletin_disposal
6104,TPEx,2021-07-21,2021-08-03,DISPOSITION,TPEX_bulletin_disposal
6229,TPEx,2021-07-21,2021-08-03,DISPOSITION,TPEX_bulletin_disposal
6727,TPEx,2021-07-20,2021-08-02,DISPOSITION,TPEX_bulletin_disposal
3228,TPEx,2021-07-16,2021-07-29,DISPOSITION,TPEX_bulletin_disposal
6716,TPEx,2021-07-15,2021-07-28,DISPOSITION,TPEX_bulletin_disposal
3372,TPEx,2021-07-14,2021-07-27,DISPOSITION,TPEX_bulletin_disposal
3675,TPEx,2021-07-14,2021-07-27,DISPOSITION,TPEX_bulletin_disposal
5227,TPEx,2021-07-12,2021-07-23,DISPOSITION,TPEX_bulletin_disposal
6287,TPEx,2021-07-12,2021-07-23,DISPOSITION,TPEX_bulletin_disposal
4406,TPEx,2021-07-08,2021-07-21,DISPOSITION,TPEX_bulletin_disposal
6509,TPEx,2021-07-07,2021-07-20,DISPOSITION,TPEX_bulletin_disposal
3141,TPEx,2021-07-05,2021-07-16,DISPOSITION,TPEX_bulletin_disposal
4529,TPEx,2021-07-05,2021-07-16,DISPOSITION,TPEX_bulletin_disposal
9962,TPEx,2021-07-05,2021-07-16,DISPOSITION,TPEX_bulletin_disposal
2064,TPEx,2021-07-02,2021-07-15,DISPOSITION,TPEX_bulletin_disposal
3609,TPEx,2021-07-02,2021-07-15,DISPOSITION,TPEX_bulletin_disposal
6170,TPEx,2021-07-02,2021-07-15,DISPOSITION,TPEX_bulletin_disposal
5464,TPEx,2021-06-30,2021-07-13,DISPOSITION,TPEX_bulletin_disposal
6130,TPEx,2021-06-29,2021-07-12,DISPOSITION,TPEX_bulletin_disposal
6741,TPEx,2021-06-29,2021-07-12,DISPOSITION,TPEX_bulletin_disposal
6465,TPEx,2021-06-25,2021-07-08,DISPOSITION,TPEX_bulletin_disposal
2641,TPEx,2021-06-24,2021-07-07,DISPOSITION,TPEX_bulletin_disposal
3687,TPEx,2021-06-24,2021-07-07,DISPOSITION,TPEX_bulletin_disposal
6640,TPEx,2021-06-24,2021-07-07,DISPOSITION,TPEX_bulletin_disposal
8406,TPEx,2021-06-23,2021-07-06,DISPOSITION,TPEX_bulletin_disposal
3339,TPEx,2021-06-21,2021-07-02,DISPOSITION,TPEX_bulletin_disposal
6640,TPEx,2021-06-21,2021-07-02,DISPOSITION,TPEX_bulletin_disposal
8040,TPEx,2021-06-21,2021-07-02,DISPOSITION,TPEX_bulletin_disposal
2641,TPEx,2021-06-18,2021-07-01,DISPOSITION,TPEX_bulletin_disposal
3169,TPEx,2021-06-18,2021-07-01,DISPOSITION,TPEX_bulletin_disposal
3339,TPEx,2021-06-16,2021-06-29,DISPOSITION,TPEX_bulletin_disposal
6485,TPEx,2021-06-16,2021-06-29,DISPOSITION,TPEX_bulletin_disposal
8905,TPEx,2021-06-08,2021-06-22,DISPOSITION,TPEX_bulletin_disposal
5475,TPEx,2021-06-07,2021-06-21,DISPOSITION,TPEX_bulletin_disposal
6547,TPEx,2021-06-07,2021-06-21,DISPOSITION,TPEX_bulletin_disposal
6199,TPEx,2021-06-04,2021-06-18,DISPOSITION,TPEX_bulletin_disposal
4121,TPEx,2021-06-03,2021-06-17,DISPOSITION,TPEX_bulletin_disposal
3228,TPEx,2021-06-02,2021-06-16,DISPOSITION,TPEX_bulletin_disposal
4152,TPEx,2021-06-02,2021-06-16,DISPOSITION,TPEX_bulletin_disposal
6472,TPEx,2021-06-02,2021-06-16,DISPOSITION,TPEX_bulletin_disposal
5603,TPEx,2021-06-01,2021-06-15,DISPOSITION,TPEX_bulletin_disposal
6485,TPEx,2021-06-01,2021-06-15,DISPOSITION,TPEX_bulletin_disposal
5475,TPEx,2021-05-31,2021-06-11,DISPOSITION,TPEX_bulletin_disposal
3228,TPEx,2021-05-28,2021-06-10,DISPOSITION,TPEX_bulletin_disposal
6242,TPEx,2021-05-26,2021-06-08,DISPOSITION,TPEX_bulletin_disposal
6465,TPEx,2021-05-24,2021-06-04,DISPOSITION,TPEX_bulletin_disposal
6472,TPEx,2021-05-24,2021-06-04,DISPOSITION,TPEX_bulletin_disposal
4131,TPEx,2021-05-21,2021-06-03,DISPOSITION,TPEX_bulletin_disposal
4171,TPEx,2021-05-20,2021-06-02,DISPOSITION,TPEX_bulletin_disposal
6150,TPEx,2021-05-20,2021-06-02,DISPOSITION,TPEX_bulletin_disposal
6465,TPEx,2021-05-19,2021-06-01,DISPOSITION,TPEX_bulletin_disposal
6589,TPEx,2021-05-19,2021-06-01,DISPOSITION,TPEX_bulletin_disposal
6547,TPEx,2021-05-18,2021-05-31,DISPOSITION,TPEX_bulletin_disposal
3228,TPEx,2021-05-17,2021-05-28,DISPOSITION,TPEX_bulletin_disposal
5205,TPEx,2021-05-12,2021-05-25,DISPOSITION,TPEX_bulletin_disposal
5205,TPEx,2021-05-07,2021-05-20,DISPOSITION,TPEX_bulletin_disposal
3362,TPEx,2021-05-04,2021-05-17,DISPOSITION,TPEX_bulletin_disposal
5475,TPEx,2021-04-28,2021-05-12,DISPOSITION,TPEX_bulletin_disposal
6404,TPEx,2021-04-27,2021-05-11,DISPOSITION,TPEX_bulletin_disposal
3228,TPEx,2021-04-26,2021-05-10,DISPOSITION,TPEX_bulletin_disposal
2641,TPEx,2021-04-23,2021-05-07,DISPOSITION,TPEX_bulletin_disposal
5475,TPEx,2021-04-23,2021-05-07,DISPOSITION,TPEX_bulletin_disposal
3228,TPEx,2021-04-21,2021-05-05,DISPOSITION,TPEX_bulletin_disposal
3379,TPEx,2021-04-20,2021-05-04,DISPOSITION,TPEX_bulletin_disposal
3687,TPEx,2021-04-20,2021-05-04,DISPOSITION,TPEX_bulletin_disposal
3228,TPEx,2021-04-16,2021-04-29,DISPOSITION,TPEX_bulletin_disposal
4726,TPEx,2021-04-15,2021-04-28,DISPOSITION,TPEX_bulletin_disposal
6643,TPEx,2021-04-14,2021-04-27,DISPOSITION,TPEX_bulletin_disposal
7402,TPEx,2021-04-14,2021-04-27,DISPOSITION,TPEX_bulletin_disposal
5344,TPEx,2021-04-13,2021-04-26,DISPOSITION,TPEX_bulletin_disposal
3230,TPEx,2021-04-12,2021-04-23,DISPOSITION,TPEX_bulletin_disposal
4304,TPEx,2021-04-12,2021-04-23,DISPOSITION,TPEX_bulletin_disposal
5245,TPEx,2021-04-12,2021-04-23,DISPOSITION,TPEX_bulletin_disposal
8277,TPEx,2021-04-12,2021-04-23,DISPOSITION,TPEX_bulletin_disposal
5302,TPEx,2021-04-09,2021-04-22,DISPOSITION,TPEX_bulletin_disposal
5529,TPEx,2021-04-09,2021-04-22,DISPOSITION,TPEX_bulletin_disposal
6150,TPEx,2021-04-09,2021-04-22,DISPOSITION,TPEX_bulletin_disposal
6237,TPEx,2021-04-09,2021-04-22,DISPOSITION,TPEX_bulletin_disposal
3093,TPEx,2021-04-08,2021-04-21,DISPOSITION,TPEX_bulletin_disposal
5310,TPEx,2021-04-08,2021-04-21,DISPOSITION,TPEX_bulletin_disposal
6494,TPEx,2021-04-08,2021-04-21,DISPOSITION,TPEX_bulletin_disposal
3362,TPEx,2021-04-07,2021-04-20,DISPOSITION,TPEX_bulletin_disposal
5272,TPEx,2021-04-07,2021-04-20,DISPOSITION,TPEX_bulletin_disposal
6103,TPEx,2021-04-07,2021-04-20,DISPOSITION,TPEX_bulletin_disposal
4419,TPEx,2021-04-06,2021-04-19,DISPOSITION,TPEX_bulletin_disposal
6590,TPEx,2021-04-06,2021-04-19,DISPOSITION,TPEX_bulletin_disposal
3093,TPEx,2021-04-01,2021-04-16,DISPOSITION,TPEX_bulletin_disposal
3552,TPEx,2021-03-31,2021-04-15,DISPOSITION,TPEX_bulletin_disposal
6103,TPEx,2021-03-31,2021-04-15,DISPOSITION,TPEX_bulletin_disposal
6589,TPEx,2021-03-31,2021-04-15,DISPOSITION,TPEX_bulletin_disposal
3122,TPEx,2021-03-29,2021-04-13,DISPOSITION,TPEX_bulletin_disposal
6103,TPEx,2021-03-26,2021-04-12,DISPOSITION,TPEX_bulletin_disposal
6589,TPEx,2021-03-26,2021-04-12,DISPOSITION,TPEX_bulletin_disposal
2718,TPEx,2021-03-25,2021-04-09,DISPOSITION,TPEX_bulletin_disposal
3288,TPEx,2021-03-25,2021-04-09,DISPOSITION,TPEX_bulletin_disposal
3294,TPEx,2021-03-25,2021-04-09,DISPOSITION,TPEX_bulletin_disposal
3122,TPEx,2021-03-24,2021-04-08,DISPOSITION,TPEX_bulletin_disposal
3276,TPEx,2021-03-24,2021-04-08,DISPOSITION,TPEX_bulletin_disposal
5205,TPEx,2021-03-24,2021-04-08,DISPOSITION,TPEX_bulletin_disposal
5452,TPEx,2021-03-24,2021-04-08,DISPOSITION,TPEX_bulletin_disposal
6129,TPEx,2021-03-24,2021-04-08,DISPOSITION,TPEX_bulletin_disposal
8040,TPEx,2021-03-24,2021-04-08,DISPOSITION,TPEX_bulletin_disposal
3268,TPEx,2021-03-23,2021-04-07,DISPOSITION,TPEX_bulletin_disposal
6716,TPEx,2021-03-23,2021-04-07,DISPOSITION,TPEX_bulletin_disposal
8054,TPEx,2021-03-23,2021-04-07,DISPOSITION,TPEX_bulletin_disposal
2718,TPEx,2021-03-22,2021-04-06,DISPOSITION,TPEX_bulletin_disposal
5302,TPEx,2021-03-22,2021-04-06,DISPOSITION,TPEX_bulletin_disposal
6516,TPEx,2021-03-22,2021-04-06,DISPOSITION,TPEX_bulletin_disposal
6594,TPEx,2021-03-22,2021-04-06,DISPOSITION,TPEX_bulletin_disposal
5452,TPEx,2021-03-19,2021-04-01,DISPOSITION,TPEX_bulletin_disposal
6129,TPEx,2021-03-19,2021-04-01,DISPOSITION,TPEX_bulletin_disposal
8040,TPEx,2021-03-19,2021-04-01,DISPOSITION,TPEX_bulletin_disposal
3228,TPEx,2021-03-18,2021-03-31,DISPOSITION,TPEX_bulletin_disposal
6150,TPEx,2021-03-18,2021-03-31,DISPOSITION,TPEX_bulletin_disposal
3362,TPEx,2021-03-17,2021-03-30,DISPOSITION,TPEX_bulletin_disposal
6594,TPEx,2021-03-17,2021-03-30,DISPOSITION,TPEX_bulletin_disposal
8085,TPEx,2021-03-17,2021-03-30,DISPOSITION,TPEX_bulletin_disposal
8099,TPEx,2021-03-15,2021-03-26,DISPOSITION,TPEX_bulletin_disposal
3362,TPEx,2021-03-12,2021-03-25,DISPOSITION,TPEX_bulletin_disposal
4529,TPEx,2021-03-11,2021-03-24,DISPOSITION,TPEX_bulletin_disposal
3066,TPEx,2021-03-09,2021-03-22,DISPOSITION,TPEX_bulletin_disposal
5468,TPEx,2021-03-08,2021-03-19,DISPOSITION,TPEX_bulletin_disposal
3552,TPEx,2021-03-05,2021-03-18,DISPOSITION,TPEX_bulletin_disposal
3219,TPEx,2021-03-04,2021-03-17,DISPOSITION,TPEX_bulletin_disposal
8077,TPEx,2021-03-04,2021-03-17,DISPOSITION,TPEX_bulletin_disposal
3073,TPEx,2021-03-03,2021-03-16,DISPOSITION,TPEX_bulletin_disposal
4944,TPEx,2021-03-03,2021-03-16,DISPOSITION,TPEX_bulletin_disposal
2734,TPEx,2021-03-02,2021-03-15,DISPOSITION,TPEX_bulletin_disposal
2743,TPEx,2021-03-02,2021-03-15,DISPOSITION,TPEX_bulletin_disposal
6651,TPEx,2021-03-02,2021-03-15,DISPOSITION,TPEX_bulletin_disposal
6716,TPEx,2021-03-02,2021-03-15,DISPOSITION,TPEX_bulletin_disposal
3122,TPEx,2021-02-26,2021-03-12,DISPOSITION,TPEX_bulletin_disposal
4162,TPEx,2021-02-26,2021-03-12,DISPOSITION,TPEX_bulletin_disposal
4743,TPEx,2021-02-26,2021-03-12,DISPOSITION,TPEX_bulletin_disposal
6134,TPEx,2021-02-26,2021-03-12,DISPOSITION,TPEX_bulletin_disposal
6150,TPEx,2021-02-26,2021-03-12,DISPOSITION,TPEX_bulletin_disposal
6589,TPEx,2021-02-26,2021-03-12,DISPOSITION,TPEX_bulletin_disposal
3073,TPEx,2021-02-25,2021-03-11,DISPOSITION,TPEX_bulletin_disposal
3078,TPEx,2021-02-25,2021-03-11,DISPOSITION,TPEX_bulletin_disposal
3228,TPEx,2021-02-25,2021-03-11,DISPOSITION,TPEX_bulletin_disposal
7556,TPEx,2021-02-25,2021-03-11,DISPOSITION,TPEX_bulletin_disposal
6482,TPEx,2021-02-24,2021-03-10,DISPOSITION,TPEX_bulletin_disposal
6485,TPEx,2021-02-24,2021-03-10,DISPOSITION,TPEX_bulletin_disposal
6547,TPEx,2021-02-24,2021-03-10,DISPOSITION,TPEX_bulletin_disposal
6642,TPEx,2021-02-24,2021-03-10,DISPOSITION,TPEX_bulletin_disposal
6716,TPEx,2021-02-24,2021-03-10,DISPOSITION,TPEX_bulletin_disposal
8054,TPEx,2021-02-24,2021-03-10,DISPOSITION,TPEX_bulletin_disposal
3483,TPEx,2021-02-23,2021-03-09,DISPOSITION,TPEX_bulletin_disposal
6589,TPEx,2021-02-23,2021-03-09,DISPOSITION,TPEX_bulletin_disposal
3169,TPEx,2021-02-22,2021-03-08,DISPOSITION,TPEX_bulletin_disposal
3086,TPEx,2021-02-19,2021-03-05,DISPOSITION,TPEX_bulletin_disposal
6482,TPEx,2021-02-19,2021-03-05,DISPOSITION,TPEX_bulletin_disposal
6485,TPEx,2021-02-19,2021-03-05,DISPOSITION,TPEX_bulletin_disposal
6547,TPEx,2021-02-19,2021-03-05,DISPOSITION,TPEX_bulletin_disposal
8087,TPEx,2021-02-19,2021-03-05,DISPOSITION,TPEX_bulletin_disposal
3086,TPEx,2021-02-05,2021-03-02,DISPOSITION,TPEX_bulletin_disposal
3219,TPEx,2021-02-05,2021-03-02,DISPOSITION,TPEX_bulletin_disposal
3086,TPEx,2021-02-02,2021-02-24,DISPOSITION,TPEX_bulletin_disposal
3219,TPEx,2021-02-02,2021-02-24,DISPOSITION,TPEX_bulletin_disposal
3552,TPEx,2021-02-02,2021-02-24,DISPOSITION,TPEX_bulletin_disposal
8024,TPEx,2021-01-28,2021-02-19,DISPOSITION,TPEX_bulletin_disposal
3228,TPEx,2021-01-27,2021-02-18,DISPOSITION,TPEX_bulletin_disposal
3685,TPEx,2021-01-21,2021-02-03,DISPOSITION,TPEX_bulletin_disposal
3685,TPEx,2021-01-18,2021-01-29,DISPOSITION,TPEX_bulletin_disposal
4760,TPEx,2021-01-18,2021-01-29,DISPOSITION,TPEX_bulletin_disposal
6228,TPEx,2021-01-18,2021-01-29,DISPOSITION,TPEX_bulletin_disposal
5468,TPEx,2021-01-15,2021-01-28,DISPOSITION,TPEX_bulletin_disposal
3297,TPEx,2021-01-14,2021-01-27,DISPOSITION,TPEX_bulletin_disposal
1593,TPEx,2021-01-12,2021-01-25,DISPOSITION,TPEX_bulletin_disposal
3086,TPEx,2021-01-12,2021-01-25,DISPOSITION,TPEX_bulletin_disposal
3552,TPEx,2021-01-12,2021-01-25,DISPOSITION,TPEX_bulletin_disposal
8087,TPEx,2021-01-12,2021-01-25,DISPOSITION,TPEX_bulletin_disposal
4946,TPEx,2021-01-11,2021-01-22,DISPOSITION,TPEX_bulletin_disposal
3339,TPEx,2021-01-08,2021-01-21,DISPOSITION,TPEX_bulletin_disposal
1593,TPEx,2021-01-07,2021-01-20,DISPOSITION,TPEX_bulletin_disposal
3086,TPEx,2021-01-07,2021-01-20,DISPOSITION,TPEX_bulletin_disposal
5468,TPEx,2021-01-07,2021-01-20,DISPOSITION,TPEX_bulletin_disposal
8087,TPEx,2021-01-07,2021-01-20,DISPOSITION,TPEX_bulletin_disposal
3228,TPEx,2021-01-06,2021-01-19,DISPOSITION,TPEX_bulletin_disposal
6129,TPEx,2021-01-05,2021-01-18,DISPOSITION,TPEX_bulletin_disposal
3086,TPEx,2021-01-04,2021-01-15,DISPOSITION,TPEX_bulletin_disposal
3297,TPEx,2021-01-04,2021-01-15,DISPOSITION,TPEX_bulletin_disposal
6150,TPEx,2021-01-04,2021-01-15,DISPOSITION,TPEX_bulletin_disposal
8087,TPEx,2021-01-04,2021-01-15,DISPOSITION,TPEX_bulletin_disposal
4747,TPEx,2022-12-27,2023-01-10,DISPOSITION,TPEX_bulletin_disposal
3228,TPEx,2022-12-16,2022-12-29,DISPOSITION,TPEX_bulletin_disposal
3693,TPEx,2022-12-16,2023-01-03,DISPOSITION,TPEX_bulletin_disposal
4979,TPEx,2022-12-06,2022-12-21,DISPOSITION,TPEX_bulletin_disposal
2719,TPEx,2022-12-05,2022-12-16,DISPOSITION,TPEX_bulletin_disposal
3095,TPEx,2022-11-21,2022-12-02,DISPOSITION,TPEX_bulletin_disposal
6472,TPEx,2022-11-18,2022-12-05,DISPOSITION,TPEX_bulletin_disposal
6556,TPEx,2022-11-10,2022-11-23,DISPOSITION,TPEX_bulletin_disposal
3228,TPEx,2022-11-08,2022-11-23,DISPOSITION,TPEX_bulletin_disposal
3272,TPEx,2022-11-07,2022-11-22,DISPOSITION,TPEX_bulletin_disposal
6247,TPEx,2022-10-21,2022-11-03,DISPOSITION,TPEX_bulletin_disposal
3228,TPEx,2022-10-19,2022-11-01,DISPOSITION,TPEX_bulletin_disposal
3219,TPEx,2022-10-18,2022-10-31,DISPOSITION,TPEX_bulletin_disposal
3228,TPEx,2022-10-14,2022-10-27,DISPOSITION,TPEX_bulletin_disposal
6287,TPEx,2022-10-14,2022-10-27,DISPOSITION,TPEX_bulletin_disposal
3228,TPEx,2022-10-07,2022-10-21,DISPOSITION,TPEX_bulletin_disposal
4304,TPEx,2022-09-29,2022-10-13,DISPOSITION,TPEX_bulletin_disposal
5703,TPEx,2022-09-28,2022-10-12,DISPOSITION,TPEX_bulletin_disposal
8426,TPEx,2022-09-21,2022-10-04,DISPOSITION,TPEX_bulletin_disposal
8426,TPEx,2022-09-16,2022-09-29,DISPOSITION,TPEX_bulletin_disposal
3205,TPEx,2022-09-13,2022-09-26,DISPOSITION,TPEX_bulletin_disposal
3523,TPEx,2022-09-13,2022-09-26,DISPOSITION,TPEX_bulletin_disposal
3373,TPEx,2022-09-08,2022-09-22,DISPOSITION,TPEX_bulletin_disposal
4168,TPEx,2022-09-07,2022-09-21,DISPOSITION,TPEX_bulletin_disposal
6683,TPEx,2022-09-02,2022-09-16,DISPOSITION,TPEX_bulletin_disposal
4743,TPEx,2022-08-31,2022-09-14,DISPOSITION,TPEX_bulletin_disposal
2230,TPEx,2022-08-29,2022-09-12,DISPOSITION,TPEX_bulletin_disposal
4743,TPEx,2022-08-26,2022-09-08,DISPOSITION,TPEX_bulletin_disposal
4768,TPEx,2022-08-26,2022-09-08,DISPOSITION,TPEX_bulletin_disposal
6767,TPEx,2022-08-26,2022-09-08,DISPOSITION,TPEX_bulletin_disposal
3520,TPEx,2022-08-25,2022-09-07,DISPOSITION,TPEX_bulletin_disposal
6649,TPEx,2022-08-25,2022-09-07,DISPOSITION,TPEX_bulletin_disposal
2230,TPEx,2022-08-24,2022-09-06,DISPOSITION,TPEX_bulletin_disposal
5205,TPEx,2022-08-24,2022-09-06,DISPOSITION,TPEX_bulletin_disposal
6461,TPEx,2022-08-24,2022-09-06,DISPOSITION,TPEX_bulletin_disposal
6472,TPEx,2022-08-19,2022-09-05,DISPOSITION,TPEX_bulletin_disposal
4413,TPEx,2022-08-18,2022-08-31,DISPOSITION,TPEX_bulletin_disposal
6643,TPEx,2022-08-17,2022-08-30,DISPOSITION,TPEX_bulletin_disposal
6103,TPEx,2022-08-16,2022-08-29,DISPOSITION,TPEX_bulletin_disposal
8097,TPEx,2022-08-12,2022-08-25,DISPOSITION,TPEX_bulletin_disposal
6512,TPEx,2022-08-09,2022-08-22,DISPOSITION,TPEX_bulletin_disposal
3362,TPEx,2022-07-22,2022-08-08,DISPOSITION,TPEX_bulletin_disposal
6143,TPEx,2022-07-11,2022-07-22,DISPOSITION,TPEX_bulletin_disposal
3675,TPEx,2022-07-07,2022-07-20,DISPOSITION,TPEX_bulletin_disposal
3228,TPEx,2022-07-05,2022-07-18,DISPOSITION,TPEX_bulletin_disposal
3675,TPEx,2022-07-04,2022-07-19,DISPOSITION,TPEX_bulletin_disposal
8097,TPEx,2022-07-04,2022-07-15,DISPOSITION,TPEX_bulletin_disposal
3508,TPEx,2022-06-30,2022-07-15,DISPOSITION,TPEX_bulletin_disposal
3205,TPEx,2022-06-29,2022-07-14,DISPOSITION,TPEX_bulletin_disposal
4911,TPEx,2022-06-23,2022-07-06,DISPOSITION,TPEX_bulletin_disposal
4911,TPEx,2022-06-20,2022-07-01,DISPOSITION,TPEX_bulletin_disposal
3252,TPEx,2022-06-15,2022-06-30,DISPOSITION,TPEX_bulletin_disposal
4402,TPEx,2022-06-13,2022-06-24,DISPOSITION,TPEX_bulletin_disposal
2745,TPEx,2022-06-08,2022-06-21,DISPOSITION,TPEX_bulletin_disposal
8097,TPEx,2022-06-07,2022-06-20,DISPOSITION,TPEX_bulletin_disposal
5205,TPEx,2022-06-02,2022-06-16,DISPOSITION,TPEX_bulletin_disposal
8068,TPEx,2022-06-01,2022-06-15,DISPOSITION,TPEX_bulletin_disposal
3466,TPEx,2022-05-25,2022-06-08,DISPOSITION,TPEX_bulletin_disposal
4944,TPEx,2022-05-25,2022-06-08,DISPOSITION,TPEX_bulletin_disposal
2743,TPEx,2022-05-19,2022-06-01,DISPOSITION,TPEX_bulletin_disposal
3629,TPEx,2022-05-16,2022-05-27,DISPOSITION,TPEX_bulletin_disposal
4944,TPEx,2022-05-16,2022-05-27,DISPOSITION,TPEX_bulletin_disposal
4804,TPEx,2022-05-13,2022-05-26,DISPOSITION,TPEX_bulletin_disposal
6113,TPEx,2022-05-13,2022-05-26,DISPOSITION,TPEX_bulletin_disposal
4944,TPEx,2022-05-11,2022-05-24,DISPOSITION,TPEX_bulletin_disposal
4116,TPEx,2022-05-10,2022-05-25,DISPOSITION,TPEX_bulletin_disposal
6241,TPEx,2022-05-06,2022-05-19,DISPOSITION,TPEX_bulletin_disposal
4304,TPEx,2022-05-05,2022-05-18,DISPOSITION,TPEX_bulletin_disposal
8087,TPEx,2022-04-27,2022-05-11,DISPOSITION,TPEX_bulletin_disposal
6199,TPEx,2022-04-26,2022-05-10,DISPOSITION,TPEX_bulletin_disposal
3434,TPEx,2022-04-21,2022-05-05,DISPOSITION,TPEX_bulletin_disposal
6492,TPEx,2022-04-21,2022-05-05,DISPOSITION,TPEX_bulletin_disposal
8409,TPEx,2022-04-21,2022-05-05,DISPOSITION,TPEX_bulletin_disposal
6578,TPEx,2022-04-20,2022-05-04,DISPOSITION,TPEX_bulletin_disposal
4736,TPEx,2022-04-19,2022-05-03,DISPOSITION,TPEX_bulletin_disposal
6242,TPEx,2022-04-19,2022-05-03,DISPOSITION,TPEX_bulletin_disposal
8409,TPEx,2022-04-18,2022-04-29,DISPOSITION,TPEX_bulletin_disposal
4736,TPEx,2022-04-14,2022-04-29,DISPOSITION,TPEX_bulletin_disposal
5309,TPEx,2022-04-14,2022-04-27,DISPOSITION,TPEX_bulletin_disposal
5603,TPEx,2022-03-31,2022-04-15,DISPOSITION,TPEX_bulletin_disposal
5321,TPEx,2022-03-28,2022-04-12,DISPOSITION,TPEX_bulletin_disposal
6240,TPEx,2022-03-28,2022-04-12,DISPOSITION,TPEX_bulletin_disposal
6241,TPEx,2022-03-28,2022-04-12,DISPOSITION,TPEX_bulletin_disposal
6446,TPEx,2022-03-25,2022-04-11,DISPOSITION,TPEX_bulletin_disposal
8440,TPEx,2022-03-25,2022-04-13,DISPOSITION,TPEX_bulletin_disposal
4804,TPEx,2022-03-21,2022-04-01,DISPOSITION,TPEX_bulletin_disposal
2924,TPEx,2022-03-04,2022-03-17,DISPOSITION,TPEX_bulletin_disposal
2924,TPEx,2022-03-01,2022-03-14,DISPOSITION,TPEX_bulletin_disposal
2743,TPEx,2022-02-24,2022-03-14,DISPOSITION,TPEX_bulletin_disposal
5301,TPEx,2022-02-24,2022-03-10,DISPOSITION,TPEX_bulletin_disposal
2745,TPEx,2022-02-23,2022-03-09,DISPOSITION,TPEX_bulletin_disposal
5321,TPEx,2022-02-21,2022-03-09,DISPOSITION,TPEX_bulletin_disposal
3066,TPEx,2022-02-17,2022-03-03,DISPOSITION,TPEX_bulletin_disposal
8440,TPEx,2022-02-16,2022-03-04,DISPOSITION,TPEX_bulletin_disposal
3219,TPEx,2022-02-09,2022-02-22,DISPOSITION,TPEX_bulletin_disposal
8450,TPEx,2022-01-18,2022-02-09,DISPOSITION,TPEX_bulletin_disposal
4946,TPEx,2022-01-11,2022-01-24,DISPOSITION,TPEX_bulletin_disposal
4304,TPEx,2022-01-10,2022-01-21,DISPOSITION,TPEX_bulletin_disposal
4304,TPEx,2022-01-05,2022-01-18,DISPOSITION,TPEX_bulletin_disposal
6228,TPEx,2022-01-04,2022-01-17,DISPOSITION,TPEX_bulletin_disposal
6231,TPEx,2023-12-29,2024-01-16,DISPOSITION,TPEX_bulletin_disposal
8059,TPEx,2023-12-28,2024-01-11,DISPOSITION,TPEX_bulletin_disposal
5314,TPEx,2023-12-25,2024-01-08,DISPOSITION,TPEX_bulletin_disposal
8054,TPEx,2023-12-25,2024-01-10,DISPOSITION,TPEX_bulletin_disposal
8227,TPEx,2023-12-22,2024-01-05,DISPOSITION,TPEX_bulletin_disposal
3623,TPEx,2023-12-20,2024-01-03,DISPOSITION,TPEX_bulletin_disposal
5432,TPEx,2023-12-19,2024-01-04,DISPOSITION,TPEX_bulletin_disposal
6643,TPEx,2023-12-18,2023-12-29,DISPOSITION,TPEX_bulletin_disposal
5426,TPEx,2023-12-15,2023-12-28,DISPOSITION,TPEX_bulletin_disposal
6593,TPEx,2023-12-15,2023-12-28,DISPOSITION,TPEX_bulletin_disposal
3287,TPEx,2023-12-14,2023-12-29,DISPOSITION,TPEX_bulletin_disposal
4413,TPEx,2023-12-13,2023-12-26,DISPOSITION,TPEX_bulletin_disposal
6222,TPEx,2023-12-12,2023-12-25,DISPOSITION,TPEX_bulletin_disposal
5210,TPEx,2023-12-08,2023-12-21,DISPOSITION,TPEX_bulletin_disposal
5478,TPEx,2023-12-07,2023-12-20,DISPOSITION,TPEX_bulletin_disposal
4420,TPEx,2023-12-05,2023-12-18,DISPOSITION,TPEX_bulletin_disposal
6276,TPEx,2023-12-05,2023-12-18,DISPOSITION,TPEX_bulletin_disposal
6482,TPEx,2023-12-05,2023-12-18,DISPOSITION,TPEX_bulletin_disposal
3373,TPEx,2023-12-04,2023-12-19,DISPOSITION,TPEX_bulletin_disposal
3548,TPEx,2023-12-04,2023-12-15,DISPOSITION,TPEX_bulletin_disposal
5478,TPEx,2023-12-04,2023-12-15,DISPOSITION,TPEX_bulletin_disposal
6204,TPEx,2023-11-30,2023-12-13,DISPOSITION,TPEX_bulletin_disposal
3362,TPEx,2023-11-29,2023-12-12,DISPOSITION,TPEX_bulletin_disposal
3623,TPEx,2023-11-29,2023-12-12,DISPOSITION,TPEX_bulletin_disposal
6716,TPEx,2023-11-29,2023-12-12,DISPOSITION,TPEX_bulletin_disposal
8089,TPEx,2023-11-28,2023-12-11,DISPOSITION,TPEX_bulletin_disposal
8227,TPEx,2023-11-27,2023-12-08,DISPOSITION,TPEX_bulletin_disposal
3623,TPEx,2023-11-24,2023-12-07,DISPOSITION,TPEX_bulletin_disposal
3228,TPEx,2023-11-23,2023-12-06,DISPOSITION,TPEX_bulletin_disposal
5314,TPEx,2023-11-21,2023-12-04,DISPOSITION,TPEX_bulletin_disposal
6404,TPEx,2023-11-21,2023-12-04,DISPOSITION,TPEX_bulletin_disposal
3085,TPEx,2023-11-20,2023-12-01,DISPOSITION,TPEX_bulletin_disposal
4183,TPEx,2023-11-17,2023-11-30,DISPOSITION,TPEX_bulletin_disposal
6122,TPEx,2023-11-16,2023-12-01,DISPOSITION,TPEX_bulletin_disposal
6643,TPEx,2023-11-15,2023-11-28,DISPOSITION,TPEX_bulletin_disposal
4806,TPEx,2023-11-14,2023-11-27,DISPOSITION,TPEX_bulletin_disposal
8227,TPEx,2023-11-06,2023-11-17,DISPOSITION,TPEX_bulletin_disposal
8054,TPEx,2023-11-03,2023-11-20,DISPOSITION,TPEX_bulletin_disposal
4979,TPEx,2023-11-01,2023-11-14,DISPOSITION,TPEX_bulletin_disposal
6404,TPEx,2023-10-31,2023-11-13,DISPOSITION,TPEX_bulletin_disposal
6593,TPEx,2023-10-30,2023-11-10,DISPOSITION,TPEX_bulletin_disposal
6404,TPEx,2023-10-26,2023-11-08,DISPOSITION,TPEX_bulletin_disposal
4806,TPEx,2023-10-23,2023-11-03,DISPOSITION,TPEX_bulletin_disposal
6530,TPEx,2023-10-23,2023-11-07,DISPOSITION,TPEX_bulletin_disposal
6643,TPEx,2023-10-23,2023-11-07,DISPOSITION,TPEX_bulletin_disposal
6419,TPEx,2023-10-19,2023-11-01,DISPOSITION,TPEX_bulletin_disposal
6482,TPEx,2023-10-19,2023-11-01,DISPOSITION,TPEX_bulletin_disposal
8227,TPEx,2023-10-16,2023-10-27,DISPOSITION,TPEX_bulletin_disposal
5432,TPEx,2023-10-04,2023-10-23,DISPOSITION,TPEX_bulletin_disposal
8420,TPEx,2023-10-03,2023-10-18,DISPOSITION,TPEX_bulletin_disposal
5321,TPEx,2023-09-19,2023-10-03,DISPOSITION,TPEX_bulletin_disposal
6236,TPEx,2023-09-13,2023-09-26,DISPOSITION,TPEX_bulletin_disposal
4542,TPEx,2023-09-11,2023-09-22,DISPOSITION,TPEX_bulletin_disposal
3548,TPEx,2023-09-08,2023-09-21,DISPOSITION,TPEX_bulletin_disposal
6122,TPEx,2023-09-07,2023-09-22,DISPOSITION,TPEX_bulletin_disposal
4542,TPEx,2023-09-06,2023-09-19,DISPOSITION,TPEX_bulletin_disposal
4979,TPEx,2023-08-31,2023-09-13,DISPOSITION,TPEX_bulletin_disposal
5348,TPEx,2023-08-29,2023-09-11,DISPOSITION,TPEX_bulletin_disposal
6222,TPEx,2023-08-28,2023-09-08,DISPOSITION,TPEX_bulletin_disposal
4944,TPEx,2023-08-25,2023-09-07,DISPOSITION,TPEX_bulletin_disposal
3306,TPEx,2023-08-23,2023-09-07,DISPOSITION,TPEX_bulletin_disposal
3362,TPEx,2023-08-23,2023-09-05,DISPOSITION,TPEX_bulletin_disposal
4154,TPEx,2023-08-18,2023-08-31,DISPOSITION,TPEX_bulletin_disposal
2743,TPEx,2023-08-11,2023-08-24,DISPOSITION,TPEX_bulletin_disposal
5511,TPEx,2023-08-08,2023-08-21,DISPOSITION,TPEX_bulletin_disposal
4979,TPEx,2023-08-03,2023-08-18,DISPOSITION,TPEX_bulletin_disposal
6811,TPEx,2023-07-31,2023-08-11,DISPOSITION,TPEX_bulletin_disposal
4154,TPEx,2023-07-28,2023-08-10,DISPOSITION,TPEX_bulletin_disposal
4188,TPEx,2023-07-27,2023-08-09,DISPOSITION,TPEX_bulletin_disposal
6811,TPEx,2023-07-26,2023-08-08,DISPOSITION,TPEX_bulletin_disposal
3483,TPEx,2023-07-25,2023-08-07,DISPOSITION,TPEX_bulletin_disposal
4154,TPEx,2023-07-25,2023-08-07,DISPOSITION,TPEX_bulletin_disposal
3362,TPEx,2023-07-24,2023-08-04,DISPOSITION,TPEX_bulletin_disposal
6150,TPEx,2023-07-24,2023-08-04,DISPOSITION,TPEX_bulletin_disposal
6527,TPEx,2023-07-24,2023-08-04,DISPOSITION,TPEX_bulletin_disposal
6530,TPEx,2023-07-24,2023-08-04,DISPOSITION,TPEX_bulletin_disposal
6569,TPEx,2023-07-24,2023-08-04,DISPOSITION,TPEX_bulletin_disposal
3363,TPEx,2023-07-20,2023-08-04,DISPOSITION,TPEX_bulletin_disposal
3483,TPEx,2023-07-20,2023-08-02,DISPOSITION,TPEX_bulletin_disposal
6569,TPEx,2023-07-19,2023-08-01,DISPOSITION,TPEX_bulletin_disposal
4419,TPEx,2023-07-18,2023-07-31,DISPOSITION,TPEX_bulletin_disposal
2745,TPEx,2023-07-17,2023-07-28,DISPOSITION,TPEX_bulletin_disposal
3089,TPEx,2023-07-17,2023-07-28,DISPOSITION,TPEX_bulletin_disposal
3191,TPEx,2023-07-17,2023-07-28,DISPOSITION,TPEX_bulletin_disposal
6703,TPEx,2023-07-17,2023-07-28,DISPOSITION,TPEX_bulletin_disposal
6419,TPEx,2023-07-14,2023-07-27,DISPOSITION,TPEX_bulletin_disposal
2743,TPEx,2023-07-12,2023-07-27,DISPOSITION,TPEX_bulletin_disposal
6538,TPEx,2023-07-12,2023-07-25,DISPOSITION,TPEX_bulletin_disposal
4979,TPEx,2023-07-11,2023-07-26,DISPOSITION,TPEX_bulletin_disposal
8093,TPEx,2023-07-11,2023-07-24,DISPOSITION,TPEX_bulletin_disposal
3564,TPEx,2023-07-10,2023-07-21,DISPOSITION,TPEX_bulletin_disposal
4905,TPEx,2023-07-10,2023-07-21,DISPOSITION,TPEX_bulletin_disposal
6125,TPEx,2023-07-10,2023-07-21,DISPOSITION,TPEX_bulletin_disposal
8048,TPEx,2023-07-10,2023-07-21,DISPOSITION,TPEX_bulletin_disposal
2230,TPEx,2023-07-06,2023-07-21,DISPOSITION,TPEX_bulletin_disposal
3089,TPEx,2023-07-05,2023-07-18,DISPOSITION,TPEX_bulletin_disposal
3664,TPEx,2023-07-04,2023-07-17,DISPOSITION,TPEX_bulletin_disposal
3089,TPEx,2023-06-30,2023-07-13,DISPOSITION,TPEX_bulletin_disposal
3073,TPEx,2023-06-29,2023-07-12,DISPOSITION,TPEX_bulletin_disposal
9950,TPEx,2023-06-29,2023-07-12,DISPOSITION,TPEX_bulletin_disposal
6643,TPEx,2023-06-28,2023-07-11,DISPOSITION,TPEX_bulletin_disposal
6125,TPEx,2023-06-27,2023-07-10,DISPOSITION,TPEX_bulletin_disposal
4533,TPEx,2023-06-20,2023-07-05,DISPOSITION,TPEX_bulletin_disposal
5381,TPEx,2023-06-20,2023-07-05,DISPOSITION,TPEX_bulletin_disposal
2743,TPEx,2023-06-15,2023-07-04,DISPOSITION,TPEX_bulletin_disposal
4533,TPEx,2023-06-15,2023-06-30,DISPOSITION,TPEX_bulletin_disposal
5703,TPEx,2023-06-14,2023-06-29,DISPOSITION,TPEX_bulletin_disposal
6577,TPEx,2023-06-14,2023-06-29,DISPOSITION,TPEX_bulletin_disposal
8034,TPEx,2023-06-14,2023-06-29,DISPOSITION,TPEX_bulletin_disposal
2745,TPEx,2023-06-12,2023-06-27,DISPOSITION,TPEX_bulletin_disposal
2734,TPEx,2023-06-09,2023-06-26,DISPOSITION,TPEX_bulletin_disposal
4946,TPEx,2023-06-09,2023-06-26,DISPOSITION,TPEX_bulletin_disposal
4543,TPEx,2023-06-05,2023-06-16,DISPOSITION,TPEX_bulletin_disposal
6291,TPEx,2023-06-02,2023-06-15,DISPOSITION,TPEX_bulletin_disposal
8227,TPEx,2023-06-01,2023-06-14,DISPOSITION,TPEX_bulletin_disposal
5301,TPEx,2023-05-31,2023-06-13,DISPOSITION,TPEX_bulletin_disposal
6643,TPEx,2023-05-31,2023-06-13,DISPOSITION,TPEX_bulletin_disposal
2736,TPEx,2023-05-30,2023-06-14,DISPOSITION,TPEX_bulletin_disposal
6697,TPEx,2023-05-29,2023-06-09,DISPOSITION,TPEX_bulletin_disposal
2719,TPEx,2023-05-25,2023-06-07,DISPOSITION,TPEX_bulletin_disposal
2745,TPEx,2023-05-24,2023-06-06,DISPOSITION,TPEX_bulletin_disposal
6697,TPEx,2023-05-24,2023-06-06,DISPOSITION,TPEX_bulletin_disposal
2743,TPEx,2023-05-23,2023-06-07,DISPOSITION,TPEX_bulletin_disposal
8426,TPEx,2023-05-22,2023-06-02,DISPOSITION,TPEX_bulletin_disposal
2745,TPEx,2023-05-19,2023-06-01,DISPOSITION,TPEX_bulletin_disposal
6198,TPEx,2023-05-19,2023-06-01,DISPOSITION,TPEX_bulletin_disposal
2743,TPEx,2023-05-18,2023-05-31,DISPOSITION,TPEX_bulletin_disposal
6276,TPEx,2023-05-17,2023-06-01,DISPOSITION,TPEX_bulletin_disposal
2230,TPEx,2023-05-15,2023-05-26,DISPOSITION,TPEX_bulletin_disposal
6276,TPEx,2023-05-12,2023-05-25,DISPOSITION,TPEX_bulletin_disposal
4160,TPEx,2023-05-11,2023-05-24,DISPOSITION,TPEX_bulletin_disposal
3664,TPEx,2023-05-09,2023-05-22,DISPOSITION,TPEX_bulletin_disposal
6111,TPEx,2023-05-09,2023-05-24,DISPOSITION,TPEX_bulletin_disposal
6148,TPEx,2023-05-08,2023-05-23,DISPOSITION,TPEX_bulletin_disposal
6752,TPEx,2023-05-08,2023-05-19,DISPOSITION,TPEX_bulletin_disposal
8227,TPEx,2023-05-04,2023-05-19,DISPOSITION,TPEX_bulletin_disposal
4741,TPEx,2023-04-28,2023-05-12,DISPOSITION,TPEX_bulletin_disposal
4147,TPEx,2023-04-27,2023-05-11,DISPOSITION,TPEX_bulletin_disposal
6874,TPEx,2023-04-27,2023-05-15,DISPOSITION,TPEX_bulletin_disposal
3629,TPEx,2023-04-26,2023-05-10,DISPOSITION,TPEX_bulletin_disposal
4728,TPEx,2023-04-25,2023-05-09,DISPOSITION,TPEX_bulletin_disposal
6791,TPEx,2023-04-25,2023-05-09,DISPOSITION,TPEX_bulletin_disposal
1584,TPEx,2023-04-20,2023-05-08,DISPOSITION,TPEX_bulletin_disposal
4728,TPEx,2023-04-20,2023-05-04,DISPOSITION,TPEX_bulletin_disposal
3693,TPEx,2023-04-18,2023-05-04,DISPOSITION,TPEX_bulletin_disposal
6465,TPEx,2023-04-18,2023-05-02,DISPOSITION,TPEX_bulletin_disposal
4804,TPEx,2023-04-14,2023-04-27,DISPOSITION,TPEX_bulletin_disposal
5314,TPEx,2023-04-14,2023-04-27,DISPOSITION,TPEX_bulletin_disposal
3664,TPEx,2023-04-13,2023-04-26,DISPOSITION,TPEX_bulletin_disposal
8227,TPEx,2023-04-12,2023-04-25,DISPOSITION,TPEX_bulletin_disposal
3664,TPEx,2023-04-10,2023-04-21,DISPOSITION,TPEX_bulletin_disposal
6517,TPEx,2023-04-07,2023-04-20,DISPOSITION,TPEX_bulletin_disposal
5381,TPEx,2023-04-06,2023-04-19,DISPOSITION,TPEX_bulletin_disposal
6472,TPEx,2023-03-31,2023-04-20,DISPOSITION,TPEX_bulletin_disposal
6517,TPEx,2023-03-30,2023-04-17,DISPOSITION,TPEX_bulletin_disposal
3629,TPEx,2023-03-29,2023-04-14,DISPOSITION,TPEX_bulletin_disposal
5381,TPEx,2023-03-29,2023-04-14,DISPOSITION,TPEX_bulletin_disposal
6160,TPEx,2023-03-28,2023-04-13,DISPOSITION,TPEX_bulletin_disposal
6874,TPEx,2023-03-27,2023-04-12,DISPOSITION,TPEX_bulletin_disposal
6751,TPEx,2023-03-24,2023-04-11,DISPOSITION,TPEX_bulletin_disposal
2754,TPEx,2023-03-17,2023-03-30,DISPOSITION,TPEX_bulletin_disposal
6291,TPEx,2023-03-17,2023-03-30,DISPOSITION,TPEX_bulletin_disposal
8227,TPEx,2023-03-15,2023-03-30,DISPOSITION,TPEX_bulletin_disposal
7402,TPEx,2023-03-13,2023-03-24,DISPOSITION,TPEX_bulletin_disposal
3362,TPEx,2023-03-10,2023-03-27,DISPOSITION,TPEX_bulletin_disposal
6811,TPEx,2023-03-08,2023-03-21,DISPOSITION,TPEX_bulletin_disposal
6752,TPEx,2023-03-07,2023-03-20,DISPOSITION,TPEX_bulletin_disposal
6751,TPEx,2023-03-06,2023-03-17,DISPOSITION,TPEX_bulletin_disposal
6874,TPEx,2023-03-03,2023-03-16,DISPOSITION,TPEX_bulletin_disposal
5701,TPEx,2023-03-01,2023-03-14,DISPOSITION,TPEX_bulletin_disposal
6791,TPEx,2023-03-01,2023-03-14,DISPOSITION,TPEX_bulletin_disposal
6874,TPEx,2023-02-24,2023-03-13,DISPOSITION,TPEX_bulletin_disposal
2719,TPEx,2023-02-23,2023-03-10,DISPOSITION,TPEX_bulletin_disposal
6874,TPEx,2023-02-21,2023-03-08,DISPOSITION,TPEX_bulletin_disposal
2754,TPEx,2023-02-20,2023-03-09,DISPOSITION,TPEX_bulletin_disposal
6865,TPEx,2023-02-15,2023-03-02,DISPOSITION,TPEX_bulletin_disposal
6472,TPEx,2023-02-14,2023-03-03,DISPOSITION,TPEX_bulletin_disposal
8227,TPEx,2023-02-13,2023-02-24,DISPOSITION,TPEX_bulletin_disposal
6612,TPEx,2023-02-03,2023-02-16,DISPOSITION,TPEX_bulletin_disposal
5340,TPEx,2023-01-10,2023-02-02,DISPOSITION,TPEX_bulletin_disposal
5314,TPEx,2024-12-31,2025-01-14,DISPOSITION,TPEX_bulletin_disposal
6104,TPEx,2024-12-31,2025-01-14,DISPOSITION,TPEX_bulletin_disposal
6922,TPEx,2024-12-27,2025-01-10,DISPOSITION,TPEX_bulletin_disposal
3363,TPEx,2024-12-23,2025-01-06,DISPOSITION,TPEX_bulletin_disposal
3081,TPEx,2024-12-18,2024-12-31,DISPOSITION,TPEX_bulletin_disposal
5278,TPEx,2024-12-16,2024-12-27,DISPOSITION,TPEX_bulletin_disposal
6535,TPEx,2024-12-12,2024-12-25,DISPOSITION,TPEX_bulletin_disposal
3625,TPEx,2024-12-09,2024-12-20,DISPOSITION,TPEX_bulletin_disposal
6535,TPEx,2024-12-09,2024-12-20,DISPOSITION,TPEX_bulletin_disposal
6104,TPEx,2024-12-06,2024-12-23,DISPOSITION,TPEX_bulletin_disposal
5314,TPEx,2024-12-03,2024-12-16,DISPOSITION,TPEX_bulletin_disposal
6144,TPEx,2024-11-29,2024-12-12,DISPOSITION,TPEX_bulletin_disposal
3363,TPEx,2024-11-28,2024-12-11,DISPOSITION,TPEX_bulletin_disposal
3597,TPEx,2024-11-28,2024-12-11,DISPOSITION,TPEX_bulletin_disposal
1569,TPEx,2024-11-27,2024-12-12,DISPOSITION,TPEX_bulletin_disposal
3081,TPEx,2024-11-27,2024-12-12,DISPOSITION,TPEX_bulletin_disposal
3202,TPEx,2024-11-27,2024-12-10,DISPOSITION,TPEX_bulletin_disposal
5314,TPEx,2024-11-27,2024-12-10,DISPOSITION,TPEX_bulletin_disposal
3202,TPEx,2024-11-22,2024-12-05,DISPOSITION,TPEX_bulletin_disposal
3625,TPEx,2024-11-22,2024-12-05,DISPOSITION,TPEX_bulletin_disposal
4931,TPEx,2024-11-18,2024-12-03,DISPOSITION,TPEX_bulletin_disposal
3211,TPEx,2024-11-15,2024-11-28,DISPOSITION,TPEX_bulletin_disposal
8937,TPEx,2024-11-13,2024-11-26,DISPOSITION,TPEX_bulletin_disposal
4991,TPEx,2024-11-11,2024-11-26,DISPOSITION,TPEX_bulletin_disposal
6144,TPEx,2024-11-08,2024-11-21,DISPOSITION,TPEX_bulletin_disposal
8047,TPEx,2024-11-07,2024-11-20,DISPOSITION,TPEX_bulletin_disposal
8937,TPEx,2024-11-06,2024-11-19,DISPOSITION,TPEX_bulletin_disposal
3363,TPEx,2024-11-05,2024-11-18,DISPOSITION,TPEX_bulletin_disposal
6144,TPEx,2024-11-05,2024-11-18,DISPOSITION,TPEX_bulletin_disposal
3081,TPEx,2024-11-04,2024-11-19,DISPOSITION,TPEX_bulletin_disposal
8044,TPEx,2024-10-31,2024-11-13,DISPOSITION,TPEX_bulletin_disposal
4558,TPEx,2024-10-30,2024-11-12,DISPOSITION,TPEX_bulletin_disposal
6144,TPEx,2024-10-30,2024-11-12,DISPOSITION,TPEX_bulletin_disposal
6791,TPEx,2024-10-29,2024-11-11,DISPOSITION,TPEX_bulletin_disposal
6763,TPEx,2024-10-25,2024-11-07,DISPOSITION,TPEX_bulletin_disposal
6151,TPEx,2024-10-24,2024-11-06,DISPOSITION,TPEX_bulletin_disposal
6763,TPEx,2024-10-22,2024-11-04,DISPOSITION,TPEX_bulletin_disposal
6546,TPEx,2024-10-21,2024-11-01,DISPOSITION,TPEX_bulletin_disposal
4991,TPEx,2024-10-17,2024-10-30,DISPOSITION,TPEX_bulletin_disposal
6187,TPEx,2024-10-17,2024-10-30,DISPOSITION,TPEX_bulletin_disposal
5543,TPEx,2024-10-15,2024-10-28,DISPOSITION,TPEX_bulletin_disposal
3234,TPEx,2024-10-14,2024-10-25,DISPOSITION,TPEX_bulletin_disposal
3363,TPEx,2024-10-14,2024-10-25,DISPOSITION,TPEX_bulletin_disposal
3081,TPEx,2024-10-08,2024-10-24,DISPOSITION,TPEX_bulletin_disposal
6246,TPEx,2024-10-07,2024-10-21,DISPOSITION,TPEX_bulletin_disposal
1799,TPEx,2024-10-01,2024-10-15,DISPOSITION,TPEX_bulletin_disposal
4402,TPEx,2024-10-01,2024-10-15,DISPOSITION,TPEX_bulletin_disposal
3085,TPEx,2024-09-25,2024-10-08,DISPOSITION,TPEX_bulletin_disposal
5210,TPEx,2024-09-25,2024-10-08,DISPOSITION,TPEX_bulletin_disposal
6144,TPEx,2024-09-25,2024-10-08,DISPOSITION,TPEX_bulletin_disposal
3230,TPEx,2024-09-24,2024-10-07,DISPOSITION,TPEX_bulletin_disposal
3354,TPEx,2024-09-23,2024-10-04,DISPOSITION,TPEX_bulletin_disposal
6643,TPEx,2024-09-23,2024-10-04,DISPOSITION,TPEX_bulletin_disposal
4950,TPEx,2024-09-20,2024-10-03,DISPOSITION,TPEX_bulletin_disposal
5314,TPEx,2024-09-20,2024-10-03,DISPOSITION,TPEX_bulletin_disposal
5443,TPEx,2024-09-20,2024-10-03,DISPOSITION,TPEX_bulletin_disposal
5438,TPEx,2024-09-19,2024-10-02,DISPOSITION,TPEX_bulletin_disposal
6187,TPEx,2024-09-19,2024-10-04,DISPOSITION,TPEX_bulletin_disposal
8032,TPEx,2024-09-19,2024-10-02,DISPOSITION,TPEX_bulletin_disposal
4950,TPEx,2024-09-16,2024-09-30,DISPOSITION,TPEX_bulletin_disposal
6231,TPEx,2024-09-16,2024-09-30,DISPOSITION,TPEX_bulletin_disposal
8080,TPEx,2024-09-05,2024-09-19,DISPOSITION,TPEX_bulletin_disposal
3081,TPEx,2024-09-04,2024-09-20,DISPOSITION,TPEX_bulletin_disposal
8111,TPEx,2024-09-03,2024-09-16,DISPOSITION,TPEX_bulletin_disposal
5386,TPEx,2024-09-02,2024-09-13,DISPOSITION,TPEX_bulletin_disposal
8080,TPEx,2024-09-02,2024-09-13,DISPOSITION,TPEX_bulletin_disposal
5364,TPEx,2024-08-30,2024-09-12,DISPOSITION,TPEX_bulletin_disposal
4741,TPEx,2024-08-29,2024-09-11,DISPOSITION,TPEX_bulletin_disposal
3073,TPEx,2024-08-28,2024-09-12,DISPOSITION,TPEX_bulletin_disposal
8080,TPEx,2024-08-28,2024-09-10,DISPOSITION,TPEX_bulletin_disposal
4729,TPEx,2024-08-26,2024-09-06,DISPOSITION,TPEX_bulletin_disposal
5905,TPEx,2024-08-23,2024-09-05,DISPOSITION,TPEX_bulletin_disposal
2070,TPEx,2024-08-22,2024-09-06,DISPOSITION,TPEX_bulletin_disposal
6570,TPEx,2024-08-22,2024-09-04,DISPOSITION,TPEX_bulletin_disposal
3230,TPEx,2024-08-21,2024-09-03,DISPOSITION,TPEX_bulletin_disposal
3219,TPEx,2024-08-19,2024-08-30,DISPOSITION,TPEX_bulletin_disposal
3284,TPEx,2024-08-19,2024-08-30,DISPOSITION,TPEX_bulletin_disposal
6187,TPEx,2024-08-19,2024-08-30,DISPOSITION,TPEX_bulletin_disposal
3230,TPEx,2024-08-16,2024-08-29,DISPOSITION,TPEX_bulletin_disposal
3303,TPEx,2024-08-16,2024-08-29,DISPOSITION,TPEX_bulletin_disposal
6643,TPEx,2024-08-12,2024-08-23,DISPOSITION,TPEX_bulletin_disposal
4510,TPEx,2024-08-09,2024-08-26,DISPOSITION,TPEX_bulletin_disposal
6199,TPEx,2024-08-08,2024-08-21,DISPOSITION,TPEX_bulletin_disposal
6640,TPEx,2024-08-07,2024-08-20,DISPOSITION,TPEX_bulletin_disposal
2924,TPEx,2024-08-06,2024-08-19,DISPOSITION,TPEX_bulletin_disposal
6199,TPEx,2024-08-05,2024-08-16,DISPOSITION,TPEX_bulletin_disposal
3228,TPEx,2024-07-31,2024-08-13,DISPOSITION,TPEX_bulletin_disposal
6228,TPEx,2024-07-31,2024-08-13,DISPOSITION,TPEX_bulletin_disposal
8085,TPEx,2024-07-30,2024-08-12,DISPOSITION,TPEX_bulletin_disposal
6144,TPEx,2024-07-29,2024-08-09,DISPOSITION,TPEX_bulletin_disposal
8089,TPEx,2024-07-24,2024-08-06,DISPOSITION,TPEX_bulletin_disposal
3073,TPEx,2024-07-23,2024-08-05,DISPOSITION,TPEX_bulletin_disposal
6692,TPEx,2024-07-23,2024-08-05,DISPOSITION,TPEX_bulletin_disposal
6492,TPEx,2024-07-22,2024-08-02,DISPOSITION,TPEX_bulletin_disposal
3379,TPEx,2024-07-18,2024-07-31,DISPOSITION,TPEX_bulletin_disposal
4804,TPEx,2024-07-18,2024-07-31,DISPOSITION,TPEX_bulletin_disposal
3363,TPEx,2024-07-16,2024-07-29,DISPOSITION,TPEX_bulletin_disposal
4510,TPEx,2024-07-15,2024-07-26,DISPOSITION,TPEX_bulletin_disposal
6187,TPEx,2024-07-12,2024-07-25,DISPOSITION,TPEX_bulletin_disposal
6218,TPEx,2024-07-12,2024-07-25,DISPOSITION,TPEX_bulletin_disposal
8937,TPEx,2024-07-12,2024-07-25,DISPOSITION,TPEX_bulletin_disposal
6231,TPEx,2024-07-11,2024-07-24,DISPOSITION,TPEX_bulletin_disposal
8906,TPEx,2024-07-11,2024-07-24,DISPOSITION,TPEX_bulletin_disposal
4510,TPEx,2024-07-10,2024-07-23,DISPOSITION,TPEX_bulletin_disposal
5345,TPEx,2024-07-09,2024-07-22,DISPOSITION,TPEX_bulletin_disposal
3492,TPEx,2024-07-08,2024-07-19,DISPOSITION,TPEX_bulletin_disposal
4534,TPEx,2024-07-08,2024-07-19,DISPOSITION,TPEX_bulletin_disposal
4304,TPEx,2024-07-05,2024-07-18,DISPOSITION,TPEX_bulletin_disposal
8440,TPEx,2024-07-05,2024-07-18,DISPOSITION,TPEX_bulletin_disposal
1784,TPEx,2024-07-04,2024-07-17,DISPOSITION,TPEX_bulletin_disposal
5345,TPEx,2024-07-04,2024-07-17,DISPOSITION,TPEX_bulletin_disposal
6661,TPEx,2024-07-04,2024-07-17,DISPOSITION,TPEX_bulletin_disposal
6895,TPEx,2024-07-03,2024-07-16,DISPOSITION,TPEX_bulletin_disposal
8089,TPEx,2024-07-03,2024-07-16,DISPOSITION,TPEX_bulletin_disposal
4304,TPEx,2024-07-02,2024-07-15,DISPOSITION,TPEX_bulletin_disposal
8440,TPEx,2024-07-02,2024-07-15,DISPOSITION,TPEX_bulletin_disposal
3581,TPEx,2024-07-01,2024-07-16,DISPOSITION,TPEX_bulletin_disposal
5345,TPEx,2024-07-01,2024-07-12,DISPOSITION,TPEX_bulletin_disposal
6144,TPEx,2024-07-01,2024-07-12,DISPOSITION,TPEX_bulletin_disposal
3297,TPEx,2024-06-28,2024-07-11,DISPOSITION,TPEX_bulletin_disposal
3363,TPEx,2024-06-24,2024-07-05,DISPOSITION,TPEX_bulletin_disposal
3379,TPEx,2024-06-21,2024-07-04,DISPOSITION,TPEX_bulletin_disposal
6187,TPEx,2024-06-21,2024-07-04,DISPOSITION,TPEX_bulletin_disposal
6535,TPEx,2024-06-21,2024-07-04,DISPOSITION,TPEX_bulletin_disposal
3219,TPEx,2024-06-19,2024-07-02,DISPOSITION,TPEX_bulletin_disposal
4419,TPEx,2024-06-19,2024-07-02,DISPOSITION,TPEX_bulletin_disposal
4924,TPEx,2024-06-19,2024-07-02,DISPOSITION,TPEX_bulletin_disposal
6640,TPEx,2024-06-19,2024-07-02,DISPOSITION,TPEX_bulletin_disposal
6643,TPEx,2024-06-19,2024-07-02,DISPOSITION,TPEX_bulletin_disposal
3122,TPEx,2024-06-13,2024-06-28,DISPOSITION,TPEX_bulletin_disposal
6228,TPEx,2024-06-12,2024-06-25,DISPOSITION,TPEX_bulletin_disposal
8089,TPEx,2024-06-12,2024-06-25,DISPOSITION,TPEX_bulletin_disposal
6895,TPEx,2024-06-07,2024-06-21,DISPOSITION,TPEX_bulletin_disposal
6512,TPEx,2024-06-06,2024-06-20,DISPOSITION,TPEX_bulletin_disposal
8291,TPEx,2024-06-06,2024-06-20,DISPOSITION,TPEX_bulletin_disposal
3379,TPEx,2024-06-05,2024-06-19,DISPOSITION,TPEX_bulletin_disposal
4549,TPEx,2024-06-04,2024-06-18,DISPOSITION,TPEX_bulletin_disposal
8455,TPEx,2024-06-04,2024-06-18,DISPOSITION,TPEX_bulletin_disposal
6160,TPEx,2024-06-03,2024-06-17,DISPOSITION,TPEX_bulletin_disposal
8291,TPEx,2024-06-03,2024-06-17,DISPOSITION,TPEX_bulletin_disposal
6231,TPEx,2024-05-31,2024-06-14,DISPOSITION,TPEX_bulletin_disposal
3466,TPEx,2024-05-30,2024-06-13,DISPOSITION,TPEX_bulletin_disposal
3537,TPEx,2024-05-30,2024-06-13,DISPOSITION,TPEX_bulletin_disposal
5474,TPEx,2024-05-29,2024-06-12,DISPOSITION,TPEX_bulletin_disposal
8291,TPEx,2024-05-29,2024-06-12,DISPOSITION,TPEX_bulletin_disposal
3064,TPEx,2024-05-28,2024-06-11,DISPOSITION,TPEX_bulletin_disposal
3363,TPEx,2024-05-28,2024-06-11,DISPOSITION,TPEX_bulletin_disposal
3491,TPEx,2024-05-28,2024-06-11,DISPOSITION,TPEX_bulletin_disposal
4127,TPEx,2024-05-28,2024-06-11,DISPOSITION,TPEX_bulletin_disposal
8071,TPEx,2024-05-24,2024-06-06,DISPOSITION,TPEX_bulletin_disposal
3064,TPEx,2024-05-23,2024-06-05,DISPOSITION,TPEX_bulletin_disposal
5392,TPEx,2024-05-23,2024-06-05,DISPOSITION,TPEX_bulletin_disposal
6419,TPEx,2024-05-22,2024-06-04,DISPOSITION,TPEX_bulletin_disposal
8089,TPEx,2024-05-21,2024-06-03,DISPOSITION,TPEX_bulletin_disposal
6535,TPEx,2024-05-20,2024-05-31,DISPOSITION,TPEX_bulletin_disposal
6419,TPEx,2024-05-17,2024-05-30,DISPOSITION,TPEX_bulletin_disposal
4303,TPEx,2024-05-14,2024-05-27,DISPOSITION,TPEX_bulletin_disposal
6419,TPEx,2024-05-10,2024-05-23,DISPOSITION,TPEX_bulletin_disposal
3466,TPEx,2024-05-09,2024-05-22,DISPOSITION,TPEX_bulletin_disposal
8906,TPEx,2024-05-08,2024-05-21,DISPOSITION,TPEX_bulletin_disposal
5301,TPEx,2024-05-06,2024-05-17,DISPOSITION,TPEX_bulletin_disposal
3234,TPEx,2024-05-03,2024-05-16,DISPOSITION,TPEX_bulletin_disposal
6264,TPEx,2024-05-02,2024-05-15,DISPOSITION,TPEX_bulletin_disposal
6425,TPEx,2024-05-02,2024-05-15,DISPOSITION,TPEX_bulletin_disposal
2745,TPEx,2024-04-30,2024-05-14,DISPOSITION,TPEX_bulletin_disposal
6199,TPEx,2024-04-29,2024-05-13,DISPOSITION,TPEX_bulletin_disposal
5314,TPEx,2024-04-26,2024-05-10,DISPOSITION,TPEX_bulletin_disposal
3228,TPEx,2024-04-25,2024-05-09,DISPOSITION,TPEX_bulletin_disposal
5314,TPEx,2024-04-23,2024-05-07,DISPOSITION,TPEX_bulletin_disposal
8420,TPEx,2024-04-23,2024-05-07,DISPOSITION,TPEX_bulletin_disposal
4768,TPEx,2024-04-22,2024-05-06,DISPOSITION,TPEX_bulletin_disposal
1570,TPEx,2024-04-19,2024-05-03,DISPOSITION,TPEX_bulletin_disposal
8077,TPEx,2024-04-18,2024-05-02,DISPOSITION,TPEX_bulletin_disposal
2724,TPEx,2024-04-17,2024-04-30,DISPOSITION,TPEX_bulletin_disposal
3609,TPEx,2024-04-17,2024-04-30,DISPOSITION,TPEX_bulletin_disposal
4533,TPEx,2024-04-16,2024-04-29,DISPOSITION,TPEX_bulletin_disposal
4192,TPEx,2024-04-15,2024-04-26,DISPOSITION,TPEX_bulletin_disposal
3466,TPEx,2024-04-12,2024-04-25,DISPOSITION,TPEX_bulletin_disposal
3555,TPEx,2024-04-12,2024-04-25,DISPOSITION,TPEX_bulletin_disposal
4304,TPEx,2024-04-12,2024-04-25,DISPOSITION,TPEX_bulletin_disposal
4198,TPEx,2024-04-11,2024-04-24,DISPOSITION,TPEX_bulletin_disposal
6207,TPEx,2024-04-11,2024-04-24,DISPOSITION,TPEX_bulletin_disposal
6187,TPEx,2024-04-10,2024-04-23,DISPOSITION,TPEX_bulletin_disposal
3629,TPEx,2024-04-08,2024-04-19,DISPOSITION,TPEX_bulletin_disposal
4198,TPEx,2024-04-08,2024-04-19,DISPOSITION,TPEX_bulletin_disposal
4909,TPEx,2024-04-08,2024-04-19,DISPOSITION,TPEX_bulletin_disposal
7402,TPEx,2024-04-08,2024-04-23,DISPOSITION,TPEX_bulletin_disposal
8089,TPEx,2024-04-01,2024-04-16,DISPOSITION,TPEX_bulletin_disposal
5314,TPEx,2024-03-29,2024-04-15,DISPOSITION,TPEX_bulletin_disposal
3228,TPEx,2024-03-28,2024-04-12,DISPOSITION,TPEX_bulletin_disposal
4127,TPEx,2024-03-28,2024-04-12,DISPOSITION,TPEX_bulletin_disposal
5493,TPEx,2024-03-26,2024-04-10,DISPOSITION,TPEX_bulletin_disposal
6640,TPEx,2024-03-26,2024-04-10,DISPOSITION,TPEX_bulletin_disposal
4127,TPEx,2024-03-25,2024-04-09,DISPOSITION,TPEX_bulletin_disposal
6187,TPEx,2024-03-18,2024-03-29,DISPOSITION,TPEX_bulletin_disposal
5386,TPEx,2024-03-15,2024-03-28,DISPOSITION,TPEX_bulletin_disposal
6643,TPEx,2024-03-15,2024-03-28,DISPOSITION,TPEX_bulletin_disposal
8040,TPEx,2024-03-15,2024-03-28,DISPOSITION,TPEX_bulletin_disposal
4909,TPEx,2024-03-14,2024-03-27,DISPOSITION,TPEX_bulletin_disposal
8227,TPEx,2024-03-14,2024-03-27,DISPOSITION,TPEX_bulletin_disposal
5310,TPEx,2024-03-12,2024-03-25,DISPOSITION,TPEX_bulletin_disposal
8227,TPEx,2024-03-11,2024-03-22,DISPOSITION,TPEX_bulletin_disposal
3372,TPEx,2024-03-07,2024-03-20,DISPOSITION,TPEX_bulletin_disposal
4303,TPEx,2024-03-07,2024-03-20,DISPOSITION,TPEX_bulletin_disposal
5314,TPEx,2024-03-07,2024-03-20,DISPOSITION,TPEX_bulletin_disposal
8092,TPEx,2024-03-07,2024-03-20,DISPOSITION,TPEX_bulletin_disposal
6227,TPEx,2024-03-06,2024-03-19,DISPOSITION,TPEX_bulletin_disposal
6535,TPEx,2024-03-06,2024-03-19,DISPOSITION,TPEX_bulletin_disposal
6640,TPEx,2024-03-06,2024-03-19,DISPOSITION,TPEX_bulletin_disposal
3363,TPEx,2024-03-05,2024-03-20,DISPOSITION,TPEX_bulletin_disposal
4303,TPEx,2024-03-04,2024-03-15,DISPOSITION,TPEX_bulletin_disposal
8047,TPEx,2024-03-01,2024-03-14,DISPOSITION,TPEX_bulletin_disposal
8092,TPEx,2024-03-01,2024-03-14,DISPOSITION,TPEX_bulletin_disposal
4131,TPEx,2024-02-29,2024-03-13,DISPOSITION,TPEX_bulletin_disposal
3313,TPEx,2024-02-27,2024-03-12,DISPOSITION,TPEX_bulletin_disposal
5381,TPEx,2024-02-27,2024-03-12,DISPOSITION,TPEX_bulletin_disposal
6640,TPEx,2024-02-27,2024-03-12,DISPOSITION,TPEX_bulletin_disposal
8147,TPEx,2024-02-27,2024-03-12,DISPOSITION,TPEX_bulletin_disposal
4714,TPEx,2024-02-26,2024-03-11,DISPOSITION,TPEX_bulletin_disposal
3362,TPEx,2024-02-23,2024-03-08,DISPOSITION,TPEX_bulletin_disposal
4945,TPEx,2024-02-23,2024-03-08,DISPOSITION,TPEX_bulletin_disposal
5443,TPEx,2024-02-23,2024-03-08,DISPOSITION,TPEX_bulletin_disposal
6187,TPEx,2024-02-23,2024-03-08,DISPOSITION,TPEX_bulletin_disposal
6425,TPEx,2024-02-23,2024-03-08,DISPOSITION,TPEX_bulletin_disposal
6640,TPEx,2024-02-22,2024-03-07,DISPOSITION,TPEX_bulletin_disposal
3294,TPEx,2024-02-21,2024-03-06,DISPOSITION,TPEX_bulletin_disposal
4714,TPEx,2024-02-21,2024-03-06,DISPOSITION,TPEX_bulletin_disposal
6584,TPEx,2024-02-21,2024-03-06,DISPOSITION,TPEX_bulletin_disposal
6785,TPEx,2024-02-21,2024-03-06,DISPOSITION,TPEX_bulletin_disposal
8089,TPEx,2024-02-21,2024-03-06,DISPOSITION,TPEX_bulletin_disposal
8054,TPEx,2024-02-19,2024-03-04,DISPOSITION,TPEX_bulletin_disposal
3268,TPEx,2024-02-16,2024-03-01,DISPOSITION,TPEX_bulletin_disposal
3294,TPEx,2024-02-16,2024-03-01,DISPOSITION,TPEX_bulletin_disposal
6584,TPEx,2024-02-16,2024-03-01,DISPOSITION,TPEX_bulletin_disposal
6643,TPEx,2024-02-15,2024-02-29,DISPOSITION,TPEX_bulletin_disposal
8080,TPEx,2024-02-15,2024-02-29,DISPOSITION,TPEX_bulletin_disposal
5314,TPEx,2024-02-05,2024-02-27,DISPOSITION,TPEX_bulletin_disposal
8227,TPEx,2024-02-05,2024-03-01,DISPOSITION,TPEX_bulletin_disposal
3294,TPEx,2024-02-02,2024-02-26,DISPOSITION,TPEX_bulletin_disposal
6229,TPEx,2024-02-02,2024-02-29,DISPOSITION,TPEX_bulletin_disposal
6465,TPEx,2024-02-02,2024-02-26,DISPOSITION,TPEX_bulletin_disposal
3360,TPEx,2024-02-01,2024-02-27,DISPOSITION,TPEX_bulletin_disposal
6462,TPEx,2024-02-01,2024-02-27,DISPOSITION,TPEX_bulletin_disposal
8080,TPEx,2024-02-01,2024-02-23,DISPOSITION,TPEX_bulletin_disposal
6535,TPEx,2024-01-26,2024-02-19,DISPOSITION,TPEX_bulletin_disposal
6187,TPEx,2024-01-24,2024-02-15,DISPOSITION,TPEX_bulletin_disposal
6535,TPEx,2024-01-22,2024-02-02,DISPOSITION,TPEX_bulletin_disposal
3228,TPEx,2024-01-18,2024-01-31,DISPOSITION,TPEX_bulletin_disposal
4529,TPEx,2024-01-18,2024-01-31,DISPOSITION,TPEX_bulletin_disposal
6425,TPEx,2024-01-18,2024-01-31,DISPOSITION,TPEX_bulletin_disposal
5314,TPEx,2024-01-17,2024-01-30,DISPOSITION,TPEX_bulletin_disposal
8227,TPEx,2024-01-15,2024-01-26,DISPOSITION,TPEX_bulletin_disposal
3086,TPEx,2024-01-11,2024-01-24,DISPOSITION,TPEX_bulletin_disposal
3288,TPEx,2024-01-08,2024-01-19,DISPOSITION,TPEX_bulletin_disposal
6113,TPEx,2024-01-08,2024-01-23,DISPOSITION,TPEX_bulletin_disposal
8054,TPEx,2024-01-08,2024-01-19,DISPOSITION,TPEX_bulletin_disposal
8059,TPEx,2024-01-03,2024-01-18,DISPOSITION,TPEX_bulletin_disposal
3354,TPEx,2025-12-31,2026-01-14,DISPOSITION,TPEX_bulletin_disposal
5498,TPEx,2025-12-31,2026-01-16,DISPOSITION,TPEX_bulletin_disposal
7717,TPEx,2025-12-31,2026-01-14,DISPOSITION,TPEX_bulletin_disposal
4991,TPEx,2025-12-29,2026-01-12,DISPOSITION,TPEX_bulletin_disposal
4931,TPEx,2025-12-24,2026-01-08,DISPOSITION,TPEX_bulletin_disposal
3081,TPEx,2025-12-23,2026-01-09,DISPOSITION,TPEX_bulletin_disposal
6788,TPEx,2025-12-23,2026-01-07,DISPOSITION,TPEX_bulletin_disposal
4768,TPEx,2025-12-22,2026-01-06,DISPOSITION,TPEX_bulletin_disposal
4971,TPEx,2025-12-22,2026-01-06,DISPOSITION,TPEX_bulletin_disposal
3491,TPEx,2025-12-18,2026-01-02,DISPOSITION,TPEX_bulletin_disposal
6465,TPEx,2025-12-17,2025-12-31,DISPOSITION,TPEX_bulletin_disposal
7717,TPEx,2025-12-17,2025-12-31,DISPOSITION,TPEX_bulletin_disposal
8358,TPEx,2025-12-17,2025-12-31,DISPOSITION,TPEX_bulletin_disposal
3163,TPEx,2025-12-16,2026-01-02,DISPOSITION,TPEX_bulletin_disposal
4542,TPEx,2025-12-16,2025-12-30,DISPOSITION,TPEX_bulletin_disposal
5475,TPEx,2025-12-12,2025-12-26,DISPOSITION,TPEX_bulletin_disposal
8111,TPEx,2025-12-11,2025-12-24,DISPOSITION,TPEX_bulletin_disposal
7728,TPEx,2025-12-10,2025-12-23,DISPOSITION,TPEX_bulletin_disposal
7751,TPEx,2025-12-10,2025-12-23,DISPOSITION,TPEX_bulletin_disposal
3363,TPEx,2025-12-05,2025-12-18,DISPOSITION,TPEX_bulletin_disposal
3685,TPEx,2025-12-05,2025-12-18,DISPOSITION,TPEX_bulletin_disposal
4931,TPEx,2025-12-05,2025-12-22,DISPOSITION,TPEX_bulletin_disposal
4991,TPEx,2025-12-05,2025-12-18,DISPOSITION,TPEX_bulletin_disposal
6163,TPEx,2025-12-05,2025-12-22,DISPOSITION,TPEX_bulletin_disposal
7728,TPEx,2025-12-05,2025-12-18,DISPOSITION,TPEX_bulletin_disposal
7751,TPEx,2025-12-05,2025-12-18,DISPOSITION,TPEX_bulletin_disposal
6624,TPEx,2025-12-03,2025-12-16,DISPOSITION,TPEX_bulletin_disposal
7402,TPEx,2025-12-03,2025-12-18,DISPOSITION,TPEX_bulletin_disposal
3081,TPEx,2025-12-02,2025-12-15,DISPOSITION,TPEX_bulletin_disposal
6465,TPEx,2025-12-01,2025-12-12,DISPOSITION,TPEX_bulletin_disposal
4577,TPEx,2025-11-28,2025-12-11,DISPOSITION,TPEX_bulletin_disposal
8277,TPEx,2025-11-26,2025-12-09,DISPOSITION,TPEX_bulletin_disposal
8358,TPEx,2025-11-26,2025-12-09,DISPOSITION,TPEX_bulletin_disposal
5355,TPEx,2025-11-25,2025-12-08,DISPOSITION,TPEX_bulletin_disposal
8043,TPEx,2025-11-25,2025-12-08,DISPOSITION,TPEX_bulletin_disposal
6584,TPEx,2025-11-20,2025-12-03,DISPOSITION,TPEX_bulletin_disposal
5340,TPEx,2025-11-18,2025-12-01,DISPOSITION,TPEX_bulletin_disposal
6265,TPEx,2025-11-17,2025-11-28,DISPOSITION,TPEX_bulletin_disposal
4304,TPEx,2025-11-12,2025-11-25,DISPOSITION,TPEX_bulletin_disposal
6488,TPEx,2025-11-12,2025-11-25,DISPOSITION,TPEX_bulletin_disposal
7402,TPEx,2025-11-12,2025-11-25,DISPOSITION,TPEX_bulletin_disposal
4304,TPEx,2025-11-07,2025-11-20,DISPOSITION,TPEX_bulletin_disposal
4991,TPEx,2025-11-07,2025-11-24,DISPOSITION,TPEX_bulletin_disposal
8358,TPEx,2025-11-06,2025-11-19,DISPOSITION,TPEX_bulletin_disposal
5475,TPEx,2025-11-05,2025-11-18,DISPOSITION,TPEX_bulletin_disposal
3163,TPEx,2025-11-04,2025-11-19,DISPOSITION,TPEX_bulletin_disposal
3693,TPEx,2025-11-04,2025-11-17,DISPOSITION,TPEX_bulletin_disposal
4304,TPEx,2025-11-04,2025-11-17,DISPOSITION,TPEX_bulletin_disposal
3081,TPEx,2025-11-03,2025-11-14,DISPOSITION,TPEX_bulletin_disposal
6535,TPEx,2025-11-03,2025-11-14,DISPOSITION,TPEX_bulletin_disposal
4171,TPEx,2025-10-31,2025-11-13,DISPOSITION,TPEX_bulletin_disposal
3693,TPEx,2025-10-30,2025-11-12,DISPOSITION,TPEX_bulletin_disposal
4304,TPEx,2025-10-30,2025-11-12,DISPOSITION,TPEX_bulletin_disposal
6727,TPEx,2025-10-29,2025-11-11,DISPOSITION,TPEX_bulletin_disposal
8043,TPEx,2025-10-28,2025-11-12,DISPOSITION,TPEX_bulletin_disposal
6127,TPEx,2025-10-27,2025-11-07,DISPOSITION,TPEX_bulletin_disposal
8047,TPEx,2025-10-22,2025-11-05,DISPOSITION,TPEX_bulletin_disposal
8358,TPEx,2025-10-21,2025-11-04,DISPOSITION,TPEX_bulletin_disposal
5468,TPEx,2025-10-17,2025-10-31,DISPOSITION,TPEX_bulletin_disposal
6499,TPEx,2025-10-17,2025-10-31,DISPOSITION,TPEX_bulletin_disposal
8047,TPEx,2025-10-17,2025-10-31,DISPOSITION,TPEX_bulletin_disposal
8067,TPEx,2025-10-16,2025-10-30,DISPOSITION,TPEX_bulletin_disposal
8472,TPEx,2025-10-16,2025-10-30,DISPOSITION,TPEX_bulletin_disposal
3709,TPEx,2025-10-14,2025-10-28,DISPOSITION,TPEX_bulletin_disposal
4768,TPEx,2025-10-14,2025-10-28,DISPOSITION,TPEX_bulletin_disposal
5475,TPEx,2025-10-14,2025-10-28,DISPOSITION,TPEX_bulletin_disposal
7402,TPEx,2025-10-14,2025-10-28,DISPOSITION,TPEX_bulletin_disposal
8047,TPEx,2025-10-13,2025-10-27,DISPOSITION,TPEX_bulletin_disposal
8299,TPEx,2025-10-13,2025-10-27,DISPOSITION,TPEX_bulletin_disposal
3581,TPEx,2025-10-08,2025-10-22,DISPOSITION,TPEX_bulletin_disposal
6785,TPEx,2025-10-08,2025-10-22,DISPOSITION,TPEX_bulletin_disposal
3430,TPEx,2025-10-07,2025-10-23,DISPOSITION,TPEX_bulletin_disposal
3555,TPEx,2025-10-07,2025-10-21,DISPOSITION,TPEX_bulletin_disposal
3628,TPEx,2025-10-07,2025-10-21,DISPOSITION,TPEX_bulletin_disposal
6418,TPEx,2025-10-01,2025-10-20,DISPOSITION,TPEX_bulletin_disposal
6127,TPEx,2025-09-30,2025-10-15,DISPOSITION,TPEX_bulletin_disposal
6488,TPEx,2025-09-23,2025-10-08,DISPOSITION,TPEX_bulletin_disposal
3081,TPEx,2025-09-22,2025-10-07,DISPOSITION,TPEX_bulletin_disposal
6895,TPEx,2025-09-18,2025-10-02,DISPOSITION,TPEX_bulletin_disposal
8299,TPEx,2025-09-17,2025-10-01,DISPOSITION,TPEX_bulletin_disposal
3323,TPEx,2025-09-15,2025-10-01,DISPOSITION,TPEX_bulletin_disposal
5475,TPEx,2025-09-15,2025-09-26,DISPOSITION,TPEX_bulletin_disposal
7714,TPEx,2025-09-12,2025-09-25,DISPOSITION,TPEX_bulletin_disposal
3313,TPEx,2025-09-11,2025-09-24,DISPOSITION,TPEX_bulletin_disposal
7402,TPEx,2025-09-11,2025-09-24,DISPOSITION,TPEX_bulletin_disposal
5314,TPEx,2025-09-10,2025-09-23,DISPOSITION,TPEX_bulletin_disposal
6418,TPEx,2025-09-10,2025-09-23,DISPOSITION,TPEX_bulletin_disposal
3363,TPEx,2025-09-09,2025-09-22,DISPOSITION,TPEX_bulletin_disposal
5438,TPEx,2025-09-08,2025-09-19,DISPOSITION,TPEX_bulletin_disposal
8038,TPEx,2025-09-05,2025-09-18,DISPOSITION,TPEX_bulletin_disposal
4991,TPEx,2025-09-04,2025-09-17,DISPOSITION,TPEX_bulletin_disposal
6735,TPEx,2025-09-04,2025-09-17,DISPOSITION,TPEX_bulletin_disposal
7703,TPEx,2025-09-04,2025-09-17,DISPOSITION,TPEX_bulletin_disposal
6584,TPEx,2025-09-02,2025-09-15,DISPOSITION,TPEX_bulletin_disposal
3219,TPEx,2025-09-01,2025-09-12,DISPOSITION,TPEX_bulletin_disposal
3685,TPEx,2025-09-01,2025-09-12,DISPOSITION,TPEX_bulletin_disposal
4760,TPEx,2025-09-01,2025-09-12,DISPOSITION,TPEX_bulletin_disposal
4772,TPEx,2025-09-01,2025-09-12,DISPOSITION,TPEX_bulletin_disposal
4931,TPEx,2025-09-01,2025-09-12,DISPOSITION,TPEX_bulletin_disposal
7402,TPEx,2025-09-01,2025-09-16,DISPOSITION,TPEX_bulletin_disposal
3685,TPEx,2025-08-27,2025-09-09,DISPOSITION,TPEX_bulletin_disposal
3081,TPEx,2025-08-25,2025-09-05,DISPOSITION,TPEX_bulletin_disposal
3555,TPEx,2025-08-21,2025-09-03,DISPOSITION,TPEX_bulletin_disposal
4768,TPEx,2025-08-21,2025-09-03,DISPOSITION,TPEX_bulletin_disposal
6733,TPEx,2025-08-21,2025-09-03,DISPOSITION,TPEX_bulletin_disposal
5475,TPEx,2025-08-20,2025-09-02,DISPOSITION,TPEX_bulletin_disposal
6418,TPEx,2025-08-20,2025-09-02,DISPOSITION,TPEX_bulletin_disposal
1815,TPEx,2025-08-19,2025-09-01,DISPOSITION,TPEX_bulletin_disposal
3071,TPEx,2025-08-19,2025-09-01,DISPOSITION,TPEX_bulletin_disposal
3363,TPEx,2025-08-19,2025-09-01,DISPOSITION,TPEX_bulletin_disposal
4577,TPEx,2025-08-19,2025-09-01,DISPOSITION,TPEX_bulletin_disposal
6727,TPEx,2025-08-19,2025-09-01,DISPOSITION,TPEX_bulletin_disposal
6895,TPEx,2025-08-19,2025-09-01,DISPOSITION,TPEX_bulletin_disposal
8358,TPEx,2025-08-19,2025-09-01,DISPOSITION,TPEX_bulletin_disposal
3555,TPEx,2025-08-18,2025-08-29,DISPOSITION,TPEX_bulletin_disposal
5475,TPEx,2025-08-15,2025-08-28,DISPOSITION,TPEX_bulletin_disposal
4991,TPEx,2025-08-14,2025-08-27,DISPOSITION,TPEX_bulletin_disposal
6727,TPEx,2025-08-14,2025-08-27,DISPOSITION,TPEX_bulletin_disposal
6895,TPEx,2025-08-14,2025-08-27,DISPOSITION,TPEX_bulletin_disposal
8935,TPEx,2025-08-14,2025-08-27,DISPOSITION,TPEX_bulletin_disposal
6129,TPEx,2025-08-11,2025-08-22,DISPOSITION,TPEX_bulletin_disposal
6727,TPEx,2025-08-11,2025-08-22,DISPOSITION,TPEX_bulletin_disposal
8038,TPEx,2025-08-11,2025-08-22,DISPOSITION,TPEX_bulletin_disposal
3623,TPEx,2025-08-07,2025-08-20,DISPOSITION,TPEX_bulletin_disposal
8472,TPEx,2025-08-07,2025-08-20,DISPOSITION,TPEX_bulletin_disposal
4804,TPEx,2025-08-06,2025-08-19,DISPOSITION,TPEX_bulletin_disposal
3081,TPEx,2025-08-04,2025-08-15,DISPOSITION,TPEX_bulletin_disposal
3230,TPEx,2025-08-01,2025-08-14,DISPOSITION,TPEX_bulletin_disposal
6291,TPEx,2025-07-30,2025-08-12,DISPOSITION,TPEX_bulletin_disposal
6499,TPEx,2025-07-21,2025-08-01,DISPOSITION,TPEX_bulletin_disposal
8472,TPEx,2025-07-21,2025-08-01,DISPOSITION,TPEX_bulletin_disposal
1595,TPEx,2025-07-18,2025-08-04,DISPOSITION,TPEX_bulletin_disposal
4991,TPEx,2025-07-17,2025-08-01,DISPOSITION,TPEX_bulletin_disposal
5314,TPEx,2025-07-16,2025-07-31,DISPOSITION,TPEX_bulletin_disposal
3081,TPEx,2025-07-14,2025-07-25,DISPOSITION,TPEX_bulletin_disposal
5245,TPEx,2025-07-14,2025-07-25,DISPOSITION,TPEX_bulletin_disposal
3629,TPEx,2025-07-11,2025-07-24,DISPOSITION,TPEX_bulletin_disposal
3629,TPEx,2025-07-08,2025-07-21,DISPOSITION,TPEX_bulletin_disposal
3577,TPEx,2025-07-07,2025-07-18,DISPOSITION,TPEX_bulletin_disposal
8227,TPEx,2025-07-07,2025-07-22,DISPOSITION,TPEX_bulletin_disposal
3122,TPEx,2025-07-02,2025-07-15,DISPOSITION,TPEX_bulletin_disposal
4804,TPEx,2025-07-01,2025-07-14,DISPOSITION,TPEX_bulletin_disposal
6739,TPEx,2025-06-26,2025-07-11,DISPOSITION,TPEX_bulletin_disposal
6895,TPEx,2025-06-26,2025-07-09,DISPOSITION,TPEX_bulletin_disposal
6499,TPEx,2025-06-20,2025-07-07,DISPOSITION,TPEX_bulletin_disposal
7642,TPEx,2025-06-18,2025-07-01,DISPOSITION,TPEX_bulletin_disposal
3081,TPEx,2025-06-16,2025-06-27,DISPOSITION,TPEX_bulletin_disposal
6276,TPEx,2025-06-11,2025-06-26,DISPOSITION,TPEX_bulletin_disposal
3363,TPEx,2025-06-06,2025-06-23,DISPOSITION,TPEX_bulletin_disposal
4168,TPEx,2025-06-06,2025-06-19,DISPOSITION,TPEX_bulletin_disposal
6593,TPEx,2025-06-03,2025-06-18,DISPOSITION,TPEX_bulletin_disposal
3294,TPEx,2025-06-02,2025-06-17,DISPOSITION,TPEX_bulletin_disposal
6574,TPEx,2025-06-02,2025-06-13,DISPOSITION,TPEX_bulletin_disposal
5475,TPEx,2025-05-29,2025-06-12,DISPOSITION,TPEX_bulletin_disposal
6499,TPEx,2025-05-29,2025-06-12,DISPOSITION,TPEX_bulletin_disposal
3297,TPEx,2025-05-28,2025-06-13,DISPOSITION,TPEX_bulletin_disposal
3205,TPEx,2025-05-27,2025-06-10,DISPOSITION,TPEX_bulletin_disposal
4946,TPEx,2025-05-27,2025-06-10,DISPOSITION,TPEX_bulletin_disposal
6560,TPEx,2025-05-27,2025-06-10,DISPOSITION,TPEX_bulletin_disposal
6499,TPEx,2025-05-26,2025-06-09,DISPOSITION,TPEX_bulletin_disposal
3205,TPEx,2025-05-22,2025-06-05,DISPOSITION,TPEX_bulletin_disposal
4554,TPEx,2025-05-22,2025-06-05,DISPOSITION,TPEX_bulletin_disposal
8038,TPEx,2025-05-20,2025-06-03,DISPOSITION,TPEX_bulletin_disposal
4554,TPEx,2025-05-19,2025-06-02,DISPOSITION,TPEX_bulletin_disposal
3081,TPEx,2025-05-16,2025-06-03,DISPOSITION,TPEX_bulletin_disposal
6499,TPEx,2025-05-15,2025-05-28,DISPOSITION,TPEX_bulletin_disposal
6596,TPEx,2025-05-15,2025-05-28,DISPOSITION,TPEX_bulletin_disposal
3363,TPEx,2025-05-13,2025-05-26,DISPOSITION,TPEX_bulletin_disposal
3073,TPEx,2025-05-08,2025-05-23,DISPOSITION,TPEX_bulletin_disposal
4946,TPEx,2025-05-07,2025-05-20,DISPOSITION,TPEX_bulletin_disposal
6441,TPEx,2025-05-07,2025-05-20,DISPOSITION,TPEX_bulletin_disposal
7714,TPEx,2025-05-05,2025-05-16,DISPOSITION,TPEX_bulletin_disposal
3147,TPEx,2025-04-29,2025-05-15,DISPOSITION,TPEX_bulletin_disposal
3709,TPEx,2025-04-29,2025-05-13,DISPOSITION,TPEX_bulletin_disposal
3081,TPEx,2025-04-22,2025-05-06,DISPOSITION,TPEX_bulletin_disposal
3128,TPEx,2025-04-21,2025-05-05,DISPOSITION,TPEX_bulletin_disposal
6560,TPEx,2025-04-21,2025-05-05,DISPOSITION,TPEX_bulletin_disposal
3434,TPEx,2025-04-18,2025-05-02,DISPOSITION,TPEX_bulletin_disposal
5314,TPEx,2025-04-18,2025-05-02,DISPOSITION,TPEX_bulletin_disposal
6228,TPEx,2025-04-18,2025-05-02,DISPOSITION,TPEX_bulletin_disposal
3297,TPEx,2025-04-15,2025-04-30,DISPOSITION,TPEX_bulletin_disposal
5245,TPEx,2025-04-15,2025-04-28,DISPOSITION,TPEX_bulletin_disposal
6517,TPEx,2025-04-15,2025-04-28,DISPOSITION,TPEX_bulletin_disposal
3363,TPEx,2025-04-14,2025-04-25,DISPOSITION,TPEX_bulletin_disposal
8937,TPEx,2025-04-14,2025-04-25,DISPOSITION,TPEX_bulletin_disposal
3363,TPEx,2025-04-09,2025-04-22,DISPOSITION,TPEX_bulletin_disposal
6140,TPEx,2025-03-28,2025-04-16,DISPOSITION,TPEX_bulletin_disposal
6130,TPEx,2025-03-27,2025-04-11,DISPOSITION,TPEX_bulletin_disposal
6130,TPEx,2025-03-24,2025-04-08,DISPOSITION,TPEX_bulletin_disposal
8111,TPEx,2025-03-24,2025-04-10,DISPOSITION,TPEX_bulletin_disposal
8088,TPEx,2025-03-21,2025-04-09,DISPOSITION,TPEX_bulletin_disposal
6113,TPEx,2025-03-20,2025-04-08,DISPOSITION,TPEX_bulletin_disposal
6227,TPEx,2025-03-20,2025-04-08,DISPOSITION,TPEX_bulletin_disposal
3363,TPEx,2025-03-17,2025-03-28,DISPOSITION,TPEX_bulletin_disposal
4946,TPEx,2025-03-14,2025-03-27,DISPOSITION,TPEX_bulletin_disposal
5314,TPEx,2025-03-13,2025-03-26,DISPOSITION,TPEX_bulletin_disposal
5314,TPEx,2025-03-10,2025-03-21,DISPOSITION,TPEX_bulletin_disposal
3081,TPEx,2025-03-07,2025-03-20,DISPOSITION,TPEX_bulletin_disposal
4534,TPEx,2025-02-27,2025-03-13,DISPOSITION,TPEX_bulletin_disposal
3363,TPEx,2025-02-21,2025-03-07,DISPOSITION,TPEX_bulletin_disposal
4971,TPEx,2025-02-19,2025-03-07,DISPOSITION,TPEX_bulletin_disposal
6276,TPEx,2025-02-19,2025-03-05,DISPOSITION,TPEX_bulletin_disposal
6739,TPEx,2025-02-19,2025-03-05,DISPOSITION,TPEX_bulletin_disposal
8234,TPEx,2025-02-18,2025-03-06,DISPOSITION,TPEX_bulletin_disposal
4971,TPEx,2025-02-14,2025-02-27,DISPOSITION,TPEX_bulletin_disposal
6739,TPEx,2025-02-14,2025-02-27,DISPOSITION,TPEX_bulletin_disposal
8096,TPEx,2025-02-14,2025-02-27,DISPOSITION,TPEX_bulletin_disposal
4946,TPEx,2025-02-13,2025-02-26,DISPOSITION,TPEX_bulletin_disposal
6113,TPEx,2025-02-13,2025-02-26,DISPOSITION,TPEX_bulletin_disposal
3349,TPEx,2025-02-11,2025-02-24,DISPOSITION,TPEX_bulletin_disposal
4154,TPEx,2025-02-11,2025-02-24,DISPOSITION,TPEX_bulletin_disposal
6148,TPEx,2025-02-11,2025-02-26,DISPOSITION,TPEX_bulletin_disposal
8096,TPEx,2025-02-10,2025-02-21,DISPOSITION,TPEX_bulletin_disposal
6485,TPEx,2025-02-07,2025-02-20,DISPOSITION,TPEX_bulletin_disposal
6104,TPEx,2025-02-04,2025-02-17,DISPOSITION,TPEX_bulletin_disposal
3081,TPEx,2025-01-22,2025-02-17,DISPOSITION,TPEX_bulletin_disposal
3379,TPEx,2025-01-21,2025-02-14,DISPOSITION,TPEX_bulletin_disposal
4772,TPEx,2025-01-20,2025-02-11,DISPOSITION,TPEX_bulletin_disposal
6547,TPEx,2025-01-16,2025-02-07,DISPOSITION,TPEX_bulletin_disposal
3363,TPEx,2025-01-14,2025-02-07,DISPOSITION,TPEX_bulletin_disposal
8937,TPEx,2025-01-07,2025-01-20,DISPOSITION,TPEX_bulletin_disposal
5314,TPEx,2025-01-06,2025-01-17,DISPOSITION,TPEX_bulletin_disposal
3081,TPEx,2025-01-02,2025-01-15,DISPOSITION,TPEX_bulletin_disposal
3490,TPEx,2026-08-20,2026-08-26,DISPOSITION,TPEX_bulletin_disposal
5475,TPEx,2026-08-20,2026-08-26,DISPOSITION,TPEX_bulletin_disposal
3498,TPEx,2026-08-19,2026-08-25,DISPOSITION,TPEX_bulletin_disposal
5475,TPEx,2026-08-17,2026-08-21,DISPOSITION,TPEX_bulletin_disposal
6716,TPEx,2026-08-17,2026-08-21,DISPOSITION,TPEX_bulletin_disposal
4979,TPEx,2026-08-14,2026-08-20,DISPOSITION,TPEX_bulletin_disposal
4991,TPEx,2026-08-14,2026-08-20,DISPOSITION,TPEX_bulletin_disposal
3163,TPEx,2026-08-13,2026-08-21,DISPOSITION,TPEX_bulletin_disposal
4931,TPEx,2026-08-13,2026-08-21,DISPOSITION,TPEX_bulletin_disposal
1815,TPEx,2026-08-11,2026-08-17,DISPOSITION,TPEX_bulletin_disposal
3081,TPEx,2026-08-11,2026-08-17,DISPOSITION,TPEX_bulletin_disposal
4971,TPEx,2026-08-11,2026-08-17,DISPOSITION,TPEX_bulletin_disposal
5351,TPEx,2026-08-11,2026-08-17,DISPOSITION,TPEX_bulletin_disposal
6217,TPEx,2026-08-11,2026-08-17,DISPOSITION,TPEX_bulletin_disposal
6274,TPEx,2026-08-10,2026-08-14,DISPOSITION,TPEX_bulletin_disposal
3362,TPEx,2026-08-05,2026-08-20,DISPOSITION,TPEX_bulletin_disposal
4556,TPEx,2026-08-04,2026-08-17,DISPOSITION,TPEX_bulletin_disposal
3624,TPEx,2026-08-03,2026-08-14,DISPOSITION,TPEX_bulletin_disposal
6182,TPEx,2026-08-03,2026-08-14,DISPOSITION,TPEX_bulletin_disposal
6739,TPEx,2026-08-03,2026-08-14,DISPOSITION,TPEX_bulletin_disposal
7828,TPEx,2026-08-03,2026-08-14,DISPOSITION,TPEX_bulletin_disposal
6217,TPEx,2026-07-31,2026-08-13,DISPOSITION,TPEX_bulletin_disposal
4979,TPEx,2026-07-30,2026-08-14,DISPOSITION,TPEX_bulletin_disposal
4991,TPEx,2026-07-30,2026-08-14,DISPOSITION,TPEX_bulletin_disposal
6217,TPEx,2026-07-28,2026-08-10,DISPOSITION,TPEX_bulletin_disposal
8291,TPEx,2026-07-27,2026-08-07,DISPOSITION,TPEX_bulletin_disposal
4139,TPEx,2026-07-24,2026-08-06,DISPOSITION,TPEX_bulletin_disposal
6182,TPEx,2026-07-24,2026-08-10,DISPOSITION,TPEX_bulletin_disposal
6217,TPEx,2026-07-23,2026-08-05,DISPOSITION,TPEX_bulletin_disposal
3288,TPEx,2026-07-22,2026-08-04,DISPOSITION,TPEX_bulletin_disposal
3624,TPEx,2026-07-22,2026-08-04,DISPOSITION,TPEX_bulletin_disposal
3675,TPEx,2026-07-22,2026-08-04,DISPOSITION,TPEX_bulletin_disposal
6173,TPEx,2026-07-22,2026-08-04,DISPOSITION,TPEX_bulletin_disposal
6683,TPEx,2026-07-22,2026-08-04,DISPOSITION,TPEX_bulletin_disposal
6727,TPEx,2026-07-22,2026-08-04,DISPOSITION,TPEX_bulletin_disposal
4139,TPEx,2026-07-21,2026-08-03,DISPOSITION,TPEX_bulletin_disposal
8383,TPEx,2026-07-20,2026-07-31,DISPOSITION,TPEX_bulletin_disposal
6173,TPEx,2026-07-17,2026-07-30,DISPOSITION,TPEX_bulletin_disposal
6907,TPEx,2026-07-17,2026-07-30,DISPOSITION,TPEX_bulletin_disposal
7714,TPEx,2026-07-17,2026-07-30,DISPOSITION,TPEX_bulletin_disposal
8096,TPEx,2026-07-16,2026-07-29,DISPOSITION,TPEX_bulletin_disposal
8291,TPEx,2026-07-16,2026-07-29,DISPOSITION,TPEX_bulletin_disposal
4542,TPEx,2026-07-15,2026-07-28,DISPOSITION,TPEX_bulletin_disposal
4556,TPEx,2026-07-15,2026-07-28,DISPOSITION,TPEX_bulletin_disposal
8027,TPEx,2026-07-14,2026-07-27,DISPOSITION,TPEX_bulletin_disposal
4707,TPEx,2026-07-09,2026-07-22,DISPOSITION,TPEX_bulletin_disposal
6174,TPEx,2026-07-09,2026-07-22,DISPOSITION,TPEX_bulletin_disposal
6617,TPEx,2026-07-08,2026-07-21,DISPOSITION,TPEX_bulletin_disposal
3147,TPEx,2026-07-06,2026-07-17,DISPOSITION,TPEX_bulletin_disposal
3230,TPEx,2026-07-06,2026-07-17,DISPOSITION,TPEX_bulletin_disposal
6217,TPEx,2026-07-06,2026-07-17,DISPOSITION,TPEX_bulletin_disposal
3230,TPEx,2026-07-01,2026-07-14,DISPOSITION,TPEX_bulletin_disposal
8024,TPEx,2026-06-30,2026-07-13,DISPOSITION,TPEX_bulletin_disposal
5321,TPEx,2026-06-29,2026-07-10,DISPOSITION,TPEX_bulletin_disposal
5464,TPEx,2026-06-29,2026-07-10,DISPOSITION,TPEX_bulletin_disposal
6683,TPEx,2026-06-29,2026-07-10,DISPOSITION,TPEX_bulletin_disposal
5425,TPEx,2026-06-26,2026-07-09,DISPOSITION,TPEX_bulletin_disposal
5489,TPEx,2026-06-26,2026-07-09,DISPOSITION,TPEX_bulletin_disposal
6620,TPEx,2026-06-26,2026-07-09,DISPOSITION,TPEX_bulletin_disposal
3675,TPEx,2026-06-25,2026-07-08,DISPOSITION,TPEX_bulletin_disposal
7712,TPEx,2026-06-25,2026-07-08,DISPOSITION,TPEX_bulletin_disposal
2061,TPEx,2026-06-24,2026-07-07,DISPOSITION,TPEX_bulletin_disposal
3624,TPEx,2026-06-24,2026-07-09,DISPOSITION,TPEX_bulletin_disposal
4923,TPEx,2026-06-24,2026-07-07,DISPOSITION,TPEX_bulletin_disposal
5227,TPEx,2026-06-24,2026-07-07,DISPOSITION,TPEX_bulletin_disposal
5468,TPEx,2026-06-24,2026-07-07,DISPOSITION,TPEX_bulletin_disposal
6693,TPEx,2026-06-24,2026-07-07,DISPOSITION,TPEX_bulletin_disposal
8096,TPEx,2026-06-24,2026-07-07,DISPOSITION,TPEX_bulletin_disposal
3163,TPEx,2026-06-22,2026-07-03,DISPOSITION,TPEX_bulletin_disposal
3441,TPEx,2026-06-22,2026-07-07,DISPOSITION,TPEX_bulletin_disposal
6488,TPEx,2026-06-22,2026-07-03,DISPOSITION,TPEX_bulletin_disposal
3285,TPEx,2026-06-18,2026-07-02,DISPOSITION,TPEX_bulletin_disposal
4556,TPEx,2026-06-18,2026-07-02,DISPOSITION,TPEX_bulletin_disposal
4991,TPEx,2026-06-18,2026-07-02,DISPOSITION,TPEX_bulletin_disposal
5227,TPEx,2026-06-18,2026-07-02,DISPOSITION,TPEX_bulletin_disposal
5468,TPEx,2026-06-18,2026-07-02,DISPOSITION,TPEX_bulletin_disposal
6613,TPEx,2026-06-18,2026-07-02,DISPOSITION,TPEX_bulletin_disposal
7828,TPEx,2026-06-18,2026-07-02,DISPOSITION,TPEX_bulletin_disposal
8027,TPEx,2026-06-18,2026-07-02,DISPOSITION,TPEX_bulletin_disposal
8042,TPEx,2026-06-18,2026-07-02,DISPOSITION,TPEX_bulletin_disposal
6173,TPEx,2026-06-17,2026-07-01,DISPOSITION,TPEX_bulletin_disposal
6187,TPEx,2026-06-17,2026-07-01,DISPOSITION,TPEX_bulletin_disposal
6241,TPEx,2026-06-17,2026-07-01,DISPOSITION,TPEX_bulletin_disposal
8291,TPEx,2026-06-17,2026-07-01,DISPOSITION,TPEX_bulletin_disposal
4402,TPEx,2026-06-15,2026-06-29,DISPOSITION,TPEX_bulletin_disposal
4556,TPEx,2026-06-15,2026-06-29,DISPOSITION,TPEX_bulletin_disposal
5345,TPEx,2026-06-15,2026-06-29,DISPOSITION,TPEX_bulletin_disposal
4542,TPEx,2026-06-12,2026-06-26,DISPOSITION,TPEX_bulletin_disposal
5321,TPEx,2026-06-12,2026-06-26,DISPOSITION,TPEX_bulletin_disposal
6127,TPEx,2026-06-12,2026-06-26,DISPOSITION,TPEX_bulletin_disposal
8291,TPEx,2026-06-12,2026-06-26,DISPOSITION,TPEX_bulletin_disposal
3147,TPEx,2026-06-11,2026-06-25,DISPOSITION,TPEX_bulletin_disposal
3581,TPEx,2026-06-11,2026-06-25,DISPOSITION,TPEX_bulletin_disposal
3114,TPEx,2026-06-09,2026-06-23,DISPOSITION,TPEX_bulletin_disposal
5426,TPEx,2026-06-09,2026-06-23,DISPOSITION,TPEX_bulletin_disposal
8291,TPEx,2026-06-09,2026-06-23,DISPOSITION,TPEX_bulletin_disposal
3147,TPEx,2026-06-08,2026-06-22,DISPOSITION,TPEX_bulletin_disposal
3581,TPEx,2026-06-08,2026-06-22,DISPOSITION,TPEX_bulletin_disposal
5701,TPEx,2026-06-08,2026-06-22,DISPOSITION,TPEX_bulletin_disposal
3288,TPEx,2026-06-05,2026-06-18,DISPOSITION,TPEX_bulletin_disposal
3523,TPEx,2026-06-05,2026-06-18,DISPOSITION,TPEX_bulletin_disposal
4707,TPEx,2026-06-05,2026-06-18,DISPOSITION,TPEX_bulletin_disposal
8358,TPEx,2026-06-05,2026-06-18,DISPOSITION,TPEX_bulletin_disposal
3556,TPEx,2026-06-04,2026-06-17,DISPOSITION,TPEX_bulletin_disposal
6548,TPEx,2026-06-04,2026-06-17,DISPOSITION,TPEX_bulletin_disposal
7709,TPEx,2026-06-04,2026-06-17,DISPOSITION,TPEX_bulletin_disposal
8277,TPEx,2026-06-04,2026-06-17,DISPOSITION,TPEX_bulletin_disposal
4979,TPEx,2026-06-03,2026-06-16,DISPOSITION,TPEX_bulletin_disposal
2061,TPEx,2026-06-02,2026-06-15,DISPOSITION,TPEX_bulletin_disposal
3485,TPEx,2026-06-02,2026-06-15,DISPOSITION,TPEX_bulletin_disposal
3523,TPEx,2026-06-02,2026-06-15,DISPOSITION,TPEX_bulletin_disposal
4973,TPEx,2026-06-02,2026-06-15,DISPOSITION,TPEX_bulletin_disposal
5321,TPEx,2026-06-02,2026-06-15,DISPOSITION,TPEX_bulletin_disposal
6182,TPEx,2026-06-02,2026-06-15,DISPOSITION,TPEX_bulletin_disposal
6654,TPEx,2026-06-02,2026-06-15,DISPOSITION,TPEX_bulletin_disposal
6291,TPEx,2026-06-01,2026-06-12,DISPOSITION,TPEX_bulletin_disposal
6488,TPEx,2026-06-01,2026-06-12,DISPOSITION,TPEX_bulletin_disposal
7828,TPEx,2026-06-01,2026-06-12,DISPOSITION,TPEX_bulletin_disposal
3191,TPEx,2026-05-29,2026-06-11,DISPOSITION,TPEX_bulletin_disposal
6821,TPEx,2026-05-29,2026-06-11,DISPOSITION,TPEX_bulletin_disposal
2061,TPEx,2026-05-28,2026-06-10,DISPOSITION,TPEX_bulletin_disposal
3236,TPEx,2026-05-28,2026-06-10,DISPOSITION,TPEX_bulletin_disposal
5321,TPEx,2026-05-28,2026-06-10,DISPOSITION,TPEX_bulletin_disposal
6173,TPEx,2026-05-28,2026-06-10,DISPOSITION,TPEX_bulletin_disposal
6182,TPEx,2026-05-28,2026-06-10,DISPOSITION,TPEX_bulletin_disposal
6570,TPEx,2026-05-28,2026-06-10,DISPOSITION,TPEX_bulletin_disposal
8042,TPEx,2026-05-28,2026-06-10,DISPOSITION,TPEX_bulletin_disposal
8291,TPEx,2026-05-28,2026-06-10,DISPOSITION,TPEX_bulletin_disposal
4127,TPEx,2026-05-27,2026-06-09,DISPOSITION,TPEX_bulletin_disposal
3491,TPEx,2026-05-26,2026-06-08,DISPOSITION,TPEX_bulletin_disposal
3675,TPEx,2026-05-25,2026-06-05,DISPOSITION,TPEX_bulletin_disposal
5321,TPEx,2026-05-25,2026-06-05,DISPOSITION,TPEX_bulletin_disposal
6538,TPEx,2026-05-25,2026-06-05,DISPOSITION,TPEX_bulletin_disposal
8027,TPEx,2026-05-25,2026-06-05,DISPOSITION,TPEX_bulletin_disposal
8291,TPEx,2026-05-25,2026-06-05,DISPOSITION,TPEX_bulletin_disposal
1591,TPEx,2026-05-21,2026-06-03,DISPOSITION,TPEX_bulletin_disposal
3624,TPEx,2026-05-21,2026-06-03,DISPOSITION,TPEX_bulletin_disposal
8455,TPEx,2026-05-21,2026-06-03,DISPOSITION,TPEX_bulletin_disposal
6217,TPEx,2026-05-20,2026-06-02,DISPOSITION,TPEX_bulletin_disposal
8091,TPEx,2026-05-20,2026-06-02,DISPOSITION,TPEX_bulletin_disposal
8291,TPEx,2026-05-20,2026-06-02,DISPOSITION,TPEX_bulletin_disposal
3498,TPEx,2026-05-19,2026-06-01,DISPOSITION,TPEX_bulletin_disposal
4971,TPEx,2026-05-19,2026-06-01,DISPOSITION,TPEX_bulletin_disposal
5228,TPEx,2026-05-18,2026-05-29,DISPOSITION,TPEX_bulletin_disposal
6829,TPEx,2026-05-18,2026-05-29,DISPOSITION,TPEX_bulletin_disposal
7751,TPEx,2026-05-18,2026-05-29,DISPOSITION,TPEX_bulletin_disposal
8444,TPEx,2026-05-18,2026-05-29,DISPOSITION,TPEX_bulletin_disposal
4966,TPEx,2026-05-15,2026-05-28,DISPOSITION,TPEX_bulletin_disposal
6173,TPEx,2026-05-15,2026-05-28,DISPOSITION,TPEX_bulletin_disposal
6263,TPEx,2026-05-15,2026-05-28,DISPOSITION,TPEX_bulletin_disposal
8069,TPEx,2026-05-15,2026-05-28,DISPOSITION,TPEX_bulletin_disposal
8291,TPEx,2026-05-15,2026-05-28,DISPOSITION,TPEX_bulletin_disposal
8358,TPEx,2026-05-15,2026-05-28,DISPOSITION,TPEX_bulletin_disposal
5464,TPEx,2026-05-14,2026-05-27,DISPOSITION,TPEX_bulletin_disposal
8042,TPEx,2026-05-14,2026-05-27,DISPOSITION,TPEX_bulletin_disposal
3664,TPEx,2026-05-13,2026-05-26,DISPOSITION,TPEX_bulletin_disposal
4979,TPEx,2026-05-13,2026-05-26,DISPOSITION,TPEX_bulletin_disposal
7751,TPEx,2026-05-13,2026-05-26,DISPOSITION,TPEX_bulletin_disposal
4561,TPEx,2026-05-12,2026-05-25,DISPOSITION,TPEX_bulletin_disposal
6173,TPEx,2026-05-12,2026-05-25,DISPOSITION,TPEX_bulletin_disposal
6182,TPEx,2026-05-12,2026-05-25,DISPOSITION,TPEX_bulletin_disposal
6488,TPEx,2026-05-12,2026-05-25,DISPOSITION,TPEX_bulletin_disposal
8227,TPEx,2026-05-12,2026-05-25,DISPOSITION,TPEX_bulletin_disposal
8291,TPEx,2026-05-12,2026-05-25,DISPOSITION,TPEX_bulletin_disposal
1595,TPEx,2026-05-11,2026-05-22,DISPOSITION,TPEX_bulletin_disposal
4991,TPEx,2026-05-11,2026-05-22,DISPOSITION,TPEX_bulletin_disposal
5464,TPEx,2026-05-11,2026-05-22,DISPOSITION,TPEX_bulletin_disposal
6274,TPEx,2026-05-11,2026-05-22,DISPOSITION,TPEX_bulletin_disposal
8042,TPEx,2026-05-11,2026-05-22,DISPOSITION,TPEX_bulletin_disposal
3455,TPEx,2026-05-08,2026-05-21,DISPOSITION,TPEX_bulletin_disposal
3581,TPEx,2026-05-08,2026-05-21,DISPOSITION,TPEX_bulletin_disposal
4951,TPEx,2026-05-08,2026-05-21,DISPOSITION,TPEX_bulletin_disposal
5386,TPEx,2026-05-08,2026-05-21,DISPOSITION,TPEX_bulletin_disposal
3163,TPEx,2026-05-07,2026-05-20,DISPOSITION,TPEX_bulletin_disposal
4542,TPEx,2026-05-07,2026-05-20,DISPOSITION,TPEX_bulletin_disposal
4908,TPEx,2026-05-07,2026-05-20,DISPOSITION,TPEX_bulletin_disposal
6683,TPEx,2026-05-07,2026-05-20,DISPOSITION,TPEX_bulletin_disposal
8064,TPEx,2026-05-07,2026-05-20,DISPOSITION,TPEX_bulletin_disposal
8291,TPEx,2026-05-07,2026-05-20,DISPOSITION,TPEX_bulletin_disposal
8027,TPEx,2026-05-06,2026-05-19,DISPOSITION,TPEX_bulletin_disposal
4951,TPEx,2026-05-05,2026-05-18,DISPOSITION,TPEX_bulletin_disposal
6234,TPEx,2026-05-05,2026-05-18,DISPOSITION,TPEX_bulletin_disposal
9949,TPEx,2026-05-05,2026-05-18,DISPOSITION,TPEX_bulletin_disposal
8291,TPEx,2026-05-04,2026-05-15,DISPOSITION,TPEX_bulletin_disposal
4529,TPEx,2026-04-30,2026-05-14,DISPOSITION,TPEX_bulletin_disposal
4542,TPEx,2026-04-30,2026-05-14,DISPOSITION,TPEX_bulletin_disposal
6735,TPEx,2026-04-30,2026-05-14,DISPOSITION,TPEX_bulletin_disposal
7751,TPEx,2026-04-29,2026-05-13,DISPOSITION,TPEX_bulletin_disposal
7734,TPEx,2026-04-28,2026-05-12,DISPOSITION,TPEX_bulletin_disposal
3228,TPEx,2026-04-27,2026-05-11,DISPOSITION,TPEX_bulletin_disposal
3430,TPEx,2026-04-27,2026-05-11,DISPOSITION,TPEX_bulletin_disposal
3581,TPEx,2026-04-27,2026-05-11,DISPOSITION,TPEX_bulletin_disposal
3631,TPEx,2026-04-27,2026-05-11,DISPOSITION,TPEX_bulletin_disposal
4971,TPEx,2026-04-27,2026-05-11,DISPOSITION,TPEX_bulletin_disposal
6217,TPEx,2026-04-27,2026-05-11,DISPOSITION,TPEX_bulletin_disposal
6735,TPEx,2026-04-27,2026-05-11,DISPOSITION,TPEX_bulletin_disposal
3363,TPEx,2026-04-24,2026-05-08,DISPOSITION,TPEX_bulletin_disposal
4768,TPEx,2026-04-24,2026-05-08,DISPOSITION,TPEX_bulletin_disposal
5498,TPEx,2026-04-24,2026-05-08,DISPOSITION,TPEX_bulletin_disposal
6423,TPEx,2026-04-24,2026-05-08,DISPOSITION,TPEX_bulletin_disposal
6643,TPEx,2026-04-24,2026-05-08,DISPOSITION,TPEX_bulletin_disposal
8092,TPEx,2026-04-24,2026-05-08,DISPOSITION,TPEX_bulletin_disposal
3221,TPEx,2026-04-23,2026-05-07,DISPOSITION,TPEX_bulletin_disposal
3339,TPEx,2026-04-23,2026-05-07,DISPOSITION,TPEX_bulletin_disposal
6829,TPEx,2026-04-23,2026-05-07,DISPOSITION,TPEX_bulletin_disposal
3388,TPEx,2026-04-22,2026-05-06,DISPOSITION,TPEX_bulletin_disposal
3529,TPEx,2026-04-22,2026-05-06,DISPOSITION,TPEX_bulletin_disposal
3581,TPEx,2026-04-22,2026-05-06,DISPOSITION,TPEX_bulletin_disposal
4939,TPEx,2026-04-22,2026-05-06,DISPOSITION,TPEX_bulletin_disposal
5475,TPEx,2026-04-22,2026-05-06,DISPOSITION,TPEX_bulletin_disposal
8182,TPEx,2026-04-22,2026-05-06,DISPOSITION,TPEX_bulletin_disposal
8289,TPEx,2026-04-22,2026-05-06,DISPOSITION,TPEX_bulletin_disposal
8358,TPEx,2026-04-22,2026-05-06,DISPOSITION,TPEX_bulletin_disposal
3555,TPEx,2026-04-21,2026-05-05,DISPOSITION,TPEX_bulletin_disposal
4908,TPEx,2026-04-21,2026-05-05,DISPOSITION,TPEX_bulletin_disposal
4979,TPEx,2026-04-21,2026-05-05,DISPOSITION,TPEX_bulletin_disposal
5340,TPEx,2026-04-21,2026-05-05,DISPOSITION,TPEX_bulletin_disposal
6173,TPEx,2026-04-21,2026-05-05,DISPOSITION,TPEX_bulletin_disposal
6208,TPEx,2026-04-21,2026-05-05,DISPOSITION,TPEX_bulletin_disposal
6791,TPEx,2026-04-21,2026-05-05,DISPOSITION,TPEX_bulletin_disposal
3339,TPEx,2026-04-20,2026-05-04,DISPOSITION,TPEX_bulletin_disposal
3467,TPEx,2026-04-20,2026-05-04,DISPOSITION,TPEX_bulletin_disposal
5228,TPEx,2026-04-20,2026-05-04,DISPOSITION,TPEX_bulletin_disposal
6419,TPEx,2026-04-20,2026-05-04,DISPOSITION,TPEX_bulletin_disposal
6829,TPEx,2026-04-20,2026-05-04,DISPOSITION,TPEX_bulletin_disposal
8043,TPEx,2026-04-20,2026-05-04,DISPOSITION,TPEX_bulletin_disposal
3289,TPEx,2026-04-17,2026-04-30,DISPOSITION,TPEX_bulletin_disposal
3581,TPEx,2026-04-17,2026-04-30,DISPOSITION,TPEX_bulletin_disposal
6274,TPEx,2026-04-17,2026-04-30,DISPOSITION,TPEX_bulletin_disposal
7556,TPEx,2026-04-17,2026-04-30,DISPOSITION,TPEX_bulletin_disposal
1785,TPEx,2026-04-16,2026-04-29,DISPOSITION,TPEX_bulletin_disposal
4577,TPEx,2026-04-16,2026-04-29,DISPOSITION,TPEX_bulletin_disposal
4908,TPEx,2026-04-16,2026-04-29,DISPOSITION,TPEX_bulletin_disposal
1591,TPEx,2026-04-15,2026-04-28,DISPOSITION,TPEX_bulletin_disposal
3234,TPEx,2026-04-15,2026-04-28,DISPOSITION,TPEX_bulletin_disposal
3508,TPEx,2026-04-15,2026-04-28,DISPOSITION,TPEX_bulletin_disposal
4991,TPEx,2026-04-15,2026-04-28,DISPOSITION,TPEX_bulletin_disposal
6147,TPEx,2026-04-15,2026-04-28,DISPOSITION,TPEX_bulletin_disposal
6903,TPEx,2026-04-15,2026-04-28,DISPOSITION,TPEX_bulletin_disposal
8444,TPEx,2026-04-15,2026-04-28,DISPOSITION,TPEX_bulletin_disposal
3455,TPEx,2026-04-14,2026-04-27,DISPOSITION,TPEX_bulletin_disposal
6217,TPEx,2026-04-14,2026-04-27,DISPOSITION,TPEX_bulletin_disposal
6218,TPEx,2026-04-14,2026-04-27,DISPOSITION,TPEX_bulletin_disposal
6683,TPEx,2026-04-13,2026-04-24,DISPOSITION,TPEX_bulletin_disposal
3163,TPEx,2026-04-10,2026-04-23,DISPOSITION,TPEX_bulletin_disposal
3508,TPEx,2026-04-10,2026-04-23,DISPOSITION,TPEX_bulletin_disposal
3664,TPEx,2026-04-09,2026-04-22,DISPOSITION,TPEX_bulletin_disposal
4741,TPEx,2026-04-09,2026-04-22,DISPOSITION,TPEX_bulletin_disposal
6727,TPEx,2026-04-08,2026-04-21,DISPOSITION,TPEX_bulletin_disposal
7734,TPEx,2026-04-08,2026-04-21,DISPOSITION,TPEX_bulletin_disposal
4741,TPEx,2026-04-02,2026-04-17,DISPOSITION,TPEX_bulletin_disposal
4154,TPEx,2026-04-01,2026-04-16,DISPOSITION,TPEX_bulletin_disposal
4971,TPEx,2026-04-01,2026-04-20,DISPOSITION,TPEX_bulletin_disposal
6907,TPEx,2026-04-01,2026-04-16,DISPOSITION,TPEX_bulletin_disposal
5386,TPEx,2026-03-31,2026-04-15,DISPOSITION,TPEX_bulletin_disposal
6821,TPEx,2026-03-31,2026-04-15,DISPOSITION,TPEX_bulletin_disposal
6187,TPEx,2026-03-30,2026-04-14,DISPOSITION,TPEX_bulletin_disposal
6584,TPEx,2026-03-30,2026-04-14,DISPOSITION,TPEX_bulletin_disposal
4979,TPEx,2026-03-27,2026-04-13,DISPOSITION,TPEX_bulletin_disposal
4991,TPEx,2026-03-27,2026-04-13,DISPOSITION,TPEX_bulletin_disposal
3587,TPEx,2026-03-26,2026-04-10,DISPOSITION,TPEX_bulletin_disposal
3363,TPEx,2026-03-25,2026-04-09,DISPOSITION,TPEX_bulletin_disposal
4905,TPEx,2026-03-25,2026-04-09,DISPOSITION,TPEX_bulletin_disposal
6547,TPEx,2026-03-25,2026-04-09,DISPOSITION,TPEX_bulletin_disposal
6584,TPEx,2026-03-25,2026-04-09,DISPOSITION,TPEX_bulletin_disposal
6465,TPEx,2026-03-24,2026-04-08,DISPOSITION,TPEX_bulletin_disposal
8155,TPEx,2026-03-24,2026-04-08,DISPOSITION,TPEX_bulletin_disposal
3693,TPEx,2026-03-23,2026-04-07,DISPOSITION,TPEX_bulletin_disposal
6907,TPEx,2026-03-23,2026-04-07,DISPOSITION,TPEX_bulletin_disposal
1799,TPEx,2026-03-20,2026-04-02,DISPOSITION,TPEX_bulletin_disposal
3066,TPEx,2026-03-20,2026-04-02,DISPOSITION,TPEX_bulletin_disposal
3093,TPEx,2026-03-20,2026-04-02,DISPOSITION,TPEX_bulletin_disposal
3555,TPEx,2026-03-20,2026-04-02,DISPOSITION,TPEX_bulletin_disposal
4973,TPEx,2026-03-20,2026-04-02,DISPOSITION,TPEX_bulletin_disposal
5289,TPEx,2026-03-20,2026-04-02,DISPOSITION,TPEX_bulletin_disposal
5386,TPEx,2026-03-20,2026-04-02,DISPOSITION,TPEX_bulletin_disposal
6167,TPEx,2026-03-20,2026-04-02,DISPOSITION,TPEX_bulletin_disposal
6217,TPEx,2026-03-20,2026-04-02,DISPOSITION,TPEX_bulletin_disposal
6574,TPEx,2026-03-20,2026-04-02,DISPOSITION,TPEX_bulletin_disposal
7751,TPEx,2026-03-20,2026-04-02,DISPOSITION,TPEX_bulletin_disposal
8240,TPEx,2026-03-20,2026-04-02,DISPOSITION,TPEX_bulletin_disposal
3260,TPEx,2026-03-19,2026-04-01,DISPOSITION,TPEX_bulletin_disposal
5351,TPEx,2026-03-19,2026-04-01,DISPOSITION,TPEX_bulletin_disposal
6103,TPEx,2026-03-19,2026-04-01,DISPOSITION,TPEX_bulletin_disposal
3163,TPEx,2026-03-18,2026-03-31,DISPOSITION,TPEX_bulletin_disposal
6727,TPEx,2026-03-18,2026-03-31,DISPOSITION,TPEX_bulletin_disposal
3093,TPEx,2026-03-17,2026-03-30,DISPOSITION,TPEX_bulletin_disposal
3555,TPEx,2026-03-17,2026-03-30,DISPOSITION,TPEX_bulletin_disposal
4973,TPEx,2026-03-17,2026-03-30,DISPOSITION,TPEX_bulletin_disposal
5289,TPEx,2026-03-17,2026-03-30,DISPOSITION,TPEX_bulletin_disposal
5340,TPEx,2026-03-17,2026-03-30,DISPOSITION,TPEX_bulletin_disposal
5386,TPEx,2026-03-17,2026-03-30,DISPOSITION,TPEX_bulletin_disposal
6683,TPEx,2026-03-16,2026-03-27,DISPOSITION,TPEX_bulletin_disposal
4416,TPEx,2026-03-13,2026-03-26,DISPOSITION,TPEX_bulletin_disposal
3081,TPEx,2026-03-12,2026-03-25,DISPOSITION,TPEX_bulletin_disposal
3491,TPEx,2026-03-12,2026-03-25,DISPOSITION,TPEX_bulletin_disposal
4971,TPEx,2026-03-12,2026-03-25,DISPOSITION,TPEX_bulletin_disposal
5386,TPEx,2026-03-12,2026-03-25,DISPOSITION,TPEX_bulletin_disposal
7717,TPEx,2026-03-12,2026-03-25,DISPOSITION,TPEX_bulletin_disposal
4416,TPEx,2026-03-10,2026-03-23,DISPOSITION,TPEX_bulletin_disposal
1815,TPEx,2026-03-06,2026-03-19,DISPOSITION,TPEX_bulletin_disposal
6187,TPEx,2026-03-06,2026-03-19,DISPOSITION,TPEX_bulletin_disposal
6877,TPEx,2026-03-06,2026-03-19,DISPOSITION,TPEX_bulletin_disposal
8358,TPEx,2026-03-06,2026-03-19,DISPOSITION,TPEX_bulletin_disposal
2230,TPEx,2026-03-05,2026-03-18,DISPOSITION,TPEX_bulletin_disposal
4768,TPEx,2026-03-05,2026-03-18,DISPOSITION,TPEX_bulletin_disposal
6785,TPEx,2026-03-05,2026-03-18,DISPOSITION,TPEX_bulletin_disposal
3491,TPEx,2026-03-04,2026-03-17,DISPOSITION,TPEX_bulletin_disposal
4991,TPEx,2026-03-04,2026-03-17,DISPOSITION,TPEX_bulletin_disposal
6716,TPEx,2026-03-04,2026-03-17,DISPOSITION,TPEX_bulletin_disposal
6907,TPEx,2026-03-04,2026-03-17,DISPOSITION,TPEX_bulletin_disposal
7744,TPEx,2026-03-04,2026-03-17,DISPOSITION,TPEX_bulletin_disposal
8289,TPEx,2026-03-04,2026-03-17,DISPOSITION,TPEX_bulletin_disposal
3105,TPEx,2026-03-03,2026-03-16,DISPOSITION,TPEX_bulletin_disposal
4534,TPEx,2026-03-03,2026-03-16,DISPOSITION,TPEX_bulletin_disposal
4577,TPEx,2026-03-03,2026-03-16,DISPOSITION,TPEX_bulletin_disposal
4979,TPEx,2026-03-03,2026-03-16,DISPOSITION,TPEX_bulletin_disposal
5291,TPEx,2026-03-03,2026-03-16,DISPOSITION,TPEX_bulletin_disposal
5386,TPEx,2026-03-03,2026-03-16,DISPOSITION,TPEX_bulletin_disposal
6187,TPEx,2026-03-03,2026-03-16,DISPOSITION,TPEX_bulletin_disposal
6217,TPEx,2026-03-03,2026-03-16,DISPOSITION,TPEX_bulletin_disposal
6588,TPEx,2026-03-03,2026-03-16,DISPOSITION,TPEX_bulletin_disposal
7717,TPEx,2026-03-03,2026-03-16,DISPOSITION,TPEX_bulletin_disposal
7751,TPEx,2026-03-03,2026-03-16,DISPOSITION,TPEX_bulletin_disposal
2230,TPEx,2026-03-02,2026-03-13,DISPOSITION,TPEX_bulletin_disposal
3163,TPEx,2026-03-02,2026-03-13,DISPOSITION,TPEX_bulletin_disposal
3363,TPEx,2026-03-02,2026-03-13,DISPOSITION,TPEX_bulletin_disposal
8291,TPEx,2026-03-02,2026-03-13,DISPOSITION,TPEX_bulletin_disposal
3234,TPEx,2026-02-26,2026-03-12,DISPOSITION,TPEX_bulletin_disposal
3529,TPEx,2026-02-26,2026-03-12,DISPOSITION,TPEX_bulletin_disposal
5475,TPEx,2026-02-26,2026-03-12,DISPOSITION,TPEX_bulletin_disposal
6716,TPEx,2026-02-26,2026-03-12,DISPOSITION,TPEX_bulletin_disposal
6907,TPEx,2026-02-26,2026-03-12,DISPOSITION,TPEX_bulletin_disposal
7744,TPEx,2026-02-26,2026-03-12,DISPOSITION,TPEX_bulletin_disposal
5386,TPEx,2026-02-25,2026-03-13,DISPOSITION,TPEX_bulletin_disposal
6588,TPEx,2026-02-25,2026-03-11,DISPOSITION,TPEX_bulletin_disposal
2230,TPEx,2026-02-24,2026-03-10,DISPOSITION,TPEX_bulletin_disposal
3163,TPEx,2026-02-24,2026-03-10,DISPOSITION,TPEX_bulletin_disposal
3230,TPEx,2026-02-23,2026-03-09,DISPOSITION,TPEX_bulletin_disposal
5340,TPEx,2026-02-23,2026-03-09,DISPOSITION,TPEX_bulletin_disposal
5386,TPEx,2026-02-11,2026-03-06,DISPOSITION,TPEX_bulletin_disposal
6584,TPEx,2026-02-11,2026-03-06,DISPOSITION,TPEX_bulletin_disposal
3508,TPEx,2026-02-10,2026-03-05,DISPOSITION,TPEX_bulletin_disposal
4991,TPEx,2026-02-10,2026-03-05,DISPOSITION,TPEX_bulletin_disposal
6683,TPEx,2026-02-09,2026-03-04,DISPOSITION,TPEX_bulletin_disposal
7728,TPEx,2026-02-06,2026-03-03,DISPOSITION,TPEX_bulletin_disposal
3491,TPEx,2026-02-05,2026-03-02,DISPOSITION,TPEX_bulletin_disposal
4971,TPEx,2026-02-05,2026-03-04,DISPOSITION,TPEX_bulletin_disposal
3081,TPEx,2026-02-04,2026-02-26,DISPOSITION,TPEX_bulletin_disposal
3555,TPEx,2026-02-04,2026-02-26,DISPOSITION,TPEX_bulletin_disposal
6588,TPEx,2026-02-04,2026-02-26,DISPOSITION,TPEX_bulletin_disposal
6683,TPEx,2026-02-04,2026-02-26,DISPOSITION,TPEX_bulletin_disposal
6739,TPEx,2026-02-03,2026-02-25,DISPOSITION,TPEX_bulletin_disposal
8096,TPEx,2026-02-03,2026-02-25,DISPOSITION,TPEX_bulletin_disposal
3163,TPEx,2026-02-02,2026-02-24,DISPOSITION,TPEX_bulletin_disposal
3081,TPEx,2026-01-30,2026-02-23,DISPOSITION,TPEX_bulletin_disposal
8358,TPEx,2026-01-30,2026-02-23,DISPOSITION,TPEX_bulletin_disposal
7717,TPEx,2026-01-29,2026-02-11,DISPOSITION,TPEX_bulletin_disposal
7777,TPEx,2026-01-29,2026-02-11,DISPOSITION,TPEX_bulletin_disposal
8933,TPEx,2026-01-26,2026-02-06,DISPOSITION,TPEX_bulletin_disposal
3491,TPEx,2026-01-23,2026-02-05,DISPOSITION,TPEX_bulletin_disposal
4561,TPEx,2026-01-23,2026-02-05,DISPOSITION,TPEX_bulletin_disposal
5475,TPEx,2026-01-23,2026-02-05,DISPOSITION,TPEX_bulletin_disposal
5340,TPEx,2026-01-22,2026-02-04,DISPOSITION,TPEX_bulletin_disposal
5328,TPEx,2026-01-21,2026-02-03,DISPOSITION,TPEX_bulletin_disposal
3691,TPEx,2026-01-20,2026-02-02,DISPOSITION,TPEX_bulletin_disposal
4991,TPEx,2026-01-20,2026-02-02,DISPOSITION,TPEX_bulletin_disposal
8038,TPEx,2026-01-20,2026-02-02,DISPOSITION,TPEX_bulletin_disposal
8080,TPEx,2026-01-16,2026-01-29,DISPOSITION,TPEX_bulletin_disposal
3693,TPEx,2026-01-15,2026-01-28,DISPOSITION,TPEX_bulletin_disposal
3163,TPEx,2026-01-12,2026-01-23,DISPOSITION,TPEX_bulletin_disposal
8358,TPEx,2026-01-09,2026-01-22,DISPOSITION,TPEX_bulletin_disposal
3260,TPEx,2026-01-07,2026-01-22,DISPOSITION,TPEX_bulletin_disposal
4304,TPEx,2026-01-07,2026-01-20,DISPOSITION,TPEX_bulletin_disposal
5351,TPEx,2026-01-07,2026-01-20,DISPOSITION,TPEX_bulletin_disposal
8299,TPEx,2026-01-07,2026-01-20,DISPOSITION,TPEX_bulletin_disposal
3264,TPEx,2026-01-06,2026-01-19,DISPOSITION,TPEX_bulletin_disposal
7728,TPEx,2026-01-06,2026-01-19,DISPOSITION,TPEX_bulletin_disposal
6265,TPEx,2026-01-05,2026-01-16,DISPOSITION,TPEX_bulletin_disposal
8068,TPEx,2026-01-05,2026-01-16,DISPOSITION,TPEX_bulletin_disposal
3260,TPEx,2026-01-02,2026-01-15,DISPOSITION,TPEX_bulletin_disposal
3444,TPEx,2026-01-02,2026-01-15,DISPOSITION,TPEX_bulletin_disposal
